"","Endothelial","OPC","Oligo","Tcells","astro_fibrous","astro_protoplasmic","microglia_homeostatic","microglia_mhc2","neuron_GABAergic","neuron_dopaminergic"
"A1BG",0.961665526849903,0.604721026397958,0.332434506176893,25.3746390724089,0.918678237428893,166.921085338873,170.262898019536,0.56081914571524,168.549428657533,162.075857879612
"A2M",0.0918673545432302,140.828676796964,167.870926378349,0.40175971453866,0.539108978999797,0.334329721398659,0.202506551501946,0.0907010054612268,172.600453241577,1.51490907679207
"AAK1",2.26825481057164,0.635620357445358,0.357326468664408,147.977715738511,1.26187619765554,0.653879972178417,0.520322508424138,0.548449793971371,0.503186965038769,0.086219777984653
"ABCA1",54.0895010504409,211.435925244328,204.005829324579,1.53887007449958,0.152036648751874,0.247284191037059,0.394213994552412,0.635254671275656,212.933525659778,0.715363345134492
"ABCA5",2.30218568481843,0.936083366363256,202.011482773637,205.740434694048,197.926258478019,4.17397065914723,1.07546956290016,6.85855633317517,7.2216525322204,0.129132499723468
"ABCA6",1.11619058696619,210.789995003799,0.369584984325567,12.1638434129233,7.29886439528438,208.169702704683,0.880481578492871,209.912490421075,1.09824811846536,230.105622046545
"ABCA8",1.06574093262214,224.874981349645,0.0970568556419431,211.271200069898,203.187003212868,1.50665284806674,210.344774387922,3.43562488921107,0.576280572366211,210.091733449103
"ABCB1",0.197849833575799,180.417117498457,216.137384616733,2.46899287318412,0.747360892064083,1.09045473735387,1.22470366959431,0.599662646062104,2.77953965479442,218.470345727081
"ABCC9",1.35456732354131,1.16192865945167,203.784202702867,8.91939519040164,0.328190227320802,0.467026850075255,0.869561580247229,206.176548531752,39.2594056856114,210.485185756603
"ABCD2",6.2613067989194,222.124727147783,219.44827393611,1.38293509398535,0.332501935681388,217.982085258789,209.582364486461,1.43235936678396,224.792822690096,0.307106820142067
"ABCG1",212.435433977628,1.01475433250579,1.52216369889007,210.082415896348,0.918839141623194,1.56224854043586,2.47329534020191,0.847272079654223,212.171111389664,0.248953042932994
"ABHD5",0.643916609825287,226.773219247068,0.415352058366108,222.305555517196,0.430737579115166,214.641038324982,1.26219205577006,5.7857798595536,225.787099687242,0.393682634072544
"ABI3",0.825380854101737,211.400066729583,0.783122817235859,0.836905943262007,213.455864010301,214.303659332886,0.874592946289002,0.240950859239163,220.211280238407,208.026672150258
"ABI3BP",1.30496397865678,2.42558318827489,211.864148619491,1.314681537772,0.348683075929433,0.323883317296256,2.63982570704642,1.63797795328473,210.182366245911,212.346619639501
"ABLIM1",5.09699809494489,1.52264052827648,0.784181340620385,0.369551426690845,0.193523185849991,0.79619951446215,1.39086472997461,0.986827086973608,0.76742052938405,0.283794768502406
"ABLIM3",211.481609686557,210.345432512443,0.68193792710481,1.55540088317329,0.915514048236639,0.957755774845175,40.9112288929821,0.657023740926625,1.01278273086227,0.237056572820288
"ABTB1",0.675431200786522,4.77538083168923,0.345588679630071,29.9750298123824,148.163217937294,154.062193610113,0.540414488158862,100.558229953628,1.12990683099792,0.619837254726356
"ABTB2",212.385007335049,1.65426991301012,0.134341783801959,1.25190270371721,203.696286594943,216.067979597331,219.376644033285,1.44867040724674,0.853945668867284,210.04056494248
"ABTB3",193.722092401572,195.81443418734,189.689690465282,195.542502044045,189.22663253243,195.191268285751,2.05946045874903,0.471996760294623,0.641434135044598,0.10563517027526
"ACAP1",4.61136653542818,226.656110320235,2.11888265072797,221.097811843192,0.404857439230538,0.961696418558982,219.889610356734,0.663101912203596,1.7458106551126,0.868473741145489
"ACBD6",1.01383481325581,15.3300109427171,0.446466142318606,8.66020265811478,2.37262852558581,1.09505879299092,1.90116128941853,0.582767536663151,0.915847555881326,0.464871559679317
"ACOX1",208.170925855014,1.23462460073008,2.09566992359011,202.884903036043,0.268698407362895,0.304265887961338,0.496115673782613,0.437758221949085,0.452131544829009,0.488227100315748
"ACP1",0.524222067351275,32.5223250033152,0.242438114905117,0.377118851875158,190.142084137154,0.884293744607737,0.399789229409681,0.870327886096331,0.441678432240057,0.121056115320866
"ACSBG1",0.674384729988509,1.97818346215074,0.900998555894974,0.754267347799926,0.111315120479618,0.219173548502835,0.408904415635692,0.468948539702588,1.9412364563761,156.281079903261
"ACSL1",0.543205765177924,189.960533614021,0.155422411064711,1.28014555667185,0.906060482215329,185.3912920787,0.577698404854092,0.220609365938496,3.71720527092852,0.481888508989275
"ACSL5",0.285318734502621,204.907513586959,1.35420873132614,1.72543651811928,201.056570202803,198.590520098613,1.04615279880484,0.445390850025215,204.837446707596,5.00877001124268
"ACSL6",175.033272703608,0.927046593488565,1.83645671892851,3.21346502740655,0.26713058971864,0.420772543909754,0.446526970590397,1.12607657176651,0.831696998972479,0.121098088024795
"ACTN1",0.287697426080748,206.163921540243,193.750305241213,1.31666699508585,0.229590407093709,0.90389520624521,1.59537851137966,205.55378693705,0.446149938658137,0.429607234459178
"ACTR3B",0.971397625269961,1.06507454839987,233.526624630114,0.63115936412359,222.624842400299,0.961041314163554,19.0200343455384,1.02944353722219,228.092096501406,0.179315732614361
"ACVR2A",1.66974133955879,211.145181674724,0.409955532455093,210.448597184807,199.370175169469,0.836354268875476,5.42671159415999,1.10217785544755,234.857025108405,0.554673875731424
"ADA2",166.533165390986,0.591514147293879,0.454921466060997,225.03752444086,1.72595009072092,0.650434983440325,0.778068387718063,0.657717819560344,222.574351696803,0.659980138102691
"ADAM10",0.970009536682005,0.821665560960651,0.152282733835179,0.53835682339061,0.484486682938828,208.850280259318,0.581719862253489,0.756762707997902,199.850315047465,0.395685559388222
"ADAM17",4.1714192360226,1.31074885653947,0.393897434674088,0.919374166178218,0.342351861738915,4.0132449985828,272.558783787371,1.09588608662699,999.99969153198,0.953386375655533
"ADAM28",0.741840033975685,154.423155816665,147.068043760042,0.542550428294764,8.15296981280955,149.666972418616,0.591704315759806,0.339558014248056,152.105761005961,149.500462806345
"ADAM9",0.754426729855382,0.4602487235412,0.516135613365558,0.913765716507114,102.791357473258,0.405443159407228,0.637546144872199,0.208530178553899,205.826179270132,0.439145699484347
"ADAMTS1",0.129645166357504,1.00816874256104,0.337215142772242,0.702214150390573,2.15736527958446,1.51925504987677,0.916861378477327,21.5366239564397,1.28694634118498,208.381047043971
"ADAMTS9",0.204426088538431,6.62036525645982,196.01621809377,205.453056635637,1.29235394296832,87.2519196648401,206.177826629746,2.11242118383056,207.077150604553,1.11189086962364
"ADCY2",127.636676592143,135.601913490077,1.59827908616817,0.689085400004128,0.159535492358248,0.263733692258553,0.430987087487643,3.12251864989719,1.71735441176206,0.161905238569881
"ADCY7",1.08466596431149,0.884048463246304,210.109266853721,0.610255274554376,99.2919642409472,0.715751494964871,0.414860379871288,0.335688320545873,3.63325804733485,0.649722110881992
"ADD3",0.825086643974175,191.958384104572,0.218953439767332,0.433620042390706,0.150630306592955,0.19819465258213,0.220045859134992,0.173186562350489,4.2581994425408,2.93187715148954
"ADGRB2",2.20410530669457,1.22657233701528,1.03590933354418,2.18970593440928,0.569241072781311,3.05579724945513,2.89577804052908,0.650315900378066,0.942110837942956,0.186843886243664
"ADGRB3",2.22256614316528,0.681411192677791,1.06907854594118,207.005875960238,0.303102618788357,0.706471815752642,1.50759864110212,213.537996471742,0.975258637179177,0.183467190631238
"ADGRG1",1.31906723270881,0.378311707681901,6.43380717749752,0.391645829690875,0.126888338683669,0.267068267904984,0.213593981626791,0.200757035596268,1.08488465889706,3.23872576779325
"ADM",0.440392875453534,87.8950090484703,182.725525279136,2.35173224574892,0.183735220406034,0.477458525137841,0.640984689287209,0.879752918837841,0.646130888994034,0.559735046615761
"ADORA3",205.019095832286,209.526514540486,202.063440533198,204.586679291595,202.45355950998,0.622575677989329,0.308148774497263,0.126836469774407,209.660649379183,202.916021105974
"AEBP1",1.74758858865795,6.03880679691076,198.324577369393,206.896117386872,0.0935066097336564,0.17911683772193,0.543381330010172,3.69968532025436,202.843867864104,200.649395587015
"AFF2",211.447290129285,205.036715849086,0.55256743758915,194.041717024088,190.775654755146,205.828326196656,206.77839067165,1.48582370637462,0.358193841100464,0.191395021418917
"AFF3",1.86166208588347,205.807380903753,0.764519328133708,0.592245296239138,2.75404503913254,162.584171897105,1.45437032449603,0.802575799349459,0.569141373988345,0.165343674387197
"AGAP1",250.481704010043,2.28431259603006,0.159471889195384,1.56293804826154,193.894805736213,0.328367156172525,0.340897353907494,0.299791259114376,0.817741201103252,0.188566434121966
"AGAP3",0.710591848023256,0.548835010020054,0.197612444789911,3.7046724602234,1.26443205600813,182.160972727618,0.757235034508578,1.6056501961619,0.989452896660818,0.138633073696494
"AGFG1",0.852502456116179,199.488110613162,0.17278013218657,1.82690309584519,1.79432994830303,0.817511366806521,0.634196873829452,1.60444526163313,0.684701917804267,0.22744321674685
"AGFG2",187.607919339036,190.281967212523,2.84421999194521,0.641458155772458,0.677500479603689,186.180794599462,7.63936738157194,0.796861075283199,5.28967283395492,0.364273561730813
"AGO3",1.42044237579516,0.724444383056326,0.252848310149861,0.937705249374422,204.208575474452,0.759444943758015,0.323235394802561,0.437914996848945,214.763056133787,0.353219333084001
"AGPAT4",201.044091957473,1.1932155451934,0.122761524189658,0.567270747357909,3.57666800911309,1.6908032617713,199.696271574526,199.459709084757,4.13587918120297,0.447524580956441
"AHR",190.666739884149,1.43740423756026,0.504037643121251,0.673811158389533,0.351612234374685,0.619531754981003,0.898798677468536,217.856851448191,1.11508171693747,219.590615119849
"AIDA",1.00514409901543,201.752999788988,0.587362367691926,0.52398931376333,0.234669237316151,1.09165341109395,0.706012941654273,0.346298400089426,2.18007791207719,0.263248492433203
"AK5",175.148239225617,179.341789668677,0.240485632645127,2.03739746451999,167.965247677075,8.93017933996772,0.60772944360073,0.565740622688921,0.872661148972856,0.0996627027258615
"AKAP12",0.505105761012923,1.92913256739674,0.349669603818227,163.255534604634,167.563191978089,1.07019907201014,0.707896597246907,0.635525453310872,0.479813327094943,0.0621789354334923
"AKAP19",147.290109815921,999.999838187236,0.267822010572232,0.73713950548864,0.635606110843331,0.73522017525263,0.460996561902512,218.804685164319,0.543866277399744,213.875449417649
"AKR1B1",0.75794614213296,155.931276415539,0.400493148509172,0.468142914046139,0.390302353324443,155.756344077022,0.476492317303671,0.357682500765705,2.12450086707332,0.073166382351928
"AKR1C2",0.316856868951627,0.802789111537887,202.563612091094,1.15671682007671,192.06866394753,1.45491912788605,5.62333734679759,108.033393232187,1.06844736156221,0.243308413043998
"AKR1C3",1.61375071687439,0.402855470439128,215.551510903993,0.621602342129148,0.177288163127479,7.64561828207345,0.431195459048581,207.713970099003,4.32118072721457,218.428238318705
"AKT3",3.7374149086216,0.668868247370682,0.463416658363478,1.0930251713534,0.243298041761804,0.657013819808981,1.55410684469491,30.6550872973195,1.25771274445611,0.173480763282429
"AKTIP",2.74090867196542,0.507407022572524,0.288085002452356,0.529049152012687,3.09581372067014,1.79017423072752,0.352430252255892,0.897706994782337,2.44428932222116,0.110282040059456
"AL365361.1",208.142815898572,212.431308751759,1.92506330611113,2.16898057067673,203.405285032156,0.781733392354366,1.24423679583825,206.500318382827,0.64029995288338,0.123247466313409
"AL627171.2",0.297446149028989,0.193546385481157,0.040726466925248,0.150154488613387,0.070337173657874,0.110639308066888,0.219603559063536,0.191660385213272,0.322015031180299,146.603559327931
"ALCAM",999.999886792337,0.944939424683619,0.106406309145033,2.05551646788423,0.712651145942232,0.4140493209326,0.346325858990558,0.402593220054246,0.393926257090458,0.126271850111165
"ALDH2",0.397068920031535,16.9000768825723,0.638242230670519,0.439989964726161,0.0853251792959568,0.211609039707264,0.363020626547852,0.617109719075396,6.23390341190324,0.11848020931193
"ALG13",1.33543398454889,0.605532771568173,0.33320597426965,2.95174240127173,2.6708706721579,224.422524330786,0.417694270739641,0.449173373219524,227.584620381551,221.300138152435
"ALOX5",10.6499823220379,3.99920009756787,201.89685170755,208.04727478001,0.469535876386794,0.936325452715895,0.728426008459169,0.329785302069188,214.155187366609,216.168252189259
"ALOX5AP",203.790055456307,3.61123777126274,0.424885697948644,203.561958738788,3.41061162313008,0.697892136903695,0.261871502491197,0.138366114635324,0.869217396146929,21.4444712345888
"AMFR",1.77954080109476,192.362414095792,0.220328260280433,3.09060398303762,0.281233259540185,1.66677316294944,0.81267127242171,2.62042704053098,0.494900167475275,0.19203369072045
"AMMECR1L",0.546204262226271,0.780629565677116,0.398083239277486,155.620700516127,3.82441876853992,152.297847703688,149.992016801848,149.201215571406,0.688019692880847,0.849651259298172
"ANGPT1",0.663892581023351,0.436544906430733,2.62888144567733,207.324150904813,1.09102988386721,3.06876929584061,0.562317701880602,0.682840278321942,214.810501842096,20.2503801944309
"ANGPTL4",223.858730162776,196.475924585403,6.16497687642224,0.575598471304626,0.785709462176331,0.515236653598721,2.51913965433135,999.975004026572,6.76193623914263,192.651172779547
"ANK3",23.9403594965908,10.0552009564581,0.184707616886867,0.477372848646101,0.377399959182188,0.444093308339319,0.326401232715741,0.35432043020785,1.09829936704749,0.142010071635242
"ANKH",2.37909778962528,185.304706327299,0.157434132456481,0.843962961660988,0.420313792170687,178.211203794139,0.445730341291266,180.196489352771,1.94591826262396,0.102244537199627
"ANKRD13A",0.896143576710224,223.628219098926,0.248276682518208,2.38847885894155,218.435738887673,0.963900032723114,17.4210729140647,1.22941871625302,3.30874643369669,1.25962220589237
"ANKRD28",0.566648797567905,228.385792372814,0.323867655186193,207.567793772955,4.98279728307184,216.640247713399,0.500565044895792,1.60646926574881,0.572736014468279,0.670557432603639
"ANKRD36C",0.900951258208058,0.542974066741822,0.90455977434481,0.951352982570035,1.29114569310408,1.08508000588989,1.0822530249795,1.7836472319959,0.775361713655547,0.370640695975059
"ANKRD50",206.839402919936,209.192622669003,210.889073612653,1.90884716584816,0.770349895814889,205.080117815733,0.612907677622569,18.3172908163545,217.449284024086,0.15231147879241
"ANKRD6",153.16042609712,0.617066563239921,0.488952372791892,2.32505785248147,146.883923359099,2.11150596448234,1.01973396822921,1.24017663466625,156.15681367312,0.285803062522217
"ANKRD9",1.03673979902822,0.722497506276789,219.575862074532,214.765699737238,0.382145045953713,0.399858024809701,0.839043097814555,0.77751824410343,199.665062272951,0.303428593179862
"ANO10",0.980886248859774,9.29654200953574,0.402221620121615,1.16333816971972,5.18623624637143,150.018819388638,0.519576289298169,0.992629699058837,1.78102229058518,0.223795015433835
"ANO5",220.318267602439,1.75968465437468,0.465670693029914,219.748443756351,0.851362163788,2.09611263979154,224.357752527,217.413954701254,242.107440648709,0.200727721909248
"ANXA1",0.340233354333991,2.42340576012702,192.962572320874,0.876741019559555,0.557956462526702,203.354841510059,0.932229213150166,0.540417621691054,207.689843166062,0.387433751823506
"ANXA2",0.318205706521809,0.833649349214914,2.24189447362342,9.76252884647371,0.530158259122803,3.41958161383647,0.388300853433441,0.320426342715411,19.0447994802111,0.169379254211919
"ANXA3",0.220803653352083,217.209914455126,0.941943905963126,214.73228861609,7.60333907955976,0.784508165495072,212.1744898139,11.6014118680786,1.14482203847766,0.37895397491636
"AP1AR",1.44547347588299,0.608247115607942,0.451403849931837,1.6020096216872,1.46047359051025,207.21424738274,2.52040324883974,0.929437195837941,0.455376107091789,0.181734807040962
"AP1G1",210.478864775385,0.65545073189997,0.492657848251587,1.05605863403156,0.35013342655404,0.399682369603893,1.12661813513052,7.8250210298904,0.87707282885399,0.213301819177364
"AP1S2",0.497636740366877,1.13753307907703,0.34638662224297,0.556012816880313,0.276929560925055,0.775998428993894,0.944712020269277,0.495391683394922,0.213522477589939,0.327392210213449
"AP3M2",1.1247321410875,1.57910344156875,2.31203002892965,2.04811571870441,0.460136600481103,0.654233287000631,1.54540418376801,3.29509462698061,192.367567489108,0.115577844195185
"APBA2",0.752685078654174,3.54952204738986,0.175271321176501,1.4938438989061,1.44859023015403,0.616292443981765,0.590466118713143,1.98491937434818,2.84797801551107,0.188684102812296
"APBB1",3.35657824985321,173.508402176914,0.118271542549296,0.500399630836857,0.401084178718065,0.844819239619596,0.397553035301383,0.607605552420623,168.469747903719,0.0734654935820625
"APBB1IP",213.676702958892,354.476684381512,5.07883173858868,0.944355835462252,193.324698220111,1.17164367640758,0.316926819274055,0.133362558036443,210.415731079192,0.715751250710985
"APMAP",180.381311803804,0.806307202392569,2.6117570379054,0.543777070712549,0.578954492509262,0.552353766989238,0.379484304053714,0.303918195342544,0.268890048126893,0.109239195077578
"APOD",0.153075442814544,0.229463605477894,0.0540804128897548,0.257270406158981,0.934962699967402,0.338439921126214,0.467862168798519,0.442688624418625,0.434814803801897,0.71578021362271
"APOL1",0.328996339918036,211.91931672405,208.1804274653,0.870502389072992,1.0153810509847,0.656823082145865,1.57310115829975,0.984445208584163,197.409013571885,208.439350941708
"APP",0.338928382980209,0.363362832493091,0.0631591253748511,0.276772511871307,0.468288833775223,147.422997538259,0.298834317378037,0.734825450255378,0.358958845295845,0.0570807336651076
"APPBP2",1.13642722342422,0.894700819899735,0.180049654353578,0.559970946222841,0.379756406042183,1.43537991615208,0.644834135491309,1.38314062151447,128.143036209166,0.216787675888037
"ARHGAP12",2.12910533747409,212.308555148616,0.221745379539739,0.523980196373514,0.301930740070349,6.49052326510368,0.800721420092208,2.41671248881566,8.20453089162874,0.213931432907894
"ARHGAP20",215.973356694703,233.092919603464,0.605414112288411,213.714999891065,213.711281699878,0.729250851053361,1.04798355405646,0.422358817080245,0.699430453995159,0.561826814845098
"ARHGAP22",155.458271546261,1.91440846803804,0.299153580755502,159.885239180889,149.173645361472,152.221268972096,1.22053748279568,0.56624865186115,156.578216775294,4.93059746876641
"ARHGAP24",218.172388708588,221.482024878063,216.074304271449,0.594666359067011,1.27195847737072,217.522502952999,0.730346661531064,2.87268378735429,5.48505187099507,0.139642803232913
"ARHGAP29",0.236836233385212,213.083679771834,1.53771677512483,0.738891552331812,0.732445660586431,0.657357192486213,0.974146124075815,253.458898549744,999.986709796465,225.888924200948
"ARHGAP5",0.486720376829224,1.99341396400031,0.210526090042869,0.906306041479595,0.252029352547485,0.255934202916323,0.349468336630005,0.254773360673219,3.00212648360364,0.11433982004976
"ARHGDIB",0.337218724556906,2.1208463016445,0.841358228405222,0.342420798037118,1.53728478289584,0.604652220763422,0.272170928818788,0.157127716610822,202.857714358921,200.931380687718
"ARHGEF11",0.662381606302379,215.968003622649,1.34084646089736,0.536511942796335,1.08533480309789,0.696007990682803,215.34572770392,206.565434991096,0.943475175890705,0.202920384438341
"ARHGEF12",4.73548246059494,184.462359612084,1.74781819505425,0.570395771589152,0.156643665700491,0.392908663226921,0.533695130676456,180.252685631003,0.992183745231537,0.139701708978024
"ARHGEF3",217.062161975468,3.61777579842802,0.7888778600057,0.57431840966732,0.396398396825993,212.024804531184,5.20650909420889,12.2511882081776,1.70876665056234,0.372571387783324
"ARHGEF40",203.52483734356,206.686298140062,0.524391755141136,1.95581222986922,0.322630172561852,1.72044911870009,0.692248625351461,0.888560896735447,204.766411062564,1.88694882910222
"ARID5B",199.817916887953,191.220541555297,0.206330418079821,0.56361909443934,2.14294405299652,1.09488382489261,1.79955755215741,0.679682412443174,14.3280017163104,0.505141438184529
"ARL4C",2.04835509917612,1.05683576251534,0.459556227446898,0.454383713738348,1.25436478900916,2.34457655169313,1.13177189555958,8.00253321173564,0.28450708646764,0.167112956153147
"ARL5B",0.826829715851009,5.43890053024619,0.575449756172027,218.855774482226,0.474103319472993,1.84718145357718,1.06190709066715,230.311994518459,0.650982141426398,0.396033896216424
"ARL8B",1.2250635217035,170.944248950596,0.499997963366223,0.491386334256114,0.42337862695598,0.471878642530212,0.264305052374343,0.29281727223366,0.554784955249448,0.0951485574908439
"ARMC8",3.01255581846205,2.40505070773713,0.212897928099139,1.08022788902384,191.026863294249,201.729221208502,0.758100327936137,3.04229864238019,0.535742401758035,0.144730690614678
"ARPC1B",0.248727700924599,201.927404825239,0.446875659143667,0.519650183508634,45.1590828655596,202.460736366006,0.294739621736526,0.185147194466073,207.160123708638,0.370789479991142
"ARPP21",1.13839760559482,1.2975519308833,0.919150709002396,102.197500341513,211.757205494542,0.593197428849234,0.49299447003065,1.51956085499152,0.679841476086175,0.466864161949169
"ARRB2",1.68551248271845,2.25892202042023,1.33641938369602,1.85174309003674,0.518974301112148,0.933108413723811,9.17346908173138,0.364923016035385,1.044849215083,0.24530025627411
"ARRDC2",7.556320423283,185.032244938629,0.182518742148537,1.48658930075437,0.434646618548741,2.02886830773368,183.005768237566,179.012861556808,183.163938896019,176.805996285007
"ARRDC4",214.534506333376,0.571872456072334,0.442885488671975,0.762727691125109,0.89541634934695,0.636818829104297,217.671323411499,207.841728107335,12.6519085775783,1.30687383729916
"ARVCF",0.851056311015017,0.905539746520878,148.419287005448,153.893951101683,0.78264356622686,1.01604961794994,150.644112026069,8.19817014891718,153.079735430623,0.260648536659535
"ASAP2",0.433845219360926,0.95181055697297,0.615720365200692,1.37025623883526,16.6053117958591,1.02294945422055,0.837067351758373,0.416604905869185,204.239095574498,0.1724546019422
"ASH1L",1.61117934497988,2.05748118665309,0.320195828569878,1.3796370219177,0.276789340188049,0.400701669848474,0.535726300919769,0.430574497635118,0.712109714912029,0.232321071777962
"ASIC2",216.852083131155,1.31090130405566,0.616332586468251,211.240157029355,212.874236417104,1.08339408920931,0.946241746759064,1.1366751713557,0.392897235914919,0.525335813168987
"ASPH",168.192386783258,180.164169896831,1.65040632776001,0.831355305145019,0.138634746828033,0.254262483921456,0.470702151626346,0.301211551116958,0.509320717415615,0.166231861171301
"ATF7IP",225.238332886932,218.238790162691,0.319404313517405,0.82610356971749,0.676001644142681,1.13502443441971,4.07754815930241,0.585956073281912,16.4201763502513,0.347427900140939
"ATG16L1",170.744048939237,192.420460840642,0.858086855977023,189.766811780654,179.739660855214,188.849039161157,0.532029466865896,0.347000378354996,1.14647161159499,0.272811154697739
"ATG5",219.883108840473,220.2161702852,0.372451097079584,217.143993446638,1.47357177450164,219.433342409615,1.09378596813393,217.748707507315,0.713104341302399,0.248463106294125
"ATMIN",1.01193154496102,1.3092591795242,0.288075292233144,0.842049946936781,0.581327429716466,2.13239405979441,0.869722587564787,1.58782992346363,0.584419743431239,0.132717667415094
"ATP11B",1.03814369953844,191.828407020012,0.602869734513248,1.78900778052424,7.8626861258631,2.70193522937155,206.710335979979,0.600928290732408,206.956831426605,0.467886473455782
"ATP13A3",13.5360904802703,1.24708367129137,1.34460472181305,0.466909850970047,0.704777624698385,5.06776242920329,0.860143232930594,0.318939936254734,209.620155049996,0.350778409290049
"ATP1A3",152.741178358405,0.781142501985977,7.77693478436403,0.510521347305373,2.20006643765358,24.7276110191539,0.402971906947567,0.939372703006877,0.274474182911059,0.0443860739573878
"ATP1B3",0.344830129129611,187.142057252212,0.247851740831581,0.851128955012353,178.343599042909,0.670771293997677,0.636607281491877,0.251574705932081,2.57511915201146,0.104371607774707
"ATP2A2",0.353030880757235,124.385283442462,0.566020418819428,0.689764090562075,0.241423175044073,0.507880004701058,0.627676394487493,0.309786212184346,0.306595216322955,0.0758100247150023
"ATP2A3",195.46913021308,195.257399504787,189.911247100858,195.859281233611,193.846858478629,194.121040638043,1.00016773994956,193.214002163037,196.058736000118,0.0904829949423135
"ATP2B2",185.507444726879,183.93156330574,176.087554378329,167.483446440523,0.362357704880022,0.887989981898168,0.629663312064247,0.722935051683423,0.335919225961551,0.0961448960333022
"ATP2B3",1.39422545632539,194.367823172209,3.82575011028685,2.46664419965897,2.51481234912688,3.50031203999219,198.082087146171,194.157904466418,0.998979774088794,0.150197701989438
"ATP2B4",0.428863469865152,0.601143557092701,1.99345798959766,0.673913128090248,0.248315619966329,0.428122966509465,0.681285895990901,3.90164945166478,0.367411261426862,0.303611355150381
"ATP6V0E2",156.98767344177,1.75187311289637,0.247829413514488,159.037495629915,1.29892623710994,156.968242406978,0.253075445360036,0.53425698614172,0.410005703461634,0.0594654481469514
"ATP6V1B2",0.582339020992766,7.22767011294033,0.559155697470788,0.532378438266812,133.165522762294,140.819534046649,0.317887801792298,7.68512148944439,138.717930770033,0.0350636423233853
"ATP8A2",185.793793199341,180.599353639935,0.431450758065527,1.2084124626582,172.888337311915,179.796429898178,0.906142017493858,0.617453050335496,0.530458554506049,0.076903179101663
"ATP8B2",0.90814409169773,0.785294252107733,206.059549707987,220.258796130072,2.03655505504235,230.375683006001,205.129441011718,0.785753457131849,0.794807034909518,0.389717081367603
"ATP9A",158.598869721356,0.686943954671552,0.225521516310157,0.585148755134513,0.251438471350359,0.404292818104491,0.233073818525832,61.5866117562098,0.296092611879218,0.096890474391941
"ATRNL1",166.378795844728,0.690953740324577,2.4932418869032,165.991867101046,0.629132942392516,165.912911689237,0.911131492359661,163.186924049912,0.503026598736261,0.220495176567937
"ATXN7",0.885148067123493,214.300135034235,9.6958493920284,1.13982259016938,2.07610634375503,1.35190628412863,0.588543826078235,0.606914919704472,0.653161809883222,0.67850355601122
"AUTS2",0.857482659009796,1.06212981418506,208.552440388103,217.004410094031,0.22472825705931,0.280810460107085,0.315276748739042,78.6746103629701,0.74729182801915,2.89264353674557
"AZI2",0.372062226361652,1.44076048955114,0.42752766603884,0.609840118327025,180.188476278073,195.755898742731,0.385992965732841,0.621020493442773,0.956191981147804,0.13204847755244
"AZIN1",2.05204874127383,0.630997465724452,0.19874443976553,1.28106778168232,0.415194989157129,189.314726466553,0.629981510749212,0.543878115220503,1.0312616050551,0.104018730195885
"AZIN2",8.9733893818958,150.317805048143,0.529977214806609,2.48547712767466,1.37480259150236,150.40270534147,0.726740310557794,19.3112113399712,152.770068586917,0.216860597806844
"B2M",0.0809774694392828,0.2766203105232,0.100399034285631,0.182415103962966,0.112612824635744,0.216704679472453,0.105260225281684,0.0535423524047661,2.67690314591615,144.904043659853
"B3GALT1",160.161241958329,166.488159904954,154.833934785241,1.20445788088868,11.7418200195987,1.17670606271556,160.530329234964,1.25162645488199,195.724581051649,0.173755103589224
"B3GAT1",186.222512991884,0.780558506529363,0.0817570021937858,0.429477988294266,0.760873862792505,0.997713376986468,0.581033560234993,0.708612461361599,3.05604856216235,178.388937472864
"B4GALNT1",150.568233867584,158.128044361214,0.929332988590776,208.719237717226,146.05148251975,1.20394256418369,1.32387121433026,152.490991959306,6.49147688290205,0.103677899145974
"BACH1",0.46285020959945,228.163377118776,0.465870460803074,0.755137921544387,0.801725769354066,1.44070232717094,0.780845819037918,0.399288977131384,214.882390338716,1.43852246301129
"BAG3",192.748374006465,0.807225221947363,5.84741021504897,188.088628115273,0.11578740822035,0.271514588655892,0.901806809106949,1.51799566064111,1.75965264873848,0.29343274176042
"BAMBI",1.25896930363909,0.809520980683766,0.238799820837294,1.01487188063808,213.23012867818,229.421282777308,1.61910604721503,0.8242655516789,244.698584504326,10.786435993859
"BASP1",140.593368028733,134.814818968452,2.70929239317572,0.436200543699933,0.653146985237736,0.787574260032532,0.299855757453886,0.315661636435984,0.202303285390599,0.0358279092866057
"BCAR1",1.0843381664144,120.60990060889,0.531715363944392,190.094484728375,0.399036264840509,0.793692718491283,1.16255370917027,0.541888386348929,1.24118212983262,0.282031815441828
"BCAS1",0.392034296831242,0.363705717489806,0.0994998844154699,0.361089366011718,0.155288274205697,0.548865049018731,0.45669840238686,0.486037490337919,0.941062222776522,176.377705065591
"BCAS2",0.367261052191808,1.01650296511786,0.400048986204478,0.569485885120301,2.58784400161204,175.4071259191,186.454388103511,2.2253109515311,0.559500690282786,0.0932092372934564
"BCAS4",1.17927853462106,1.4411768477729,144.985999270382,167.618740463248,12.9846085653024,3.83526945361282,1.16635735156233,185.50787200364,0.381060091104061,0.213070688483915
"BCAT1",170.344565791129,0.492716852259402,0.696016538106484,0.495823406194137,167.324451767401,0.585153720942421,0.756561066413607,0.25671024835511,10.5410425242889,0.055881420248545
"BCL10",1.06050776725315,204.726901544232,0.841290385263742,0.518680823392833,0.993418927682632,0.754905625634366,0.698979535357519,0.78903998798011,0.724560779051737,219.745881839347
"BCL2",207.324933437874,202.14615832775,1.79846215947235,56.9185933891079,0.185458912468368,0.772627284544641,1.15702622670817,1.90659611341783,208.640797778448,1.17167287241997
"BCL3",206.943755026839,218.151594521211,0.967268582230197,217.054006024672,0.965852347675196,214.8621962371,0.619764864013648,0.349948439618341,218.405103347323,170.607301837562
"BCL6",0.868293544035576,204.144902519497,0.454782781288287,0.467685608021909,0.184524276875585,0.435859415033921,1.01191091540557,0.914410456735418,1.19635977918695,199.507649365662
"BCL7A",0.59877896268215,0.73468944772281,1.50521538165497,218.253549795698,0.850737115401397,1.26754500794167,0.56798410708278,215.234240830076,0.514969352769538,1.20770780130902
"BEX1",0.639166238875402,0.334137640834177,0.288033745289661,2.19982582100496,3.69673229055193,1.65753405359339,0.339325325798325,1.15697370888095,0.194587015763306,0.0424307086293839
"BEX2",213.332133633847,0.415389586950534,0.188206437864529,1.34497741115028,0.786402444218756,0.523523773970167,52.718045456612,16.6963434457783,0.272077038450372,0.0808583486520021
"BEX3",0.337372397347992,0.792600505969786,0.142361863355533,0.517951886176136,0.237619861133455,0.331292058487326,0.293936948867133,0.451333559817355,0.186749182815262,0.0528301603013313
"BEX5",1.39164449813998,1.51929868820495,0.541860305939226,0.821618531362021,171.747640197705,0.948374386003014,1.62410713546072,0.687371101013179,0.270145746080895,0.0565613354540928
"BGN",0.186717223342473,0.720459431307914,1.36937422599901,1.31281437086255,2.30497898445718,218.720409971642,0.685366146893524,1.20848562851556,208.573604319971,1.55028938992348
"BHLHE40",0.511826215392925,187.668015572392,2.63142029609177,0.497893487600795,0.167400077733882,0.326822150059918,4.38700684681388,1.52735908800705,0.540914618717746,1.55943919699033
"BIN1",2.69596867075411,159.818297756018,0.106620260687248,0.600837920073435,0.559880230202673,0.757696863799643,0.157093524980123,0.125117133220012,154.226163450303,0.134952054969232
"BMAL1",1.30557788102418,5.04203931561169,203.597342765545,1.23943767782967,0.458792629667334,0.430117938309066,195.400511158866,192.525356617506,214.09431665098,0.561700654878646
"BMP2K",192.151134691095,196.680030244604,0.458939303730665,2.06548903931202,0.256010432935413,0.764874868471096,0.672203358352939,0.3626441303113,201.279976626824,0.807321634907821
"BMPR1A",2.90247600817359,2.06641730767416,1.01269236699551,0.523770833815895,0.398827754296057,1.31642243689709,3.65164690656737,2.63592421331978,0.656154915342499,0.379627187939747
"BNIP3",0.93439609548196,169.11785621434,0.170451582624231,0.456409861408876,0.469249198914916,1.44565871291664,0.332949768673764,0.327406172284173,0.462203750335362,0.0717982567720308
"BOK",195.093518337053,196.165929146049,0.0721084973556229,0.402360934218996,182.787691600732,183.363950070607,0.485579909957262,1.02801604553411,1.93501257505547,188.022967303517
"BORCS5",205.722729296574,209.90583414045,0.317498398313422,205.792807533107,202.43719336545,2.82949983857462,0.529101737190519,204.461892079489,0.758706492330637,0.193180171324365
"BORCS7",0.456534454314017,219.389324456563,1.13270412579147,0.660311900813779,0.284552017603654,0.514277929527812,1.25672525906069,2.16634645090657,210.417645463735,0.209753981452361
"BRD10",3.82581267951514,199.928566244506,0.238974191733137,198.454724226701,0.519559434200829,0.528271309932571,0.835047778095197,0.502262648190094,181.404298112409,0.188818514208967
"BRD9",2.07647499969033,0.780384087867169,0.599053775669028,216.443535801258,1.43466975637225,0.558775544791506,216.89572657109,0.896078805272847,3.24736160612621,0.384563107120662
"BSG",0.302907166935413,1.09750343129129,0.393669888141709,1.4776684883635,0.173189230164813,0.208666145854196,1.63838364583042,0.291594216201653,0.616072128247086,0.112025789666961
"BSN",204.581040735081,0.975550607443052,3.15780779142087,191.745599576725,190.904446142821,1.31810858672536,1.06770750385724,1.53939803440535,0.377820045742761,0.103205266671309
"BST2",0.531131164100037,156.118231612615,148.62052466013,0.869447106176263,0.622954445227442,0.438400644290101,0.396199354672809,0.136583161735128,153.694692931765,144.892790416451
"BTBD9",2.45782274186604,56.2390334673918,0.570650559235851,195.281817914664,3.028845930812,1.0562038303086,93.5605985009228,193.205867506075,194.772714489605,0.204049496152578
"BTG1",0.234033781923276,0.742921918313494,0.262392943379917,4.60162494398681,0.693784501530351,0.619421918887111,1.92791710982483,1.04007617894691,1.1272109120557,3.29442648761794
"BTG2",0.368280256424158,0.830467722401597,0.831362572877966,0.861972576068041,0.482821861776871,0.518862517696257,220.639988710019,0.529475835993143,0.696937090847937,215.241020393201
"BTG3",1.24210754071376,221.556424955475,0.389265751731379,1.00131317022865,0.439578774301283,1.11980399323953,206.623340926701,0.703543894623864,1.48718074716005,219.707191643805
"C11orf96",0.153540988764142,1.26584902467434,189.547553381116,0.801140054759629,0.263678133797818,0.740645608553381,0.52063113588243,0.526236239336025,309.787761134559,0.29441394086407
"C12orf75",0.603549145822133,213.330106984181,0.902285767525053,1.54260988752264,1.72023925220784,0.766896667390645,2.11028313168493,0.569409369137654,1.67837317850762,0.314990808118793
"C1QTNF1",0.445885718815487,214.038452322042,206.888483413401,213.160897873623,0.599574290297242,1.87715950809174,214.283705546455,1.10256049798624,2.59466499358985,0.689798877462872
"C1QTNF4",0.462477357823653,205.128715676831,198.422828898358,0.600320063667046,0.218899073105968,0.405832693716223,1.12810848512002,1.02573920882871,203.746524076024,0.719876134259086
"C1orf162",210.836145714975,207.655650147115,207.502409918636,211.308918262915,204.113291737142,0.622884983540174,0.274247264801764,0.127783561089801,209.557468674536,212.733473672721
"C1orf198",3.42268928136857,188.892026866206,0.115865267015763,1.02157822776196,0.319913542157922,0.483201511977354,0.586688990265778,0.646580996829276,187.128089803747,181.141653077638
"C1orf21",0.709625237826778,0.63154786616353,1.46493727997987,0.826481541212389,0.429856655554747,0.722594503068909,0.946128791075346,0.787902459717472,313.141178018766,0.382836202847843
"C1orf52",2.44552737861894,1.71759699191552,0.285892955221481,1.58120487312619,1.99671137461197,0.96048567634057,0.721191505248406,200.640501385843,0.665252371397072,0.172822514689228
"C3AR1",5.46323967716144,230.73249546874,1.56342623906752,0.451973561563011,1.10802810160741,209.197092746072,0.252310439998579,0.140318015778206,222.933757089633,192.458193446018
"C5AR1",0.535737565092478,1.67574481352824,1.97847625347868,217.051136058877,1.92931864573097,217.594253072164,0.671359666870617,0.27731117526761,4.37079999615248,1.43864233014823
"C9orf72",1.04794697878121,205.18221250313,9.08031606307151,198.024166945878,1.17690783635795,2.26720574093775,18.5610859623303,0.747284682569047,0.364654464236209,0.160130828383962
"CA10",215.183128506985,0.411242279104248,0.404373804229285,1.02956132211993,202.818841754488,2.25215687411226,0.848522825292853,0.604689362508601,0.328565189528984,214.434331461438
"CA11",171.047961416928,162.660184425264,0.491534394796184,14.6008022824679,0.296141038856539,0.712689028896052,162.473337577351,161.47520360713,163.85572968256,0.316652773175057
"CA2",0.376734396755537,0.647084801314291,0.0747147102106858,0.376065134152993,0.372479511690926,1.05396867891485,0.377640804891229,0.56204624911168,186.717155594054,1.61879221347452
"CA8",1.19947776604749,217.221819791248,216.741617555499,0.70164574529397,0.388634476881349,0.778370132590192,0.673115936147973,211.434339325357,224.570027737589,0.223599477392737
"CABLES1",0.518063648007693,204.863499814949,194.153261269363,0.885335377300372,0.285326489851467,0.822422096133646,0.728399289610758,0.706814388212024,208.013240162705,0.782022886520456
"CACNA1A",197.568144848606,3.59777209683107,0.432863170897748,207.925609319522,190.575768350228,0.734513920585026,0.604802382095246,204.319068818088,0.679247833083772,0.118649018516919
"CACNA2D2",198.084873227787,1.30025927052816,151.75743482195,0.953486712972841,3.15408326898572,197.114061176644,1.0850752481401,1.03591596868801,0.456916511564381,0.131766011248195
"CACNA2D3",218.882769701522,0.589299813411314,205.470796792177,2.40998159568249,4.85834700739626,210.668704405404,1.00264338379151,0.799054715742505,0.799575185897356,0.34093801478171
"CACNB2",0.572859506845283,224.63894036854,177.17660682912,1.40621527631491,0.69319687076408,1.00917351084909,1.02940314235986,0.716811117478414,0.721649397365139,0.390891643884791
"CACNB4",207.458068250792,188.667748461153,0.660369551553728,147.831665781077,0.591620277132373,1.14411952194475,0.886394971160504,140.300467735972,6.73001487709549,0.086978951572812
"CADM2",1.74430825974865,0.476321315379542,0.116158505175696,0.330483443509131,0.193437677141143,0.424011928103118,0.354474450444929,0.59568661602332,155.916349436967,0.064312028945447
"CADM3",160.371541093988,0.448773901960218,157.654859454019,1.02689028836224,0.469654246907011,1.03042908523522,0.642043980308499,0.834473101727562,0.726350506669896,0.0699290081190702
"CADPS",148.898836702557,146.679234270328,140.416267326414,0.347926741570135,141.292658374518,2.61902456945602,0.53899302467611,140.72490440044,0.918035769173778,0.0364194395314223
"CALB1",0.728812171585813,1.15385787946636,0.779878860267417,1.66322862655343,108.844549289737,210.909189095217,1.00941511255556,0.789169256139951,0.443842933041794,0.365262398361111
"CALB2",202.824409276042,1.19875486534774,0.321870413237929,0.556201524346067,1.67057888972681,4.36821190151287,0.988927362929297,0.889865330218476,0.282687258900319,0.203044166107159
"CALCRL",0.54117722733663,0.574682675775307,2.41066264938808,1.27194276054319,0.370595635840633,0.581520224294595,1.61839423950213,218.243776737559,208.797582788931,213.978899633687
"CALD1",0.191722824400959,2.44784610480226,187.316761186249,190.204736476374,0.186253043259642,0.61395196064733,0.862929590203027,1.40057143853286,186.423794737011,190.308268158239
"CALN1",3.07539611265578,1.97483053072168,187.048368089041,187.300027442316,1.15635270756009,0.294308185208354,158.797509626844,190.017653566307,0.923863985394946,0.0981074224551554
"CALY",166.251711735463,167.317465300752,152.685218640148,0.634502459327943,162.111937183747,5.23565674985963,0.310141853992335,0.316905261573609,0.155306158230382,0.042714696183361
"CAMK2D",193.262562254001,8.5127773830534,0.656066216687974,0.540415280271559,191.257404935741,0.814479880901251,0.325923328501647,0.322375946549785,0.877174683297027,0.0943964717658684
"CAMK4",218.683861470209,0.834667892951062,0.481002395094142,15.8658744102698,197.585195487451,0.442453163527036,254.690935978419,52.7140257206703,0.806009259140715,0.331533622456835
"CAMSAP2",0.794569709790925,0.426006825991768,0.24022108377848,0.739337623605092,0.591397240944315,0.650985900078021,0.552561964245092,1.37632525457193,0.31320287775391,0.137878683005312
"CAND1",168.309748747762,0.644697515831047,0.523739605383379,0.408303064619048,0.370121849376433,0.625546931913705,0.421491384264316,0.770435113675835,0.428183057395281,0.0921493892260568
"CAP2",192.025841884751,23.0857081518376,0.747063932891515,6.06755630751786,3.20266506259777,187.533640704038,0.376662464369656,2.14221965771171,0.322856802351481,0.111093155390132
"CAPRIN1",181.080489451461,0.553550619430637,0.226378044683803,0.708361957059729,0.306356140952276,0.80101734990773,0.542737849868111,0.560999511499525,6.80630775963292,0.152388755781268
"CARD19",1.27143186697679,0.876016140653005,0.60712498111193,9.70129394275546,0.576541383320919,0.624554848580829,0.423639143786119,0.838298347504148,0.7691152609374,0.609043815946861
"CARMIL2",1.92789652139398,155.987987621419,1.8269660874218,225.493715241942,4.74086422544933,0.760013030659774,148.342401366242,14.5038729674238,0.380427850614127,0.251927422139285
"CASK",202.125705116697,4.8238009612426,1.08280823623735,1.90972952911872,0.877651874856664,0.592485667831492,1.04670368683123,0.4194425405245,203.93087605476,0.213136767187094
"CASP1",222.837640569584,3.29044781223612,0.649456671800786,0.604916757398887,207.104597603173,1.17336689027679,0.5907237964948,0.204903358720196,225.416864210797,219.439693694611
"CASP8AP2",1.81125801842342,133.777904978427,0.338354021701473,215.964410167337,0.783481726559849,2.45030573462864,0.65564552438422,223.007583123296,5.67511599806474,0.337877176907104
"CAV1",0.312870992557545,222.861626991942,0.172706394834044,0.597696393695549,220.074346122132,10.3366159369136,222.48760639425,221.434535311696,223.101502388697,219.444241401396
"CAV2",0.947639715437253,1.25866121032183,0.174103086142179,0.803088286043731,2.9841817427824,0.882559715059294,227.699852618049,1.20792754522212,216.314318377736,209.285644071642
"CBX5",0.603681599029646,3.08678358005066,0.235143717458239,0.469152664965116,0.234133686579847,0.868233590205148,0.941040260337381,0.538232118980338,0.877908900164187,0.265035895912468
"CBX7",127.046946678488,0.605112872538411,0.690740833291242,1.29318805977781,0.489957880090492,1.12406241781399,3.90209068971913,1.36122570616498,0.46336141237987,0.219363485172695
"CCDC149",1.28110785314434,1.15595691732607,0.436777737517559,1.27118894738693,220.120331002275,218.18498220259,1.53771419003376,1.1645567210669,225.135111437775,0.285561286325378
"CCDC184",165.432011056688,168.382149582108,156.892490150232,2.20831772455599,158.714507967024,7.95122250799595,1.86537623597015,5.72888513823082,1.04979586101467,0.102074807538725
"CCDC186",7.43132087055849,35.5283707275627,0.499956352847731,191.420273686458,3.41647310468886,0.462816706711421,0.709349471305684,0.73044256849202,0.75209849239264,0.175148668277594
"CCDC50",0.448167124234634,0.369757511279136,0.448351772283788,120.07889753531,1.17200107994613,0.34276940848946,1.11562610966393,0.382856367485549,0.765582176011749,0.287214225958469
"CCDC66",1.87979489785352,211.117427347543,0.707593488808841,213.158255456108,1.38954258207967,206.800071916322,0.859482757287073,0.724848043371022,0.751137655711949,0.380204831773345
"CCDC7",1.55950451737643,218.581905112208,0.526818783339708,1.45084071313507,0.374251319930248,1.04547574285202,0.557024760335462,0.617601769420913,9.47178449289642,223.713879200942
"CCDC91",2.67582902488494,1.97730953089543,0.24171949908811,193.403144979607,0.42178801962366,0.363696238761729,3.42725735868517,0.913584123478772,0.505527846208232,0.14361355843371
"CCK",14.2346407766257,0.963677390186191,1.0022867214998,1.22875707038283,3.37144181298654,212.247590073824,202.665638617138,1.14729548622419,1.31468132554278,0.166440830661126
"CCL2",206.580491699652,210.298558226699,0.647778869286899,0.598286634063715,0.145761691373038,1.0515576417263,0.626435898334416,2.02537902447708,212.193849295133,206.012573103769
"CCN2",0.337118672463115,1.29604881164546,2.08564121103751,213.028399658898,0.576303954966158,1.69952687580444,213.068108165851,213.669629231469,209.245976062024,214.173890536432
"CCND1",217.525242516665,0.542122654282613,0.682001709900877,0.905658918594009,210.675332199516,0.519061935681574,0.402023405207829,0.160708376149503,1.94541176582578,1.14333638110147
"CCND2",0.524297333870016,1.00880822655428,0.538585436327514,0.935407436509041,0.952678635344609,212.807682796857,1.23204422490253,0.414963982888885,1.36347214963354,10.3081671782059
"CCNDBP1",1.51508246390022,182.613139611759,0.327793613791712,1.20523582802309,0.936278478931967,188.784007149331,183.928315187942,0.967189990123568,222.421941156872,0.151855485080185
"CCNG2",0.645167024198689,206.220732756282,0.555370003537767,198.687936718293,0.699342989559991,0.930684209443215,0.974118806132567,5.6879589963038,66.0021002703959,2.01563117846673
"CCNH",15.2425809807527,0.792779894622307,0.385368739509485,0.462865451816082,7.00208474963221,0.872514364170966,0.711698600621577,0.723660870096092,1.40897458956939,0.148503706570623
"CCNT2",3.63497604319328,1.15676242466857,29.8105934468065,1.23946671530482,1.1892850761143,1.08818569398084,7.99721312390684,0.406948723111785,209.477733293621,0.232601142245361
"CCR1",0.588367909345125,205.851374875937,0.601782558983072,204.420116869906,2.57684849293723,177.438424320544,0.403117676753889,0.208646695151163,211.865850199197,215.543769926772
"CCT2",1.57793631213966,5.3033095771081,0.346191560335645,0.54308064692861,0.277385166270165,1.34028643427647,0.527829391545894,0.498977836365692,180.164895962018,0.128556096227468
"CD109",2.41542590707239,221.626951638524,2.56751583244466,1.03686555533789,0.381282542158489,6.01079574863383,3.6383725019883,0.731850034235814,223.425968463058,1.77736102542615
"CD14",0.268204946194517,179.89091373007,8.66287482367007,0.319897329052095,0.488069694666743,0.622053476268192,0.124498517366908,0.0652938841948344,1.36121365523676,2.1938075535807
"CD151",0.630042571122336,170.756696196961,159.554029540708,2.27703380491658,0.29318565937873,1.42130019296984,0.60625713226601,0.900912710717248,163.059584924255,0.208884433006909
"CD164",0.685559042382841,177.029954649957,0.151482288924093,0.755792640446897,0.369506623441328,0.677340751447947,0.373407354390118,0.292289109989692,1.18450374401951,0.191734681549173
"CD200",5.75138350035558,9.59945525076296,0.43895644207296,2.1288912079814,1.19356573921788,0.576594457266316,1.96477320186642,186.166994080036,0.258858742500302,0.118475427999621
"CD24",210.305152540181,208.634082512346,199.595795885217,0.493085010020665,0.250540373194236,1.59937961505219,204.497457601631,202.763653584453,2.10920262258212,0.223726575310181
"CD2AP",1.3650347402615,212.395436036471,0.591987364325934,100.239104238027,0.540806795788729,3.72292630751472,0.785972265676465,0.720281698889003,1.43614342568892,1.14386998902446
"CD2BP2",192.345056297553,2.20802737539629,0.313146705210125,0.957312360524273,2.18665598998178,1.77672240179493,1.40525906967357,0.869305115869111,194.785493625566,0.138693675089908
"CD302",0.719701863361351,3.21148401630248,0.937793030055977,26.6757026849339,0.660619837361981,0.805834001706348,0.953846291837313,0.27603360280633,218.609570635472,12.8161184254576
"CD320",0.78614156278607,0.992982701591089,0.675452654561045,176.592602867031,1.20424676121095,1.50907208831467,0.62844150783359,6.75778174611626,0.409054207684199,0.139223801744695
"CD37",0.839194535872837,208.864000307445,3.07104962804345,0.431932856722405,203.895183749773,1.98220220899712,0.396672221415534,0.185176312930555,208.219300795749,204.860444409027
"CD4",5.52130944207384,1.04025428756289,4.19496286517146,1.82774906622394,205.131517154122,0.671485643450097,0.440737530376662,0.166184444342869,203.879006314428,204.414278657643
"CD44",207.984654842434,192.941468623024,0.853190304012136,0.359156408207499,0.0653847349368166,0.161299273844581,0.348665845534663,209.706001641185,1.83015911962448,189.134537336711
"CD46",0.241295514815385,0.529668784461544,0.816892628001577,3.83615160088911,0.685400408636412,201.901622937944,0.379908447249973,1.04733222588133,6.31195800320011,0.181028119934724
"CD47",0.647993169818411,2.58223134059734,0.139415789599651,2.63766706388703,2.09975051174369,1.2456330845044,0.628208075094451,0.524353512776976,3.67138622443539,0.109220832307639
"CD53",1.09072137967071,197.26646727432,1.09628199807468,0.47821183012928,1.11553453640044,1.89813965792966,0.289013599654679,0.151064307367613,196.035629706983,0.707416059084988
"CD55",4.95218176990334,0.537195170519573,0.236884763091039,10.6663341327186,1.2636288544962,0.651881112224391,4.65705395791524,0.523322225882515,1.02069347372118,0.149952330827924
"CD59",0.126704872557076,0.519662684112644,0.214868549447482,0.396009544192554,0.151379885880779,0.38770572505459,0.517675136914864,0.45212224770493,0.375979360843449,0.0851845941579594
"CD63",0.33997391865231,0.360001682597836,0.220396954101816,0.462393661426045,0.147400057500539,0.269513002408436,0.187582286984212,0.133284987316739,0.489393964381359,0.107042303461841
"CD68",0.319424433075048,0.612757994599027,1.01016620171774,0.36194624727874,159.235261523724,0.693667181802265,0.38932067085054,0.0977068471735677,170.154890653648,158.437667410355
"CD81",145.411915416535,0.535564009105611,0.160898627862733,0.266823775089165,0.0557507875633479,0.113940690258405,0.160833297558239,0.146025027586991,2.6998718187302,0.426391632552979
"CD82",1.18428028588004,0.468302494429263,0.853341171811247,1.74003865868783,0.242868214765674,0.958268795036347,0.554738436792018,1.00121306798367,32.3337421383355,0.856480773077521
"CD83",0.725238993696586,3.36584661172603,0.781876158953982,77.07980915107,198.392348886137,211.117880944462,5.30216434361922,0.759791810306302,0.393031620658738,0.273997731590768
"CD84",216.745369610404,212.684980065822,214.23348101737,0.749640365660054,0.809388343558157,218.266633009826,0.375855053267499,0.244566841494782,153.087747288389,1.55686711281079
"CD9",0.731985736472246,184.460565991593,0.0896147589767447,184.66062001719,0.347262919291875,0.449413823335233,1.21677555506631,4.21198382814482,4.76258680658433,2.80915736591491
"CD93",0.394403497729215,518.96150241867,2.97837105880703,0.780528965358634,9.97764886509938,213.255764258038,0.393479929222223,0.384911810488206,0.826139493048858,0.699897185128198
"CD99",179.043401477253,176.317344799637,0.437901607705527,0.422442227495698,0.0744165247739418,0.159895180145069,0.310322181696983,0.778886266758318,176.248798692063,167.707159945741
"CD99L2",0.605527952949747,0.781831092381036,0.200736058705248,0.424212115361084,190.411610288094,1.50950649108893,3.07511787258208,0.901305998710838,0.602723168504342,0.113046288038079
"CDC14B",1.61257859098571,1.34252432712617,0.826474251266793,0.745905252290362,0.202103790309336,232.626581291416,0.421417912131835,220.759053352546,1.81561810311932,6.20053737910263
"CDC25B",3.36553044866248,2.7424808842309,0.446903996698999,1.76736542063977,0.575411550240614,0.423516889218306,226.869435366548,2.06618670310925,0.679252260585862,217.490273781432
"CDC42EP1",15.1870969287354,2.25920979586904,0.112174216483585,0.399445458584252,8.06957262213295,0.371478244869799,1.99496047434958,4.36811299872135,195.270049661131,189.089228937654
"CDC42SE1",159.177642443412,163.595400994439,0.293310757276686,1.40918147993506,0.374452023506159,0.51844184987767,0.891027233114722,1.19005779114343,1.32809895366689,0.684749785323926
"CDH2",196.538186740988,0.871981237739372,0.53560587134141,0.715726440458032,0.355089396964582,0.451131332958658,0.611764339654898,0.810666088779571,0.677151484968561,0.459928883086536
"CDH20",212.161872552342,0.587472694357424,0.364369706309355,2.02689624627254,0.268121973506526,0.428470659864122,0.94794486256244,1.98591452399225,211.710368048623,207.674423311957
"CDH6",0.87586405261761,213.862131864413,0.611770100837804,0.70171862429765,0.460754655541163,3.54776560113146,3.09979251508358,203.094640031804,0.956842422916358,0.72565190345446
"CDK14",1.95897264322238,1.43007749794072,1.58310510224643,0.770274253379597,232.848966371915,189.70942053549,0.305450399461688,0.335822329988553,198.067680169882,0.0778625647339083
"CDK5R2",209.123438213187,208.207209745419,39.5129495292133,209.441851172998,203.762523116171,208.284339250828,0.543194740441476,0.987917882716274,0.589299492648057,0.0876669428742354
"CDK5RAP3",0.550361864642408,1.23903427516912,0.380841332247746,0.79126941181389,1.23236041243887,0.728865178047795,0.963693409092864,0.941920916312081,1.33917906559855,0.502879707621468
"CDK6",226.537505340309,1.72554840478897,0.7513635459259,0.905823895438335,1.41246695700586,0.912807694563242,0.544813698333177,0.830574993024919,217.50968828397,0.656255861185262
"CDKN1A",0.467457302331064,0.863589260618299,202.105989068585,203.365148759978,0.234650612455136,0.348526021075405,0.768669341125699,0.40254025173181,205.541261809723,207.860717630989
"CDKN1B",0.504510252514097,1.84521264601987,0.127418150507699,0.470311565228231,0.594553124658365,2.8173506724321,160.445151331909,0.72203084160568,2.9723733345047,0.146798247754816
"CDKN1C",183.270948632485,191.711810708811,0.0515166867970892,0.881230951972417,185.504597826847,0.40398625610265,180.148045530024,0.858622110906067,183.116604888473,175.919608317882
"CDKN2AIP",12.9040475522216,0.471446466286066,1.11318449629074,3.89357150925852,0.479929020539303,3.45315323395073,210.773825752312,3.64579192590287,0.707334662073485,1.64961616285769
"CDO1",1.03297566391705,4.60982393271705,0.532273718032413,0.843085073812672,0.624867737603717,1.19947687293095,226.441124556796,216.856938281067,1.09880683951901,0.157298078631763
"CEBPB",0.337465847929904,192.906930479209,2.39934740791757,188.195425322055,0.2496229727522,2.66949765902676,0.205487285535529,0.161890186562782,2.86767653624506,2.62644585130573
"CEBPD",0.15779085579524,0.979459603420901,1.18576353403435,0.812643678319493,0.216690404354873,0.280595959897686,0.458003882010646,0.413806920465383,2.75968685740287,6.33563536063951
"CELF4",1.33637234645209,163.098499402013,0.524640250699309,0.624403352806041,0.744915910902227,0.401931804329579,0.875068154321452,1.03844999715441,1.80205590733322,0.0487957951274434
"CEP126",2.38547722332365,4.39458632115702,3.62045378312836,178.194686295385,0.367282088947662,2.71640155773746,0.738269814054122,1.26103434135613,1.35073208208709,0.124681144518619
"CEP68",10.6884557567984,1.48375135098624,0.401620792405058,193.056249044323,0.987436020179914,0.395719847797939,0.850852434209783,1.55083488656978,0.702062456151553,0.243503453348524
"CEP78",218.97959533223,1.05590236726415,0.393000506295565,1.21906230407494,0.412952424477096,0.304765143802529,0.50740482120469,221.722702662729,1.32359215643392,2.7344568722681
"CERT1",0.610508698500788,0.662042034952127,0.405181135216923,0.43548058112755,1.43174087308138,5.17220001840695,0.503898075072775,0.616100101641349,0.483045368879363,0.0979433480519968
"CFAP36",0.530253132109231,0.47301659166257,0.445093257895358,3.42169495654757,0.421899513003452,0.887606377386737,0.571522750846048,2.12598843469179,0.235024569897629,0.124877517800115
"CFAP97",196.053796233374,184.209295655459,0.864189447129607,0.438902754654524,0.353888545522658,0.60861641325598,0.884402280970884,0.593780179575401,0.482851830902676,0.237430654678724
"CFD",1.01081987920186,199.584172638114,1.14095003016213,198.640468694853,3.73915626051118,45.8524807981365,0.66945028178024,0.282932603823913,32.2748293427184,193.238020350789
"CFH",0.147612445396214,5.70261459027676,0.480706632393586,221.491612881635,209.182281370263,2.82792594793267,210.537888610589,5.55686170939045,0.827526689157237,196.173689163479
"CH25H",1.00383211098588,3.44444950587891,106.026058455604,1.77251428158546,0.293371490792848,0.941314179461194,0.653380438931419,1.88262478795788,214.276941070184,19.5978054822018
"CHCHD7",208.819919172955,1.01728172628689,0.365366658358601,201.762015521315,191.206918159376,1.09738462121042,0.444024921765926,0.186845669940302,2.15932884153816,0.384774405005973
"CHD6",0.831709026868167,1.15104610088042,0.353335829609782,1.17355263299843,0.36900824621647,0.526630524030102,1.25441139791805,0.81478274980303,203.73906890185,0.193055103613971
"CHD7",11.9006058652731,0.776418128520112,0.357097551102642,3.45904501009176,0.995213997337984,17.0989182360125,1.10232163510259,1.2375340506643,2.3715875944566,0.646620491100227
"CHGA",1.84199898419222,1.70894054336507,15.5057746370487,0.802889325113385,184.862809296865,187.733887858151,0.719465928967426,1.60436091590117,0.303193138384193,0.0844203151892468
"CHGB",33.5347054371515,5.31178257476911,0.529064812332975,0.936380793232919,206.114962130341,1.17283811893087,0.519855731026888,23.4113526582814,0.467504979088487,0.108393412521175
"CHI3L1",181.533878264244,160.854316371958,177.036000180864,0.51776173531201,0.0824212366889397,0.189581547794255,0.384059131105688,0.248453899031528,31.4191979943957,192.279441542474
"CHI3L2",211.768387219631,1.57889720625336,212.843353968448,194.101987584541,0.339171786864202,0.755367284321976,0.48948391054343,1.15907541761409,211.726391597727,210.019557716334
"CHIC1",1.63880777494994,195.589216228913,0.728994151017126,197.210571909758,200.133147000921,0.501086385030888,0.573868355938686,0.879921300226969,184.496052700064,0.12989874771928
"CHMP3",1.12242532595183,0.706934188680906,0.298460104484326,0.366805726872753,0.279787384784925,12.1325406199513,0.649718975089068,13.2462346155456,0.878431661726911,0.143151651464968
"CHN1",0.836223975671645,5.21735536488731,5.06953263646332,2.01634379716663,0.294453807400504,1.29523874351006,0.55601826059915,0.448753412493846,3.6601189810192,0.060956258435531
"CHRNA4",2.39480904143954,5.65513762109469,24.9434965475993,0.646676582827284,1.28522671946044,170.527297209819,170.394711531157,3.77570624491398,174.809843959529,0.0867549593582009
"CHST2",1.38141663941349,206.751237232653,0.132027181552631,1.57786952111108,201.385746040969,0.65542366252933,1.11629155730085,2.19395401725889,0.633212695740353,0.928475354195831
"CHSY1",0.369002748481913,1.04619851228876,1.60835557614721,207.796129106118,0.428369958166821,214.39348362642,1.07261685348031,1.7786435362896,0.50425579949722,219.678978352811
"CHTOP",205.177724886098,204.281691040027,0.241636898634192,0.537510049363262,0.262855920010054,1.38311935757746,0.677837991091524,206.220952487455,0.894743670527081,0.314256422821324
"CIRSR",0.639102193526201,1.02611212141886,0.863740330953333,189.397321737012,0.505840790813667,0.311659582406352,0.450459261094822,1.46246183275808,0.404482119329123,0.166712055636036
"CITED2",0.4791360308534,0.605533677716448,0.606065200490026,215.05065039592,210.701060599722,211.064951852131,0.824587610200933,15.7537660981737,0.958460163841045,0.396735047666671
"CKAP4",0.344498541920015,201.148449590579,0.932496323207982,7.1601495364096,1.04702431371763,0.702224714508857,0.372701792754695,0.756155712224441,0.67991954469997,0.236645672550285
"CKB",2.02902920071826,1.12384667662605,0.302026532865817,0.263166611379218,0.0699578611700512,0.13191220786899,0.18121737234745,0.321666052081388,0.598330287901933,0.0450595451752339
"CLASP2",4.37234543698264,0.588052840768363,0.111183032244013,0.554098001416217,0.475273938169654,1.03389009387888,0.298731421411729,0.563242664525376,0.387420092486763,0.112990162349525
"CLCN4",15.8356315828811,74.143394481633,0.145328913020084,0.800891846333861,182.542364769004,2.91556516675823,0.554017187870184,0.723864626965935,0.347932184517577,0.106583166372609
"CLEC2B",0.589455612797372,0.865222656270586,0.743414123711842,81.1595552271641,184.88053232523,1.99169065124198,0.777718541775908,0.227700374936085,217.179881666782,221.235206955689
"CLEC2L",18.3594254336214,1.00579537784824,1.20965401013347,0.891853866516032,190.918330248036,219.484553441472,2.12813484433441,210.269457875565,0.327101690902127,0.268564440939706
"CLEC5A",212.318907460441,213.166354176523,1.18002204930417,0.94233623930764,0.741397180916111,207.308337527153,0.619815254259948,0.265710280958304,220.979953590074,207.568001340404
"CLEC7A",3.6337416836741,224.863235799817,1.51843316824894,219.515124772014,2.52844652387965,222.449003891184,0.75178513068807,0.321443057678264,223.715426809243,219.25241033132
"CLIC1",0.528765541191364,204.567232316455,0.812190347313815,1.13866845201203,0.822949043918403,1.05503075175978,0.406482624745136,0.137908866849541,198.856790221262,5.30151394273706
"CLIC4",0.358380069838009,167.420707288244,0.194747846508784,0.725063883253261,0.122964270269568,0.268835140624384,0.440652530817078,0.742411555445334,2.35951335030418,1.11598542739552
"CLMN",4.12225985793617,212.773399123473,0.149466232622473,2.51208896262029,1.6981229994102,1.15147363359469,0.683217465343031,211.855988503832,1.52944703110749,204.149720735288
"CLSTN2",200.921587004694,202.745776550954,4.22989670436715,169.165404927926,199.691802496738,1.80414973584166,0.715988638189445,199.244779632856,204.562604576275,0.0592170637570804
"CLSTN3",1.13570638679493,141.552387525286,4.13853148270042,175.89101224875,170.184399163204,174.520670688434,1.10784606403206,171.691270625815,0.502543097062008,0.0819997914475809
"CLTCL1",1.99230979792935,226.302358287457,2.30753014172865,0.545542221956112,3.28875318987292,220.757547122398,1.17582070477451,5.39721980009247,232.347184028377,0.197486016306429
"CMC1",1.27339647162316,207.501596537823,0.574393282409251,0.961931483738889,0.585835355782787,200.276824294984,1.73948477542809,0.794930713888921,202.496656023094,0.278597398453926
"CMTM3",0.823460936607233,156.68025000462,0.915122947938183,154.876044135198,393.34224271293,152.857370593982,0.557510487547094,0.563555215078144,153.482692229245,1.49244799764811
"CMTM4",0.630820940570613,192.131859922947,0.303748589167075,0.693148464702206,0.255569337619558,0.565277572870238,205.456162522167,2.48517516135477,0.520090174758334,0.359738291985692
"CMTM5",140.603594722353,144.668927172036,0.0731029311155513,143.411023830761,133.262269110343,4.02363028137492,7.25651054596686,2.07329557035677,1.76794314198257,131.158195683243
"CNKSR2",195.834588603637,3.67362898948556,9.83049465018077,0.56737309653968,0.630578366855214,0.933558022990928,0.837170394068004,3.46179555201499,238.958076208123,0.146403387058347
"CNOT9",0.605571654850762,214.283992070834,0.312659660841932,0.782178340873814,201.852127401902,2.32526588218082,0.5286412355093,0.916394740796948,0.60038115773304,0.450909876503525
"CNPY3",160.446943543255,7.60851898759794,0.513190436026244,0.905172309605916,0.762833817088618,0.811738570348392,0.594948768927485,0.248663212537873,29.9644115492347,0.259640333915503
"CNR1",2.83330773303875,0.718302559059764,1.1424728092972,204.927637008342,0.595257870447647,213.591017798284,8.3281906997232,217.578270051969,0.362144317561421,0.49835874841213
"CNST",211.916741999344,0.400241535193921,0.448032014670466,2.01398732507758,209.666959554751,196.201321906782,0.988957306057886,1.95242738021749,213.764242715892,0.104545837622392
"CNTN1",171.880859231473,3.28451072405467,0.360839491719139,0.414406144905571,0.1496870541027,0.23649508518753,0.303521744361529,1.78376078465251,0.405324764501205,0.0708199396464727
"CNTN4",195.62664691724,2.92417018453382,192.826129414189,195.73549743565,193.491696889716,1.12467093101735,0.54095065496758,196.642496990081,206.859107505795,0.087856620205709
"CNTNAP2",199.969971401562,210.921948574195,0.170308656866805,0.529382692979846,189.610922570419,0.78549860081819,0.918498612822587,0.791501725472188,1.73846801246659,0.0863727716495055
"COBLL1",0.231215972217894,1.60946697697903,1.16103838261994,1.20971239637594,194.933091458356,2.09736469147397,206.153980771246,2.13069375542485,208.901631666397,206.598731849174
"COL11A1",203.079745467495,1.07366910003003,1.72132299228143,1.08825645979907,1.02495963624023,8.55037499016637,1.32707046159073,1.92744545001125,0.832732836245298,0.302978089062499
"COL18A1",0.371763397345107,0.683963708514522,0.152686207117902,2.59117059426965,212.413061856535,0.921983833555128,1.48968798145601,214.647836688344,0.678391616969935,211.222714999459
"COL1A2",0.260849524539649,1.87011254503546,0.920569069622182,0.921651809319374,223.027596220393,0.659277924631674,210.77968531983,0.678768134720352,201.055383236657,212.624318627552
"COL21A1",210.519467014944,222.909393099927,9.34458769890206,0.678269746043569,0.771371190262754,1.89365104134157,1.11343547842355,210.379436824462,999.956741862226,3.40177793177851
"COL4A1",0.168227638740762,215.74164182532,7.69514202721045,192.807899866848,0.634167874433982,1.47783253847383,3.75396261318543,1.32870109950869,210.827851183512,3.00458907961558
"COL4A2",0.217562791760107,226.493388273913,219.096210694796,221.011521831732,0.426890431489638,0.714672586116641,0.741019070870935,217.973129521626,222.628180483366,9.71101192308043
"COLEC12",0.517689723396336,208.052398471184,1.85792151290136,0.827691816399794,0.123056312892588,0.498953774310179,3.54512600280302,214.678670651211,1.18484050780354,201.061447772521
"COLGALT2",209.947748557122,0.719574269220045,0.125501780882571,103.473656587419,5.66020353430424,0.878866168992382,202.981042545517,223.288027253894,207.394358369607,0.625494190448411
"CORO1A",6.46399684871917,0.92064208736356,179.450024852235,0.811171553327957,0.480258878942947,182.755524778064,0.202546212832128,0.13795605611005,0.956038076360698,0.700808400749427
"CORO1C",1.87359562723744,214.164335490838,0.473094512474844,0.746950257672061,0.502145201051254,0.826572792246717,0.543751778087041,0.839972860390857,1.14001474392178,0.31960576672505
"CP",0.21228462948069,69.9854960600469,252.003956434288,0.991260047090927,0.133563130383432,0.302954625327028,1.71758463743184,260.807941106847,5.04292187396389,212.736427927148
"CPAMD8",2.3797834499839,1.52478639121339,0.622046610734052,219.693612806375,0.396796840006396,0.502470120896182,0.765585826824045,217.264279947285,214.103197143031,213.13328435153
"CPB2-AS1",210.136245791244,2.06124845158128,0.238233175182281,210.695319607573,196.732870831143,6.95487209260239,0.961960650451164,0.577906929448178,0.536136325193907,209.079328599547
"CPD",0.354174195053172,0.844876863976251,0.195630168938239,0.435945192717396,0.489870224231806,0.63191712774412,0.957941543678154,2.71633921953385,6.64727174948483,1.91842719990063
"CPEB2",196.326030969098,0.98753078274137,0.161648271379024,0.407834209126624,8.05589117532901,206.067564119025,0.718532157141865,3.77628039917337,1.66318511560204,0.217520409508915
"CPEB4",1.79111137245272,0.710545358513933,0.236608895298115,0.439965686897251,0.163475023803986,0.963258440993049,1.88147471194015,177.821434453914,0.426152842977921,0.257745266607202
"CPLX2",156.544744599801,162.834095400785,148.713851632002,0.663724678596992,3.13876672349688,0.425382243507426,0.464237422549019,0.780366329361187,159.834692440687,0.0462710469927065
"CPM",2.03382848060913,1.68726949016947,0.314986411274469,0.645508426164174,211.111378333699,234.168505959761,0.499921713309535,0.28579185804351,216.468771399107,210.840708608783
"CPNE1",209.559436885946,2.20043674188106,4.06045910570585,219.360597809898,1.07146692499977,0.805616768521854,1.82800576280314,0.792965428845247,0.461469574826683,0.294588956538244
"CPNE2",203.925881627751,204.543291860576,0.160945929302429,0.458751511295325,3.03722099673193,2.28795693256986,1.03701775775495,4.13964916341112,202.464413469458,3.73683462608047
"CPNE3",152.259179013038,1.19508831982786,0.801283960956611,2.03421854617625,0.172812342349476,0.403574132119262,0.793687331016454,0.462933009841049,199.821229727387,0.396083807464747
"CPNE5",1.07627959795671,1.14652635731601,219.917842331275,0.610828832681805,0.517916615616949,6.17555584462373,228.280690709928,0.896422326904192,221.922924150415,0.580414331967575
"CPSF7",1.38792332295006,2.50030870788653,0.388671458583638,1.43213034689512,0.747376702749534,0.675837205222404,0.518999842575052,0.483046592073604,0.670341011949648,0.849741569921984
"CPVL",218.070575118962,1.48862020090399,3.39387000116128,24.8859706358067,0.641557518803249,82.7467379580021,0.423367272577623,0.256356512323348,213.657865554615,210.396207064774
"CRBN",1.0209782429933,183.787315709402,0.243985294061645,2.84204512256772,1.25804389546164,0.593120533578336,0.541169329939944,0.889448214223054,1.58822364648897,0.107585426743987
"CREB1",197.534972009842,0.906222113201988,0.62941167949849,1.12370982813359,0.579741637137267,1.15484561957719,1.47456207864998,0.450225221148255,0.906516476972942,0.399190309375974
"CREB5",212.134507514787,0.861464188771108,0.195606036102199,1.47747624533565,16.0490092811923,0.61411270087254,201.906914389091,1.75646677319443,221.548978822426,0.570195355410783
"CREG1",0.286056654873297,1.14908358782928,0.407756027787884,0.500568551538081,170.695624676227,1.98433371332441,0.252528251817962,0.173222286752482,0.638380718299149,0.599566788253609
"CREM",3.60760190270512,0.483910271383191,1.79828435614471,3.75394596276136,0.399727780447217,203.738523846148,0.687096921167908,0.75454142341705,0.937930361473085,0.19654273082794
"CRHBP",214.170873885901,216.31613452272,0.220266845748581,214.852779164491,212.85316800958,18.3484426077699,2.42170638813217,0.798502092452297,169.51910861126,209.597765012618
"CRIP2",0.304482134440221,192.134816817018,0.691104016317269,192.126136519415,0.258913110626833,0.935363592713717,0.665042455161548,1.5177413912261,192.116483788019,0.245133803816832
"CRISPLD1",0.899405815953853,0.486906822225771,188.108191760327,0.825053030240716,0.155386301147349,0.689830747111266,0.826309872387238,210.33104773015,0.526416092171863,293.945960956116
"CRISPLD2",0.242230337644223,0.777976254737854,218.349192388859,216.353350965959,1.56380278929608,3.80449515513506,0.721925014328214,223.97654101736,218.358032092268,0.637073253422796
"CRTAP",18.9208383743303,194.982027541709,0.338107466654652,1.09748884024272,0.337506565567786,1.1747371074173,1.88729719090797,0.501215056329751,3.47194178467867,0.367528352121531
"CRY1",2.38413184083009,3.12837234618876,0.475319544340812,1.49392185460003,0.61727382895819,1.14359387258085,2.61903067973188,3.19521559007748,221.949314196301,384.38336045295
"CRYBG3",0.522937861009108,220.378464907239,0.329204952637552,1.70314244544114,0.39325718044162,2.02985474977569,230.119432737465,1.64647077798981,213.901961105897,210.896560735488
"CSF1R",114.89136566328,202.00666397471,0.534461598694727,0.59767828954458,204.489103824134,1.10723939887885,0.223945517834083,0.085054023023838,202.782094553821,1.65585146392172
"CSGALNACT1",225.489568362035,217.358701694353,201.752812432416,208.694063675989,0.288288517360798,0.444805520318894,3.19611038128472,211.50172817164,215.116531417488,0.235290074435076
"CSMD2",209.73823685083,0.586773469034615,1.55461207736665,216.43475161193,220.617215303333,199.497973138567,0.66182309034758,1.05033690502855,0.82242958793397,0.265382925589373
"CTDSPL",0.596305010349946,0.657722453251495,196.806868613968,210.965057400535,0.61586252900917,1.10982007434111,211.332792592615,1.13168091881587,212.095448962024,0.775346876612454
"CTNNA2",202.159238607599,2.04261162058797,6.81963256478354,192.55828064056,0.266651657215532,0.270030156567234,0.398118124945619,0.578267746911125,202.392183246508,0.185892731412236
"CTNND2",14.5808132847975,1.03122672099439,0.447091140282012,0.448423651972343,0.123558019473402,0.367954346281978,0.372399076614643,0.316298359919918,170.281249862785,0.123961754183024
"CTSA",0.929305269264407,154.671553228901,0.670987577388703,1.69962105966759,144.160830593249,0.460476507818344,0.313946747003676,0.279656597042337,1.60919819982218,0.136629042147133
"CTSB",0.227637546727442,0.860984006495118,0.489032843248355,0.339601672776487,0.269795142145591,0.528916706925973,0.158935834517884,0.0789982541020964,0.471437315413984,0.0981463707428828
"CTSC",0.485414856491249,213.587383369293,1.09776180064743,0.359396693631665,217.659582838646,0.663257873131111,0.312124635421013,0.118493188515114,0.503282098166962,210.950323010869
"CTSS",0.408721844250407,2.19900967857504,1.11723422890575,0.631503030599374,2.09652034146639,1.05452046509729,0.231394112737634,0.163365426748091,199.924716225401,0.80071714034297
"CTSZ",6.7973974132434,2.07256911417627,0.578600638729693,196.370174190298,0.668120024989266,0.628407595233708,0.459359577451702,0.215251478611413,0.890156266207106,0.576859168911744
"CTTN",0.72275803443552,1.44587241044099,0.239930448650566,198.194090598876,0.581699675299929,0.388100451189456,0.634859550053253,4.94622835871385,0.812156530551675,0.27920470134924
"CTTNBP2NL",0.737345020379992,218.031642101281,0.552819148854393,216.309630577199,0.768122772771091,1.22052184131036,0.727622127521368,0.610370576648059,1.44685912589328,2.44218270881918
"CUL1",1.04992002460778,2.13941809651364,0.28175724862389,0.565882911728283,2.19215312868805,0.72749326500437,5.32495627401338,0.530130585535071,6.71830573655147,0.220881463573523
"CX3CL1",186.473671856409,11.0969873026882,0.535153711358973,180.588521645674,1.56354831283252,0.7442371998047,187.322170928022,8.56549610040724,0.347532056120403,0.227377804820934
"CXADR",2.1725495735977,1.01746104792094,0.15768309062042,1.66387765213911,4.02588449317533,200.619134300586,0.823217233178871,209.966066985473,1.56200918770071,0.504336226911326
"CXCL12",0.357964904963209,1.7419167638741,221.019164086899,11.8560272308931,0.360304147367696,6.7811337336792,224.664064794779,8.50901450703314,224.700996933355,220.727769530192
"CXCL16",3.34366513986635,212.59550191113,1.91892718096134,3.66679670890568,0.448306592241564,35.6540609442083,0.362044094252493,0.182165302712201,1.02810143970068,208.30430788534
"CXCR4",196.779038898226,205.385272302525,161.87896671778,1.74281350517792,1.67214202451892,2.93370084682206,0.648033876320969,0.664951176101929,207.064210561478,0.572619238282854
"CXXC4",1.47236549608786,200.523942013747,197.150309184215,0.708016571231476,0.264939532600121,7.70962683472119,0.472109836660381,199.324838837419,0.860775958660796,0.138023283439758
"CYBA",0.311518292137776,161.459647473688,0.886203004785183,0.573777490446344,0.321782219743347,1.14355738434882,0.237925687448666,0.119954012255153,1.06361207692721,141.940793078364
"CYBB",0.547442453677958,212.431323760301,0.733026332842626,2.11304029430972,201.373544666745,1.10206931197958,0.303310745009158,0.10232543272823,216.106938811158,209.483772790277
"CYFIP1",1.35735872746596,0.506555617756476,1.71908533406823,0.427309478321376,0.202430816289556,0.478285455174771,0.487648601398168,0.240710206085095,1.4360809181531,192.151514453756
"CYGB",221.343841141194,1.17139382870139,0.864280724722508,2.39115204134832,216.798211703678,1.41786712461752,2.89685959264887,1.01479649388919,0.637247279484807,0.317835633032161
"CYLD",0.684699126924473,19.6919949746851,0.293470788246251,0.427168978500255,2.29711251012337,181.115606648077,0.697205985126648,0.479916309524488,181.409114561895,0.109946752364006
"CYP1B1",0.170470861111167,0.7293698697508,214.423974891203,0.814587166452118,0.957910401319842,2.0471555426204,0.621829396733986,0.720297003148989,212.035309595259,221.473057592858
"CYP27A1",139.800154197774,0.554370428945407,0.153034148319204,0.674051267263723,0.396583091469679,0.759778985594416,15.454297965662,1.42778961686635,139.792758666014,129.029928545891
"CYRIB",0.930487034742412,195.510428547228,0.32609641363115,1.08663337713478,0.482939832043302,0.521064643563213,0.756624237943493,0.254480058032686,0.450995582856597,0.316511784510339
"CYTL1",1.67084537495044,144.362030865151,155.710193286534,1.35675827960047,157.567271589211,0.867516986414429,0.569457261590953,0.220123618365683,17.044923823649,167.215006742542
"CYTOR",0.285747054783893,211.379655951118,221.296470594318,1.35026834038022,214.871586220649,7.20364968665359,1.32553324833303,2.3258489891919,212.324250410215,0.188748092914801
"DCC",206.979095042447,207.949320248082,200.029890928665,2.4720306156127,194.486104751631,1.16524707352218,193.476231531886,204.648279395421,0.581590313987555,0.120456071138728
"DCLK1",150.127160418607,152.865276038426,7.67340854679688,0.637023975288187,0.178862909700281,0.458468736154378,0.291561080042274,1.01233616781843,0.417441084036337,0.0783866467794267
"DCLK2",174.236898426444,175.531897369957,1.16211525738332,172.379629588037,0.189274876287708,0.248309835126733,0.370691184519418,171.435762286832,175.829539843561,0.271970447957964
"DCN",0.125892959830133,225.166244022182,1.51351787051886,2.29173939778856,0.424816858303762,0.814969831319963,0.767080085589221,1.14920608860164,1.38727835858963,238.669045419085
"DDAH1",193.198744028212,0.805800269680088,171.164094251679,1.28026398831812,0.0952336343792019,0.294165242357596,0.493927340784606,172.973225458131,1.35491188135042,0.0932246394357262
"DDHD2",2.67583025875813,208.516935342625,0.491435864789291,6.47044658397065,0.437916820148698,1.6736797063861,0.789568468314352,0.843217654451647,1.20312120485613,0.140660597070191
"DDIT4",185.83295502146,1.2589785356724,4.06927262136847,0.488625006017094,0.123269849776063,0.249872790394755,0.399437953534384,1.38664259648052,193.919714269444,192.467753058971
"DDR1",173.625016417602,179.214098261238,0.114390352111259,0.500092053836024,0.135291945423678,0.368948840407152,0.489692675449834,0.398544095373889,184.085304551387,170.025688554578
"DDR2",0.423149559206697,3.50322768383946,0.725527178088016,217.203111001986,0.26567479141863,0.468301999016395,0.481256340375257,0.965552986982806,211.686757034459,204.150840988722
"DDX3Y",195.017573877677,1.25112531350146,0.345616458971048,0.691447845148756,0.711195462709033,1.03033062379538,0.86473381078417,0.75605434122845,202.456589489595,0.306122192057583
"DENND10",209.105339063079,0.507383897878989,0.394489713910419,1.28771018420922,0.760975485279193,1.15929409721845,0.581792950855561,0.51042014997714,1.49813686385323,0.280826991390319
"DENND3",0.741085537205564,1.01156284571309,3.86373254118761,166.347288356802,160.419149142084,0.832259194787671,0.512806163735502,0.219116978735021,167.269669149157,0.580259668813759
"DENND4A",0.862701844691898,206.225838172485,11.0856588680739,0.399770357255374,0.428941585259525,0.41233878374736,0.479677358111355,0.371359080948236,3.72138473528019,0.354758405980901
"DEPP1",0.146424824137804,197.96478851461,190.984285132491,190.127227925593,0.0949012694031164,1.52933740025783,3.24009251644802,217.139405845536,199.898293368134,1.56990983404786
"DGCR6",1.76060078788438,3.39458385669377,10.0732997030725,0.842930690002715,0.517065711940814,0.441955788932789,197.036442954308,6.1146883372478,1.03282043656122,0.254456609709205
"DGKB",208.359365297268,206.248898971256,1.01118208862871,1.05676697910163,0.713446271695989,1.26917289577103,0.752948439655778,0.61320612143669,0.552499525899873,0.363348032460204
"DGKD",0.570902412606709,1.64599021557522,0.419314834921335,214.786592378104,1.31408406355866,164.085985178716,0.772064310333679,8.6605007765336,0.679921932075094,0.493920098438999
"DGKH",4.68078302227838,210.089278429904,205.527609362301,0.580712586275114,208.285791438583,0.712922032893364,207.423077335429,208.987001114147,1.43714565311413,0.10005003476249
"DGKI",1.58325079835543,210.298793016431,119.955410544856,3.49977550397149,1.20338418048606,207.144597114878,0.853407872830161,0.854929403792128,0.958677692403093,0.267413628114618
"DHRS3",232.551383671509,234.535960409559,235.455038507661,0.757365037577916,0.23480864779014,0.320983736219994,0.388799512671486,0.769737097364742,234.620894103591,229.240164334984
"DHX57",224.437384685885,0.384514723576267,0.721101422004625,218.72698359127,1.54329424415614,1.07167338970592,1.97790389710886,4.93245731574368,0.821457277270059,0.349640911356884
"DIP2A",0.991335343799658,1.26637154117993,0.188355623535292,213.388462691308,212.461013916384,196.398360463191,9.77910489421924,2.08809024667292,0.605837454382098,0.401651648843955
"DIPK1A",204.941235909477,215.288202655818,0.269896602765273,274.858741053189,0.233348452225191,0.567092371431539,1.41772818837822,199.63153174443,0.526432945011764,0.932940868591892
"DIPK2A",117.589121707411,0.454254271428176,0.272501785458962,1.4735898463055,5.00325294769928,217.654107261463,2.0487445480594,0.443586542264139,222.5493140716,2.46472808281901
"DIPK2B",0.575187005985132,2.18410179779175,0.210126220560873,206.626678035138,207.417507331161,207.830081864792,208.51555120892,208.965680502119,1.84145333287073,198.95243405498
"DKK3",0.861602720900848,148.691965899451,0.469109845669267,0.331754222550646,0.099927836307133,0.188646706903536,0.177522581994685,0.467921260110244,1.55022977141876,0.0513653237393058
"DLG5",7.89236290008085,222.517297092192,0.847723869009597,219.608696585976,0.464884885973902,0.646531187290878,0.785248053840485,211.787290308347,1.17021557237784,0.39132563829481
"DLGAP1",213.343141712096,0.675970639443444,218.076719733034,0.689405388714694,0.413317668075057,1.67499270333613,1.59063425148448,212.922808369152,0.552754628545607,0.532135783560275
"DMTN",154.801161412151,0.7937988535829,1.70458755106325,150.112823301376,142.606658257456,1.85768052875464,0.387754976745412,0.458738911568088,0.601489967625978,0.0709325989930776
"DNAJA4",180.078328762684,0.811563763320231,0.574538307541586,0.500117437016716,0.855692640322443,182.62387166348,0.58450910470545,0.592935463447796,0.471988881494228,0.0750934902841372
"DNAJB9",17.0966314762366,190.249181739779,0.353772069016441,188.070185929678,0.381615997694823,5.33815099935729,15.1298401634879,0.886517419091956,0.575140698021387,0.146984643705539
"DNAJC16",1.14017532351914,11.7552654378989,0.318844466978696,216.820540705142,212.471476230221,3.01119433923747,1.2612517396362,0.63291074699255,0.477770499396691,0.297362286534616
"DNAJC4",0.867869351543896,218.014890687894,0.401157248420883,1.9795261878777,212.025882941656,7.91158010351085,0.507918099647028,0.308452553579414,218.517607357358,0.251888466623938
"DNER",153.263375279151,0.675636307384243,0.171999110536846,0.347768284858622,0.197106939849902,0.268696023718838,0.310588780694008,0.523371180509491,0.376438224838997,0.0509929954876322
"DNM3",2.16804881517064,28.934512266219,0.133215657519578,17.4777933903875,155.718295661701,2.17605486411392,1.50848947923948,157.509853522329,0.61626468464551,0.0605345724079989
"DNTTIP2",0.531161403032061,0.910963960752302,1.31453132818839,1.31429849584743,0.414903607140298,4.08185923941793,0.387745067237672,0.61012666182515,200.10884614917,0.191318129450023
"DOCK11",217.904916016673,0.903433132814725,2.68204970417398,150.805997371305,210.913984049519,215.059133002002,0.761694671883042,0.628300168469387,0.460677210961816,0.213905166485864
"DOCK4",0.757398030190048,1.38998704860926,0.368456399319527,0.369853681813623,0.300436134501419,0.346379462935525,0.509205345077276,4.70555907680291,194.845589358822,0.270577188606418
"DOCK8",189.835838383841,217.254768185308,1.01409532709894,231.165076774706,28.9038485599062,1.89624064679437,0.498520229125691,0.260809447136309,215.591057297374,1.84216351489683
"DOCK9",1.42247293534784,1.44095698291322,0.265623956765032,0.510988181546144,1.34353318377423,1.01158098802439,0.431946879329472,0.476618069627747,0.389225528100066,0.258549762679205
"DOK6",14.7059577561585,188.160365666696,187.331278111917,187.921684893332,0.471949718220307,166.686713843371,0.506868449073631,0.609418224399092,1.2032407560073,0.0852707125509376
"DPP10",209.529343583551,0.528536000431651,3.17351356549877,209.514162119464,0.727504251406151,0.447914405918025,4.51466615333804,209.37420349182,1.59342747991978,0.125971855902972
"DRC8",2.13019463515592,215.75920082463,0.76983849564859,168.994231114461,0.658063596196764,1.85094078845652,238.792616570934,3.17548014007209,2.40579315662725,0.37189766806293
"DSCAM",4.05774957649219,1.32962039460847,0.888830992510257,1.73319476869227,0.727451477297319,234.584830467381,1.02357722840135,224.100920425671,0.98054423148378,0.591271138994636
"DSE",3.66411938595892,1.57169813378659,197.94768355615,1.39513847965547,0.803680005366029,0.665771430002127,0.402013540980608,0.240353136686967,222.491859141569,226.388582091748
"DSEL",0.566493486163134,1.61229301695162,0.209608467780139,206.152090606386,206.789538083796,1.3296708087641,0.40196492467144,0.967376492225283,1.01007120092626,0.17932032102888
"DSTN",0.224056976460918,0.897663352193233,0.160811547442931,0.332280869566981,0.243851170641268,1.45545488312365,0.394561844518384,0.29819423640314,0.427237151587786,0.0446650469676299
"DTNB",0.551903276308973,0.802457897466261,0.237178294722969,205.933892021683,210.548349942751,0.679975560716818,0.686876100219984,1.23830939601452,0.683344553055483,0.398807996143271
"DUSP1",0.153769963596333,9.70851435840837,1.12327426770063,209.68005750067,126.385763882687,2.09729598014871,0.668398897635389,0.352127784567775,0.348184057789043,0.525247653210788
"DUSP16",0.747093588951091,0.878327444210811,0.347163946958389,214.890564136462,1.4564202456773,3.89063971962947,2.16986018562606,0.532379330669626,215.948621319152,4.90206200364651
"DUSP3",1.58014147876944,1.3062505899716,0.326514400113618,1.53985707870528,1.12618961807087,0.48729588103106,0.872051072399111,0.672167691526872,195.186172799464,0.107731492325595
"DUSP6",0.31722256144748,0.811466839880376,145.36853936271,151.782258773345,8.53899966609438,0.452344791350638,147.299653315986,0.632819532201056,0.620196787821214,999.997781089989
"DYNC2H1",0.726643361960662,0.635022894189012,0.694854490190852,6.94335181703118,0.584172103643283,1.06624817589181,210.214692118786,207.528897106859,3.81713036769468,0.34792466943665
"DYNLL2",0.943017429613008,137.777861148403,0.274399736970278,0.409468290792529,0.461009836913079,0.392169696030522,0.334359493849241,0.416999476075353,0.485277331581341,0.0507855282021073
"DYNLT1",4.69444951436115,2.02109058120605,0.234771090230809,0.402643727601256,0.5738329521297,1.49005583806918,0.662035742708745,0.752170585686684,205.848576240943,0.729536637470756
"DYSF",212.663119649612,6.44532020562679,0.272372656707829,215.117869238074,204.664017006372,211.559162849967,0.512692137295635,1.30389523272817,213.236581836176,0.18915944823401
"DZIP3",2.33521743974085,0.634527857942125,0.535721887146719,0.988517661834067,0.569183407725593,2.27721896834762,80.5715566012052,3.33761969474478,0.42697894783377,0.144385573319016
"E2F3",212.672128176977,2.03287131304667,4.5230750844404,108.116044802173,0.431079621335073,187.326666231398,3.71655890274823,2.04396156162937,219.610414663286,0.30673000126346
"EAF1",193.807264726301,6.06581108433459,1.096979337283,204.694840361247,1.9843058896931,198.415159143416,0.56429063705157,0.591700712815101,1.48822676689699,0.18389466611509
"EBF1",0.567800529048688,215.742165523944,1.69269171772249,216.877976147298,204.496853991128,15.5794928587623,206.700123597218,215.279487659673,219.820971159254,0.182697551915025
"ECE1",0.665322918999841,212.966038889607,0.831826596295817,1.4130176990325,0.468731260007593,0.796204306413484,0.607866001624399,0.601362667172607,25.5804858996328,3.14436165829426
"ECHDC2",1.17403521137422,1.08281503806623,147.176316634345,1.11049864345771,1.04473900894458,0.629261005921195,152.671801902514,0.342461042027286,1.43273521856057,0.557730785194542
"EDEM3",207.896514488107,214.249286152866,0.811265050723628,210.322071585946,0.360565211371605,0.76470387836072,0.555965336258716,1.43016091577467,0.716809153096786,0.417649610214065
"EEF1A2",3.5034180823263,151.432463545017,0.561160174238926,0.955481211454479,92.0436011836968,2.9563652203971,0.405937142043736,150.141028000933,0.776309786874567,0.0330420603371738
"EEF1B2",0.429426863378857,0.676620916365793,0.177326845592167,0.726985761879366,0.281651753233292,0.205427923269043,0.258172683189871,0.13594034808871,1.0830826897613,0.124567370756006
"EEIG1",204.74243311406,0.714980225375823,0.160634748441285,184.861147978837,0.419231997485593,0.455269327363332,0.678065446631793,1.71877646467184,0.953936998392579,0.347820842389346
"EEIG2",208.732497597134,1.2000530868179,3.80240506848941,1.2174069580348,1.40887124410935,203.081296283627,7.05977804378838,1.8621814269103,207.274939808026,0.110819918029869
"EEPD1",160.729293351901,0.865107121040559,0.34316205928813,149.949397539034,2.52726098674484,150.322774007474,2.54797418579977,0.472793085722728,1.9667131172744,0.522734211506024
"EFEMP1",1.49728163529914,182.55233896211,178.73740675005,0.481931380436475,0.0712103510165106,0.20977914767437,0.529616681956253,0.576626212747291,185.853519123662,188.172117919987
"EFHD2",0.862893637392692,209.307285044786,204.548502691875,10.0577286195797,0.495778709822377,1.06810036472446,6.1608981775744,0.329198984614049,198.624497903324,0.248144621219386
"EFNA5",205.567694794323,206.470008803119,201.77791352662,0.978932677552398,1.06959091504246,204.04326685867,3.32041848805339,201.597743633837,205.190282622329,0.179677671934399
"EFNB2",0.574955741599716,215.230038710834,0.8918095414486,197.421920836825,0.64443284311519,2.31310592859095,2.68994863060576,1.17544957894266,0.455915254341488,217.340855491624
"EGFL7",0.173262254398239,1.34767543924112,1.81171182516827,1.19312649549288,185.837311179051,194.278565877858,0.52782881187561,186.188736088563,4.17819497986954,0.120723029095564
"EGLN3",7.11209666600169,11.166113335116,0.472696698243845,1.58727449007209,0.198278513893878,0.60615847698964,158.093275370586,6.66760801697498,228.250510474142,231.251111039614
"EHBP1L1",0.366584078145169,1.24505344821466,210.4328702737,215.854976739223,205.835296000677,6.63597986855945,1.73250409042834,0.200050697426916,1.00104183724441,211.200354124454
"EHD1",207.802506849626,209.308694474062,0.402018426059114,0.797562425759524,0.849657101462999,1.55881138946123,0.643492841195838,0.361542026248592,0.638144893566923,0.273160702965837
"EHD3",194.64015686931,0.641028654367563,0.288819051107345,189.569543554027,189.351407762352,190.76636991805,1.51497590233853,0.763422003953253,0.514081895873299,0.135767827519796
"EHD4",0.47496578647513,0.730403010774139,1.22808347811598,1.09917256285858,0.625241872774492,213.319172614679,0.583436933771166,2.97370775463172,0.976800414946997,1.51433820551296
"EIF2AK2",0.699765580394693,0.748291190529895,0.463383078392271,0.805297082118327,0.645471741435355,3.36549071841034,0.794306034395059,0.362164643795672,0.410514557888895,0.194409243208341
"EIF2AK3",1.48035657659939,0.819236740499332,0.352952305859422,242.169587863584,207.489686305007,218.743750998833,1.4255845150808,2.38685526533157,0.552349119394745,0.371123069516929
"EIF4E3",2.37361249688074,4.45124127884671,3.67970956847207,195.31976386289,0.464424188277264,0.397035873071899,197.152420490764,0.661343805296544,0.651586341812801,0.229211270057092
"ELAVL2",1.04893973396917,170.138444479638,6.86838998848262,8.26289306696824,999.982619994017,1.25809938593538,0.990690210954361,162.916286715843,0.433949329687977,0.0520700373609315
"ELAVL4",2.25142247440005,2.4133610729848,1.53065905887723,2.53596158291779,1.47158129825808,1.08902217094904,1.27289355171028,0.611579694189092,0.367966558923374,0.0800617352486689
"ELFN1",7.68552655199114,1.17732001473626,0.704682039524219,0.741280502780912,1.19876022128017,216.150850570839,17.3546976362174,212.969676879948,0.413229196633261,0.588231941438661
"ELK3",0.478805789109557,0.842353314000619,210.841266060272,4.28900778387485,0.274515721981748,0.398934096437941,4.53935107312162,3.71731816060977,2.64401304797539,343.703211789877
"ELL2",0.703848126507291,0.658331710384175,0.398882373768119,1.75150910266738,0.847750574202437,3.47359102407972,0.582245396347293,0.398755895994668,0.557619981469457,0.212349379853482
"ELMO1",0.916215305661676,187.038401200393,0.132025695314477,0.770797481026308,194.01124749136,189.507062746692,0.540425725353559,0.948566513744208,200.345441092643,0.138822652826836
"ELOVL5",1.59319703664324,174.449298882082,0.131381935068463,0.392292533047915,0.365950441543772,0.491494791603672,0.408718986850764,0.551458888915409,172.333683877806,0.101753101115111
"ELOVL6",218.723532310658,3.22734563374172,0.252338043218182,0.997842587904496,215.028172781719,0.947355084826756,1.47007448840484,230.235451474824,222.849501248398,0.142739770727111
"ELOVL7",0.1815565352579,219.908755322393,0.350574408814398,218.101420357994,219.597135093414,218.91804892206,0.487562407812437,0.617169127646149,219.049832805393,0.301194425536139
"EMB",213.457743007097,215.13642495393,207.025335746278,0.721854928797475,2.9985248364597,197.249264351327,0.729190158777618,2.09996558457312,215.799270379485,0.164277775662692
"EMCN",0.210950054644133,204.358658673888,1.82482161323504,206.644965566361,206.840637375461,208.146548020496,0.634830575514565,1.20915536830612,1.08393577369517,207.088419179217
"EMD",4.49935763810686,1.17210246891937,1.06254762923532,1.12525606697092,0.475951619634401,0.953170790069432,152.527621382283,148.170884690813,150.82328083408,0.193587139734277
"EMILIN2",155.066312800698,0.971690638778758,0.185219433098186,0.479189712393627,149.025400236862,154.787327052374,155.503025727747,4.345665877809,2.60420460772597,146.653574204427
"EMP1",0.753742918984855,12.0910584234018,2.71117107566441,1.65668235220172,0.154833713325873,0.311830259390013,0.823692618900316,1.27727250534199,206.879843344274,201.965152250987
"ENC1",2.07900977531524,2.86287802290416,0.557871341275444,88.8643682674945,2.31197995786727,217.113831220493,0.778098033604224,2.63453609710971,0.382779742449249,0.327791117181277
"ENDOD1",0.364637791913862,2.29235812923753,0.152607808776178,0.441055138169432,0.315807383913952,3.30091110167111,0.335125139370612,2.65353048627511,2.78397927803691,0.166977754771234
"ENG",0.109145512946544,2.33391036883631,196.208769973589,196.442073705732,0.571168290471652,195.784977767801,0.474298513671553,0.553952313342005,205.821918011673,1.50396005651926
"ENKUR",2.51253456430747,214.85044869798,0.809916880659395,224.653027753279,0.263292450190892,191.579832529446,0.903604364155463,195.47981137707,213.728040158539,1.03878189601032
"ENO2",150.051849382874,0.673154781960411,0.610309883002958,1.05142186198576,4.39350955950369,0.502704019542014,2.45258277867891,1.32019916234933,0.203359758587771,0.0459912323327223
"ENOX2",216.314015224661,1.87336420738436,0.380488971271628,0.713114234325508,221.827921005507,223.333652730374,4.81168803741405,0.811098075021735,0.45562557904376,0.367484389212709
"ENPP5",198.529028844778,197.576657028089,6.68815633396667,1.00001183383976,0.459099441024718,1.11662064007523,1.05743303345638,2.43489241408332,1.5595142878743,0.120380578421221
"ENTPD1",0.454962844707276,203.48769293282,198.166764235602,0.998220329429576,0.648769479106001,203.978321241451,0.625710915884115,0.380800359685771,206.573675355106,204.587839948512
"ENTPD1-AS1",209.37109081506,1.08312165789554,1.82340022037546,1.27081717068713,0.492565928638215,2.17070996113411,1.00087268419751,207.791473246591,209.331006898686,1.26982982964573
"ENTPD2",226.957388722591,227.907542274597,223.172386829314,1.17913304493398,0.239396663773699,0.383464130020629,1.24214997694397,1.95021440194069,230.258304795542,222.833942106432
"ENTPD5",0.858393264957753,2.80060413888574,0.476253212788485,206.71764263853,237.862406366286,0.713625426265244,209.229700363742,0.766008360166352,214.953615225526,0.382959176640456
"ENTPD6",2.17851399413946,5.40171961053727,0.503969559409949,0.845711372673158,1.25809218708546,172.00479090259,0.779724409588,1.22884423429982,187.551617529315,0.106175676867131
"ENTREP1",197.835310823011,213.858671389087,205.149241362724,195.597272791807,0.127389612621755,0.366306302468625,1.04981254403422,198.29185831851,204.647113800935,0.923901980018639
"EP300",0.389502930088416,206.629311265049,0.279254409351882,1.67974807019073,0.58065760895698,0.484966234446028,0.791688163209638,2.25998587358092,3.09529957195372,0.617664556530937
"EPB41",0.99962789435026,1.38896788918542,184.529343038533,2.6598573073545,0.888820098426247,1.15414877738062,0.605483022008072,1.67130349513692,202.232466972451,0.232195252124829
"EPB41L3",0.78568192911049,0.492068163908454,0.136543409108476,0.872696481332252,142.109322948406,1.05529296962901,8.48532027753898,0.87361181372548,0.251931463879395,0.0774183620891454
"EPC2",217.807717801968,206.276674231452,1.27142530663187,218.213852781999,0.286320663631482,185.251670523212,1.89225229851186,3.2282153196754,1.29371925553334,0.624981962678068
"EPDR1",3.66921000660157,1.44713233494469,0.539831095914476,0.628644845705831,2.74833783568709,0.660529178038165,0.470707686956889,1.0907116391786,1.02656275460214,0.0653276034386193
"EPHA4",217.761595424412,0.838469146541965,1.98482156036006,138.186445352263,0.753058814795881,1.04504130030804,0.471052872920841,0.718579135437745,1.65411720305726,231.190496713803
"EPHA5",210.794572248455,202.693329162123,1.49735550323236,194.760797943286,2.78959638202519,1.61014757262484,1.2820364216469,0.676953466574535,206.261334464254,0.195568022969004
"EPHB1",0.852017185238615,9.48859484750199,2.05820586476339,1.05393727590099,0.584945865699382,1.86580846626059,215.003244682044,208.397737976303,0.622400259180513,0.725304251077112
"EPHX1",0.380001765898195,0.683282087110343,0.898644743784488,10.1689316024745,0.127040188306591,0.189691692731707,0.455492199091774,0.464413531694982,1.25675333541669,0.60685387480931
"EPHX2",176.355634932954,177.574438486915,0.65601457473562,2.22864914950938,0.796230172593862,0.854424421951531,1.03398022342026,173.616988124124,176.036044209239,0.147482994935127
"EPS8L2",214.513870425792,218.802936926294,3.75147653722885,190.607280996119,1.44309486453186,6.31904524438694,0.866580057847556,216.085925767096,0.686279646506177,0.258189708538459
"ERBB2",2.53049093336098,5.67017742904783,159.707478511003,166.935377576413,0.178473553065422,0.654277521037219,1.08106661280207,161.141085419962,166.066476326585,157.399010249179
"ERBB4",0.58732312148275,9.84824925276204,183.979075068759,0.949330996938113,0.186455729472484,0.671233386983004,0.518477280469467,191.237051831772,3.05114509221823,0.14158739377902
"ERBIN",0.853763501571491,0.604876387754726,0.142590721473635,0.394548491973425,0.170300116776031,0.532247035199715,0.434722818099812,0.421231076691278,0.645239924986981,0.4212541412376
"ERC2",3.36435447292237,11.0102825588364,182.145334547926,0.634856356954458,0.273808928401802,167.18632992706,0.660456080262359,185.188274169784,999.999989645907,0.114582225520149
"ERICH3",23.0851206793245,1.20516033389608,0.388201985006852,212.117598332151,205.134611444183,218.343206849183,185.770560881457,214.809882047749,0.70724056220047,0.307353857035732
"ERLIN1",224.727988927022,216.736715146173,196.22499059659,0.595909810175704,0.340211963707494,209.684902922762,188.207647988599,0.658969753385536,1.97455251117159,0.797616978031273
"ERO1B",221.084949410616,1.9803885212041,0.583946909254355,223.248263984756,1.00876148410953,0.511088837737135,0.721208244631465,0.933947615220008,0.642716992144019,218.087506132415
"ESRRG",0.90141420080267,2.13951351796851,1.06012004995147,0.91829483866007,0.961299868810163,1.91698832725938,216.338155358302,232.18460709775,0.638148438872616,0.245597410670273
"ESYT2",0.596084654322391,213.000676981065,0.375987545268171,208.282341369075,1.28049329933215,213.02706415334,1.39120845450223,0.897388011212082,0.468860541540352,0.275105395258937
"ETFB",183.262784824209,1.09631362625602,0.215056409296288,0.597628302861329,0.265646620673403,1.37331243504246,0.485587948875419,0.3311978347027,182.143855247563,0.200936981845391
"ETNPPL",182.125141924046,0.981846856948052,1.17973159021558,0.719761147049431,0.0736929439845316,0.209815785588376,0.383853838021671,1.14215970937613,202.581970852324,176.173166338113
"ETS2",0.147784347143696,1.05804259657394,0.778217517063971,198.236471908835,3.00877955164537,195.396898132649,0.31284862830446,0.368138097065093,190.102092336218,0.352679602344184
"ETV3",209.768109503576,182.954963541951,1.11758711893759,207.044905780826,1.44400350378928,0.573271614137921,0.616832072202801,1.33899065280067,0.789898839450624,0.553875881659167
"ETV5",153.957356311019,154.289065019845,0.366649983899124,3.32005129261591,0.566806505182749,154.109339536079,0.4867289128404,0.497751343780979,154.63045802377,0.527918886634712
"EVI2B",211.587083584284,1.41713765609633,1.82667303548263,1.87374904373524,9.91200899789464,210.240177098288,0.591721970914157,0.251795176997781,1.80132143420056,207.383928640599
"EXOC4",0.520310918381162,167.260726537716,0.451249353749926,0.891250711624556,0.661180582503676,166.461155119832,0.585749767242547,165.763324201867,2.57927717026414,0.140807213652593
"EXOC8",1.02583162776337,214.873735372418,0.509844118230736,215.021963701019,97.4445856148002,1.00368569894234,0.524520230387033,221.34405283014,5.4221257232078,0.234701956778718
"EXTL3",2.07852242169962,0.966352916754298,0.550689169213533,205.303629552134,1.64651949735598,0.698943987288403,1.87947281978948,0.458068117750183,1.49561827258744,0.333624511027565
"F3",190.384316064919,193.849625990761,108.126567646653,0.417337084957943,0.0449038501693973,0.157994883629408,0.340243195729637,174.667070893251,189.280949334445,188.026754824893
"FAIM2",152.439855061708,0.485329041863886,0.101811112268743,0.434058383469352,141.04606981967,1.18249743345292,0.351194566039792,1.20583968915099,0.228895345187743,0.0564613401439799
"FAM107B",185.081909321404,1.6628931930599,0.0754553605010786,0.677127303410635,8.67034820814451,0.643400759745488,0.491477902830826,0.384235890481589,185.661071495973,179.6351917608
"FAM120AOS",0.751264732092576,200.534848401839,0.396600206158132,0.618789270370041,0.545902096490077,127.756493144731,4.04282880061839,0.476386703365506,3.22078574059296,0.444020670741936
"FAM13A",1.40890469115994,7.58616109270768,7.31739655550246,4.14459548186401,4.30819433912522,109.408698462218,1.50715614833682,0.499509058460729,0.484087657460484,0.460421912666093
"FAM153CP",1.81965246641092,1.25499405175267,0.871085601648934,0.661551737005113,1.43020437742668,1.21845005205504,5.19254533054299,1.79758656925527,0.678725789936006,0.605161020687458
"FAM169A",218.800391658852,0.391611821685294,0.369913998729263,0.682711751005186,0.584371007724869,209.090679235964,209.295643288117,1.19970146893478,0.445702235488278,0.169685301461824
"FAM184A",214.447222369428,1.70258658741818,0.611150078821124,4.40295800494485,200.91597463468,213.6717195656,2.54138651712871,1.44829075545026,1.02340557262835,0.139551114594736
"FAM222B",1.28285488088374,228.439624260143,1.12752983429564,2.9474256584405,0.73890319227112,238.666618210878,1.38702323985498,3.5182358299373,227.655662244952,0.325354381604848
"FAM234B",219.81530404474,2.77601205504409,0.468775935876695,0.922222274428861,0.978587497400097,3.79241105810785,0.689510342425016,2.72935857497011,216.145499034248,0.171727220446366
"FAM241B",1.37819088068499,207.232269202848,0.648223375174033,1.31684809536842,18.4737786052911,197.929280622105,198.367035220229,0.879082174337557,0.44486786789738,0.157731856503509
"FAM89A",1.55285628770784,1.80747099363168,0.728540981197512,0.730752790372627,0.264917458822825,1.03173579706022,0.80318059198362,0.973319273348993,200.378730484574,0.56955919077703
"FAR2",207.274815712305,10.3821259607266,0.926073226251784,203.823285869834,201.401682724745,202.558873121628,0.850420317319389,1.70583398587121,206.26240292821,0.149458652969334
"FAT3",2.90237870070093,1.69905448674203,204.099697523301,210.427628122866,0.172325104619999,0.360461056311966,208.099579360403,2.31906351745981,0.948592611713052,0.302090920447906
"FAXDC2",1.25798842442245,203.459852160286,0.112437304972027,198.991808203221,0.689732551322784,1.22598246268595,2.56752911603696,57.2533438554652,3.78406496680968,4.02037465236825
"FBLL1",201.342744784024,0.894120380045603,0.43555084413187,199.025218275498,192.68986681774,200.823439279246,0.737538104891247,178.408827669552,0.533237016606674,0.108223489812657
"FBLN1",0.222028147453452,196.726492196133,1.0801726024945,187.988860585695,0.26874556384274,1.06759373967827,198.922913613123,196.668301918084,196.974598033059,1.15667711338752
"FBLN5",0.446947560787195,209.359184777894,0.830421311761316,0.67549791935237,2.39469238169243,2.08786948273884,1.75814261919174,1.15193519395954,1.6519312195756,0.551322417424306
"FBXO3",215.821313302221,209.040893262416,0.486547443778609,2.64084221237905,0.521623069330417,0.399941623910677,0.688287275502012,0.995417811120353,207.299728539936,0.154254889179077
"FBXO32",176.513889300115,1.15558573783779,0.177172557233616,0.668692988620615,0.664439757613663,1.34235737018925,198.418623546373,1.16007165212017,207.944320250777,0.469068511986356
"FCER1G",1.01278266020766,193.274174638461,0.798193606021582,0.426000890692595,0.400620305344329,0.740597151216665,0.199599376053439,0.104986558285314,197.035745955716,192.089477923046
"FCGBP",1.19813511895247,198.332996850514,193.684915696816,0.548560427412411,196.150842674822,1.7112972131821,0.232337936235023,0.0982270572606594,200.334978268398,2.29548628214815
"FCGR1A",1.26068943549179,197.003210762662,180.356540826545,0.398275963665479,0.637230459952546,1.85446239913103,0.217614036625616,0.1035949642734,2.79650250406791,192.539334993188
"FCGR1BP",0.664986416425572,204.282142126363,1.34941186265008,0.721610010671974,1.42465235784397,0.595520767606495,0.452162149032926,0.266211586013365,7.95153304204944,212.152142048841
"FCGR2A",0.489163565722246,0.701837171050033,181.626152062035,0.554356637399145,0.6806383163919,0.725899665005333,0.262505069952892,0.151700977394923,4.51806310032125,2.35647259006967
"FCGR3A",1.8054705744997,2.24854678967683,0.848994873279275,0.402151960068837,0.513976775322175,173.160211547571,0.150807045593855,0.0672049207190137,1.15626769470475,173.230977236385
"FER",0.533274122258644,200.515413308985,0.939353853320979,212.419280848043,0.876199442755189,0.507182994793989,0.489159788921964,0.312937673547457,1.1901690196201,208.709050903399
"FEZ1",5.00965523236521,0.584711979469807,0.0460411420911789,0.720043898226677,0.237072293849931,1.09330838597755,0.562676272468087,0.430433240946029,1.18403796922411,0.229744739801553
"FGF12",3.66935043102291,3.60929665689864,3.0558361742087,0.762159186015747,15.173212265522,123.072307430075,0.303840843741627,0.614916127611069,171.165305662142,0.0532314938559663
"FGF13",181.212326893857,188.604922471222,177.061753185971,1.51382407495882,0.912645724398528,0.985430117208316,0.628167034607747,169.783591393797,193.751029312195,0.0769306158515007
"FGF14",180.072316280959,0.359230868580053,0.299362800880502,0.619372191365744,16.5645269745218,180.018259991423,175.858102024652,174.978407164462,0.277070363981886,0.700059155639523
"FGF2",4.96725069530692,197.85337900833,0.665257762955896,0.466830234625883,0.11186416129233,0.230366866833719,0.496312328360294,3.25811964949958,193.024057823282,198.0880084748
"FGFR1",201.187147680125,0.655781647625085,0.329181263151547,0.995493064336182,0.282967819896345,0.720467349559874,0.77326726431317,3.56427857738955,0.492547530326288,0.429764951426048
"FGFR2",0.903798550556724,193.295299925567,0.0532359784913231,0.625206304727572,200.0433572054,2.33500683269054,1.33323820008181,172.375504719355,214.897008946598,0.651125312906957
"FGFR3",172.100658277438,2.29569100458889,171.535776102304,0.735195349892387,0.0566217830073701,0.221535271509457,0.277920567806971,71.8706989334044,174.207953431478,176.968152203209
"FGL2",0.51985223600214,223.707234476383,2.4118340611292,0.550745025617559,145.451494238357,4.02586590278615,0.260447670740896,0.14959028942834,1.72574784808207,1.09340801109381
"FHL1",182.671209525414,177.792055803034,168.846990283198,0.396259076109546,0.0857952240922393,0.256635985251812,0.657087774421409,171.694596149263,6.91335138837716,0.117134809023774
"FKBP1B",9.20336460275465,207.901601813245,187.684761924207,207.353420561564,0.716979651234374,3.2949858913719,0.862630393009054,205.665534338223,195.870992372861,0.144309976767516
"FKRP",4.11106479775359,210.289509440681,0.952143127911914,200.096994133858,1.15105453903859,0.93506966059015,2.17100623532016,204.679559848292,1.10471655334729,0.380645319172486
"FLI1",0.536599567239912,3.60334756566312,2.46727345288706,156.548212923124,148.799125412302,155.482248872579,0.588311350627932,0.394823687257578,155.613223084337,0.848277289539196
"FLOT1",0.479798033462184,0.599667595420986,0.418989121138471,0.581270790998559,0.346608392275912,0.549347983360064,0.401471490238826,0.332859495906039,159.88617731892,0.1185234216128
"FLRT2",1.27863251475171,126.077942589015,4.26123906977742,2.32859544354993,0.317093919612318,0.421546323176277,1.25640555306043,1.52957161801979,0.51593001133745,0.897281850537382
"FMN1",1.42723711434008,218.944620413455,209.396701820945,5.73788304536573,0.698602302888105,216.658633550369,215.81082763332,1.19587351855276,9.77711175662491,0.232388278637194
"FMN2",0.816182097255877,1.27934465476234,1.61458606342545,1.14154616843724,0.194091954479322,0.4000039714131,0.51377346012519,1.33171463445383,1.11034908664678,0.969912279764584
"FMNL1",188.430119587358,192.511377915225,16.1798097885311,187.948548978135,0.87014461540513,184.300538247827,0.901529857582788,0.464698235308441,1.87483535096399,0.424387694782204
"FMNL2",0.653471227545287,1.07349686433065,0.0801484590084853,0.563517660462473,0.220252212514665,0.507171965573523,0.512356883517026,0.834429948194201,5.12927784140504,0.967730071304117
"FNBP1L",3.63036408258139,0.663954569713249,196.239851131544,0.45019872348639,0.264802139927253,0.771283186303389,0.909994152538629,0.880392773184871,200.837885602141,0.280309180324226
"FNDC10",229.865575018085,1.52883729776833,0.518261784561026,225.875001969594,216.724375135304,53.3064332636211,220.306248249817,224.610435605169,1.30713960867256,0.155397957758183
"FNDC3B",0.46684443300581,218.939944171874,202.989764113217,211.92518278269,0.330320534140753,2.62473701382748,1.15251460923645,1.24173006023643,213.799285768957,3.71687994676532
"FNIP2",0.571261923331123,5.86531546741607,0.286872021182183,0.927787081484726,0.840509394185448,194.779716090278,0.497250223135094,0.371075530437146,1.00792789462306,1.97707042810755
"FOCAD",222.398924993204,2.33779037853859,0.526210655401045,1.13266804511802,3.68061910160114,193.780142474125,0.693444422400905,3.60208214124391,199.997472883502,0.137607598569509
"FOSL2",0.215553693708917,157.469470958894,1.06212829778242,0.764150898476058,0.413402445364663,159.627621846688,1.21209060900913,152.607878512021,1.48717629758245,148.614367304145
"FOXP4",0.87257410430751,216.083202024374,0.788428203306672,11.1703120983378,8.98914277859986,214.627658993685,0.639717144811911,2.65461432641118,12.3360531945995,0.279020413132808
"FRMD4B",0.432959297034936,0.538136618215281,0.171361244784912,1.02996699295498,1.10030351447365,138.779181244441,0.933797522559171,216.625080015159,4.49025860090731,218.618841353032
"FRMPD4",203.985155195907,204.193646831,1.21460560929468,1.03624796491689,204.47972947995,202.905542185735,209.717500990287,1.34656005679571,0.682537294165924,0.15067942673974
"FSCN1",0.609634218035565,170.455610372958,0.133023570772871,167.746196099364,0.590163595281407,2.35161153840145,0.396972726062905,0.180270004081286,0.710948341224779,0.45257257170349
"FSD1L",179.375639289941,187.361529284153,0.524820010180478,190.041041003631,1.92125388140601,6.73388172750508,3.23421664825017,0.554481545100602,1.27559324633761,0.14077813596171
"FSTL1",0.205256029056947,201.294935789937,4.20164381981576,0.656438558603947,0.246362947298806,0.556626076450516,18.0554608052714,225.583745113116,0.482420749694867,222.32133953373
"FSTL5",0.635066265584312,0.5595168417687,1.08778004207672,2.28899283071361,0.623218802137503,1.2591779792236,201.116647752707,2.3402175504426,0.471684572545578,0.29281968049577
"FURIN",0.505228752066191,0.620973234140706,4.70181023669457,1.77987038736205,3.91923101226318,0.572534766921753,1.45642706715047,217.573618274256,228.365247499107,0.260676957902378
"FUT8",0.982015823970058,0.592147115388802,0.176188996961156,208.369528494386,1.66938699406182,0.753656630387092,0.711578063204228,1.13398104363436,0.465438207010704,0.618777348792119
"FXYD5",0.445063542071603,3.20414609072261,1.74254682931987,144.157358409762,0.685299963499307,7.21372524963785,0.778372830696022,0.387527620100845,1.00714569651822,3.40586089619969
"FXYD6",1.29852191970581,0.302577355953655,0.469580992628485,0.718390531934626,9.21290374328821,5.74790277266565,3.1269880542276,999.944641817887,0.285273871691409,0.12929113130744
"FXYD7",188.113850454554,193.997235213909,185.84442303101,0.821560376950658,1.34054027024786,0.920934866597462,0.46357063394906,2.04832497970989,197.717144071294,0.0921746267121509
"FYB1",1.35404099236529,1.51477635065761,0.586570984202465,0.447762858038086,200.778626418298,0.425756832894409,0.251609644416013,0.131132878924565,1.04906152370343,1.48367965244046
"FYN",0.873793521930837,1.16068949394293,0.254881290834735,0.381264612261144,0.169883458507784,1.32225096159936,173.798097471333,178.743045103683,1.58240738335107,0.160782909762368
"G2E3",4.46326104697161,208.865115371475,0.531308439624564,0.969714077521168,0.667805082585142,1.08888702570264,214.470486541911,222.056283920163,0.692683706226903,0.411383280463209
"GABARAPL1",27.6322718119912,171.274929716981,2.0516460814761,0.703386480904697,0.332341963204485,0.626327644644048,0.675230357535528,2.41031960514711,0.291088174008184,0.0483418338038175
"GABBR2",194.123732154782,25.0963164780893,1.06442791192396,181.424519617959,1.07712338839816,188.437818567374,187.19451569924,1.05252453189067,0.482848878572982,0.090957792395946
"GABPB1-AS1",216.9630752231,0.906835138294627,0.722047857365274,205.906005700514,0.472937435612884,0.681105631430209,1.8162339183366,5.26179144237838,0.674536716908413,0.581703922018946
"GABRA1",999.930378470593,0.789414321192557,0.701061052265357,0.431336390333386,3.51956598986507,0.571619535360702,1.00483634504713,15.1660395281779,0.163361969875086,0.111175680625164
"GABRA2",0.430120126860622,1.58673590502219,200.368284040114,1.79368058814669,0.668855284028528,2.24877187101709,0.722362950301018,285.150575071408,195.884848994096,0.581182071468978
"GABRA4",1.52296944337388,198.178044608921,193.041474606555,1.0381596035961,194.739746979432,197.293392175092,0.763645002907085,192.050447456527,0.543811784957408,0.0979888092733964
"GABRB1",0.755702098189848,2.25238467729508,212.188662396872,2.30031473886075,0.41078205391452,0.451162560327555,216.022085313231,1.9892642922055,1.20135707628461,0.23523426963358
"GABRB2",1.61944227837796,1.01151050312187,0.475950945980605,0.670699649400618,0.49360836043284,0.411521396391015,2.76200216741987,2.05509960135489,0.21895914433381,0.154960997319547
"GABRG2",1.65694190121485,181.448382057941,0.732991154459284,1.01446332139453,178.407665426964,183.489674717339,0.966760050539348,0.935227678731322,0.246838234564712,0.0712461786092736
"GADD45B",0.275472380971536,0.927005665442394,164.911333430633,0.420380834870966,0.089888892852577,0.254125613832024,0.932909610649695,190.320963813866,2.03211946516629,192.058230404402
"GADD45G",5.10633910092771,1.83582161008403,1.19655830810565,220.150088631332,0.478007922184869,1.1071552342104,0.557280330075808,267.252422928907,0.712587983693431,217.142289072792
"GADD45GIP1",1.53743824461021,168.809942532145,0.327061588974171,0.621345176849345,0.331551794910599,0.904663332229621,0.380424306331399,0.415488748994714,172.207377766074,0.118667410555237
"GAL3ST1",211.099329064879,192.446217063179,0.248798658557092,0.516804842344453,1.14601045482278,207.338676400021,2.7186049778137,2.19022067034382,0.494951957874362,1.37329140846908
"GALNT13",224.550780341516,0.566163691332496,0.45871268671935,1.6606446519595,0.607183105136721,4.09807591677052,0.583034614779953,224.558379457815,222.911187661072,0.342080684438794
"GALNT15",0.492791808366282,18.680085454079,0.166930729657306,0.845390981117489,0.280412436114087,0.257064755813197,4.84054679963862,0.911375291712102,203.479813181325,192.670261381826
"GALNTL6",214.27813921971,215.445023174077,210.045598352956,2.45385652292388,210.774023845474,213.802333158679,2.25949674578952,211.653196639187,218.343265291283,0.101167683255326
"GAMT",0.794839575087128,198.067230638616,0.183199644145038,190.127086176959,1.36624548204541,0.843216502753386,1.61230301438925,0.93309405082225,0.61892878873977,0.178313389331794
"GAP43",1.60136993579345,7.76091118227804,0.478623971012716,0.934591672716964,0.577636354068899,0.416677023449732,0.473009189861555,0.539252164187968,0.464637521799513,0.0464541440751867
"GAS2L1",0.741509179403962,200.035679424479,0.614273768753771,8.37896482390193,0.335775819471581,1.34547677285951,0.843266478263076,1.76163122434078,5.01138244659221,0.230608608375235
"GAS7",0.635523343633542,6.15442784154981,0.113266876897568,0.771708784894952,2.11056432039127,1.02399333031571,0.683849650766771,0.446919352131133,1.03695471418493,199.545245007746
"GASK1B",275.881895640543,1.1602133116863,1.2726543382583,0.786272293536783,0.0936056688109163,0.316299060808153,1.92724673731166,19.1545278321481,191.845213068361,187.443403123692
"GBE1",0.794670001100083,198.091860812141,191.146629066717,188.19985439812,188.860869828179,0.704045553001334,0.798631895907294,243.340635002977,201.407105413858,0.05294330428774
"GBP2",0.572310787642491,3.22152831121877,203.495877221041,2.50468355667308,0.534024605918967,0.62390228754092,0.876120171695762,0.550901052259679,98.1922234843062,214.850461497182
"GCC2",138.285912521337,1.22764840437065,0.509785058958217,0.815279263189624,0.340986421017381,0.386287603927248,0.526863494620376,0.59800203848665,0.432183015207062,0.130472991951957
"GCLM",0.7170700633536,199.113950474284,0.661585280954661,0.635703237669688,0.265906781927292,0.961770575598714,0.47679226458202,204.382110863026,1.65495898709875,0.139165569082211
"GDPD5",3.61388390542954,1.79089004334469,149.855716680951,0.833106846992244,150.277912834764,0.671221668955542,153.883507383065,152.925794008906,156.029769944174,0.138890321815404
"GEM",0.578285687039358,51.1701078644527,4.94595733834359,217.205759541195,0.604709111471682,1.29369264434062,10.7603915892833,0.865040154863891,1.11883915848574,0.868290465428792
"GET1",42.5180208217539,0.678396974054263,0.173331308286965,0.300158479065033,0.285949009261933,0.469347522767439,0.902790544340062,0.506231419675782,171.642786389533,0.148571550797434
"GFRA1",186.902191225856,191.574617020796,187.687447465543,0.67954272804495,168.20418057165,187.93386040135,0.614750626957259,0.455692169720304,6.60728362044373,0.0722175067953972
"GIGYF2",2.60694442462751,1.45790997085522,0.378607875593827,0.779661097432608,0.646157069528375,0.421737960737589,2.49867186818993,11.6652681313606,1.35832309436106,0.216581629011719
"GIMAP4",0.400917503397977,0.611267258951333,0.662748114092187,1.25175249922803,2.9820094035382,0.656528462707853,214.823820805928,0.408378222513693,1.93210499170038,221.603125426397
"GIMAP7",0.413317612531367,1.41427687702485,201.59192268229,1.37367261786362,10.1340660107718,1.08742453426491,218.621298175619,1.18600389452131,217.799719640458,0.426961811099213
"GJA1",1.79350203253696,156.50491958675,151.041655016146,0.500995861255936,0.0387072301423991,0.09890994426209,0.225749540799178,0.489496252682079,153.394075682915,150.828382217466
"GLCCI1",1.00342353181518,6.74967396910134,1.71391724573681,207.319245616566,1.38580346848703,0.581068932930603,0.934030222759296,1.89677542820152,0.952293701954591,0.635893064084403
"GLCE",226.387084397169,226.268628883322,0.449515312323498,0.940068323987272,12.9544480362078,222.066418150392,0.860286694596271,2.06477584370245,1.03153967721572,0.433099370920402
"GLDN",3.4361413256445,213.129129415525,0.097560176170539,0.842164587877109,210.218294400045,1.66860908383014,1.95589265513832,0.923198078136534,212.626666831154,206.80549540793
"GLIPR1",0.553462832664221,201.854153535137,5.03275192204934,0.706644773244706,216.075599061637,0.629318869825869,0.84117086994797,0.382622728771639,0.598207011685969,0.89166354257191
"GLRA3",0.621325268759132,201.2500718567,193.708014806511,0.858922061744058,0.948733880886503,195.419642864756,0.843304846512748,196.414650877254,0.720624928849351,0.107088376680266
"GLS",0.620077054242606,164.690134967912,0.496862005964331,0.755306985224792,1.01956990060636,2.91812645914303,1.30144935820091,1.68552526901689,0.323513993228536,0.0728513683329362
"GLUL",3.57047082612882,117.636035647261,0.071332115082146,0.251270584659078,0.0550410376124247,0.125066827184609,0.15885189758212,0.164308189419201,1.60079488295539,0.430717124416935
"GM2A",0.614906558346447,195.007316612999,0.415322153145156,11.5820124906202,0.36033059885388,0.405354740921096,1.12082833884845,0.288336508446469,201.713107690461,200.200116786763
"GMPR",0.893202837232624,219.047358631028,209.926086301608,2.47786530053194,0.135319620287985,1.0541156249247,0.586242357185288,224.249522001255,226.856295889164,0.558996401821631
"GNAL",200.618310157025,0.646958164553846,1.15219676233431,0.746985468028348,0.91846303935473,0.360943155433873,0.526331493037265,199.022726535252,0.400728504323408,0.130664510784038
"GNAZ",163.383747612207,3.49488881286007,0.235384632582805,0.790279798880883,156.028946970454,0.526996968506521,0.385782123703802,0.371402446701402,0.5632807316139,0.105257585728311
"GNB4",0.802866648349617,202.139557101802,8.89906843273636,0.955841980237629,0.690230994124143,0.544740959568073,0.41532534061381,0.273587954356438,0.744752689254816,5.02913900238171
"GNB5",186.031480203419,3.61418996390305,1.94461004134166,186.577486569453,1.05920720112708,0.427024159959519,0.584273180916657,187.272822389925,0.533774101835342,0.0872032182721796
"GNG2",2.07836434858789,0.41491528042731,1.63074435183413,1.28383903428819,9.96502683351892,0.928973799445959,0.486979438126724,0.974945364020152,0.333090932251596,0.1648421851604
"GNG3",159.505383110556,159.48490582712,154.309167508048,0.548815205479464,155.055445676482,0.802785137599874,0.371328408573008,0.623760171535431,0.542144303763268,0.0389542477612289
"GNG7",184.371746196292,0.82247388226051,0.118643204039076,1.03539615569496,0.311545783423029,0.962165004258549,1.15921023296034,1.68999539202538,1.28031228994835,0.533522569784655
"GNS",189.653212290467,5.30450002280617,1.36890378178171,0.609961676975815,0.236750883360154,0.953390152402098,0.53593260671189,1.7861142345039,0.494600350428418,0.221242636644208
"GOLGA4",0.427164917782691,174.645870190002,0.173808860492623,0.616903740353227,0.256492151040533,175.634239164494,0.401684017313829,1.58967217250485,3.49511651593903,0.184298837058857
"GOLGB1",0.734284409904946,1.00993650868248,0.36253400257938,1.14951677962043,0.380320817876275,0.361096484642431,0.711407759615363,0.773700545141658,1.35292879728852,0.145335573214229
"GOLM1",0.579858859571279,199.143753297504,0.248875212725781,6.23488361766696,0.872284804591156,0.859357321763604,0.539767013531248,0.367679888368598,1.23791258120298,0.201646292217325
"GP1BB",211.941486630378,2.54816621619551,15.0387647863875,2.34124273856771,1.10102465810633,0.921452952939751,219.21595910372,1.05237460126543,1.29927023123166,0.261587086205509
"GPD2",1.20660936493017,1.25960250521625,3.3809970572355,0.77478762314364,0.456008639987766,0.359737626677607,25.9318640485509,0.40142926506686,4.1335320222115,0.321131231635876
"GPHN",999.935870136101,3.88283629229469,2.04608713517781,9.74475737786299,5.41744901189179,0.873143709961567,1.24277239489928,216.217832902768,217.41268674141,0.339883245803517
"GPM6A",1.90006962128323,0.317761562253062,0.309249377795713,0.294222216094299,0.101755058566599,0.265561628984788,0.269811826398198,0.271223102403367,0.187140626440524,0.0896561852784093
"GPR137C",15.4875957012511,212.300005676881,1.43996986719457,0.810043058325015,1.1240957159788,17.7191514133613,209.754920819503,237.406275035321,0.321742176422614,0.367592500306634
"GPR155",151.484619831742,0.414159669854024,0.835820368404839,1.08058514196431,0.67119641784252,0.431402502263885,0.323205204040798,0.80125234062223,0.266704005955884,0.182399446220337
"GPR158",221.680224519743,219.670873061082,0.641792912485092,0.40090198957022,214.037276602738,0.477108089798329,0.578582022410444,0.511811077116824,0.532777828813099,0.20067941959754
"GPR162",190.120275044791,190.819890459711,183.484167183122,0.692427859635952,0.623142122253587,188.658466349682,190.394579093725,187.33200073085,0.342213838353155,0.148691642664153
"GPR27",133.64087707034,1.22167393452377,0.38422702343509,138.438200423105,0.399186793166787,75.4175538083344,2.38483854675465,131.130368315577,0.68671380306721,0.345536527571946
"GPRASP1",204.398972629058,1.48107395798733,196.12064846563,1.72017076391077,0.841257271999557,1.97579022113429,0.395141355528459,0.474459081464011,0.477363873346976,0.127371244364579
"GPRIN3",0.742970586848614,1.28726711923172,5.12479446528912,205.898204869484,14.6491535019788,1.15583426691096,0.732729152860804,205.790404368903,199.430806419473,0.131632670297117
"GPX3",0.42040057889496,170.027877294351,164.964685850726,167.892890483973,0.394042070289754,1.19718144855913,0.566329469703872,0.539871456886349,0.529282166322265,0.0670438274471772
"GRB10",3.50930831634504,2.0916219916346,0.384432500670451,195.937859842262,1.24619082789849,182.420341363133,1.17256693618105,1.37634058440984,0.976627041872169,0.122549207160709
"GRIA1",4.04236589136845,193.483418838022,188.638879398336,182.988349993124,187.921437924916,188.749856639983,9.20376113047358,190.736140603429,0.701061792270067,0.0794707464309945
"GRIA4",2.9902458935111,0.339274899246442,0.193051918168129,191.469123702665,208.481939780314,0.874432340040725,3.89305517231442,0.912630847979463,0.262836774107948,0.254528482139165
"GRIK2",189.549638808442,206.523424320837,1.74885313006763,209.11003055411,195.140947262433,0.868179431734163,2.26284348665503,199.540607504041,0.486395038386876,0.216913630005831
"GRIN1",162.371136080714,1.94516862392536,3.35249483055668,3.59799535076897,156.276923208688,0.361149198700455,1.20107676978426,160.712897758831,0.277992848039719,0.0516182580011854
"GRIN2A",1.21532301795976,2.28928953362965,0.267137649621488,199.032411978161,68.5993111343349,1.66935764600977,2.15777803670809,1.86211165036112,223.929598796426,0.207421019897949
"GRIN2B",191.911651249509,0.563782928118373,1.61920508523409,2.01280686489058,1.26119597412752,1.27954469295331,2.0357039262466,6.78863754709773,0.643878235385654,0.119403368350709
"GRM5",156.152910435702,168.738504920127,39.0281212120119,0.628372121757866,149.88543928677,1.32850511178893,0.734567290313416,0.538755058802975,0.980903852204795,0.164530980865061
"GRN",0.216245760969441,1.20329068069739,0.309872489946346,1.58240104121766,1.09073451991913,11.534050027008,0.332114132659879,0.156747589386236,178.182525108341,0.232394866450597
"GSTM3",181.165757572174,0.755173590873264,0.332747256664195,1.2051597617689,0.321402985613714,0.443034387733639,4.24748484260215,0.423511282724416,0.354529766056202,0.451243626945694
"GUCY1A2",0.62235104245249,212.580162844103,0.647886796221237,2.95830272371939,0.484827383322905,1.47191129999581,1.17490184954456,0.496334281893125,0.458894475312147,0.32481191387753
"GUCY1B1",0.460778144034057,0.719415948412799,1.75546671200784,0.99571367344595,1.0976785819275,174.774402625266,0.521168708657478,0.980355761819939,0.280815370599226,0.0735980605871978
"GYPC",0.518454798705043,1.31143016092269,1.37171965884148,0.956481139713562,1.74799597832495,1.30588102586534,0.337372298994809,0.209388913795949,209.894415166298,197.613727032993
"GZF1",1.21001621911976,1.46084870969232,1.04062234636407,1.58912697527764,0.391661545537955,1.83417566408096,4.12516508669987,144.644103047257,1.00554885559141,0.268316278225623
"H1-0",0.589324655735435,0.713148326953841,0.5201292233515,1.48163354793235,4.46836557975683,0.712225211207633,1.24088907099036,0.703940354938334,0.483513115222444,0.308671646536397
"H1-10",1.18077375890107,1.00168150537321,0.608661726810947,0.897736476622654,0.449405180605526,0.529128259968342,0.694074256510265,0.527752207986813,0.343423478639527,0.179282794967192
"H1-2",155.736171296538,0.683500934048683,172.502835924879,0.632920257455976,0.395907330193183,0.651729749256376,0.461412149461084,0.545340836465947,157.798151497511,148.895609922727
"H2AC6",1.28847722347698,0.90959004229992,0.178209200874058,207.406899734408,202.980344944023,209.31465780399,1.00782811487389,0.289146300117581,3.10169911615204,3.08105132790563
"H2AJ",3.61963566246115,1.3620796639637,0.286542870699967,0.486238023373622,1.51428974497121,0.521435459319963,0.555321973694267,2.13478226441637,3.8232812148489,0.224179696329718
"H2BC21",1.46336317500322,222.071711014791,0.302210013340952,0.938186105189647,1.48259056879454,8.99387955861707,1.45710815218248,12.7621473404952,221.86464209071,0.612413154158415
"H4C3",0.487692943161888,5.90610499862163,0.228301612876669,0.608348463458983,0.201938268207514,0.533828577271373,191.885109871595,0.935090590884832,191.755446666925,189.89274005203
"HACD4",0.87487757547769,8.23601601895811,4.88932598934615,150.86703535039,1.25660086044447,1.19005151369449,0.579387178779962,0.334793870705853,1.9895817679126,1.30573719364304
"HAGLR",154.220526910831,2.54959976979671,0.273284718708264,158.627071581808,86.5139089034238,154.916857458933,157.394296760373,1.00821329504178,2.24343238123489,146.703039146305
"HAPSTR1",0.692391963267872,0.665571200988078,191.09779657235,198.979738200026,0.459340910895913,0.674124358103409,0.914836790229096,1.07828216935097,5.44688339067314,0.171143498630926
"HAVCR2",0.719949674679492,20.4153901560758,1.00597746123914,175.36407232496,210.58163304244,18.0323470806399,0.426390111225695,0.165423646663996,217.30483660152,196.189017588977
"HBA1",0.439970489731804,249.051332634007,0.360488673105434,1.79609002691747,0.891472457219873,0.829184641787777,1.87414091266555,208.476975791227,1.82070211406731,206.425882241053
"HBA2",0.318807023027323,0.923575536315906,0.781957464016008,0.732045688882916,0.528068056284024,0.323487043800155,1.07838571483628,2.43973793880595,235.25950218664,222.674663525091
"HBB",0.314584036198943,0.594180438892773,0.300058427359869,1.21423202453214,0.597402809133466,0.349555484581192,3.8694175863862,0.760314288688595,214.07468998796,219.047674745857
"HBEGF",0.853263457587026,1.86304215937126,0.219591209786248,0.926970673221917,210.457870729873,1.49987839118172,222.278342123302,217.969849923544,1.88059971383984,220.07100762235
"HBP1",0.673249399099346,1.60057319864516,0.252269796917266,208.183161645191,1.3081968138517,0.75676378334488,0.770102659535034,0.794827147329701,205.518662731961,0.566391935415434
"HCG18",0.966341040894362,205.311219231458,0.814834768875308,0.967327709321946,0.403344025631307,0.884472561113334,180.923465968749,7.32087129021985,1.94786633693923,0.226407426382844
"HCK",210.848161161275,211.928661012392,202.685327796124,0.6437434943911,1.11289143684726,206.309884093075,0.399762708414115,0.134198873174517,208.320244219146,202.280484941578
"HCLS1",2.16206154893355,7.2837593578593,1.63156221658491,208.955178151716,0.967634691457042,0.954521129734002,0.357134820366446,0.166075248446479,252.043350174488,5.05150857694566
"HCST",0.616585008234827,221.701712869602,0.992058605496113,0.540851349179597,219.334437654942,210.92115141944,0.284342935386374,0.150711304015212,217.40677751894,217.824260724154
"HDAC9",213.237432614581,5.93328159439822,0.245958028173323,0.674284757077557,202.920513732879,210.467259445779,1.23976947773539,0.547190942873212,0.784735655951161,0.231927714772207
"HDGF",0.335476410824496,15.0058915590245,0.238262169344841,183.894978121219,1.04880295973336,0.437347956925439,1.69611928560584,0.950965035584716,2.40882650448536,0.339800114529571
"HEBP2",1.3969615062378,11.4385924648286,0.801579501341731,1.02151688697337,0.487944583147392,0.619968399436177,0.972637423538478,0.46047335974071,1.10904188781217,0.161500597507689
"HECA",0.679560063288201,0.788462882627821,0.528268887365373,0.633026042916353,1.16850729230667,0.421566481535251,1.86127061940681,0.585307487185233,1.21586304914213,0.411188054638553
"HECTD1",1.11314113567412,1.15158987621761,0.228951398884212,1.04842852860067,0.493151345506549,1.40273347947191,0.302899246723384,1.46129654091595,0.587721699070577,0.145913369556386
"HECW1",217.398790152961,217.395573363091,214.136626860698,218.003705603106,213.736590941542,213.346696743837,1.75779961886396,0.734712927806906,219.361667051765,0.143339409585973
"HECW2",1.34006271115582,1.32334302589466,0.541697209961716,212.143039522463,1.67553983363771,0.69344444642259,0.985616385218711,7.85655755823746,217.477282114573,0.341832310029181
"HELZ",0.579854481590306,175.515490859952,0.775972057066676,1.07084392060592,0.469619890846723,0.708669069057162,0.514481844060747,0.800544157463414,33.5543239478905,0.292689595507658
"HEPH",1.15540516119988,27.7156048758002,228.124789520756,1.04989962213652,0.205695401643061,1.28007610388262,1.43188423193397,1.05143981295922,11.1317565373419,0.83957777155002
"HES1",0.44431168772615,210.24055887863,202.360456519817,0.967688137308757,0.156356873924351,0.358692148178436,4.08952829102629,206.516590485584,2.32863812727238,8.62378865523233
"HES4",0.260956180301812,210.492282642503,1.57865583797205,0.682003967972374,235.237562001931,209.413186327672,0.751755650861055,211.142183645101,0.570291317213381,0.144351905731244
"HES6",2.04517126979251,0.966138577424767,0.470618760479499,5.60503085640526,0.711300856028874,2.50769629342914,0.830426092084331,1.10121979361264,151.118240309887,39.9286977623096
"HEXIM1",0.61682297036279,0.855511122201344,0.494041152626463,0.663060871887331,0.983067610552115,15.3634693441756,183.05959484182,0.779198254668753,1.06698070804316,0.157970284876906
"HEY2",220.534776136781,225.904887206948,208.81945910751,1.13036327877093,0.279276399353758,0.690054611829043,222.174613368418,0.776782564503282,2.23496080130268,6.2199914917566
"HILPDA",206.893583124664,2.00601813177508,0.617051116521378,0.87130892102281,0.104700417064983,0.551597363134433,0.764689910849094,200.194371478641,1.24944382476232,200.709832874787
"HINT3",0.408943939473328,208.804757690271,0.18889737601061,8.59076308027572,0.91393378406154,166.423597962597,0.347744822678701,0.524656739566457,4.24565544717744,0.19081764913466
"HIP1",0.908460148619604,0.46756953070451,0.163252176014282,1.17857679931869,6.83896180648283,0.671634798899071,0.523918276426156,0.598539551566679,214.224207736361,207.495406277343
"HIP1R",192.653679190964,0.34195630144403,0.275778868460328,192.058543293782,0.436531104414339,0.686947540398823,1.13620876113901,0.870105319230153,196.04030095292,0.436055793270335
"HIPK1",2.27046475189768,3.88708756058176,0.888133512364069,0.996839081879669,0.222177690817181,0.302893086190601,0.519544203840561,1.13270571890785,190.677275650885,0.227581260274076
"HIPK3",0.384388886345325,2.16571039801242,0.412862898952344,1.60471939819513,0.336383357006475,1.91322338900302,189.003555665604,0.434343520307101,3.66875068468651,0.29740408020458
"HIVEP1",0.767080634453112,4.66546206334776,219.288531014571,1.4514840893348,0.304999324541068,1.80814530095454,222.09142481172,218.393732781895,0.860072323002459,1.33477361783174
"HIVEP2",0.514632276222691,2.24521684071492,172.034184100381,212.105558041985,0.373915979819023,215.42780896699,0.494984351749382,1.97896936416356,0.59818071916843,0.359195671856198
"HK2",177.922623315764,184.37843035849,14.2395268096888,3.07302875197866,162.17027070296,1.14360229528207,0.506792944378176,0.199144547931431,41.8110025793139,173.117025583878
"HLA-B",0.0870389323582968,0.904920557461928,1.54744509928186,0.181160794686895,0.157843730551705,0.501513781753583,0.164889964640475,0.0784066087522988,1.24436383860261,0.552193104475278
"HLA-DMB",1.67943732598734,0.767939315978001,173.709170197304,0.688237013063598,0.664283540783956,7.35372991513378,0.368263515889182,0.155385846111751,182.483167936838,174.149625725159
"HLA-DOA",170.859897310486,156.882898865277,150.137301534531,1.15096880353591,0.449392795441842,156.006233196389,0.914089924696625,0.311546483593139,3.09450524394361,148.068681572503
"HLA-DQB1",1.65323137876262,1.27311096025538,3.57583807879292,0.905310229403944,1.10682275465405,205.959565013913,0.217978111369536,0.117745101730748,206.827329394666,200.083649607105
"HMGB2",1.76049676063374,2.716107236635,0.360984088224314,201.039173596306,1.69951354921909,55.4952621286089,0.443856324592202,3.03829982033088,0.497242823800679,0.218754424107972
"HMGCR",0.782570025438519,2.12085503070338,0.378353328255834,0.380926313854718,178.10428585929,86.6644865767894,178.945327167064,0.808656851292106,0.441132833056835,0.108585987452959
"HMOX1",9.97335411256773,214.611415679429,0.879568493671674,2.18821155414523,5.58246667950098,1.98190383046505,0.343944019741291,0.172420345761982,0.563084734966116,0.918585703524223
"HNMT",205.63911241861,3.42924507131248,1.35562922288481,3.90471494338028,0.277525993804111,0.999412303799537,0.84299083116284,0.844661889682305,217.303821503956,0.817276717024303
"HNRNPH2",0.560570783040135,192.521144769228,0.256567663663772,1.01114214013219,0.510317669738533,0.372404413059659,0.886238459227399,1.77499359534405,168.96006602609,0.119696524042773
"HNRNPLL",208.846965040827,201.980163345402,0.910191106858125,0.5624471276147,0.304007053755442,12.2189719680545,215.285777586525,0.822559996279047,0.619302428586936,0.344965172428546
"HOMER1",0.943839887517428,0.749390050739125,1.04451092279366,209.848592181337,201.26110470897,210.04449558426,3.87422430801927,0.708927639557266,0.564389548433604,0.34487081741189
"HOMER3",222.190565367233,228.673050670246,0.2804151606602,221.83515245993,0.240095015022463,216.679480836752,230.454246709797,230.429161145503,2.02936247837465,219.278809389472
"HOPX",0.615419618250262,185.856542854594,0.914221821908661,0.462754153278885,0.168335209376923,0.460273846808871,0.529782052594875,0.342883209236544,181.206222975375,0.91200756567472
"HOXD1",209.945891867213,4.4909377175789,0.199057502944096,0.996107431173914,207.152155174761,1.57472653617619,210.992311765888,207.996526558219,208.827846774966,211.678744443321
"HPCAL4",200.272939515086,1.38955294050077,0.58929296828972,0.734566566944224,0.983322279115017,1.17524087932334,0.515955066011745,198.083260424427,0.933843461507108,0.137281674859468
"HPSE2",212.940667259446,2.34155197660672,208.087990296582,0.823514405238015,0.278084464215928,204.687160781678,0.452230396917614,0.487962257469528,213.899166239347,1.80062599040752
"HS3ST5",222.342549850404,0.930292061811897,0.902406548894809,220.857317268872,0.81025484742857,1.00997920824698,220.928477094294,9.37615973578244,0.835169890801006,0.338033473658985
"HS6ST2",205.647783548956,0.924534425151185,1.49445719305722,0.709496106827965,205.802829518853,204.136732935316,0.779722628730298,0.558206368203338,0.450077569096783,0.253741166820841
"HS6ST3",195.82763937176,182.241686264312,1.24873426124161,188.35094674335,196.534287840945,192.173403293268,186.587534696638,208.950916146605,0.344824154249571,0.125685080870548
"HSBP1L1",201.243491057698,1.30018834035615,0.795533625990464,203.702290070734,0.697875594925255,1.14320181152612,2.71199698308941,0.505970991489308,0.883921352564838,0.741716176635285
"HSD11B1",4.46930168264847,4.38717557668479,0.136161374165,227.503933808282,215.353138829797,0.64395942340628,195.469510370898,220.856400249399,1.88510621455435,222.518169444375
"HSF2",223.614975309821,225.022830860535,5.81680605982243,208.517472344966,0.286358085962471,2.21758398685978,11.166211774783,223.20449155769,231.003822325153,0.276057937691038
"HSPA13",1.14129749397883,0.651154404598951,0.287119529093775,186.782292054243,0.313420971199507,0.696058308100247,0.633174123179283,0.645813913730716,0.420269371582098,0.149285758419673
"HSPA1A",0.503135208635033,21.7238374595582,0.288676915450172,0.421081029277,0.381250495504052,0.304295258662456,0.279020851719316,0.172019303060507,2.41360011512553,0.399915020618288
"HSPA1B",1.76043511678022,1.05313982414011,0.31077801293635,0.433766496074743,0.202653293674062,204.44264496973,0.706255156811426,0.379226927787014,0.288283152168181,0.299214088256201
"HSPB1",0.2787001223723,1.00715687364859,0.843913855853267,0.623379399197321,0.104630519995478,0.182748743267116,0.219675753769691,0.276021891071693,0.984518763287228,0.15991354421357
"HSPE1",0.49537296597504,1.22525465384088,0.130399100098666,0.634058899870315,0.193578327867149,0.471242837042953,0.521328056800502,0.348587971078255,0.326608837794696,0.0978708202462073
"HSPH1",9.4812829463312,2.17701773968424,0.19838566909208,0.646888404539059,0.588694739257663,0.417154747279466,0.396470968507975,0.262029460637223,0.252124761561771,0.0944323984377286
"HTT",9.17896432337971,166.944525961302,0.924564404687426,0.723695383841364,0.385686813600036,1.14649644362033,8.92613209514638,0.984667288927396,1.89614149029931,0.187848571885177
"ICAM1",0.401792324446627,223.698777673037,19.137478977575,2.83445734116858,0.270774390488883,0.930617824776788,1.20730340481501,210.473749348429,222.999876437134,221.746618140632
"ICOSLG",156.996423978005,0.761273362984512,0.353142891548054,1.01576303243456,0.46434972790234,157.645329749592,0.779166203112521,152.780794548749,154.81226332968,148.181780113253
"ID1",0.19721146053744,221.992491940096,1.41209122785422,219.634777454718,0.331368937720058,0.547368791759787,0.674956400497832,0.755831064192171,22.6697250223375,217.177849050521
"ID2",248.394585639568,0.786925193259263,179.9222412408,2.04908408116945,0.0940245521100562,0.213214269963868,0.307130260112709,0.281413106895568,0.478491036698931,181.401623673353
"ID3",0.324220033972492,207.118891038126,1.42409396805697,204.734965021966,0.148217583346407,0.211882709211584,1.26808918395154,1.4037881840023,203.320493120268,200.494187044259
"IER2",150.418247073872,0.861268181303261,2.01639010725088,0.857817897131342,0.424521916337825,150.662017039687,1.42286674190489,0.983730535849566,152.165201100083,1.62101440963079
"IER3",0.250187292232888,0.86488464902194,211.148734539083,0.572924977877296,6.26280441208205,1.42231064280214,1.01303530344109,1.65810652249717,219.820261222515,0.585738231458072
"IFFO2",152.257630103818,153.893163762916,148.950918932081,154.27602786251,0.336716834839477,179.440207929185,1.06193582521745,0.766971839731535,154.079785130248,1.32640190117748
"IFI44",0.482912417895377,224.743125150664,219.445114646904,221.490832713871,0.551583951324875,224.363915974253,0.660096575708496,0.305680569177199,3.00203781525926,221.432695628158
"IFI44L",0.814488181741076,213.74188852285,0.896155453940699,2.55409971259525,90.8237505825454,0.887552224223043,0.44348450047274,0.224774010924178,215.691841769812,224.437581242275
"IFI6",0.573469360718679,1.01136327483056,0.245967781362867,0.93533022145201,0.854834796600003,0.928429258535229,1.42026714621044,0.592240802919903,0.495235959116624,0.169653807143225
"IFIT1",206.726148563515,999.989877267381,0.55711243041132,1.43776785613897,4.16169219995719,1.92450129482955,185.813063454094,0.387276176940153,196.749326215024,0.425954270084261
"IFIT2",1.95531565658263,4.69083671895821,0.221537865415927,212.390460208931,1.06941878830435,3.62330617665604,209.965553629667,0.922280221101749,1.34819103578166,211.534837424494
"IFIT3",0.482194063322591,0.921879018834299,0.466932031624932,214.149750712554,1.50766991606548,0.74664341661335,183.027324346567,2.22916759063914,0.572946200591135,1.19588389594195
"IFITM1",0.159536411380996,0.710779735913544,1.54193156467187,153.832902247676,148.000842358496,156.597495646791,2.59087964103552,0.783515777546726,155.937283303646,147.742337541138
"IFITM10",222.936148514396,0.342242165410517,214.948187540079,0.822986849298876,2.81004932980065,0.783483033669636,1.10598408204667,3.66097581943869,0.334523682568635,0.190509839241806
"IFITM3",0.0801256581222327,0.805312807208452,0.33809792941527,0.402175141455812,0.143424415004197,0.314316596379621,0.319677773814947,0.246694036065946,180.864204283444,158.552886600484
"IFNAR1",0.655330790881806,1.59891627252992,0.466376260663122,23.2419772852597,0.449924059139532,0.514002708883444,0.401872867423395,0.321971215789206,0.440810237181525,0.395138180610319
"IFNGR1",0.402849018064822,0.636799520979937,0.217620388673184,39.3194914074718,1.65114140241065,0.933671720583488,0.499548252130187,0.383390069496173,1.62197865907995,0.429827575912052
"IFRD1",0.406890167373984,0.60382477444753,0.486657364612104,2.97609258226088,0.900669060394157,0.494292042615129,1.22456384675354,9.65073393820503,0.698708198926361,0.263191895331893
"IGF1R",1.20304867273915,206.513632436554,0.611011773241691,0.644194585030434,0.399285167648614,0.389510603244606,1.30517425134887,1.1807313595,3.0223312907087,0.43665128796284
"IGF2R",1.79270421928314,1.0868587554369,0.522079832175752,0.769351991538061,0.470086477723572,1.06402893637012,0.533600528633789,1.62794176729079,1.45236831610561,1.27681490041476
"IGFBP4",0.265726889291034,210.878830201732,1.77279897026062,0.481825688872539,250.804889325804,7.33193483028595,0.632493220806179,0.277124880886433,1.01563503456197,0.439403068633922
"IGFBP5",0.489242003937948,1.37873492875369,1.47062422150729,210.732717217557,0.357118485786503,0.437819952297673,219.445489268924,0.672657319400606,0.625488442424246,224.347149536167
"IGFBP6",0.849255704828654,2.07881903727405,0.630260781405236,1.24656880719577,1.72156082770665,208.433858316734,0.972557857567735,7.6275862285297,0.486547794698482,0.220109393513539
"IGFBP7",0.116527994132323,178.013367184158,0.939511390804986,0.313778562901277,0.0915642402985956,0.163966754719607,0.349377492763757,0.317739996966919,174.94073453213,178.541465838547
"IGKC",1.43474599100575,177.939533647908,1.22276991345319,2.31005273511632,14.7359094020966,0.941550154190505,171.434962904425,0.563786715834184,181.162669977943,200.822361569798
"IGSF21",220.956587497403,0.385738399025175,213.619438514903,0.600388871300346,0.737236044901387,2.25277721642493,0.463135730282476,0.485774280142454,0.767469615434965,2.25582550994938
"IGSF6",1.80006809463946,210.270068346353,201.145365572888,0.691159742418386,0.54198659945661,203.970017229044,1.397581698375,0.741339914993709,1.21424151972726,209.498553218285
"IGSF8",172.841126249235,0.72656223767623,0.106569584291253,1.10560227363878,4.21541557110842,176.813959017184,0.668771573454006,167.239175224423,2.20869022033299,0.215870064020044
"IKBIP",0.444945717641703,2.2387538924848,0.702915332217673,6.78282635634663,0.987048679733874,2.10156810939143,3.43989063557223,4.41734739271729,214.901486836215,3.04025831888184
"IKZF1",1.89304757806677,219.355002016439,216.390437116621,1.22827696082113,0.791504644015183,220.716546645506,0.538815188642,0.295592009505483,0.928044593337262,218.647480500538
"IKZF2",211.736056353852,218.623869150858,0.657513372788389,210.600165802499,0.779870765475034,0.473120065467286,15.7355357168808,1.25477518753468,233.56034795073,211.888894503531
"IKZF5",197.802004419718,192.45737112034,0.303670079904233,3.10720013749973,0.48226085027588,0.985994453937736,2.32866855899801,1.32274109005789,2.37576226225848,0.241892955840669
"IL13RA1",0.373454657227792,185.038464529417,193.042641924744,2.05180565194943,0.357862661699655,0.51026663853993,0.323029851080939,0.272222396337837,209.270590859361,1.50683079414483
"IL17RA",0.952215736649562,150.845483192634,0.417535890540938,1.64090622543367,140.506434543777,6.35342192034929,0.350839004245782,0.178555981135409,150.936209949905,2.42832767803416
"IL17RB",224.162275134552,1.03514463572632,0.280436438128568,1.64116476854377,0.413680003876182,0.535662293556314,1.08536330670403,222.672908564918,4.65059789737168,10.2205717894183
"IL1RAP",2.42894270238168,0.755401434318447,215.130516461795,218.289515964676,0.387227865162417,0.829942706263332,0.620354129540859,1.9888745147337,222.537700283005,0.589598925641734
"IL4R",0.357731696853436,5.37978620815345,1.7401749479203,1.49085867405734,0.886698468477269,15.5796192209524,1.61513935821465,0.542615984304809,223.12192448832,219.720780230043
"IL6R",0.519963657875437,211.687884783719,0.823951443735488,2.03172550191407,95.8510117217928,1.44349917022336,0.518583520200504,0.289123129569567,213.966579864197,212.855033830132
"IL6ST",0.357917884489676,0.498058223485778,0.198925695845856,0.967520516089797,0.186742755412526,0.309285011634232,0.443472996645737,0.234165876121391,0.480363578903602,0.88822332007745
"IMP3",0.603864584043281,2.65795219419407,0.294617132307565,1.06889209653654,0.535428566890502,1.01732461597227,1.4030251353349,0.864239698499279,0.932108253573992,0.262092787068536
"INAFM2",0.542663378429614,1.64810805353993,0.864820977128346,0.672267303492045,3.35234996611727,0.696982884378158,0.439854484482857,0.406117353397736,238.773174692398,0.385057894928172
"ING3",0.684681604629204,11.4089942983262,0.434385367399744,0.911323739242932,301.397218823038,1.60838477415337,1.2601067162972,0.331481975938472,3.35290044544981,232.710685846794
"INPP4B",2.90824022484306,1.73737888085682,202.365695933042,205.625121235894,206.178517803449,199.117927137138,207.62972481502,0.645859220870186,210.439797027646,0.135996906913183
"INPP5D",1.67676605223162,227.03416756404,223.892591030776,0.675035336769397,1.24553756278695,1.5401083956281,0.681446266404669,0.176757163469301,218.982286371633,239.016151714573
"INPPL1",3.64429982245417,157.876995816627,150.446072627881,2.411945172359,0.206744724060869,0.33518899318162,154.666799675687,3.61341134826187,153.775292908926,1.24119810807382
"INSIG1",179.361283561492,199.214879923385,0.120636667287904,193.703753204704,191.288385304449,192.067415229029,0.577363303004567,523.849695516558,0.411654597673017,0.0976503059853446
"INSR",183.879533371726,1.48487263434044,0.177916026989647,0.935246824795126,0.406142322281384,0.726463641641714,3.01207751679003,195.244964160494,0.613266102602001,0.429760380718167
"INTS1",0.676716502006539,192.934950790416,0.30358465296978,191.491418167518,0.390005471680305,1.8203268433133,0.519101542969009,206.505041576131,194.005864039444,0.191401673396726
"INTS6",0.629904186982357,0.417497353328738,0.436808564496146,206.52276099552,0.585308011274859,1.30948061862178,205.292834975235,206.20253746238,1.21296655572608,0.431057105803641
"IPCEF1",8.19054487686056,3.06104484793945,1.58425335860849,0.691230570800426,0.996599611010749,4.16225127778416,177.93361810995,0.659246604532052,1.9530040979615,0.94856351481698
"IPO8",6.85288658716227,1.82570155746557,1.02473411623593,0.927537439751402,0.705798412405831,0.573270713834095,1.19059034475917,201.444238876612,0.640797150018622,0.302242993684052
"IQSEC3",5.32233763664714,184.181615257399,176.050383669832,1.11633177266688,175.923977003347,0.529008878041236,0.545837797223266,3.13399111205353,0.98588095102614,0.14966407629981
"IRF8",0.528893709074599,0.91775320779554,1.75085861186195,207.859811736068,119.805772194543,135.44992655654,1.2772581734151,0.402693391372571,1.67293135825218,1.27850260627503
"IRF9",208.3343614603,0.913785786439065,1.06645115132443,216.262787724276,0.329594482189391,0.609125057659111,3.42858963754373,0.491910603549953,0.836022388430973,7.8495322746938
"IRGQ",1.34739826477763,209.887674145346,1.18587015622537,0.460297386451925,4.8384104253133,0.52285035758788,0.652768058446425,1.00677679746011,0.93818218834746,0.17495529563506
"IRS2",217.266995386152,0.605441108182093,0.269664460172807,0.770366563168037,0.189165512258016,0.38544286729738,0.2862434773866,0.674058701257698,1.09668546858559,0.160083823835996
"IRX3",218.172327334421,1.0044275077382,209.655961482448,0.832488679306139,0.169544508225753,0.486130273166716,568.285907105975,221.030439025355,3.13745871466624,5.06263469394214
"ISCA1",3.4363915081107,1.01787440159284,0.465898418016439,2.27058029172651,0.436912306604289,1.209706581153,0.834931262675662,0.70046903935376,3.48697268579053,0.0929518959133828
"ISG15",0.443384581409322,150.044348370725,1.02853432019313,5.71827148145137,0.951612199466706,1.19351147464538,0.462282383419788,0.624472355894894,1.76374419499528,1.75000926463211
"ITGA1",0.221754582033429,154.610886038343,147.272105466566,1.88945240011123,5.71348911814868,141.269679676716,0.55966406269042,30.5049282423715,1.03370359737519,999.723779042365
"ITGA2",170.925971866014,173.562078565096,0.182533355953588,172.575514431967,165.071179287502,171.646462993266,0.791662071136915,0.945827224987862,5.94401998891699,162.986569062787
"ITGA3",270.5786338543,2.81621026590575,163.322782527979,0.632820755601384,0.758916785451775,1.0289941560219,5.20613598584904,0.943707701713605,169.554646463275,0.275884490889982
"ITGA6",0.343678623731571,207.16252523431,0.860658667840484,206.428349973963,0.219887033407103,0.806897237506147,205.656419649423,208.166469360923,215.233751787674,217.758322961733
"ITGAE",0.748507699880603,222.294095610029,0.450311661417708,201.906612760132,0.878554895219065,2.2752545419665,0.686566639007604,1.283586224485,216.856916257032,0.190961442412783
"ITGAM",19.5587923813868,1.81146543708046,149.247670073338,1.24064506209721,150.677514556044,0.535469558321557,0.409074664314758,0.212838820487577,157.615146356723,154.29714604094
"ITGAV",1.47439681919768,1.46366109532261,0.117133076755316,167.573059397953,0.156418002916573,0.543027687415067,2.2668835467228,2.64325661430525,1.87496565510702,0.318224529645736
"ITGAX",155.998318253205,172.303569040982,41.2273314266286,2.3241017697454,1.09427523744685,3.80796710354258,0.579475609678159,0.255324466856779,1.05396214245208,146.872659105221
"ITGB1",0.25799892237492,0.652054558601062,0.179119156034277,0.635523258094744,1.46914048880856,0.710928752231332,0.448132734197102,0.280974555771157,1.79706817534128,0.188543770310584
"ITGB2",0.342512696900095,198.485728744696,179.946102178802,0.545605394714486,0.969813675756399,195.584883633437,0.197339213633096,0.0796217468491753,0.371637648107423,192.505367938592
"ITGB4",198.624183172906,206.534911624594,198.6342032467,0.749296599405899,0.125560822779239,0.283258633441291,0.358259371897757,1.85885624922047,218.805210656012,200.13352221697
"ITGB5",0.773647596715042,1.89923747142577,1.24501272926262,0.607077950390545,0.226384930848364,0.411678742709815,0.452313262200008,0.946846230688312,199.945084925799,199.399951278117
"ITM2A",0.209678286506793,0.745860590939265,0.601929700037963,1.90994675809038,0.53368991343368,0.839628472155118,0.728568155738794,0.362848163611361,186.657313117047,0.87793389147133
"ITM2C",0.859618465763658,0.627366859039461,0.511154898338958,0.251419528547811,0.0544824721176754,0.125864026912879,0.168135759648221,0.481740029750586,1.59533751745412,0.276745824423481
"ITPKB",186.391520947864,1.1635143775806,0.744243710248771,0.563245216338048,0.0831929932342438,0.190606181213953,0.252880200402016,0.663678326662225,186.125179901409,184.495517618847
"ITPR1",2.60301084367252,192.549063899826,185.316142302568,190.828660443957,155.940453116892,0.555779716086116,0.611201996946135,0.419431893620731,203.66852597915,0.0895845320825657
"ITPRIPL2",0.676372654714806,4.95053356503874,216.146773518746,217.891299754147,0.413121302396885,0.685040147509218,0.917799795373742,0.284997931205086,66.1208338127412,1.42308691014274
"IVNS1ABP",190.687128424629,1.61105711521855,0.396112260226216,0.740435464130971,0.367410379348904,0.507243602471979,0.538277419095218,0.54792269937172,0.610971588756948,0.367768503237974
"JADE1",0.433588962320456,212.326984269169,0.28531333606515,2.62913006214367,0.791465179173147,215.870871541288,0.654263799964721,1.28897592996382,1.57163181122555,0.232804054999925
"JAG1",0.254915670383032,0.79669722681321,0.70803309149531,1.92632790572448,0.609293861288511,221.412787984673,221.433104229029,208.377409313753,0.50662161420474,83.5846958980693
"JAKMIP1",1.06388020587549,1.10934695737674,209.111406876408,0.580246804371224,1.56894357346859,212.962010317316,165.304604898379,0.445417751433888,213.082206050942,0.133397323451853
"JAKMIP2",0.86446746161853,3.12186611493187,0.548569024261328,1.24931278728586,0.51783978291357,0.519648650055318,1.88869565318861,1.61564876642998,1.28509300914756,0.239546120841876
"JAM2",1.14970215086016,2.51217995980318,205.733672608824,206.57063111839,0.18576313058758,0.45757394784163,0.481031148034943,0.445381289586819,16.4337342728299,206.097081940295
"JAM3",0.671337574905983,186.707191968905,0.0822497821097321,0.491639325956653,178.703103821061,4.53444513707015,0.468994444789751,3.91495225329899,183.35885763896,0.528268468761233
"JARID2",50.9187970791318,195.588859851311,0.744935258452062,216.002252369757,0.482537008567447,0.943116849610339,1.20443822844261,1.03582237650298,216.270586063876,220.434882513231
"JDP2",2.11006003206935,216.036798704036,0.403505222098824,210.163927253677,5.12133651996621,0.527042490887125,0.935931950364147,0.95499393032748,0.802615866052566,0.883168147426788
"JUN",197.841558322915,0.399374301597162,0.525085701235125,0.904136750058067,0.204590218298813,0.469858084510632,0.597218892725605,0.477999819239228,1.66572235187377,192.467741813525
"JUNB",0.356156520895596,1.14767990345908,199.107416372257,0.942773169510309,0.223248588931495,0.94138241114728,0.365970771005777,0.324437499912108,1.71322646342328,0.692624409109958
"KALRN",2.80876143213681,202.950455928937,196.782328033382,0.774159444591745,0.27175061864245,1.4148414902015,2.36120684449903,0.507147176556342,6.4521284557331,0.493442644702802
"KANK1",0.635280534732276,0.427269532461253,0.301739622282729,2.43002106466397,0.681282491046204,0.422956152449966,217.148805636825,103.88746795112,5.63584708675326,84.9719389638167
"KANSL1-AS1",6.7982854911289,4.75726322299385,0.60850838524152,1.52897933425719,0.547928424261439,0.604150883049907,191.103201733303,0.669625234421924,0.660711841844747,207.663711332006
"KAT7",0.55314888903696,0.454389410722759,0.622429693209416,187.705450984185,6.99746267744484,185.442350125567,0.921490441139881,0.690230019401475,0.592013415374073,0.205855641434964
"KBTBD11",2.28126457085281,2.14319063504797,0.426386010350746,7.54564307357937,0.255967531181051,0.354558197363883,0.572428147064067,0.915706259542298,200.199656214281,0.573368163871781
"KBTBD2",1.82480017114253,0.988161671835455,0.285806726536416,199.360742392491,1.45289302357352,0.972004165747928,0.32452185583327,0.600270438274615,1.94927461425325,0.245129640571694
"KBTBD7",0.786565626549387,18.4047354104435,0.549121177148494,2.92574397695191,0.689896682663997,9.30176975867473,0.456709594466765,0.564729291346244,207.378308494427,0.554111438746273
"KCNAB1",219.41975994499,0.660344254555376,0.417941437877226,1.41145039779379,215.414503895023,220.106380875167,217.699950991327,2.05183535377708,0.453620850998426,0.57726418472625
"KCNAB2",1.63571396171784,0.581114194376177,1.80747143443348,165.639689166369,160.145504835645,183.595097707606,166.911871393318,0.970217993447696,0.687248937235199,0.0851492317594224
"KCNC2",205.46079014035,105.662049878756,0.681467399545291,194.236677729741,0.96264907062446,206.626221837122,1.49197610316725,1.63944495727468,0.209161856471065,0.951277692897401
"KCND2",198.871725419273,1.26072953868124,7.45760222386559,203.902770211283,0.41206901455992,0.392110907766634,0.722792302434124,194.516686311172,0.371872751307317,0.185286168054741
"KCND3",158.01341910343,1.41939624140077,151.667951944288,0.797115879596874,0.427074563806617,1.10213829741882,2.20834690524741,1.41945464334253,2.49244469875694,0.0560559575284763
"KCNE4",0.415854849617309,2.67430181085277,0.514490357688947,3.2483846099812,0.369111195060848,0.923818053304242,217.742438673129,437.113509390532,213.239876934633,208.756416400143
"KCNIP1",0.663246350074901,0.454788888624426,1.36019566093159,0.955160203933885,31.4549417703454,201.031915187285,188.076441934973,0.594449856360505,0.738242121886742,0.462746182730107
"KCNIP4",1.34926321052868,1.23175684671596,0.643838273319126,0.846309293154136,189.754719492481,214.061295350508,0.708965489515244,0.568828190301933,0.710429333990978,0.137098413542607
"KCNJ2",1.72591197248254,1.4534492906201,0.17158941592487,0.560903766688945,229.758450101377,1.31040539714603,0.893654522707941,221.521000182952,221.727003866192,3.4017476194997
"KCNJ3",171.56066814989,0.605286137025506,1.00652335449526,0.920077177222496,0.840359804873358,167.575381693426,1.36721894608401,0.692675000374017,0.432992222607227,161.626015109757
"KCNJ6",0.798518314916739,187.498249236179,193.580985451487,0.563632014407168,191.157124485379,25.3014196929585,0.606451076529015,0.58846503221995,201.172286991775,0.051678457930918
"KCNK12",1.9348033092794,207.261634939518,0.218990939554606,0.434376066425408,212.614049323358,2.07675316730563,195.050021007689,216.865776331149,3.086988256537,0.317697172346958
"KCNQ3",163.695866333822,164.806457076973,157.513270329176,0.935660776669006,6.01596899490937,161.603392162562,0.455071505260619,0.322520174956961,165.275741606692,0.0737676792588243
"KCTD12",0.239107554114611,173.890512260449,0.564249265390158,0.319124723443237,0.180445066288792,0.320895028627277,0.196371457537129,0.140073011936393,171.508841198947,1.91916315097382
"KDM5B",0.352330527564094,0.715284442997679,0.484623427587151,0.707044139019267,175.875594555897,0.684781811613897,0.834215224685415,177.207364465221,1.8017009045859,0.510519210896373
"KDM6A",219.260177559859,262.35164724703,0.635068183868381,1.87311780333193,1.09160281667563,0.451383099995396,0.77813741139961,0.59052201794954,1.11224620028827,196.585644062194
"KHDRBS3",2.9583716740272,0.583648869395012,0.170314764183397,0.404626581318876,12.990490856459,224.433110338722,0.845097711354325,0.78155781363663,0.967390745242474,0.350172046192396
"KIAA0319L",188.16753971413,3.79398469420725,0.335857866568045,1.08401599440222,1.32804016746542,0.594919078399839,0.752237517546953,0.464922927689647,2.02835826938187,0.172809829906054
"KIAA1217",1.41758163743328,0.932028477605067,214.819356385701,1.30257043659129,0.509314824238749,214.492676028658,213.813014503973,2.15261905471573,0.460666432002743,1.10588338485799
"KIAA1671",0.418437859388005,208.835103158256,201.508953561169,2.14564147475762,0.306430198924071,0.583969971722199,197.127276019608,205.589616750041,206.061536640993,0.273537862454958
"KIAA1958",2.62581017880175,2.34786444752615,0.612648144410845,1.91247521524328,0.473132582675384,3.62567325997949,7.45751107273306,1.36676287921084,0.805160366666844,1.54290565480023
"KIF13A",0.645360558790575,3.67985552996001,0.271417415102991,4.73086742737959,1.14279009756629,211.60392873566,1.24849758297483,6.14173591062359,1.48003517889531,0.72798036491126
"KIF1A",0.538549483458045,1.36214491495518,0.113762638051754,139.503157734181,0.383807499902864,0.414961923403865,0.524369871680117,0.934292378455354,1.24885191560397,0.0622106765587283
"KIF21A",0.388838661479469,150.211609622419,0.397035222504261,0.623802617203843,0.694224321993948,0.483714755119772,0.282096584554309,0.378460501814348,0.720227518766363,0.0441743931599539
"KIF26B",2.45348112135015,33.1266901668114,10.853393855927,0.536160774513733,201.887143037011,0.642740811757553,0.830702789865617,1.51894129637371,1.02047577946579,0.202321688960565
"KIF2A",3.17817065400194,195.307181083471,0.363507212853664,0.750892737208295,0.603439029874431,4.15757050641638,1.1329293674807,0.566101823000206,205.631248780564,0.164481212510345
"KIF3A",146.329080305348,144.497276006634,0.197210747151941,0.465755637108436,0.665216387202302,2.61080629432387,0.210124518700958,141.201492410116,1.16846806218044,0.0505827383351403
"KIFC2",185.065077563327,0.687200430080469,179.985963088736,3.36085943983754,0.580556308643409,0.915245684642498,0.910827047681461,181.809971674602,0.485674613308587,0.322786783217296
"KIFC3",1.7614555101477,1.16769110973992,0.378777693762476,1.3298923270044,0.747368566493391,0.631368315168133,1.06530367249843,39.3991225823003,0.666588509322117,0.450209481013684
"KIZ",1.82397922205896,1.11717326001603,0.278507315067503,164.243320729564,0.596444160420488,1.25832102211644,199.935905622879,215.70226884898,217.768354418685,0.582833515342511
"KLF12",0.96274555631883,0.952800603799813,0.401594351444919,212.609635363942,206.500441978594,1.32744251418918,1.68793256309386,0.43951527784211,1.54176296016743,1.50906522148318
"KLF7",0.955779716913854,198.275202538361,0.305239058070474,0.764046703689798,0.952368762258637,0.561846710000424,1.03198001313911,0.649363922120861,200.839550780675,0.158268277315637
"KLF9",0.474637980040308,194.471559863619,1.17367190065025,0.487167907582847,0.234097082839056,0.345968503491139,1.65022652701671,1.4649951362786,194.196336430836,0.323780810800647
"KLHDC8B",3.26477962680234,1.06889471254276,1.04804656534057,189.730778209175,0.981162198952239,1.48564578719161,0.94191132174881,1.60583398173635,1.04623400718399,0.351686577457042
"KLHL1",197.206707447756,195.933437788765,194.945117262197,0.690019502651386,199.557364855057,0.906960691256962,1.4558685166774,221.631399080994,203.616686619942,0.0501708217851542
"KLHL9",0.848629301664493,14.0193276125693,0.462647588681026,1.46881911825173,0.513386241821578,202.616760087145,0.731045943232516,0.686808949134618,0.992138646573251,0.233980926017314
"KMT2A",0.911262542753195,207.13189474486,0.444471463555966,199.582473270278,0.417063001671172,0.371686994746035,0.818975714655911,0.391997491502388,0.343139828767671,0.249190012491184
"KRAS",1.21693759557628,0.466055196839729,3.03379042299995,0.447387177998192,0.849116371792837,1.16785443816646,0.498209559506546,0.870046979092822,1.0165320821305,0.154851929688497
"KRR1",0.903386605475468,0.679731655867457,0.516779373867901,1.18191241599418,0.435742438863137,0.84191279264815,1.14953534077393,0.641379514357325,0.834856665998634,0.290784117346693
"L1CAM",193.362187663418,193.895715012344,1.18026742298796,2.28925663635578,190.364545799263,22.1245292616608,1.55466809359493,0.823397149476862,0.404929396686109,0.117844750610746
"LACTB",0.585101726937684,0.50481949791375,190.091682276729,0.930208369155489,3.13657870170867,1.50412740407974,211.327831561826,0.864575664670479,7.14758285439768,0.223183782016612
"LAIR1",0.718288339380985,214.691280207699,2.60983683229976,0.718384148458627,169.934993624598,3.06078214210028,0.334429803706241,0.12182096338087,1.54816424611359,216.337809472679
"LAMP1",0.439998116289745,0.804653983332468,0.098303682363566,0.557005867590097,0.57841074169282,0.995656424109642,0.426451335365451,0.300134305851943,0.404364918414069,0.178139972262542
"LAMP2",0.546837099849052,1.95747623313228,0.0623160950973429,0.732449193619548,0.217180694719918,0.300233978982904,0.386212755800106,0.281613289448842,2.47024962331749,153.944785905063
"LAPTM5",0.370994243527178,184.292111806263,3.23205023154891,0.260649998715001,0.46813953113846,0.408334142190187,0.168532838054702,0.071057885484485,183.709084776697,177.651306402844
"LARGE1",210.478831612888,1.35907697695663,216.082694222342,1.20413378139986,0.56020607266332,2.24689399254047,2.14965655925729,1.80155430261309,0.439367283000726,0.21244902593014
"LAT2",0.711148406401807,1.81640065216835,2.16148960931419,0.669463937439099,2.42113080882056,0.617497333436078,0.2938652644393,0.246872557827744,6.79350844567169,1.36484430819084
"LBH",202.499188343093,2.36765481276729,200.134391089034,200.058958399224,199.071514671667,199.005633171412,0.673079050111631,199.223767131214,1.68335575339771,0.0887266814602827
"LBR",222.217265523467,4.56156959543678,0.299307144860551,4.05894847477684,219.615826810469,0.618870052413068,0.436620565581108,0.300141872933275,224.931014358018,0.797530605239154
"LCORL",221.961814000871,223.627006846123,0.910750860813965,205.167968614986,1.54614673720124,215.539601107136,10.7705932484873,0.277253289452882,1.98268371656561,0.361261501359855
"LCP1",214.664083619511,0.775418295714486,3.19975738007797,0.45073089657118,1.23174466594497,169.520272687158,0.264192317533703,0.207067176765744,25.0056379347248,0.758978851890372
"LCP2",0.692737417722246,0.720986230572875,0.898855775677518,0.848951401242445,217.575234120529,3.26689974216343,1.17142021033916,0.260761819275777,7.831779017942,0.851888957947162
"LDLR",0.410738327573982,0.666250537530467,0.479234966025846,3.60907236337411,1.09584661784808,213.077649866065,216.788803702057,218.140709902579,0.494293087399249,1.40903248768721
"LDLRAP1",118.736760758498,210.093942639302,0.110243329375841,0.650634375033713,200.380832671399,205.181683223618,0.57401185469755,204.505348830639,200.969342735011,200.194222618373
"LDOC1",184.21339079212,0.472880037321402,0.180823488379663,0.723575065336135,180.327761870291,193.294586180775,2.46216865093952,1.14364572899554,0.508993322547647,0.107815862426076
"LEMD3",1.51775254465203,64.7187082589791,0.31387336136244,0.767152309719909,1.00214607588726,1.08334994118885,239.133968451746,3.16139122283162,4.17275601256142,0.268919854139727
"LENG8",1.24677688776859,0.938408447157672,2.47290958080717,4.42566142499899,0.652523689394181,2.0386019311355,1.20143682625153,0.540116857496963,1.49164709281791,0.881841755305112
"LGALS1",0.361341947936652,0.624755587061773,0.0825751583627848,0.388905225047398,0.883767355024035,0.599485486766369,0.40937372684445,0.238960539446809,129.708684556352,0.0946846586838377
"LGALS3",0.21699088373118,0.779712230542174,155.629900145789,209.778069248629,0.215074111417199,0.525914757270957,0.613606643624192,0.851419164047612,215.744995007234,214.896106451775
"LGALS9",0.690313486951605,4.97627960759367,0.917312039459821,0.940627236864779,235.604529612451,0.82359155975104,0.588548355564353,0.169066550598762,229.581627184187,227.938745675037
"LGALSL",224.115014527163,1.86082463719242,216.560874873314,225.831307501594,0.409343540165327,217.304195521531,2.55775133342312,252.055894233639,229.559142779933,0.19012296667863
"LGI2",0.642768503808192,0.771530000119831,194.073275969469,195.492784066262,191.648697076755,199.587815510509,0.577432380981772,197.498913863544,0.440601358582592,0.126090241206098
"LGR5",209.408368309289,7.63271465507997,0.214927256691191,215.132618382535,211.158456873402,215.100720457979,213.840013116095,1.24300844802549,0.485847325424959,208.037628585818
"LHFPL2",1.79030314412988,0.964869177928925,2.22461315997141,0.560092770262888,0.972928563158822,0.634875568104264,0.38962522571498,0.199695560738247,206.289906595204,1.28607962003125
"LHFPL6",0.220743340462953,200.067941989611,4.47342648057423,0.671283106888376,0.200657279961837,0.414628982170293,0.358752994202692,0.518918435318454,198.510430926809,6.93814031397028
"LIFR",185.316827782377,0.482342494422839,0.268141904192401,0.461907921993819,0.14826270583014,0.326197024594768,0.287158073931127,0.460187364092743,0.350641312705438,4.55172162211848
"LILRB1",1.03967223179974,0.662014596222485,72.8757418095737,0.77329025211456,117.275473863079,139.701962398653,0.441196378404291,0.278375832389777,11.493444236927,133.945459054704
"LILRB4",215.006294278859,999.997846063865,0.596803073266785,1.15771180492053,211.136349102452,201.289191056546,0.624823009621701,0.197508971002926,216.635333300752,2.1089359763896
"LIMK2",6.13790413903006,1.77968453281349,0.762980599259193,0.523342313128311,0.206959269230897,0.45155390685852,0.533230406146731,201.44065707269,0.811129574730026,0.366809508338872
"LIN7A",28.2210841102726,0.702456467690067,1.39983522937733,1.27794497983097,53.1855980052575,2.20776151066602,1.35624300589907,200.60508246299,0.540057103096858,0.127247772712142
"LINC00623",229.9759149091,1.56967301788907,10.0118364099542,230.565443501284,0.408431963892245,226.869618646572,2.15893261239259,0.661306369100582,1.08947788486907,0.294611944821033
"LINC01088",2.33614919224219,1.31728297909953,27.6931765960549,1.11685837581686,0.13542785077199,0.325125159306594,0.625974688281799,0.814837790833762,1.39096609520823,208.966755790475
"LMAN1",1.31044944176653,0.483259470214695,0.380963473681251,0.413018532139876,0.2979578715307,0.730170940336004,0.447985065584,0.549557767147945,1.05935971582487,0.591877418169689
"LMBRD1",0.66957009769375,0.914552563889307,0.131817133743945,0.478752079733264,0.42994483763932,0.579126831696524,0.611023177280708,0.445511383934828,1.14105010924103,0.16018288160223
"LMNA",1.0284565002852,0.704827270351061,0.511652234271077,0.733325221763251,0.172084342105943,0.771162238326933,2.37338918630919,204.896903821842,222.751656078209,0.71918871374773
"LMO2",0.2726881034089,226.216049718261,3.66397726843115,215.78784750175,0.508270523885052,0.965287435610935,0.561271316316837,0.224979961193317,240.175945659241,223.603615823588
"LMTK1",218.44112857649,9.46078618669296,0.0731390873356375,191.066969460733,180.515677744941,6.19734072679726,0.644415152327221,2.06368559797966,192.336444225487,0.180093008171967
"LMTK2",231.130711991905,0.803712950732654,224.51555140802,0.655035440088621,0.52136901714876,220.948366202049,227.892203338019,0.726674058428534,0.672608577380858,0.232240334914986
"LNPEP",0.427120999694118,213.342065767653,0.451851089561287,6.60778322731074,0.294686272110088,0.711200229372234,0.609214233206123,207.590387372861,215.507753979513,0.144489423926098
"LONRF1",1.39168689780033,201.51657000569,0.480266341923283,199.834241836426,0.595647219299004,1.29408481541125,1.34689832314555,3.13842819440648,0.709154408252336,0.306177585707418
"LPAR5",1.01050174792455,225.816896486603,1.15339184603674,1.43755100031665,7.81560508665883,3.80492905330292,0.573934934272037,0.243289646756166,224.510322172375,221.126029419803
"LPAR6",0.337059408950117,217.045438900565,0.78745416674653,214.915090490308,46.7206250957442,0.692968257203809,0.540179880419829,0.722101336782325,215.157894639753,1.3035066492352
"LPCAT2",202.555997283404,214.455179662132,0.239317574741882,0.460394355137497,0.752989482096385,11.1460418382553,0.394606007757898,0.205200024901579,1.2916903004498,0.694067481589744
"LPIN1",191.196373690334,0.739523576891237,187.492098752902,0.592603561515306,0.125219142960702,0.280503034491585,0.666529080206818,0.933097300746852,1.22045457369295,0.197211142329071
"LPIN2",0.744380161064518,4.35349406108894,0.805766425241687,1.50433084879804,0.647815056053421,194.5522301294,0.496435433444314,1.15981236828289,0.993412360714628,0.13013775176452
"LPL",0.547118126742856,25.1347806533743,0.887354473869331,8.11036878701725,0.787170671598405,202.799956057793,207.91244908341,5.09979162017778,2.25840391908465,0.616283970333634
"LRATD2",1.91626957528324,4.53180375208741,0.321250872465505,3.2182155871503,213.295023848756,1.88206860299611,0.784927921725164,0.438113983371482,2.71766469039823,207.76674307346
"LRBA",1.35091946484678,0.631957440616544,206.839860719467,220.083758988818,0.43229407809025,1.50061040653264,1.37887301652705,3.03982103915972,212.987330069111,2.8674997440123
"LRFN5",222.911974331063,0.899435123869249,209.387655147964,1.04528371658964,206.936733964408,101.715200967438,0.733936222572655,0.880653686027951,1.26990058395751,0.219207986328733
"LRIG1",176.486557857128,180.119623585052,169.545109147333,0.460433279028005,0.0605623868705324,0.170594604329402,0.478878151870715,1.69034773407651,183.266932599392,167.023450669071
"LRP1",0.405879525421028,0.366119425117402,181.591576824618,0.615165920440707,0.124657515698698,0.325306943894175,0.411339400433679,0.362264454255519,0.423201694941162,0.34774851051939
"LRP12",0.746814650327931,999.999548048791,214.404737463947,999.999982917805,0.468999076449229,1.53045030146567,1.19820507348977,209.954055070489,1.12076388268825,0.447695991177177
"LRPPRC",0.623114606127073,0.562521606417336,0.697329009599634,0.650336871415947,0.539268781604518,0.526720493998211,0.430765243366821,0.867149929911636,1.01055252639064,0.097071610859676
"LRRC3B",0.472339332725936,201.651901618928,192.730771270536,198.265062472539,0.527181540144694,193.799394897369,0.597917281398735,192.787353769938,209.38832485785,0.129971909357761
"LRRC4C",1.01331459301345,0.757590760510598,0.502686748948753,0.772967895396938,0.699340347527721,0.608196653089462,0.656080131933129,200.760925749855,0.496130325474187,0.261043081712922
"LRRC75A",149.552828594257,0.86723863343482,0.508394667432668,0.98796054400075,0.674591551062221,1.36214639168927,3.34808407852406,2.4514728406093,159.387257483844,1.77902697944778
"LRRC8C",1.96351345999846,1.2202696065893,0.526411630520132,2.86250724300431,1.47079994212186,0.801799141019398,214.234075805232,1.18617063610909,208.144749313144,0.767529360086331
"LRRK2",1.2520741271589,0.444987471438127,200.908030985708,1.72228576509025,0.665302044793463,203.041913736442,3.23738649439691,3.33684901153816,209.222248005271,0.218326427743046
"LRRN3",200.677910177187,202.888768048031,201.71729793409,1.94092648690769,1.39199167781274,0.55739845300706,0.594340026376292,1.3447074415582,199.70857706929,0.0954674285988532
"LTBP1",6.66457292065989,226.330360371504,219.994883610883,0.839712374969509,0.261898796142028,14.4382159997499,0.827275014148865,1.47790828186615,1.1259073861135,221.376257691786
"LTF",210.216775942226,1.42773276299544,0.769258457465049,3.81776689677231,0.264417329904931,0.447850494828586,204.760468955898,197.891589727052,208.431915797971,207.7773072515
"LUC7L",3.53076261199088,222.452043493487,0.437511000763198,0.535552174453232,0.66022218375207,1.32481509638686,0.75704972442075,1.10535206898997,1.01254693224426,0.357244401566235
"LUC7L2",0.394424387920639,162.250873720298,0.293840261696458,0.679415379610878,0.323495210733977,1.97958734679526,1.48051191744241,157.222135331828,1.22610883600504,0.218963284308402
"LY6E",0.297473810659401,0.551486668950862,11.523935257503,0.895998635682045,176.959758628042,3.37906489736961,0.59002627947412,0.628009128127709,0.644253033714615,0.123585873243649
"LY6H",1.46250399063158,0.354737296747869,0.420725502608111,180.334145025559,182.208689111258,188.028392090681,1.9655584674603,1.38239093704997,0.204929011630353,0.124751770764284
"LY86",213.262571687013,0.904201424987652,0.829463032759805,13.4562486590127,209.10373634922,207.055106048319,0.311194524301434,0.0994709180809721,200.948366761121,211.56708738574
"LY96",0.276031090614403,1.08311899866019,210.738249678022,4.19621764573486,213.053935676037,150.603592345026,211.507561327986,0.267835373206625,219.67712401818,0.50154727239379
"LYAR",0.610639173056758,212.311122104555,1.78154083228058,1.24586621564883,0.270794806793238,205.391708878192,1.0528155159366,211.405414690004,215.842207504633,4.39777305785014
"LYL1",0.841679278124552,217.944118748788,0.867170487130488,0.571378050151795,216.973295335878,217.074401383921,205.475797331989,0.25635697988715,218.949623440504,215.342753700777
"LYN",0.851449623825462,223.594786123559,210.785388408502,212.135150071096,218.73264947266,2.09170861589727,0.258500883577569,0.122776979370091,227.843037478235,223.661033549639
"LZTS3",0.897168357056471,204.401034023475,0.603152370612375,201.944540158712,0.383773815565069,202.403348145944,0.428029429798194,179.053676897139,0.596544689924836,0.222277876753021
"MACROD2",207.929719416484,209.945826922721,224.239625336667,204.452106619943,0.412317151764242,3.44811646179029,2.37911515751047,209.596029392672,211.619917230895,0.135434045108649
"MAF",1.12045766990357,1.20852985071276,2.15564333659714,0.608836050558837,0.333352811174092,0.451343517710262,0.368927977756983,0.176960845439349,204.934615962862,207.231290759226
"MAFB",0.564533108006831,0.886548526319163,158.061463036108,0.876230477938904,1.0787126332108,0.578021063437965,0.281027577757495,0.258350896643358,171.608924133812,1.14430156840463
"MAFF",0.448408499288111,198.604732033884,0.485650550254117,209.759770182073,1.20074504949439,0.538545632515985,209.751027882577,2.1312646586794,212.401693215517,218.793562880554
"MAGI3",1.88057415228896,30.0011707957114,1.01057169104774,0.788592514424282,0.915922752772285,16.29211683339,0.677366798508429,598.321969291709,198.106937356115,0.122843586490869
"MAML2",2.46045277367528,0.778924470352989,0.767160109762963,222.621258304417,0.536780711222821,1.82318652279082,2.83627194121648,0.727819695661463,222.591120674478,218.787645396631
"MAN2A1",1.97322836369318,0.951357945754353,0.155657055509985,209.832046342913,0.596488556408841,0.640193230747886,205.478497895044,0.505996453037462,3.55555581650979,217.33430380055
"MAOB",189.333541538922,2.05487188124578,0.4654308372068,0.720814874432642,0.0900439687546542,0.226023409684155,0.471125903581814,1.39938716364643,10.7093812326054,190.910450591365
"MAP1A",0.650620281604401,0.88047741576706,0.161407633781371,0.470848928133092,0.251001062522732,0.518932368680949,0.363118898489335,0.371663842963093,161.000151297027,0.053653088954093
"MAP1LC3A",156.150216979052,154.546975479284,0.233535733521403,0.638933030834354,1.10448033312788,0.895386873320385,0.675362871070951,1.22784320287947,0.483149496047878,0.0545961464410719
"MAP2",0.456496026927283,0.257143188424319,0.414556850207069,0.537554559295281,0.140912947969082,0.374989736817142,0.280215611991846,0.453488337434809,0.319728965859562,0.0640534364157938
"MAP2K6",0.515004827163037,2.8962644027011,0.890632229932044,0.810857797995929,188.674770494675,215.252310066683,0.93092140530846,1.69358919796838,214.044632687957,0.204879837834345
"MAP3K12",1.15915973835182,177.194800159784,0.406705902201411,1.04097629251538,1.47955815111526,0.779784874796005,1.08405709178332,1.02900111002395,177.713682124456,0.879422685555643
"MAP3K2",0.819231160438922,207.742431015137,0.31185288293603,1.9364679945033,1.43680329875895,0.478105994297879,0.302709065498368,0.625430000064188,1.03961583575525,0.350773835027437
"MAP7D1",169.880906793196,182.383604460317,0.104695699141863,0.521107641713781,0.377212299911745,1.59072419602914,0.309089116790124,0.534205894361111,167.352076323582,0.0901405685121438
"MAP9",0.525674932607906,2.71123497887496,0.758924318788123,1.52317308672038,0.46507807017612,0.506179886185973,0.496318192452404,0.645511125582026,0.441740132005779,0.0696526147745626
"MAPK1",0.605400408509937,0.55366561884519,0.246524317034039,0.439641744719163,0.181779803032732,0.359950845631297,0.469411240801154,169.714515391846,0.465784015993789,0.0975837694008606
"MAPK14",0.817692042725836,208.792132857076,1.95947792905804,0.797015463919142,0.532467339040613,4.53249823231141,0.592574091609002,0.493820702210744,218.138553960327,0.461344070037665
"MAPK4",194.054753564586,12.9976727230566,187.715810285005,0.803466017208033,0.109947880340469,0.258302413711347,0.380972881340219,2.7068331800526,191.778636506082,0.835778423151082
"MAPKAPK5-AS1",1.83948229472559,221.633814827838,0.353922174683873,1.02538933579328,213.277478741903,217.360128221674,0.812329855503888,1.95960018390374,2.05438435365228,0.175424866628768
"MARCHF3",0.678157623917566,229.315956543112,0.708817931162184,229.892008724888,0.294821909422933,1.08315676073867,0.878611683461044,212.294382980051,0.696594210007828,227.049960390789
"MARCKS",0.745446577938011,0.253539030798692,0.455306831251951,0.451404937417103,0.0886291162827,0.239854440205315,0.210269508756948,0.181571155032147,1.25725152096232,0.265752714264552
"MAST4",5.86441015067352,207.172780416567,0.320220132134301,1.36553419559075,0.553037822910112,0.642026723657083,3.97477702460769,0.736596770374846,0.940150905176676,0.563096068601335
"MAX",0.560895846104931,210.664580816793,0.312836368136655,1.00080865382298,0.339352270365645,0.549404303485434,1.70319128111279,2.09252094439594,8.92372724971284,0.315165784763348
"MBD2",0.656905731712407,201.01604825722,1.77745298347822,0.45147792253978,0.505684296999434,0.498816694145682,163.283578750551,0.737143743952974,0.942295454041075,0.276790639055137
"MBD5",0.467249391651343,225.469256328979,0.429449166234567,224.089144938978,224.632812544439,223.292355004845,0.963655183878917,2.14196192879308,1.58910555384782,0.276348016177894
"MBD6",1.3025218840886,12.6673709579223,0.633940845853457,213.793391532142,5.43421195860054,214.227051238348,215.537341371577,0.443898244079835,0.917621782669093,0.630151838548185
"MBTPS1",0.888911800553382,0.925873480068423,0.730215240715607,0.708574175892089,0.8410086931203,195.513355052916,26.313050060571,0.799356410611722,0.369309400565762,0.317512742643083
"MCAM",1.94338139103911,0.614740993017244,0.62627141419663,0.782272057044204,0.783705598556406,0.941148813557114,0.667090336511247,0.270100141118402,0.639066349367572,0.58242645260762
"MCF2",205.180778978288,0.89566950986519,0.490789083426388,204.580417652835,202.727301985618,1.41037758200817,0.570141574765676,203.481137682223,1.29660358922625,0.129900832021915
"MCF2L",154.422357470804,0.487241994953488,0.214161226347014,6.94171479612403,5.94457621253795,3.73892779641245,0.819712234991464,2.18648868527752,1.17504394880507,0.216562491094806
"MCF2L2",223.670385403127,224.422878653154,217.327276965892,9.74394482479142,0.359249165039995,221.924172414769,222.520007237844,220.803103335377,225.652346732286,0.227580070861404
"MCM6",0.647761838094467,215.744828756068,0.547682824717126,210.755883318969,0.785387034743285,215.911035624225,4.47473359671504,1.06919151428603,211.903682176557,0.587621942533391
"MDM2",0.677744203741998,0.764871858072017,0.383357619604348,0.841072321379132,0.891923707471569,8.20532328399596,0.534606836622306,0.389358143892058,217.320222609679,0.298093898096186
"ME1",10.7145468031994,0.440541611362892,0.328978090184738,1.20104675079873,0.377760926515967,0.642230193568377,0.976310272928298,0.447521597131682,1.54477784220311,0.161118245026706
"MED13",3.07233456437664,0.660142313289284,0.333619904420248,0.537232217769057,0.414297099075386,1.39326614324151,0.736613061254988,0.614256587644404,0.929539532734279,0.309965174511451
"MEF2C",0.825609139505276,0.579608359849068,190.615975241286,0.432230005096936,0.661131458900137,0.483388525137978,0.678208074962067,0.692151588479345,158.564403397924,0.431896978972717
"MEGF10",54.9451049566214,0.632565649659519,0.191826632307226,3.03659577989182,0.395651622150672,0.292854489718889,18.1099863172859,2.9075917617965,2.17714419637161,0.946290700721455
"MEGF9",0.590096616931184,183.467264738102,0.29994096168539,0.885606945607389,0.223289820830659,0.358545034669808,0.540759391393245,0.597963772929966,194.107351540052,0.147456785600199
"MEIS1",2.76622650657491,160.419630212006,0.264418114973251,163.955234073101,151.434198899949,157.89745792105,0.962566038786897,0.509119563424418,157.77564548958,150.566653990047
"MEPCE",1.32163189135079,2.6614638296096,0.390791455869699,211.336205431849,207.158382637783,0.495604005458634,0.550869352265215,0.597388910889483,206.030361867492,0.309989677291997
"MERTK",2.62905046461657,214.701241960495,1.21634345621998,213.624967714667,1.15570933411335,0.660609040499031,0.792594258032964,0.592964975523714,2.26318879416081,1.28248491919043
"METTL16",222.074575708198,222.888479786355,0.348800071043711,0.747920296824474,0.315228256895411,0.749277640724537,0.427365410156929,219.790369175515,220.952153966813,216.453585874881
"METTL23",0.847313014457173,0.653152877719602,3.86179297107939,1.0641179631914,0.813527678159723,1.32447178446496,207.702581740816,0.665936188635442,1.3945685258052,0.29966686491077
"MFAP3L",190.715037358962,192.565739090452,0.269346448981595,2.09360054602987,0.143613259829465,0.242102731773503,1.23684020835712,206.846975719939,5.17342608528445,0.663142854733108
"MFGE8",0.225558738265253,0.731074437812296,0.202650208146473,1.23571647635977,0.669366337376663,0.626266703861923,3.76265053455975,7.07279147871714,212.005603466749,207.288732103314
"MFHAS1",0.952835234789712,1.91667709621306,1.17519880619038,221.344141566733,0.959173404657554,0.528684174724828,0.628717336400999,0.545358845219755,1.25171787849464,0.27961212499845
"MFSD1",0.563386305590924,2.23339658690496,1.11308116221385,0.665367158642109,0.424974538005479,1.12223972804635,0.552179959396492,0.412168571548425,4.53912237073463,0.18645537249274
"MGA",0.686287522257101,1.2336819402508,1.20742775533092,203.688886625748,0.29530306441907,1.14770116100196,0.613809883798818,212.330802536836,209.546164351878,0.578543380785866
"MGAT1",0.305410121380351,0.815853448584838,0.558305089909826,0.722176846635503,0.692338245509189,1.0015427712751,0.66131667990077,0.428703309383255,1.43418537026685,0.493850345443125
"MGAT4A",1.26740808689719,215.782497899343,1.91102146401163,196.959307800746,1.04114098812004,0.936313478657676,0.535339474668257,0.406978285805793,1.61136236682043,0.220940374487827
"MGAT4C",205.980305685083,0.616364305494293,75.4774434395107,2.56170722306737,0.201916088116271,0.569520242287391,0.451483794715673,159.225291576216,0.472315619188422,0.820693356909239
"MGP",0.212213559126331,1.53718895642076,150.768544980522,0.906982441947003,0.411777001300516,152.760502700445,159.901862823203,155.678365263606,1.46640817973505,8.44288339912598
"MGST1",0.530772338746947,1.55224082688192,0.822131019630022,1.05606680555801,0.0690161632781096,0.171351487377691,0.298459669268693,0.887057217564082,0.887751433447213,1.76848365947994
"MIB2",2.6164478521379,154.729875061768,0.720656743388998,6.69557116002868,0.446349729234372,150.016302430926,2.65267170633824,143.478678725391,1.65399143831316,0.45143127312971
"MICAL1",3.25582776949335,1.17848590316921,0.646226937568528,0.597390801946632,146.386648106153,1.68140797224513,1.21451834019464,1.39941605059773,2.50448981765456,0.452045003463634
"MICU1",0.737820196571113,0.995563166296112,0.949109750998475,4.34666349670633,1.84289052292976,0.780118266307742,0.601599753464183,0.474665171554314,192.326950543577,0.121536029935502
"MICU3",196.839124385833,1.77679946866967,5.01846873712049,1.19268989853955,1.13172226632789,1.16007978376362,0.798160331234154,0.492064540251744,0.28646918885221,0.126388437872282
"MID1IP1",0.635100979897564,5.69720404174357,0.105199792232481,0.816496665231023,0.265334470185975,0.449673848262176,0.288071806894212,0.488699509320118,0.964591916062385,0.348345153292845
"MINDY1",1.31369594463125,168.330437794325,0.240127907935661,1.86064669303368,1.17954870706142,167.068481884018,166.984972915596,1.70688717369465,0.901690287816636,158.102146665183
"MIR9-1HG",0.260599485583166,1.04232590630455,0.231055630112854,0.300496936401439,0.0552740636155747,0.150494910920173,0.247570059087045,0.358939540044394,1.59122877417761,0.370920352831971
"MIR9-2HG",3.378419733686,1.40060608387966,1.14373184929149,203.704715733844,0.272939484492007,1.47623482684312,1.30774201955898,1.24684715229705,207.158556289391,0.357485015137622
"MIS18BP1",0.45682325345069,217.033096214742,207.986199939475,1.04455746102154,0.673969402333792,216.796058377792,0.616664759836967,1.11141129089415,0.700855940860532,219.749164675534
"MITF",5.07841618645335,1.23961667271374,0.302237068317114,186.688664085183,179.187902903209,3.06659056458974,0.855162705950274,0.678433766875635,190.183013230316,0.343619917532392
"MLC1",199.283651147188,195.106700565183,1.50875302421422,193.236770588873,0.113528611439351,0.296805055060333,0.333029351556815,0.775222243228768,136.670512940897,190.101980772652
"MLF1",2.3850872652097,0.941619729204766,0.734557483842786,1.7115798439726,0.437969754050598,0.956691123603898,0.64548145635567,0.656398504202277,206.683267211381,0.436546771725917
"MLH3",1.6194651952569,229.930588227687,0.385749662640807,9.28608412362926,0.424256832494882,1.98336512526008,225.418997272788,226.862097610811,0.715869850342162,0.536829700616628
"MLLT11",0.466271983138149,0.46386344960415,0.530117227852144,192.456298800685,1.29622966537797,2.6690310767383,0.462314513252808,4.2749214428667,0.320383273374405,0.047343375139275
"MLLT3",208.205616218366,212.250102565475,0.648813507627454,1.66893140481446,199.92354616333,76.3551291426838,0.604909551424151,0.603414386539457,0.476703008397787,0.181379901354986
"MMD",0.852453198807519,189.449662781752,1.82368873380045,1.6046516763447,0.663157285970334,0.670932669704917,1.22154399214859,0.364673791012627,1.07222662887583,0.197230037958822
"MMGT1",0.900044767737907,0.375602243888157,0.259568820334324,0.842564882072093,216.07077615416,233.62380576241,7.70388659335953,252.388560935099,0.887255485095588,0.185535893707539
"MMP16",0.761251258628644,0.798587531042302,3.62502926705743,0.983495792579789,0.586638614369406,1.3726842496518,1.78172841322789,212.724872404294,203.570001960991,0.258032765834074
"MNDA",1.21989441443103,1.65159750663097,5.29966213035428,228.199837109629,2.13060303129068,2.89527519315887,216.017506217263,0.220710328419444,214.321376283409,216.002221303247
"MOB1B",0.446144823471008,212.927971698432,0.635847445919859,1.25379017790918,0.46463179924319,206.796736725361,217.399824547101,0.452759507830692,0.384670119829952,6.42246415148173
"MOB2",0.755811452722948,221.765423120454,0.387112702284256,219.469716216227,1.83638686842004,199.940575863936,0.425571008611765,7.64430463070222,220.819944018719,0.27770690637673
"MOSPD2",1.52090429515853,1.08151108672502,0.176319810164294,10.9661609757393,1.01269948359872,0.64396391119044,0.953263207992576,0.607765684343057,209.503661203579,1.52456289083569
"MPP1",282.300493873971,1.0684342607095,0.393324318479636,24.7509619460165,1.04447839138524,0.883135344548728,178.028163370506,1.33455167703802,1.31289907320846,0.185068289502371
"MPRIP",0.594620739713971,0.821917097598729,0.247615156038632,2.39060250755878,0.344593699001159,0.737102937588137,0.324266460530869,0.727136650863683,178.396324093893,0.159474804670311
"MRAP2",7.53338005588461,228.970831629928,220.753310299713,6.29765584294481,219.713761484449,225.060973755618,1.52790582025509,0.754201309918374,0.367439947297117,0.159727630777647
"MRC2",3.6440360532215,220.161340526604,214.149438369322,1.93852433395995,0.288888742497775,0.773608044653361,218.536623635037,0.709178178685192,218.422432946389,1.4206114514044
"MRFAP1L1",0.810268811602941,35.4344683552124,0.298520189295948,0.355857957872199,0.39147384202226,190.562019856495,0.578554241782258,0.475215370141575,1.07497222388263,0.155689877158817
"MRNIP",208.239491841966,218.334760309797,5.90114290469932,0.593054973093803,0.83240423441678,1.3669114214047,0.708571251515017,2.06278225252249,16.701115628111,0.302288380901839
"MS4A6A",0.624619994779805,4.06679702649635,0.625590927666883,0.58174980656077,1.44466543581162,1.37929718272167,0.296132183953825,0.14195103111805,196.057621921985,3.38739307828193
"MS4A7",0.372104654651731,200.537108584616,208.257691788267,0.981798029744461,203.657192917531,213.201285725047,0.324915704366635,0.143214918656178,216.855199363515,210.427864275343
"MSI2",0.764535171111862,198.888822366021,0.781559153611851,1.12767878288778,0.160872305855,0.228809472684594,1.07869584889337,0.411897875864086,199.180274067582,0.140432401285625
"MSL1",210.086418125239,0.613785842993239,0.292180425862506,208.731783067991,0.638849827261407,0.358383798872905,0.606126061180914,0.758891961827234,220.127815033257,0.225095304807895
"MSR1",0.874383391681952,210.476032160292,50.4673173335293,208.247698491606,2.08515536394301,214.967337572817,0.451879517846291,0.216026373818841,212.934691343141,1.05180751523216
"MT-ATP8",0.344160945003425,0.201497842258613,0.087112444816147,0.161666359226076,0.0589350250878042,0.110464240864444,0.276754373129505,0.157109767789648,0.452424671338493,0.0960042644081576
"MT-ND4L",0.331637427725709,0.26779507928928,0.0850502241663302,0.140240746384948,0.0454567864514109,0.0799304371352295,0.152094835312347,0.112893644180616,0.370323242739069,0.106316976436109
"MT-ND6",0.520701699283517,0.383337697350104,0.289183145885813,0.358369980208566,0.100269982559836,0.244754813657916,0.279341031524394,0.25505626300696,0.924786589952537,0.36901275686401
"MT1E",0.413618746199207,0.480152056635469,0.537421803658762,0.363499529463944,0.0485787824570793,0.136398545518872,0.269447506537259,0.349333999245344,118.451800697369,0.415018181916819
"MT1M",0.256778203078701,1.07834470765804,0.411852636367534,0.400148721498234,0.075946181385291,0.232162854704911,0.484178934140031,0.419831710273525,1.44560540855327,3.75378410678349
"MT1X",0.276111421828295,0.429562424553528,0.438503915857456,0.510379422591675,0.0505481110528033,0.148277545090963,0.257967585155789,0.302984469742086,140.951665009482,136.775353746334
"MT2A",0.148413156346225,0.385383810985521,0.495931717775121,0.296590456090393,0.0423772799220942,0.115759796234092,0.174209699855396,0.115379615977202,127.728439780676,0.580442180357008
"MTA2",157.054044086988,159.329144326417,0.266053855920691,1.33767791023387,3.57152999827465,0.473375925520089,155.644903327235,151.483065383428,0.854240100340078,146.698890971931
"MTARC1",0.873406953975767,5.31456581834842,209.839877944609,1.38726662590917,0.352776399065451,0.694464000285808,0.338869459855933,220.758924930182,214.288343674586,0.640959783012584
"MTCL3",163.129825830573,164.296420681757,0.490249997899424,0.810421999223274,5.14915173891947,1.02413700283397,162.973947200497,2.11755626637764,167.402207226765,0.250300304331019
"MTF2",1.10792604305956,0.516385629400021,0.498344871713357,8.48454749346159,7.77093304061258,204.565340108664,1.25444776423241,1.3219269753216,0.931020663599549,0.585918658094986
"MTMR3",0.597457570593153,0.480614043615985,200.430684824737,0.662773748169057,0.273465471724548,6.48437548751231,2.03255947609725,1.26647847218779,131.375468910067,0.363015301032769
"MTMR6",1.09852056528055,4.85142990557795,0.2099790405898,0.697530251012063,189.220624525706,202.313349401354,1.06008407540272,0.524601398689711,0.431448974785162,0.13275498637197
"MTRFR",154.635779585078,7.92209701872522,0.504488950514811,155.195494986201,0.761037003154437,0.474101024257952,0.950123478877047,146.394249472489,149.53001085731,0.368434816293992
"MTRNR2L1",156.624311743501,2.71480273812816,0.600987954335451,0.988767351142209,0.191864505631859,0.426275036313866,154.226586687834,0.776453692391806,151.879881760205,0.479550435156039
"MTSS1",7.37211663270385,0.952171092251619,0.217678755729483,206.606265769192,201.102835642486,5.53097293842545,0.542230406607815,0.346691903525017,208.153897803281,0.354390163022231
"MTURN",0.686678374701583,0.484883987030982,0.123205437720015,0.448818655334419,0.121829200420492,0.175687582741103,0.414989674424142,0.305541109401433,159.387723975016,0.223034255792816
"MX1",3.8697636833643,6.59027371153885,2.08680246044631,2.07396095053954,1.77839075484009,0.536958882755446,1.91876823667282,0.789989307939959,0.454696476530765,0.151026347583565
"MXI1",0.852913030214165,1.91063539088464,0.218569943589707,0.604016440797551,0.166519888156758,0.462123997379963,1.10570791148311,187.945236838982,0.652616919431446,0.573407983441347
"MYL9",0.143497513533526,203.793917121636,195.345989135103,1.12859563750177,0.525329833876222,0.99498805246589,1.03795981370371,38.7292468977933,0.668549457649095,197.58402603806
"MYLK",107.400924990444,0.497543121743058,0.121917094204026,1.02699792970832,0.274967078059936,0.605591599964528,0.890282512919187,0.669853645179012,19.9167468216788,1.93157880562588
"MYO1B",0.343828270601847,208.607050738389,0.933408970349599,204.784053809805,203.713429245656,0.632158588693264,206.832314146527,0.98523440522331,193.10545441468,0.623517256038688
"MYO1D",2.734724516311,1.41957057481361,0.156987712186617,3.84677957622437,202.32496508016,204.858046545886,0.994043994592679,20.1765585788707,207.04294542185,201.027059679098
"MYO6",0.796094840454121,1.41460566529109,0.146815701228519,0.846336679761385,0.359601411845148,0.697008286540139,2.84397690850931,1.50829662834684,200.004859363562,1.07892275907881
"MYOM1",1.81472865455512,17.4544593384932,2.05001667580583,1.54465420775055,0.424021437568287,218.676041067492,217.383899773351,1.09044009384384,227.013330332429,0.271360514525091
"MYOM2",0.976902047874559,153.601716779293,0.508367437320627,1.92122888834642,1.42777807238391,0.77635808994452,154.490494952465,149.361706151405,153.917044334088,0.539036379256903
"MYRF",195.361262705769,199.206360021469,0.0442113531529194,0.443765961315116,192.46598121451,178.059709609562,193.650351362037,192.665099252006,195.718566357684,190.09917165537
"MYRIP",0.491672021637042,203.752022539128,194.409949704948,0.638943095670002,191.700958760826,1.44270590001492,0.583616397428931,196.063563505967,204.03747889819,0.0945976623498466
"MYT1L",202.904015379101,206.372769233307,3.04509637630883,1.26123628086794,2.95441167317385,1.53727439335523,192.180753725708,0.580735105507319,0.257170818154075,0.135787089075803
"MZT2A",0.726963375911219,0.551400943680392,0.484353006657596,0.746558819603461,0.696453739536531,0.614996151529459,0.60358652543701,0.311377845461755,0.486654384260667,0.177104999912124
"MZT2B",1.59760556352736,0.406338179373162,0.197092154793231,0.744420343037103,0.155780018190933,0.311825791099018,0.29655969976748,0.562381682426722,0.496900721830422,0.141325461585333
"NAIP",0.635246683226324,0.71611084215734,255.723841475975,0.589376341950516,0.775997875361804,1.54658961732502,0.55889375773654,0.553461644706883,215.567449731639,214.570337150969
"NAMPT",0.173972283773674,198.449314025961,0.45646616993136,180.184617483941,0.213157791168352,1.12552719404284,0.643681846789237,0.645976512724474,1.4083180976993,0.911186950384448
"NAP1L2",1.34608516130223,159.593897373421,0.354914100322526,14.801484006674,4.12292133325542,177.290997155264,0.458917345775531,169.355589527055,0.310074569133443,0.0696045152581165
"NAP1L3",187.737219471077,2.59089779942001,0.313844141241473,0.358461494566375,0.689082194818972,0.87874403983415,0.466046164679935,0.700220898175054,0.240414064329924,0.10025627270998
"NBN",0.472665486150526,4.34577016059692,0.247003854001505,1.1114846420832,191.799074323368,1.64127889882346,0.623610707672872,173.427524863194,213.715669123437,0.199695621888968
"NCALD",1.2743529076002,0.718445704259407,2.15187264145467,0.754715789319914,1.98314418017559,0.957946783727071,3.27035156066184,0.716212213201807,0.468247730155044,0.259239759652472
"NCAM1",126.841900281921,0.704309939985503,0.0895177739011507,0.259386865700683,0.236737434078539,0.435216113275038,0.309636718532904,0.346733161304793,130.288270322821,0.0834204481643247
"NCAN",6.21338488703912,6.27857717001673,0.846954718846892,217.913553448631,0.19047208229089,0.461216817022594,4.94664566105058,223.230522497046,0.66577664942262,1.9111856721877
"NCF2",1.81657306120294,198.488002567606,2.39670855944418,0.7958447891176,1.57909231172476,1.6451807435806,1.40355385419865,0.69236373947415,195.626657504914,225.228638412825
"NCK2",2.95882802347077,224.407381615218,2.00474496582479,0.586962312947141,1.61877871385458,224.334413733731,0.351151014591967,0.216962081697495,229.405116175977,0.268453189262759
"NCKAP1",0.74829174538194,147.061017635434,143.005870691925,153.387572246276,0.15242072453139,0.48889552992943,0.287149020674198,0.402261033735431,0.444067521274053,0.0627338330301887
"NCKAP1L",1.40905570072282,210.883550313386,1.88702390906367,4.35685889022637,3.85547824406928,208.288939705212,0.429351088272478,0.296342624925081,213.348834302482,1.52429450113289
"NCS1",176.305747617275,2.80003337867681,1.38464425040493,0.859473196409639,0.443812647042268,0.402026211165646,0.415049656912052,1.32178868259029,0.429458339406428,0.0956215421377981
"NDFIP2",0.910730621723822,185.595664220582,0.306842064217308,253.450429706847,0.894621244076855,182.804128440096,0.417638070187394,0.587426190092495,195.977171130275,0.192142617358005
"NDP",0.784870323341986,1.11751336800334,0.918607698717988,0.695771518961925,0.237884472146226,0.499818061053047,4.55837246427494,212.774118021297,202.260891027468,6.35838102657994
"NDST2",232.606733864492,218.954987319839,0.856225928958592,1.25927989551109,217.583702997286,0.427943417332137,0.660609307381712,0.347761057885649,2.28836593463651,0.917816543542538
"NDUFB6",0.681860105229941,174.060028370422,0.182497545271737,167.891846727551,0.290646226312761,1.6484381661222,0.967283585407108,0.899977121151507,0.265588252167346,0.106889221800866
"NEBL",0.534505996350484,5.78013717290801,0.585025991725459,0.48430242107073,0.112451574461222,0.230074109049915,0.341633818821395,0.401626079471089,0.67580875199937,0.169371689900246
"NECAP1",1.2224553391286,0.809690778979016,12.1439361101162,171.4301656896,1.01282278243652,179.865050352848,0.364823776701425,1.15601114709906,0.540297157258176,0.0744472620929943
"NECAP2",1.10351577689675,1.56478294959197,0.425041781413767,0.81485841824856,0.583836358174305,0.930864744738615,1.06774337343376,0.656308380470455,5.17829477428233,224.391905340897
"NECTIN1",0.642157601034482,0.958481547945988,0.158748638741657,218.266553933081,222.17559485173,188.589512194933,1.02041569894653,219.447351570137,1.32483284894232,219.604548853647
"NECTIN2",1.32026691088731,228.50290536106,224.162755374084,0.997593333432513,0.387264203667297,0.6112081677633,1.16452964015079,0.953225941961095,0.973791471322586,0.545714415596664
"NECTIN3",0.645256859503546,0.705038297533948,0.524349507129964,188.449887920305,202.172567576128,1.8231137895719,1.39797696510637,205.812844523536,155.789255193083,0.381748569367168
"NEDD1",217.072705068949,206.621782694249,0.547009629567,1.59409927853696,0.648968136328224,211.268749278731,1.10271671912695,4.87187775561572,1.17171458656027,208.729703706572
"NEK4",246.199550153801,222.462459621346,0.356133810791561,1.3965227335332,0.690885180511387,217.015950661233,1.31345138860692,1.0014945431406,1.43681131222585,0.458486501564515
"NELL2",2.35533727843642,1.6073406323257,178.980092297289,0.752822725718958,1.77444097513496,165.327508867997,0.539210589060739,0.590294464617451,0.30713179938349,0.10687403841665
"NEO1",1.07616927082199,0.96823476759676,0.173937585786632,198.15673271722,0.586647663396929,1.08696924475377,0.627821684348846,0.745572782480357,1.22868341887822,0.540781571285578
"NES",0.793966616866654,223.260106015311,0.348320990077101,1.26835854755986,0.574570755619186,2.09643148493343,225.72211407485,2.52556261567755,226.211728258336,218.585968935168
"NETO2",203.295832755185,3.58210330548879,204.8726313333,208.845977621443,0.589773049127793,1.15750444869618,0.608015291118227,25.2615134620837,221.012376659093,0.16175667523794
"NEXMIF",208.411974828884,1.32333070968665,0.824008190783237,211.079457614431,1.09825043300021,187.653884294319,0.486086253962686,3.10586573242239,0.734563900217777,0.304379727886984
"NFE2L2",0.795856765710365,1.67342654104852,0.2048565399624,1.06294425382558,0.196856951434384,0.276841076537019,0.593165653970825,0.358577038903326,10.6204047073322,0.75461070876358
"NFIA",0.94704339585056,0.636846979605462,0.35240225935932,1.0733238811859,0.111386568332316,0.202094499539098,0.399585937460907,0.397131801561832,176.282780076792,178.234414963742
"NFIB",0.402651550544444,0.992909297906289,0.287409234993781,0.816472847707355,0.213097159417379,0.381880401571328,0.346963460960987,0.81839817077603,206.574947726768,202.129595908926
"NFIL3",1.34742028936889,6.38150961908624,1.37288208808024,0.793077841445325,0.599052283194272,0.822021942922443,5.31727835653448,0.710794643627715,2.51751842322334,216.197551174648
"NFKBIA",0.331032601735611,7.18989544266147,0.467626330243244,0.518973227686704,0.258980540288894,2.18236988298168,0.57618234378691,0.495724833707042,1.05674384119928,0.822116009327157
"NFXL1",1.52635542435941,1.62090925010121,1.48298222593758,3.58494921922876,0.975510135052273,216.047563100093,223.359999842716,209.976509299821,2.4242485414289,0.464486842047797
"NGLY1",216.37470673518,2.21680139844013,0.539345656430884,1.0450770208659,206.540516439713,1.9542078614002,0.770319701727104,0.489960080641287,306.157988977195,0.242331444122911
"NHSL1",213.906365106464,1.1383062733037,2.61508495855495,1.22072061795936,0.323322065962606,0.776263501657514,211.129413138292,1.07317525568393,213.530523741154,0.624658059143816
"NHSL2",219.122325910187,1.4808484820408,215.41106911091,210.420207102205,197.908355983213,218.425832866473,1.50377670158443,0.670830918315738,221.574132603817,0.167157939991068
"NIBAN1",213.381755637957,193.255220268923,250.28455993436,1.59739553221718,0.426941583447569,1.82478610840206,0.510119283607063,0.384837798984074,202.998356711888,210.692475864578
"NICN1",221.989666265347,227.91667570656,0.505077662017392,1.70082816251946,0.514264405485967,215.317906300376,8.59187860557868,232.892939492394,219.736295844571,0.490815728564759
"NINL",1.34876000133328,1.0113322108182,4.45549592894051,223.078619690978,0.630926250062508,2.46110569526852,1.13509364018961,221.835545668486,0.656413042068964,0.817260894547422
"NIPAL3",1.83702903848685,165.852474462764,0.14605602028402,0.452408394953727,1.98280134192301,187.831622761481,2.97566456614801,0.433357423307682,0.391135944305752,0.148195988414873
"NKAIN3",202.773243920649,1.17712090930819,0.99813127169829,0.909119304999232,0.186791574900681,0.580469200388482,2.04470376166765,213.857763151065,205.587586812453,1.13031424640503
"NKAP",217.40344953865,203.320838324247,0.28508510862751,3.03726809117812,0.822420132675446,0.6379609250873,200.347779686375,0.447360563009123,0.770661594066908,0.312574855711617
"NLGN1",204.381684812557,1.13024891095131,0.317040616559384,1.39358089437205,169.855956191114,2.10493440855222,217.139290253401,0.390265609352916,0.468284581597594,0.203518543274919
"NLGN4Y",3.0289896405737,2.93338153560787,0.304032583826039,2.59723656561396,0.793122085779889,1.11806846418628,0.642622064699745,6.18461542477545,2.83567041174497,0.298202888835261
"NLRP1",167.19646993457,0.509042068615124,0.913295411520842,1.37484133189753,0.916111337256357,0.706394232107545,0.456557330359584,0.470905866089406,0.287904711375151,0.187330784528046
"NME3",195.893242880081,194.609817400652,0.279482062243951,189.461035280915,0.626655601142551,0.304053654075278,0.364687196097293,0.654982288768334,1.40576509928992,0.187579591238961
"NMRK1",157.845494478141,5.58895617510645,215.52397844095,213.8684520679,0.626061032605968,1.1395460657047,1.24079026277268,0.468607375519377,0.64110351711767,0.501095292118646
"NMT2",2.52252950374422,1.96614323756046,0.478757396774977,201.041728184521,0.774347848604555,1.12499905027699,0.860187794450765,1.55626493220581,219.908954357889,0.33790366328308
"NNAT",214.238219637262,2.32032583573384,0.513031517086564,214.070599452017,220.476363462003,217.833145988127,6.11347172491328,2.70961155414151,0.269882472032975,0.343804000986228
"NOL11",0.696129014381982,1.69517764721048,0.489777244287871,201.878982861388,40.5879725579661,2.17087537337005,0.480107447978436,0.420004564478074,214.240587652123,0.402592820583641
"NOL3",213.939276548239,217.274054902671,209.802544474075,221.747858511696,0.298840697769267,0.345852245910572,1.62866613695033,1.22905807657347,0.930752501433834,0.219927792020435
"NOP53",0.57533542264937,1.02811544494893,0.287788188922071,0.262369934948548,0.305028152651023,0.458460381842765,0.775795816568849,0.37204276906825,0.789879453015556,0.595517499060369
"NORAD",0.532001693017987,0.84832040867002,0.114689668864554,0.34885867225387,0.150023559772719,0.221541752608678,0.290595318181569,0.277648875580742,0.486405481388197,0.0482956749006887
"NOSIP",0.800348127634834,1.06072898050465,0.568699698442435,211.458444644207,0.309222011912538,0.718807538242391,1.12489634235022,208.632035075106,211.780707319287,0.400482799000525
"NOTCH1",1.08180809814446,1.14004228650578,0.709689885995445,226.302536319475,0.363527520004166,0.317780057973452,0.419058223390348,5.62805750111177,234.079135615279,225.003649120011
"NOTCH2",1.43692815386973,200.382189938272,196.417768094291,199.272408489447,0.148979828725198,0.290422358983709,0.961989941382131,0.637918434363894,201.036629139433,201.342517095614
"NPAT",211.116440240254,1.0243567000105,0.973205705839125,0.587327030872999,1.05593874177152,1.46557687518834,217.395377903006,1.45839415868242,0.887921546810335,0.318753122753423
"NPB",0.611271475530617,149.838661147936,0.36577469361292,150.202027795701,9.55534471554948,148.56619818316,2.96448016869721,6.36468525369724,1.70485408876007,0.696009468407169
"NPHP3",208.337376226883,0.480633045422358,6.05831364840426,0.973908809541302,0.388846499503411,1.06847972474384,201.162519016114,199.242788366319,213.738102649967,0.591582547837055
"NPL",0.538803271795366,204.020831893319,1.62837894081817,3.41700105513516,5.38441436828721,179.754216277639,0.738877716109435,0.215431847682344,204.321309546944,0.489942228560537
"NPNT",199.837448265929,196.816691091912,207.651782658727,0.539898559355993,5.20033095161697,0.893309734157588,2.94740277502103,189.434583015683,205.496333450523,0.100917320392816
"NPTN",0.876026422685967,145.025397816661,0.915272491030253,1.94013048380233,0.633746381898502,0.558063374573909,2.94217759065363,0.651463229613528,0.544743280210577,0.0578996997371107
"NR1D2",206.7757901603,2.55421880825995,0.367724178973918,0.41348069430312,0.480675510278151,0.62510757487644,8.72706213123848,207.770647864052,0.469935194173309,0.212640025015002
"NR3C2",226.289071172202,221.008906749282,0.707468383930437,0.478061466072003,0.711295376583877,0.689234581841989,0.825767562172195,0.675699906628688,222.852383689007,0.554216933266963
"NR4A2",0.481424208403047,2.89408694321113,199.660025181484,208.920247417908,1.09954147268661,193.49029010208,183.349953236486,195.852677112456,198.271354444085,0.122664242724739
"NRAS",0.542753952905433,210.49929822997,0.712146614195752,210.570519756459,1.36049789450742,0.673039045117218,0.804708671536742,1.12970049067739,4.22721599778029,0.191835873733424
"NRG1",218.146510149566,2.33124434342888,215.245872894948,212.401567956032,1.35645000998576,1.8120654404234,1.73707805134281,0.926644794002911,0.76262445751565,0.26995688442476
"NRG3",1.72572702857213,4.06339612162479,1.2942153823228,0.983576029923392,0.278628335010728,0.84420956493469,213.019221200657,214.710617241343,0.759417000519508,0.5120338748006
"NRN1",0.48711975117527,205.881321559619,201.883711696588,206.357363555934,204.622789312888,205.128936272655,0.638832122956004,210.676973842211,210.570635208817,0.0971179448273669
"NRP1",0.894199611284669,219.551390512189,0.970299697653348,3.64690102823251,223.921623886837,1.12989310153812,1.27817546310548,0.48588192196004,1.47434665025029,0.356258802775761
"NRXN1",178.66878069737,1.53704187705352,175.588993292929,0.671474100788481,0.332343292138852,0.376302622203872,0.312300046596648,0.5708154735554,0.994340722262137,0.0838482046537333
"NRXN2",1.16325808654833,151.725245086183,0.655124637728758,1.11895445254863,1.00090375560292,0.61542068029109,0.347186651091372,0.73605778723448,0.446049070407982,0.114367746327558
"NRXN3",143.00410096568,164.160851633217,0.297917520692378,0.582174210028138,3.49645072708913,1.55310531677206,0.682236354264657,0.768495957972985,0.326174261486192,0.0543821416061296
"NSD1",0.579362835417853,0.62645890828666,0.45235955447895,0.768582948609794,0.83595465839418,2.86677409329944,1.6397069884116,1.09806025057226,0.79893044732794,0.389588434496091
"NSMCE3",1.09941399602978,2.12868566436156,0.448959800504215,182.799931032449,0.910714699269154,1.8126641063619,0.919624790150313,193.374231760625,0.429733462459965,0.183013731215544
"NSUN6",209.951255484858,3.10150757781151,1.16838908154066,1.79530930269518,0.729200624415157,4.43970316764262,0.924608010079435,205.544146446904,210.374641744641,0.26744357087469
"NT5C3A",48.6375788058062,0.539204645951863,0.371239346662697,0.866850804571517,209.755794717348,0.693219868148441,0.736773056123784,2.62179327108344,0.988562086727509,0.467033615312094
"NT5E",1.48847783104997,226.085025856518,1.72543000189482,1.00077141213483,0.204820959128116,0.982410773329722,2.68904372316295,216.509546803523,218.346543681183,205.243445936199
"NTRK2",173.86774580753,0.351357382438412,0.810979715798808,0.561449625816999,0.0565533524602361,0.129018047883175,0.269574261429526,0.271284115661221,0.535717907106882,0.271794879660961
"NTSR1",197.224272699848,199.711530167922,192.388809231656,195.39559819307,193.569146307806,195.865608216379,194.151140244156,196.205185095701,201.509665751131,0.106717760932154
"NUAK1",0.662876348024156,204.771503006175,0.323260204061077,1.1823615058634,0.592532349254269,0.548273676890373,0.927202499134778,0.782925706384493,0.822836049420429,0.391272899754084
"NUCB2",0.620855780294516,3.23193199831073,0.644823227907316,0.449113887831883,0.356072971505291,0.872246071301597,0.484390822785943,0.375324746517136,14.8765745100865,0.27501027360862
"NUDCD3",0.807169002302796,1.50812197003682,0.311371014296439,0.474067727195332,2.21908419937704,0.525041576354938,0.794962458217021,0.491200538492368,0.447733663818816,0.144185426918781
"NUDT10",209.072279409005,28.8051803682731,213.535026746762,5.61684157853029,192.125515541149,0.906168561907623,0.741820645830353,0.666413696916588,1.15223417886985,0.20811521685622
"NUFIP2",189.601918836501,4.47418661409016,0.289686793780102,0.896367840149468,0.277228258666752,0.38825652457419,0.501455209808894,0.895176871322198,2.10103871361196,0.160553155724254
"NUP50",0.512226195607844,206.748833060598,0.56790963742384,173.296462359068,51.0127731016081,225.883568322972,0.639630890442494,0.256575822777738,1.31816560891443,0.242791945546634
"NUP58",0.744698760767727,207.618973053264,0.598359505209153,0.923473661535267,1.24045476906342,0.62742814815061,0.772028935230189,1.50617995094046,211.314571304163,0.188045330563744
"NXPH1",0.773410551971561,0.630752471385682,1.04662420049879,1.38626199963957,197.181876055409,206.413345246913,9.60599150581677,1.51501535116053,0.2896626475146,0.224761777102003
"OCIAD2",0.627580943349042,153.877414944702,0.691426652466192,151.193650741529,0.75557891932895,173.411962408432,3.1925761414911,149.804269558503,2.19624793612523,0.153260269404291
"ODC1",179.713965497701,0.556220616285614,0.830840262117949,214.016517884077,0.528585486172489,3.92596478793536,1.31726708399513,2.33769968296916,218.917307645933,0.311122952699212
"ODF2L",3.55419729462915,0.976455536046443,0.57868462384521,1.30991786533166,0.873969094342815,3.04855455570379,1.00170122208123,1.07068390198994,0.953522919301685,0.316426404797053
"OFD1",221.566279449265,3.43177978784933,0.499943603187851,3.40478178277179,35.1923348075191,0.438535292571691,1.33565221627859,0.34079578986015,0.89644294279564,0.556249030249767
"OGFRL1",1.84870670868967,2.05983823770967,0.554434028227616,1.19754396907586,0.0982631230498277,0.163782879270871,0.825605115527917,0.261350461085077,275.829610980603,0.241031076563802
"OGT",210.450759040653,202.82199047811,0.416752630935005,204.616635320595,0.534346836716088,0.41572810960478,0.421734645609806,0.632724511281398,0.909496394176283,0.245115270401473
"OLFM1",2.22391510044477,143.442571176872,0.784801147409582,0.362244997587546,0.232473351801367,0.733452097360847,0.949833998205788,0.388394632404666,0.472329031489777,0.09057220721385
"OLFM3",213.235956035765,226.947313756435,198.113204285724,208.043744796128,198.480277107219,1.14880305634158,0.580550763159796,199.268101412259,217.356694705662,0.0895239307228518
"OLIG1",5.40121291471415,0.213338571236032,0.0999937466293295,0.307891427243901,0.504778652006265,2.39381700051985,0.441236492241957,0.252205479139645,1.35519288849592,182.696670970744
"OLR1",1.16057934540574,1.16068012699234,1.31847885001781,217.493529496723,1.29504021424835,226.44259059027,0.503287141650308,0.248589093115013,0.824436208044562,215.15103858008
"OPALIN",207.241524135961,0.733875490040632,0.100206598206156,0.543863265980595,53.0037315452446,1.48254789540863,123.952564743962,1.54719506277298,4.5619307432595,201.927756772944
"OPCML",224.085414069117,1.57555711010236,212.444445672589,2.09752219940073,0.467070730891048,128.67682434588,232.861436958616,0.583903256641244,1.18842532790944,0.316669207344778
"OPTN",167.208136520576,2.91518832920806,0.285326000477743,0.504570131838958,0.794561046950394,0.588728790899841,0.305873892342634,0.575180511031415,4.00027022971051,0.0569566289592231
"OR2L13",215.942602264755,15.6619398751139,0.332485543387636,2.97259072335623,208.088532855457,7.29030868243032,214.895782052926,3.16509312976071,210.553596214132,0.261995340848342
"ORMDL3",1.20722957132564,2.97215017658738,0.552304804351638,2.01073886388351,1.48443525002621,3.20295470542874,0.987303760839507,0.779065222224779,224.618458179848,0.244558567021822
"OSBP2",215.176473509035,1.00630359066181,1.18412800867227,6.24359459098912,1.02239098814063,2.38016221274798,143.484598017799,1.2578718390745,213.378333889029,0.354839838466318
"OSBPL10",205.953955673289,205.862115634763,2.6236923480249,205.946458494423,200.702683542908,0.826719242015729,206.109671945982,202.723212449914,208.10163675982,0.12616962445033
"OSBPL11",219.927436610247,216.020659103085,0.544125649378506,217.31058533389,0.289415094522031,2.09452719553535,0.645587460238985,0.303094177312332,0.778782104798611,2.93252374884872
"OSBPL1A",1.2663324209227,1.46061307870701,0.106786846032026,1.08610333511085,0.446027211820574,1.50325642750429,1.83252415482611,0.59366980573105,1.66172735261803,0.300572901227555
"OSBPL9",2.04145769818104,214.250943669188,0.709163733935221,2.60158353177521,0.371955562374526,0.352039895879935,5.86256870041513,208.991717705238,210.591414119724,0.157941945978243
"OSER1",227.967572587116,0.467395009363507,0.426439579984889,221.068436873748,0.452162613515866,0.955782864664137,219.596355990187,1.58271916705441,2.47401588507222,0.349903290952761
"OSER1-DT",0.986037846029613,0.854859873241896,0.519595096501512,159.877274910251,1.95844161379216,0.637834374752236,0.749871035829463,0.669731275476854,0.69244070843215,0.757379960737387
"OSGIN2",2.01159290470183,0.686902656682059,0.458695014446478,207.413190230339,0.465909682932397,0.488327645788448,0.333505656787751,1.1728531720349,210.335558068684,0.239459702078955
"OSTF1",0.398951828559503,0.81413576341274,0.370204142114397,0.565770595276297,6.2242666694609,0.463801673336899,0.49624137486499,0.80416462426203,217.87720815326,0.278420996687888
"OTUD1",219.702783539874,0.936912831497874,0.636427673671188,0.791263773370833,0.765834470933836,4.43109482738443,218.072307848893,1.27748406606268,0.850241819294565,1.10175913642384
"OTUD6B-AS1",183.743178408872,1.08469083295178,0.275886571473818,0.845242937484397,0.423190559459354,0.950847830305281,0.346032093989003,1.57786324378315,0.564826030807359,0.147326813473231
"OTULINL",1.07879619298933,1.26129419496868,2.53718207630319,24.4835930476984,219.98022268429,0.910698810900738,0.993990094464674,0.275260881435158,227.573251021212,222.155961784131
"OXCT1",213.98938811602,196.426166395411,0.644819046864538,210.198473169968,0.41555726672916,1.11741078199583,0.720665532690147,0.52361284162269,0.585734154104509,0.166157023353015
"OXR1",0.855125294085196,2.88472938018921,0.251470438233974,79.0798596513467,0.412561239148316,1.51494003210415,0.552915832563887,1.51901627113712,0.266722236295716,0.127921647637856
"PACSIN1",2.85147252063121,5.30705570877869,10.2603834240731,1.01706394886811,5.82776873402078,3.26786667183723,1.09028088168577,0.623757065833776,0.583073492600791,0.096139799349131
"PADI2",0.556157592620501,169.399792435399,0.143386970369869,1.03503285999714,0.212239231385398,0.323205677730596,0.428020389891806,0.207714771342904,35.5061645804882,0.559820574534032
"PAG1",1.02129182179349,265.009979397789,0.448380500237921,2.3105005509432,2.71440169704053,2.69845485634704,1.22419474985815,0.251597818968169,1.24698143560281,1.1971893726089
"PAK3",399.282058319643,0.397932232858477,0.372126285866768,0.516306189398487,0.652751670322967,0.409860011817794,0.433262120245556,1.16901346639519,0.253799175709922,0.140019430505554
"PALD1",1.30004514783708,225.525845275583,0.624009086060319,224.727001049563,1.22832425744204,222.865928587554,1.1082026670188,0.383846772855802,226.587439903663,70.2574907631234
"PALM2AKAP2",1.1238186135334,192.925840451832,0.292706948753561,1.53771448238296,2.42061530561973,0.564728196349808,1.28185539557254,0.881229157318155,192.677851667332,0.090857730396999
"PAM",0.461927358219657,0.560876931611345,2.49546941829772,1.45497933473244,0.823135195431069,193.629432431593,0.457751157028054,0.493978996388742,0.324161498165407,0.0980378190301629
"PAMR1",149.588349964844,213.137284110154,205.458579915913,207.434369996231,0.449472238905244,0.379458812889052,0.983408987856257,216.395977822958,999.996028968403,205.425831912707
"PAPSS2",0.40311531670369,2.58968941350705,0.729555836229592,0.862285379468935,208.954861987457,39.3757400156389,0.652036692945437,1.28723169652624,205.392860040848,1.19996255906035
"PARD3",0.629268353820938,0.526665220310637,1.4996436008002,211.751015925937,0.5049303725876,8.95050512088809,215.9862745603,2.28336956669524,4.90429231692538,0.55201980643481
"PARM1",0.943250481713582,183.047668768966,175.119573039838,184.365062356421,133.787837709613,4.14468303549346,183.344525284059,2.83331186063975,0.326831013666129,0.117014767843417
"PARP14",215.058841065694,1.70380285714574,195.136918196794,3.95014755800768,0.27638198825283,0.627414911790796,0.473057525485662,0.47424127436515,9.61968967592334,205.023240458969
"PARP8",208.648577296047,0.668625933301317,150.69524479693,206.780470503632,2.17292088165142,0.717452379862022,0.683352784970064,0.331436161331366,5.20372644205724,0.273004205569831
"PATJ",152.828830113928,4.43673107314298,1.91191510392635,3.88509848915858,0.369216974530005,0.699496697451867,149.391317569885,150.26363378744,153.326369999525,0.212903244322553
"PAX5",216.954531941328,0.65437049418021,0.309063554306443,0.589727747529271,2.38853510114219,2.66279568108994,0.515852651463624,0.57413222403901,0.219672352914705,218.671173764148
"PBX1",168.608063801432,1.08302470782913,163.41672923541,0.62294685080815,0.391012360187037,0.638926974388752,0.286891797237034,0.625643344141759,1.22944442392611,0.0624654621363291
"PBXIP1",161.248316904859,2.69747320609564,156.984718598332,166.4952464469,0.0915707203983058,0.228614880959349,0.486728272898768,0.4935380526219,163.997886685118,12.0296452709612
"PCDH10",0.823185332624449,1.1980269913159,0.371619553509712,0.41661868499634,0.26499170884754,0.400912581104716,1.82574357228995,1.20138939316533,0.783886161350651,0.101697606621928
"PCDH9",0.316080561652365,1.26319933823004,0.0830268503403037,0.725820225776494,0.168773127497739,0.622118047161996,0.234270924508143,0.886283975919354,3.09674504303314,0.245892499302515
"PCGF5",0.362772337041079,0.393971211892054,0.21190537490384,0.371650092386047,0.302047884307491,0.49418295582197,0.816120905443051,183.424275897705,193.661531343599,0.184486777004687
"PCMTD2",2.18133433881616,1.86895115648861,0.705025251756851,999.963783887671,8.52619242044676,2.65410433606464,1.55156181538924,203.601612395517,0.558901115723433,0.323625017405975
"PCNX1",2.12377256746406,197.301628778095,0.327783687006514,0.651894143024249,0.807309776554107,0.619435741904483,2.45495185222795,1.02572456844195,1.05531289865272,0.20003590984671
"PCP4L1",221.761410486924,2.14980284052239,0.746769303641225,213.917965174044,1.7831228930108,0.664324258877066,225.393751918894,206.157262528942,0.283706441894406,0.53432464752923
"PCSK1N",175.77781983834,0.377870771837794,0.196032546253561,0.441204993775388,0.308979296394532,0.861281005498306,0.338527059819737,0.575439558470831,0.421717966644702,0.0643746014383754
"PCSK6",197.103681285567,167.839852194947,0.0653174557907674,168.835060448352,196.116817580184,191.905257473593,0.799947407257822,166.958518156344,0.907273263579461,200.012303314391
"PDE4A",201.13069664176,206.047855957852,198.645700398603,31.9837032080743,0.692530155542585,203.751567088227,1.55884095427532,6.5505255750096,0.448621706570764,0.183906198408785
"PDE4B",0.977930197201526,0.372189471111842,0.205499618065962,0.531243431158336,0.1978026825349,0.38563351543029,0.760094340671786,0.900290694216862,0.782590360459575,1.2958269431203
"PDE4D",1.03469765143075,206.885179934497,0.475540602712159,203.337315936518,1.59020394660845,0.689366689298762,0.927212414492373,204.596468043198,0.852191044645828,0.1586943337562
"PDE7B",0.593111543925569,0.77552972976451,1.13370179071004,0.809051838031965,0.668246517230602,0.68414415762494,266.736985140151,212.671773949843,0.473521737765556,210.632055196454
"PDE8B",40.3468391764144,0.771169860880432,0.419715597961013,195.388823344322,0.503187736034905,0.450169891569633,0.44741781378876,1.26373119896398,0.716238517430809,0.401516613082144
"PDGFA",0.587760285671607,164.687306658717,0.1967358630034,0.988217403506688,0.837371324662154,2.92937800072975,0.597287940394377,163.049341980198,2.0918846668392,0.269644847553438
"PDGFB",1.14171822938724,12.8333814040435,1.19319305072825,204.217392515957,2.67553130519198,0.65803628971762,1.90729685125635,0.414152560231548,211.253028637793,0.564637813367219
"PDGFRB",0.225984869117262,15.0666245935488,1.02502630516524,10.0472372432251,0.993220364233914,0.605084823938326,78.6467361931884,192.453144497857,0.630495565757834,223.119878873998
"PDK4",141.280184469285,11.8410521885419,0.139674548034108,0.439095229410417,0.239215369965318,0.494062279704332,0.762267616094067,193.10306161,204.72517828278,199.95355232515
"PDLIM7",0.573180948065601,0.560698804044616,2.11191679708358,159.298803389157,146.034695053441,151.920095169933,2.12490466328158,3.33629695779484,1.22412406016217,0.231119421646376
"PDS5B",190.049213917288,192.030878389488,0.356375171676294,1.30884241363982,0.504099260302376,0.688330033750374,0.968768302672,1.70082183048854,0.854225966840188,0.149854601488613
"PDZD4",2.60602767101551,55.9875103710318,0.949219289859725,3.28586015218074,127.449333723914,149.355864032107,1.60815545300955,0.653177248512899,136.109653924826,0.230622093311612
"PECAM1",0.246852673882553,5.65750977372467,205.730759892123,0.513939777139561,1.42698201660983,0.683638775724854,0.864361166099556,0.32750171628944,212.87305980686,0.97531464467191
"PELI1",221.99103749552,143.322716860943,0.236295634914861,222.806990088308,1.43210268367843,0.713599963113686,0.935218436035193,0.733346596260596,1.39219953834766,1.32169375131559
"PELI2",216.364575308474,218.054532338067,0.519254642688747,213.8108880041,0.564153747435794,213.431816034357,207.558448663989,0.40442738559021,218.576604423472,215.015269381348
"PER1",0.359365308785745,153.962328481395,149.481772364728,1.08503415474163,0.597013285729643,0.499688284031679,0.6262726358131,0.602035162392319,155.870851185782,1.21081024207917
"PFN2",2.55419340537905,0.701828057449009,0.169547215357932,0.803616460398255,0.285776928208368,0.87413190267091,0.546284048148573,3.00228775451847,0.582241475380727,0.0774921679538829
"PGAP1",199.374264871023,1.69249606783172,0.490643992418869,0.638334595391403,195.643428175546,39.947702520674,6.8858454718342,0.807974467277808,0.418901033353733,0.15142304259509
"PGRMC1",1.10823393825064,0.834265818136562,0.13384611955873,0.365284893762555,2.24333026410965,0.841078821480379,0.472799782798536,0.971757948738489,0.377057180720757,0.0567327192158661
"PHACTR1",153.715785000564,0.468579147829712,0.573283862753283,1.86205576521308,148.15307257915,0.653192553928772,0.528974700808827,1.12579885038987,151.231715337618,0.326226211024989
"PHACTR2",0.951414278893014,199.93894264661,0.81479394873423,200.783206814126,1.36828798227933,1.03131597578727,199.41880837477,0.584228644158408,2.69433414398285,0.201841326382979
"PHC3",15.7717678975936,200.285686414841,0.327294777687233,1.38840146282656,0.686329282308166,0.799774014616801,0.5696724475237,1.21399155768111,271.947134445278,0.483781912257709
"PHF1",1.06827472942023,0.856065509610567,2.11098517614531,155.453814763849,0.494427164583843,0.310736876066548,1.21789721377291,151.500448160864,156.430526801807,0.212488968060641
"PHF14",1.13133755266628,197.306401908278,0.43251165116477,1.98414400083964,0.382360641089747,0.65114298734011,0.783577437350412,2.05705233309102,1.6300668274984,0.170707330374563
"PHF20L1",0.841865937742839,0.894479274932166,0.823653609042794,0.718423326580807,0.254897104154941,0.667672759036081,0.550453828335835,1.38393013144666,2.23866907887126,1.24068048085634
"PHKG1",167.769663788215,0.84012062262792,163.198031340865,167.744319001285,0.228069185535388,1.04014175174895,166.431403292457,5.53756201915675,169.968270247472,160.026257386642
"PHLPP1",232.878249478575,0.892161547676685,0.128690561849818,1.41903008387475,0.282584046707803,0.769458922286754,2.56240122092997,1.96572997308709,192.332179013919,206.698124486589
"PHTF2",218.756743821878,235.440195286675,0.258678664388937,208.800940968119,198.626880369286,1.38091869164516,209.081825822849,0.988855581769272,207.740956360577,0.655825129848354
"PI16",12.0788804335142,215.497216975177,0.394095223369976,0.715570474961262,0.366694458541593,0.944907204166465,4.977603751283,206.175098510211,213.997577522216,212.806143314855
"PI4K2A",0.559989329030072,0.778788364502651,153.209289778467,5.13129384241933,1.34743110956824,158.022901647726,5.88816294395049,0.552460641106681,0.974513768390424,0.152391813580796
"PIANP",201.131948589801,202.935808836119,1.10038815120606,203.675121426771,198.244699479571,199.742120825718,0.380282089944926,0.474729139695926,1.3711119111677,0.134034796043402
"PID1",9.3679831348356,3.99682452559738,177.834099630308,0.55423239451177,0.554150995114362,179.332008150959,0.645105950663027,1.29828953236262,181.702361650472,0.0998396033089217
"PIK3IP1",219.941935895674,221.108630175415,0.467351182957663,0.887053622078652,0.66123118268434,0.583477352989007,0.414652724697644,0.646694830549398,229.134532565485,0.468737371759012
"PIM1",1.05838042604795,182.947799736123,39.5609592701,201.671751036541,0.888778850942653,2.17044462162133,0.432956333041357,0.411338738147326,0.612056707664575,0.273915909952361
"PIM2",4.47310728295313,216.531488033655,1.54932728749036,0.98685915163428,97.9606031140999,0.942965890846661,201.315565872524,199.136913899338,0.452273737354597,0.223982348939667
"PIP4P2",3.73146513282209,198.523905547964,0.295125817798693,1.4668196824727,0.733506085452166,161.242478472426,0.610917805989095,1.09448046393677,0.721701434911148,0.119108550225769
"PIP5K1B",2.13228835245795,184.288734513635,161.28652022366,188.098033007311,184.329833708076,180.818726968301,1.46767251670719,1.31044478063645,200.565396311428,0.0867319997800577
"PITPNA-AS1",1.03027787122786,220.57502220363,0.452981523749519,213.166047902508,0.554171496739547,1.66824891820009,4.99865389756502,220.229348663465,7.79046945612216,218.371122839831
"PKIA",1.04153042568788,2.86939883479966,0.681620895643946,3.5776744879194,0.33417390214809,0.571983476696299,1.02174165446172,1.14710464810559,0.251315981670209,0.140988815179124
"PKIB",1.08155463210176,5.05356207666709,195.485245974376,184.461200706487,1.14223615603574,201.076428870936,0.906903366572172,192.746281044328,4.05759072794806,0.113451778161416
"PKIG",0.732921461755542,210.781419816827,0.424809745284916,208.85409406786,0.308085914813312,0.890552617538082,3.74248138298606,1.83015107409205,3.11990506975666,0.465723145046548
"PKN2",1.20196990881461,204.611511313494,0.245639145482247,0.519319050473794,0.253881260310664,1.75213658350213,0.686706381587906,206.987102269869,210.532077656252,11.107810322625
"PLA2G12A",184.875702231855,189.620273832791,0.558524248342081,177.673225132304,0.246864065085104,0.548150234460354,0.569948497408727,58.6505216640475,1.35101426723746,0.129276837464388
"PLA2G6",146.890881097389,0.608696063196544,0.503584491184159,9.70752105037111,0.728493090018732,4.71941866402676,0.707469036995553,3.905720072551,1.14059505110536,0.465163786409698
"PLAAT3",0.575410451060468,0.535355328499918,0.0735332754303651,0.458264772182659,0.244750775604167,0.450616574974999,0.360011128458163,0.5186229835732,0.928778255785001,0.8305966357479
"PLAT",0.308845272170449,0.439896274366194,200.05540044199,214.682353398829,1.04848334795835,209.458879727047,6.07553618535768,212.487649637309,208.155812975712,0.573362471027128
"PLCB1",0.606048710287144,1.38207674727576,1.8163183948263,1.87601610702107,0.315184279539286,1.00402647074468,0.483376780400283,1.09539132078638,2.01297208652949,0.119412808188986
"PLCB2",1.34125662870153,136.901979274297,129.653247390756,136.776989188144,0.720237194076154,134.761606118255,0.395274392548964,0.435176091487166,0.692468044352957,4.4125950635191
"PLCB4",186.021691728404,1.39061339425281,0.532262161887716,1.32622022272161,1.85027358993474,196.410739839182,240.879741071985,2.2994076501391,0.977445262354655,0.147293003356453
"PLCG1",188.341138849427,194.144111098759,0.293119991201363,0.661193488266355,0.487126817248022,188.089919131655,188.807555127851,188.021852227455,197.370082698252,0.496926430791289
"PLCG2",0.382678886297476,0.641835778330215,0.0999208302323351,0.431187654273161,0.228104440572627,0.446439396558635,0.304335383337855,0.379275372036499,0.706371850460381,0.416086216957877
"PLCL1",196.362582793813,1.05294702523401,0.105102866466033,0.733147810448993,0.513833141374876,2.36081324759037,198.539904007822,3.95307067205289,0.604552091925622,188.074249050279
"PLCL2",219.674275956556,2.35568186769388,0.385381046280535,0.525904549684482,209.682111684292,219.096218654204,217.612794739036,1.87958800759409,2.34867551973733,0.264123412597683
"PLCXD3",191.188826661402,176.36346943815,187.490546613949,0.751095496335247,0.637742852737224,3.20085038978966,0.379166695825637,1.00057394906498,191.52019840622,0.108084425195112
"PLD1",224.79174133853,224.603955629545,0.145975268949554,1.08641398750739,219.218820883421,0.934736161808921,2.20825451999949,217.172895298905,225.153653281609,19.5285723631425
"PLD4",209.555453890033,219.067176262486,1.59037386290773,1.03888085970555,1.15057413081795,1.13201359067587,0.374345430134545,0.201868571868935,219.233065490779,24.7543746677309
"PLD6",1.57154238634306,151.675650063856,1.45719958347284,1.04339223639065,6.74062102481861,2.18278321405417,2.79422062426038,145.509699535825,0.674113542494163,0.221225494889771
"PLEK",0.666484714816479,7.84283114175867,0.681844907579377,2.0713536219052,3.28616131792473,218.852612023066,0.942413919804586,0.580073879067004,215.870436516165,229.310638803327
"PLEKHB1",0.3219835243218,2.05719448229307,0.0691342665053949,0.244818907537478,0.0878869460775795,0.2697231518725,0.384611286298363,0.303594408574756,141.694610095566,137.632613751379
"PLEKHG1",0.337238500725515,230.531601554736,0.198097078639884,227.151211513999,217.773063602812,0.67282372376946,2.57110217448805,0.798557715906411,228.179119912001,8.81561509314024
"PLEKHG3",207.423273454054,0.601561486096197,0.18680958833663,3.15908405396164,0.384923180185904,0.447222135481683,0.935012734312674,207.112406022411,207.500169913086,204.617141538126
"PLIN2",220.499233410564,217.00633198717,0.393703376940502,0.87796855633782,0.599742984507237,215.869664542589,216.771722900187,0.715190166024975,1.70647028702604,217.347385877867
"PLOD2",193.358342534387,0.935445220402014,0.819790513254565,1.26283510502426,0.213075654212974,0.369378456970967,1.30112903373841,3.14580951484422,206.332400871597,1.07020865510195
"PLPP5",0.686790987389467,1.47343956107385,215.850478580507,214.834377948374,4.10245153258375,214.131837013182,207.071749678937,0.750722768035456,0.905414785079441,0.2229097042663
"PLSCR1",0.296409764927587,0.685759515450294,18.8113230621088,0.504374159570663,0.322438270245503,0.755219831301289,0.515046534497,0.557703104847428,6.97709176176469,0.623959891018792
"PLXNA4",211.327908415228,206.787614178247,0.453595348987913,1.42929559899291,4.03387309409717,2.48688678699247,207.358056724888,0.957931326813216,0.430572421230471,0.257517571072547
"PLXNC1",211.126196034633,306.444259176492,1.4975983541496,3.71430576064946,7.45363325178508,207.490623207779,999.854341587065,14.6626630850467,1.07232267846454,3.2627129527453
"PLXND1",0.710290113731301,1.36879262251559,0.36203556913794,1.14915888751837,0.477866801309851,0.832355855841183,2.28984077442511,0.358562765769324,4.78833701125037,3.36672332876902
"PNMA1",166.626606467102,0.311807957119083,0.435791603380087,0.438987008035483,0.276505980754116,2.00224557213669,0.679141447399644,0.843808717467394,0.346570842539962,0.0837961777493403
"PNPT1",168.248858754078,1.64657670502333,1.12463278336256,206.700771273415,0.254763117097811,194.763907302462,205.697632895766,196.055258507516,5.82166528234089,0.29520218845053
"POC1B",2.06365753292733,223.608902720441,0.264648739155807,1.46714944412854,0.974926882931186,0.65121297598893,225.119179638087,0.769604825565617,219.200233076074,1.24452003502951
"POLI",224.119541415709,224.769667660287,0.384659354466007,121.182068333755,0.688069643611951,3.67590563189426,1.03470925023203,0.859231865644793,1.0692020944883,0.965343139866655
"POLR2A",0.66728365185247,200.077382977317,0.267860292933748,2.21418465386162,0.906060701567243,0.422561749612975,0.377588070587623,0.558114000246362,1.74585816890999,0.216787659262035
"POU2F2",210.047243371628,205.181460941007,0.992803777790955,1.08353748380941,0.684964705898109,149.922537308749,0.603894134814175,0.442970659532684,2.7346404651071,2.68441160985549
"POU6F1",13.8237767097416,0.881277991656724,0.389328178291408,225.010128283392,0.671274370861194,1.79399902904477,222.882911071073,223.56241825291,230.341208289559,0.548233889260929
"POU6F2",1.11527918474781,0.917186305284678,3.2687286423716,1.59448456888065,0.441845765954056,2.7336060834629,0.90225764770541,222.251417840401,0.424914590912359,216.600063950426
"PPA1",0.376718783250577,152.428301297039,0.138697948817996,0.32166134046745,0.522193851071353,0.493731249946499,0.316317336781953,0.315464263557319,2.69444577675945,0.0572980904106466
"PPARD",0.400427911947065,2.05431858099886,211.717304382803,218.613608293245,1.19322678572438,0.521188597277573,1.10308309896322,0.669619050189404,1.09150348764657,1.37664955574229
"PPFIA2",0.52296674168148,0.68737483210447,1.29214208604978,10.8641905531081,17.9157628339631,0.809029356787949,0.573312718395685,0.519649046885242,0.977365600329422,0.0938003733085633
"PPFIBP1",0.682432052390811,223.383141906923,0.223490283118145,4.61226699833696,222.185488922727,218.594361173807,2.03470161996462,1.35398091570226,0.727595386438849,0.476226423532878
"PPIF",0.627143395451731,1.92373446845837,0.257612927588733,0.81096209542165,0.338019483537273,0.685425648459116,0.620557158111985,0.386211212205761,0.38606532697113,0.519517115610042
"PPIL4",198.412405734074,0.659279516411277,0.475545884940305,0.982604565367421,0.284984584771527,202.365706836675,198.969483546478,201.160864610324,0.682147977776507,0.512285118405354
"PPM1A",7.72195875944766,1.2529047588349,0.359929141550833,0.856359788930428,0.39515836283736,1.13319600233239,0.566963442334607,0.58927842333791,1.02473935243353,0.130844061067097
"PPM1E",0.572751183336989,170.019528884071,0.719062856867187,168.968371870782,159.87248815635,4.04437850658273,2.39062081668735,3.13954223274069,1.51179474520671,0.115716472396864
"PPM1H",207.026599010008,0.456421340034861,0.354462103941938,1.13439561496369,204.670275024626,209.289439491983,0.666688365876601,1.52108527813853,0.387960198877052,0.320121860109878
"PPM1K",1.00089019808366,0.563538372714242,0.395436729692901,0.949384080140061,0.164247834682807,0.29917551319469,0.280979635449517,0.629265725870108,1.90203154257124,0.187260174738721
"PPP1R12B",0.510709578832811,196.103047434232,0.249250584192441,1.04738210026004,0.747367564784897,2.69027467447831,192.085360119693,3.22296220995285,213.27343807762,0.259014194509582
"PPP1R12C",152.555980436769,1.53262309458913,0.732385168515975,7.23718583974273,0.568436026326524,149.089184584277,0.665468534078921,1.37123132325934,0.513487415633737,0.111910348216125
"PPP1R14A",1.64192494102079,161.560610168624,0.0495117577024942,0.287982063938845,0.750617718364608,0.564216590673086,1.38858249059532,0.491954191280202,155.38448803625,149.102062399047
"PPP1R14B",1.62834630818795,201.490492987536,0.293962391237608,0.325223495980206,1.19257321445654,193.183265695824,0.336045220685631,0.313165912643271,204.803731172765,0.227165642330245
"PPP1R15A",0.553249439742544,11.5146444788652,148.845180450231,2.65164272805947,0.815569927602698,0.994198757435763,152.212863789725,1.73888950533006,153.356946220187,0.315572003789502
"PPP1R15B",216.214877865523,2.28785274339811,0.256496987182712,1.48574743377084,0.57083046058144,0.556152947792122,4.87486540668893,5.98370141418019,0.600586847285258,0.672637133410672
"PPP1R16B",156.997110960674,0.536734774442281,0.121470563737516,0.494998777473201,149.415743344626,1.01185173997979,0.633832822483168,14.7876783817291,5.77966191636741,147.437258039195
"PPP1R3C",0.569174835356066,1.85030093938915,4.18015864657924,1.11219329847187,0.318053874806129,0.428976248947665,0.569451187605222,0.685969414323741,1.23171211502829,57.1754990688027
"PPP1R9A",179.422719770098,1.30478721416989,0.382526010808891,1.53510014364449,0.603640229295262,2.24445037006221,0.712237119900218,49.5987444601987,1.09033023539578,0.173146238755789
"PPP2R2A",0.794640494284546,60.198793348465,0.165292242172062,0.756734243492967,187.953476486435,183.313675681923,1.25661295826627,0.613391948894107,0.680770873578698,0.148556693505134
"PPP2R2B",1.0777344516051,0.690850674636209,0.234256404442753,0.907551721246924,0.809015021899497,0.801741921891963,0.798808269653651,0.947982590751407,1.80892432250641,0.10765225471799
"PPP3CC",3.94872553725891,212.30544265682,182.021175422066,2.17978083804133,0.414585538139082,206.768052559533,225.163357262497,209.710128802202,0.550138265212965,0.372398954448585
"PPP3R1",0.863269246481305,197.699636891598,0.383378124372446,187.725163821851,0.733519977691988,196.175733790536,0.563917365159484,191.716020387626,0.390180824554069,0.120437164952821
"PPP4R2",222.906715988488,208.869470796102,0.256502747219334,0.876554727120016,0.390852343484655,2.02129805058019,0.570364428512874,0.670171172312795,0.779401309810318,0.336768935107569
"PPP6R2",198.167268379784,200.624916940563,0.500566559649679,1.13762221753781,0.54922196149809,0.585541385687337,181.974165138446,0.597235309656833,209.300821958022,0.240735552627285
"PPP6R3",1.06643911264134,3.89330884954543,0.512063432768132,0.430432326155978,1.44093295861431,0.804118896864315,63.1958007839565,0.588823621829585,0.413615813245477,0.374128317570516
"PRDM11",15.0252914266688,214.297212376427,0.423260689329238,0.569701040817921,205.61742360625,5.79715791188884,0.808224602914828,1.38555143382785,207.465704181153,0.530152326731591
"PRELP",0.259399534595599,0.426221683187004,208.999069778778,0.645546388582841,185.749380599797,1.15555653659954,195.553554529153,0.367150195695218,0.886117100610243,2.40055641037692
"PREPL",4.44889704232961,0.826194333721492,0.153951611466129,1.55360897557797,2.17361943439987,0.405707059219125,0.268670104429023,0.294234499851327,0.192743240943698,0.0519111967148294
"PRICKLE2",1.0608829534666,2.38236255820349,1.72453333336933,0.71250376528454,0.425565470633105,0.51169421368775,153.38009613776,150.58177235719,152.993582988215,0.197651320735147
"PRKACB",0.841854305105293,152.073785818894,0.0992346522413403,0.885491680928376,0.407638434692663,0.835328399285255,0.404087403144658,0.426763367060929,0.50756339178251,0.0824164126236126
"PRKAR1B",3.19492801097817,158.575613280339,0.441239245145272,0.62691899393632,0.641640894372638,156.285612291749,0.594338536499701,156.768087652443,0.466443160857928,0.0606146167264725
"PRKAR2B",0.421642882521537,180.080028177441,173.921133914703,0.892794522955955,170.383312648289,180.150051048326,0.71239607633514,159.743643500104,0.740627063087088,0.0594100037694708
"PRKCA",1.17573711169465,1.11282950677652,0.358142363870354,0.845730426230689,0.423769915696901,0.441457497830228,0.317305631116753,0.277658130356831,211.126977882827,0.178524396297446
"PRKCB",2.04377791066142,1.11778173068951,0.485423576203102,0.96214688831532,1.4832609608539,1.8441365585724,0.703293892637659,0.904687725943846,1.02591720879403,0.163688179112828
"PRKD3",0.391278854077232,3.83918391823797,2.05561035548037,217.132716604081,0.571815204126598,0.689459397373195,0.625254836490029,0.539071864108945,216.048590574181,1.18502496686568
"PRKDC",0.557406397001904,0.901882975517402,0.383029688817827,1.5830322155146,0.537529361122935,0.541977101217802,0.489107911142312,0.395570882008418,1.62171024376102,0.216110848602819
"PRKN",1.01992849953334,228.295211946257,219.263705694951,1.10820380246218,0.300460185043574,0.986139988175907,1.06498296562892,221.399876744313,0.858144744908554,0.542462439979374
"PRKX",2.20430798814519,188.962708048747,1.42262110224096,1.76303212760947,0.256874548122765,0.34604689349771,1.6667699798536,999.999965644743,212.381107289051,0.860644311989973
"PRNP",1.94457722811617,0.562468928724805,0.0924109956856159,0.370849553683296,0.155678575144142,0.413072933053691,0.456594546734946,0.353050430122384,0.425090538323573,0.0674429128386178
"PROS1",0.404443083361272,205.568840689826,1.06434021334292,203.114483816449,204.978505423064,1.6399281414087,0.651620365058252,0.32677285843578,1.41921113591252,19.3346198211587
"PRPF6",0.515100173020972,1.04997168807746,0.212558266968073,4.86268310034993,197.976162610815,1.0949667150567,1.39432244065663,0.621731935730667,0.476484171738322,0.199439080020674
"PRPS1",0.64583617357797,163.241454462088,0.621386769153949,2.86148515940161,1.51668777196892,158.168477430988,0.745995742178991,158.111119165452,0.543928659926338,0.0749866163191353
"PRR5L",2.32218009693862,203.030197081542,0.212725489804874,214.60228085287,1.61561309239605,0.773175943324287,217.296346837368,194.41847610969,221.915224612943,213.740382057601
"PRSS23",0.30653870773703,1.32129140360496,1.31791678469077,1.06684287875826,213.4636220987,1.41941303351852,0.819445810112685,0.5202932578994,219.615154745029,0.955103617062375
"PRTFDC1",16.6497260902013,0.517807941751524,0.433136607408154,222.57458497738,0.47968365565372,0.577584730617569,0.511883077449702,1.00248830998308,231.344519799637,0.748956810680299
"PSAP",0.666259408230114,4.91351351693944,0.101727890424169,0.218467918092206,0.0930047845862777,0.136532259312791,0.130464111338385,0.11097466970756,0.214759744564203,0.0552125464641693
"PSD2",193.759766796167,1.69027424496271,1.73651641181339,187.547030785968,0.121248150914544,0.299702679434488,0.355450459796744,0.502223398155041,1.01487296759547,0.799969471407316
"PSIP1",0.956081184855309,0.870994847887173,0.271293936307082,1.74806454385421,0.237850518035024,0.409234795338334,0.495307938603735,0.532681965353725,0.311408009809054,0.129712321111409
"PTAFR",0.555332916843861,6.59428010618019,196.505452804475,1.22853107621268,199.236895543423,0.711967813092413,0.437549934038292,0.221682712294596,1.75763099461908,197.602601399892
"PTBP2",0.984781933580144,2.35446921826084,0.326776970843569,0.714328906985036,1.01306455580672,0.452877781344008,0.979816036656532,204.45945575789,184.562282972047,0.133264232621943
"PTGDS",0.430420471811682,0.936173001057481,0.043508994136144,0.244945148921178,0.0417881203498962,0.0957642911143266,0.191954752931291,0.267315763855657,140.93710338056,131.010011517401
"PTGFRN",1.03933515821594,0.315765126139387,216.666312155156,0.695696922540466,2.14868401732673,0.918421998400385,0.911184379739954,1.80832837738327,223.651792827473,0.620736831802546
"PTMS",0.520551928176487,1.96214495000546,0.66574585296849,0.571778958202084,0.957706742582257,152.018209033662,0.536637659713514,0.620857619805253,40.9718863097897,0.146989522767773
"PTN",0.259263077993522,0.551030443698036,0.256627432863457,1.42707750113496,0.170544226074172,0.420335018292482,0.647392192575095,0.624630793194426,184.308757490716,0.649394559276921
"PTPN4",208.523373749711,1.60147397248367,2.82752592605428,212.017490948164,1.53366773870718,0.728152701491483,0.633498361175134,0.417048919338782,213.749986074123,0.292316119362274
"PTPN5",221.164088633645,1.02459106297551,0.578290099489856,223.932734677405,214.460897601101,8.43819643279417,218.519867941402,4.97974450693309,0.304000292716161,0.334846555886756
"PTPRB",0.307897166825286,1.33962946687015,1.75274158266922,1.91634908363419,1.04034119300978,1.79533684384018,77.2504670123286,1.82725265893913,200.068730191371,200.81168949232
"PTPRC",0.536541184082102,0.754566746850655,1.18739046871564,0.353137770827181,209.160418261698,4.1774137051105,0.393532797141041,0.165821604052786,214.579102519243,0.947155527438376
"PTPRF",0.573393891519019,0.996806176168074,0.709624987712823,0.745603547397176,0.309455535406465,0.298097599715473,0.644618550059374,0.471404548921367,159.585892079235,0.161436359995593
"PTPRG",0.213103691173714,3.00037535372261,0.47249078025062,214.952356749529,9.80697532667729,15.9474383813345,28.8745563886186,221.24076780583,0.374451004079974,0.511274693380629
"PTPRJ",214.430883100379,0.861270153119811,0.514977478460682,2.68635138106043,0.493288191171138,206.316722685553,195.556708699485,1.1653858634229,211.622344348152,0.266195199554396
"PTPRN",154.436324389699,8.96707298152986,1.89670038634294,0.492619205697255,7.46133013521405,1.84197233221149,0.406544822016618,154.234170140963,0.253486791545983,0.0540906672047234
"PTPRN2",0.521161461210406,0.886481167625782,1.23248887267415,0.498221567633173,1.09229879858681,1.46859500557505,0.605537029720924,0.399210976483759,0.354481209343139,0.0956022827068676
"PTPRO",207.077091964265,1.13689678923874,0.357893022727298,195.377215331709,201.058359387108,209.307564517372,205.252757407822,1.71239285958514,0.757633889812582,0.146780344549539
"PUM1",182.53548847608,1.02408640221472,0.230479662449807,1.19473512676598,2.44743580819339,0.368745852169938,0.604521706078387,0.444479072738553,0.404483343249375,0.108264367597505
"PVR",0.437255327021522,9.01835482880269,0.638976429967462,2.41926075967086,151.537983144576,151.383953572773,20.1750732638251,149.169042262524,0.796844694270375,0.163009066557713
"PYCARD",153.047624559462,153.7999098108,0.446039489904476,2.6724052127141,144.45577460262,154.585744831684,0.81034299644901,0.196265349837144,153.398897438064,1.09893486541987
"PYGL",0.852214405759956,2.11423539930962,203.576803328165,209.031008052435,4.96566554490218,0.78081695330975,1.03398135272281,0.400171040220117,209.300249699547,0.112964400221084
"QPCT",235.563518741471,0.864709492777613,0.867140094493727,222.886791477035,222.331120777223,0.691953697392957,225.211351099236,3.11538161502806,0.386287607976722,0.166149847138237
"QSOX1",1.1130396104523,0.3863390438219,0.280194486629202,2.20730177458646,199.393887995269,172.413004834046,4.07410357680042,0.513139729408992,0.402988605131944,0.241550510370594
"QTMAN",203.629589821632,1.69967040039366,0.329128616203228,2.15859948217171,0.489820031720578,189.831692632021,0.823922581636832,232.732472145882,218.963054560456,0.41851909020211
"R3HDM2",1.36488030873281,1.02385824563212,0.354152531251617,0.906058928668764,79.7334163063904,14.8292524865468,0.345785168934774,0.366607310500026,0.598630530956524,0.393062254045848
"R3HDM4",135.103747598342,139.578313438582,0.30625537660736,1.85575215180584,1.30779569644886,129.953272463557,0.573241541835028,0.82602901144719,136.737222372901,1.02565930269167
"RAB27A",0.432488601358897,8.97153905818156,0.501052194759554,222.658057343009,220.11362309235,1.79274324213792,0.888432895417594,0.491595836208863,224.619044337843,221.284895092784
"RAB27B",191.241496367713,193.546756176187,14.3239989896055,2.42129894338895,7.31394765729108,2.88283023549406,1.25634843936343,0.7744611513879,0.462875098608904,0.176027485650897
"RAB30",0.974169495135619,188.520292317042,0.24648278041668,0.451111717115326,0.358569484756296,0.405749568976068,0.829350099335431,0.712614672855614,201.875259811179,0.289792233242733
"RAB3C",171.815881542897,0.582056140838097,168.896275980606,0.684682940103211,167.020137452497,4.61436412888838,0.446257626440061,172.167557787486,0.593004001567026,0.0336243640851284
"RAB3D",2.81548240325581,0.556136082995446,0.583923095018074,219.106006059873,2.07032758719991,216.767134573084,218.450589803312,222.770094733671,219.736271121349,0.27337545285142
"RAB3IP",1.24825797685344,1.13518968733118,0.469512065301172,0.666936583300573,0.890804804833522,4.41576852265717,0.631154322882762,209.476883245115,0.38711191989681,0.377274876628189
"RAB6B",1.4405285079991,151.832070238239,0.511005439684092,1.01008202383704,1.38791792410401,0.455090313539166,1.11105222441089,0.601352269785054,0.425908440387159,0.0400202386483178
"RADX",0.86734175008151,0.684035114647799,0.455695695414963,212.173210140871,203.035660344008,201.378602479019,0.642816386603348,182.480768516681,0.885386993898739,1.56262738301509
"RALGPS2",2.47033240470625,212.976580292298,0.870073992884161,0.753824901981674,2.60613484947167,16.1176330817595,1.15047515077194,6.08513712747371,1.04184687327288,0.368991070435922
"RALYL",173.221111371725,197.474658846851,2.72755296190068,1.20478946886565,0.53337369300402,168.874816735675,2.79094768258922,175.05909734325,180.925596751602,0.0846693222015914
"RAMP1",184.327765333708,0.301229295036457,0.618323557817976,0.421409016864752,0.167243071689971,0.301675478942023,0.653501742149329,0.3381300003188,0.781091344309414,0.746490430170156
"RANBP3L",219.018741188654,205.717448663462,212.068842446722,1.16614299661982,0.2380710915174,0.322953282616193,220.041172814575,1.00799392383136,222.849508795037,216.683976806826
"RAP2B",207.510327602106,218.046274854982,0.423853875599824,2.72329809058711,1.5669440278961,4.54257822358698,0.563340152419776,0.681166438780298,0.865679732933404,1.00174595823979
"RAP2C",1.92305695883188,0.625677443388241,1.92469356765391,1.79096738089181,0.59673760758223,14.4843017222749,0.582417427649617,1.67436523597278,216.221786401137,0.429021832269399
"RAPGEF2",1.85271408049135,3.72941860922405,0.862660592445448,202.50389436014,0.293015270475345,0.557460276053563,2.32844637871511,3.98667261522364,0.663337353657877,0.442910166596871
"RAPGEF4",206.627584037474,0.778756624230112,0.460525587903024,253.491109660182,247.366277714606,203.007603331616,0.487897220655132,1.45254390081178,0.485575922770398,0.148008266176679
"RAPGEF6",0.404756266608513,0.423833143227895,0.246989807555307,0.469177422342892,159.764822261278,2.17105592426374,165.058918254611,163.652791660277,0.398534965740995,0.484018783200621
"RARRES2",231.053715303843,0.662707665898876,213.134356821163,0.841738997081815,0.158538192916514,0.350131045419977,1.38208610003013,0.89595810660256,229.361813614047,227.888880925797
"RASA2",1.00751809942961,213.97069078275,1.97151384996629,1.02991937587059,0.96931760595471,1.49091012904266,1.13947394140115,211.319266064897,1.10990251998586,0.36118119612343
"RASAL2",194.074084483482,195.086764354287,2.00898301070507,0.809484106062315,190.302044154654,0.510795453121263,1.23200225073634,1.26946327677578,199.225139750503,0.152080513787365
"RASD1",0.953570506955226,0.452530834276977,187.646835675137,190.084257672354,0.139925095631353,0.366981055312355,0.291970117498296,1.8274694957839,1.15141403194371,0.6559035108674
"RASGEF1B",1.10101498383959,3.91271161706373,0.610482938164897,209.560313367104,206.25747759393,0.609161106782219,11.176216200475,199.776302230011,213.521000234956,0.183816331341627
"RASGRF2",207.733223053959,212.192563774104,0.2980391114959,211.562615834615,1.42598837368549,209.461234099289,211.695682638828,8.76213522285068,216.946424178913,0.358774538312649
"RASGRP3",3.58929297985377,0.795157901563247,0.0901867638137966,0.703993771996759,203.985898467737,214.568164088749,214.799202669388,211.603007624242,218.232492771154,210.222362587626
"RASSF2",3.1320306757578,0.35350438703257,0.0853810856821951,0.363158052940201,0.823869485232908,0.327429096685992,1.11835301970503,0.667016150827528,193.74438854877,179.231476955624
"RASSF5",0.897377970395942,205.89513656641,202.234396000635,2.64424042605517,1.04416332899675,201.044400319877,6.44599590984374,200.034683089578,0.735533620934704,0.218161454693676
"RB1CC1",179.401126109391,2.42803138021146,0.223381662584886,0.672403483148688,0.331979751719243,1.75077639145163,0.538966427622063,0.452251175588512,0.703292048816577,0.116479528969166
"RBL2",14.0952198309875,2.85397240970072,0.386846884209751,0.547513355656169,0.388687696913323,0.562645908259573,154.479587808595,0.571497446581986,0.941300524873335,0.640561658233189
"RBM12",0.70128697182235,217.101165683666,0.45225159706531,2.58804997684064,0.501602577987674,211.809778589913,0.815785008552419,3.17986220311592,0.587826143306825,0.32684344699259
"RBM12B",8.80989526488461,197.734208827298,0.554861757121794,197.982421711222,0.707980435682294,212.990589364351,1.06011234111592,1.15117666408785,1.10967321107082,12.2536534658628
"RBM47",3.9431819559468,213.146374829102,2.17074700647215,0.641242413702671,209.328334311838,209.307311683037,208.091771640808,0.231441777539388,7.41875017981123,0.558207728326568
"RBM5",0.706922816352718,190.175080145425,0.265836213296452,189.337048685393,0.474823293852305,0.472350359419516,12.8805590749173,3.00639733906134,0.723402481137485,0.433784593499309
"RBMS3",0.361321699025984,217.019541806748,0.723696611283785,205.282623209335,1.05601173260832,0.937768343737638,0.680568062967206,203.87534878856,1.64081103876989,0.206337352819474
"RBP7",209.49624591301,0.32698590095455,0.223255978931455,216.044298762466,207.910148735365,0.379430100449113,112.929167732817,211.676220977086,207.791199201945,201.893907835304
"RBPMS",0.491570747745404,219.20997658546,214.316839888624,0.942459841541671,0.314287253191282,0.534665677971389,0.900455730516622,2.12634519503642,218.723397147036,220.749836885733
"RC3H1",0.839876122488225,0.625431953195611,2.94161763940902,208.077284782014,0.897073895374487,202.201981194186,1.12609174542092,0.883658477610327,206.899373546748,0.221286720512623
"RCAN2",0.511353017022984,128.349059481313,0.271276700562679,0.434389426734735,122.859049501539,1.20565437730477,0.743799990283954,124.989330797586,0.664413671554881,0.0354892847923663
"RCAN3",4.95669885983246,207.982791069339,189.168819131091,2.17580932456014,199.375944969115,1.21322629407483,0.519597152680479,131.721702288997,0.425495316047478,0.14869350772911
"RCBTB2",0.750788260987989,219.006261285453,0.559268531773984,0.757381222147424,0.390494150480983,5.44086897573398,0.618351617916796,1.44210887360323,7.47948050303238,1.63646674975381
"REEP1",1.77904774780621,5.96997967949586,1.02888253489115,1.15394265251106,153.134040713576,155.119114254137,0.789080744560635,144.808917689585,1.00066608624359,0.0445903536644881
"RELL1",0.69924053037039,209.580602854019,0.255556185352172,3.95235058941768,0.433120621938484,0.500961971645342,1.06810114413755,1.94242770415614,999.997231653253,207.811229391079
"RERG",211.82174122509,218.978209455964,206.561201440521,212.462059658123,208.925467068945,1.47466693151464,209.725374969418,210.863668433221,213.93820901191,0.0845175930858566
"RETREG1",40.5018935588007,170.256444284785,0.204072793417483,2.22277897444355,0.264376914532257,0.337032329484822,0.693268824857684,1.08502532156115,2.05007296015803,0.104584294291463
"RFTN1",0.518073761447467,212.622041686913,210.154484653093,218.717166909917,0.506650390333926,0.414289194294034,0.517195542177225,3.59283887952544,232.061393682745,1.80619763658752
"RFX3",1.43972381631906,0.84778797496313,0.678501752554857,0.931492240658671,0.305769339038071,0.474890807673434,1.71524194831702,229.916644176934,218.661196369865,1.92031499344567
"RFX4",211.020874869,1.96877853556565,2.63202480241601,1.67175807023567,0.135882881861847,0.280062912997537,3.44699038492961,2.02447653589143,223.302118948398,199.465846237258
"RGCC",0.424878106475432,0.88245691840736,0.111339284281585,1.79642506572647,0.344256815330019,0.402873349033924,0.633987766461461,0.607794530854318,197.646937282503,180.740974533082
"RGMB",0.520963904672045,0.985196713900165,0.446967241916304,1.00817888451344,175.920865911317,176.156974204494,0.347892786358795,1.45338380966481,1.9301366380491,0.488531196885587
"RGN",205.645355506754,1.33812269134105,0.347239759120118,203.972981296265,0.274118654496408,0.741429053303663,1.61830170024801,202.007485159337,204.612102631222,0.559539135958592
"RGS10",6.44660963985425,224.03498901344,203.952679245869,0.428989143381398,211.652177490413,214.895073518404,0.437761430252158,0.193398660253616,215.416806151539,1.36031494552001
"RGS16",0.778866437365985,211.310863726123,198.162242405886,107.979571014312,201.063523434282,0.640391674091974,0.545022096611697,199.726327633058,209.253205685348,0.0988373077672286
"RGS19",1.63514306770347,4.57730115349463,220.770664050037,1.39122140890994,0.601050033395741,222.804160432663,0.397732358916899,0.3578849831757,1.73218131664553,0.656642425201095
"RGS2",200.723775476029,203.528909908806,0.535959081127181,0.412170146253004,0.671960144803362,2.28396660012876,1.81367453667594,196.94685906932,1.0314503735966,0.145742371505192
"RGS20",4.08338695600957,0.649709039248707,0.95108610712303,219.43797027399,0.426025923034781,0.61803664529865,1.07958874525241,1.48717991682541,1.48144340455201,219.062287342428
"RGS6",3.1095861987353,167.701393423721,160.468472528385,179.415538845019,3.32284529943023,0.61267027950051,3.62887465969358,1.44812969742269,168.23172086709,0.122102676322205
"RGS7",176.042364963199,0.534543099290133,0.813104984041496,0.662115044122645,199.071602460137,1.13209023940998,0.632830063023474,197.872655872047,0.683963109021475,0.152206310717639
"RHBDD2",0.99562184067292,180.673542836175,0.314998562918189,0.425780845465313,167.172831370114,0.67354281096902,0.291850443806295,0.345448580895128,0.24514865878905,0.0577708630189766
"RHBDF2",0.942317469764494,0.71804085347228,10.088432479257,202.99960687717,197.007423783257,7.96694179979564,0.54293510767277,0.230436756708212,1.2178372421492,1.42844072984232
"RHOB",0.522941005074239,1.16740408455565,0.148404900476438,0.476183728766015,0.0886105949231602,0.194451773798028,0.341384593341128,0.424345781378257,1.80226965686661,0.984872615045464
"RHOBTB3",0.863666479421764,3.2880376306977,0.291203837181441,0.778053200985583,0.138734565659441,0.214726552028489,0.266628018578787,0.399800398040411,167.720585563399,3.02758429363623
"RHOC",0.349255603371659,0.456243884552932,160.779094612247,0.349158374054346,0.211160201988213,0.339854061537473,0.365681687628958,0.231048066768127,162.229524855394,0.599134737132109
"RHOU",0.452822924356529,0.545244665859695,0.113525162316807,0.575318325294214,0.602982467252876,200.394248312446,0.633196348216439,3.38079768512723,202.231195066388,198.170856418314
"RIC3",227.177862472858,0.957265846068552,1.12062687527212,201.353775943512,0.524255385222715,2.29453165027351,0.532471543484241,1.08481414818947,0.366227989697478,0.209844147731598
"RIF1",146.51851679123,0.972201054295253,0.217926268107971,0.646736163338982,0.251519618659146,0.936188045230469,0.645340068793512,1.04869058903893,0.651849421202072,1.06323950219188
"RIMBP2",1.12932224392427,3.18785167528081,0.606933788378202,2.52600754032119,201.949584987524,18.0215270000199,10.653695878751,5.17940540302837,210.914164252275,0.160691646164005
"RIMKLB",219.644626232999,1.47376467968542,0.431964817129743,0.781951661726141,0.473083578794574,0.92625624213059,6.2652637293365,1.52161389286298,2.67507170821689,0.485105260186395
"RIMS1",1.18874111982175,5.53343818742507,178.255258210069,0.56814715867574,1.48887510618835,0.752146656753259,0.589992609229898,1.53687105600611,0.831383769204076,0.0790340444534414
"RIMS2",0.779989604921331,2.05948859279146,0.34692485887804,0.777861593062621,208.891007414329,204.61505069821,207.366954661256,0.391181593076925,1.13882161177958,0.164571198153119
"RIN2",0.753977463033458,0.665101745516166,1.50851484879033,0.812146768613313,0.253597796395258,1.22569160915083,1.76864122343835,212.012553631465,222.650182351006,220.721355134146
"RIN3",0.511265490382391,0.946114169797515,148.765414942017,1.00181117227155,11.5262202914446,1.69855093639136,0.906238441695023,0.47778066793352,154.318709585138,146.237195150746
"RIT1",1.0214181921587,1.03262989614988,1.61018044425927,211.763889691165,0.591379243507837,0.621955461500342,4.13854412143868,0.5675208863625,2.87264987355852,0.492855343298535
"RIT2",221.763898784203,1.05733409323831,212.227580040506,215.06935226695,0.817094698839141,0.497920312688977,0.598316575297948,212.885064013241,0.91021335382164,0.258952658142923
"RLF",199.162000431796,0.844906998902023,0.708987890547042,1.63927585057495,0.61963918495566,0.639802431603974,8.9933951006215,213.156056186001,1.19309436550589,0.422983092214661
"RNASE2",164.828755353093,165.245647546045,2.89428660578464,166.733499149988,2.57994157706189,166.764680542311,0.564230986200599,0.131732525089604,166.1672741514,159.001298773146
"RNASEH2C",0.440177300277216,4.5058162451422,0.197714409266026,1.80313018885833,5.27951973638454,192.505772630206,1.76539147484881,0.460174042898015,1.37329789199012,0.374453809613849
"RNASET2",7.66391262034251,188.17696831787,0.988988943892131,0.403206679343689,2.1607930851094,0.600753999700654,0.192980823522499,0.0976013714808031,2.61120081982957,0.963049181081695
"RND1",1.53437664724671,156.909690403722,0.439594627039746,153.167068902566,146.128812682184,1.29367860472655,4.21516931707409,2.480056264678,154.584686685542,0.224135612396915
"RNF103",1.48516466993423,0.958474744397562,0.163338810126991,182.602201343255,175.102855892178,5.80777529053047,0.62088042220108,0.497552346975757,185.346678089643,0.158098894085303
"RNF115",1.23251243668149,0.586901018005612,9.17257497437597,1.47531742523008,1.8309267432506,2.02931658729737,0.49987026516136,0.557172617053298,1.69867837462819,0.185640683331818
"RNF139",0.369667266302589,2.90573382920828,0.391733212951136,211.011071493754,0.513939561692525,1.27780234588106,0.689718557064637,233.671039289164,0.855514542023484,0.391440042334893
"RNF144A",1.73025034337334,0.521575354315471,0.165365678183256,0.643404780119558,19.5033160739752,0.692440987075202,29.4953109426812,205.039418959244,209.057898017385,0.64328494536462
"RNF144B",1.31691716241085,228.01968373737,221.352670642315,225.136205812546,215.977389862123,1.60006314609705,0.755856297076383,0.427856686558636,1.45479800559971,0.229241841733232
"RNF146",3.6927559113839,0.887376919333113,0.197002542625818,101.893262149404,1.87503912217028,179.032933950643,0.689894017467453,2.1720465215333,0.574896457362476,0.183346493541668
"RNF157",187.932654094864,0.825248896975104,0.492628336190377,1.93936809623077,1.67585548619865,0.633905423129848,0.553271594647327,0.580001634676373,0.947615713121876,0.131828734764143
"RNF175",207.761630068718,208.986316206222,203.351859326146,207.481451731666,204.296697316756,207.961186813034,206.426600776478,3.59758306885411,0.365063860949917,0.173251575103118
"RNF19B",1.06920688559496,0.783182092612373,0.850271713482442,207.887408168461,0.557093154609319,212.757629849706,0.540792825991257,209.148330236659,1.0929808992444,0.411210212196233
"RNF2",210.07582869609,211.017991722899,1.00872324403207,1.17254094896337,5.82449644284319,203.035549763676,0.954892973601229,0.730934079250485,0.533978888623293,0.30106744781307
"RNF217",215.696362293481,234.82123707888,0.698284914583755,209.310951701523,0.311343725182281,0.460679533312852,0.538970624029818,212.462517199272,205.922484556059,201.440931775877
"RNF4",0.694216940946777,0.542458039751646,0.380288071324501,16.9524869479839,1.19561046281886,0.560553165591778,0.609924178271282,0.428434155926466,0.719336539806232,0.212339188325215
"RNMT",203.171769306534,3.5968365578498,0.587318140085913,1.36772287668315,1.1017052874859,4.66846680766888,0.698474312064594,0.805653530163236,0.434014809532775,0.131111349292448
"ROBO2",1.62018514864059,193.116496048666,180.434130360449,1.32260177296063,1.0318365546904,3.10282798631122,0.859994516757833,184.458749904681,196.079738012383,0.0934202088405321
"RORA",0.655670974212432,0.637847729123222,0.835776561838825,196.741004239136,0.248709082164127,5.30414595256153,0.386328006168216,196.537161279691,1.13611231207299,0.274609291607123
"RORB",0.915975050895923,218.196414967146,0.728229525614998,203.359516626074,0.426038976489016,1.23126820837591,0.957617472439124,0.583392974276549,0.455120048944421,224.414714334487
"RPA1",0.621271943598873,1.46882723798299,0.485184480362569,0.452721161398637,0.306065970005982,0.95438952175398,0.638318958811579,173.47984149024,1.10972686305196,0.173890793201446
"RPGR",206.530007513669,207.51959421307,2.31376456554545,0.581024449192913,0.737010198114254,0.672795741615909,1.45356988428235,0.563674232044451,1.45761614561605,1.19103826133435
"RPH3A",206.923134304009,1.84439224807214,3.94239752914643,4.22617205340924,0.715698833352882,1.53664828406848,204.571171765458,0.902953769185377,0.625636116070834,0.202207908434679
"RPL10",0.366676650256168,0.337920142408665,0.103703531658109,0.218873249546973,0.119996357047578,0.243237066914351,0.285905490768189,0.0974570684595229,2.36637494545652,0.200342268106816
"RPL13A",0.17531123711454,0.363484480948772,0.0817622709579216,0.227666351014758,0.1108954977063,0.159936325046547,0.198542164174865,0.1030570890714,0.453940930808158,0.228534582933718
"RPL14",0.26244464905498,1.31053042632326,0.148026221862443,0.311471896405147,0.134271829128886,0.284035964794711,0.23315142739974,0.141255398305236,0.338773422917353,0.125727866387347
"RPL18A",0.230688474015972,1.47840181203709,0.131529199217426,0.223893966720226,0.12221846816434,0.311290933071545,0.193939083470282,0.110815095845145,151.762571454715,0.18319561281022
"RPL19",0.234733900127379,0.784131987204662,0.0884960722175425,0.476080613385172,0.120226014211691,0.244130612908641,0.162438351366123,0.113463294397782,0.545729654649239,0.140379751660266
"RPL26",0.345022528010091,0.458258678962077,0.0801371251682087,0.211195171204757,0.105775965661981,0.247484008601091,0.179678171184444,0.144024379627792,0.226517346986313,0.306657120188093
"RPL3",0.208892376263447,0.271249757195045,0.116217972556193,0.221969258695827,0.140126493558542,0.258356665699466,0.172969690443743,0.114498532767514,0.314728713970783,0.164111269480656
"RPL7A",0.326095601526564,0.7074674618993,0.113884174824572,0.271615616292914,0.148670864137149,0.272199442060548,0.24403554621248,0.144631297623452,0.539742835041591,0.104236513302282
"RPS18",0.248805715277312,0.724920155286021,0.0825710834580935,0.20204216559013,0.0937902878812541,0.159694220336445,0.117178990897689,0.089234680136973,0.327863690000907,0.268306204777647
"RPS19",0.201063409449995,0.346291133149549,0.121608654517333,0.307017316736337,0.139829150305797,0.151806207652298,0.139436087690193,0.0750392679479366,0.6491097156791,0.198390055494035
"RPS2",0.182588999067481,0.477816191285623,0.121255432515285,0.291305550386201,0.362589965782622,0.378824490466956,0.186860667289833,0.0856981641740887,2.4620956072715,0.117805282340122
"RPS26",0.354113587879767,0.439058556439735,0.139146787046829,0.285177145073846,0.252165193399227,0.640818496508886,0.273574557364529,0.19997271963296,0.797685457604439,0.0878127355342126
"RPS27A",0.216345320551958,0.286989998387684,0.0838845192540924,0.181682243846472,0.0886392193395789,0.199482329077329,0.170915445679918,0.102057129412053,0.606781630125749,0.167676978368811
"RPS28",0.249663021456546,0.299106705660597,0.0849805559810101,0.192690933755165,0.0876187070147167,0.160301569049639,0.149117943510824,0.0948093537628636,0.306095979620942,0.102530335656261
"RPS3A",0.235048750880647,0.356166397856501,0.0870986532724183,0.214388012518337,0.115552047881689,0.224342310586447,0.215495191392565,0.108702981995271,0.570943074740958,0.325041571449654
"RPS4X",0.271645566047165,1.89530736974113,0.141239211208401,0.36675939068842,0.125527513239008,0.339480046125976,0.317572467304586,0.151273365487954,0.468746174272665,0.261989928019025
"RPS4Y1",0.264823289820607,0.949201758671546,0.766880896931553,0.489336639720721,0.486173667641216,0.506092543645204,0.668951805688173,0.240642579921316,0.319487235543899,0.213346845741418
"RPS6KA1",1.91300910675485,7.67781909393846,0.771635834337511,220.681786756463,0.734265905044536,4.22699441634697,0.416919180948486,0.378184295508393,0.931649845907547,2.17664963724508
"RPS6KA3",0.932772095878706,0.901654976043161,181.348809672001,202.30928834317,69.0122597495037,0.840474604925425,1.07393606100745,0.317486360212467,1.30298528266933,0.141611582808306
"RPS6KA5",194.006439676654,202.243683841035,0.250771193796251,0.737607026851105,0.542009583425329,0.694019842039966,205.073376439094,0.841164622898692,0.410516866371121,0.440915209003677
"RPSA",0.353682600060558,0.708893309488939,0.103225061110495,0.40643785748335,0.187824019331588,0.353688257797591,0.262868851152175,0.153230412459623,0.632538745361612,0.137841285056335
"RRAGD",210.179607611058,2.00993941327591,0.619856565034558,211.703731968574,0.463354118964605,0.943623499612145,0.879423661912668,0.716613581378949,0.853387478145815,0.924849988773369
"RRM1",207.644052531347,3.48441515722887,1.6201309687597,1.98120243451644,0.292434470754906,0.999706701549122,0.972763527828403,209.050979865027,3.66230066465974,0.206450774308583
"RRP12",187.776297742464,15.9800860976182,205.786673521831,213.605182351739,0.581944297446339,0.443281409951072,1.2062635389846,10.6882923531229,209.572603286465,0.219577824457911
"RSPO2",139.890666944072,139.084005111748,130.690953114286,139.389017058127,131.696434780896,136.461081132307,3.17711412444549,0.617668764317468,137.404848483297,0.0720846649160103
"RSU1",0.96555511997409,212.429525998141,0.403599607562919,210.227142561522,0.54270864425004,208.442601683726,0.622167443097791,0.504886553109209,3.04386682450009,0.225540400651143
"RTL6",1.0860741241069,1.80076025305365,0.257966097348115,203.578252767031,197.39360681731,0.712074761302952,0.466833352201743,1.14943427982237,0.468812995744418,0.230448533523832
"RUFY1",0.765149567473074,1.0542538405704,1.22216386145675,1.31185993926472,0.464406030157347,1.78733315560186,0.553469823853806,0.886776332558374,0.571958846374551,2.1512311676156
"RUSC2",1.60945500037971,1.98483786201715,0.294619080403419,38.6127509784709,178.76957863199,180.123588512731,2.14713492455874,0.754771578095679,1.37245320051142,0.129169774713902
"RYBP",3.93144323551675,79.9515887559578,0.183858066420307,195.268751774622,0.468114875427396,0.712493504324608,0.955999664365098,184.236321088465,0.629117388417458,1.46754342845406
"RYR2",0.616854622493881,0.63233916619137,1.19545481308707,0.6557746108908,0.865859364050813,1.9664514948593,198.623573616747,200.102340157189,0.423965432948594,1.68212589141685
"RYR3",211.731056507789,1.42218944377771,2.24764057237903,208.600978565388,0.216601375486794,0.706180815077892,0.457661202242425,191.790259188295,205.749983542177,0.456946415297677
"S100A10",0.332959188928295,155.997864476018,0.549855349182526,0.681330027727816,0.303763509620603,0.791929100218282,0.745753009723974,0.5108240276962,196.749669176776,0.743090585914732
"S100A11",0.248647590732325,194.651489236217,3.57406854160695,0.500090013572372,0.374483649325941,1.66488428343439,0.191015826331065,0.103026607894165,204.29475846989,190.83513442084
"S100A4",152.868153611439,0.588739101319281,1.12899254101405,1.1939308448322,146.174991167654,153.635776579347,1.76942181066434,0.138837042222142,152.730182463914,2.95196471251275
"S100A8",0.372966792628958,1.58590236246973,1.52731486481983,1.22368764566076,0.67914572077094,0.777805538335309,0.180620939925852,0.0990165005932654,192.176211713429,3.57854510114085
"S100A9",0.298566762869428,1.09429306604309,2.08494351599869,0.846749788744405,0.775177482297474,0.721376377028863,0.209834235104015,0.0880692860690208,191.773207703135,197.270645477273
"S100B",1.1731884255615,0.393985837309877,0.0403119040628636,0.300550463698059,0.0771825045135573,0.139590418352281,0.209297407518848,0.235330085898645,142.291346303571,132.550640071953
"S1PR1",0.279862296383587,1.08449206468349,181.640221915087,0.385234279176395,0.136839906504014,0.451735074358832,0.702967526376346,0.250560633641654,186.396781149225,2.93708267614075
"S1PR3",0.373896945801821,0.812564069921381,213.38219520844,0.588288865627605,0.216655083102092,0.590284680507347,1.12671941843938,219.296211555925,214.894975770529,228.473987505572
"S1PR5",221.27350181639,217.985689000042,0.196394810054007,3.55977327469935,2.09727899083738,219.323344966306,0.71627171056382,1.89044323719682,222.550536899273,218.743328175679
"SACM1L",2.29551802492101,181.013748628902,0.729236912327765,1.01101889815838,0.645729797427016,0.368287276018087,191.665141995965,1.38319448455532,0.664436145002811,0.11302035144741
"SAMD12",0.818008519244679,214.108776064693,0.689468512187993,0.628085807012192,221.49141066073,0.876195728879146,0.852027865319988,1.22171371143124,0.799652806252381,0.257087634788857
"SAMSN1",217.622807733831,216.423847541411,0.892291500901869,1.60727620278995,212.648012201304,225.132032646857,0.34396487225122,0.206786458930293,216.925743517699,212.753508256231
"SAMTOR",212.894867841166,0.875067541668581,1.37116077348911,2.81585523678624,216.106802577658,0.904296774396035,206.76033973041,2.59151097780124,6.9549436596382,0.175333644808085
"SAP30",11.8950944519484,215.994646221781,0.266165527751905,0.537672127666653,0.478291355011332,0.927889891892973,0.809541930598601,211.865335179554,2.19776488803271,0.888325781930192
"SASH1",135.251132158815,131.492266929556,0.165614790325935,0.42188977212758,0.138201832853295,0.277725794785492,2.0499650054859,0.691410106520238,134.191536435829,0.560670881715158
"SAT1",0.35336012110333,0.789436789577538,5.25583382669577,0.966369728817357,0.210145031850173,0.739708025715477,0.624725326528551,0.338291618519852,208.677850683634,0.195582580628556
"SATB1",1.87205075824004,4.85044618694878,1.49329015860202,10.9361126704347,1.36039186478997,1.95860544738368,0.89721659444835,1.66164758833459,999.949158720783,0.117077991356864
"SBDS",0.4347017434623,166.469008940296,0.139168415027802,0.546529296596839,0.251710696664474,2.072855514464,0.566399296824283,0.501842073270675,0.873438456115834,0.108050719304969
"SCAPER",0.668486699476612,0.740757945369737,0.288078596506536,1.63532287455557,0.809509421800811,1.53415087046625,0.666712835759925,0.887541100939119,0.537465290883022,0.394042307136885
"SCARB1",0.304652722909799,253.970157575835,0.297098320974657,217.797897558473,217.806925495001,0.613815906460029,10.2356223681074,0.425024734479002,216.814179519625,0.390443482882184
"SCARB2",0.564184288600956,1.35874550971272,0.0885301317349073,0.462316778281931,0.391672034610708,0.979459401871087,0.570987798255185,0.440868205059129,0.588320157122631,0.158305726260349
"SCG2",0.894349444584525,1.34587294839953,0.580355173570229,0.827010609102879,179.693507012677,1.53851805286965,0.426406062192492,0.78958061072862,0.32292098775548,0.037021512107128
"SCN1A",1.46418863988049,3.05983488491888,0.53624368785654,0.640022353078594,0.805002964999194,5.22472809765881,1.0801155971281,3.96309684722589,0.275700749307667,0.317838380139601
"SCN1B",186.829000511046,1.66740596450592,0.438573543924046,2.45354213191352,0.486505522024838,1.80020803637726,0.836742413776544,0.822793916683143,0.319275430232733,0.288308600343323
"SCN2A",1.35172843077359,0.704688237556352,0.778710385316393,0.704008962355887,7.13496498858358,0.965092262664102,3.42271899529338,0.678328060481534,0.277917172560973,0.101952129250476
"SCN3A",1.75296789730705,0.563288684173593,0.361712371006747,201.627972361507,198.122709422983,12.5901133434995,0.664469014300563,1.44872315837061,0.421697910637779,0.0933162588798188
"SCN7A",0.965443283040903,215.695011127801,211.487179230854,0.692810356905311,1.14725716212732,3.68457383354282,0.715832995026109,0.972908407047305,1.27761487979973,0.280234703068934
"SCN9A",1.46869040285382,2.45163625278,0.688262861742361,1.66972937571812,204.050835164491,2.0690736078622,1.53442403866355,197.984531649588,1.16726369727894,0.225941337201839
"SCPEP1",1.35979078427544,204.612860099872,0.947652848039122,999.998848082182,1.18529455658863,0.623821682255051,0.563469758059852,0.590427544525493,4.98093333834289,0.24198842879263
"SCRT1",191.572577822651,189.794443974155,12.5662675716364,0.572845207252653,178.732222610057,1.76721792575209,193.556735242356,0.34495209019444,10.2095410411682,0.204905585946994
"SDC1",202.399500917392,204.048128079426,198.481602936328,203.552533464158,198.664787237712,0.774324836407328,201.12955486969,200.588672674956,203.503156057646,0.0936285121892623
"SDC2",1.9871423141778,171.424502265497,3.18061812218431,170.676982705824,0.380301397415259,0.610431725267557,0.467014617350261,0.657398069576113,170.984225589004,0.0644125073039488
"SDC4",193.447520669897,212.074701286302,191.028738000644,0.647422198449466,0.0813071112818487,0.263951040069134,0.567828593801476,3.3145768732691,191.919171316525,192.099355236137
"SDCBP",0.22263084748247,12.6549410983651,0.198729853650585,0.507060280639578,0.633790060722851,0.512837024042796,0.390631932890848,0.333238657730091,3.64790374443992,0.0884661451326826
"SEC14L2",3.91298633341888,202.862348831329,0.566774196752206,203.134768774657,0.182146124760879,0.367040194784897,0.456138463641822,84.6880907864943,207.585716812781,1.29292039925016
"SEC14L5",2.24994882645429,211.307873517476,0.172842231962763,2.68839244014532,0.74841757907411,0.786256118566803,0.375415607253548,208.89896800533,211.523646659192,205.097683492053
"SEC22B",0.601230673740054,189.866120873599,0.448799978474736,1.70078137819266,0.255272881396173,164.737133857655,0.381737565041451,186.572186428904,195.484114140067,0.133284604806737
"SEC24B",0.383473350207292,200.458582045017,3.71008840274035,186.781352705902,0.4382662999672,0.415732520252264,0.492385510185316,9.71654276132398,0.446644627008999,0.273901595200452
"SECISBP2",212.16142623304,222.546884431252,0.362517799744238,208.745613814126,0.929754543906792,0.433295365280851,1.12578664148014,0.952698682991231,0.97588915459957,0.282072994101357
"SECISBP2L",0.604908121848158,0.519442975654662,0.0846480778732856,0.428583781641252,0.503117127109325,0.376397911971125,0.637056154102402,2.00696788993536,0.690534195879173,0.344987655086306
"SELENOI",0.526653356324013,1.14543880703133,0.230860815885196,1.39934477509998,3.29075979412641,0.560187592566393,1.00272606189731,188.400128403661,0.737689245136665,0.233345532999443
"SELENON",223.805510558564,0.615653243312135,0.548956084802139,222.897685944217,0.336505465287693,0.956414069405784,0.807687199818402,0.856603213910408,0.950774941419035,1.07591446190785
"SELENOS",0.388351969654133,205.909438100826,0.406227690101964,1.27360126248775,0.279083644104336,0.452934601837662,0.81552982164371,0.514125213749035,0.90121895183893,1.25618524129444
"SELL",1.10583098027635,0.613133826817682,92.8747243466071,1.08579004436543,0.650190121642824,3.16139849286875,0.4026992325634,0.467802092071353,211.84972654018,210.907999506281
"SELPLG",168.885524405918,174.261389822833,166.83784654627,0.549815510323197,164.747314547504,1.62435333458906,0.48280047852614,0.150746107642291,170.324833039734,163.163928969747
"SEMA3C",212.433022808803,0.35646182260289,0.329110849563341,0.780307376182352,37.084218790324,132.711563615054,3.56375868313516,0.594962990185804,212.074848372034,0.704378497501492
"SEMA3E",210.660035820396,210.344884968891,5.14702501081897,208.572261559415,0.385039575752283,0.86793383327805,0.591163026857858,1.93267082119574,212.510440359691,0.177117640499161
"SEMA4D",180.712653085861,2.48140963019522,0.0808390954816891,4.20545558791904,1.06832792800845,0.476168305096745,0.885588550607222,2.09261358134013,0.748082452338004,181.182088705265
"SEMA4F",1.59599484737329,214.459988203196,1.39336203732121,206.975206264886,224.95858772215,1.11865379989462,1.24126105190581,1.09934930698856,0.50499243589221,0.354343828656577
"SEMA6B",0.321136010538834,1.32007052918947,181.052335109375,0.763449238694213,182.333608617419,11.2746054638732,0.663479936583806,1.67217355176626,2.73769579226608,0.161378813477279
"SEMA7A",3.36173167988786,0.903305230898734,0.142632655246798,213.30911554182,210.312504061139,1.90205148956239,0.690407051633344,0.854234306020661,216.556785008842,0.600567762161209
"SEPTIN1",0.853234080578975,212.119823609494,0.909249759743863,220.744967338443,0.404381447506239,0.928559917562687,223.157827659142,220.829929911059,220.811409828856,2.09644116482736
"SEPTIN10",0.855783844972526,221.346630765674,0.154897906796904,7.34090929301363,0.5182379778906,204.323713806326,1.23350009157906,0.676130394609196,222.196329498972,217.403904521996
"SEPTIN6",200.024089396551,1.37524894372446,1.83103438113702,0.647557550717561,187.860259963448,8.36305682616788,192.399840145051,0.64119376878167,1.58374198554752,0.116178584737447
"SERINC5",3.41107095551802,0.545831734136422,0.147588868574676,204.512074062068,0.557417148871553,206.722440036256,204.659700430559,0.397060638269036,208.03723913974,200.225191031814
"SERP2",0.793558459225241,0.570502794234619,0.602535868841556,2.80815634865782,0.529430344257251,182.508603202501,183.052481724378,32.9028276199021,0.481143138491786,0.143339908344979
"SERPINA1",0.686168283660948,194.790620531238,6.23351449782038,0.398552613011865,185.845588992033,1.22749409984558,0.368841318375343,0.120440829037203,15.3723738853811,1.49310886387553
"SERPINB6",0.32315188630648,0.627529658743103,0.318076477044228,0.700497647692747,0.270406998767141,0.710453331809628,0.362924691381252,0.506605369682995,179.888356062854,0.83868012718284
"SERPINB9",211.657974510259,0.895685929207267,1.20566235529507,213.533678138421,2.302956530801,1.06813104367656,1.37165095243801,0.383423914077133,1.0687694274719,0.885414487938599
"SERPING1",0.315332985581124,1.98521870968921,207.051022726877,0.744594023202821,0.236809772849637,1.06275042079568,0.515652765307844,0.887155776106842,209.194935224357,2.0242422351077
"SERPINH1",0.253366376371668,225.54295967876,1.95113419771799,221.593310887177,0.423793837576685,0.753332094890893,225.636185732583,0.487832473972486,233.837933345164,222.656158866484
"SESN1",223.586406166659,1.09485853230654,0.411696798434059,1.16479935271117,1.42472590264491,0.983529837308128,0.373155514854049,1.35223650272019,0.948026897637859,0.394952162653937
"SESN3",193.414377715106,188.350901152275,0.348786530954663,0.83323552875153,0.169667726318258,0.362899059621645,1.12488788865757,10.7741143926988,4.70121979438233,0.222396776775952
"SESTD1",0.438220740337313,0.553760290394798,0.151860092602481,209.546594832848,0.679666787432201,2.1206562850306,0.773672402851682,1.22540088945316,197.85244212489,0.640076803536005
"SEZ6L",0.663783460488687,1.28046214396634,159.635651993778,1.32282178871548,155.971594532941,1.89584364408906,0.721022743549701,35.9627456193419,1.59778028090026,0.0640129700705773
"SF3A1",4.91117282751176,205.637753133031,0.407335217272965,0.660337375991781,0.272757921449481,2.6965379223959,0.741435081839987,1.12693967747138,1.21074507707855,0.252646197762056
"SFXN1",0.385924439935381,0.719084420843597,1.09493681281753,8.61361454070791,1.3399753376022,0.67225992620038,0.542092123622262,14.9420463300983,0.513125058431001,0.133435570004761
"SGCD",213.227325241334,215.822559249206,0.175340095116738,1.10074273380868,190.489729732138,214.907652695951,0.763480197252845,211.682683009155,214.656127793985,0.382669001755025
"SGCE",201.379504746291,0.953939100815821,0.18926083778339,0.656643970238285,0.426997646747271,0.584137192472252,2.8951241470751,197.285960340619,0.397951490292559,0.301138008890187
"SGK1",0.658699966138043,3.96885306072773,0.154579130002148,0.663263546967101,0.627755514523839,0.513950873209703,0.473954929661057,0.557766741536636,3.59305095615407,1.33461254800905
"SGMS1",0.415666106134305,0.391679233119989,0.329868440410716,208.574086478163,4.10484927175807,4.34346904099806,0.59074478404104,0.539216878802715,0.901992688117663,0.505731167948976
"SGSM1",203.147610440462,205.191689435587,0.626010957581444,200.1620290333,199.374970691194,203.623469824776,0.628566531593552,151.525797039316,0.564018175944311,0.10645872807505
"SH2B3",0.978029560397201,211.22943518836,1.44574605157186,1.74562273510825,1.92555064513506,0.427613862726961,2.23524571446506,0.452671664483691,241.465854254146,228.963981170503
"SH3BGRL2",5.15657928732036,1.779607388612,0.676162949698697,12.3716818618993,2.92391044700229,186.792637180277,169.617719643741,1.79561832458744,1.48457714139794,0.0869415907564436
"SH3BP5",210.803142215316,1.07196669260027,0.180492825271225,208.464019421821,2.93110753905546,1.37263354543758,0.441107287411153,0.494245682686013,0.469510829765878,0.300727297799623
"SH3KBP1",0.425298207982641,0.608288299520327,0.206126949776596,0.770424716437834,1.47586102471799,0.404136865987775,1.17383083860062,0.416963628248653,202.470718114297,0.218318907991101
"SH3YL1",3.49583806623311,1.65945417990848,0.299661610136759,199.904416582661,9.59296425266817,0.669701066730294,0.595918085534775,0.545007691890987,197.860162437084,0.278834216395398
"SHISA6",1.18887898412278,1.11062693354554,179.462403619144,0.856803385570394,0.201586193664026,0.297894135117072,0.464560653262354,0.328325637768538,183.177069300371,0.596251764787639
"SHISA9",215.052390122816,3.27986370934177,197.579842171254,200.991786801812,0.947298790875565,195.425620618671,0.507797756453507,0.501230184334987,0.974168845816012,0.223904200767034
"SHPRH",1.15860506853613,0.516770534120576,0.399430475186283,0.508534055614627,228.618746540305,140.064492644257,16.8211014586475,0.988789622109226,0.858452482787163,4.54846785297113
"SHROOM4",1.58890476160685,213.694943290841,0.155895420216968,209.756165645232,202.664031709786,290.383012459154,2.21911010794296,209.153885472131,416.312421219977,214.705169679982
"SHTN1",1.78367789441633,218.689443354372,0.101424549954873,0.824210011829327,0.512082714631072,0.560019703564729,0.502183682768261,0.27826715930025,163.970273291338,0.19214140189271
"SIAE",134.519408690641,139.057514450377,0.190821822280035,63.7162062062614,127.598819870675,1.16362133619271,0.558994210990689,0.453940730495818,0.993453149856429,0.108654823273761
"SIAH2",225.998770998513,1.23663023775097,0.426871866954415,219.535090476368,0.704193840168801,218.125841529138,1.83074302617783,0.625773116245583,3.16784658677831,215.378381999476
"SIGLEC10",207.047288798649,1.07125559029704,0.70194848312233,206.912345505813,26.9465496029942,209.526783471215,0.384808632693454,0.223320065450046,2.16590979430199,201.740620944232
"SIRPA",3.46207939362652,1.09021191916608,0.382404891550928,0.439131190194987,0.183153016222765,0.338352612667815,0.316976667500481,0.434144222640642,0.868628291913458,0.601519076474834
"SIVA1",0.754992422908805,0.929227821558055,0.441832913278752,0.800469955733859,0.984612274158146,4.38081527560865,0.570723897204078,0.534176107795907,0.566190156677632,0.299460794923853
"SKAP2",821.135238511434,2.40064408791746,0.737870021700531,0.670574578155035,0.661374024753418,1.97122703935038,0.504994579095546,0.564719745466718,0.511317494123118,0.187695190189687
"SKIL",0.536652649365587,204.766462442968,0.555777654577596,0.81963969041304,0.61225519151467,61.5697695660515,1.3709212266009,0.486593767666452,230.070386796096,0.31102987649765
"SLA",0.960416030009005,218.11771829087,0.623357743887768,2.17842393894301,213.86127781529,216.412200341184,0.475947488094759,0.204083343425302,1.64830288772662,216.943451652978
"SLC11A1",8.89053454586358,1.47919734201936,0.291251324585962,0.781317114749739,223.27234256712,222.939774596345,226.165486699821,0.183301756590711,228.562522317079,222.580360553353
"SLC12A6",0.68994730934908,2.65520120752741,0.367750341294893,2.2007854148328,3.19655144008668,2.34454941024677,0.558171005528963,1.76098029398363,0.87826459004998,0.248726599058335
"SLC14A1",185.294078798931,0.684708219995254,183.227584755623,1.14932907143191,0.0762594472186857,0.199389774438104,1.3682132744458,1.13496871824372,188.861469718923,183.960745633463
"SLC15A4",222.174622681442,201.720939305782,0.353883278026693,0.621609714829954,1.06950899963204,1.46830409953492,2.23612962244814,0.544016652242932,2.48791062537325,0.584435399601722
"SLC16A1",0.785740029989942,0.763641766115062,0.353067680875198,0.732455679020175,194.280999716163,205.563806890785,0.46332887687701,0.42242052371516,1.7027534138088,0.268224458566362
"SLC17A6",163.795338925955,1.58560406688376,23.1199354336621,0.743924689637654,150.98934819629,36.5572571435025,13.1987126674921,0.726981644806018,209.959514666131,0.242305205596149
"SLC18A2",205.160279331176,189.925344606161,186.364132093098,1.75051429128874,188.953224828393,194.204610142427,0.396905912623622,195.833155603604,191.665104397073,0.0345817100948149
"SLC19A1",0.472573982648031,170.666757630059,152.460834171513,158.72479563203,0.244373629707366,0.957186041127809,3.23379014024489,153.950712977007,1.3320621850438,149.283888314335
"SLC1A2",5.80330817619723,0.519918256763789,163.937276591323,0.343015950686905,0.0551260783116943,0.143954668525057,0.187744928844194,0.501467669735975,0.845020969454999,0.568366805683481
"SLC20A1",7.15396857732988,189.663306700378,0.72537420168068,0.98470243212272,2.50067723939901,1.18881677260998,0.890746944148109,0.581158397290423,0.432559825356324,0.145384745042096
"SLC22A15",107.17148468198,218.661454487299,0.258669297359094,221.758820540122,8.0488159485334,1.66196106546625,0.652047599573343,214.099861256643,2.10285847384942,0.335855331773301
"SLC22A17",16.3847850294435,0.315848829654345,0.148281687227974,1.37903710930098,0.299169361123564,0.795960227169271,0.456093479952497,1.12732889565385,0.145109806342323,0.0764426219379561
"SLC24A2",0.584214813827212,0.371316061225266,0.113071042196662,192.895962982412,181.658782181252,4.67152065589391,0.825025267607754,0.439919682529298,0.552808356458858,0.217391453060921
"SLC24A3",1.65581706976724,1.17158974645331,210.696406831196,7.86920461731485,0.572627265029219,212.634807988184,1.45727402700115,2.7043571225196,0.897581183838456,0.30772346289419
"SLC24A4",7.9811690620919,3.8933456959365,205.295754793831,0.365753927094454,0.226610740575242,0.213766944439984,1.10195044976848,0.909803191618273,1.28356286269324,7.13447277917505
"SLC25A19",3.23418572358818,0.661487654600408,0.58032749027552,0.740878922104516,207.858695265043,203.433215483095,0.804486342902702,0.476452156050797,209.675461596238,0.626089718060068
"SLC25A37",0.382193642452916,205.779899903614,3.13509869055553,0.728756768743038,0.452331105894876,0.426815786393631,207.792272007973,1.96679373193771,225.49185358995,0.614463397708387
"SLC29A1",4.80491133024776,1.95345332019066,214.971112891989,219.756967909853,1.55106755703943,218.920546552773,0.774486993331802,1.09498201527239,221.022886516056,0.26804894850622
"SLC2A11",220.723193115441,222.501149919431,0.376613751620871,0.882148290346302,219.975741655152,220.323197392352,0.686649633579492,0.402442199223405,1.20506290728714,0.249395407177132
"SLC2A13",180.45531454856,225.268677393124,11.1935510133095,180.114690924158,203.424543126492,0.908697717955436,177.031292279011,0.870466427290465,3.22373389302165,0.0429532877896244
"SLC2A3",0.206305417265196,0.433431000488169,0.412615425877432,1.45936332414088,180.795448978283,2.20077422900096,0.557739698670743,0.459119568395115,0.499104278343093,0.127039589162314
"SLC2A5",2.91979141640573,5.00254989287361,1.30955473819321,0.525175244116736,1.01860024461636,0.731933744994113,0.29194042514942,0.131907142592123,194.694880045478,190.7802742428
"SLC31A2",0.67028585184123,202.417096204966,0.0814259086001041,205.233041034917,197.492640444934,0.751514388527743,1.97906101410916,1.40977256761806,204.346629500539,196.536072215625
"SLC35F1",234.292020735293,0.83449932931654,183.622013422491,179.79576759039,0.493961001341984,0.622670704909185,187.285349014283,190.629919442364,211.125885840985,0.110483169067315
"SLC35F3",204.968036653547,0.692705004620465,4.99261453526552,1.18960030455943,1.15665855301759,0.853990792136117,216.801403131196,7.25502965826287,0.697192141998839,0.441991879818029
"SLC36A4",20.2839594040061,176.287726226114,1.51477263211673,0.515921786946217,0.469598345605384,192.659452865217,0.619162427656215,0.608372946212626,0.728086170977449,0.188617834054626
"SLC37A3",223.971106250057,223.904596104484,0.936621913971719,1.05879610150938,162.731199725247,3.87103548266175,0.856822194460225,0.395115386986204,0.458688654224744,0.269072139513204
"SLC38A1",1.98618223106599,1.20795273634228,0.607200285547075,0.585173926323975,0.431004031115008,0.310329834745124,0.313510247265785,0.445160283607232,0.470638497443468,0.088924975331976
"SLC39A10",3.61318653492935,1.02826332392549,0.809827240888899,0.544192182724192,0.633587398721123,0.887100017978862,210.229018693101,0.563171645587619,0.925562322795016,0.176782095269216
"SLC39A12",209.049639433004,224.067660584936,177.852144085646,3.41647606231067,0.116305743674071,0.392678266252374,0.684406913001506,200.284632466129,177.04501007716,0.92226803032009
"SLC39A8",0.421199088427858,216.464358795339,209.012923199656,213.696686427882,0.462268008341359,0.860744251459227,0.789653996680092,0.836638658833327,2.38737702185815,214.784942235376
"SLC3A2",0.801462713244763,185.105411671264,180.032162936764,3.45892655211788,0.121645766809971,0.215218873629963,0.754399730933786,3.99064136589423,180.062031108712,0.219759179791377
"SLC40A1",4.16427358331055,205.841195724924,208.11702228834,2.17320653787908,0.15873458152453,0.552691778878671,1.45242838016394,1.90558138833996,193.958653114524,1.31766942801413
"SLC43A2",1.12898619452561,4.3029229293909,199.156037711475,1.20093261928459,194.924873462239,1.42400273105664,0.573228097981404,0.488697472427288,1.15560021375519,0.167203118016482
"SLC44A1",1.59713544064691,1.0226662730517,0.0608622742929881,0.368374310596102,0.218313592068759,0.279028471805496,0.702915915887693,0.961859903332584,156.38839321166,152.948892632046
"SLC49A4",213.317161013272,15.1894979836577,1.86518017783066,1.65080576740251,0.227134045091412,165.36131489805,0.609483504570706,219.184112886054,208.977016655027,0.427975264645159
"SLC4A10",201.829667649152,2.98448089904633,1.00209468889367,0.804891873778984,7.21186458894166,4.58263138745028,4.79366144603005,0.55881757055124,0.457457465419579,0.205668667328355
"SLC4A4",2.75708239614765,184.237919229985,180.857000288493,0.977363229304132,0.0905439363661816,0.191933386951465,0.362633228629634,0.473017840543481,186.049554415758,0.753576164824414
"SLC4A7",224.98178416925,226.134771393532,0.48953324041061,0.751704677215534,219.350002095378,0.436284132724404,12.2555833969637,0.727737294042746,228.079810971635,0.217479062260666
"SLC6A11",209.339233385067,207.415701540432,199.833371055172,2.73998126980245,0.105755531630727,0.279981228541941,0.649540260707784,0.547746387895281,208.34939325871,221.891244690239
"SLC6A12",0.435186933610228,4.57897496303163,0.451153531861593,1.71968756677549,108.279510521674,1.34751725299471,217.665305691864,3.43424835827001,227.796912191078,1.42485683069719
"SLC6A6",2.31453230403021,1.52193624457052,0.255399794457927,1.3434415366586,0.863312250245124,218.226287323437,212.758412906141,1.93477020215818,2.02224018536979,98.7886524018364
"SLC71A1",1.28587924434008,1.73611274771335,0.229810323354436,1.36279058045726,0.459112894459005,1.15896405919263,0.621792224706781,199.312402603867,177.246387522324,0.229461127937061
"SLC7A11",0.568790234033558,195.827297273859,4.90883288522437,0.355324340868544,0.0952039734800045,0.264870406897961,0.627535668347731,59.9239715094154,194.273945008519,190.618855840869
"SLC7A5",0.195274855069893,1.07993264818066,28.6220982571886,1.01683491804489,3.06522908834823,1.97582896927315,0.449636916554884,0.874933550328567,0.987583801626047,0.187539406146645
"SLC8A1",0.416233943310413,0.998627128261694,2.90254797954659,1.18654382740811,3.40310287792387,183.910379831482,0.776465707148141,2.74972967184358,195.097258628355,0.0700718718540077
"SLCO2B1",0.182922114089286,202.141612677999,1.04332885775891,0.934520860681698,0.541237861124019,199.036216160268,0.297246272186366,0.154878811551091,200.503804224239,5.2441661638655
"SLF1",1.65860189695548,218.570054272824,0.430231634929604,194.801021935656,1.26306952950052,1.04991458332893,209.173361121881,202.745996393367,224.564733078178,1.40035003087333
"SLFN11",0.40858700829846,2.02011249036092,1.92149407904597,206.268352978835,200.644978117843,2.56723062567928,2.44745989573951,0.234084645935199,206.461445145028,200.274149520254
"SLFN5",9.27324251305604,157.807552134995,0.29265243275002,5.75737511098215,161.949755017064,206.913638012536,1.2823479447477,0.612205843819136,0.811126677760406,214.000673683915
"SLIT2",1.02374642550507,216.243341264745,0.695383702512109,3.20544339428827,215.267808219961,215.973582844789,215.477199526317,215.962842402342,0.877567791694736,0.219308276724652
"SLITRK4",0.627370897824392,0.622597170170536,168.823194263977,1.43669288067889,187.875768313925,0.703497216236357,0.484348985709271,1.33737428417376,0.874802710834449,0.100591235355292
"SLK",1.38426892692102,1.72655115037518,0.375487096354016,0.77240161817416,0.293350731356786,0.663615641884154,1.32148612832404,193.198894957735,1.59392078466402,0.248953865029471
"SMAD3",0.962129971642649,5.67595078249643,3.21849311720351,155.902310632877,0.261340583231901,0.519958847782869,1.06443141054314,156.450496843504,156.397070746772,144.20921455261
"SMAD4",0.574729818412642,1.04442155281971,0.444961943975691,2.59890616374996,0.865895570168856,0.861637822045899,0.410380308816252,0.461734283737949,219.194893555237,0.642873994574386
"SMAD7",0.548760450474661,1.29173406059822,0.263514657517168,0.543390922916035,1.3188095626422,200.762446844928,1.61953640656063,0.450159213296799,203.209388189328,197.053111952855
"SMAD9",215.520166247984,0.520876701206894,0.299472781111107,3.9377849043536,0.678114855565179,0.523143285425029,1.13437201426466,207.49782720898,0.732527853738292,213.838568275975
"SMAP2",0.845254858773956,157.875116323666,0.464741485974906,153.700457929643,1.04601203687112,152.725121010489,0.641815963224844,0.375287739529773,1.15964276738029,0.136714287090836
"SMARCA5",1.43351325773199,1.04258708833033,0.164370182740087,1.06316766165301,0.219442016281667,0.589788366935582,0.896350000852018,0.349307325529944,0.550054042152567,0.261303551122738
"SMARCC2",0.417173965568687,1.538592845396,0.593901282342462,1.41277443610086,0.309142412532859,0.723594388812226,2.56292424638695,0.837604608214238,2.45626517604298,0.21823775667011
"SMARCD3",3.90379496470219,1.86230063620911,0.592058522517911,1.72881244036787,1.18410508967132,0.574327622098026,0.623910810909335,199.346002248482,0.700163506777502,0.141792715030957
"SMARCE1",1.25689111243863,0.607814471911454,0.398568911999169,1.00651059227961,0.418692379005695,69.0057388713308,0.475655824039859,0.444168362904031,0.779878038098623,0.407560200419085
"SMCO4",1.60855001941984,1.21205125002511,0.966178920620814,154.678166224323,147.640336320477,2.06256573270786,0.500575429626688,0.268732984470577,0.775837881901665,0.731372814676767
"SMG6",223.777213354867,58.493610697384,0.437729662939324,219.428909644128,1.21469024248076,1.128178073301,0.718041649798813,216.166807532236,999.826455339416,0.358119579077541
"SMIM13",4.85687327976729,204.541736732215,0.252535008764651,205.433999651211,0.709721444733785,0.728365683463147,198.296554707405,2.92557151772296,1.45177662572679,0.131877355925599
"SMOX",207.511260152935,19.5548649692749,1.0312333393796,0.565931162982215,0.313736577960344,0.500559305177279,0.590227537000041,0.326968680323322,206.373926814017,2.0607658425642
"SMS",5.27450437668581,197.195996196952,3.11723604661891,129.809278222871,0.481494040277222,0.552977857191661,0.43639744044179,0.504005549619279,999.995932892289,0.130246775186031
"SMURF1",4.37269446814812,224.088881935318,0.309177702756773,0.844861765447981,187.383983866684,225.288529697503,56.4024257169133,0.856209537745395,2.7261200562679,0.334025775097178
"SMYD2",1.7606843699298,3.95800555524614,2.23736507103596,0.919149298827804,199.507133034893,204.442209456354,0.5754687036675,0.608900173292365,0.376985005002479,0.207654318554935
"SNCB",1.28227384767891,171.530150201765,146.620871118545,0.401935402454186,168.163330903087,167.360162887228,1.21873238102847,5.03751338711953,0.223505270868132,0.0570358371542828
"SND1",4.90228801290766,194.183307563136,0.419599760711066,191.542927936576,0.185026530626481,0.604946245352439,0.925772786855771,189.740427774572,0.776882610936077,0.226003260421298
"SNHG12",4.49257518904245,1.30156989801263,1.4416836065901,1.44171649461672,0.570817598467719,0.993838170373058,1.09124550725715,0.732498304309464,221.053563676216,213.261579507473
"SNHG9",0.583811346520822,1.18099105591806,0.762281970405805,0.502405868905653,0.414243563470853,170.455501718043,0.456520580893085,0.507529073019829,0.991185899485951,1.66713197337436
"SNPH",1.42212619952889,1.59117158016026,0.425181316222276,3.45682177849128,1.18478815903682,174.525117533056,2.38418375127238,172.141136180793,1.6604435080606,0.135678261834682
"SNRPA",0.633852355689795,2.6158037157308,0.729164286579644,207.835951903248,0.84525067579818,0.709756033010992,0.751909512810597,0.947162364067792,1.91186212782761,0.393649720892672
"SNRPN",155.074423435843,1.20958286370988,0.192649008306191,0.514501334061429,0.297952340991594,1.23820050662684,0.264107830711501,0.428966341685325,0.276687496650225,0.046362505359844
"SNTB1",0.872571586534452,0.630543741875585,1.12729057972845,144.651807506749,0.489292426597018,0.375937335310196,3.15356278130485,212.423511520669,212.958027130987,206.931952531182
"SNTG1",0.680342198573042,29.2330104361043,178.67157386835,147.344482240626,0.60226860798897,172.795726355375,0.628404501347297,10.7737452095514,0.564563180353775,0.420786687370052
"SNX9",0.555912274888126,1.92390543154992,0.230482804901916,7.87500751385756,0.936325187846724,0.445794992688502,203.220553843348,0.928048035199938,1.40435341692033,0.572748723295694
"SOAT1",206.995690915985,0.593389998798774,205.444202773203,0.555610835103898,0.511258274057699,1.94561123579021,0.293308282494773,0.241654042227465,5.42979940552612,0.717111538832347
"SOCS3",1.7041076857635,16.2262863388241,195.656477341285,201.459222644729,0.200788168889983,0.582622237938815,0.715857366961635,0.647186215341113,206.923329994682,0.859815019111905
"SOCS6",3.03714015091176,1.81567653836764,0.52513192926393,120.214628942603,1.35238544185739,215.192453740564,0.427046959533064,0.248222407239888,0.746476489265126,218.783499930152
"SOD2",0.327052928715739,0.545762575739275,0.376476588524605,0.306196223954712,0.174858219474978,0.346804860723323,0.235859177182921,0.283613353263105,0.503650888023287,0.0825632098307499
"SORBS1",0.571731344013836,4.66383414964254,158.728881995857,0.342314359141456,0.134548429029208,0.300328946098782,0.309436231707565,0.38458875870677,999.99828271957,0.710319247870666
"SORL1",0.748274889417942,169.053459476652,0.196691257956702,0.334452428003345,0.180513401222709,0.317171792397588,0.245635067186623,0.185386314319491,5.60005188974415,0.192556497665507
"SOS2",5.71862093575427,217.798330065429,0.210379831811159,1.04509560281061,1.18245541880176,215.730201090531,0.41530215321532,0.692405746422655,1.05798976694296,0.412415691587796
"SOWAHA",212.797380557905,50.7022104350078,0.216416450315368,210.687861942795,6.92427397522284,206.037213011491,0.567152529953558,223.579787879239,3.02092878889555,1.65681987893865
"SOWAHC",1.8485110865544,211.752919481223,0.455203579010031,0.977912357679173,139.717142605527,212.105897659862,210.726605373702,0.337612972778435,245.992818184832,0.344430179401976
"SOX21-AS1",8.66875909925277,222.85652039615,1.05911658799871,0.903345776228141,0.588992524652197,0.977812728837897,0.896732213518261,210.790275857652,0.341455104278075,206.592163171725
"SOX5",4.51085324353864,2.03210266203682,3.89349782649409,211.832460155156,0.29846582448253,0.568701171579432,163.583534940017,1.62955316321448,218.398621705432,170.107094193718
"SP100",1.10665045306225,221.220412589367,0.639134856122868,1.95576183747765,0.645848432885701,218.940352483182,0.643673435461994,0.585453676253978,217.175517670528,1.26343065234549
"SP4",201.081204587788,1.45254422843005,0.450556802586401,2.72085643494296,0.604508866132718,0.533114821820938,149.743419526946,1.70113506758594,208.378346127594,3.14835149939908
"SPARC",0.116036824272771,126.566526495249,0.101496530572479,0.23204977091969,0.0416638502602008,0.0981027894211034,0.129769968512332,0.11226022675366,136.608157686948,140.090386124577
"SPARCL1",0.216836227905458,0.394002698503243,0.406924381299545,0.179258194652336,0.0351721359332464,0.0741897445769156,0.145366166391186,0.241466611164493,0.687399967478303,1.92376046045502
"SPATA13",0.792693882816501,204.222327716428,0.192393915181244,8.59980117703367,1.62617836365047,206.133169238125,0.552968559055071,0.370104589528268,2.41864707550068,0.41145293282619
"SPEN",0.493511107951427,0.501822153595428,0.499656533587173,0.777259977438399,0.655620026463509,0.93757422034016,0.829012328122734,0.351392691965364,0.836716451928539,0.692584772632776
"SPI1",0.746080442794885,216.748335717258,2.04960656623341,1.57415885473029,3.11018197137101,0.744942943661833,0.362796828872989,0.166679166129048,1.24153148635555,8.65121259740244
"SPIRE1",1.24105716662512,1.49595831917005,0.213236126238497,0.564390809424009,0.733186638841702,0.886121910751565,0.592805957509645,3.65077364779528,0.451443692300197,0.244214464242699
"SPNS2",154.577226972703,153.863941502223,0.234112475807382,151.647506937218,1.11651630290396,153.818476683889,150.062400061104,0.418315001101366,0.843605280089277,0.507261295857255
"SPOCK1",175.240186914899,0.434416124212884,0.115380953871495,0.460123660898063,0.370914118263089,0.4864620487645,0.681461714797362,0.324417075815706,0.266306724691488,1.23176762043689
"SPOCK2",0.796194574110888,2.54303506027939,0.811675355664945,0.356055643674449,0.341102431813692,0.267839945907237,0.26295780004026,0.363774466975075,0.471178597192963,0.0716360273363218
"SPOCK3",2.00223852053556,172.115066613347,0.0901370007246879,1.23719612856656,0.937517583193865,165.762420861847,0.52685357956631,0.758092388891931,0.50547727854124,0.0791992066254116
"SPOPL",1.37769353128747,1.20232597501612,0.257421685239408,1.17290372615156,214.504502307231,213.671812717468,1.09248413276445,0.522106388624324,2.04841617135761,0.282168185739273
"SPSB1",2.32078266858481,2.72703465413295,1.56161493803731,214.964131743829,0.450865555574495,0.747938986787126,216.093521825574,5.26577371091078,3.21370654898936,2.70349469398998
"SPSB3",218.901976612483,0.804773212929805,0.399051438139752,1.61694942645452,0.720488658519012,0.991395607575745,0.823282758342991,4.22211841479181,98.6503942328664,0.495787686015932
"SPTB",194.254167705069,0.739151797674674,1.83296011419468,1.55227824802109,1.27001771806116,194.362595664094,1.48367159857344,192.991507509569,0.476232376954775,0.169428457091508
"SPTBN1",0.257610603363202,0.762549486276383,0.292270306197359,0.377711263945984,0.153031403360146,0.181498025983863,0.285760258546702,0.350871138184551,0.839699650715741,0.0569880939884141
"SPTLC2",0.483218983970243,209.188237495025,0.14966650094181,207.778261591461,1.46735408815738,208.857152860244,0.808393014047211,0.455164097307898,207.29854993203,1.04883488528037
"SPX",0.350669818568462,0.777162855641288,0.954255989225466,198.980806186236,0.234831882914395,0.519009690817336,2.10016519820365,0.615505846198163,197.894598061145,0.447583172626538
"SRA1",200.625563232113,6.4491122348717,1.31400173474343,1.2071330446282,0.383953186579499,193.209698657045,1.61615963723925,0.502851736684297,202.057591335431,0.15858414130001
"SREK1",2.97764105273052,0.590100236675978,0.453271520007892,0.4161509133193,0.446086316400504,0.814704696435688,0.745343846329047,0.576675895447395,0.73178595684485,0.316761731790762
"SRGAP2",6.74442911137043,207.937248522911,0.817155563611236,0.535483063633451,0.558072368319732,1.04049467894835,0.454866962061273,0.236652202332746,14.9462385235418,0.356114800435763
"SRGN",0.160340991448473,0.706561359359811,191.79846702325,0.746891062883193,0.49768666843564,0.814659131397652,0.291835689562229,0.113318818912223,0.61959989338664,199.722796384391
"SRP54",0.648711752719859,1.75533565332063,0.289980342400786,1.19701014840619,0.44200879743344,13.5959764294587,0.618784565379527,191.086015372755,0.616592921434652,0.207348801782677
"SRPK2",0.761506594358428,0.733863251333547,0.197013324250375,0.658140304165355,0.848255510994515,0.678794247653154,0.548428201980603,1.09602085942215,0.572568131846202,0.0730650969527543
"SRPRA",1.86612384006928,1.79806030366293,0.359856037566564,163.058526483393,2.43829569395726,1.43725769609961,164.058681639671,0.567552625743363,0.727143843432866,0.214351195307752
"SRSF6",0.549589753602325,142.045000797199,0.223118589706114,142.86570443217,1.65223529561282,1.82360527279364,0.68132075132398,0.741490620247543,0.835540815412087,0.262270740764212
"SRSF8",210.390445665481,1.51566009886064,0.797799455221555,1.23721698415007,0.383080708680908,0.496397126814316,0.555412249203368,0.811496618808426,0.865345322869671,0.207476785661587
"SSPN",1.12853613406828,3.99776661367956,1.58738718835324,4.25227895414015,0.150653444774272,0.199552535622502,0.348148175379295,0.362789641322569,308.435500248227,204.97297334434
"SST",4.18198447666067,1.07573259854384,0.222606557505097,199.500423096953,200.02742212879,1.80733598050267,1.74909283791299,201.289849228545,0.255654099101359,201.172373222724
"SSX2IP",1.18968504673636,209.814254971029,0.430466950586462,0.648334951215709,152.644773599894,0.882878554526846,4.39412488097347,5.36157159776984,20.5838387300056,0.180424793366012
"ST6GAL1",0.5754923476068,1.82198438820666,1.61874679119185,0.765253687321985,0.466392166325596,1.20517142291184,0.381514150041261,0.152163743839216,446.309655674148,210.087054027375
"ST6GALNAC3",1.20885282214518,0.691518150897123,0.328701412351668,214.763044123357,4.28371191980421,1.83796116665657,1.86976585598751,0.693939045292538,220.32234102513,218.379629602542
"ST8SIA1",36.5047243255541,19.2143083427943,0.591852860250611,0.652802315729345,0.495555788394896,0.380591419381553,0.833576344954013,1.00255652928509,0.585837253590806,0.220666378604581
"ST8SIA4",1.67232561395734,0.892137206277762,213.624804462868,0.862482868049577,211.124362803596,219.293364073174,0.589981587983501,0.244738932752011,0.933822453785662,2.15088889858614
"ST8SIA6",0.57037378877446,204.433202803177,200.188878952432,11.9060141460167,200.21443213006,0.866843971710901,0.930281821486571,5.97745812586373,1.50599048833633,0.102467393513787
"STAM",2.36739070709611,0.812681687462233,0.28077062479285,153.200447542602,0.775791883154817,4.47886079361888,2.51249673444964,190.179084325565,3.91155344903234,0.142834931484663
"STAMBPL1",18.3254981281114,1.21758127312541,205.640806344038,4.68530930124932,0.342750230241387,0.37923008568774,4.32348539582608,214.180693370066,0.343486390115234,216.455538333068
"STARD10",0.774366461176143,0.611584084417483,0.248976204388173,216.312352760168,214.567435993356,220.625704757788,15.8081908830509,223.809345730484,207.852796495965,0.185325546739876
"STARD13",1.18186918186393,0.741506303795046,0.341356538401084,1.37798174704215,0.365515106123873,19.0542251361017,224.431586041195,223.08129406673,225.848345587976,221.125577665762
"STK11",1.49805074924711,0.696853426915615,0.653664720493217,1.04782109678554,0.324512895948214,160.273732704028,154.00002322395,1.94214482711527,1.23849915972277,0.305631977432942
"STK17A",162.840274803226,166.793605617627,0.657248251264962,164.653403977431,0.373543099816536,164.185702260789,1.97564780288268,0.5574888799633,167.509331861525,0.563501755578371
"STK32A",3.07528061936297,0.674165157566611,2.10889195535933,197.612493641469,0.288080611455942,0.951473728029365,0.345522201434478,1.9015672905922,0.697150164985865,0.647363094470011
"STMN1",66.1602231177789,0.636913672020727,0.0399412705452765,0.378126577340981,136.554816826548,0.330833018717399,0.364035256239604,0.559873952942859,0.588785625704937,0.056810283463266
"STMN3",1.86781827335187,1.5642018007232,0.937484768398366,140.792558092501,1.54715590606694,1.69310169514431,0.552757129661052,9.89222023278112,0.210341826683157,0.0533048184512478
"STOM",0.236932890105459,175.586810936837,1.31256780055306,0.941948455868426,0.0922193764854623,0.213319931869395,0.303422422908481,0.381944283445276,174.215720368295,168.184862254644
"STON2",0.385378914209007,1.19342752035342,8.83444686796186,1.75175645485856,0.912879119749994,1.19558037596568,0.884213356746498,0.596289664948498,210.123214089748,0.332633871690083
"STRBP",13.2954817530382,204.093158195312,0.428713160639107,1.10895361633753,1.92318894819854,0.918728424431098,201.794712307515,0.856446240319228,0.447855860168298,0.193670742219883
"STRN3",0.732732854912718,209.472685778619,0.377769693133399,205.007773612264,0.501246070878903,0.443680681985123,0.599593328885546,167.129016984751,4.35974576160579,0.299311702410045
"STT3B",176.126533534533,229.341379180825,0.697432258126183,2.00925115208892,0.329403104764906,0.845361823716368,0.35376130902663,0.309206430128415,231.637932861919,0.163983184861631
"STX16",188.04230515819,1.35501505518946,0.398982502043666,1.26902415887667,0.273408847759875,0.767811339889054,0.556807036799389,1.46987090947286,0.522810330059543,0.214817898237656
"STX3",1.47092808739037,224.091661688808,214.776335679928,4.42076858410543,0.593766014914405,4.55223379524639,224.365326100143,0.717691854631384,223.964391343477,0.432796342233926
"STXBP1",0.503306743926786,168.141922479845,0.691409216670969,1.0488607210287,161.920992748113,1.78068241435031,0.271863776305833,0.961022897901233,0.332796187605895,0.0367124127390197
"STXBP5-AS1",2.40622615258862,210.673433058106,0.909414087385209,203.687042215951,201.019588154177,206.545329810954,0.830868801858426,201.242036497652,208.67067723166,0.162350370251885
"STXBP5L",200.620061087076,209.850588115968,0.812251290344401,186.840958137088,12.2727316393863,10.8593310403204,1.11702818988793,1.07504510039039,1.38778327299985,0.157168072066923
"SUCLG2",0.705910448095441,0.556485569328321,0.840470853974343,2.67323602611835,0.300907645207099,0.471156140920482,0.465218104426644,0.364126368308897,1.77013862224299,210.317808193939
"SUCO",5.51307742023188,200.90548890997,0.312688263208625,0.689343981611725,1.2782696967252,0.404735742469937,115.970933363077,0.718308578267333,0.91583212184671,0.524854657081821
"SULT4A1",1.56979227097165,0.539510699320405,168.224033416292,1.03701486573166,170.581347095876,174.032733869645,0.593880596132101,174.260911424266,0.705319380271863,0.0504305126883542
"SUN1",1.2510741221018,1.08904490615477,0.310221103924694,234.372961542089,0.654818356899754,0.885060366286092,71.5224744816034,5.10891451670973,2.4474708131937,0.447579497246764
"SUPT3H",219.233443517265,219.165878363002,80.3397175110879,1.51119586546698,0.275795487838087,0.355311678880359,214.047549737907,216.497424300187,215.592381589871,0.725154528497523
"SUSD1",217.983454935589,6.14328981072476,214.630379577303,0.682909882167625,214.809023430404,4.90653072313219,0.832712044859881,0.41395724647073,0.567999538963137,0.196425998122223
"SUSD4",1.72743598620077,0.674498911630819,1.50449922447108,0.54112311285559,144.957622221379,78.9266221474854,150.452529563003,6.73144423103116,0.387443138713559,0.187248857945128
"SUSD6",0.440015913499037,193.218259411426,0.842257040441472,0.870490248786926,0.315230923554994,0.488519920735341,1.41698830485708,4.00710560925986,3.22899356389873,0.659559264580506
"SUZ12",191.848032641984,0.506371578344653,0.378823269760832,4.53058248671877,2.12835603152997,0.533014615631144,1.66673497785199,0.472488618293398,0.887100503280515,0.202410632713241
"SV2B",185.132640160803,222.325494172027,181.823340987638,0.543703156695885,182.731833967809,0.794979843024238,0.80915862228028,199.60062645286,2.13649111272003,0.052716032261104
"SVIP",1.17073316441381,0.985386320047719,0.0734403280550665,1.44509332987716,0.633155519345672,1.49111174857569,0.532227950723477,14.2047411816428,0.424911964158355,0.197344484054985
"SVOP",0.707527612607527,179.913511498944,212.943928929316,177.81379999733,178.134480757872,1.4773092318569,188.022544926972,43.2861148537043,0.681988156614771,0.133673558642664
"SWAP70",0.952635505454818,1.27052478710063,0.504065668693561,1.02248519607644,1.10327993867428,1.0626896710556,0.453461367744778,0.587072983706816,1.24384001120546,0.325764399892682
"SYK",0.985142195629987,0.517238185658477,2.60961509660432,0.778487042923205,206.325682274052,225.889740756192,0.397625980375647,0.30064032879073,2.44839267040844,222.158103162698
"SYN2",207.236381155064,0.803812781126929,0.464023177257619,204.628838608512,186.57609200104,202.075574887124,0.74466274538893,0.41008772979306,0.250555548688882,0.190725161836761
"SYNC",0.966854414700244,166.740424536592,1.39231537193638,257.193591924871,0.252657331339968,1.03506005935347,161.819023290247,1.12559202594566,7.56955407847146,0.676216458410374
"SYNDIG1",213.609764662818,214.73360328225,0.22641661115708,0.765218845882289,211.746679155759,0.997783851668589,0.629060017894876,0.423122901629613,0.486617545674605,0.777328644733107
"SYNE1",0.482421565670375,1.10996254649294,0.959139392765228,0.557431538032617,0.257335719812883,2.23298394620243,0.56786817174083,1.29343791766665,177.70325506025,0.140560402986119
"SYNE2",0.374088352732547,0.748634084394688,1.88088041936951,0.72605272681685,0.9260368310371,1.83632184430869,207.363049519133,0.803917622832183,207.770905359194,1.27856567473124
"SYNGAP1",216.863137580035,82.3493273574141,207.410187545571,0.942493750393094,0.609721473002547,196.056353775942,17.7931358936817,1.08188752622499,0.751249003349518,0.358502152570301
"SYNGR3",169.606696552694,0.632508894702767,165.956374697225,1.49082557651704,9.01462203328352,15.304811878785,0.394239531190665,166.968533174129,0.556460935817591,0.0457306832807176
"SYNJ2",1.42428976103186,5.37408672131519,0.0858666919899051,1.89375260676267,1.15241615857806,2.74466296469304,30.1651982494162,2.93216464261522,207.256877057669,200.197654452698
"SYNM",0.350175645087377,15.0068594871754,0.189862199697615,0.745205661980539,0.182452147013494,0.413587944694967,0.565929860636273,0.449316300356466,3.14413027871325,0.7436464965319
"SYNPO2",1.44539794141002,0.733486785943279,200.434315419971,0.66086789955866,0.226171289885064,0.935013791261171,249.827567617934,222.746628017012,2.60594024156719,0.418843501292562
"SYT1",0.553864664151482,138.993528813075,1.39433007472245,0.379292044272655,1.87104214063267,0.680527105522459,0.259118765781138,1.00152744868541,0.253842848945481,0.0272653551630451
"SYT13",188.606985432036,220.124600440687,1.12421318694101,10.3295557561797,185.822470525252,189.036316150748,3.66456501034522,1.1508628808385,0.547484784202421,0.0776060987320201
"SYT4",0.785986460303269,0.846926328540024,2.66466118399074,0.672458875583273,181.416363230594,0.746643769520253,0.333922523157323,1.68986179216495,0.322952439039038,0.0637865606006062
"SYT5",214.455190697749,3.06231159361075,1.68671185254366,217.130350648121,215.543062109279,222.150156796614,1.21409533686788,0.959489644723073,0.774774707283592,0.153947227761845
"SYTL2",196.440288376294,196.098984903002,0.400495645047728,196.372555848379,197.316656470305,0.666731462112598,2.47940946490167,0.871770010208758,1.21732455260934,0.158125588335794
"SYTL4",5.3491321139076,218.493503690422,213.348789860173,0.627493199248734,0.234201325052068,34.3233476196698,2.37858000872378,0.852562506200548,216.218624947197,216.166038958681
"TAC1",231.418471238088,165.185471044921,6.56512160798275,0.6181907902686,41.8718744898015,228.580555163136,0.848969787984915,0.52462400219591,0.691926807445346,0.143137211858579
"TAF13",0.942989821131213,0.601335481814916,0.37635152801034,0.462405690956941,0.788970770445529,182.029920365001,0.531919135900103,0.33157713404497,0.901363689715157,0.138702809583779
"TAF7",0.574370888206484,2.16042055543826,0.304589881770176,0.742114927484714,0.579239725600642,0.464768967757278,0.484989737231047,0.473491556333024,0.453660664073827,0.132007021958512
"TAFA2",216.609951240826,221.301526890021,0.507164751907775,214.200690394058,212.244860272565,220.51051731025,0.871401472825566,214.850353600647,0.581899167337067,0.175492306137904
"TAFA5",1.82376380720902,183.031826878867,0.290151481862908,6.28922783525304,0.329597468099866,0.8857824059163,0.852192687405209,0.647237572695841,0.640973437932908,0.215522280746265
"TAGLN3",6.08688957035635,136.717648988498,125.719713267208,0.526632356773497,1.9089125912569,130.218922966553,0.400466219880424,128.341608593849,0.488107195732798,0.0401394791101348
"TARS3",212.524569260416,208.668193095329,0.184493066539268,16.1023090461596,0.860905408553586,0.501527229051109,0.593205960025157,0.443285001673187,0.930351931276392,0.320317986962204
"TBC1D4",219.063237137386,200.066139140925,2.97233616179158,213.787001178575,0.73243442803331,213.658183776899,219.690405437568,0.434149577874203,3.59954871172391,0.276836671796694
"TBC1D9",211.822343462011,203.012073200304,1.74966183085428,1.42446359418567,201.39387759676,1.92006079371739,0.423656562850573,1.4725063606875,0.566236799874118,0.0803547996496277
"TBL1XR1",0.689840023922934,2.66992520467865,0.262865966959202,0.344762219784184,0.858016244667983,170.176970576855,0.489421967395262,0.437681149665697,0.499671588441427,0.143971204062922
"TBXAS1",227.039400090663,2.74972041663806,0.65996746198222,0.9469461280808,1.08164397070233,224.825799141196,0.649107539594945,0.230586127922494,2.43177521794916,223.280092990491
"TCEA3",1.37116890427019,0.545656138009079,3.59324095668332,5.61818918568291,1.10477138341032,147.433551499253,0.578873745691296,0.911843471829969,217.432458088506,0.765740855234002
"TCEAL2",0.545754668808543,1.75240916890935,0.275803389036928,0.695533843759623,0.454386703514617,1.07440150812715,176.287406894979,0.54911157657046,0.326097378198499,0.108220369727005
"TCF4",0.245721183154032,0.676105622305754,0.234472800393324,0.323975818441014,0.271588016926134,0.450257631186083,0.389183318129418,0.615405746565491,0.820803195342916,189.352180542968
"TCF7L2",0.962317425738897,215.148409410284,0.749587738251637,212.022833749143,0.237456679047638,1.05300491817507,0.775763847381411,223.094520532451,2.48785901452082,1.26380827209976
"TCOF1",0.94947973289211,1.59363265964322,0.561154521390248,1.67561338461876,0.829495357466677,207.589795654043,0.576607109958415,200.218384137761,0.992403756650601,0.233767088557169
"TDRP",1.49509219706717,222.757088855476,0.800271466065325,223.90356545868,5.53347335666833,244.650353841337,230.291214054435,221.603615712797,0.414098635420165,0.237219540590577
"TECR",1.00840718754069,166.011515211173,0.142429861834307,0.502124832251535,0.32011976329314,0.618626095676554,0.262630047376578,0.346272933026706,0.526767066415331,0.304471936340216
"TENM2",215.56872569883,2.01750809979214,212.804327738971,0.808337845750449,0.332951462873186,0.879860776968395,4.98022907042262,2.83020083439451,0.585303583869074,0.287313946443451
"TFDP2",1.47776552580279,1.79789502374818,0.538345433146384,3.28527463827213,16.5609611698601,0.622246223297054,0.46469415330431,0.705323872275226,196.143894181717,0.190877724384378
"TGFA",221.727604240674,1.17348163518245,0.147595830255447,224.051781623476,207.509127968202,1.22077327607095,221.649505237335,188.623362778873,43.4957270909596,1.52463331020476
"TGFBR1",0.622009272170783,213.446870911171,2.50103095318734,0.752993165047804,0.608111303167602,0.56455031730222,0.31546436418185,0.164637928103907,208.420884974671,0.316543279688628
"TGFBR2",0.192317931351395,209.013108993628,159.817285041788,0.758334525138869,2.60302000735359,1.47782836061503,0.34755926041345,0.347019286765628,210.363811862172,0.232687105512632
"TGFBR3",1.14283298121083,213.820395063594,200.512133960782,3.30582672559675,0.153280907286232,0.317895712353011,215.378811292055,2.92705215119839,216.456375411577,211.584106666154
"TH",174.116902008049,186.810645830463,176.422308265999,177.403436832277,184.103120908902,195.767108873906,0.345713864232249,179.484524852758,999.999999737724,0.0379878274901446
"THAP2",220.821887315136,1.05924527537497,0.268534532089747,227.615273575677,221.268269764173,3.70207525458376,224.739029051374,0.302558652136093,228.717125774456,212.501018448056
"THEM4",204.217370520799,209.191909082141,1.39884423459754,0.906360990747725,205.116593412998,192.911660988688,8.09365418570392,0.395394997303151,209.505569597977,0.201043270364427
"THEMIS2",2.67422248287661,154.262134995189,0.226928637733511,3.31862255926926,146.125024386716,1.08901107029114,0.738482446431192,2.1710913101744,153.779687975903,1.06395562941189
"THOC2",0.468964716925823,192.713299788064,0.290572683658941,190.048111853622,0.820773997629661,0.573743705296467,0.390238883810039,0.678992399281121,2.97591222341899,0.333838518764112
"THOC3",0.518160518577334,1.48771705549257,0.622594319493072,1.33173608871215,149.336646539759,3.56889860758532,159.132145445632,150.806775881803,0.712573244022383,0.280506709741701
"THRA",168.161330729367,1.32679782571268,0.203388463092944,1.10975139256732,0.174563416633048,0.87700305773103,9.36767270874437,6.00661601319682,0.684072584760784,0.20518187867712
"THRB",216.185059125354,0.455331284551473,213.774028241901,215.581121498808,0.5125788910412,0.484075623406944,0.97894980385722,1.30634393931927,220.812113940629,0.448984631078957
"THUMPD1",0.644803695594732,207.362830405884,0.476031241438791,0.5158793427106,2.19691420091569,110.454630680877,183.811658462337,0.48187476569929,207.143423715218,0.199044354694872
"THUMPD3-AS1",222.950657798918,0.96654411214327,0.787854589037425,0.822794380532642,0.559318613269067,221.429758044603,221.335267216876,18.9733878593328,0.812145751074199,0.433969098756386
"THY1",0.929861119566964,0.97620317739054,146.472266121686,0.531287910908808,1.2275170631397,0.954168802131344,0.468437855655719,1.61922303047145,0.219308463604854,0.0358042662534503
"TIAL1",0.394766791329277,1.15825620908274,0.635372747481118,1.41866507332584,0.446014882835405,0.620889369623665,635.521603841939,0.612356089228604,0.489716458333721,0.271676934166735
"TIAM1",215.816736994437,1.21498479837282,0.892850018032093,1.2568944853623,0.387830098312538,0.523461940955104,9.2538738223751,0.688207648233153,0.425600068030904,219.559493748245
"TIMP2",0.760666057668581,0.427329126465568,0.0856417293908609,0.610016733999513,169.703114275597,0.873095490466034,0.43954361741778,0.243508285028856,0.21359028400566,0.158488500575347
"TIMP3",0.197034366354323,1.06622078222949,180.975377859532,0.465890401127622,0.122248680258839,0.335705808211719,0.361937933552601,0.382648518317042,188.270582184642,0.690548215981934
"TIPARP",1.08404731601555,222.819082073466,0.321311430480692,1.31792797438572,0.303962709175604,0.545033923320093,219.928943481673,4.34428044578822,221.65874298373,237.524716831216
"TLE1",0.538979084261242,5.69315900344928,0.37503988415432,1.94335347556717,0.532270184258751,3.30803100697053,1.02123590067863,215.854136927621,279.85444983789,0.448045197908176
"TLR2",0.896047750277679,1.31290651242727,217.035222804255,218.676984969671,3.60880761085705,0.38723201292403,0.472894996790483,0.3036298329848,224.801511968982,1.08507577631298
"TLR4",0.906262059911116,2.42195633892093,215.164834885862,193.255860055024,0.256664927526071,0.84372725314365,0.821691886503046,0.396389362276796,2.89013083274455,399.634925789093
"TLR7",1.2216066307554,156.826319817571,150.132794331932,0.565307615567529,1.51407516069381,157.181829353704,0.458867110506718,0.278047961169223,154.743244322566,145.783205437985
"TM4SF1",0.123114456164848,15.5895704953326,4.24677334720933,2.79230458797246,0.313273219320724,0.468478555358137,196.790173044893,206.341261476295,195.372358859834,195.344368219699
"TM6SF1",0.708486013372352,0.642541239850685,1.18319548850715,199.09250866728,0.855774266842693,208.341669672548,1.16136169130086,0.384504989037946,0.359603915745843,216.097204685566
"TM9SF3",0.39008067484651,170.774674232759,0.197493459349765,0.959034484151029,0.28642659847952,0.275382075133484,0.321982132602204,0.288088827324846,0.614930836716903,0.18349433929996
"TMC6",1.41410817317236,1.70201081597269,0.115594096234919,1.79694571155588,175.157130066724,230.153545152939,0.454787523055773,0.357962044540395,212.638517943044,209.725406356118
"TMCC2",199.376107180892,0.855127584964227,0.190840017367843,187.153175906269,1.31222409737079,200.65077016798,0.635769166233267,1.10518093638604,0.38771751453529,0.17665949683294
"TMED3",4.11968949382365,2.32566135666485,0.545447183911305,0.536674379628356,1.05299806173514,2.29097260326466,0.695508375595265,1.89665536567936,0.783564026886655,0.175436439739901
"TMEM106B",198.175677060501,0.528803405837164,0.17637503430877,0.529846920489496,0.23416427770391,0.619230763083143,3.176873165235,0.736512830450024,0.698195505442598,0.204262004900789
"TMEM106C",1.25994914485658,225.475784862082,1.19578382259752,1.59550277572056,1.46576303990814,222.440852824322,0.835352403355476,1.21561137889926,0.974598526101079,0.221624881838104
"TMEM107",2.03783239362001,208.718225480383,226.758764310751,2.52868763588462,3.37373287303924,1.02828264086206,204.407263023845,2.21596644359668,204.029966746981,0.23450168210481
"TMEM132B",0.569607831691388,199.260786629909,1.97715084400445,193.976180212895,1.32034624724245,1.18673271090476,201.785608523583,183.508235524736,202.246836503788,0.106636432751602
"TMEM132C",228.283568164295,1.93607331692457,0.469285103911299,1.02011765093776,1.02027718911415,223.784721715765,7.52244221129806,227.916701541259,0.360210459629705,0.341777696684219
"TMEM14A",1.45037579717469,1.46342539151414,0.31226002543437,0.743843188440493,8.01557846426218,0.946414377572925,0.404152924169583,0.668914055794628,0.284639799545293,0.116422617623199
"TMEM161B-DT",1.42469428584443,0.613620699539396,0.711331313631022,0.732491629232619,0.50628138217747,5.72859572786227,1.13786099693122,0.904133721112856,0.489449409178499,0.277231350578522
"TMEM163",215.703685865807,216.590102749505,0.634865417918202,213.001236682343,1.1603836270125,215.229109960112,1.60758531697519,214.679727584129,0.64687451137172,0.40542730486035
"TMEM164",210.549386085362,0.671948564400157,2.23168385922454,1.79285189032224,0.737174846065549,206.791304948841,215.680902772217,3.31385406698365,1.37070115441332,0.247226244680253
"TMEM168",221.149939244473,0.443883014264001,0.305289013608245,219.531949970085,0.652797844137223,0.933246794862823,1.58056090623657,218.894680610591,221.668848018622,0.54303416945757
"TMEM170A",205.205550039107,0.827588638886845,0.557249646346849,1.08770201662924,0.384616532872653,0.279920090123494,0.471285224244845,0.850842028122151,206.518536857831,0.665805733123283
"TMEM170B",4.32184476851258,4.52553585292101,0.350562064565796,201.398680666425,0.81643867018603,6.94616277870981,0.967466076499955,0.677784251115258,5.11366510778776,0.210894854065352
"TMEM176A",0.876226346623511,182.587624254375,8.72584045055419,0.94694234625507,0.153213516240744,0.337245603905154,0.469016169627806,0.432922820437232,197.403127382704,191.078489445732
"TMEM176B",206.767888170988,205.660978096317,4.37306026787638,0.58522691887593,0.177094918880595,0.645148812755479,0.229482280761867,0.236641431613952,2.67766290860244,199.644027237078
"TMEM179",212.432113043391,213.241971106816,205.959004246801,2.14177614653465,200.028467102218,0.799721788544443,210.030670424297,210.291862828905,0.54686227243138,0.111549948222049
"TMEM205",1.56390448854245,184.97192464004,0.30373363312567,182.008178571079,0.237166516445207,0.818853471175389,182.641578974087,0.488783712745587,28.0895936891561,0.169882847397415
"TMEM25",204.869098149554,0.473847915242479,1.51910257273817,0.736511371473052,197.963541640394,1.26055671029787,0.670119848326697,0.504784644521494,0.953558032469221,0.130671401434083
"TMEM263",3.58765283841143,0.813678361372212,0.317212045580171,1.07817615389176,0.541891688967909,187.675992667821,1.20212596212411,223.654749613604,200.40816695772,0.174652970502684
"TMEM273",220.189753718001,215.699897134105,0.289431267896126,91.012297366823,0.402375014049769,4.16237666074131,20.1583399803562,207.179986408001,5.13281608685762,214.739847202776
"TMEM63A",1.24630030454357,1.33649481444575,0.10711828560461,200.564388089977,2.53939296410344,1.98504159707491,0.971599127013767,214.158856382263,0.8469828467556,208.506680380094
"TMEM64",0.736640563134694,0.663012676596644,0.325665335390523,1.23809369321804,0.812459355390615,1.5414328578611,75.4693605192567,219.336753917408,7.83987682323286,0.415875148322478
"TMEM91",3.57339921667661,0.914938111294245,196.874688245867,198.885124661731,195.023171566036,200.593464379763,0.601411401169044,0.59134343879578,0.257913286648053,0.321921206970383
"TMOD2",5.84012576959124,156.034802851319,0.307701361884871,0.643080694937386,0.265883447149655,0.446603170712336,0.303366146989862,0.375191858535077,0.451753097475712,0.100405427585889
"TMSB10",0.101709282261887,0.594868895930826,0.194043066508655,0.201906625808323,0.347442071233913,0.644013542671362,0.134975811010657,0.077084369817502,0.235419687700252,0.080642020576162
"TMSB4X",0.198519303870565,1.47429560131664,0.0579623758895841,0.139172582812859,0.108813369325293,0.129957339510686,0.101640871454063,0.0526639260881363,0.270443476385518,0.0775659752031671
"TMTC1",0.627652617519499,198.058010198177,193.337076236309,1.13520197626795,0.260541620463477,0.974335386691126,0.662729625995152,209.849335361011,0.623710049954934,0.165581529566906
"TMTC2",202.194873413379,0.87551251739942,0.142346567480327,1.22623422606176,1.92784358351228,1.33443665225924,189.0910211546,0.877047943353064,209.236736334137,1.27935357909651
"TMX4",1.85168286813346,3.2976367767339,0.401959600837344,170.443619596929,0.260229409538655,0.544201456174011,0.362535703899903,186.291812261771,0.348664945011952,0.0775288500684966
"TNC",205.777162963664,3.83307957000379,194.753445264567,0.636848394373147,0.160986358669484,0.243701743943966,0.595997355719735,0.966777649449277,199.666994116367,198.937115313448
"TNFAIP1",0.547088119078222,0.934670366163911,0.456175549189821,235.999918492368,0.467536575270517,224.580126683726,1.09482707190367,0.878135788703526,226.639873046776,7.3465689714324
"TNFAIP2",0.647005048543977,285.383904988343,212.666250957571,0.877802076584053,0.588012639147179,0.634548636151847,0.582281181944278,14.7757942673391,1.02212735070749,2.62269465257451
"TNFAIP6",1.05284434374232,0.974265487719642,0.644346739920611,1.04613278588708,1.29638980090204,5.55526742959522,2.96536253255056,1.94249543544696,210.298470354239,4.68023684530424
"TNFRSF1A",0.482282196588742,2.52602374768266,1.93586050695098,2.40561180656132,0.179939089180151,0.528660205048595,0.387891261023192,0.679902811494925,2.33653423250104,189.651269568398
"TNFRSF1B",0.634990779665421,6.00445518571823,211.18129445678,1.97196862627505,0.854867205453088,2.41704929308089,0.255887595495205,0.207047681940768,217.70420845099,211.527918820516
"TNFRSF21",192.971376245319,0.514942277002022,0.11122960871732,1.80943652084345,190.131791714762,188.938797282566,1.20120584059341,3.00656810797666,194.738678455135,0.122341718246448
"TNFSF10",0.373579943248684,215.292502344632,216.109327020259,220.352153545999,216.071346556676,0.805991084429053,0.815233148357575,0.288780233619003,217.144014003653,217.682727260077
"TNFSF13",0.595692067942154,200.318810457532,193.504888558408,1.86493906485651,0.248786208330196,0.507433791042678,0.296534909570742,0.231256697693668,1.43432130295721,192.38307052985
"TNFSF13B",226.993776247944,225.930919081551,221.442413161337,1.23595221730965,0.49102109811957,1.50517118201902,0.691552264400173,0.371134230254377,228.592521136342,1.64213465428323
"TNIP1",0.480325639938772,157.903969537388,0.481447856927583,0.979177011365432,149.904721425693,153.447128052221,0.468666924634692,0.711230002524201,1.15595208535535,0.188107962926704
"TNKS",0.424347905381848,0.56679261849328,0.170392946425743,1.16712878067178,206.00335509383,9.92665933298425,199.947763954341,0.503696762156928,0.554823371652639,0.225182816171849
"TNPO1",189.753185125002,0.378327751714856,0.290723905584749,1.34935256517134,0.369063764822942,0.441273107794756,0.483063831339892,0.450476063470276,0.450527000383489,0.189007723045074
"TNRC6A",4.85830576538586,202.610149685248,0.400235106805456,3.06414846132887,0.35264370177585,0.675052290746815,0.356391924468815,0.842861998905226,0.411808809087187,0.195514927523346
"TNRC6C",2.61444131463389,0.794928732002788,0.165186814176247,0.53843488135216,0.608887049920119,183.491250934594,0.665306811125259,1.31134761486428,0.980664323794857,0.61230244548535
"TNS1",0.937248564117477,183.379757052816,0.246780213282919,0.592806875558879,0.41848950829719,1.31775728199813,184.722566668804,1.19739491754987,181.794915773874,0.227824162208484
"TNXB",0.377589360293142,225.335840825009,3.4098217788628,219.452413583297,0.410536655690929,222.777086258119,0.777620243226677,3.24776311095215,261.930026467365,222.193474283297
"TOX",2.06495497785227,1.67284093247545,215.60923903593,0.770753508797081,0.289511975143017,0.816120691742597,1.53681355870282,222.457114249752,224.148147268987,0.602060940405112
"TP53INP2",187.37743900973,3.16781872201372,0.29550473826989,0.594747836976815,0.244957502958928,0.299215288059943,1.1718686114106,0.420826708461875,202.454396004829,2.4519951757771
"TPCN1",28.4847792916653,1.55076689526873,214.031291301578,1.87888511944949,0.227784104181277,1.05442993990227,1.84401975385681,0.55531072390708,220.034955121603,1.13983745385201
"TPD52",196.755704470614,0.672680721670337,0.194645414486452,0.869187377201782,190.06311737018,2.61293671611619,0.465097454071072,0.313733873392723,0.392643600665892,0.121154661844607
"TPD52L1",206.365426253296,194.389636750807,0.711247608906411,189.122275238346,0.201896979743233,0.682197846604123,0.540535337991947,0.685958573264924,0.545951548416619,0.3813739535169
"TPM1",0.352332686209449,0.423476887024051,73.1065613028886,2.26542285033853,0.502029398859547,3.09169957464112,0.6245079479385,0.358498147098212,0.497287861039635,0.345327759446469
"TPM2",0.28925170496088,209.990019697477,0.589466938429341,203.783772391964,8.34985103863868,215.139279589991,1.15878481188815,1.91936077706062,214.42821637639,0.917191472386145
"TPM4",0.212156522776796,0.483241959628765,0.255257791313233,0.966047584954259,0.690416594282392,0.716565120784552,0.379202923553424,0.2804235218776,0.778049923435156,1.07785733019986
"TPPP3",0.968402519993806,0.906649215506238,0.142664985748705,0.685061314638645,1.40034597044132,2.80590133333796,0.406274846205966,169.081792355753,0.509011073987626,0.210597153310472
"TPST1",0.95191415852359,0.982653692312051,2.36926281468946,0.560998992130406,0.18464216774335,0.378789769293932,0.768507595686693,1.15845999119548,205.024024959124,0.40202321512756
"TPST2",0.309339262715477,3.40812958018341,0.297799916874934,2.95428835001917,206.470166064848,227.4985087006,1.12801049220946,219.550824419138,2.83948243766993,0.312243518781453
"TRAF3",2.11864144825413,2.96856019090191,0.393142334925607,0.901132957984346,0.58514589698773,1.3512320190165,203.746873431428,143.592013387163,0.988519028991226,0.288164953777673
"TRDN",1.98880535001266,0.603370387063635,204.181797350169,204.784937622568,0.480705430468018,202.900114673717,0.767502594859027,0.676687922633912,207.866678053307,1.94365586305699
"TRIB2",0.488470021579444,217.380514121695,210.576845906527,1.00342162319425,0.631269189627457,2.46404158479222,0.83566426823322,0.643988365783769,0.912387468081349,0.951690777106755
"TRIM22",0.454908882820189,0.666336326390102,213.202059682642,0.490204867834597,0.336645624051806,1.68809405141299,2.63015416121426,0.412203974609332,2.40194413548577,220.458287695805
"TRIM36",3.33786998896111,179.930653071577,0.372038651803711,0.696721228008573,4.93121555424478,2.7252535213888,178.03199838921,2.50804902531751,197.202025140054,0.090354763667939
"TRIOBP",0.767972361502203,230.191569971801,0.486642730138658,1.58580356707988,0.518786171660084,0.867851559605003,226.665391085699,0.508003280379455,227.791516932875,2.26077026436339
"TRIP11",1.18300347296878,2.04559842753922,0.255012788277546,0.970372304048312,1.33323400407301,0.620812498771619,0.474571016377299,0.579554230718686,0.86253130415427,0.262666742125359
"TRIQK",4.20147856947521,2.01966035168002,0.22877061571136,200.514473201405,2.18865805478859,0.492477692590987,0.688890433684252,0.449477311397247,0.812194831693466,0.605849994726287
"TRMT1",1.7229152612162,223.104511516849,0.845679255472685,7.43688524748837,3.33381747402047,1.86529015536012,0.979302582888295,0.550322704231229,1.04703161131152,0.308560520821881
"TRMT11",1.35952135345247,0.596260493393943,0.359881943180036,19.3141093540941,1.73009358338874,1.11921005282353,214.028636875361,2.00951646994274,1.47052714902747,0.493621531388972
"TRPC1",217.404125371761,0.699996342072941,0.674788112775373,0.64062026742644,4.94396066381034,0.659165688135224,1.19362069899462,213.51124490372,1.11298173242137,0.298769771809353
"TRPM2",195.602710280785,196.560193730818,1.04413017166603,193.898116172153,193.803901986396,0.721295493601199,0.625697458129477,0.817998281149508,1.07093833810358,0.196307929614821
"TRPM3",1.52847685088845,194.233945106146,185.577984706207,0.419031519563441,0.110577246990015,0.398859346374889,0.312527349107336,0.926808674801566,0.392333491079178,1.03975611544625
"TRPM7",221.723879987333,1.74636094116158,1.32958878141617,0.710582523259349,210.417202957255,220.801654588136,0.487219733202046,0.351007011595523,2.21383800310029,0.296149057745539
"TRPS1",19.2566980778754,195.99302848658,197.570849534188,203.932196773857,0.152337326908197,0.472621030901274,0.483817443416941,8.17679937590018,206.25355035065,218.748507245708
"TSC22D1",0.215132172821312,0.58903805634721,0.349906237952231,0.486337851851522,0.0953141848794922,0.212718176236642,0.274341268223725,0.428769643307045,0.600766844488631,0.149149755920768
"TSGA10",1.43048996168503,213.59284505544,0.354754229824812,217.994817170565,212.250875550428,0.743025044521182,218.699998717898,1.31547006593553,220.041136914783,1.10609429521271
"TSHZ2",1.24552639512842,215.833278771844,212.732078056778,0.611837618498119,0.35270240319633,0.49355446615974,0.840458739189746,1.00116425462896,219.897858222791,0.749478906536898
"TSPAN13",172.095991305583,172.415477242944,17.1710865170362,1.74764881786514,1.95673326638979,10.2323833837446,5.31824034056021,167.430259556762,0.65905929642953,0.0745236782903161
"TSPAN19",209.64874717301,3.31453006441407,0.214219789100643,208.50582172754,206.763633249737,2.00942590229768,209.8395591174,1.61669211491755,214.085386301921,52.561088779359
"TSPAN7",0.299084811557968,0.420150563183491,0.299295682176061,13.3432531629083,0.413526263288722,0.588326571810478,0.387558562832943,0.536306589412373,0.184680254159843,0.09847926947292
"TSPOAP1",0.698011918591391,1.78174926634652,7.49345937168596,0.915103677723096,188.98063071135,0.737126808515759,0.750334500190535,192.522779991189,0.560387450104485,0.184094927161444
"TSPYL2",0.72478921157483,1.02484105139972,0.706857482252291,0.614110359113963,3.35571298576134,183.134986344044,0.404717267291504,0.485207997109736,0.507487416109154,0.121531477631014
"TSPYL4",26.3039016626712,1.41567513037764,0.32346901726392,0.553688722183891,0.968402864220196,0.608708854453471,2.42884223024173,0.74167878050923,0.404329678814957,0.0766523949480191
"TTC32",0.613765336445696,160.339528763695,0.169613621308059,158.95758675014,150.936541311881,97.3272955750785,1.09913103689586,154.285117550066,160.529003274923,149.836789678956
"TTC9B",211.431092341427,5.00983675786481,1.04742513780973,0.704941561192978,207.892451697355,1.77292081713519,0.591044529214353,2.47239082752059,0.303236882311151,0.118674077609663
"TTF1",202.264885260638,205.058447371881,0.466808880306457,0.598996389493993,1.39847165073358,0.550831101366822,4.18656784643754,0.525880246949119,201.09609364162,0.5230500698027
"TTLL4",156.602531866625,157.235196895477,1.44767995916832,8.78662861575696,0.36701978520274,0.556700800200614,0.756708795268755,1.40087575078244,159.11941687425,150.097720816563
"TTTY14",0.892385022771205,1.9763266922077,0.554920692695384,215.804495882265,3.58798015825322,213.233080280138,0.71827082824476,0.667348802561513,2.40573692202606,0.748683011037481
"TUBA4A",0.60866069371233,171.458004783152,165.158685699829,0.684146240264668,171.45866073788,0.782991260631469,1.09356775229591,168.902432858259,0.282780402618908,0.04068151151637
"TUBGCP2",6.3334218673668,1.82843073244631,0.469828472247088,0.479323768920636,1.72373197810557,0.744591782568397,0.915278019743928,0.678413423296549,0.64802993557159,0.143150991805108
"TUT4",833.870289042201,0.937856525209678,0.353998369333538,161.951423963299,0.477778791911721,0.389922380126923,0.841061013458708,15.3972654546704,222.085050875769,219.018073323027
"TUT7",1.85792901054839,4.31885575953017,221.885748854999,0.801074564748689,0.468728206413703,1.08200856895037,0.841950583587223,0.567677847792659,0.685899415170075,7.2601398051435
"TXNIP",0.333197915261686,1.82229819069199,0.237958174261493,0.977797164184411,0.295653398718306,0.300911544193166,0.597434021149568,0.314798286442196,207.727583326537,204.627068051544
"TYK2",152.963035799209,153.89321753134,146.332693900244,157.149991359457,0.266386998279785,0.577865170334184,2.04832287464139,4.78407734350842,1.56674132295144,1.79538025418141
"TYMP",0.449915091033753,209.926169012349,32.0755371699514,3.92629648527651,1.22582644199752,0.811616615891719,0.243170803706582,0.159353515727452,210.249726782253,0.956307017427144
"TYMS",215.014872685639,215.956513919035,0.257205860726007,217.882001990947,1.19475565105516,222.774570251333,0.739912784305472,79.9935173225541,230.436988893341,212.675942440669
"UBA6",0.717183614794151,0.863483157075162,0.255838084272239,201.708241528828,0.938353694975194,203.097623337315,205.951935432647,1.38867173586573,0.857363220600239,0.293301873891571
"UBALD2",0.510798612541083,1.16177278471928,0.227237768873044,3.07709245820217,0.392694566165709,0.457290462933289,0.615414118558101,1.57439237702349,201.465111544886,3.33824315091838
"UBASH3B",6.06922841309103,1.36785528743913,1.90062181337523,0.856008147813462,1.65394373714314,198.363815342491,192.222793802603,197.289691564237,1.29575388170932,0.121057322665181
"UBE2F",0.691035473775079,199.208639574521,0.37247122371163,1.11565852233212,7.35836536455537,185.505105463042,2.60631208216158,0.674373554687647,0.313667475448143,0.144176455094413
"UBE2M",0.593618041448656,2.16880958505792,0.233976802706732,0.788306417922345,1.42394692656445,0.697908412785852,0.536038544810921,0.735106227422079,0.589791908251287,0.0914160396167228
"UBE2Q2",0.991768114244202,3.50451775083776,0.218166415042762,194.651567246036,1.12401702153433,1.56206691321087,194.282943687495,192.855539529847,4.06729697974217,0.149313539871514
"UBQLN2",7.74571736371486,2.91595671425947,0.208325096408597,0.484096512319399,0.361294368109791,0.436474758251176,3.82959596266568,3.23884355263845,0.454102785994398,0.132632862528196
"UBR1",9.61220103971784,200.232406076455,0.476659555341226,0.791765754431009,190.680682883916,125.939246108167,0.954393700145646,0.628292063321528,0.520997588792435,0.14283812116224
"UBR4",152.226955230967,27.4319194292265,0.460991330454921,0.634803029308863,2.29539198835534,0.775188511747489,1.39525534841758,0.788562786800587,182.820723463634,0.318676118166917
"UBXN2A",0.797859776313626,1.35864059537011,0.271470049765742,1.10155451568171,1.47272054172535,0.82606676280603,0.440769014007253,13.7790698965996,211.39274187235,0.387721389582121
"UBXN2B",0.403674006861135,211.905644289989,2.57219108645358,210.160245783784,0.606066132263312,1.2332451352423,0.431138880961405,0.414291605051669,0.590501482356906,0.629511165452903
"UCP2",1.20112747702166,158.767876550792,2.13897855519268,2.20967947766173,1.62426231994692,153.822541779588,0.296162834433631,0.313867893460622,156.736314243262,148.268202417602
"UGCG",1.48346719261119,209.444534778174,202.368136531089,4.74802767469675,0.475288462626872,0.761357853928274,0.51387750127318,0.406814949806397,3.83288208121035,0.17433072837234
"UHMK1",1.80562532012613,1.00569742796941,1.70610046517697,0.461767265870594,0.283816942347552,1.5992725702643,0.473190084642909,0.410877621832897,0.556311639298105,0.0785522395955962
"UHRF2",212.286416547353,218.271528320283,0.261263238539055,1.58246277030828,1.04078976222933,215.688953606252,209.820853771279,1.21218599065477,0.556298817852022,0.828575440840242
"ULK1",219.598125855857,0.69555154677352,2.58448237451545,2.68222526216383,0.593299572544266,0.973657163815288,216.121024500814,1.54319126371606,0.677707462178581,0.190407246043459
"UNC13C",0.844358067112029,999.999983803261,186.880959835849,0.647759458322018,0.77184635528248,0.933279589796032,1.45499539303559,0.498384149218135,288.85465292359,0.100070499095209
"UNC5D",1.31152582671669,0.595052475588373,0.699913146855387,20.1161793606929,145.007094810259,152.475785904956,7.12009149105441,1.44270774115043,0.246730794254049,0.64342944470263
"UNC93B1",211.252319247038,1.85313790917873,1.51624319800843,1.35672993055764,211.12269924356,1.0236157989109,0.360787600069324,0.163254210764018,218.329638654811,204.782067492087
"UPK3BL1",0.830966221846495,1.67939689835559,0.301010627892139,206.775780039102,0.59603887690933,0.51625887886418,1.70725167511184,1.30489810158681,0.666948065916101,0.43174639223749
"USP11",1.29309968187924,0.610760722031716,0.276988998278226,1.31578790966645,1.10168412105493,163.796220680542,0.482119547180429,0.244117402414667,0.204675849236793,0.0873044883308646
"USP12",1.04760270454597,207.585882918398,0.300848605163114,1.33080428845801,0.762248079603651,0.493388613315313,0.399250555432125,199.533634497028,202.91010767691,0.155648409578629
"USP14",187.308707687423,3.71471955183276,0.263426290309387,0.956938309758068,0.449239414208457,1.3267097327163,5.64046812019586,4.05469158172132,188.584744479107,0.110234544132889
"USP36",1.13934037093756,0.59507458919654,0.357692034389397,1.5332263246164,158.511530676314,154.119560590244,152.172455324896,0.476280632608906,153.187244460368,0.693076985053447
"USP4",0.496722440389091,209.66515800109,0.568046285826892,6.25236158942432,0.726754648922901,212.770287153823,0.443541890149165,3.99608404808979,210.83786732351,0.204672185266881
"USP53",0.399299665530481,205.369543957164,0.945793230753859,0.575135897547521,0.252057209207017,0.72761565084914,1.27318842750417,0.857435426698096,209.113093307495,0.29529198752611
"USP8",1.98990637261926,0.51464753891407,0.301412018223665,0.545981159355994,0.40193097616368,3.3166406759858,1.1759853606237,1.39455423511871,0.946430537269942,0.135336256747709
"USP9Y",0.957949886625962,2.40892506472342,0.356348925877043,1.90470740796687,128.171796276919,1.12655423744593,0.533539747595746,1.08117347562545,2.27190045015194,0.157662587116769
"UTP23",191.410499160041,0.80790853683214,0.573319842760463,196.879738424164,0.965233192205269,1.82123826937243,0.535654138967516,0.380049993055413,1.64659591045862,92.294128085433
"UXS1",2.65708141050456,1.50135319244759,4.92525380276679,218.625299632705,0.578883854892107,0.421541993908545,0.923528089110941,216.360380725241,2.54830650139504,0.242595095373859
"VASH1",224.781941373102,2.35726451220052,0.359057040241025,224.797600469239,0.685367772656134,1.67751417472455,0.832527095063317,0.900997484512922,223.986945383861,221.422606335166
"VAV3",2.40361796747939,0.873846795830354,214.206361192746,1.88507209440601,212.755812573789,209.31884214347,214.28210639684,215.985303095661,212.149631116867,0.0993623551843837
"VCAM1",8.72917605400336,219.670643106371,1.07128914438049,0.488878829639007,0.258223736261908,0.570426970153775,0.70438371361592,213.035219783139,3.97834447135787,216.635199056657
"VCPIP1",206.531294090199,212.934852229032,0.326996767621976,0.953659565619263,0.62355365889566,0.327572092316631,1.81343783720425,1.09364919753371,0.691491374146436,0.211044469596444
"VEGFA",4.12131682534843,1.001709093219,163.580826209136,0.808012616240617,0.14947664096129,0.467689854431755,1.27865489042316,5.84877832331813,195.701631968832,0.982310490269047
"VGF",0.618471714082147,4.28380557330823,0.399523085073841,1.68920443611372,194.056337611237,220.096278442647,202.431200712052,216.253662692488,0.235384296385784,0.243460303258392
"VIM",0.102500182784414,191.230243652696,6.24304810569155,0.577715438888493,0.246668726971668,0.665071262444488,0.660152734525918,0.545254018897282,192.703766747638,212.803993079205
"VLDLR",0.498108428539943,209.409738160076,0.772579429027376,216.512931331377,0.837380426310205,215.616423473178,208.522402542087,1.02083930896789,0.621841484242619,0.335200705789243
"VMA21",1.09820433199892,4.57080198832135,0.405843676922797,0.575659294087304,0.363534140737164,0.574894586812717,0.385420913213616,1.85119771112793,1.29283230333198,0.142024695811267
"VPS13A",999.999904289897,0.430661645448443,2.26937682932131,197.948985322024,0.532799663837363,0.94457965212825,1.8091160730219,0.853152237556242,0.738188268511401,0.27376240002609
"VPS51",4.33923338304772,0.719495098120375,0.229127097184585,1.03094550457674,0.786349904523034,201.031318920889,201.696708530118,1.39804363647024,20.2954745530408,0.139320533508203
"VPS54",0.792206624192112,225.068198956158,218.057967632654,222.943891052396,0.315182621929427,1.34799578514071,1.31908529474194,3.8523277014635,225.040682849671,0.699715212327727
"VPS8",3.14669492469528,0.50843646699318,1.74618632044535,0.581933690930258,0.584724506648359,0.53850973114003,2.53668440523848,9.1048027686248,191.40331865785,0.161068433806198
"VSIG4",0.553872607480735,204.671447547029,205.521073670014,0.583138695413279,1.14952344392235,160.498176565471,0.392431992246341,0.140084749167203,2.01188753140296,225.360185652103
"VSNL1",200.816266265816,1.44121298249651,1.45342847951815,1.08106906627396,181.267393307066,1.6901432380048,0.384577005992831,0.830869376176891,0.205228392143597,0.0531351038864575
"VSTM2B",161.114195652944,0.521884129263996,0.249411804041372,7.16913175761867,146.916472055845,1.2003259613576,1.30934995856107,2.89874947676466,0.518849589085467,0.341844285119417
"VWC2",3.57259465895894,12.7651833109717,201.69997204386,208.174783753959,206.306862142747,104.945991865435,0.494108805267609,6.23845991869382,210.95246641164,0.12393544150067
"WAPL",0.803699744540468,209.804910092657,0.532421272385877,0.437554154653698,0.362758064551472,0.393424120043973,0.679626088095199,1.55177908813264,208.186463731813,0.463374967205822
"WASF3",0.571349322777368,0.714784194934799,0.34889554904412,0.495156830615284,0.311631015440841,0.564323092788348,1.25842416528173,0.528763656080692,0.690106820907827,0.1094251517658
"WDFY3",0.481218328050141,201.130155371441,0.199792301718301,0.455254230618531,0.385598145113708,0.828719980452082,0.602216922959568,2.34841754323037,201.108288724425,0.27511331185899
"WDR49",0.645050325670761,207.015018352351,0.867384234846669,203.76758418439,0.473218994278275,0.762668942673064,302.213180414781,201.342945152373,210.967400187817,2.36693633198581
"WDR74",10.117041482006,24.3071653254216,0.735666390269336,199.17907274077,0.293769574233278,0.611588017802645,1.54457813284914,0.881534989766146,9.14661725403937,0.6050951599841
"WHRN",232.884202671096,209.303227959399,0.25747230766455,1.24599457547495,1.73896011194282,208.065199152196,5.09444994509652,0.794747564292565,0.794262086077993,0.35878379508954
"WIPF3",1.08533999704857,153.130752467141,146.429395878701,12.9167244076943,2.016887288921,156.301988151658,5.9416413382969,2.97624187078899,2.01691535221234,0.189111617351642
"WLS",216.968113385733,1.39765910472201,201.960885951583,203.483419349035,0.103878851675239,0.219870942342669,0.430041466890181,0.510459408685514,207.00418408574,204.422043495425
"WNT3",2.36888049562141,221.470572624257,201.565137032842,1.73561126888945,0.3789562400422,1.97483001539361,216.290591220761,2.2832589028259,2.07530173603824,0.313876999047874
"WNT5A",2.20206882113105,8.60959577827859,184.973251909612,0.874080813273684,200.555422355501,210.193258733375,2.15554683617325,0.232611447699699,0.850747594802136,0.565555631799858
"WSB2",1.59162675241007,4.00447528088463,0.201036226134127,1.40550894832917,0.289713360888011,3.07114940296167,1.34602003783524,1.7049046778646,0.403139528099302,0.114702322141155
"WWC1",205.820826296609,203.936934998329,4.29693697296941,198.615023762564,0.22278072992892,0.31431428025974,0.444830564853226,1.1267495441892,0.647581975609828,7.82854276488815
"WWC3",0.788459866242692,0.517108406904432,0.282942713918888,211.087796430913,211.700474187372,218.953262844108,0.629014009187455,0.397661795924867,215.296288092037,206.064281755276
"WWOX",50.2186522600095,201.891776625817,0.366737935966711,201.792215485268,0.281213299551976,0.958625534700909,0.702363179900066,206.315641682771,209.824774478946,1.01779182584032
"XAF1",0.432179575168189,194.191424316666,175.249069312309,50.0552114578053,0.367792079530059,29.0824083124729,156.434520065147,2.2086610646759,166.885585068505,1.70563103246074
"XBP1",1.02891356423231,214.157458796142,1.3304029331701,1.57608670285933,1.01248717705802,0.316225266548241,0.522908399039409,0.272741771771691,0.844603217740917,0.44427878450051
"YAP1",211.648270970577,0.834076490519848,204.534005296058,1.02093184768363,0.0974442762710594,0.433098024040947,0.727677210039805,208.4209757695,220.419045091966,209.020307784139
"YBX3",0.16610523578291,1.02374025448822,0.770604772439051,0.627398366337847,0.290542903316647,0.398658129949291,0.434076512877037,0.480353117605338,0.732417820311345,199.592408365163
"YES1",0.378303899088358,1.03785991056006,0.415245521716851,210.772687704459,0.466687194582215,1.13069068826227,0.617354878737157,999.999916643803,1.59670797559071,0.680837839970483
"YLPM1",0.998863539360905,0.920914313807028,0.276289314958589,0.856471646835861,11.7918031717555,0.569533776301582,0.485163197542966,0.652465326457624,2.87351432786619,0.235221230075783
"YWHAH",1.16682621396686,140.669844428062,0.39263835099692,2.34447056843167,1.21023074811638,138.539558875201,0.244402050320612,0.184802228628954,0.256613197532607,0.0428229839332433
"ZBED11",0.695216573210196,1.55283704275436,0.325036351025041,1.16322326521372,0.247957411728026,1.44958652267497,0.490210421093775,1.49379220856381,0.80662271520899,0.426204322615414
"ZBTB10",0.768415822481799,216.986271793245,0.530457637590876,206.742967691048,1.28098345756278,0.79482655334446,0.521086359537234,0.487473859446061,999.999984965381,215.196950293453
"ZBTB16",0.502138936432823,215.584605675373,0.321052911010805,0.507511797999031,0.367479741052716,0.642320842722479,214.036893041944,0.631498452301937,0.987152582450525,0.570257728022764
"ZBTB18",7.1460081980131,224.405604981939,0.737701216120311,2.19458195148307,0.350953264854782,0.514347224532728,0.405863374566795,0.625868929420285,225.372981663899,0.38787991703029
"ZBTB20",1.26402418118112,214.838644053709,0.422551404575736,1.04385999292813,0.1476511213361,0.229698681012299,0.565552339022005,1.11166676232749,204.879067793824,210.322379767331
"ZBTB21",1.45030926499204,6.01975677914817,2.9039090326523,0.722725967936121,0.277008966952874,1.05635469731284,0.884686680539285,194.466353987512,1.70891217507533,1.57119551402817
"ZBTB25",0.871460490670901,218.304945055725,2.49509413966812,1.25584898189555,0.38586017742771,0.477436782798965,228.977618594014,217.24811370721,0.745595918424292,0.493371828767284
"ZBTB34",213.533436327713,214.842003721985,0.670883465122459,211.792344778955,0.375768132603592,0.966696055717955,0.818585394060042,204.990866433512,0.884714321276399,3.45031273150319
"ZBTB37",0.633548613039171,0.80894783730315,0.448938858281053,1.13404990390241,1.13934013000446,208.659957297698,0.519376196626163,2.40795309789028,209.573699474525,1.12980440932404
"ZBTB38",0.337223482252331,193.93688275489,0.200800526851018,0.872328006576241,0.584339234022343,0.781185981056883,0.597406150854186,2.0095007611873,0.566351348092511,0.285668902233451
"ZC3H12C",222.733132397314,223.321006508396,0.426090430640946,0.580039976688665,0.389075990657426,0.533424948932291,2.53176603275752,14.3912114634872,3.13094256908485,220.81803165238
"ZC3H6",1.13741624693952,198.114979663125,0.451453007422413,0.600964155680235,0.272697970994602,0.266988403495232,0.413472630158614,0.413793858339101,0.474126185038292,4.22895510812921
"ZCCHC2",2.17033210541697,224.573860051915,0.607139868896733,219.665817342069,1.85327601032287,0.553640345615137,2.95236647654497,0.685360078770191,221.693371980603,0.351262646120473
"ZCCHC7",0.671719540089348,0.55774191509073,0.345476106796161,206.113589221495,204.180480850621,212.25102324053,208.914640580478,0.653907216240209,0.737390238516325,0.861359458497978
"ZDBF2",221.04005281668,1.48004731377644,0.455515013709141,1.19614543964092,2.63786118860534,226.194314030355,28.1680305622207,216.223880260773,0.46338317407967,0.201559276348538
"ZDHHC2",0.75752284395181,208.670368534943,0.201124882529234,212.966289192054,0.685672423502558,2.09342155788282,213.203558041498,2.8273883299244,204.605209351587,0.285466516705834
"ZEB1",0.408539698040302,0.696874684790597,0.572380365037496,16.2105186169402,0.452877931291499,1.16864464642839,197.068052860296,0.322626899369481,5.97706608418301,0.211271628559616
"ZFAND2A",0.675417550951859,175.434265326708,0.484305322479436,0.750701899942163,6.46978640702594,0.947107655013867,172.085872882326,0.778615798446504,0.829520522527233,0.213671118793894
"ZFC3H1",220.044873826819,2.37567841246497,0.274857011921855,1.28977250663933,210.596891840231,0.642523742985605,0.43483257708287,0.384437961415058,220.615707763378,0.418862714862629
"ZFHX3",0.717039572993495,0.999815804307354,0.532988709393351,1.0649511550345,13.7539196154699,0.519834560921641,0.460660085027645,0.461034410861359,189.160517842112,0.137937445401273
"ZFP36",0.618443316112297,216.916488230927,0.872476091173863,2.06170397155967,0.233954651655065,0.41799002115862,0.62714586843532,0.708854455003832,205.660056608658,207.464005009452
"ZFP90",0.711928514139918,206.809557680452,0.794794156028712,205.010564345127,0.443854416259758,0.899862040173851,172.577944896356,1.16078954786334,27.9663443319661,0.242055663003529
"ZFPM2",1.90745723365481,0.609337900597261,186.86695091003,200.741082558308,0.432776060160455,0.44280935431174,205.057917116941,12.2488697605011,0.231108298905367,194.42806123184
"ZFR",0.353727773145143,179.137389839069,0.196945339684165,0.445193193599613,0.265077150402074,0.365147340490719,0.376908585006758,2.30056854470955,1.47359862499808,0.147756801002626
"ZFYVE16",0.924603981619247,0.65599535613245,0.251697226300797,0.414222719222277,3.7522496920205,0.937143078919744,0.307592238208549,0.527924336874852,1.98872861128839,0.585670312627311
"ZFYVE9",1.15768994363935,207.384333611917,0.523286659869364,2.16934421662935,201.09914188819,61.8116960976795,0.465693686921138,0.649114419104347,0.747354356179694,0.186261880017266
"ZHX2",15.8736025543054,0.723513023809711,0.786234064691041,218.091151515435,0.390064823718091,0.427383185125629,218.49157689704,217.945965326139,1.01278579511636,215.585255369578
"ZIC1",0.308524499948702,0.910887455368556,178.005867408377,34.1482590404498,2.44372738044947,0.600141478450033,2.57371666241633,0.585675347530322,201.050743667655,203.530428637507
"ZMAT3",1.18277415219608,0.787577501397445,0.442148827652402,1.05953699011312,0.183633373044005,0.301971526501971,0.33531871522739,2.79731732788555,1.20433713735359,0.135400790664957
"ZNF160",214.541020053518,0.843290182660714,0.392439035104266,205.182034200164,0.536812508090145,17.1188492326169,0.982457171110052,216.117104499522,2.52923417670697,1.34221644833465
"ZNF208",229.810530552758,185.215979929427,1.13120377619767,1.39828196515813,1.03785773180695,213.356633707926,0.664438106269753,219.616409356443,1.36972618054429,0.227123611274779
"ZNF267",0.586002956305132,207.332316620712,0.772339304876262,0.879187389991209,0.980163779208955,210.493986221391,0.498457782604923,219.417080180647,13.4714898379693,0.804431918744268
"ZNF281",0.46815931366715,6.89708633564395,0.267191923138332,203.368824801939,1.02140761293116,0.602743098436601,9.87477171277497,214.811120751631,0.546732142813787,0.29587670835113
"ZNF292",189.466664192225,0.391561483807943,0.415782377566312,192.487563855389,0.382416956948752,0.50068650024719,0.654596311487929,0.530149752554485,1.00777206971485,0.453260795394803
"ZNF316",214.346694735034,0.519787333426208,0.566796175691172,1.49800671987026,0.860314898087999,0.525657495142616,0.761769685637191,6.51419522280536,1.105245757142,0.981149104182726
"ZNF331",0.720728953585807,215.850776444718,0.644404260552035,214.623323703099,0.639983411457509,1.55885710236833,1.4587350684479,222.728798822143,6.62865426829583,0.264381654037778
"ZNF358",201.074422052717,0.644402694770627,0.389359363262438,11.583825760196,0.656349731161709,0.386911852512584,0.509454640744439,0.495922150595898,205.253483514355,0.330402809409552
"ZNF365",226.078958284383,15.7898335551705,0.24062257247815,226.375943621255,3.21928742448787,0.359616027278564,228.65831433155,4.34152726916948,1.27175525281585,0.209045405404041
"ZNF383",209.677142044491,209.156290805888,0.519059412223603,0.801889767644908,1.54338247744654,7.82733651664622,1.37223376531452,205.240967230699,2.81012077593796,0.499787118447406
"ZNF384",1.03557959313757,0.925295874122257,1.38726291365793,218.950153098145,1.18319381067357,2.97931720409208,219.229253063047,0.494697411565091,221.295425962723,0.873155212307861
"ZNF385D",1.96055341756006,6.17268965073022,2.08462874487058,0.490110211439519,1.15150330920778,0.844816615332213,1.75500454380067,193.066579825351,0.456248969119325,0.0856110893082064
"ZNF395",0.554454262175534,0.797913330758384,0.702672570554908,221.21052475978,0.431112730987222,208.588225790184,1.85436657786617,0.740578623325256,221.093994119922,219.178573033186
"ZNF429",2.51910065844372,0.722702853630515,0.953598996808085,0.74898242678111,0.519787584585112,214.805187997365,216.31731075498,2.31092006300505,216.570679599934,0.508909303809363
"ZNF451",203.612449016908,1.73016127997223,0.186820386020215,136.596669707014,198.040574224471,0.919152406568587,0.756044813211344,0.769157520985221,0.536226029919902,0.219295261424125
"ZNF483",13.2720270067847,0.56878822893256,0.215851632445564,3.42201876238734,0.513336110010959,0.482951783091767,11.852556601897,0.485405125159651,0.241409449497062,0.110117159046226
"ZNF493",76.0295162492317,2.05168444433586,0.687856638949845,209.992974140845,0.491497693108446,0.560268708435088,12.4148112010443,7.96679281365817,238.828492602664,0.44505746235365
"ZNF506",185.306571394919,0.454636873883181,0.337276036839053,0.590941354988402,248.842601387429,205.530306102789,0.827592996784566,0.733793855182255,223.091416993873,0.366938520658695
"ZNF507",223.04595566633,2.50059347290741,0.231129872144514,209.883717816484,3.57019091679743,224.692782422455,5.98548637361219,1.68800348700328,233.704957470813,0.416333717728658
"ZNF516",12.7655793992737,0.937604487834724,0.717060058565389,225.978359598912,0.586343427972032,6.21170783470872,1.22524493667814,0.597475505998502,0.639035864639065,220.739413830827
"ZNF529",0.878398897979838,4.62109420184403,0.464174930756131,1.88867631265148,2.71768219206945,0.391773712140601,1.40273928730669,3.02307173566078,1.55873520231429,0.300249029287784
"ZNF540",205.010232069659,3.4357823996741,0.681938101577656,1.1887861636473,200.939444773813,1.65389621503912,198.088141927258,0.646984108177157,0.364178380893798,0.366860936811115
"ZNF638",206.415821026204,0.432198303010666,0.226974788318616,0.495441729149304,0.597987199462153,0.355349599358353,197.922684084153,0.794995111032635,1.25845453501415,0.19460038145486
"ZNF708",205.093119407323,217.537030691819,0.453722664059877,0.608367655819424,0.269375727434938,0.879721332468071,216.503024864263,4.75751293355745,0.943742665858847,7.74116238681763
"ZNF721",4.44432051962348,1.48461099290816,0.340803001150035,1.11997688552576,0.852895438504204,197.611976929187,1.93865619159256,1.36996147062946,0.732836274464391,0.339800258482922
"ZNF727",215.029404817571,1.53002517851298,0.52605859553515,1.34775297019581,17.1296342320127,1.34832727019134,0.794617204395938,0.530637259215999,0.725167120999288,0.504354313931275
"ZNF737",4.9214833568342,2.33721384922272,1.0173597066408,214.931196039498,3.30668943136478,0.613045999829038,0.69093482241613,212.476627097956,0.854903353525467,0.565380612775397
"ZNF766",1.40272059260836,213.095796232855,1.04708390339837,0.687356230671219,1.3157162132692,200.986898945952,0.915068793365651,0.431667544147348,207.984205500576,218.225708024597
"ZNF770",152.645766647339,194.171123597784,0.805602774061391,0.701050927174842,0.371164027741111,0.423996829129752,0.506758115997842,0.632912425728136,0.459039576991895,0.260561684233047
"ZNF830",0.492122666265744,0.809117773976136,0.549525232718164,4.94683667500129,219.087894790113,218.438758251651,1.03647292572716,0.578969161675957,0.462219611726045,2.94690597996541
"ZNF91",64.4309320540206,0.809352447331913,200.291622703964,0.436932135587735,0.387175726403441,3.44845813548424,0.51175592288484,0.405070909073636,0.531670239545229,0.190853609942342
"ZNRF2",0.58730730900212,0.920158399337538,0.503948429923986,218.977336679495,1.32569612759819,217.482937421607,220.103751904557,0.72535909477946,1.54457707215208,0.923425508340966
"ZRANB2",4.32870123827239,8.47927420027553,0.238437101089383,0.473958627239272,0.341715961400589,1.51707964089672,0.686276023133157,0.849065311969547,2.44314314351813,0.143732062991996
"ZSCAN16-AS1",2.55086026035198,195.141465232088,0.212072674518058,188.979549856488,0.266013332888518,0.735592506195747,194.090440694803,0.496928070593861,10.0848018330547,0.294043669814387
"ZSCAN18",0.585366581026013,1.02651174339943,0.242151559178565,1.19979134877008,2.03354977930841,0.653368904611939,0.477235236264739,0.481882753120051,0.418923362878891,0.150856604352166
