"","Endothelial","OPC","Oligo","Tcells","astro_fibrous","astro_protoplasmic","microglia_mhc2","neuron_dopaminergic"
"A2M",0.0816895198757195,194.668741393054,272.249697692607,0.2634708111856,0.215560536658222,0.367115142605937,0.246429691436403,0.612695304501302
"AAK1",0.770920903241283,3.62379862835848,0.28210238164094,0.339496914651201,0.865898871678727,1.3485878305154,0.604843988215907,0.0856403651565941
"ABCA1",0.657913764796228,213.558550232283,0.494129962826874,0.942626969827182,0.218964212296209,0.505924095193369,2.12121494766914,164.099833168366
"ABCA5",1.02168574128904,0.71447309220602,186.550266924381,0.428078856797339,2.39603937497106,1.09518501436389,0.556717598132008,0.143233903334429
"ABCA6",0.949394027406828,215.842385840672,1.51401793503539,1.30932987001036,0.815420449942734,2.82817593063185,1.38849465258459,234.824815831924
"ABCA8",1.38760359991312,1.91636267339568,0.24185362293211,0.70320020316567,5.21446866734124,1.08557492333447,204.395626508099,3.85298001947446
"ABCB1",0.203437668896663,199.065048703653,197.969727008702,1.54698631115245,0.473414433225805,193.844859820484,1.2479173609708,1.38183449471174
"ABCC4",0.581279085517963,160.21374900459,154.436836089002,0.78015086260097,0.536628911213833,16.1054372755244,0.550793490640201,148.919254380782
"ABCC9",0.620170654063764,223.209714807704,218.922298052584,0.489644420826338,0.659705627613877,0.313919296221107,2.30546400614977,216.922400646295
"ABCD2",0.580897588212672,205.912942638156,207.999960943111,0.535457189102811,0.468786677470485,4.85243127945368,1.07007672278077,0.650452298595552
"ABCG1",0.330049283922327,0.765133622801927,3.73939291285187,158.106728582341,149.988378094802,155.193895264457,0.966792838430337,0.443807100171766
"ABHD5",0.549239005169747,1.27484325591994,0.498463765322248,9.47158734531854,0.742579605439887,196.574848451639,0.558417880479723,1.13423630553092
"ABLIM1",0.264076260385297,1.17778482436827,176.22814457203,0.720082641550099,0.271164975297154,0.578619386964427,1.20153273841823,0.237838243125005
"ABLIM3",153.070979842034,0.820420444883231,152.675610772467,152.446252013682,2.17143489812483,159.164006647522,1.09735108457083,0.20146306711641
"ABTB1",0.916067454128908,2.87576943216987,0.496666127333329,149.787679841722,149.256350488797,1.17240731907236,1.00113116139971,0.477493126288792
"ABTB3",0.878351285809823,1.85927656601013,1.17660363138131,1.10957407608456,181.843600146658,177.307097811062,5.68540894683593,0.105208424796674
"ACBD6",221.428101667004,221.285781480324,219.11872252641,219.633696975474,0.622299302511794,10.3448849970025,1.05940930587672,0.345696125433617
"ACOX1",0.433309305179626,7.01760716648595,7.15556967742462,2.95915463565171,0.439564089341477,0.430969994319418,6.89892147585814,0.246998007653668
"ACP1",0.482231637559564,1.8195037247996,13.5929809703307,0.572593072872681,1.63700269248319,1.60107654576526,168.195266110092,0.125377319862476
"ACSBG1",169.284163552808,181.479715299066,0.46595913829858,0.546481826025028,0.135217968356775,0.560771131897388,2.04642778227946,5.15061266096982
"ACSL1",1.34904149448077,3.25892260236141,0.358908187225525,0.519588266188187,1.35100001883525,1.35827403649807,0.525689958288601,0.784847108966077
"ACSL5",0.220286182301936,9.55567941887887,0.595571500947002,4.21983189051169,149.982141141135,157.180940966889,154.502901191887,1.14248768149467
"ACSL6",1.18776562177851,0.55240012762297,0.558441617512004,1.88194758377978,0.36480141485457,24.0553872589248,999.998630845663,0.156657193157434
"ACTN1",0.324743266620219,12.0702060156952,0.732897195416438,224.495698288568,216.188827526298,0.584461204274671,2.82524793785003,0.382071851444803
"ACTR3B",204.870000873187,0.915933770750394,202.731779045678,201.00843596162,2.58608048063205,0.887892068814818,202.381900141367,0.218913934616923
"ACVR2A",3.23038880498726,1.52799311675935,207.534253670658,2.9683926771214,205.898152745628,0.648192004881155,0.485969410488304,0.55517362571891
"ADAM10",1.73213688952352,190.708449308257,0.286234912214023,0.621120116247968,0.563346812838945,0.548565862511288,0.380618847700446,0.888912737568382
"ADAM17",0.496709687452229,54.0306413860702,1.96799267832976,1.05534960797686,0.480528661104567,0.564240300509635,0.749088574350202,0.723765748610517
"ADAM28",0.731835267683455,5.6336898570231,1.00574764446878,0.973555555571103,10.5672283592464,2.67200465693931,0.584442649425783,216.538691150937
"ADAM9",0.586659406138213,2.57105380308971,0.674075483501854,0.612282045105012,0.714973627302823,212.659815287235,0.382255474569484,0.786558073423745
"ADAMTS1",1.29456029989864,12.3200570858761,14.4510658146227,5.17754289015533,999.806799195583,205.48703093084,220.186056560913,207.384751167926
"ADAMTS2",212.372074359025,213.126411946399,3.06201600679813,210.059722065578,209.166088668568,211.925732576124,0.617532754578184,0.186921513732042
"ADAMTS9",0.666879162448527,1.12045926310144,206.43031533646,1.02809973947454,2.3094512468044,1.00093764592534,2.28708639086896,1.33135426567142
"ADCY2",2.93169535641074,0.912759574555937,166.267966577182,0.603354704072795,0.253387573054096,0.558707256660487,1.43175319727333,0.124791254498048
"ADCY7",152.641547586717,155.101542118984,3.06478275753028,155.060284857563,0.398975938207477,153.349708911921,153.877559382817,0.784125856404922
"ADD3",0.702290408295463,0.808449545604134,0.259825057237547,0.263198845023656,0.15681127527113,0.229683509326323,0.394359704496721,274.83258315033
"ADGRA2",0.749468385608048,1.28653140917933,163.213902432958,0.494736494848619,1.64554736167013,1.62583461213687,0.663458274190075,145.618790778712
"ADGRB2",176.156111572472,178.462499458046,0.404718663333274,1.02249655355733,172.299984599054,9.45954796721998,175.07466855507,0.149898996240039
"ADGRB3",177.937043227573,0.378781846668377,999.993585606935,1.18437119240484,1.25344427228883,1.43330714464697,8.27366175643628,0.208011513698798
"ADGRG1",0.38421481596157,0.506069664090265,180.025872516794,0.522369620437274,0.188941047514094,0.336995496980395,5.85937936044533,0.776290720226532
"ADGRL2",0.796366821351431,10.9677027348396,186.713947397232,223.814400191154,1.13928618926399,1.3530056062335,195.309007358689,0.260056503131447
"ADM",0.321177357999232,211.336337647549,206.33806606116,207.867087443951,208.171120277198,208.071567501347,0.938333747384966,0.182522004501487
"AEBP1",0.55945778016311,183.443838956938,2.01081320561992,2.08083115138172,0.208261483147751,0.300403274012069,180.102200313177,1.85119563625402
"AFAP1L2",0.425449531225769,0.448315099689644,1.34696840810728,1.98693787683045,210.653906938798,213.746926914372,214.751284323225,0.559795504358992
"AFF2",1.64699166542379,4.7636634692631,31.3750226018438,174.714766974192,170.504576983545,165.020514397433,7.64918004248337,0.222727836929113
"AFF3",0.663898306994405,204.183901661158,196.113901833582,192.431999974602,191.397637086026,1.50995921044243,1.25833360603382,0.131099547353808
"AGAP1",0.548544003046505,0.515038695851991,0.372020326999209,1.31636013240593,0.691108049873047,0.71987189486263,1.04686771489146,0.225411247430505
"AGAP3",0.526805570081843,153.30334530566,150.083844380219,0.569171497518886,148.977022193497,0.984976545982043,1.04989821844509,0.0837228361636028
"AGFG1",0.366136765928324,197.886175804448,0.429892209102248,0.453821665432053,193.306698615492,1.52462538197264,0.915438758677189,0.205139276856865
"AGO3",0.45732657120625,15.6543731513658,0.388783517350199,0.805610330790717,190.060585175926,1.78350698323136,0.872881434467878,0.250395202268654
"AGPAT4",1.10481281402792,208.934999337694,0.14891765270181,1.11614840881196,213.671888818627,43.5455370044323,214.669981322345,0.268700057327308
"AIDA",1.66884101780391,2.30655935876197,7.36140154180196,0.811252670868,0.274125832351597,0.481566798235464,1.08308965811525,0.231394250881417
"AK5",0.793430535929192,6.48169244979958,1.06647559433558,190.118079274651,2.59230783985723,80.2574640241579,3.2775318128037,0.129600715863332
"AKAP12",0.45711488610528,3.96958004424492,0.625844596935216,0.422087678314793,154.381128789633,0.788757439024318,0.643317642248259,0.0616185879654458
"AKAP19",208.668456393763,1.09130764869555,6.5490366439931,1.35218608331055,5.3158935029367,56.0379870962198,1.1066779236036,999.943597511293
"AKR1B1",0.383037327856799,159.148205196193,2.74850009088515,0.763301255028966,1.13553368191767,158.967515838007,0.43038896519266,0.0773500247576603
"AKR1C2",0.335588098966695,156.585603025431,1.52897983716538,0.673312118526598,152.049444132672,2.9924067437016,155.636696158774,0.438994032133889
"AKR1C3",10.0449760742204,1.37241452712499,2.57986626286677,4.46579434815717,0.714396348595358,0.818565796030235,3.54487141864938,0.976618003893131
"AKT3",0.561258401294037,0.760867620311719,0.793620215635109,0.459368625442811,0.412350859637338,0.923102471552095,1.54458713552791,0.17660170238789
"AKTIP",0.342008858434667,0.970604636764507,0.99829741540305,3.74651366629812,2.43970618098498,0.875430786200276,0.962084428834617,0.141249195718389
"AL365361.1",3.78464970662168,1.29100746758076,12.1332192042104,0.743291506038143,173.353653648507,0.812820750726525,163.940747087413,0.166503724981464
"AL627171.2",0.426601324961445,0.457508214520667,0.247121433667214,0.2651842642246,0.101231801719493,0.202368493141328,0.51806948042946,168.721828496983
"ALCAM",4.48117556055164,115.913106379972,0.620315048888647,0.321498478371191,0.221714715770529,0.754810510532578,0.364242367884509,0.163706819371319
"ALDH2",0.756723362403772,0.97489530597581,0.768170489402909,1.32035348255744,0.142119453263364,0.614513068114703,0.535629653341734,0.114806667372844
"ALG13",0.452133281698393,252.39109933093,0.366518422018719,0.68295334824648,225.846632861887,227.705308383433,2.97382093217614,0.834904303554952
"ALOX5AP",0.424569393303029,157.682210503902,153.112812806992,2.05866046633465,149.550127883409,0.507354069241994,0.245983045694644,2.93787726611745
"ALPK3",0.50479224851836,156.883068420974,3.196518819705,1.28916759795917,151.921438737457,152.544790134905,1.82702381991144,0.344608571941841
"AMFR",2.9689896525712,0.559687098851317,0.403299248653342,0.416420842601106,0.490347935879368,1.2112120054407,63.8006576620903,0.154689364296532
"ANGPTL4",0.431263209551761,187.140878885199,231.897552907026,3.04191368634219,0.25819017811279,1.12303438153533,199.954952084688,3.05229846261521
"ANK3",0.716681298831295,0.320136335190031,0.192669181256727,0.286451741430166,0.175126613506223,0.245414497846084,183.503276278012,0.202090694746921
"ANKH",0.371437658236505,129.132780607564,0.474983074454264,0.534591839380132,1.98473518313029,1.87179133485484,4.93797393571951,0.0982801201307881
"ANKRD13A",21.2548635204689,0.715877666777073,214.165310543285,213.402355478401,0.5674186346606,0.652433908813695,216.109901702888,0.694380073183807
"ANKRD20A4P",212.764018224683,198.04897582088,2.44278135124304,194.403099269793,1.47519665977296,195.012857613193,5.00942262500529,11.9981259061524
"ANKRD28",207.107543820777,0.901925601089862,0.580762646205125,188.190720161778,0.506389388654132,0.643765293507084,211.444531523885,0.462653512798751
"ANKRD36",5.33143782182574,176.251281441157,0.209351108670793,1.29966148587528,139.420794098833,204.767743009913,200.314542426484,0.451819551271178
"ANKRD36C",201.970514733271,1.08206798221524,1.54145056719819,61.3520892853657,0.38686539563092,0.410141870207731,0.4561493634111,0.513271852190512
"ANKRD50",0.548074971578951,1.07657994742934,211.609502282943,0.573535080558528,0.597693500712493,214.165018017607,212.316823868957,0.189479527762782
"ANKRD9",3.40405898397728,153.104732854687,149.658619820601,0.88469250267778,0.58776635271073,0.485302774496255,152.800398485065,0.308296733246037
"ANO10",0.531927801384554,156.549138487024,1.31940294555247,1.57067841786397,146.489904971222,152.162749523666,161.762357675545,0.121774209988939
"ANO5",203.141678050154,1.99500330295685,198.722401059638,3.33077888690215,0.805020191305184,198.575087291724,70.5165786235001,0.196176816777299
"ANXA1",0.354210846607558,223.984448523061,1.0704500541731,0.560436330480932,0.900149932189513,0.951524742499887,2.76029117415826,1.98438623660764
"ANXA2",0.270498291858367,0.952359686698759,9.95516403049708,0.605925063624141,1.31312478178916,1.21938238030527,0.560606831131399,0.320176989483382
"ANXA3",0.246847295621183,5.32453793501215,213.807851458776,1.76031559989708,204.807375543681,205.96663123051,0.875380901751604,0.409658683912598
"AP1AR",1.51936762834096,0.853413532450203,1.22900380154673,198.913462892916,2.87931512526897,2.12063250295831,0.545386910368304,0.266501802678506
"AP1G1",0.356306096735852,1.43351210853894,0.697901333737416,189.904346235183,1.18175903351805,1.84956421281224,197.981360349738,0.226209822236222
"AP1S2",0.451793832012386,6.91652102089092,0.277435108085757,0.897276580962727,0.631964875649569,0.841342356429803,1.51852479256423,0.496658532493587
"AP3M2",0.52088531199031,0.828709523931741,0.881966741723899,0.720131150687931,146.609500540694,1.44560161888609,150.852239071026,0.0910475195900503
"APBA2",161.8209886738,6.51077330232941,0.42225350178456,0.491276516335502,0.393475125155708,1.43150361236451,162.553548510274,0.163623111853847
"APBB1",0.861334302005957,2.79047827429916,0.868528767904558,0.578930213176565,0.730030633438979,0.903956600303871,1.96884435710535,0.0641081644473086
"APBB1IP",0.448872012955694,3.46724721422743,173.129179480522,149.220166197909,0.585018239501996,1.16493039178015,0.543552094280335,0.766786670990533
"APMAP",177.700023957699,177.033263721656,0.440458317536205,0.979752082198694,171.629063597658,2.77343942103388,0.405001433133495,0.0973332978610996
"APOD",0.12947685506998,0.179915555481458,0.139016745912877,0.272325014457588,0.448214718506189,0.451864801287831,0.257065235692351,210.703748928981
"APP",0.269784835815063,0.469972308877672,0.19510805571406,0.264574510353793,3.36598708061423,0.603029410330372,1.31007934488309,0.0418832055244454
"APPBP2",1.15995321665672,0.48682171152712,0.698184636825716,0.584092323602355,0.658383012108227,235.971105600969,0.6599196222494,0.217837651006532
"ARHGAP12",0.553248731447041,0.902941109947361,0.54537657988137,1.25529712963891,1.98890103572991,0.448762877264416,1.03129018870984,0.20668694881169
"ARHGAP22",217.63732955932,1.35418909463385,1.97349491982126,0.803912080755387,1.29901347239764,5.06278577372636,211.799509029091,0.52473057458766
"ARHGAP24",0.619718635072492,1.90085261750692,4.67198257603683,0.353567824309952,193.672317251025,0.737313099093885,0.864380853378941,0.179189985001316
"ARHGAP29",0.255794028666989,215.597250661358,2.05472858755763,2.76286061298398,464.357872004649,0.57433834245258,0.669342787233305,0.58565510320389
"ARHGAP5",0.559551258193834,0.531956473241467,0.243466526939757,2.59413102168813,0.201194263191444,0.305176965379457,0.954471444212247,0.107245635512756
"ARHGAP6",153.36739074334,4.19096604416068,1.82488602799304,0.834052276323822,30.8197254149946,2.81831643808889,1.31810618432966,0.254671844956633
"ARHGDIB",0.35355194580374,7.81451866535626,4.75385441629548,2.99513940660207,0.943084193666175,0.738823358456085,0.681403376155605,0.479862891170767
"ARHGEF11",11.0039372261565,0.643469574634417,1.77041480595689,0.806630592787167,6.23335224048315,0.934060984897094,153.44613576886,0.136434802912786
"ARHGEF12",0.484952215623388,0.498624769096884,1.31541703980318,5.69655584832757,0.294147810344131,0.743849805330817,169.132659892448,0.147633885663374
"ARHGEF25",152.708525542534,0.379917846074731,164.852347245966,5.61310129639035,149.628802636319,11.9001970456757,1.1453301962136,0.275542043807147
"ARHGEF3",215.789594028253,198.260880113453,213.555460633245,212.377267842548,212.265837556614,221.531199458426,0.596436252708142,0.169532231442344
"ARHGEF40",1.02929717799999,0.579573173409387,3.79181072421754,0.48785876199159,0.650283196184378,0.494990715022018,142.900895671614,22.1416960601812
"ARID3A",0.772965288490347,205.866949717074,1.06045324506861,6.75576236092428,1.98650306208903,0.905040992464663,211.111153812263,0.743142287922769
"ARID5B",0.775913920385603,1.18065876855473,1.38295135121634,0.686184394656426,0.674772988948373,2.07618709253713,0.73867188983001,2.66267373544893
"ARK2C",1.52647448820298,1.42616580693468,0.705266898022121,218.721582916409,228.690502488091,1.22113064503221,0.886542902752158,0.542784730634291
"ARL4C",184.139332016687,0.567739242509883,0.624080520932036,5.15836066579225,34.0682447659603,1.17131977155335,1.91818716871031,0.166960244366131
"ARL5B",0.787327758351064,0.514827073813179,203.80973471334,1.06299921406263,0.860699304249551,202.50158972449,211.1687803087,0.75895495163547
"ARL8B",0.88919669124277,143.141185261688,2.25204900227776,1.10758199784911,0.683015696724714,1.51427773187968,0.482131255358834,0.0837888235229479
"ARMC8",0.56471903733836,2.52227632105459,2.74197087607504,0.866137484640836,196.926915427934,197.674506922574,3.31724011901277,0.168999353476875
"ARPC1B",0.286551040911098,176.432740826662,1.91215476596791,1.32298969982262,0.59190227509176,1.07052816246157,0.39757434686086,0.459619732212974
"ARPP21",153.864238701721,0.632057584277939,153.721438471352,5.45208019132939,0.400219229898996,158.451442073975,155.22361254757,145.542477185357
"ARRB2",10.1669462702476,0.812004944349605,191.253904207917,1.09567317413921,0.919780936313417,191.04529491225,0.402959643185929,0.265514029092242
"ARRDC2",154.163708254267,0.900688623996474,0.420238268899116,0.69097665807788,0.347337740733345,157.924495432455,152.659140612083,148.654206049521
"ARRDC4",1.94523008370638,156.925100271863,150.362660588983,0.475082142364838,149.09598588573,1.46463726600966,0.755900668560327,0.60508012160612
"ARSD",219.988038717849,1.78520569830652,213.387716531855,1.13653751572372,0.401445322118342,0.967745748278006,2.59239283700321,1.24695506621767
"ARVCF",3.62846442476383,1.5144049356751,2.70613233575393,1.51237813467436,1.11544491622635,174.882161768874,220.756668012488,0.250352642621577
"ASAP2",0.933524094953556,7.06862043480792,1.55663631841899,189.027199855216,1.32403588213118,0.849230179799829,5.63404728530337,0.154364842943719
"ASH1L",0.259780652727217,0.856421792881889,0.350434165319086,0.467128139444029,0.324936140230463,0.317827234100295,1.0212096697911,0.276554054557624
"ASPH",2.63848450304022,0.664627072713956,1.65439478266954,0.899988169774846,0.232122952809877,0.268330419102425,7.02482387747417,0.135063995920792
"ATAD2",209.037905534989,143.12535375746,1.29103813543494,217.570019212299,101.177634952387,3.22308354162233,206.221597117076,0.374755721093455
"ATF7IP",0.83883725710037,0.701150973950974,1.47374749914338,0.70344093658911,0.281360752318142,0.296636192757589,125.160138576251,1.81232855498208
"ATG5",201.403425710514,208.193480036802,200.215969824801,0.881694942728555,1.42233694301601,78.6104218902201,0.58763979300468,0.266466682168504
"ATMIN",0.936867780448031,0.363760043541445,0.297010784746187,184.252992301189,173.722563635218,1.17232863704435,172.0794771953,0.11293794063323
"ATP11B",222.983250882326,0.680899031798635,0.693909586408459,1.19713767821805,2.91495602441661,2.24079122942973,223.018936479752,0.315203192990064
"ATP13A3",1.57686455200138,0.344467193346835,1.15420576016988,0.942116487356174,5.23102477119845,19.8354918493603,0.541004448900678,0.304750076262733
"ATP1A3",3.21656708132977,0.848711246778143,0.906001366379647,148.846107750046,141.700467184197,149.021004179295,150.820184303266,0.0403452327239998
"ATP1B3",0.266907542211466,43.2861601992955,2.01141285451121,0.917581330862103,0.835454268041905,176.469692108402,174.037404135484,0.105768907201382
"ATP2A2",0.359970071812533,2.21097310931534,0.260747278021485,0.460785420841617,0.706343418476296,0.63603357441287,0.94552398559925,0.0723137047257594
"ATP2A3",0.989632359113925,218.047345766406,184.984372340414,1.34084515042093,183.284631943542,187.353105195374,187.691568536581,0.0845846564325863
"ATP2B2",1.34895217471241,0.570691653992235,156.683970587554,1.76723462295427,0.70774891532995,0.376302084028743,159.553994405403,0.10269650983938
"ATP2B3",8.73644205336206,194.93693950875,190.06826885225,191.638843368912,190.041067896869,8.8429336688588,1.38491528602976,0.105707161026574
"ATP2B4",0.422256170952311,199.120152979718,0.787058679446673,6.04243796546367,0.301573461742641,0.575816701819396,7.04194361420275,0.463805402205887
"ATP6V0E2",255.71681862288,170.459216552149,0.827378634122213,0.748706359760208,0.522561471668943,26.1851965884789,9.39709260462602,0.0473748969156831
"ATP6V1B2",2.01119125840822,135.825153829067,0.634457450734851,1.99094561283198,124.761976962217,131.111962962723,1.02615837521549,0.0362222237856275
"ATP7A",197.484987250412,2.59925693147862,1.38221472336366,7.84167111160474,3.9695956510893,200.375274139892,0.596140397275655,0.372619763605977
"ATP8A2",13.1292481478046,1.78918596825534,1.07755248624266,0.540198023494184,0.701062679992925,0.437351427215364,1.77276028369771,0.0803422585922799
"ATP8B2",2.14374273038945,0.771526405043207,7.96874338556515,1.08135863355202,3.17927918413235,1.32079559699081,0.909379593912472,0.35842294214812
"ATP8B4",204.033523628711,204.738652433384,3.3760598648966,202.652873864622,195.883991659261,1.42729859283023,0.831357545174297,0.583933918147203
"ATP9A",0.941074782900641,2.49689696987832,0.65821916195827,0.417150956907321,0.226914546759537,6.33106300067756,0.797927522011164,0.0843632762012331
"ATRNL1",206.643188370513,1.61598077274485,204.876686241662,0.697182121286101,1.01786322898991,42.7046163027161,205.143589201454,0.226960522851509
"ATXN7",2.19972636248734,0.805657458049468,1.82438674190715,1.21414417552055,1.59396257546274,2.08414905835804,0.470787099498779,0.465205252791702
"AUTS2",0.478961993063443,1.63589082174402,0.686740657285996,0.943000631001428,0.212338461688795,0.498139567631285,0.674149539933046,0.436291833666792
"AXIN2",1.0682068647961,207.738570351735,2.27666066576628,0.516138563437368,3.1672264918045,0.619159449026075,209.356320067961,1.23542911373776
"AZI2",1.83738586537227,0.408281751657708,0.387730079767891,3.86042489631813,0.788026656103231,177.398682450108,0.55234896872445,0.158063786540548
"AZIN1",0.362595394127925,1.3719560647251,0.381614737248396,4.03425459361161,146.048014769872,149.661425386638,0.861771582147675,0.0811315720369535
"AZIN2",219.735888480659,1.09183178878012,1.22787491376458,221.09344353944,4.30945792478049,216.911329814582,213.604278235429,0.267145232487816
"B2M",0.0820960782582079,0.389120052003932,0.147438433061255,0.151663418363729,0.135396102529154,0.40527974345433,0.12178968967384,2.77448985340141
"B3GALT1",199.555162866098,203.411360181514,199.572155278499,0.668470454567259,198.17137820125,199.529855159386,199.695310678376,0.104912044352067
"B3GAT1",0.764676176764351,0.709322379606271,0.163266729022519,0.667099327254333,11.8863319399107,1.16759939321196,181.155011028834,0.350921097652381
"B4GALNT1",205.95871158333,202.849086770729,9.6099230316444,0.597059800833385,202.480991845855,202.839716590991,205.315231732569,0.117319287162181
"BACH1",0.376869754401843,3.59503178721082,216.824724843636,0.790537794267655,0.578628414596945,0.933539195303483,0.478913934289316,0.768868768193683
"BACH2",2.94918482712309,1.21375109905425,223.587401744036,215.159027203106,0.521190041497458,0.642295525746864,223.158947259435,2.50600107593121
"BAG3",1.86986785825009,0.750878870076037,201.798446256182,0.695138156186291,0.217065928641255,0.425041702476806,198.907808282095,0.293250192723935
"BAMBI",0.498209754304369,159.697536285494,1.29405423977892,0.701463711119943,150.71208391946,159.30692972722,0.396992134093729,147.530673708228
"BASP1",1.03887321483001,0.647284143125431,0.705365569587975,0.254524064302097,0.307663574553669,0.400885262438837,0.432812100782023,0.0422645292029113
"BCAR1",1.70766829662394,1.33626913409427,1.10633215130585,1.00621937060095,181.062154122364,2.78216229370132,2.44558303075938,0.139371731214168
"BCAS1",1.30007423413042,0.67588167313284,0.171477238126606,0.243025404012241,0.157248072937291,0.27593477773575,0.509005318150796,181.28429501383
"BCAS2",0.645344789090094,1.20071340849137,160.289621195798,1.13601483202452,0.660709045602267,157.808949454951,1.69475959999577,0.0930792379763887
"BCAS4",83.7909774060761,6.12686827000987,189.202865775284,189.898684133007,189.957642301534,191.241124894211,192.059354147431,0.176399555259621
"BCAT1",1.40050742054471,1.39587699500114,0.538009074819715,0.67594010775432,0.937049282036699,155.165556293891,1.20154565040129,0.0648717957590859
"BCL11A",0.769607394395321,154.950593311117,1.73751451831135,0.966307915227281,149.041643701861,156.045888521119,0.960962697029043,0.521763814356264
"BCL2",169.424750379706,207.310914629956,0.353090270178083,2.30615405811345,0.283161862949515,0.60904607829067,211.860053118405,10.5957585224805
"BCL6",0.54954906455432,0.494506474942532,194.356888983442,0.791251904975825,0.222258896825212,0.688748090249858,213.1692221336,0.454372335827598
"BEX1",1.57305190888127,0.450754324650121,179.900741105086,0.332547724746971,0.614942089068496,1.2960054851604,3.923617905217,0.0447207280134413
"BEX2",2.86306665184816,1.97438727771263,0.322701009806943,175.475647338716,175.137821011022,2.45298927264542,1.02921603046823,0.0771684495498471
"BEX3",0.608569027928286,0.516293589224396,0.504163121297286,0.312876480559683,0.403474769077829,0.97331818290056,1.01911209490664,0.0532373129207802
"BEX5",0.542014993159901,97.1798037301071,1.059221559526,0.343241408872078,0.39774233106424,169.480651221675,172.209754849095,0.0774358626125683
"BGN",0.177332401324331,0.441501235309771,6.31111204752215,0.497137880067509,6.39719468284228,207.979686241489,182.259112838527,0.473194962913683
"BHLHE40",0.34002268527777,0.873391157715188,135.823748785029,1.24231959931232,0.504296023111836,0.362515313111929,224.544501190481,0.475036787799185
"BIN1",0.483292136317187,165.014006807611,0.259667869047813,1.85715995584527,2.41326679255105,159.177636402799,1.02263885423683,0.0947721642485804
"BMP2K",213.768194902206,0.828606250406912,210.495888107911,1.1597412721722,0.241458071214001,0.455816241834073,0.332583695654463,2.2876824630772
"BMPR1A",1.22317441576113,1.00845337962284,0.908769373126397,148.36285470823,0.905438361277937,0.384646291334828,149.896560908383,0.428672701974248
"BNC2",2.06117182865865,218.795167704764,206.718317933095,1.01372385260893,0.715923563093147,0.991582079481086,0.71216882885671,0.438148366782845
"BNIP3",0.835478096713547,1.51635289527825,1.11036041311321,0.922942290281254,0.468535989915795,3.30731369826436,0.980405470315249,0.0647906996690256
"BOK",0.885894350961487,0.493456440955815,0.199763580000667,0.759773316209406,199.564227868179,37.1634161999932,191.654192714854,0.519889449324203
"BORCS5",206.04798099669,191.79653684977,0.644212723355642,191.983878720906,197.535444331461,199.063625633069,171.429849649217,0.181057132932743
"BORCS7",4.57223760074302,0.697222090163139,199.76877949792,0.922971383512327,0.888261456445681,1.55297767464718,0.561192237347671,0.194128018384381
"BRCA1",0.893157572153995,224.233337917419,0.528092679995334,0.900013503053724,0.725448455670908,0.740531017809302,211.642131985836,220.214727071942
"BRD10",0.392625639730482,1.37704571659039,0.379951358420707,0.359251284353264,0.308388616661057,0.31189803531682,2.45658545878042,0.216457934575154
"BRD9",1.13721990561901,0.877757055278148,1.65447489574741,0.64405934868437,1.34577684366472,0.968391671626045,0.787723506140024,0.486068173098221
"BSG",0.123196834342949,2.83739243520065,143.882140023912,0.309239869547029,0.175935406950281,0.357293107630889,2.5271993487814,0.105517363620667
"BSN",163.692341275525,168.917466609933,162.121020265125,3.82247745183997,134.245729008112,21.9901519655524,52.9562052090558,0.0824124048726263
"BST2",0.387213065948973,6.63772847137302,2.13432941809617,0.486812566607028,0.761914190844452,0.874950762576237,0.754028957002539,2.91138005520339
"BTAF1",0.377873618140276,0.874556148713437,151.306595491468,156.023939250195,157.3897973794,1.22998710923114,1.09755189882103,0.579695608586545
"BTBD9",0.590827623294341,193.412991342259,5.64830321835716,2.63036140627078,0.987616016212726,0.591619344177416,1.0705429010039,0.248016515624865
"BTG1",0.310583996473962,205.195570681631,0.434614458820884,0.600391552272423,0.787471383304611,184.670890959195,0.53073261261157,202.033323894628
"BTG2",0.339696909628452,214.97372639369,211.845828110195,0.69798572888,0.461452615827784,2.08960996880924,214.607517742239,1.63749654524041
"BTG3",223.787783624172,2.14919690385514,216.044627448504,0.771318301826981,0.219500635594004,1.38764275631969,224.792454128296,221.807854234965
"BTN3A1",152.325847976024,2.49750693181564,0.434523827589703,0.723498737254894,147.6924432979,150.577061801012,0.88213010687353,0.781775468305654
"C11orf96",0.226389973455805,5.02714512856774,196.255634751732,0.80128237874455,1.43601974183003,0.747601634845197,207.730194903105,0.272166875373151
"C12orf75",150.279567397724,162.755400587208,150.782752289566,1.52572445361098,0.436069545185834,0.725300886249186,9.7918646087252,0.454728574660331
"C1QTNF1",0.400628938141781,160.728660276538,158.006514177971,1.15665917859392,152.633038023947,1.56539581411047,0.483681840563037,0.777772880303384
"C1QTNF4",210.201406978374,0.7393390593381,210.185745581564,0.502664879696404,0.184270664118817,225.639416334905,210.009112089706,1.05389403316599
"C1orf198",0.529855342208566,163.429694016034,0.395877773583152,0.51613609653694,0.314269959357545,0.747698189293223,1.75230038071481,150.301190249623
"C1orf21",224.892741091502,0.989544272119104,2.556103241508,3.44827086303531,0.309937667109077,0.601538428639971,3.62513717297505,0.510269666464022
"C1orf52",0.732193717980468,0.770936387067225,1.81107494818068,0.54907782400565,1.30623824268907,4.33114549117715,150.951684338768,0.151206460609011
"C3AR1",0.531179886095204,2.23389714579068,1.38330388370809,0.713374203387926,2.51783106127228,197.475624023333,0.299132479769198,1.74055690537155
"C9orf72",1.02085296354041,3.13404273146168,3.60706426035054,0.901087483864673,9.23179457330475,151.524522740651,1.56235432564887,0.177816741840555
"CA10",155.406749410637,2.69666026929267,0.928083364595687,1.3379102707145,0.825912799543567,1.78736151308548,154.341196413624,147.695594295314
"CA11",211.308694139305,34.5477244628212,0.38254866314383,1.3173716922856,2.40680317170477,202.454522863456,0.715163089850896,0.330213214788725
"CA2",0.715369398345561,5.19160559555614,0.173073393325779,0.392074703472024,0.498108210802495,0.626305121104331,0.767422440248764,0.630692645203646
"CA8",1.41854484295374,1.90145049603081,1.57632895463725,3.77013047049326,208.217065062368,210.159747367741,210.923994161926,0.175589801114432
"CABLES1",2.14033355487106,0.945503556706487,172.169731886265,178.603151359859,0.129582972540814,0.340483593476212,180.670985977331,154.879225470588
"CACNA1A",185.671239584436,0.957073715436559,0.754154263427971,0.897166790353284,1.03566508452746,167.917223860136,0.516723510374064,0.117937693561491
"CACNA1D",217.693382198156,1.62298533233697,0.454554604744084,215.389462162564,218.254840993528,216.806378821829,3.49864177270607,0.324705489690415
"CACNA1G",1.12907205177891,180.35765309707,175.686641894513,1.79892582195859,176.424563385697,179.234271082857,2.53290904688827,0.164564494055072
"CACNA2D2",199.046385194903,33.7277353178964,191.950893263094,55.0105883090234,1.2716414818135,194.467916649868,196.692398425894,0.152590916323681
"CACNA2D3",0.845901451776632,1.95789827477362,0.737188634062258,80.5103106293116,198.412321517207,200.300265477998,201.658914060768,0.288931836281942
"CACNB2",1.42561134776969,0.912795887112487,151.935396340107,153.396857205889,149.066986622151,0.730350501463058,153.40556984522,0.173030621454071
"CACNB4",1.53727252559319,0.348875939582766,200.659858593523,7.56095803545134,0.314711719448029,218.986221441625,172.013781094601,0.117097719404898
"CADM2",0.768759071374697,0.356114637520176,0.356649227755046,0.749226164538369,0.22294940564291,0.37264369915108,0.569375227846435,0.0631021551714695
"CADM3",1.15888543005727,170.267615578913,0.86011102235502,8.33297220680256,0.851794452222261,0.853296974872901,168.081806522309,0.0662471337136487
"CADPS",3.58043898605959,148.765845552146,142.316487038084,144.656881047788,141.379260470989,145.129757187223,0.642401686413621,0.0401922299333786
"CALB1",215.505039498733,203.411081162661,0.96560212699125,1.29925465632385,2.01012014484015,168.534094191469,192.537744141516,0.626902924887546
"CALB2",246.859558183893,1.26967535177637,0.395691151159641,0.54625378761609,220.043226840642,2.26157988933469,1.34696057079537,0.576397414737673
"CALCRL",0.516200246393939,19.6679416613322,0.702906329080484,3.03141595824544,6.14479009425889,1.12291381842353,2.3178988875155,148.740487561663
"CALD1",0.211317595665276,0.750873681347714,0.692280240161591,190.138698222843,0.661375300226542,0.231217115514434,0.394484104842883,23.5762548432627
"CALN1",180.516530985154,8.79901452742324,188.973144667469,0.821607493353545,4.50936688112014,0.828526226903939,3.52211455843059,0.101201551693389
"CALY",3.01253022672031,999.952739196761,14.0417936230889,2.06762606771406,17.7555442901611,4.98138526818116,149.502194385805,0.0433337228662675
"CAMK2D",175.462711188323,179.823457682932,170.719719582266,0.72348436071966,0.312705874317314,174.018952361277,173.078418804217,0.0856445214264153
"CAMK4",0.931397970891973,2.55691673612864,13.9184851261112,0.76656862212603,178.030562228829,0.602325573627096,1.25816354994112,0.453953301579847
"CAMSAP2",0.473767597081087,0.7309093773419,0.620302222199594,0.389331061349549,0.757371609969647,3.07156419382037,0.466854190136486,0.144970924365263
"CAND1",2.03671067703357,1.6393354472062,0.558156671083543,0.45090983583224,0.678626026496612,173.312508639056,0.513920002360561,0.127575141715546
"CAP2",5.14148719821342,4.3770594091261,183.272253750678,0.657654093027024,175.547829787664,5.54856123662453,0.625779226009695,0.127750738510917
"CAPRIN1",0.365999404063391,0.809885991295849,0.407579852199015,1.18919066536739,0.915459675984073,1.04420391951303,0.985877592329782,0.144012896146422
"CASK",202.693327314656,1.4803358642642,1.66655148085307,1.43061533218154,0.787417362397778,0.533161553273258,0.660375271303156,0.418596790593905
"CASP8AP2",0.768459250171403,5.30967946018993,0.540971530810803,208.31097271368,0.54557150394955,0.525952999092898,1.14918278187885,0.973591305153729
"CAV1",0.405817740453242,0.630912075589465,0.469983813071208,0.406441152089965,0.661966462833745,212.712474328277,2.42870327934396,210.45256863178
"CAV2",0.191445835301062,10.4202646995432,0.278221245970124,0.641496133139678,4.47754607034723,206.39933853037,203.872633485739,0.755034206056777
"CBX5",0.539490537756688,0.802943662077498,0.408826900153675,0.511307725144673,0.292985390154399,0.798547764547945,174.964466719844,0.186155305743795
"CBX7",0.638185539260115,0.277610162308675,0.327277150044432,209.661895856647,209.739353896102,0.64848071073946,212.697726892989,0.232662651022283
"CCDC148",1.87628097618722,206.628703532059,190.525666481098,1.0088708853083,0.681705180339268,4.24167949736259,0.720840266284252,2.2709418770934
"CCDC160",215.89243039767,0.536695902682817,1.34204036085968,1.15745933787608,1.3750341016484,192.168401744646,1.57916534733771,0.552401999076164
"CCDC184",196.756890073685,199.656653911406,194.974070525977,5.57416073816549,193.378592459281,1.39991607115079,195.327922616427,0.105714719413073
"CCDC186",0.405758558474439,0.590360522805773,0.702668128501507,0.615897435274671,1.29709051102845,0.504069789645495,2.38549222450618,0.31439891333081
"CCDC50",0.450841406422641,0.954967747737446,201.377800984149,0.652940457231371,0.425493353440603,0.814088102997299,0.641896927608489,0.345172458725041
"CCDC66",2.19225823702135,0.583071332712073,0.428030603005926,3.83791932944144,196.412784963432,206.454710171103,4.80438632860601,0.313170364591489
"CCDC7",0.367991429260256,0.561013005571708,0.584365004463951,209.022435063367,1.7964609275726,0.809112214174007,8.24174044462223,211.91143938001
"CCDC91",0.702359598507619,2.29491352520401,0.641152905141229,0.500724467820045,0.6033131843527,0.509291201316071,0.505832756965659,0.143767229349226
"CCK",25.7836665403991,182.232536573026,173.93649661903,0.497979874284534,2.31709596657883,178.135296889643,176.489010105783,0.121466890242996
"CCN2",0.143858015487311,1.12656479858145,205.769442620738,0.402526968657855,45.8610408726941,208.956108688756,0.347606023917013,1.10740876722949
"CCND1",0.700672590677786,0.482207372818901,152.098999014125,0.688257095018061,2.40055443027278,0.435973225631405,0.734310094941786,36.4913374323363
"CCND2",0.91720957263657,0.629429355652579,12.2890042641968,226.648988976562,0.317347574269479,0.719570178680508,229.429635459393,225.442143945613
"CCNDBP1",0.542093410832006,1.2899401852347,182.96624629258,181.910201484087,1.10014175502408,0.424716345134222,1.06394629658257,0.160484161360249
"CCNG2",212.522887316434,0.35459226261035,0.650474060457299,1.15461478223752,0.630282004825549,6.92579101992191,1.16348358179642,2.73941387230618
"CCNH",0.673475092297565,0.997226154215682,1.28229419199073,1.36634516685201,0.787263733432354,0.875121903809442,163.684384961229,0.267039940582044
"CCNT2",0.78899318217116,216.5670449476,0.396538020427766,207.723815261587,2.0402858773432,161.797929864808,220.70065162085,0.403428787651778
"CCT2",0.458309417597689,0.861554070450462,1.0151299237724,0.789138077545565,1.04616928968944,1.0581462313731,178.736569307792,0.134043015059963
"CD109",0.805394674596696,1.13718878643814,202.047890584823,182.745547913441,0.378315303282227,0.786085873341887,2.95982074904099,1.49682058486407
"CD14",0.657641059263534,211.351050273964,208.8937596863,1.40930923086552,0.512309353969389,202.10618617548,0.261158502141772,217.699397543445
"CD151",0.172226010532569,0.854777547720848,201.635052197492,1.0284318288611,204.278094958749,1.05609264170143,0.953639868136987,0.27254723609577
"CD164",140.305161862459,183.161463276795,0.333578131096625,0.596803565169154,0.463023922511209,1.69225249982164,0.700301015039802,0.172109480243419
"CD200",185.981620216889,0.688572823973079,0.998642958238964,0.818359971205972,182.945316865378,0.385091571253876,186.124579825046,0.12267348735819
"CD24",0.54584748927693,169.424285182191,175.226476927335,158.427832558362,1.18709131057402,146.87102624024,999.999272815052,0.186383085414582
"CD276",151.186710082149,153.780134927476,148.860483527299,1.60470165931602,0.863462919186718,2.12323833707474,149.642768810148,0.21573698414518
"CD2AP",0.532753545471312,204.150445838063,2.2460313366567,5.35399766236105,1.51958010571919,0.878100243644462,0.903240639810054,0.5502959240447
"CD2BP2",0.734601416074661,159.010184406046,0.852697221952454,0.799551017609054,50.1708795828283,0.854230560308445,58.9725074319785,0.19232394599566
"CD302",4.07049369993804,0.913012651897043,0.629081703035801,208.875649278249,0.689464978339901,2.26570367863556,0.335502967235661,59.3512268791954
"CD320",0.240716814911144,207.870854017068,1.23686836753945,0.846972148080938,2.35451912342006,3.61729996556643,227.782737510913,0.211516087403661
"CD37",1.56527277133004,159.571114728035,154.714086341902,0.681549122013176,0.557300474232647,0.565462408762093,0.291651756701298,149.082270071986
"CD4",165.317966933231,169.561379494857,163.86046412391,1.40161952075219,0.440238966851078,166.288856649115,0.267555117665509,159.219661120473
"CD44",1.33067095951205,0.966403991482851,0.747947887904969,0.728078981701211,0.296243451613644,0.31664608262082,0.484770917009836,210.816136954416
"CD46",0.270178901055526,0.612463329460442,0.50648771928789,0.426189210355773,189.257711289588,1.25370200661821,0.989183983122605,0.203709992868274
"CD47",1.30964380823119,3.79178823966747,0.387602285474501,1.00452635998471,1.41139246039226,223.681559112587,0.669059331748916,0.0979934942918314
"CD53",0.446241025610213,174.528584903923,181.597593570723,0.613204277351832,0.44068018033881,173.700298447394,0.32505987999811,162.183152681672
"CD55",0.421311376703023,194.683104967217,0.76167122730474,0.498532913143326,9.31779645940105,1.64146219028763,189.497563159596,0.137749411125395
"CD59",0.152180138250059,159.11599035278,0.291857247528816,1.15386594594637,0.405858922222898,3.3404144716638,0.338301752046491,0.0721743487488127
"CD63",0.185323680349419,3.25287401360196,0.365075680738481,0.730129056699467,0.244482767092941,1.10829455292935,0.344401132915444,0.121077198170524
"CD68",0.524001853377328,152.181215497732,0.94493699292617,0.617391186325982,142.739443855032,4.26346466361258,0.160373283005536,1.73101414918455
"CD81",0.370844399567572,0.456546058547454,0.457626574038149,0.251112613830918,0.0994102360891396,0.19912273573961,0.419268708159802,0.167536484358973
"CD82",0.777874865929772,0.389297721207524,0.575443971971569,0.569682905086969,0.441447573053595,0.523193425009565,1.13448388102247,2.3395064859583
"CD84",0.699857049912227,221.143469762576,210.315469496299,0.680158153413724,0.660848108141598,199.426040434444,0.266204004807091,222.711311034222
"CD86",152.287975338029,156.720305144136,0.746802222992886,154.891023074894,148.115272568772,1.22378059696901,0.404848189185922,1.16634585860504
"CD9",0.339833617568826,0.456534377327557,0.234403379449873,1.73348220331477,0.537715352155624,1.54292715442735,2.8694065320291,194.970448007677
"CD99",0.419183462097211,2.49917685455828,0.49094885019979,1.69213570773544,0.160273775602953,0.410855522459398,0.650793416352511,197.881174686776
"CD99L2",106.013066873027,2.56199353198348,0.49680446935225,0.388096993800666,130.002318542306,160.357147784599,145.828405821003,0.0708865875294259
"CDC14B",0.535146057686467,0.625166618805924,184.339413497966,10.2901928894529,0.32692276327595,0.473631295150503,218.437899195332,227.912080905207
"CDC42EP1",1.74251748343952,0.679070636705943,0.356599851161901,1.3373865800525,1.39658288377339,224.384436140804,41.6434307603761,221.665091922207
"CDC42SE1",0.81166935841399,0.49539283669731,14.8376779309438,0.595748532046827,216.50864287113,119.349299910855,0.425341475598949,0.324302664866947
"CDH2",0.321124793204669,28.2680036182129,1.1713222598579,0.467070002622658,0.419647859248182,0.56320440271835,0.577559828346752,0.383506926947118
"CDH20",203.086723289971,194.811506389759,0.995189431662212,200.471065479363,0.265197458797364,0.332579557555246,1.02311824670676,205.622327811389
"CDH6",1.41627274088719,203.879403185965,38.0595815274206,193.225034301523,0.788427868173916,0.733197152009664,228.635645673615,0.209575419570555
"CDHR1",153.700240913703,12.820489544049,152.741358816761,2.17505482777091,1.07028450496676,0.766127709044207,153.789542113428,0.277129389358182
"CDIN1",0.621472217728078,210.215804623247,1.15672368736016,211.036115971542,235.190285162887,0.623832945902915,211.13398694076,0.514852830974477
"CDK14",1.46417721776872,3.09210452604086,4.79587708620402,0.636120292249983,0.361540348553589,134.868708178073,131.527611012068,0.077501203101899
"CDK5R2",2.32817711483559,173.704204668463,170.112003310726,0.539012844873731,170.14127538407,150.577086360929,1.45070397245293,0.0965473622108173
"CDK5RAP3",206.464648334888,209.591983926831,0.796891541030549,0.718235373786997,0.442943451781845,193.83672684074,218.216856070252,0.402340263643646
"CDK6",1.55656551071844,141.083622213775,0.494595866377438,0.983609840731973,132.331297523793,1.02503063455068,0.974642639973196,0.900452516068683
"CDKN1B",0.342644859314455,196.182814730344,0.38541718421701,0.725665016903119,1.7334150417535,0.698381553559191,0.453426029936999,0.179493714389168
"CDKN1C",200.228733742796,189.532258601311,0.117910171870189,0.495319067533811,1.1018029706915,0.668921007944488,0.371651204132536,194.272774627775
"CDKN2AIP",1.00636073165921,216.981717409978,0.746159898210584,218.604144694469,213.175436381781,0.793706013114173,0.898233327940269,0.465449492830116
"CDO1",191.339459217339,191.636536977905,179.997110095522,0.624852862231731,187.092903258174,1.41789671935044,1.07786443745509,0.130147515069081
"CDR2",206.747165232189,0.560509599554913,205.505705875573,1.03188269643174,204.915142012808,1.89794502609593,2.14837609341742,0.246405052748628
"CEBPB",0.386266014569107,0.894562746085844,182.621954154742,0.50345304727272,0.84789438052073,0.443891611947164,0.837675453258884,0.468511007642174
"CEBPD",0.224205955605843,0.978048533892827,0.518677806665098,0.507024109466409,1.03949472075009,0.551106948247342,0.303250974997375,177.738942509756
"CELF4",0.436803055262737,0.80243978695959,1.00097629162843,0.280552588526227,0.298478984054972,0.384393988654153,0.678100747208066,0.047715760388364
"CEMIP",0.263765579435134,205.849569247289,205.671415623401,0.540477424276694,209.699414320468,200.643283311733,0.875894147290085,206.241497291305
"CEMIP2",0.688314636683697,21.7747166358063,171.895270911006,23.9899304429375,168.877997800926,0.517150432874346,1.32831294604108,0.543421956237414
"CEP126",2.71075431537726,0.269755150730122,0.76859330348115,0.975100397360664,1.16052773562344,9.06386746076389,0.676939292368525,0.133214232248625
"CEP135",1.8033789764961,159.823238873518,0.545290068046988,167.605985315336,0.835325062162476,156.916865569105,1.10127139235197,148.645228065518
"CEP295",1.88681642747936,209.503101952778,1.10444915736199,205.307455344199,216.665688491619,0.444534398531062,0.535812119957827,0.339061994704418
"CEP44",206.616280269169,15.0742060713715,14.2372464048048,1.07256256152372,1.23360877723935,4.53560266438358,112.98982461003,0.330689087686294
"CEP68",1.31921027863193,5.96928484056765,150.219599733694,0.91608915098783,0.613265015820081,1.24033990561495,1.27509514295542,0.249491344583189
"CEP78",212.601235517646,1.44637915083571,0.463364171846752,15.3124864009883,1.27368443814873,1.09422725948371,0.497066075330118,3.07505345196011
"CERT1",0.377833896883788,1.52476654349719,175.983245078308,0.399063057499346,1.00305029885884,0.74566454737684,1.23355573609513,0.104011770264377
"CFAP36",0.958907919407232,0.734122472527669,0.746331564932071,0.387811535494936,1.45088841871767,0.469681653362339,1.02580605581085,0.134950372291976
"CFAP97",1.21832546003858,202.226651014516,0.711963911032726,1.62180351275282,0.483725422289417,2.65502057236932,204.031488084954,0.179479432174855
"CFH",0.205327833638381,35.8478265689351,190.655135588499,1.58433320812479,0.569313540569715,9.12192326642667,1.13764236673815,191.314145376839
"CHCHD7",1.53762534817268,1.49951490369773,0.993444162941487,2.24101997139408,1.63142012328748,1.34839016396853,1.19337703064659,0.463299833278882
"CHD6",0.613392744099012,0.41033205110509,1.27983728977315,164.029824922485,0.532567868485068,0.477044451601639,211.309347321702,0.169889041199098
"CHD7",219.092647836513,0.520100274003151,0.517020278202622,1.68130961835962,0.664556789001219,0.519036192532233,1.25951479224109,1.47928718430409
"CHGA",189.379873148947,201.128554142569,165.993414596655,1.64228027521364,174.700688831648,186.424658996302,0.494518406509627,0.0932920986028681
"CHGB",189.696227421079,181.119595848741,184.352256320955,0.489066573154281,1.1663997618258,1.05548000635331,181.542724402558,0.0811276752388051
"CHI3L1",1.12747441002239,1.18694640493889,0.299979984662305,0.533941185930752,0.107865502803431,0.222115869844414,0.609129076757027,180.593275445704
"CHIC1",7.06525298013643,2.11949376409118,1.29370037591189,0.483871153794278,4.03529553158927,7.77993866905816,129.482357676764,0.151883576237498
"CHMP3",0.5626757687233,0.667051457585048,168.08902556288,0.432220884697016,0.317020479281922,0.33580702297019,0.629472598691932,0.127875265465473
"CHN1",0.576470809152452,0.651029204934048,1.81839578059068,0.536860441412711,0.60862025529543,1.37010530401536,168.411508765374,0.0832197762024544
"CHRNA4",186.172545314526,185.856717353793,185.857745883373,194.893066548812,183.530443480426,185.835636685149,184.297367702416,0.0555944861703662
"CHST2",0.521558475418388,197.491805399966,0.340926748949618,196.812892291438,53.526202434239,198.488743632067,195.61343458484,0.292234144172877
"CHST8",173.629608529472,156.548530781751,1.33947580040377,1.28873929398029,149.402333653729,154.863646931374,0.916755852614487,0.26475299186591
"CHSY1",0.554447034307327,209.590795310528,2.66823640251522,1.08974439956691,0.773489083056159,0.881481674008993,0.75533442405252,0.929478194316173
"CHTOP",0.663360409715283,0.692365961712406,0.775162572485941,0.469733025045808,4.04550128612193,1.11112653072404,196.710348538204,0.199261740870031
"CIRSR",0.359271248496802,1.51430191401969,0.498810457424776,0.959445932064407,0.766163957205605,0.376824277693911,0.912021761092657,0.232839127470269
"CKAP4",0.28970627111783,0.5534407452055,1.22459344627463,1.16216567320812,190.463743603335,9.60665991471506,0.576972894038662,0.167034095785705
"CKB",1.00397711873174,999.996618591289,2.40398154157368,0.383961780060188,0.661748855037165,0.24909492348955,0.724377103444032,0.115009463888541
"CLASP2",171.951062178098,0.982466433768962,0.199183323065914,0.604805856334885,0.9493601255626,170.964016378321,1.28168879848498,0.0775346786766369
"CLCN4",1.76402315346913,100.838136593264,0.312245768653748,0.646407026784272,171.180573885861,164.938105733516,0.567111354999484,0.0928588021510953
"CLEC2B",0.313574509899485,216.952423899633,3.45543075588548,2.04144567859457,89.9882438019368,0.636299612183977,1.07982415030686,218.418999864942
"CLIC1",0.205195360505465,230.535415227602,217.766804768062,3.16980096409863,1.40719566265027,217.86558773309,1.19306921136764,0.952305587774726
"CLIC2",0.34110716044734,83.0569361757007,39.8741426014874,64.2044526154839,33.6369873960494,2.23594224954162,0.556944767935249,3.91910113491263
"CLIC4",0.257007106698519,7.00221041095727,0.30985450008143,0.453383907615079,0.209529440810909,0.515503964891775,173.874197870437,184.32465776164
"CLMN",0.762634372440061,190.600178357559,0.19765142320551,187.919741225742,2.50454296812921,189.747697252214,190.564309123913,0.833349172728916
"CLSTN2",180.575461031571,177.784312002695,4.73672239907854,15.590909878589,0.866499401065023,168.695182659684,172.814283771158,0.0681077098669754
"CLSTN3",152.318351882339,152.868962866014,148.816120217928,2.18692690051013,145.989436167083,3.12437116615536,154.955994978253,0.0580561342832178
"CLTCL1",0.712810421792136,1.0900646729495,151.527832383928,168.5251477689,149.686054870551,154.678927834105,154.204904277589,0.186919369817466
"CMC1",0.4775223254828,167.840489239129,162.795240542669,0.650084951511358,7.58968131629778,0.955490409845769,5.66573551987257,0.287878330040997
"CMTM3",2.11908479333976,150.746611622713,152.274663079242,0.943009319612552,1.06398098645405,1.18657483627205,0.612684196694934,0.639588200065274
"CMTM4",2.46995413634326,0.949814681866498,0.540193158531924,0.38008693997254,0.505850078914417,0.538137609772565,0.895373821524647,0.241779798558055
"CMTM5",155.890452048472,1.37933465649439,0.448244102320514,2.43625409589712,0.464464780186738,2.7118945419208,2.13341911792746,146.50608309495
"CMTM8",0.24478659350236,16.6235326576225,221.168836468208,0.608173065450652,220.800679475227,222.517153384851,223.477119360617,0.827150949121359
"CNKSR2",1.29075664301628,1.35275983859087,2.13231706710798,0.795793394523455,0.358069820408244,0.444598792845775,0.842731755886959,0.198503626343529
"CNOT9",0.558332043404712,1.2347931790143,0.731719587138739,1.09921566392748,152.476922854866,156.283557328491,155.537995114145,0.226941477411648
"CNPY3",0.459249845516414,3.12058795173102,0.580648033809822,0.511451932302871,161.583824619738,7.12042919981242,1.09592478354179,0.286812125115141
"CNR1",202.480654773136,0.704224971850732,1.06118271652032,4.63880143434314,191.741038802595,192.102767417803,1.43472091719803,0.464941472266606
"CNST",0.922500288022629,188.340156394331,65.1059755201975,3.9773107865743,1.07314989646658,181.445344071235,7.15349194899225,0.118080184839072
"CNTN1",0.597740371976991,0.515028787709401,0.541606960904347,0.320641243061516,0.360333945378356,0.55755654329329,0.707616286368169,0.0594044752746729
"CNTN4",1.49544289084835,37.5981812159584,337.896975955623,0.684106377563849,194.151281574737,172.35532814277,3.08823554159435,0.107841165815818
"CNTNAP2",18.5469668598514,1.86121563166322,0.33824384163638,0.417235977517806,0.736297701453952,2.44802837012748,6.29280084020616,0.115261810089364
"COBLL1",0.39389320099224,207.638818843092,204.170515517607,205.159165373268,0.398513587294757,203.106920151758,0.933191464382606,1.04200694279247
"COL11A1",2.38435651421814,0.481252476966592,207.638452141183,0.75421221461035,208.495185178899,203.470986823426,1.11409926095826,0.18990096141835
"COL18A1",0.287165519560887,213.69670293946,0.275021662726012,1.12036873055295,209.869876289459,211.906101828605,214.112703857825,559.091677068293
"COL1A2",0.156737545511426,196.394185030341,190.881445871623,0.535420217184972,189.431539864404,0.917177446338807,194.841474338329,4.5754089350417
"COL21A1",0.873426381926594,0.585680812986347,1.16834653513069,213.072285619643,6.42520721447874,1.05639654477829,0.883618998425591,1.29823387687038
"COL4A1",0.227163324741228,156.367431101007,9.68631759266408,0.452411642643829,3.15950887969363,151.816313598153,151.283809787883,2.00258546766414
"COL4A2",0.325497692622293,210.715531811709,4.65638244755089,0.530667100550238,1.01448318937519,182.766242544264,11.735216136213,207.035765952455
"COL5A3",0.468777832387786,0.996692009742564,217.507214519303,1.2035198176697,0.569865437466625,0.664107574113983,3.10250237485099,4.22109794322241
"COLEC12",0.255958985586982,225.676508505316,4.3444829053152,1.32070904079729,0.440650107112234,221.025573802944,224.388595179007,0.987805426309887
"COLGALT2",226.512487601449,230.699560261601,0.412569316290376,0.775088223703939,0.558039163260525,1.48100268735376,1.89664233844043,0.737130676557031
"CORO1A",149.090514681173,1.04173666075727,24.6444309428879,0.49048724428085,9.25828242740212,0.893729354033679,0.349711450733963,0.419349562726472
"CORO1C",2.06921164215783,152.423528591307,4.33670091249279,149.570665374576,0.901459357537504,1.01776785162706,1.54958388693075,0.148872092258204
"CP",0.226662186656906,214.439728744999,0.499066142644052,224.586644904459,3.6602619534399,1.27826745571292,1.6726835952642,2.4396490011648
"CPAMD8",2.37936524967809,0.892356953914348,147.691640402583,149.984871524638,0.383037098219567,1.95143747159088,3.76994036963588,1.16212379960323
"CPB2-AS1",167.447372354298,50.9637192876487,0.454854428813381,0.731892860871538,0.335633259098409,0.624891496622086,221.55976648378,218.580315203235
"CPD",0.32705838946444,0.984015142473649,0.36048619732146,0.719651080273853,1.18962454978708,0.668646846690062,1.14827325415131,0.74303042184438
"CPEB2",0.453672773378393,0.668792400221427,0.745347708832259,0.659207006425867,0.737826205145699,0.854166434660722,0.958659341051053,0.392189470998865
"CPEB4",179.12140651447,0.794455524917816,0.568533948257404,7.15065887722568,0.214000788271803,0.295573942974542,0.595052364439488,0.199159892720992
"CPLX2",1.30841790635207,145.688955028542,137.628159769512,0.426225895381825,1.98432055879451,3.9791570233624,2.34610705878284,0.0426291850734869
"CPM",0.599235566346893,208.419785417994,0.785640787535633,0.384444344802616,0.441347183908801,0.640643463296944,0.360647142264581,199.579124470105
"CPNE1",0.596782242981519,4.47818125926032,196.956866231438,0.91032378522403,218.708476817635,199.419988198827,0.866093515048499,0.256657954023139
"CPNE2",0.490306728645133,1.56314699749464,0.391814640879974,219.5199238666,227.742041021339,1.55417199373262,0.80644831352089,221.745908670878
"CPNE3",1.01042608028849,0.376951786905503,163.730299242749,1.51348854649701,0.156076258153483,0.537447997724915,163.243308126803,0.514542089392698
"CPNE5",1.27164738124787,7.66668363511537,1.5598254954557,0.895253725129715,1.01638229687662,0.552438469444542,149.137220475338,0.755496666893588
"CPSF7",1.37242891003992,1.05816592848454,5.00428200563731,0.449994098639462,0.691231810481525,1.48464088768608,149.365154145545,0.214951530009773
"CPVL",1.40913324183721,248.966137205775,1.04342003899403,1.03011328883456,3.21330316582748,0.575056073669635,0.192285051842184,236.350280998994
"CRBN",0.335040103649395,0.934622027820598,0.76080142573215,0.999814928797207,2.2280182529175,0.861262614050267,143.817703006182,0.114753356353659
"CREB1",2.9316487656947,4.58903169073209,0.440252640958224,0.746718685269714,0.818148943386621,200.554501371822,1.90810318981866,0.519412761648799
"CREB5",207.549263192828,0.594085738803379,1.01119777200482,1.57389879556027,0.214867100506749,0.421859362221578,212.45551812394,210.857220175834
"CREG1",0.525755515450305,182.727654258447,190.820384524376,0.358579658125146,0.531612428144664,0.724633883742954,0.208611494580155,0.451801283259975
"CREM",0.470255803994213,0.542831280938516,206.106756930449,0.825585025773595,1.8208303518662,1.02485964605249,1.27458836425957,0.290286706489304
"CRIP2",0.186700295941398,1.73612131458697,16.4189639757723,0.595704557543449,0.600575311120883,1.04663087808883,1.43524785606165,0.250795856987882
"CRISPLD2",0.428889163060006,0.495540366605091,10.9504714330219,0.94562371297029,144.09577050808,170.883541703103,0.750418971375063,141.686940571467
"CRTAP",1.28620734324131,0.976056688166291,1.53324672508491,1.34664785697418,0.323684537670373,0.628442112917493,1.04167907589424,0.516840980992142
"CRYBG3",0.693704372946465,0.752216830137027,1.03723097146654,8.45173766829775,0.645012694100014,0.483725258204581,15.1072198621052,236.460897376189
"CSF1R",0.375935010393169,2.43780817288674,160.086808616551,0.454166529814227,0.423832628548074,0.479016793172278,0.253114521251392,155.257390475945
"CSF2RA",1.36484617358762,161.115806077179,153.97236503024,0.701264887864355,0.531679484978323,0.651200434129639,0.617537184413704,147.58604609463
"CSF3R",1.64351346167951,153.193964381504,2.98383835130284,0.622176237387573,7.30973159665069,1.0619708490949,0.681950623879516,15.8298527515408
"CSGALNACT1",0.464726574260953,210.159763003117,2.30662682267606,238.96286713106,0.544264339190263,206.784179916768,0.6360723381988,0.319586171583397
"CSMD2",204.062047583563,206.910568360879,202.256235893439,204.850583137749,198.963906698943,204.71611609287,0.705546599827783,0.15870076860941
"CTC1",2.10481317381086,197.845576254673,196.206922085717,1.00510320237791,0.863736763080034,177.04125132385,1.38225830756034,999.993788011582
"CTDSPL",275.24576089069,0.761030582702694,0.629663144462134,218.943396370953,0.469494176411396,0.572637962602327,1.00583910493288,0.74280413153542
"CTNNA2",189.029693201999,25.4012608968415,25.9135292946414,0.643689484740914,0.605407192754648,195.273909030332,0.632031082169197,0.174922838806981
"CTNND2",0.366817632435142,0.655254808106941,0.549644372850944,0.818007167175066,0.210123446210115,0.462990270396703,0.960164343748854,0.111026010801098
"CTSA",0.377288223710777,2.02262267209477,172.843101459992,0.439318133105031,0.618568357326592,174.434780779016,174.594038538451,0.163659218263072
"CTSB",0.202467512198452,2.85856942607973,0.518725474298627,0.148854132826657,0.455888910181207,0.716019286328648,0.128849114110106,0.0646120131278964
"CTSC",0.402818241306395,0.705498260372382,217.374940486969,0.305269584168913,2.07865587058049,0.438682418732765,0.238566588804489,225.49230351407
"CTSS",0.873975655589639,2.34298434435285,219.796917889923,1.02142859552866,0.336032104054809,1.13381393018273,0.236968668778144,251.796581027057
"CTSZ",0.378412672039172,0.827362576746586,1.11566546232406,1.0748606494424,0.625352603399132,0.429510638790419,0.996477244974927,0.779315383555209
"CTTN",0.595580470963371,135.040211823768,0.779928816553117,0.724973416245561,0.704413123725358,0.37700450269646,135.298450948105,0.220603438860504
"CTTNBP2NL",0.396153003363384,214.392945853071,2.35281647382623,1.19089284245341,197.221609253629,0.700763897330016,0.562614905418146,0.810760337629535
"CUL1",0.48531699672288,0.891947912754958,1.34958721801808,1.75502489499202,193.464431845226,0.672420264535906,0.835810145263891,0.152119688464302
"CUX2",184.268934085485,187.82095583197,180.934306212372,186.574517756777,180.107556132419,182.689483137398,0.774008443489325,0.137262546970488
"CX3CL1",0.524455734014557,206.90830986981,201.439965809126,0.906575306148114,215.423619625127,4.17963201689878,1.0797025914749,0.189148606287902
"CXADR",0.815497529291822,209.043396759422,0.592135168747953,164.311278208869,0.601044902646397,3.06407531450884,2.50772792895627,0.44188594624523
"CXCL12",0.278618193737678,1.15584575568798,197.713694414595,0.691003488323476,1.42109697770783,1.31979687846699,2.60741087845411,0.906558156315215
"CXCL16",0.575056507092256,1.96121352579356,149.110073209762,0.496149925217484,2.53976826034499,151.368841602309,0.471574834938902,1.20917660154697
"CXCR4",0.617460511350914,138.098210780054,7.87967709695219,0.585950776819644,154.548188962693,2.93973771292899,0.419089846090185,160.992540619824
"CXXC4",0.573998492554405,0.840987809506105,164.359490839064,0.286241240087579,0.251453116655487,0.377455158648387,163.610538513806,0.161132144143853
"CYBA",0.335213185563436,1.05335693346122,199.276093678294,0.72643696924225,0.439595547557488,0.665932597479224,0.267960286620679,216.784655368428
"CYBB",0.471367298674737,0.879875472327946,0.929980460599196,0.900139857426798,4.35190956697845,0.533940855088463,0.525284159472495,222.450943721599
"CYFIP1",0.42592207289422,6.22258925761951,0.611010333029113,3.51236857029835,0.476962208429587,1.45428321844185,0.396142660125912,5.94975777386594
"CYLD",0.794259180676427,0.921901388083244,37.5381498452797,0.432578661530909,0.470929869287211,0.406216483927639,0.565282770227905,0.120362841500413
"CYP1B1",0.392866171266994,1.20062101577747,2.92315284867793,1.00614451297951,1.69338378772181,222.400911039027,3.21879741861313,1.58961097942225
"CYP27A1",153.345203639214,157.848249671126,0.911333463867926,5.99423556044979,0.325679097591946,0.50925074282416,0.436156679392372,145.589590486874
"CYRIB",226.906883059918,2.84516387544551,207.720013656292,0.732851321887949,1.25072503998175,0.392090173879048,0.295865744207066,0.230270131591431
"DCBLD2",225.73690657071,236.233865788131,1.38347412683952,0.880498270721873,1.6254521367447,222.929953092949,228.460935991659,0.209018108645603
"DCC",191.154293846764,189.475725382282,188.292683855518,193.237430953113,184.509653755923,1.29693029947591,186.567747024219,0.0933933925006098
"DCLK1",1.00468229798668,174.584754713942,1.49844036025669,0.497055537374729,0.295392658505728,0.545702294720106,167.208592247402,0.0619024458164273
"DCLK2",195.322708571775,194.605300682777,193.91719284998,0.75506045384424,0.415326102728224,1.26139083825459,1.76865155224517,0.178497711632134
"DCN",0.156157563445283,3.99546306623848,3.26239831747039,0.423813207765214,0.460611069252446,1.17750282332138,4.25523050604911,208.39902572236
"DDAH1",0.875920609784089,4.63983888011411,1.30764864879028,0.348900918014484,0.318038978628068,91.1901189730428,1.05904751870549,0.0818330209005407
"DDHD2",0.780695929248179,179.102737329089,1.33694053348214,6.83996750508949,0.718993743527881,0.597624364998839,0.737116795434896,0.155240788671834
"DDIT4",0.49539169363052,1.01687538041921,1.12793894151859,4.11249917991396,0.385373629434279,0.393361795896809,0.481135079606124,0.427053833091589
"DDR1",2.57567339221424,0.484540898819698,0.413645048266088,0.336583153081416,0.162125959666407,0.350262322552622,2.10642020072275,1.9014915482766
"DDR2",0.672886273065472,0.64891441667007,211.719883100095,0.442076958663433,0.176048546629353,0.285285052564943,206.700072086539,5.92497628738763
"DENND10",18.8017377395913,225.102564005446,1.68732706916824,0.76516805128863,0.43865597513601,0.69608547969675,1.25156443810795,0.402596296970466
"DENND3",0.559485741197108,181.134229963817,177.939679602242,179.010200049116,0.571925812743944,1.1352214851516,0.518970067074367,1.88096551528213
"DENND4A",143.05105667701,1.0187704126043,2.13885104424407,1.43453674463521,0.475412395297701,0.643440608171107,210.307626709094,0.223960297100139
"DEPP1",0.344061799928843,215.259751574081,2.47390645587945,0.758566189493827,0.557091603547898,0.973585485088666,0.897194982247073,0.540671593134354
"DGCR6",178.794084419282,179.744282397436,175.869882897762,178.641063043542,0.335659664434288,28.7382807833957,332.478561327489,0.434593434529956
"DGKB",151.52878427529,1.33826004289403,0.673080254201509,1.11492318469487,0.736411607936494,151.557921489848,169.989240537173,0.293196982026647
"DGKH",0.514643595576387,179.232968242729,181.334726899635,1.00767888676125,134.24178887927,1.14826658493025,0.518150171224455,0.12479504682655
"DGKI",0.866913724911169,0.83925031740649,16.6220684060609,1.83585762916554,0.839404248286196,0.566543743158556,252.351958257175,0.315599855219466
"DHRS3",15.5985646667519,7.08778972415366,0.566582919443368,14.7383242309732,0.452271714888622,0.830687339370083,1.07606501389358,1.16737004288516
"DHX57",217.214086289429,215.679363020057,5.67317961100116,212.946712313858,0.959381867270142,1.24764823357965,9.00974295841665,0.406301142682488
"DIAPH2",54.6421432233889,0.676491395672267,3.33479005367952,1.1768346426746,0.577006723838229,1.04957084159234,270.504724704395,217.488203354955
"DIP2A",0.37383666246185,0.752194069920725,0.811819991581641,0.863821737056038,0.624846504122109,0.484724852520557,11.1575847932915,2.84826397334642
"DIPK1A",207.287459324068,0.825142577800188,0.508859523300766,204.364203718846,1.15427247129475,203.257712329813,3.23029153779504,0.275769106262793
"DIPK2A",1.3886614224764,1.40074593981076,0.809909456238172,0.853517576258009,8.11894368813671,1.80088771055978,1.34916610326304,1.05055200591004
"DKK3",0.541573047439242,154.293682451023,1.1844422149818,0.335394296186093,0.1824923599981,0.319140761356566,1.0598582602411,0.0399211630676581
"DLG5",1.64496414458298,157.161997281003,0.360647797182097,6.58526239656213,149.783112760128,0.999010292272197,154.188280584129,0.34005769996703
"DLGAP1",211.456461968985,0.646634735886053,207.631369910231,143.80695426465,0.698889717905394,0.854954796922765,3.8646878412888,0.428883391078379
"DMKN",0.572019168255681,0.511552178151009,209.500136094392,224.523187658478,221.155407112628,179.52791047716,222.866995022492,1.03884160986096
"DMTN",7.18782077721781,166.669250386946,159.590312481263,0.8216534604438,11.4313033377539,216.724414698215,166.085310440074,0.0655402041400965
"DNAAF11",1.68748946732616,0.422642219699903,0.831034867889973,0.865492422729177,148.736158142639,149.168858285446,7.36882643501603,0.710991577562762
"DNAJA4",2.21822676126491,8.4128107940312,2.03700263842581,0.454584818723728,2.08070536351462,177.765975613965,168.726982127748,0.070976421567287
"DNAJB9",201.819268008165,0.866379538976558,1.31806948103248,1.66395472911267,9.17744518360944,198.700642878166,1.36742383528694,0.159392835554329
"DNAJC16",0.971649604905831,229.226535968879,224.369958817933,224.598489923873,0.613096388183813,2.74068482880532,1.22017730715217,0.267432821778951
"DNAJC4",1.18415135331493,202.096766004991,0.697126792928309,202.363017002413,0.597222822539917,0.739338107540178,203.310925601234,0.29334978909522
"DNER",134.370210311637,3.75271034564381,0.414151813428382,0.280526939010889,0.42034583049732,5.42959940315969,0.85291319083256,0.0398722006891639
"DNM3",158.058903978003,0.417407351896829,1.02110911636102,0.358688718804855,0.252581140195226,0.764478798863019,163.441681159138,0.0746154305837595
"DNTTIP2",0.779504069257808,1.89345309269982,0.351299107076937,0.941420306002696,190.836726064663,200.679543209858,0.899422600050311,0.193834438444304
"DOCK11",220.278059122723,0.952600447130348,203.180437005329,1.01972722583632,0.821883814202715,207.164007998644,1.1788425698031,0.331413380477101
"DOCK2",196.686320098036,199.139793066373,93.271015851474,2.70988324397693,1.73132527134917,0.718549123522672,0.404828653536528,1.98271980482413
"DOCK4",0.71763496929954,0.550129164020426,0.52310699683076,194.264784273432,0.400553153099928,0.386118132736785,0.670554752940469,0.269161031600102
"DOCK8",0.499188546212924,3.69038567376153,28.1667460760636,1.50016730310296,0.881373963477554,183.860026770369,0.44468557592725,3.90843828547546
"DOCK9",0.207974089753457,241.957584786258,0.392300185657862,2.08822023149605,1.57263924646364,0.588901428889561,1.00727758728378,0.310375271718141
"DOK6",0.679413020483782,0.872086909581528,175.269080865574,0.86526330480312,0.601888241938538,169.61150389765,0.511869314052361,0.0972871279626237
"DPP10",1.73966038291061,0.425205948066157,196.907463636919,95.1521575814162,3.67742084023819,199.226943926784,180.82669833408,0.196643984935709
"DRC8",2.99370761323375,2.72304278923594,0.56510977431273,1.1745968022528,149.70067331635,154.200257820954,152.645990154941,0.320428872763293
"DSCAM",1.5415173933264,1.46014645913637,187.302815438844,1.01297933038126,36.3808524306117,0.678634254554441,180.425948722946,0.266521665391292
"DSE",0.538826167964923,213.356818138179,0.562818287253119,216.454367444276,0.706563417171715,1.27402705558523,6.69780185305011,211.220343343742
"DSEL",0.648625616997049,1.54620840542627,1.13816842689017,1.21809276880189,0.588181111640273,0.397973369617485,6.31783599431829,0.280600982649193
"DSTN",0.297085852622547,0.631912417502539,0.472419195287816,0.548336840114808,999.99968112836,0.72430822449207,0.713997134085199,0.0796658849886445
"DTNB",13.798967565441,200.384971110224,0.479571424390884,196.728539065567,194.72651679398,0.760222804105398,200.206461278044,0.175280329655951
"DUSP1",0.174073068798565,1.71908533787005,60.4540442253649,0.488432303800279,0.389945072023164,103.871855924597,0.938372350855997,143.093808708344
"DUSP16",1.08739480253699,151.00341386157,0.329156922752476,172.179984945323,0.973612900212554,149.802032569543,150.615301290079,3.60897677973619
"DUSP3",0.399996639797654,145.459379178075,0.965284030581318,0.879074866417037,0.506724144114468,2.90027095848638,0.569691380281594,0.127148434429838
"DUSP4",215.430103987156,1.2424150966617,0.480771134826367,202.459613140743,104.350161133606,220.57329244527,194.197428048093,0.339836284858192
"DUSP6",0.351187314029107,0.71753212606834,210.89524059561,2.57071018109765,210.089486961468,204.920726655289,0.684355559915928,203.554080042425
"DYNC2H1",198.118685997281,0.621862400612868,54.7671794251274,0.717710914687811,1.04083768727292,173.789341191431,0.436002475761846,0.281473267054193
"DYNLL2",0.330774710578996,0.675005869705731,0.35339836453669,0.325629167181802,4.1822863574881,0.867834475675691,1.20956977008143,0.0423471307973963
"DYNLT1",0.365734610645068,2.77244874177223,203.516237236164,2.58765212153695,192.232573102036,3.35922779600594,0.338162031488266,0.675503282261093
"DYSF",198.699282437179,0.677960711907437,165.447324548941,0.934453077100991,1.20885092745191,214.652363244396,1.18706094254031,0.200285496862583
"DZIP3",1.17906660480372,199.286249028946,194.342355003895,0.672559185620354,0.28760597032848,0.33141329598698,194.130719670706,0.158645046739588
"E2F3",107.976202892044,3.19624025649838,170.677605992774,0.505839559535877,0.679381259260152,202.535744895526,9.87585258712432,0.39546540320332
"EAF1",200.080495001512,0.815231706066781,0.509887734935842,0.783886480427672,201.577669467624,2.40271816244482,0.999192115685777,0.231820361813923
"EBF1",0.420069107377979,0.965632207720923,0.903201344077427,200.88039136491,0.278137978729117,1.61652872363683,3.70521782295611,0.654195027001469
"ECE1",0.258403588604197,0.962741743358088,208.632586726018,0.738945286301924,0.952877241709658,206.247012798031,0.610707959158776,2.05935318803877
"ECHDC2",206.489512481637,207.010722971672,200.955369482435,0.673541982962749,0.498826423643797,204.843733306502,0.516390659954159,0.401367068431499
"EDEM3",200.615504553847,0.677478083829873,0.772261205830403,0.624409773385532,0.692051534033883,2.08099347469097,0.46213992884508,0.362784311577153
"EEF1A2",0.754061591837956,2.11143076003571,143.99810761669,1.06333714399145,128.918007563769,150.608813186147,132.066893764417,0.0333808141589119
"EEF1B2",0.416930062451712,1.26524895515905,0.373688737077335,0.26931583805275,0.30004641556597,0.607020724461412,0.324394789862968,0.155564746049581
"EEIG1",2.3904593487946,1.14509494450677,0.224563270233477,1.03582666610512,204.273311157595,2.94980769422801,0.718162690188589,0.305536607544541
"EEIG2",201.758302377615,3.54967617699827,198.458992063805,197.422872108483,0.942869082468721,0.857172528973922,203.127188323916,0.16692084526591
"EEPD1",1.56383683455512,1.29287121218883,0.499998961447811,0.716420245621924,207.604077672598,1.31736474324561,182.743776177524,2.32433056366507
"EFEMP1",0.43064895484456,12.3113206409499,188.322438412635,0.613534929496835,1.28238477353644,0.450246252008658,2.96579577816702,999.938932752323
"EFHD2",0.732113576043111,321.073717019474,212.233650311874,0.779878440768592,210.806762433866,193.031183893292,0.72014220930096,0.215228617130357
"EFNA5",0.617811881335375,200.260058274111,162.890994085085,2.88121299264622,37.2073343915066,0.731496895802543,1.83073761505175,0.263353965936795
"EFNB2",0.40613003834656,1.28277162058942,1.71985345414655,0.762766039266515,1.67566090248823,203.669146608877,3.84049823651963,0.839932190704036
"EGFL7",0.214548994699118,1.40444765476521,133.333271849513,0.507999887661631,129.421744310485,134.865276148012,0.908293042084226,0.114937598440491
"EGLN3",0.669292210541133,3.43140911502827,0.321517148809743,200.508989642926,1.5264812068693,393.206847987393,0.987135039053176,0.50778034546572
"EHD1",178.26777373287,0.574938499188031,0.824684351243155,0.826758990195287,0.648213016383185,0.665995607359557,162.671997765277,0.164897859898241
"EHD3",198.002153802623,12.6544172300001,0.748010916940426,213.362012235204,6.97352252928507,1.14816211271289,1.41935297459536,0.15057442336775
"EIF2AK2",0.866292771960027,0.572595892492744,1.52699117512403,1.08499897421193,0.834614345548945,0.733526122521731,0.871555259109829,0.16789242563925
"EIF4E3",205.465696977179,207.685836418182,7.62813135882284,0.470267577138096,0.666645262773216,2.60990644354382,206.58986574919,0.18578114216672
"ELAPOR1",154.212166076481,157.974588393454,151.372667566847,0.984322044065987,149.794301157048,153.86502092664,0.648781708041579,0.220951358353811
"ELAVL2",0.816227166919287,149.461302202772,144.804114779737,0.409293027001919,3.34827871989869,142.008581762609,1.12334775300339,0.0501711837044237
"ELAVL4",0.451217973679308,2.70482396414691,2.66292220989739,0.303246800554822,2.12292726790848,0.507410030943533,157.36306621347,0.0677152647347726
"ELFN1",201.355284946503,1.52052943296752,189.786837531361,0.925793384850696,1.53543925175127,204.374211908872,210.739970965277,0.276905155630552
"ELK3",0.528538261295889,216.698700053859,212.024319459036,214.165409952599,1.02102257285758,0.732083577048666,1.07187507241465,1.12442866652646
"ELL2",0.387553965425132,0.670128615725378,5.96470608083507,1.77503149867368,2.77623742790379,0.55095270084722,0.305750530775267,0.322085383888856
"ELMO1",1.05509578122634,1.15593235559101,0.54324789097442,0.938485017118584,1.68409390640192,0.93348365962506,6.0394735479374,0.218128524818354
"ELOVL5",0.883725688995452,1.58101755840008,0.819515554000629,0.430933236200482,0.602458084527711,178.717033422364,5.78121275427659,0.0868429681232172
"ELOVL6",9.19510544033484,189.692713040264,0.53822077211337,5.85517888881363,195.620373353934,187.872470122236,190.569260288413,0.12669466325743
"ELOVL7",0.163990897219228,2.07029648634839,0.507460589484527,2.04142341848494,1.94984284692367,177.497105017967,180.419162073939,0.266743223854803
"EMB",208.411574086429,210.69318783091,208.418364331661,1.07298154039462,1.35390131139373,1.79396229914163,19.4582510723562,0.287073615375553
"EMCN",0.164757664237765,205.922346887641,194.218383550899,0.492327580191056,1.61093070887177,200.516814589782,11.7948582049906,1.58318953954192
"EMD",0.890990049086781,178.009334781294,14.5869148796883,0.599656019432479,6.218784762795,175.349132346514,1.09741610377091,0.21943853102523
"EMP1",0.55060930281859,0.605070632661243,3.4681864325674,0.573780387064344,0.5385268791802,66.040438885315,0.683632331218353,0.762808035159325
"ENC1",205.610978448668,208.905706702493,195.561619077413,0.935339876836479,193.455516270978,200.466092606429,0.525915161178037,0.168161693519014
"ENDOD1",0.506527005009497,187.47791732422,0.27765037143022,0.914477219025027,1.30530143633615,1.92679111994279,0.669700832417769,0.187912059152423
"ENG",0.123148308704534,203.346560007762,1.09421319085069,1.57300348605002,205.574409529073,206.170358194542,0.425117544502721,200.104733839047
"ENKUR",2.94298037185199,205.746421943756,189.198161425924,196.901225225484,0.300812979584248,0.97359516592566,206.118252472638,0.678490714833797
"ENO2",0.880938742576294,157.419771139916,1.29600427672942,0.504901512273287,149.080282349275,166.008786769109,1.97889453110874,0.0397787867932277
"ENOSF1",149.260849982958,1.7170947302445,0.776212205773771,150.685690999197,0.736372773735098,0.897320053208223,8.36385849513068,1.07829772566695
"ENOX2",1.4585608562411,217.132997961243,0.547472149513198,215.191128016964,220.076520577234,216.159187523359,0.470413464072782,151.448064360149
"ENPP5",194.74515754328,1.49731735507091,193.17020819775,1.02780144067235,0.364841215703773,1.02912441241625,188.851305738827,0.147977409248728
"ENTPD1",0.830399228649198,0.419653473629399,117.915874981448,0.898905830627323,0.659034920109207,0.644919929393015,0.464883167628074,233.457921491805
"ENTPD1-AS1",2.48015990378428,2.79410729930696,148.863964081467,152.103131134974,1.76024330598818,2.58514383530634,0.666217025646876,0.371696781417426
"ENTPD6",6.13710199748088,180.288142361388,177.980330481273,0.456389944763825,3.8166905727343,1.07329439225278,180.316779645191,0.0884796819939713
"ENTREP1",211.309650303947,207.833879109311,202.409501403703,7.89274093260128,0.235107672213081,0.469613915494952,1.72132089287382,1.24538336604032
"EP300",0.474598709568736,187.957496155953,1.03339378077182,0.541014132216198,0.344718466362267,0.365202195462741,0.64453832093851,182.78905809979
"EPB41",2.31831588316163,0.638141841838126,1.96509139328349,0.786717003773686,223.838812446177,2.26949288282328,1.62014815902823,0.224606569153824
"EPB41L3",180.143119570601,0.601018853365218,0.305451112488623,0.515088021628869,174.135514395339,162.96328066183,174.675582813472,0.0693612478883244
"EPC2",1.36385733319191,3.87552026897685,4.30229667136346,2.68481441049054,1.04014878953992,0.943783215122922,1.03695576706033,0.600527887173823
"EPCIP",1.05849391593662,5.19874123779445,153.657725182928,154.833909047956,1.47202098568966,0.620496250461436,0.552202107227001,146.605935751178
"EPDR1",149.541071364706,7.93220319795971,148.850051162625,0.476815558991288,149.279281612157,1.77292373666047,147.814318672864,0.0444866384493366
"EPHA4",1.85384115039213,6.02929650484925,0.563359946414209,0.729351325213955,148.231430824892,154.76124530436,0.502376252162261,2.83555991844473
"EPHA5",0.668859228694229,187.351117815813,179.898573327108,3.03629977415969,164.918802787371,189.589016745394,183.133933348022,0.130915429670022
"EPHB1",0.672803599902019,213.936357806256,210.896178020921,0.709918048606233,1.26273389908839,1.01032833443639,267.224486622634,0.651685624228344
"EPHB2",0.720151134605506,218.597979084973,0.690352076685919,216.823091153759,218.996699118687,216.397893020174,4.04953995334942,0.341938461305645
"EPHB6",1.00040801216267,197.837619422415,1.42101255305664,0.999377875375137,3.57966862918915,19.1642748382038,202.24934536881,0.481188381767017
"EPHX1",0.525679514758857,1.12266766469964,0.582061571152462,1.43506754843875,0.181271430016772,0.282044307051107,0.54887038610922,0.380717465951779
"EPHX2",204.583064559918,68.6340934603971,2.16465218338771,155.741729740626,0.548100251230266,0.734091623273768,2.3483661114768,0.256977212098285
"ERBB4",0.695819177533226,1.61563347419543,82.0547377683326,0.459312039473523,0.285769458927526,0.455716466510873,182.253105894367,0.126149768697793
"ERBIN",0.9511324577591,0.601295484543041,0.329507811079721,0.429102335970821,0.209199756109994,0.413018667712817,0.690233751468799,0.27987135762897
"ERC2",189.78625009129,0.831484034292039,193.182843708089,0.557408952189019,0.715753439317071,187.597413001331,195.733590747171,0.117691215968868
"ERCC6L2-AS1",0.650396721833929,2.28422764213506,0.971304231330756,0.82721580960954,1.68099033614076,152.037728365243,150.232224451621,1.3577819183783
"ERICH3",1.33566358467057,217.971394104875,2.0600849050931,3.25145556289638,211.632948281145,1.22306216915335,213.127074226979,0.236932728144757
"ESRRG",208.865765948226,1.15618581157676,0.851358341396491,208.616757313676,0.823845912137622,208.585142480545,210.147469510068,0.369885337022672
"ESYT2",0.279470491828669,1.99329919400434,2.33984903126649,1.1246939466478,0.64978495549402,1.58742358736688,212.698924785894,0.312930765349778
"ETFB",0.706727118827363,1.3172335713116,0.399987142557425,3.59845439059551,0.498671679570511,1.63714876418511,1.14634353651059,0.166053519450912
"ETNPPL",0.985348453727767,0.357843500617442,1.92445664039979,1.94264597447108,0.14530358185391,0.270459094731331,0.796805906938195,53.0511590968817
"ETS2",0.184057422379772,0.747344539019881,203.697844752986,202.156034211663,0.593217144678237,0.650324434973047,0.702565348850845,0.460657576688262
"ETV5",0.939842074317259,1.03284077250452,7.88839195037898,1.06690213020154,0.852665866717909,0.692049551224902,1.83656817603761,0.411171921199939
"EVI2B",0.827107168720199,2.22226340049729,0.727414256943619,0.494593722689191,222.348368423634,33.5311208489005,0.225464788464799,235.044351257194
"EXOC4",0.596224539112143,166.762675046218,0.684593320969855,0.615291449152157,6.0880960311557,4.68979318501444,166.529412864595,0.136895482548032
"EXOC8",1.12665528377167,218.533233011135,1.67053026817076,0.810890491567374,1.36942517662558,1.23785907221314,218.040013466464,0.348929025829054
"EXTL3",223.321674773206,0.843787507900764,222.646823739492,226.049536679274,216.687483519372,231.744004133489,0.88162293781738,0.135355207935193
"F3",0.988650668486395,180.473407043849,0.843285774962287,1.47653000188576,0.350975964505015,0.539489965518122,204.895222338249,1.3975018797416
"FAIM2",157.922775055689,1.68138733195073,0.265349660752059,0.501544716055722,152.092663028124,158.887463400075,155.441153171136,0.0439622075446982
"FAM107B",1.06849972854861,0.844212227297527,0.144239833984565,0.46713405790144,0.957925178842843,2.57483174840286,0.857374003983318,853.808725582463
"FAM120AOS",175.497478344639,3.14230163535908,4.05438744232983,0.640028890094181,0.423925140130864,0.981574294357286,0.579719411148074,0.258695619238229
"FAM13A",214.405952297539,0.572032159147499,2.38715822029679,0.644094890326843,208.460283948198,0.466526508552599,0.376821472651889,0.890868471847658
"FAM149A",203.109083641041,204.784485736804,0.834986833049201,2.43631721847038,1.68078335043867,0.751444258943293,1.15885568347106,0.862251670648537
"FAM153CP",0.883817462075036,0.864662947658483,0.740975790542446,0.569634065529338,206.738622023264,2.19783134129598,1.25203312136976,3.17044938859374
"FAM169A",168.71320483923,1.44203654905864,3.37745088945753,1.22326184188247,0.390432180312452,0.476386352000215,6.71268342281019,0.194318639217388
"FAM184A",1.33977677340028,1.82351687116274,1.39683569889548,73.3181364480412,0.726094214649088,199.2060823169,3.05518051423334,0.278315025134594
"FAM222B",2.67486920629356,2.73539261500802,0.77447795662799,1.98969237125681,192.988168533814,194.93289828594,192.311900969159,0.192484873897137
"FAM234B",212.485806873375,210.071717583171,1.02072280294602,198.230681023561,0.86834930449609,8.93211441791306,2.61525203805503,0.158277251462902
"FAM241B",1.09379970696729,2.02078669247187,208.895275700006,1.04010110441947,208.484349068362,8.4724946070292,210.474717594512,0.150980231403867
"FAM89A",0.700869921466266,0.960184747229464,1.26852277223696,0.65150311515396,0.438045024838666,0.50686408094973,0.996764186661361,19.7625753225206
"FAT3",1.32340763832122,29.445088612147,184.984421879892,1.54545993353542,0.145465336093191,0.242693532831798,9.73229628878823,0.561219445047179
"FAXDC2",2.69466133780996,4.77087792422805,0.180651897613469,0.432948099020256,173.762768712478,3.15486145831572,0.371003528117898,2.80626965999842
"FBLL1",8.92800771102468,168.591294380118,160.374567561151,1.13867375942441,159.355443944749,164.988002392904,0.808721805590112,0.0999081565475144
"FBLN1",0.351872304296046,1.91210908288525,5.95986682528166,1.26866839069156,0.715806282738308,1.20293959668067,1.3616005867773,204.833531166974
"FBLN5",0.428155606837531,204.937083693615,205.413209621589,216.763584311675,210.665962233679,203.37853204559,206.720023755757,0.251194490449506
"FBXO3",166.693248707795,0.571086720365071,0.572929745339455,0.528210937059452,1.65600903871739,178.284949753659,100.118705699679,0.123558372945367
"FBXO32",25.9531971224184,2.41482823250267,0.409439418072768,20.9782284943141,0.440382702408318,202.321688304265,3.21808001951883,0.467224928156142
"FCER1G",0.665279136825498,7.27523076491812,1.57372426721237,0.513273090097406,0.894367695635757,24.7603464480985,0.22990919804586,194.745755198005
"FCGBP",0.632954536387357,1.95613606887502,3.56840571366342,0.589786726227142,0.423770916937608,0.522441114615145,0.1593849437835,1.60697339948269
"FCGR1A",1.14890081534819,1.46798160967262,212.154253918235,213.791698656083,210.846638696391,1.94048678990581,0.390446471799284,2.08679493370949
"FCGR2A",1.56994007298149,155.837075937948,151.496873731465,0.576864816340386,0.770020715569523,151.84950216915,0.441583702556657,0.61712485276922
"FCGR3A",1.06818668523514,2.00729692165629,0.688306839883708,0.672097280416121,0.890948706103977,0.992492986045535,0.316662246444741,223.756060578678
"FER",1.03433053140039,0.771229688399718,1.12971968173655,0.624340427771983,0.738116767827479,1.25995005154271,1.500282869628,0.657908938189874
"FEZ1",0.713500241910971,0.845502828233126,0.125173219499634,0.66109186780404,0.618178952410032,175.804376270248,0.769555909476645,0.183644012318987
"FGF12",0.956583819734732,0.665735356532082,154.502963322725,0.579728033087457,0.301589450586937,0.750265381231583,1.9459494384881,0.0685782125214108
"FGF13",1.66809328117023,148.945903646477,148.274058985192,147.983895199799,0.913698654988134,145.694689273752,148.207454856872,0.0542214295768941
"FGF14",4.63416197881604,1.11265858612784,4.78623340122298,1.35585706567902,1.47824056833387,1.60527842575835,0.577182842600525,0.430919324073634
"FGF2",0.899002804780583,206.670967651139,16.1280523806628,0.549459646133014,0.243416353307953,0.331906765647791,199.873676141683,1.2631253610743
"FGFR1",0.523997222321058,2.05742034539721,0.57073439197155,0.481276499135962,1.11166325167878,0.700048095759556,244.19596458848,0.214630518443025
"FGFR2",4.01186675539669,1.37519594595398,0.148164632095812,0.565259239512069,0.824221416749181,0.598366284415492,19.5296823375331,191.683419199051
"FGFR3",1.75591329847138,181.976192406595,0.44176090730075,0.371363689997024,0.12403383351194,0.314428496570978,181.841512737733,0.473853614866169
"FGL2",0.756255010283412,0.607456932695681,0.761268345428402,0.694895117140106,21.6118677280996,189.744146175403,0.287569804725462,1.07011633863328
"FHL1",0.692485734494792,0.619764085234223,1.18199388150337,0.620342251386369,0.622324355194362,1.39936525044582,0.92872683816292,0.101634111316539
"FKBP10",1.80969996141381,160.337646780748,2.95109985954554,1.68952563309909,0.359132596768031,4.02296026850337,156.389281052429,147.885488025352
"FKBP11",0.690301168144109,156.047367747744,0.703637046286266,1.01608047887833,150.34905460385,275.469440305633,1.69934567083974,0.499550061212828
"FKBP1B",0.609505014790306,11.635173713746,165.687703442005,0.498183000698141,165.94522862557,166.055568339133,167.634326208285,0.146496897428616
"FLI1",0.26477133620165,2.79592177563613,3.46473078095586,1.97547556619448,1.28206148343299,1.83074089877472,1.54324503599067,216.631815328573
"FLOT1",0.27109173977031,0.921161613899434,180.011425881447,0.959990905685576,0.509644318676275,0.782024393696647,1.96351818644885,0.148627952174247
"FLRT2",212.547778354123,1.64604432608998,0.916809800111262,0.582275965558342,0.255030056391832,1.18956616753234,212.853964077552,0.294087620520872
"FMN1",107.653142814549,1.71665926206967,1.0691288933852,0.71961798366165,192.362359446075,3.96063838774475,0.524987286293442,0.40358143218279
"FMN2",182.381009060001,0.940823806782241,12.9465373416772,2.52763221985491,0.231677533241313,0.614836742524611,182.218640676661,0.315368777710775
"FMNL2",2.13216726186931,0.642661618109142,0.157147804260054,0.596721853763528,0.280022578931048,0.826985795754037,0.77996110011132,0.855853465723377
"FMNL3",0.408918140932824,0.665722427234511,71.6882342052993,1.75347153719761,4.89115326981468,0.888934017452037,1.08093855917604,149.200823162773
"FNBP1L",1.99110181487894,1.36253250056579,1.07700134799377,186.944321182349,0.44000750674378,1.28734966118906,1.20890325597891,0.320663463497388
"FNDC10",154.09784676454,1.45875644345864,1.45149980123268,153.590439144329,153.576736094662,153.305889058984,153.100999941166,0.152706773103201
"FNDC3B",0.423769502284291,208.310797258563,207.841229286042,0.548208922589854,0.68421626447306,2.04929850640732,0.463783108559194,1.02343079320996
"FNIP2",2.00302413812175,3.63953287593043,0.407712600434918,0.735408896258385,1.37661207508601,95.0987593313596,0.482856599139152,0.435701012574821
"FOCAD",211.106433087778,201.091032324304,197.119002824229,0.908279187887962,2.70801446340965,0.419975860897887,198.800342528362,0.155365315428043
"FOSL2",0.246231752289851,17.501636748829,184.611639250259,177.790865200259,0.700215213769295,151.998911017688,153.49925453159,1.91141623290701
"FOXP2",6.04621228329208,204.756887206054,30.7179109213719,0.667038006593753,2.15537948038292,0.956384245529232,1.6124784740015,0.182239612712217
"FRMD3",0.452978261591575,3.52672239501626,0.620859760038053,0.723573254203853,128.83696646295,1.07738999168673,212.732491505766,2.27349053479415
"FRMD4B",0.740488532587334,206.012658291235,0.419190743946347,1.32482285959013,0.774327419182066,2.51192408067227,1.64448883760187,0.508865953349411
"FRMPD4",2.36200819408322,189.346252968665,0.723564600061159,0.780048151662366,174.554111597041,2.54286306385655,182.009228399371,0.154955656661265
"FRZB",0.327209069336786,102.572848924936,30.9923310620454,0.882931660398114,0.492394192424945,89.1229006403629,90.5595776306176,46.168468125128
"FSCN1",0.566967982932792,186.65782599479,0.489366691704123,0.712274447143584,0.578272077180892,181.753112862474,0.626670086556389,0.310158383093009
"FSD1L",0.559822371097886,0.708776922580547,5.23871736160393,190.74553249971,0.573193297625628,130.117717417748,1.2059222911286,0.177953437863259
"FSTL1",0.304609192850167,222.015854889502,8.8953674947349,1.20633988547718,0.693423453654401,1.39541078417484,1.08062589331027,1.91156566262198
"FSTL5",2.07833520454984,174.631660044485,0.328840526837282,1.74566515098065,170.150833338311,3.39997397743677,1.43644581481892,0.34749989316283
"FURIN",0.616611977174618,0.434109766917798,215.960356424235,0.531289166848439,2.15145675434925,0.586552451388265,2.45089860362106,0.501168297485345
"FUT8",229.080720551804,210.200063161214,0.351968396156956,0.8183442903915,254.094191069808,1.66670036506212,10.490441999035,0.293140818984331
"FXYD5",0.33314245335412,159.324565784402,1.16706632219337,1.0055125752721,2.07472943633117,156.931338465463,0.360086668909526,149.050485571997
"FXYD6",0.634886260353665,1.23139365930103,1.48578899819274,0.325127247810479,6.65004197438243,0.892852317846128,180.962462137502,0.111519996667998
"FXYD7",280.280082935749,1.98127114883823,198.106427533143,201.391515519502,1.01257133243964,194.501672289818,22.8226611664325,0.111151594580901
"FYB1",0.951592646710065,229.155442040056,21.5115664514901,0.409985135346903,0.286517312543035,0.396964938376635,0.306748978685421,205.194765639927
"FYN",0.720726271646063,1.23782064872772,0.844703444267658,0.461951058351664,0.245076844383923,0.334821218630263,0.923114381440864,0.209715643639336
"FZD4",0.404052677786713,212.104782668345,203.189731305889,2.97537399289355,0.826833966855931,208.413125428743,3.93561955943386,0.974157798471394
"FZD9",212.429943300558,0.419633031579667,191.120478473029,0.81245430639728,1.37048556982855,0.436621394521601,4.89633076980237,198.315873965652
"G2E3",210.74852554512,0.979406486551239,221.562692778952,0.634576897730095,0.803055479973418,2.2971916825448,0.557937367093889,0.525511804782688
"GABARAPL1",0.388150738978524,0.569041244495479,2.45918022969772,0.606833214668352,1.51375555279934,1.291449839095,139.959966527405,0.0548077708883861
"GABBR2",155.191002289284,179.435906597861,1.68712245620969,0.56517693429396,150.867613965577,167.221268481569,1.13477393760036,0.0787648848964351
"GABPB1-AS1",1.19894002501148,2.23251153989523,0.672285910780994,1.145811852003,2.02146849329111,0.512020243980726,1.94313208448534,0.702905279732187
"GABRA1",219.047039216987,1.00190295912821,0.443029517123707,0.425408279150844,0.687829199411955,1.25057051845399,2.83123192717127,0.294569461118621
"GABRA2",999.999884097807,1.91573748461959,218.771816016808,2.23208300498838,0.789909688698681,0.98065061937325,1.9502373274912,0.377951240281277
"GABRA4",189.417187129564,187.835414608358,188.633791896496,0.38135098596049,1.30271014141511,4.46978408493889,189.379117783167,0.122449229620365
"GABRB1",1.25820192741298,0.521696598358172,1.03603466409203,189.523588802902,0.344370127403902,0.395473130111547,4.79505649060842,0.178418634170472
"GABRB2",0.694907896108934,1.01267925348575,0.282809406705153,0.864990809350018,1.24973080233137,0.874391030876952,0.590185566380192,0.48876663173872
"GABRD",2.22766610958501,1.72394061887648,6.44693015680226,49.8669767067864,0.310712155152742,203.748647148663,208.674095317639,208.556823147807
"GABRG2",5.79259248108109,183.443178979955,179.107666187492,0.658397424100556,0.448794261979133,1.99165134385352,2.64975925171557,0.110680817003808
"GADD45B",0.409754074969899,4.80516736204477,216.936893828257,0.68264512712097,0.575621451947659,0.72761811562141,208.0842108561,0.530731181682181
"GADD45G",1.647882532529,0.869488896378919,0.660104768871067,0.617300054836835,0.466484739051568,0.491591137320631,147.696186320779,3.83097500904873
"GADD45GIP1",0.426006382123936,155.193181113487,148.505608708639,0.748364554530905,0.512118121924442,150.36183351615,0.727985676026572,0.123566365878435
"GALNT13",0.57934386543359,1.54002920353136,0.546991294890189,226.174775266594,211.663873646357,8.27168017410519,7.92167484745,0.329287885747543
"GALNT15",0.326354167880595,1.04348299566376,0.671676738912681,1.5888276427336,0.324682118809268,0.404575073754658,1.4899607222165,195.609775207199
"GALNT4",1.23611480152992,2.59121018738994,0.763847230670491,0.975728323498487,2.59852713363577,0.461855871803023,218.576298081394,223.954893641009
"GALNTL6",207.018555543086,3.08952635481892,205.848424890151,195.019375465906,207.535001458027,1.06381031469006,208.12928313643,0.139808262012803
"GAMT",0.763162828797314,192.492123184866,0.518553750681401,0.848835446138566,4.24040908875417,191.129040055502,192.948661804071,0.127258513725798
"GAP43",4.92876809144071,2.47447084758529,10.5816958591601,0.331896121464777,0.23722868167289,0.643364165637657,0.762682498215484,0.0479390759956179
"GAS2L1",0.410625881028408,3.92696919915777,0.563907461262368,1.00824892829358,159.480065315815,1.11423128503821,0.662573980461051,0.311831870693082
"GAS7",221.75350602683,220.486872327669,0.227378178907712,221.0637902758,0.526999795816403,0.492490977145528,7.86230656380145,218.536347798681
"GASK1B",3.75748687765081,200.667176429033,8.7551432157691,0.630976620018597,1.38103482281059,0.480206074127446,3.53165699804815,999.965254375453
"GBE1",187.156298482842,0.962234081983162,183.917465408022,0.405215257066989,226.360252616978,181.653493971962,1.40378484253166,0.0710550607326668
"GBP2",1.05481890814364,4.85627575327158,7.52347599745441,0.575493151571538,1.42054753471433,0.444788643162894,0.519049069294239,223.677611978595
"GBP4",0.204775013803908,213.131163272899,207.171089438563,1.34421696222234,204.517413605548,205.952651051571,0.773394747942244,210.26009319722
"GCC2",0.937883888103891,164.732413471695,0.462912820841207,0.405911251387989,0.362140563334433,0.35078704863509,0.627865721153994,0.136451482567658
"GCLM",0.553066813898218,0.55418141609797,0.73024048052922,0.648202470611511,2.73925975011768,177.829898466685,0.79256540857837,0.14451117510813
"GDPD5",0.737456486750124,6.76803803788957,151.259356706597,152.631322552637,149.87223448507,158.064069058009,7.61053231920514,0.153957977160277
"GET1",0.390430782909793,181.725820436656,0.452652676345128,0.934193741339866,133.9898445906,1.2020208941151,9.4105188767641,0.113955156877605
"GFRA1",1.87560737502028,1.18763954865408,158.023121640609,162.357828094469,2.21558398372793,0.478862265174431,157.949344445468,0.0643822477496168
"GIGYF1",0.461766392262006,144.255242781587,0.785650582707582,0.913604804118745,2.39665326367218,0.390897185261621,140.641537910492,132.847720084743
"GIGYF2",0.699858454972081,1.42183737159546,0.607682861530461,0.837101624112324,0.596158467638478,0.684905508266246,1.12059092155499,0.246575390516149
"GIMAP1",0.510074200377091,156.404148317778,151.575585797677,0.794168424474814,150.218256967787,1.15612814472002,0.297444503727821,1.14405192937609
"GIMAP4",0.826491524242757,1.66383444593401,212.391752509022,197.984733694059,0.686663236356484,0.625411302283301,0.639710899095858,3.05385469897154
"GIMAP7",0.393498423571577,211.643119208041,1.96117881343656,1.03560174345597,1.23225926096684,1.48351683161683,11.7737815960843,2.47116003204492
"GJA1",0.563335038646065,0.744162466361144,0.535062284505429,0.226191026994352,0.056776647653065,0.126831927297755,5.43039481824037,0.645533637857232
"GLCCI1",152.206030858223,8.27463216100181,0.530581708114821,1.30916165159465,149.35241452438,151.323780058755,0.689096241641118,0.237263063708748
"GLCE",221.656126089686,224.411595216325,0.622874994666474,0.845288141492326,219.04011752756,219.577259367469,0.749018390243373,0.317710970024493
"GLDN",2.25115346708066,212.55822463293,0.203828135574317,0.654278842245474,206.935371115389,209.577433242738,0.614424149673601,206.632677111634
"GLIPR1",0.842073120611308,0.51066181603949,71.4214524935219,0.899799301484079,25.7148882975797,0.628197590592858,0.240300979792081,44.1577849326111
"GLRA3",1.16062183379295,168.708935235529,162.421442302105,0.435527437199321,167.784343408694,163.291164711258,170.870513186004,0.077393687080828
"GLS",0.534022669739347,151.471987931081,1.22588209598076,143.979942435432,18.0349257717891,150.685521346122,1.35406738963042,0.0613761761845197
"GLUL",0.3477160910691,0.48916907688492,0.128629269372791,0.285515795568401,0.11022829819121,0.188392254364863,0.502731381945478,0.293162444196731
"GM2A",148.577147788933,7.59089923112436,0.465747938108988,0.509412076303001,0.569737286952076,9.06117046748418,1.14361834899748,0.625432849219061
"GMPR",0.698016578111183,177.822936046466,172.526406210159,3.36499132286399,0.296483408912548,1.01165553538113,2.0108774937293,0.352596573016521
"GNAL",84.7902265080548,0.875451699818938,1.50368123455466,2.23348575342576,0.985208287239064,998.473668062771,182.525519111324,0.153673849684686
"GNAZ",5.98888451835523,162.560323781587,0.391111304091701,1.69180051169255,2.68465883538668,163.31610107755,163.651987112108,0.106521866485444
"GNB4",0.319199053219516,1.00257112845453,219.33240947421,0.76299583434208,1.87516797692954,0.684746118251778,0.400895893996597,225.750219158101
"GNB5",0.746290563105241,0.78969301377227,170.353855046317,0.732729404817372,0.937619267226687,163.180087122194,182.076786915842,0.095601934183664
"GNG2",2.35981924351482,1.00727129184281,0.516542628911581,5.22545825990545,7.61035455815127,194.491948346467,194.511948584744,0.175794969210446
"GNG3",0.961637548134029,159.109551091289,154.591125099074,2.64755362280985,153.091596811592,157.104687429801,158.20411616845,0.0365244846791705
"GNG7",0.631765797847685,0.729774888951278,0.316829500952803,1.6015768028237,0.364039063806439,1.90815458264741,131.813414618075,0.387437449144356
"GNS",0.588141891699819,163.215234385683,0.582049877671864,162.689084917629,1.25496107120106,0.990218070852146,1.18968621332151,0.243439755466392
"GOLGA4",0.415774929392741,6.73320519927225,0.294231216707035,0.433462442545117,0.28541668538626,0.397233481532847,0.858075638048569,0.244063731139199
"GOLGB1",0.604374282111866,177.948204439162,0.661330550167789,0.28319208982724,0.189599897422878,0.380658907013738,0.725021719604658,0.182646608934613
"GOLM1",0.849032320748622,2.87957831808116,1.21684887143883,0.617381042581572,0.619038368534436,0.380593492507973,192.95735903872,0.17984678576138
"GP1BB",2.62008339955643,152.740285549908,150.145892462631,1.57447558503013,3.07573283055794,151.519835202143,151.007423691086,0.208591644450396
"GPD2",9.00191806345302,153.683991487917,147.97257652324,0.647178678865398,0.466358892148242,0.571088779467988,7.03857937259235,0.247287929862863
"GPHN",1.61358687902236,0.74208711985337,1.13975836016352,21.1179082266593,3.2558465676715,0.594336288266387,215.900153352986,0.258476061046649
"GPM6A",0.780892251529383,2.02961629194196,0.373200326774171,0.252820912583002,0.183737110696196,0.263023803416928,0.825146846246173,0.058632500891703
"GPR137C",3.30566159441843,0.472562670260914,206.938548004888,220.055390836814,8.94997482044311,218.508646574814,1.66665435849578,0.42757862067694
"GPR155",0.427364417452047,188.604301603034,0.375840097329916,0.434328723139281,0.608494818416512,0.393925060614399,0.847676860637153,0.203265307338118
"GPR158",0.753845511711139,0.847395145789179,8.52117497307293,0.541142371592114,182.82411116337,1.22664962426618,182.573680831672,0.119388116095894
"GPR162",154.291361330657,1.09407685164898,1.73894986944093,1.64444944372611,150.643752923518,152.889468427979,161.186128636142,0.120610146577774
"GPR27",0.638205548005064,0.876587213950501,0.923574212185644,1.08406803629885,2.02745541515434,1.87676350327109,213.56647561183,0.462387949237468
"GPRASP1",0.917782868598665,2.67184658310009,0.549415606778183,0.437031695648205,181.858124240121,8.18862147717697,5.20534695496195,0.128564854539355
"GPRIN3",3.37064989331828,194.207102598481,0.773098775921963,0.488373138066958,0.49895714446417,188.453293009408,49.3946400660795,0.173565760438265
"GPX3",0.259233740966277,177.815778388644,1.82017563630484,0.320150731315384,2.0709317715905,170.240512403144,0.862815421603249,0.0512926930775112
"GRB10",0.555291989863904,133.852080911568,1.74119345991943,0.474340432890277,183.873726722648,1.02428930393371,0.761386864883382,0.125547802975376
"GRIA1",0.441109733387107,168.131984646908,14.7732497090993,1.1101184050401,161.804654386272,1.04847927534195,1.10471486632143,0.108838884709601
"GRIA4",0.71005335806541,0.494821756239298,0.698343178596111,1.48157625301945,0.370811175014936,0.668346168953121,386.676185142138,0.389773475016213
"GRID2",3.77835101297456,8.10165607842042,0.775644286628974,5.93334578606652,1.33233941379299,205.816388169895,205.77034387654,1.61401489208692
"GRIK2",10.1047061297814,1.23476035179169,8.88329322860501,7.21201946189187,1.36444806577757,0.9066651788666,131.845704273262,0.265011306110522
"GRIN1",1.80645768546782,173.056651798694,166.919175062742,0.926074657696953,163.69082716792,1.62669776991838,170.21943691859,0.0428434602457753
"GRIN2A",6.54494974604458,198.771718098944,0.759936368208108,0.608444128943148,1.08670992339734,0.408981100056515,171.316016285811,0.24723235568049
"GRIN2B",0.903310282074106,0.622316846363226,190.228772159902,0.398910082059478,2.48320932478536,187.356086485893,0.49295113050102,0.141600900287881
"GRIN3A",197.019717852585,199.795026577258,197.754888019475,7.35035328063517,196.242326934135,1.4311533346508,1.60810224819978,0.158235121704447
"GRM5",164.425890105993,3.3049096236506,205.922900674358,1.2219360793645,1.13019332472996,1.85308299269278,14.2992604812171,0.191325580175947
"GRN",0.225011382671337,1.02050798965387,216.505038691455,0.565691524253856,204.315201136408,1.13374408690202,0.203081404401546,0.206734917872663
"GSTM3",0.774752091821725,199.491178586758,1.34498249468717,202.446506655988,0.392723340388377,0.4798234993803,3.19097329282236,0.450616116927769
"GUCY1A2",1.1401300630955,1.88403136276537,0.676112777731855,0.872280250253336,0.491721689828919,0.519907986737877,0.670698883919822,224.687386013927
"GUCY1B1",0.462248242944411,58.2449178294825,1.29475450512069,0.727392491094885,0.778706169732162,1.59450424540313,168.135721337911,0.0810202150706678
"GYPC",0.364663942035433,1.00257730545332,0.906539981443066,2.13464306480054,5.87712935707185,159.469543910946,0.505094926100786,149.10432052256
"GZF1",224.475092487857,213.813497014464,0.465927174809712,0.650914638484358,2.07159284515328,1.59387133198748,205.2262961205,0.441605676265169
"H1-0",1.34485756386515,149.222901674418,0.819377574539953,0.443953634393096,0.557872047817515,145.943769965377,0.957678370827688,0.290450501033367
"H1-10",0.370443476526787,1.49504473651191,2.59814578543044,0.430401898605048,0.711611595269359,4.48492737159176,0.477590599534504,0.311507418651353
"H1-2",0.300513188524912,0.391765432448767,2.38228470669693,1.36147630969852,2.93162312533665,1.01644659950158,158.52135801691,148.889893318788
"H2AC6",1.9864667504339,8.31777806014358,0.346167046355943,0.314035366089521,0.704684061122714,201.78835757954,0.61918417130526,1.40088376703083
"H2AJ",0.340323378632428,2.5802084820461,8.18897608033132,2.84308134918795,0.942665468837722,201.950237069208,1.04057961356812,0.33558215308303
"H2BC21",0.529306061301174,216.763272393003,0.321771818377753,1.07090160282049,1.1919009783636,210.783823968462,228.528710705169,215.339599305654
"H4C3",0.787589987088332,1.12994564615996,0.537032977084266,3.17581596797425,0.551750214335879,1.15431262593571,216.445469493295,222.112840415218
"HACD4",129.245105742807,215.202636651459,213.258405106481,0.875382580403462,4.50517353107733,0.71814662527004,0.433736370621712,1.33800252462272
"HAPSTR1",1.15519719809273,190.674922484305,190.170224903004,0.513655932593369,186.650390574934,0.429110182157822,194.636923474681,0.122742277356161
"HAVCR2",223.168725658316,226.807504766402,1.31185293591018,2.42551339187175,0.432365240801924,0.654393322006833,0.364211211799272,218.66273488152
"HBA1",0.922359817818638,0.667123775334654,211.985920791585,0.96218470341673,0.383715793600393,202.455958449331,215.988068297078,233.387235739408
"HBA2",0.268337516552307,1.31577079893409,198.749747776186,1.83413997877722,1.15032370257014,168.147976611241,1.82693199180012,3.14374148203277
"HBB",0.580522757306795,3.02559524942999,1.86197298132606,0.522426504193951,0.554451767452676,3.08019267165292,1.80727742793479,0.97679160117304
"HBP1",0.64282004101094,0.985921435250172,0.428380365735965,229.734042910807,0.581089296813841,3.08242034021408,10.0213154359905,226.515315368458
"HCG18",0.459321275956256,202.687385736645,2.21672945919048,5.5204273434476,0.409957280963385,0.368750031002815,1.03980751584686,0.496046283599212
"HCLS1",0.761730623539801,220.675357594703,1.43533022417287,0.591559140695537,225.749711520851,0.712626092563294,0.46581073226303,0.680491156922586
"HCN1",2.04176184175968,218.777233917037,209.728752919347,213.530207902111,215.109741270898,0.85136163804586,1.0318202150972,0.213468318966121
"HDAC9",2.8857980244463,1.55259101865767,210.995837019718,3.72587081688125,0.845716125329454,193.130090732433,7.39807982765287,0.174405064399983
"HDGF",1.03903975163165,195.674726285822,0.812341162794183,0.380505317870693,0.360015692342901,1.43490617053334,2.81018062466139,0.472156289693796
"HEBP2",0.765115215533456,181.452685517152,1.06426962416498,0.586618768747366,0.438140491303858,180.530710821644,3.68458367060196,0.181237832411383
"HECA",0.666556856143779,217.030979382339,2.08006218206559,0.748421752146771,2.08390716207254,1.23532121804468,0.915560288540091,0.259939384315801
"HECTD1",0.751677123205552,1.62896320289644,0.523512046307602,4.25644672552213,0.908181313690313,0.885187730550756,0.431709942205838,0.142126211816277
"HECW1",191.977114905056,0.748321861015294,194.611573778562,199.927141786115,190.482871097343,188.832595492478,0.974303191365876,0.159928213082038
"HECW2",199.761362352501,1.50714237260865,0.295198949734118,209.520563119597,193.90623095606,6.07853168313578,121.889653322819,0.29741687458697
"HELZ",6.35219053094888,0.786406324137311,0.342165436834202,0.451554376629099,0.302947200021691,0.500501289326418,0.465415768562108,0.417698251357191
"HEPH",0.881014761254848,193.171130290301,190.517468023976,23.8895303303296,0.160268251769459,0.349237880390596,191.828347827729,185.718762731493
"HES1",0.214984620744289,206.142451439898,3.06068524200586,0.506468024725079,0.510039182617007,0.576548677144635,205.101136422,208.294032349384
"HES4",0.369068013127909,10.3766535637001,191.729685785289,194.298602923538,185.255898475986,192.608664474817,193.595360775009,0.143951548771634
"HEXIM1",0.469989777128219,0.794913177015313,1.81757515356416,2.22708033426605,2.45262440492317,0.655054438690099,0.858186632002692,0.150395645688851
"HEY2",1.50441135747385,5.99868388639235,1.40918159257435,0.559833324138876,0.737078410913819,12.1403994072783,9.87045698343498,213.907847998869
"HILPDA",7.53584889906037,205.185261109458,205.907258072378,205.457987148657,206.120079031336,3.6438565355431,0.294075517302089,0.545784063564879
"HINT3",0.684831180249639,2.86477546048174,0.358809149663433,0.461098790346612,0.73922162294883,2.25870658344465,2.93226419551903,0.169998147454592
"HIP1",0.449664926415469,0.725037203710461,1.47233618954821,0.540593450326763,0.750158401974922,0.725877926221633,0.356710462499958,216.977825173016
"HIP1R",131.164973171039,0.368764836428166,0.538382082076001,0.536897867541737,0.376316824599434,0.626501127828379,6.1738229084647,0.304001811100565
"HIPK1",0.531478211793478,6.87670708706375,213.422030045769,0.458446133718165,0.28331061452963,0.650222702985887,0.724421368530857,0.263749163867013
"HIPK3",0.360814051909799,1.39646024427234,1.23371759934282,1.54201561434923,0.630917763801632,0.717665950217611,2.98292139647037,0.30813097816337
"HIVEP1",0.621297214927181,221.144473932282,3.6471121141935,197.47624345035,211.834497320085,4.54848478284991,0.961252032417332,0.446786331331656
"HIVEP2",0.707306715566389,1.5778079211522,999.999573415311,2.23167279140256,0.709393949164426,0.527962234619134,199.539090977174,0.921191758284158
"HLA-B",0.0927698692204136,0.306599161240676,0.837173632257741,0.230522338071548,0.243472651733828,0.64144408287078,0.159105691830711,164.343042723449
"HLA-DMB",1.3048198754662,2.37697888809783,0.501133278220125,175.006613205749,6.38978148910292,0.580321289423806,0.283925743506628,7.8558317356392
"HLA-DQB1",0.459652041149386,0.498258413361237,208.532209918825,0.57059599861063,208.876631098951,214.179711694013,0.169813139105396,0.848317002071552
"HLA-DRB5",0.457920341186293,223.401011141666,0.450297398335444,1.0420972388961,217.002122798071,0.478348324641205,0.215946889604544,221.599489181971
"HMGB2",0.717665963969381,206.575506264393,1.49385918802818,0.577040756956811,0.557457526495213,0.599201583248166,0.503770644520019,0.765439763635779
"HMGCR",1.02215751181999,181.34118768309,2.9296875773306,0.741617099042351,9.48594431281255,1.02476167391261,1.20649223932396,0.108850505174605
"HNMT",3.41769033333494,1.04143537631834,0.460294792960161,1.54804010499962,198.368825453059,178.121112188621,0.33298265984347,0.357252490213349
"HNRNPH2",0.573918508221579,2.69208466139231,0.611211373846448,0.303419218804294,1.4518132922667,2.09707598553989,1.77490607906235,0.0956088223408932
"HNRNPLL",147.652286810766,0.543433436253176,0.849441618187246,156.600578262938,0.835464421742445,2.2649249146473,149.404301753139,0.229561666489042
"HOMER1",208.905003806396,0.414538803520704,4.73594877852831,210.071031900658,0.846031156541887,191.506543905886,0.889777896776484,0.28986160854702
"HOMER3",20.5500282344003,0.861941172727266,4.19563890204026,153.625858759384,150.166229697933,0.813973719569973,0.51959025582758,0.393719414382209
"HOOK2",221.20735837182,1.02906003536214,220.642875370907,1.73523909851297,0.612869104439335,219.908958095145,222.384710344304,0.351047788360828
"HOPX",0.44567219753976,0.37024753970194,2.08022401020608,0.547626996697396,0.267461334045006,0.264153781385918,0.813628195374597,195.745807433486
"HPCAL4",0.829821259400378,0.779188119353678,121.837397563842,206.602394791132,165.114340530479,0.530151748239615,0.933872202140314,0.132299485019628
"HPSE2",0.616234699315865,0.783335203737902,197.25140936756,0.894723040606151,0.208675069447681,0.397965673370121,10.5694957834176,1.81950535468968
"HS6ST2",213.511421354918,2.36463365646307,1.16018146373767,209.31674785932,1.29628873603408,4.7091200032878,211.017670184981,0.383333175749485
"HS6ST3",217.199230310419,1.67649054678926,0.788724477918617,1.79352440905336,1.6812839101153,205.846914649042,178.112283537647,0.272075819096694
"HSBP1L1",5.10210675784247,164.08282785355,2.93331329300936,158.66467766848,0.554940477448572,0.71382762132352,0.998353953520959,0.677836252470906
"HSD11B1",216.044649289341,215.712640909504,0.239538242043395,0.447831125353371,211.524366953088,0.742712688509194,186.90162794025,212.550870881303
"HSF2",149.231732082294,0.498881098592241,149.043585716591,1.47134382817271,1.84240625129255,1.40805667474626,148.893815595934,0.226393798704961
"HSPA13",1.47084081874058,0.653542831765353,0.996258646989408,0.451347188298057,192.793192037925,1.39432134660031,11.6297005920151,0.117852805208354
"HSPA1A",0.491171344788317,200.338722604481,0.335129634445264,1.58546937196845,0.54552036024265,0.476119065664601,1.02116172009823,199.951821632166
"HSPA1B",0.565784374689741,0.672288475763617,0.906051239412786,1.17308834835453,0.38340166491302,0.680385503041368,191.551357134722,0.258628103786104
"HSPB1",0.262766972019437,175.92456350605,171.799060978055,0.485527780852488,0.344615630360577,0.50637341630905,0.432656946531434,0.107026070946253
"HSPE1",0.325457864144147,0.822531788459406,0.384515945077433,0.833045830631772,0.431244355401579,1.19986181303334,147.779081224514,0.118020615033112
"HSPH1",0.368519790334086,1.07876699897901,1.10925491903092,0.27436634810943,0.860065022905473,66.286873806718,0.326772780058089,0.0820740932567463
"HTT",3.49911002362391,0.978400270169462,4.24129391382085,0.666168470515578,4.94254500266334,0.497113876008153,1.28846088269598,0.138317968454905
"ID1",0.192992269160523,2.95249644682714,191.014156829835,0.806217388295234,0.224838497193635,14.7856468463711,0.534164043078346,0.927124478306146
"ID2",191.993589727369,0.599300557544387,4.46603841193435,0.435999577257337,0.251726813850765,0.359155082129202,0.53352024055104,0.587273986620777
"ID3",0.190835262805526,1.11105620199891,1.11215667508943,1.37155118871054,0.363360454543185,0.782572213590286,0.62122204497499,6.94974355170366
"IFI44",0.533280944463978,215.030900893263,1.32179713457847,2.16037618388595,1.28871213957264,1.21181238020211,2.38020536579114,6.65288823036151
"IFI44L",0.466535404600091,0.776549802675207,1.67556670597362,0.803144465259896,211.278546243198,1.68431898230903,0.587149787515619,0.952276655213036
"IFI6",0.268736614233043,196.399090864082,0.460862600159799,185.134398903585,182.237370981157,3.68917029721494,0.890387505191446,0.180835275558532
"IFIT1",7.19899731783783,180.744073356452,0.572159673363757,1.20050463247638,176.548929994486,0.806225646938287,0.92376129952782,0.187819357713475
"IFIT2",0.776030200777999,218.116439689328,0.648431136586198,2.78086865667863,1.07704410659875,4.91492614591537,216.823847862733,2.58832257388939
"IFIT3",7.91747167615078,218.056336509099,1.26587173700845,2.66418328075404,1.40231084620527,0.554805739892948,0.471685810596163,0.788429655744605
"IFITM10",199.572015538596,192.337995060269,182.245692574196,189.551414232944,187.016048149963,5.53012210768972,193.874763054637,0.122658758390538
"IFITM3",0.110813201112908,0.413858525106464,0.529367233218334,0.703374991767459,0.235106349990881,0.367448355497924,0.518266534390438,0.430781064371693
"IFNAR1",0.62698116546678,210.40227657752,1.28551631537417,0.9268933762009,0.516910469442834,1.05788965715108,1.1545917655318,0.292478234874654
"IFNGR1",0.212959436062783,1.87910445347867,2.1040038133574,0.510925084903243,0.455116772927598,175.781148514891,0.292970426579866,0.312086778173752
"IFRD1",0.872242900922969,186.131399909067,0.672926771744641,184.591686679721,178.100213496453,0.675030969976836,1.24176133724692,0.174627315685404
"IGF1R",0.267620861102783,6.90190924663697,0.818456152521606,0.999133492043271,0.811943583314441,0.663279326288269,184.098202277213,0.254869034787814
"IGF2R",1.14580725039451,247.389653391975,218.583329317736,0.424524886047731,0.869510409650201,0.480012289450975,0.516714527342372,1.60828216918616
"IGFBP2",0.298230855970114,211.637420157049,1.00042489078299,1.12594276122836,159.572626139394,3.36288229086625,204.168831644241,1.60172788589759
"IGFBP3",0.697984794438131,212.819806412477,0.940941760174786,0.805825853879231,1.76101496091129,0.897103521570458,211.274740962712,2.35881543621972
"IGFBP4",0.620980754725255,0.863232155952804,0.928581583819135,2.07975877807458,214.211252580193,236.008560900258,207.4445182327,0.184799398334927
"IGFBP5",0.173403791885503,0.821844993053591,8.83183203046255,0.638163242856698,0.373317316771046,0.377543527160372,0.709770975537057,192.932588445861
"IGFBP6",0.30969977507362,5.35194661125922,215.757647302128,0.4170875447921,215.332622466735,3.38987467314493,227.832253166823,0.265779360680923
"IGFBP7",0.103124527193318,1.73587917516439,1.08851046778585,0.355341988296387,0.199570267810629,0.219548094206632,0.895421434331784,0.795778231959485
"IGSF21",0.957599500221629,131.458476449709,0.854226430830925,0.606122477962479,2.01952999342049,2.22612909880729,0.665365942737475,0.789261129083137
"IGSF6",218.244099339796,217.395791536648,0.919309641333381,0.620821089786475,5.31635632691453,0.857026636023585,0.356460870741267,8.54807931258745
"IGSF8",0.494632960973234,167.379951011094,0.37548431300861,167.343477231403,160.703611550215,168.553018352028,0.666181476059068,0.215951431130937
"IKZF2",1.13120504546459,2.39017978706709,2.79845211726466,1.07511612959194,0.592473782431516,2.24734178639023,1.08076896466371,222.518657117247
"IKZF5",214.222326210585,2.07535618308055,0.535162362253831,0.721065772404975,0.679452241500037,137.929236346229,218.669357449345,0.235094397919439
"IL13RA1",0.355583583096524,220.417420459574,0.61551630594709,0.836507767973657,0.599113617029871,0.399301838407476,0.539971340845824,218.511073949064
"IL17RA",0.679443353830234,0.692846419973797,154.12705223923,0.455881814090145,151.695986822143,0.827225531307369,0.278580442314749,150.033876154615
"IL17RB",225.646392072999,0.947989658137217,0.856887778201466,223.566180233269,1.15325740258553,0.478530208826582,1.23517919460127,15.3882160095803
"IL18",222.309853387565,0.603174087088103,200.089384629013,4.07977948782059,0.436014074776253,2.10774158087995,0.44771658886138,672.244804325978
"IL1RAP",210.943733494904,0.777087141746866,1.56372293471554,1.40806495894803,205.193424495623,1.81694412273114,212.991737795981,0.225679223995327
"IL6R",0.551315461145566,216.205721059093,207.8949518153,0.813089718921678,0.749764094220177,208.608685823379,0.703452433864792,1.08548984156516
"IL6ST",0.247815316015045,0.348413912105052,0.788927950833514,0.439739435710418,0.245256968531725,0.62449483003846,0.334194809585487,0.237808238845728
"IMP3",0.487576776054619,197.656532585569,189.470374526696,0.47416089410539,188.001864608193,191.529964893589,1.17053579147191,0.167852268978816
"INAFM2",0.802052719249061,195.786231477406,1.30173912561756,187.29277155815,187.288570091431,189.090279132408,0.904787206246467,0.198837745733927
"ING3",1.00751524899382,1.59075180257027,0.514715160671589,199.96771444905,0.844194435377604,3.59659865292235,9.27852357223125,0.842763738134215
"INPP4B",210.264198818844,0.906518487338985,208.809138481415,121.735076683392,0.744088143665696,2.27323760740652,1.47617505056992,0.271520893666958
"INPP5D",0.573373670919503,229.101439441167,215.493938858429,223.645462345068,0.465626179157088,0.444537184016278,0.419467496512211,4.66640594493768
"INPPL1",1.54441317436466,0.917765200950877,0.801779366274694,5.16254369040285,0.416410905237199,0.549660555651628,216.764742328756,220.132640261754
"INSIG1",1.48012494475522,0.861522932551236,0.790453886398545,1.10631030246297,172.18548020463,182.060912870116,1.70685624201326,0.0829771639626079
"INSR",0.87025393527721,0.520717038554922,0.419865216307765,0.364742809109812,0.223649447696515,1.03318746171994,0.471160013064727,0.47659796470313
"INTS1",0.542108780871352,2.35873097197079,3.09282781319524,1.42749912681863,0.583998543870753,181.427724490346,3.31214633189229,0.196108805707387
"INTS6",205.870333182206,207.660910337324,202.393726337413,0.619404306651745,0.20066481395656,0.302493889462547,209.056700499067,0.598306394568128
"IPCEF1",222.272424279412,1.47576538336043,1.15648817924296,216.746856217223,0.688050885237114,7.71253928664077,221.835056701287,0.608199518725488
"IPO8",2.16690949916012,0.408279820172329,1.38959676412666,0.45894104673421,0.945800989151819,1.30073802106983,0.393080984909719,0.469267533554005
"IQSEC3",0.956666542483848,200.409625244615,201.891687767275,1.52720565395995,1.23920635720172,201.149096298837,203.467592146989,0.185992594423004
"IRAK3",0.470295183473393,1.47038936863905,0.498951370863783,184.30649597518,55.4565409789009,195.709104121268,10.6544370238252,201.372028076794
"IRF9",0.595967769534378,1.31474795999655,0.739976137541991,1.12223120089087,206.99230636372,1.90016557678615,1.22117648486187,0.447661499917166
"IRGQ",0.974710453522561,136.61712384792,2.370128479286,1.63025464861431,1.57700797992378,130.530662391763,3.35326261175664,0.154672945861815
"IRS2",0.572287180358771,0.749919657132783,0.369797826072073,0.292618816432801,0.244179974945725,0.196394381349479,0.406666270031903,0.139446618388448
"IRX3",76.9955376715243,218.781586171961,229.835387105678,0.649981186176271,0.315341854530115,0.671371057530621,1.05295793348838,228.309152559256
"ISCA1",0.872221882640518,9.55349358914867,0.373147480988249,0.83006103936285,2.00735069129454,2.89902874899397,0.890660418077697,0.112180968397961
"ISG15",0.746485827355442,0.831324378254458,206.835856393174,10.2339251777689,5.77863296567245,1.12916930305188,0.527124840129136,0.936834577155825
"ISLR",0.465768988314831,49.0493748477208,170.693521933125,0.963022536764192,0.493725673221643,1.88774122215317,25.0686232720105,9.92543791400458
"ITGA1",0.532713364937035,192.833564943702,0.513299389888089,0.839707237423659,0.716488095980152,42.6402606641755,2.30046715130269,188.821985648308
"ITGA2",0.641362302803064,0.946260979874925,0.600781726291692,213.315770492303,27.1972536938828,211.379067633107,4.96590813045956,0.853049913831569
"ITGA3",187.389440048788,0.804387429820109,185.928391802058,183.820776898561,14.7012306566872,7.73223951377809,1.24785374593938,0.247596353997829
"ITGA6",0.201846803155854,0.607371882955911,201.746557379694,0.698335215296241,1.53088357075641,2.52898197324579,0.626435982744595,1.69981549706557
"ITGAE",143.831355556239,0.440649311024449,149.744137521003,2.10824100492603,0.961351341504381,1.09532401407544,0.764237487389438,0.26811758972395
"ITGAM",200.778825085349,2.71255812969161,1.92843472236146,198.891852308827,1.3347509210204,187.290689720683,0.563299025914984,199.062040486773
"ITGAV",0.675591386811889,0.529006492844168,0.283370450824048,1.74297124630077,0.18622128300787,0.425933781913051,1.72959507688009,1.39964128900815
"ITGB1",0.294893741587865,186.995167552684,0.32454450307795,0.353775370028806,0.531709283141498,1.02702719049516,0.48404925918504,0.495790067956526
"ITGB2",0.517856880222597,2.29296662150226,1.10110091052884,0.552445275747379,189.450066836916,0.349067485855368,0.158440250852784,4.56186213624883
"ITGB4",150.011239878107,154.421951588699,0.940190797706075,1.40800697307354,0.292673150360311,0.574213883817931,150.371769677769,4.16496954419448
"ITGB5",123.121697994945,0.695390265199598,95.6560083595694,0.840701752227031,0.149537518397984,0.359438323432398,211.534123609822,255.406590141407
"ITIH5",0.186620801593879,0.956449088352809,210.584401295101,0.641631366035409,215.70264491033,0.562325028673959,0.719210571057953,1.01383635299591
"ITM2A",0.103844336357612,1.16557556283381,1.52115329162383,1.35309323224999,0.290821206085029,0.55011820336657,0.506495565870389,0.991227783345812
"ITM2C",0.718220596320694,3.96746033238717,0.95366739750691,0.253939231878456,0.0896526954947046,0.152553591095185,0.354992966364398,0.202579302445458
"ITPKB",1.4459039169994,0.613028404978006,0.478188643801412,0.383718950351743,0.117215176524819,0.314715776476943,167.414275524975,1.33930814517726
"ITPR1",0.44024710738225,6.87622487791541,0.85336472728292,0.855833204106356,1.00988283357099,184.185858654221,42.6641182619554,0.102482275964918
"ITPRIPL2",0.453882983531418,203.615104945253,202.030690123749,1.40320753007416,0.438450631608928,1.12746278844435,0.642041046734958,0.639135503022658
"IVNS1ABP",0.762059864887289,0.846988040208867,1.21782098021032,1.03539510973148,0.294653129995193,1.03501130430005,173.629498816476,0.779824367775086
"JADE1",1.49109190671667,2.31022073376445,0.320336368849476,1.26002675688032,0.427954644665802,1.55650414452549,4.18913786623394,0.23183478580398
"JAG1",0.315708076848592,169.730359890253,151.275097356867,0.65267494096895,0.767646748721936,164.110129338077,22.2747992291566,1.3988751785665
"JAKMIP1",13.7580423933106,199.202224219714,194.523634250173,196.072622210468,3.69080771735179,1.41724353299594,6.39163141066338,0.139575337645658
"JAKMIP2",0.428010111274954,0.657129243957961,0.720366429949149,3.2964103985544,0.874689667532482,177.361974136499,5.35167411326277,0.216347070082172
"JAM2",0.334994516344374,0.576421061572512,1.93964873131422,1.13729194890088,0.28330205395882,1.64706653905473,1.450887854114,203.8240857937
"JAM3",3.25644243441798,11.5263600427653,0.286779156584687,0.406732592992111,1.36337108847818,11.4238574999524,0.491103515133594,0.622850516083229
"JARID2",0.361283587123746,0.248316855623491,166.431836230273,169.432928590585,193.175252925286,0.291529825476514,0.368650181545893,1.7789087170806
"JDP2",0.997825038779487,0.881688055925003,151.987073257633,1.78113440708282,149.727789875156,0.68121423054252,1.62789683419594,0.262210507357421
"JUN",0.60499937703266,1.75383584774405,0.688168339767946,2.7805490625173,1.64579916762734,0.496565663378769,1.11749548118862,0.392482899205033
"JUNB",0.31242831771626,1.42996821988347,0.403646080840597,178.657753120219,9.93634086532074,173.900933415748,1.02198146027407,0.357608630522462
"KALRN",3.00598527014751,3.65286685926948,207.328570420193,0.863481043913987,0.439217226957691,0.578696775488248,0.617409332558594,0.419523214961912
"KANK1",1.30258881982529,1.46664744485078,1.01169959461657,0.401386831099828,0.629631965328141,0.380177180009284,0.456274389171986,0.700241237367918
"KAT7",0.53204108723244,1.16302007954258,5.6002391105041,0.754051786478138,0.959017098700817,169.238675900398,162.838410295405,0.211929615713894
"KBTBD11",1.87180639743289,0.510093930052286,0.715186598597759,182.93637604224,0.335044821699916,0.450958930643868,0.892641074591522,0.466794153150808
"KBTBD2",0.553676927141713,139.435971846767,0.377762791535437,0.690624092231894,130.68685029733,1.62117362914366,136.695658424119,0.232721682213209
"KBTBD7",0.803996487879046,220.949191877278,0.598024572975492,0.670991893438197,1.03570897211374,0.497282000788006,1.3578836230696,0.40513258572325
"KCNAB1",152.289576446152,1.34468659202656,1.46843256685323,196.279820764502,0.566169408151544,0.496487611408649,153.082473158459,34.3390697823873
"KCNAB2",147.605791995538,5.21115724548101,143.738275817136,152.73239734353,3.17942492324639,150.298908663916,149.80015204989,0.0801264690635657
"KCND2",10.1144244922645,0.603306361788207,194.316005890205,0.852649712901808,0.558620383547116,199.65183126922,0.85457310549741,0.261039372924952
"KCND3",0.768776166315099,1.37108059147462,10.9740228484027,0.365068178421596,0.248597963441005,202.639394086459,2.02889707376528,0.0453891753246415
"KCNE3",0.53966194755393,1.48459403135666,1.2129103642036,12.1200114819441,218.355301140698,1.02819903288165,0.572181122083368,216.951136094287
"KCNE4",0.448072007168507,160.383547194291,150.03708998982,0.508770399027529,138.984074470879,8.79325093109694,0.430828230642216,149.430761773738
"KCNIP4",3.49483903551762,0.682346566095887,167.588247958827,0.385202491716776,2.07408690149125,163.519489459815,171.01658318946,0.0886905407094084
"KCNJ2",243.474705949659,170.197078287884,0.336957582281364,188.019645918399,195.820274926013,180.006874701473,1.19168472951472,1.08897509543737
"KCNJ3",146.473548642369,39.4810341675102,1.59932817500193,1.35317956397695,1.50015337442217,1.47995571070155,1.15157998005097,0.565182347834826
"KCNJ6",0.6242871678604,0.497284878082935,138.030464848251,0.339950063438735,0.178874344526184,0.272145169604798,145.159976238859,0.0416217218538341
"KCNK6",1.03102392836103,0.59691460298773,0.619831368040427,1.01464674122582,199.429561353232,3.35424074920047,3.0487759303738,210.87261437205
"KCNQ3",1.37539687465657,6.56013603020709,6.74461684501459,0.94708506895753,3.40291287658947,157.815946757922,0.431269831921178,0.0847911746603149
"KCNS3",211.22208459793,209.132006988034,0.721449201792293,206.706537165101,204.414592071892,1.3646300662569,206.281081336237,0.17352987383876
"KCNT2",208.514971965945,0.793097497288939,3.22167775691776,0.813570651313431,223.449659131966,0.555595092065261,212.755083187549,0.313120617253042
"KCTD12",0.166584670648315,2.51849582169611,0.624910911500528,0.562794409790371,0.294218256987918,0.301995547228626,0.338253160405408,1.14773224038079
"KDM5B",25.9821471965246,217.996562924443,0.686268034396316,0.892452379868036,0.500623761859798,210.257293355728,201.204080353835,0.688441835981847
"KDM6A",1.8928868923704,0.756430369828964,144.135999494181,167.417934820775,0.298058281207388,148.61230275694,161.862197220875,5.30379129115489
"KDR",0.554102337581717,159.772360737866,0.91134631373182,156.847661461235,0.842867585623537,157.456613705698,8.64764509698353,147.73382533761
"KHDRBS3",0.713147909999306,0.308559824492506,4.01045536313106,0.517748415020418,0.466575933658044,0.731094819371645,0.804842172222938,0.26145176796836
"KIAA0319L",0.43668457616478,0.66937496331319,0.483694047980159,4.29921364796421,0.968624162045386,0.479081735342466,157.713330055356,0.243126543766238
"KIAA1217",1.9762828257137,203.243191370685,198.914976511381,0.400987684977695,0.350803927650252,0.544715378478265,0.632131060233428,1.31397332196122
"KIAA1671",0.380465598082182,1.14609946257877,149.392099731439,0.741900732188493,0.846228023136049,149.872647800313,1.21284456751455,0.249238701829225
"KIAA1958",999.999233564037,1.10539259534149,210.322950663582,0.85151560390302,1.33049574717107,1.06604476509645,0.343552378522068,0.533727144588723
"KIF13A",13.2301335358474,0.840188373479892,187.936525369451,0.951988826303752,0.489081744164277,188.132617640436,0.701734444666008,0.459775198465507
"KIF1A",0.619431377154391,0.8102572932094,0.331243161403741,0.317546269263526,0.46114764326053,1.06395990024472,0.925545170172212,0.0519986258379153
"KIF21A",0.682830658933609,2.58352969291503,0.240057775441695,0.265983563341156,0.843831204467179,0.800710017394121,1.66938354139931,0.0463768505224157
"KIF26B",212.600509847396,201.479048484056,195.975837206892,0.763123494702371,196.799400878781,198.767599266385,1.20589139163527,0.145602207402374
"KIF2A",0.627061931690163,0.590739274942945,0.475147578381567,0.934585577484226,145.385493990175,0.789992262263165,0.816457535022465,0.167699673457116
"KIF3A",0.385873716360255,156.673436795628,0.376688145122475,0.454093689085295,0.636963340283918,0.739257579260147,0.418715825051044,0.054901847494764
"KIFC2",159.653305103031,4.95990030244172,0.809567476249612,0.456646994264281,150.3249282829,153.554592724747,6.44473714506929,0.266362742068392
"KIFC3",1.79580910289095,0.996138790999727,2.32885936837357,222.391279907038,220.77676695394,1.26662837238243,0.932994883159185,0.332302752305726
"KITLG",213.467622479306,0.63067498677341,1.30026690374309,216.393753630874,212.521748642867,1.41522004019062,217.881101879375,0.281392135250142
"KIZ",219.599791504713,0.697575769123896,218.47061819019,4.21507177138772,0.465770046861308,0.953540722866469,1.27548560527825,0.547438984132377
"KLF12",4.76857270557377,0.686061289425842,149.671737680221,1.57807454222072,0.516147389138992,1.88077488251104,0.695084121687363,0.601405914758459
"KLF7",0.466829479081144,195.127998635467,1.34150245251662,0.694776510536621,0.581113380267577,2.08102604937511,0.931632152445872,0.178439328124001
"KLF9",0.490309950743926,0.727827955778401,1.44526712530858,1.37174195434588,0.25606461388966,1.23637495019151,186.585861646297,0.226826151704316
"KLHDC8B",1.01899505531346,162.817821950367,14.1651806430768,1.15560136024453,0.647646028109454,0.711945029550906,1.07330954711715,0.457013216339028
"KLHL1",150.831615306144,154.594098714807,147.877785027576,1.16579583961918,145.785191720289,148.602443935564,150.396388013959,0.0480292975179876
"KLHL9",2.14996140123674,0.394004666135667,1.3588436738152,1.55714154604652,0.641149813622678,189.490465611877,197.395609525233,0.172583282611448
"KMT2A",0.436316956948256,1.08187394642366,0.317252612997652,0.558802558596828,0.695109789983825,0.520846870083432,0.265675019628258,0.186711360544724
"KRAS",0.595632489848083,1.03225417262826,0.611370090457434,0.656075100345083,0.685188544349116,182.858813077294,180.696211145147,0.179448891899076
"KRR1",1.01093119659831,0.509808358044351,0.541218862512608,0.963191719383047,0.508695585787354,1.8632621095531,3.92875378522208,0.227356259571146
"KSR2",0.93903905621888,0.93112131708565,199.63039755508,0.657525571828017,12.3202937395032,195.238600010864,2.04633356396827,0.330388280717352
"L1CAM",176.717468796079,178.354610189383,174.402511779528,177.325318090999,174.34245730366,177.537498419992,174.337915649585,0.0677970587437015
"LACTB",0.565185956815333,1.59015086504673,196.597072390173,232.469429609297,0.410016152919964,196.389087468666,19.6070482436216,0.312296735306112
"LAIR1",0.539439546553237,217.759589205414,210.671152452948,214.300467540341,214.238518725354,0.566449008231254,1.2219139174831,0.464307458743412
"LAMA2",0.550219126498333,1.16654134833786,1.37272016280391,0.880100480640706,196.649537462335,0.475708023229937,223.221845966701,0.799251748187266
"LAMP1",0.389532748338543,2.39184618918505,0.231838175905483,0.425399634054446,0.413907644350948,0.614881576781107,0.701785481412481,0.159894112234866
"LAMP2",0.361444368962404,0.659293692267187,0.156299293984276,0.392683622724365,0.197235473587405,0.805416919848442,1.71738182166532,2.65265807116475
"LAPTM5",0.498048964601091,1.27355414031841,0.612067248587344,0.591127044289365,0.739229174145368,0.297617501107124,0.170017038590881,1.919879112598
"LARGE1",189.576000230842,0.965864543239208,0.775254718998134,2.33390730134608,185.849481469281,189.170885390916,1.94351396120813,0.178267133594363
"LBH",185.373408544404,2.92669257323824,3.77838123100419,0.99097647567051,182.192598801543,185.715578220494,187.901616130963,0.110106757721964
"LBR",213.114040748308,1.56565886700945,0.586200559567294,10.0441491573758,1.17293622433594,1.12586459886155,1.13544861236978,0.867842334277133
"LCORL",0.541989334192291,206.554214045972,202.322444246348,0.68412515894194,3.4310372313109,1.44578124793959,0.529491838296912,0.291322716977366
"LCP1",207.744965634114,206.510606133936,202.980259071752,0.983276688526043,1.66848181044194,0.850429651263625,0.664747191226003,0.236875937543501
"LDB2",1.15930873221289,218.618260661645,1.44512679313975,0.859304167374503,2.17980408414124,214.323215900581,2.61036393142437,0.452058616740242
"LDLR",0.630668963742258,0.854278128494122,3.97934442707975,0.505730745899453,218.962477697899,221.510064366041,213.036975051371,0.334169093817863
"LDLRAP1",0.613581993292197,153.74993826079,0.352676583980367,2.48480835332512,148.039834850672,1.33144429359386,153.359292202138,0.801403220676225
"LDOC1",2.82547048242294,2.11114876977418,0.587619740958474,1.50301793920951,164.607248347294,5.5405224645806,33.0334090920995,0.114232116534942
"LEF1",0.438763465593925,222.64996213628,2.43474850228478,221.958706398947,0.514498586576972,4.3323610989072,221.67711750252,217.539840730194
"LEMD3",0.776369726006595,2.14375009409142,0.671813683882854,1.53186902867263,5.20247453215973,205.889648947939,3.4728729341865,0.291079963230944
"LENG8",0.77106122773384,8.81520617841479,226.543810997771,0.650527966705369,2.56639476316359,0.476906146267205,0.558177039132248,0.594894980528511
"LEPR",0.344957605834542,4.7051901799134,1.49043864156198,3.25348631327663,1.45878990453294,202.618863617582,277.869713378706,0.458534012120438
"LGALS1",0.260666038099818,155.843023977073,0.40023096433863,0.384840717213831,0.48374536337571,0.394379449197384,0.852977167239156,0.109779138716752
"LGALS3",0.217832813493276,217.672687565912,213.631275630548,0.6411240414797,0.47748987351575,0.740408038156338,216.446438078728,0.789368323569037
"LGALS9",1.05021832562284,2.23574044904132,0.780009157500549,0.563764632190129,177.064628629233,0.517004696526724,0.363642990406883,149.188089145878
"LGALSL",0.562974228085786,159.741875447741,153.628143149828,2.1630563400473,151.77182770309,156.911225852355,154.871085549626,0.181894232008717
"LGI2",169.127696853732,169.793405923294,174.976704954825,11.33711241544,164.260002011024,169.926065277517,0.583588164834775,0.114242813024738
"LGR5",4.30047619966449,0.73762025695555,0.395554439762483,1.06369375685192,209.967183964848,204.003174808418,200.562772273989,202.796200557797
"LGR6",0.845476947719394,156.07283926557,1.147733210693,1.68849458051068,0.333824112711096,0.723674869949046,0.860853484269357,146.449595886389
"LHFPL2",1.86486942858469,1.5980616543305,202.522185572974,0.647977834560266,0.472920298717294,0.593407924212278,0.381283833828096,0.885592911007558
"LHFPL6",0.326072488103082,0.568493157498704,0.95837446346046,1.94864029022378,0.40709325397577,0.591187278921025,4.41187813625605,0.481999912192612
"LIFR",0.429266382192062,0.901228892391054,0.582905229458489,0.364616422941578,0.13091500938264,0.295746218200646,203.908346218777,0.934093519055236
"LILRB1",208.416463190948,1.89276400307282,199.205250259001,0.782895370643443,1.90096954859847,204.486993467099,0.216925142773229,206.53657197889
"LILRB4",0.383107713069173,0.522898576244325,53.6275366613219,75.3635441015977,16.8118473297828,68.7959012993227,0.443578326206717,26.5503017563791
"LIMA1",0.534954052270448,0.657216637570934,0.693045291315952,153.523018390405,155.795796269157,0.780705668627158,54.6047660132063,1.04063831540862
"LIMK2",2.15955444051965,146.691118645278,0.609940473306251,2.13708716486967,3.9716788938066,1.38070793307189,1.40415567676151,0.319019102408272
"LIMS2",0.384386770574669,0.786916374175202,149.151386577441,151.856255043903,0.539888053366988,151.007301718324,147.535625457854,0.771846327424375
"LIN7A",0.417539144644326,224.965108724305,2.14193753608974,2.91174624995173,2.76762839044177,0.765580473228261,210.246032277769,0.289505254994134
"LINC00623",1.71737610610501,224.304883367709,0.513980967832961,218.377013523746,0.969204487512221,1.8101857942805,223.896623192834,1.38719846923245
"LINC00865",3.64334136680309,249.132568362663,0.694164565620289,4.66094389632562,209.877291769486,1.72248979359274,1.16213971961229,0.789515100692973
"LINC01088",0.942425208220526,0.500492346238286,0.552204588245052,0.299048118316851,0.20716043192615,1.6122073421937,231.661774948392,3.71424132235126
"LINS1",210.748750777243,182.805300826645,200.502728481243,207.069135486137,1.40148719240021,0.614738386391738,1.14612018186002,0.855131424919294
"LMAN1",0.486020445006452,0.4835855420671,2.38821958510565,0.467034984382921,0.282505909835633,0.524293844735566,189.85079558473,0.562033501215943
"LMBRD1",0.507688759873507,0.882085961100378,0.283447577948037,0.59235035943743,0.442897122885812,0.670879609823984,0.636422605727525,0.184764550573748
"LMNA",0.25303601297863,208.330280322957,0.459692810375555,3.62204659792885,2.2702401601114,4.74335606574246,0.658860133169705,0.763724787049857
"LMO2",0.175389656893413,0.601828911452109,166.52829791718,169.365599943333,0.508073290721162,1.48909794404869,1.97844389222063,1.3947275324388
"LMO7",0.6927148604248,220.200584215782,0.96462141998776,0.588685965024713,214.361142939708,0.842876518387215,216.85388059539,1.07962243431901
"LMTK1",0.993442315183575,30.657792105514,0.323459388610405,0.715352805265355,1.47249460572947,7.34391869415585,1.24848293840278,0.136703626867518
"LMTK2",0.843402174755881,1.78387751507465,161.693865435238,1.04110457500056,4.55359881345599,189.051869798625,0.922935818879863,0.202349277161161
"LNPEP",3.34629154400235,0.69298941522195,3.00131211314439,0.361539726541106,0.687679857661016,149.40099911722,0.382322989252175,0.117967058795964
"LONRF1",2.22432849066452,0.752795592059383,200.554260453308,18.4233826682773,0.631817635867556,1.09209048887882,197.039279288119,0.302005208120326
"LPAR6",0.351659057313097,1.53053870216111,11.3819687450118,12.5115308052797,3.12060160746846,151.104252225084,0.879142759485045,169.27311867751
"LPCAT2",0.764772794255432,1.92711705159663,2.14469925079953,0.445259148650978,0.474169661399955,0.524338880649731,0.426822468386482,1.25107281524981
"LPIN1",0.816681353248843,0.475899077093995,6.603264648871,0.504886623919136,0.248874848595269,0.264578273029982,1.51802026941224,0.195762127915259
"LPIN2",0.446846803456987,200.080423317344,0.481650818574391,0.592779574840068,1.40987121420521,2.57198682276988,2.00187885072748,0.183001591435702
"LPL",0.225228241963233,0.735890733505839,23.44629232063,166.193319713641,153.233729022445,4.20603174192565,0.349436965139761,155.982891510449
"LRATD2",77.4079715858899,156.565291649911,1.68330724312846,0.844207860930567,0.53479917636214,149.584384666363,149.493228283972,0.900132350801862
"LRBA",0.726751291891874,224.595061968835,0.501285153772663,226.75296981303,7.2690256509673,222.768715218658,1.16475095175956,0.412910022875898
"LRCH1",19.3644816897026,6.52382376368077,196.376381886057,5.19958297341664,25.7968556201351,8.68917998323733,999.361211495287,9.91607435305088
"LRFN5",216.663952036737,216.249010113548,1.04488358770094,7.10787431129635,177.655133636599,203.362061800949,213.218511950833,0.227265597604271
"LRIG1",1.35116187050165,190.483169816431,0.652648946912836,195.907553725647,0.20903998942676,0.27997939075385,0.748840852683233,213.252587680686
"LRP1",1.44250051766304,1.15452964547251,1.00263558704768,0.414110197002497,0.18201873236188,0.391716093157966,0.953883478827675,0.200625304099904
"LRP12",0.490600538038613,7.97220452117612,0.47458309594394,205.997421063152,206.538745699243,205.800698793218,285.526681988427,0.252266406680433
"LRPPRC",0.835724233764502,0.563516174723136,166.85648428355,0.361585463390823,0.660089830377831,0.634562931501354,0.769575930915438,0.0913908354191902
"LRRC3B",188.455854763656,2.57226853208109,3.48869931302253,0.978225481737527,999.993597279647,153.797397706945,191.719532329989,0.179785436582374
"LRRC4C",196.999798675364,196.156414155204,2.74819526588586,198.972894637558,0.355046852239768,0.480673612036053,0.820276727540169,0.3095638625998
"LRRC8C",0.327493041982897,212.00510417712,0.580275216734256,218.231124852966,211.791506860825,197.506510523593,1.2611122053669,236.458377937682
"LRRK2",29.5721152573852,4.41117873227496,1.08346956956439,0.431283812596414,0.68900314680431,0.76237440181838,0.693233361902039,0.689743398265412
"LRRN3",0.832652364880872,0.511823477947123,181.993292958715,182.837190914664,1.33339654486559,181.868571248531,1.74997546153201,0.114689435285555
"LRRTM4",0.799118804723839,0.881323984764833,2.20967533212718,1.2283458456222,1.80696632357524,0.841921476853417,136.190764062921,241.765686088366
"LTBP1",1.0678317238045,209.340274537776,212.767086842208,2.18813750144151,0.378846493979009,208.538279000245,2.10330757870406,216.692849846638
"LTF",1.15567766198249,209.148900916645,1.22158153576329,0.786644960440248,0.908081257803737,0.597545288406691,1.10537696607743,208.154582626983
"LUC7L",0.624252526395791,0.820954250369336,0.423618618360177,7.45605657661744,174.806766974635,6.3728287143524,0.846182105845722,0.28365592086219
"LUC7L2",0.506789038719626,188.784230397248,0.442397257262034,0.723049968569799,2.67861490798127,0.690986806498342,1.072682455043,0.211799355334976
"LY6E",0.486031617874195,190.346035014144,1.68743022001541,0.728333132521342,19.5642256980078,1.4611432368821,0.910547100898267,0.162787899376965
"LY6H",186.713335717471,189.795555972937,0.674429945415118,4.47175459949413,181.245583243641,3.02898630697545,190.27552976954,0.108673900730408
"LY86",2.39646847984359,159.432333259088,0.908337098130264,0.691523497300013,0.998279176588802,158.075249295269,0.504732940665251,150.125699056336
"LYAR",0.698136272378022,1.80395094546482,188.581542049109,633.12753321807,0.929355516323148,1.87608666953106,159.409596305268,1.02824409095446
"LYN",2.12859437561439,216.695505307869,0.660141051301706,0.591045584236302,191.588253187734,223.513950080618,0.293776379859791,221.942405860427
"LZTS3",1.47873559743187,1.42501761243037,1.33217308436789,2.19369972892098,0.746952886180576,1.05200759226447,182.30023885271,0.214590178064795
"MACROD2",11.0045555140257,193.028945940523,185.69926967847,0.614862727195464,1.7426027369371,189.191866417503,0.609907552406574,0.197471185099109
"MAF",0.559942026783937,0.937264824738284,0.959836346642103,0.429431494723145,0.615951678024452,9.47285813581515,0.266186886016732,0.968031558759612
"MAFB",208.578023192251,1.13554697226682,185.937688840046,1.7031145440693,0.332838214208277,0.695116199393882,0.739699963247933,2.97194268116604
"MAGI3",0.597198914936479,174.540855579426,0.53888834358739,0.973132116029288,169.09427195252,179.878107799672,0.673414376914404,0.134911381379063
"MAILR",1.57154560383552,153.67797699091,13.4638804764928,0.688065726042392,0.578007666518096,2.7262047923472,150.353591129935,4.499020892339
"MALT1",0.917516660249145,1.54535556026593,0.963311860953238,0.870941056812612,10.6722071319751,218.446446760657,999.931209872714,5.04052950275773
"MAML2",2.34635552163054,1.89263459858591,1.10576095287979,0.784091102836995,1.23554871371104,0.843990691611128,0.687923199312232,221.586959958761
"MAN2A1",0.344655296182491,1.18280221519169,0.207846693195524,0.56822788765172,39.214206198476,0.826327475756267,0.753829562062514,1.75945877055601
"MAOB",6.71437074302436,0.707124580283348,0.419594408521993,0.686898861643579,0.188594311940247,0.501226409938732,186.705856047051,183.348907589475
"MAP1A",0.297811181705884,142.957700902707,0.321393425791553,0.224243596655413,0.111623735178358,0.190380532961617,1.52529017768857,0.0709571063537143
"MAP1LC3A",1.13699074492839,1.17215760141386,181.151601177427,0.770175527321344,1.65200992698924,181.403000510132,0.952698785698004,0.046147316046043
"MAP2",0.302308713873439,0.705062359445503,0.368886525128621,0.240495184945512,0.125267373042667,0.292476273958463,1.78138850030655,0.0842959688413267
"MAP2K6",0.920700304264606,3.36569101398069,0.412991164406565,1.22722119145747,2.83705723127883,190.459994431215,194.613063850535,0.332982901634104
"MAP3K12",166.575433304965,169.674724071701,0.320111375405751,169.353055571406,163.488782109544,0.462506353774075,167.047338394941,0.326818314383436
"MAP3K2",0.388250304663861,0.484991805028746,1.38836007218446,0.815843919685416,0.499757992225123,0.588110468951356,1.76816483861661,0.727071751151376
"MAP7D1",0.674639952381312,172.918282580197,0.267556680520809,0.728027402777636,0.488079173363251,122.563487573224,1.82384229624703,0.0931193283826462
"MAP9",0.636019006528894,141.782900048068,0.265267146106009,0.312146994864336,0.429385561656531,1.13829138919064,2.6345833684054,0.0776232302675516
"MAPK1",2.89709581083401,0.927761427695894,0.369985410683812,0.467094054070031,0.419828090675552,0.368167181600187,1.1918903236278,0.116927732795299
"MAPK14",1.08474654359655,155.162915497764,0.659519168114317,0.831175908759067,150.634205281558,155.1419861243,152.732726945437,0.27050457759965
"MAPK4",23.6234588427806,1.93455304838087,0.628258112843011,1.08079148950761,0.272386949425088,0.50639863609556,2.0059527141954,0.389561298580067
"MAPKAPK5-AS1",8.89569347117411,1.94927423489947,35.3582066620986,2.54338559776545,14.708655392687,0.530938962718152,0.859963741865732,0.301833416702407
"MARCKS",3.99419800343423,0.344181808322627,0.438018485578767,0.258269145145585,0.125208631212543,0.197383123782225,0.251490359420168,0.298181765925995
"MAST4",0.744398780510485,6.71550910377407,0.324730444484299,0.983467198434592,0.596263533456541,0.897064903600718,190.342077120515,0.835334823377594
"MAX",0.625081145071081,5.02135941412263,0.493703183425208,1.06190898865638,0.846499035027899,7.26125070840865,0.833852760103562,0.313277339613998
"MBD2",0.463797598446871,6.02089285061026,163.651495434749,1.33052486673689,0.489569912443206,0.520669751410574,1.12773158860271,0.360374441199824
"MBD5",209.247444669811,0.732687911203551,0.416223113055934,2.6578549644515,8.91590781276974,183.030741808851,222.175264186937,0.335351892287103
"MBTPS1",0.379704824982492,212.93252322825,211.428578566777,0.395629538182431,209.35669538136,0.826762105302323,0.451806160443015,0.21018280252596
"MCAM",0.336141004341458,206.23797790414,198.676436405077,0.824495234468319,1.38317652559271,201.514435247909,1.10683630796921,0.379990467518519
"MCF2",0.772672907045185,0.949470569845062,0.993298303508004,7.86326878566243,7.07792197166721,203.692427776157,7.86152978647499,0.231110988375413
"MCF2L",1.18794001538398,1.5578528165023,0.797197404227513,0.539709121490695,123.73775429291,1.27006667698718,1.00499836310577,0.170952930340431
"MCF2L2",1.29773708840081,1.08944888123605,1.05425848345125,167.731617240966,9.54463996144148,0.763885377541689,170.394778150545,0.337403949659632
"MCU",220.851727218453,215.234797244433,0.872815117189275,219.954623898935,0.682714235342739,1.1801726771842,220.322987027326,0.591816237908273
"MDM2",0.793408948853586,1.78120005764604,0.699942910572855,194.347324306454,0.363104708186556,0.603510769396774,12.671245480519,0.367915894458796
"ME1",2.3136515680547,8.76427991861568,0.737528080975243,2.2820907019352,0.248270715132561,2.83910879084332,200.352770573706,0.166442025066068
"MED13",0.968420790667699,2.41727812922437,0.265780798477443,0.677273788050602,0.383433561494575,100.251940796849,0.85704494406407,0.915893017397742
"MEF2C",0.871752446214325,0.595051581197941,133.286621127566,199.664210604814,0.386281803069744,0.414560122537745,0.439667928523704,204.112142859976
"MEGF10",2.12502342877249,0.622435904029174,0.425536453111163,190.64539935592,0.264627650786505,4.58542470623613,53.1116295499563,201.541718897433
"MEGF9",0.503168083776036,153.002803657939,2.78277223709093,0.506653405578672,0.172258567483773,0.549182855652302,187.211511509341,0.153898639077516
"MEPCE",192.780937658365,3.90208435567959,0.341784834218429,0.827799650140214,189.869408602186,6.72409125685011,22.2083868172317,0.212150471794439
"MERTK",0.339694696172825,0.975298361583762,1.84661515357042,1.20945551378581,0.771955691286198,0.904182564889118,208.392217704092,216.203606747931
"METTL16",1.34445496769487,163.809072690066,0.615861965084533,0.838142611729776,0.56309676383054,0.565190738994558,162.287565174692,1.8734032461523
"METTL23",154.086689971215,154.275630974422,0.526376593510304,3.75343760403121,153.9558375333,5.70955514570135,149.46555288697,0.332498441323578
"MFAP3L",0.532478730969635,191.399121095509,0.654265637438841,188.448341684053,0.298925012590433,1.21611554563235,192.017397962852,0.311876595792212
"MFGE8",0.286196432853231,5.13486253365807,0.609605550625636,201.513764356943,0.844396814134561,0.818154814669525,7.51893240124267,0.894715615603374
"MFHAS1",1.48451425361912,130.547812113249,1.03984505672965,1.02648940125832,0.53583081563243,0.595410549224038,11.8516721063641,0.428234820396786
"MFNG",0.682290987217362,0.644762381183391,157.138618057238,6.14885719324512,154.028816061491,161.281939011502,0.459453112680069,150.332969485796
"MFSD1",0.552097204496713,1.36487436001524,1.8508355626178,0.965651950529323,8.60090248917773,208.53550336842,0.348060996201702,0.195013423052351
"MGA",200.049837540007,0.831741750624956,0.480387398991061,1.32150324269695,0.327457421395698,0.374761387874634,197.702240113469,1.98191256455459
"MGAT1",0.201303201452238,3.6750922323065,22.4048864457872,0.717031163944395,0.59510889985459,175.554478201787,0.563397420901969,0.496786108566134
"MGAT4A",1.34337933987858,0.899741357290303,0.618410223518614,0.498298201859461,0.734954594034056,195.142714836921,0.806348699857183,0.234612778530106
"MGAT4C",2.25473510216248,0.851044313831364,1.01894965314918,213.856216860483,0.338764684107124,206.970745519284,1.25129310380242,1.63744488016139
"MGP",0.258097570874168,11.9434785373396,4.44653949385801,0.702012931137417,53.2058037766334,211.039275127024,0.84377188561326,1.17370934987297
"MGST1",0.656648619544169,0.521267465720937,0.778926011929148,0.297489919160984,0.0962461554228241,0.186362943637118,2.04048389511796,0.450998710907694
"MICAL1",1.02022069635732,144.470116944301,148.547103017229,4.11902047145618,12.2938014658761,0.552794083664686,1.04238113951764,1.0482375995769
"MICU1",170.838277681142,18.3377809668801,1.08990139570476,0.592566163195137,2.16137407978265,4.3309477661732,172.193052105542,0.110223257135974
"MICU3",179.873750550764,0.509372328927782,0.475196869525343,1.45008292696792,3.48926240356794,5.029320804173,196.466876608083,0.14503966030579
"MID1IP1",189.274365415363,0.933176932080228,0.211575420914555,0.405746974817036,0.295397491064242,1.01642777833702,0.748985464548836,0.331371324878475
"MIR9-1HG",0.311905399641755,0.724118082291601,0.857851244794955,0.278017164983266,0.0711766639384927,0.178953317401437,155.215850739633,0.640430151989989
"MIR9-2HG",1.29695853047031,206.235261398896,1.02513432499612,2.25848421081809,0.35936963531551,0.544815900549512,40.3988289991056,0.531596022553635
"MIS18BP1",1.66671371168171,155.345891125285,18.8543354744279,6.54612282676423,0.257089987204756,126.046062779625,62.7432097473335,33.4991328676666
"MITF",0.838381722455284,2.11586421991644,0.591092446137903,0.623882700239823,207.26882143797,1.09140261330052,0.436505701034164,0.304101476522402
"MLC1",2.08387568237776,1.56942791689052,170.458175797985,0.517366699684619,0.179726370150743,0.319948426336098,172.945543440663,0.465169734978992
"MLF1",1.11988651543446,0.937485977720319,0.520827659628326,61.2225625436571,187.077884361343,201.537213697872,103.003135633791,0.249213502695321
"MLH3",1.13645432608829,0.785262082723708,2.75816373032034,0.862812305488006,0.640538544996618,1.33755009803601,8.41306143941456,0.47697989519104
"MLLT11",1.49127771953647,172.685895096589,0.931246765178152,0.501674609777543,175.998281031915,1.50977158664626,169.592692347426,0.0533291969249827
"MLLT3",4.40198633195585,127.01673801431,0.557834291767861,0.831957737940333,209.581251734807,4.6208106268275,0.654106380370518,0.199780929801702
"MMD",0.46789026627662,129.922201409599,1.16258480742571,2.38149082021763,127.538529000693,151.002273756488,1.36717245346515,0.120754167673879
"MMGT1",211.793075303976,217.959602959746,0.559246324701424,216.425083465714,0.826323848264211,213.106029414816,216.347321256534,0.197372289938288
"MMP16",209.683050722167,0.4695844918446,0.472329131190187,208.352116697345,205.327402785571,0.549017756235951,1.03739158198892,0.408215952783979
"MNDA",0.63628216532144,1.07872035885102,0.852761727154865,0.766293872525035,201.881007649442,215.022922909186,0.520006102204317,220.626061770339
"MOB1B",0.899488180204619,209.337953863104,0.349142092844415,0.812415931029403,1.17298871942707,0.411564502726065,208.296545321351,0.604242735042549
"MOB2",1.17605164891941,191.202780880804,186.565786311479,0.669043086336406,183.547304002934,192.802616744884,188.562974162806,0.146169852322
"MOSPD2",1.1385906236437,187.784850231704,0.297093802502418,0.602222370449969,0.755229446246524,175.192671669812,15.6006238717766,200.51132334469
"MPP1",1.2442332137864,196.157336453561,3.01334146907632,5.4908842356869,188.498550626059,1.61739179021626,0.39839155320567,0.194263984404975
"MPRIP",0.346572502356644,1.54267318338944,0.731693750073389,0.394142203399588,1.45059865433117,0.546726280582614,0.588226331164034,0.135073468289093
"MRAP2",168.683202051603,209.160593702802,204.804735929654,1.51262710814225,202.004726296714,207.299173048401,207.270972966881,0.123509268197049
"MRC2",0.500956638590187,12.7651776733744,211.612194538386,211.744372154774,2.78622319050903,187.033165051706,0.38642199963521,1.57244433679274
"MRFAP1L1",4.05537570048791,5.9301793789249,0.336524119133032,0.39198205260269,173.19617884027,1.24464870463845,0.684762968323573,0.118277613344232
"MS4A6A",208.079245965391,2.14875771861741,209.007553860563,0.531298108095495,0.322039391852745,0.395118297964695,0.248620553022358,210.466766426703
"MS4A7",0.482458080605288,5.72839690473957,204.226049449376,1.7081480411852,0.393989148522898,0.738808989911496,0.354032879138682,204.979318698296
"MSI2",0.375710540128004,127.649147071458,2.51963407436367,0.313808107330493,0.192554805299222,0.261495031766684,3.35493884174009,0.103217622000175
"MSL1",0.422544422423833,194.32172656366,0.537640650841254,0.45486644510951,4.46442355798514,192.153057979746,0.47392269274151,0.212857786534951
"MSR1",5.08267169084549,0.973593915587764,203.797386006275,0.62453449968148,208.122314274392,183.792609561846,0.226839580733975,0.828677232764775
"MT-ATP8",0.183303319488946,0.225934921207987,0.264761830944595,0.157057397314667,0.0605965431104802,0.0875481823411031,0.207506322039299,0.140817830454875
"MT-ND4L",0.194701077572056,0.195051824992015,0.116388529149532,0.10047642933364,0.0538665053324834,0.0818067647886147,0.214657679488781,0.122281905342235
"MT-ND6",0.924477165945946,0.342745034786092,0.187078526935545,0.248608631433098,0.10148537848989,0.165134860977043,0.356769440627071,0.360584613379058
"MT1E",0.723446920489306,0.361057823904616,0.818195168588319,0.309276814443096,0.104287156748165,0.303709838605588,0.331161969950338,2.95740080593476
"MT1M",0.33064296101149,87.8373458146644,0.508136935669509,0.988774169288431,0.121376284983999,0.751657820702283,13.6655022802807,177.051488817098
"MT1X",0.488878209414686,1.08716615689676,0.913518366154537,1.12199966167583,0.126832548868847,0.269978872873249,2.08914164118762,0.514696522119558
"MT2A",0.169563704073441,0.60589523423219,0.399597928333602,0.263255993614006,0.079313582181989,0.188918612431275,0.726872602255853,0.258138385209825
"MTA2",1.47732141634274,153.388431692465,0.438694108244246,149.925929788243,13.4989099082547,1.78681871099001,150.124683861002,0.692890272897529
"MTARC1",1.43603335779045,213.57155966618,211.445845971735,3.87647952348915,0.682221435791366,1.15799804313808,1.51950067294118,0.368147287321535
"MTCL3",191.179999801574,199.099934343458,0.458737965147973,0.812419527390429,1.54523153043333,1.17571960169841,198.256819857579,0.226027975174717
"MTF2",0.717802847256155,180.885889204902,1.61627741918297,28.8905817354161,0.7869598687575,0.919599869826313,218.547448691234,0.444691899704259
"MTMR3",198.643137360085,206.566717224221,2.80011532944193,1.50368912639732,0.463172083850528,0.802089603528141,200.843145548358,0.235147709408359
"MTMR6",198.573124886923,190.271018261999,0.373799836090456,1.02038802285258,194.731539650109,204.562639124118,0.771586319301923,0.116501107740556
"MTRFR",0.449758489031828,121.029693790743,0.411597053222826,211.979715263221,97.7639319803828,2.04321903762028,225.382033229138,1.03788160631487
"MTRNR2L1",0.808663620185489,185.154838237673,181.867285094768,0.514010188329166,0.235129383056704,0.861440773326862,0.50221036148308,0.268506055769273
"MTSS1",11.2050836447266,1.0333359299223,0.419356472254032,0.664457837894974,148.102523476843,157.179507817005,0.461253194168082,0.26416619368161
"MTURN",1.04152781109595,0.383896358217019,0.138005178610319,0.199514367265964,0.121337981651941,0.163909015941577,0.507639196062263,0.287827870254848
"MX1",0.608513047216076,137.100174092914,130.101886209442,1.70792463291745,0.891868667771925,5.14635878150187,61.8997767959643,0.181030107118026
"MXI1",5.65561466206632,0.613539818004505,0.365110972383852,0.444473827332115,0.32615973808909,0.801220053647748,1.01525766739845,0.596968817677797
"MYL9",0.269868766191761,207.433657441857,1.13509319073787,0.507763932671708,8.38775121542796,1.63152490519298,0.818772922500836,36.6487480894588
"MYLK",0.588133295649721,1.59657510929398,0.362856441473249,0.364295258649106,0.194659597016749,0.411693589796109,0.669520820891186,195.904622030097
"MYO1B",0.35157188125517,207.133969152474,218.973539550842,218.956568977864,0.753048855144228,219.251619681398,220.978435522341,0.539067256771066
"MYO1D",217.744265632565,234.366225137639,0.219194572878486,218.323132813364,217.563778689003,3.93629513719329,23.0837364410829,1.19227500691438
"MYO1F",0.696219953746425,0.868477521428996,154.191025551741,1.21216108018598,1.16920752668899,1.34197892655523,0.84239895852774,148.05836953333
"MYO6",0.32268636662984,183.773281259799,0.230247725576188,0.432473856402945,0.271290515249187,0.262179568281697,1.09361688564199,160.56929864605
"MYOF",0.430673676527396,1.39487750061656,204.948712375061,1.22569278181904,0.862926483279308,1.58869379878629,206.092155845853,1.05067413807996
"MYOM1",196.82010165203,2.91980542659217,1.14789904991311,197.901193989387,0.644791607985352,0.771886843425544,1.0369014386916,0.253228683432112
"MYRF",1.17237350475055,203.367601126683,0.155830715311549,0.54692306265925,204.319810643662,12.0254449003881,0.883788010088046,202.08627862094
"MYRIP",8.72187708115003,7.17520286375474,0.831252182391456,2.30562911637665,143.455628383206,147.728163480866,0.68527738791281,0.116173720739635
"MYT1L",190.995373523834,1.08348418587584,1.03060094061791,0.777097472322296,0.869220468339978,0.789175260531364,185.450830717774,0.132037455893053
"MZT2A",154.164190021561,0.62617794932841,153.849810368238,0.75526434811544,1.35194457491078,157.06537309241,0.488387002026445,0.154768121259863
"MZT2B",1.20471996279441,1.17309361284288,0.788709869110669,0.80277786623048,0.260158712212648,0.667890078968041,3.02299495054149,0.137057608313671
"NAIP",2.86323893909627,1.52251021651657,1.79433098712029,1.66073800228962,0.636346491011545,217.3217101047,0.606117923545895,2.8942445275096
"NAMPT",0.178496881721454,154.140812898107,1.28318293219881,1.19562541879174,0.660173926869141,0.976971641209942,2.97589565190057,0.742474620221556
"NAP1L2",0.502395429705689,0.769080466915479,0.637343741580788,0.571939108234755,183.024859726116,190.438141689951,3.7497081475448,0.0802047836050297
"NAP1L3",2.52166068344277,0.579995694355304,0.535304003532055,0.53557594977718,0.717507916915593,4.50465738573667,187.407711537561,0.090937274026352
"NBN",1.04299478675279,0.944402461510141,0.621536237074921,0.952399921977008,200.259509856992,200.602763245888,1.23210045271488,0.275102503563194
"NCALD",1.03533753614263,0.680316634306952,0.611100617071732,1.30960005208701,205.110244516351,1.12579093973339,206.526851910277,0.228936211070241
"NCAM1",0.349214310208143,0.458086164139101,0.254296064029562,0.217657634145577,0.267787316026615,0.315673821628412,0.575828961378741,0.0706217801566444
"NCAN",1.03376268093281,6.05566197446452,202.787645973191,0.499569497031325,0.354639213697408,0.508652608598206,207.033840968588,0.531086527986524
"NCK2",0.442403922815228,0.913006826852018,207.409138232973,206.145268992744,0.419280848474117,5.19695134461317,3.39763563721121,0.298949451667756
"NCKAP1",0.493648143908501,5.00294718574637,0.349738601678103,2.87889459305574,0.407484436411314,1.57049804183616,142.815960371961,0.069776056009786
"NCKAP1L",0.985187822335902,222.692291999195,1.20266151349633,0.852182358226584,12.4505660863892,0.902676669006185,0.32990329174713,220.489147837457
"NCS1",0.578864393054002,204.972030467006,2.95418090572702,0.462194911048154,1.10292166569351,169.092627600918,1.52986861552371,0.0949514724411859
"NDFIP2",170.357240287874,0.793833306274625,0.882554390894762,169.826777838824,0.70135020118471,169.125325431511,173.167049725466,0.140932424230135
"NDUFB6",0.681916720996892,6.91593947001939,182.833451823412,1.00418692023228,0.382075618730739,0.363044561017176,4.76885332962666,0.15440740606386
"NEBL",0.679060016061795,159.844640152695,1.01283773098207,0.334692591066574,0.113798197830911,0.254752701732825,159.875042465808,0.206682690405221
"NECAP1",162.504942803298,169.484611487701,30.1779426195457,1.39407009639062,163.189871440535,156.433320500978,2.39163364662614,0.0639034393741099
"NECAP2",0.734695798918573,1.0210190214697,0.393740500596104,0.949084071555111,147.91717796978,168.266415144034,0.698964955965774,1.55449805145131
"NECTIN1",1.80928303230902,1.63156887691346,0.259615867213567,199.575521293854,195.74461228825,197.063531191728,1.94644480943415,0.491627714433672
"NECTIN2",0.444558620418474,0.809255322734207,1.70174080702275,4.26322175721895,221.188530211129,223.466064370373,223.097925908975,0.263882238947705
"NECTIN3",1.33584848060887,6.31745917025747,2.6439924618286,217.674435823952,0.672608788332978,1.68759708011831,0.520154112612432,1.17999016298213
"NEDD9",0.268355624215938,214.465756255716,2.79968409599498,216.764973250366,1.4705119783607,2.09097832621903,220.158164631009,227.292060143997
"NELL2",202.214328030511,3.80885352468666,190.417060395293,2.88747162741766,199.668757149732,2.91988958587508,1.49386357787125,0.10933770809245
"NEO1",4.67792821513976,2.95127786343286,0.376360335436811,1.0061178522602,1.66326386999882,1.30059277983703,0.99959116148799,0.305078214827031
"NES",0.266189722106186,220.368418114129,215.46544843059,1.22861535695485,0.863773799972116,221.091185268329,213.493869453423,0.564350688776772
"NETO2",0.577156414935554,4.10039248952667,192.644332830626,0.487706630143556,191.525557686958,1.17968780884728,193.826207306835,0.17602730822694
"NEU3",195.576367321568,198.104353112278,193.368749807844,196.350562326918,192.748396030004,195.608984485862,0.515322703694977,0.184423122440168
"NEXMIF",207.645998769536,0.933821248634945,69.9808956543048,202.633438400669,4.52829428333413,206.377497939147,211.546110284178,0.214014986883022
"NEXN",0.57226984231145,1.04707069705146,179.694925661571,2.53995602535352,0.403720051763995,16.7413399824705,199.131277569605,8.09059487305116
"NFATC2",0.467120053585602,158.959301600113,140.688499513568,0.579909470861239,8.9546236238797,3.44683455866435,1.57735541385628,1.3735792881078
"NFE2L2",0.737361016352002,189.507376877353,0.621398117083991,0.971530539902338,0.222657325314062,0.536299550166724,0.475880261182074,0.482033733493083
"NFIA",0.296554070807937,0.535984787134421,0.357968395698041,0.261783054200464,0.123768260232812,0.191333553183158,0.531423041735944,164.640174796037
"NFIB",0.495757381885751,0.925950477674374,0.580144154256092,1.21296906211434,0.200193423918993,0.328368563004414,0.572390811110057,0.314822645368449
"NFKBIA",0.232190847922117,179.61087236716,0.676169294040557,0.901534731898629,0.303154729478239,0.686099711193501,0.572884400635458,187.392298693519
"NGLY1",0.850090030704452,204.465186218049,4.60937772887179,1.83756411286648,208.16170968685,1.25877366214359,2.03258635600666,0.27656767963601
"NHSL1",1.32083009035984,153.660533326698,148.170337485865,149.942057879445,0.356528479893304,1.59418144702216,0.75352606438526,2.75738385904016
"NHSL2",0.787955055666135,210.191878109046,212.099630023697,205.315695767916,2.59769922542927,195.616526224476,2.35674134745599,0.196021436773922
"NID1",0.430467269288358,6.74424831257815,0.771056333277763,1.18419432667092,4.34598869549313,220.417174454844,1.27171513691466,222.698711318894
"NINL",214.675843997958,1.63833893632829,2.24468368078964,211.88159314114,0.463035600920507,1.49757239080639,214.370595122551,1.24650306538292
"NIPAL3",1.12296581674872,172.796695577135,0.330707641748097,0.479440109219498,0.342082410599575,0.465769347290563,0.705977953021948,0.12789671811062
"NKAIN3",0.826656556308826,0.674097649161363,0.985268446866444,2.04317347386195,0.353143279696169,0.333166072672339,0.713807696106642,1.96056135179152
"NKAP",157.998932017559,201.391309274947,0.632443884755804,0.446736367670672,0.57697002633638,1.89058178752077,0.595441541947987,0.32162873349583
"NKD1",0.555547597970614,0.489287520395613,1.14835772007973,1.03870989715307,220.430919278856,0.587794709779951,223.817538502032,221.055823886071
"NLGN1",196.226650571639,0.776428134460746,0.411556762631534,0.577625505378891,213.801092086177,0.540881179854563,1.14583441510722,0.30036406465217
"NLRP1",191.38399091616,156.339495749646,1.19128172029821,4.28000727146047,0.408989208631236,1.73131261973067,197.9623938581,0.185988696947941
"NME3",0.70778972408009,0.382328836218379,0.954783751625311,2.24841611698907,187.619416794459,191.582153340774,0.923749574339193,0.150132564882949
"NMRK1",200.581525350366,203.376048179085,0.923162004441333,1.37376444235809,1.72864525615178,198.429785049717,206.551474414726,0.259678883634357
"NMT2",0.534124804079336,228.504083146071,242.702903457833,4.77427700465853,0.41603675072683,0.565471891105372,242.634678365904,0.313282974478611
"NNAT",178.757593268006,59.5022069337355,1.43000822572301,3.9266085977344,172.680791643011,0.599686684448049,1.13110261657002,1.66862748193101
"NOL11",1.3785330005372,0.765073328364696,2.40124841753621,148.311764267533,0.792051317219126,3.68421696668727,2.92240396255772,0.334071367915021
"NOL3",0.832031116744937,213.381055838746,0.644363932746489,219.720183964003,206.638199053484,213.724730729496,2.9068796026357,0.205223256847846
"NOP53",0.304413940831521,152.624995393578,192.321833850538,0.43264144909311,0.44171759252855,0.440770240236248,0.415509515713798,0.289369069962413
"NORAD",0.321462373222274,0.39970677038648,0.438263551265503,0.285872665684739,0.200904238028337,0.454607873720542,0.901060825494322,0.0510381853865469
"NOSIP",1.09252390724393,0.363301946509531,0.617506106691656,14.1730003746517,236.521743388789,0.980903941870259,1.3278789735149,0.325065604901839
"NOTCH1",0.49776552174862,150.415909389987,1.0996546643823,1.20818045978789,0.529977146098947,151.09682868655,2.07885968434623,0.706297594121645
"NOTCH2",0.443767669651457,189.816944959629,34.0542712813236,1.64668825640053,0.349296442141653,1.09531925898182,0.589606266748459,0.818094567968961
"NPAT",14.6570860038837,215.480060318621,2.12244683478168,0.831097864808445,0.854098647483142,0.554053822222185,2.5523591449309,0.740876285713155
"NPHP3",0.358542928350266,223.777515366094,1.07800220690587,227.163096405669,0.290630589984337,221.550379149875,220.257283206182,217.914261707328
"NPL",1.08566573120054,200.149049719028,208.306854987443,1.49409847509566,0.208021031859629,0.69453014932394,1.21378331182968,0.817863495108511
"NPNT",173.616189630402,0.656892646960122,169.904717948306,0.73655806252892,166.442003377792,173.994162878496,0.692306956548521,0.0739811351814114
"NPTN",1.03894601070397,1.03191408110703,176.343835545428,0.41192107826314,163.451358464395,1.66792973924611,1.60713934390966,0.0441295204984046
"NR1D2",2.47177604434971,0.8473172738612,0.588755034938743,193.183190456126,0.328318676088114,185.601532121847,1.17701509584861,0.35281159413585
"NR3C2",1.3438234997393,129.128566175267,0.991573503935831,200.657880979862,0.98066398557075,1.52174975442334,0.921130661176549,0.420652275085256
"NR4A2",1.72559848486715,136.304110044253,130.479793425672,2.34061252154876,1.76783017983744,134.776515899356,2.85292949100796,0.104797172269789
"NRAS",0.560424450318492,1.7456100514141,2.3800277649811,176.673489660774,0.658517021108759,146.421490514057,3.29161270161188,0.203249993463001
"NRG1",203.173315440671,0.850263628361158,1.04806204599568,1.95667140939126,186.490616614619,0.799010286800922,13.4273247708479,0.227242969471391
"NRG3",233.898503247624,0.738239562478264,2.0753577336185,211.842018165965,0.358025359955712,1.14542428432789,226.136137385455,0.515499313050986
"NRN1",1.16199282888162,195.800035893983,1.47283991340455,1.07847979855568,10.8841217737071,8.39142357472771,191.930155076682,0.204442630994007
"NRP1",0.427447519385907,1.11136217573021,1.17672153230968,7.57547298282316,159.861751370132,1.90856654804613,146.357642525069,0.478443239682087
"NRXN1",1.74462697378703,0.480517556912186,3.34519142964477,0.488618764356272,0.338013937968424,0.352069333893599,0.935925654725539,0.115610207808449
"NRXN2",6.82512034209068,4.1597365766426,0.701943285012781,0.706666684793916,0.91831733682691,5.3124135055265,170.82642629492,0.0870332160263858
"NRXN3",0.526673007633289,2.42873419565932,0.575861952652517,0.660341218671351,1.41235219501427,4.83001274513098,0.424283526276354,0.0470002007052107
"NSD1",1.07111676018393,3.25167471808286,0.414755699586899,205.1280234143,46.566879561563,202.359210056216,1.627638094965,0.24465135420272
"NSMCE3",0.585198343735798,1.42866781679221,197.357067433025,0.603543039028052,191.415943215548,206.200438925192,40.1379440246839,0.175368745626421
"NSUN6",149.806541465684,1.48708381186964,1.43862211267057,2.087289478192,0.508520518064502,149.526550456115,4.30477208437559,0.996862288446176
"NT5C3A",2.74137681517309,212.920823848848,0.616183298409389,212.763235187074,214.424262313692,1.1970874797036,0.763305457231369,0.421079672683678
"NT5E",0.394751937810112,0.686651858524673,208.700609681615,1.26511778884821,0.64744845656518,0.707995116307307,1.39595774722185,0.670961341814096
"NTRK2",0.234960560645711,0.639360420589888,0.378843215163022,0.171582028121131,0.06750845735267,0.121190461764452,1.48718466353354,0.193192671441247
"NTSR1",176.099162956859,177.795721849399,174.122775589,2.21677185536952,171.896733682021,176.982424766231,174.947027324868,0.0914730242078044
"NUAK1",218.327564292046,216.551627725377,0.545947737297855,0.441188685699795,0.536524717241444,0.414582654737383,222.273510616557,0.4443955160796
"NUCB2",0.460504973965817,190.289113512991,3.99598080273763,0.789005400694902,0.40993637582888,0.401191519864847,0.454065023960093,0.288918920721173
"NUDCD3",0.811433360332868,1.66675761451888,0.894323817413514,0.624639290629398,170.809379136956,173.452447210848,170.972313728142,0.0965988183207684
"NUDT10",213.151468461821,215.50580451007,1.29500914547716,2.33266121617143,157.152975508605,211.31276922672,0.993616224781016,0.215334571827932
"NUFIP2",0.808083396149677,1.65111390638732,0.501625535055532,0.604509186212084,0.732123118850049,0.370598295756716,0.578995067891503,0.178573437180052
"NUP50",202.572979445686,2.19791827483215,0.828025826813736,0.505189631463717,1.22269232448939,1.25570737353821,0.389424145798891,0.239624337247031
"NUP58",0.4332278067344,0.600037820380711,0.729794697531488,1.12121714481912,4.26412413540552,197.609139052457,198.739839980221,0.195208742134938
"NXPH1",217.862043916025,0.522662896913004,3.00400479523164,208.864550804627,208.310845105015,177.118396323021,0.693059738327864,0.408487645561471
"OCIAD2",197.361116010384,196.263347040843,192.119507351255,192.656837507161,0.487401981802114,193.548351479152,196.884599261517,0.191924046303969
"ODC1",0.461383748770906,205.294242902706,206.825931957961,4.77799687136361,0.566937376802415,203.899118637479,195.00177301044,0.388809588928093
"ODF2L",0.773421492967328,202.343710695114,80.4882019590928,0.934826659108253,0.339229249520601,163.730878674917,0.581754698415588,0.355629183480541
"OFD1",0.980456869418923,172.618799107318,0.831887437434706,1.37253496955372,0.408582289454228,0.841062484039178,2.37998433701986,0.659962006763443
"OGFRL1",13.000143365926,1.9481401486198,0.702198606134196,0.339732769479582,0.165765296763467,0.400499377324648,0.481024899838062,0.183336559834059
"OGT",0.364472924493663,0.814211775482742,7.46929922049208,186.062231853452,0.558649967896671,1.04614981107965,0.49159631382605,0.267413411729685
"OLFM1",0.756254843018711,1.81238225738539,1.5783459483007,0.405575197721731,0.217609410172706,0.71349556944562,14.8814605572727,0.0987084123738028
"OLFM3",189.333085707448,0.894847402748749,16.5945486497392,2.04998732883048,193.833450869455,1.08554343116826,2.32852269883308,0.116754201883611
"OLIG1",0.811893518075095,0.245430864702921,0.327041475900153,1.29105978730195,0.301318043038458,0.867631546296475,1.10369631985251,3.04720714664731
"OLR1",221.053252215495,1.38084817849629,213.484331818382,1.3137150095023,1.04020948328003,0.707148235552498,0.329294256189687,0.793751209419816
"OMD",0.405056177583754,0.911357152976397,0.462453099972035,3.94090451283573,215.692721908192,194.184550718028,203.757967439902,225.023752294112
"OPALIN",0.799999210021159,3.7061721881069,0.530700220940002,0.988341882326175,0.68270352608021,1.09427134592402,210.904160423108,2.09317889449931
"OPCML",213.708190503595,0.932904457566899,0.350698911124804,0.515377661852408,213.234051192672,201.449140773744,1.51271482407013,1.07631150326408
"OPTN",0.333765888081728,0.365651337693599,158.605252894081,0.348509081948291,0.424514881975015,0.574091560619476,0.755179508623196,0.0592948210171227
"ORMDL3",0.433322844233235,0.394041124048909,153.55473211037,0.67827775091233,150.039562794458,4.39112892533359,153.524408214049,0.245777891614739
"OSBP2",154.159040172684,2.5956026843393,0.721993901705367,156.82224203594,149.271035671483,7.01762764778257,1.25818781580676,0.2105029250124
"OSBPL10",193.272488984316,193.307126533708,5.077527443976,1.94095005437731,178.21988238223,3.19472264644302,82.0309708712741,0.156324091434231
"OSBPL11",5.14162304359822,205.992953900216,0.77707708027389,0.597035589255464,0.213972275853034,0.384138873798053,205.056928082745,184.132506767016
"OSBPL1A",3.37805443446645,188.831258078113,0.26407896612679,0.526114989369806,0.275104326481718,1.66594275937978,1.12444504557917,0.656912132554008
"OSBPL9",0.805685242862248,17.0564060519934,0.275688680966703,1.38974937619361,131.878395277616,1.35029242566346,137.630313544025,0.143552631146059
"OSER1",0.615529767472332,1.97893656184168,202.118490398911,0.685767715563571,198.529631251617,203.848850538071,1.20129728052036,0.205690579923737
"OSER1-DT",1.22045671516305,216.474496022959,0.417968677226743,0.574723214990451,210.494698902636,2.19753319547507,1.01476887248806,0.398514850487885
"OSGIN2",0.981240831778112,0.884482035172058,0.703340344381047,0.799689618667951,2.58130793993298,205.708985484797,2.48971707625872,0.23714407358608
"OSTF1",1.05501819478049,212.292113185579,210.433632356148,215.50291734573,0.532264607811623,2.27879907098307,0.676879643448403,0.317500742890407
"OTUD1",0.513012210114453,170.136116684338,1.15402675192081,2.17252646000352,137.350316963902,32.2596239386496,180.027295955617,0.342460843995701
"OTUD6B-AS1",1.75360017292959,0.516397569753749,0.654651868263543,0.899965503429774,0.557938306722465,178.646140208165,2.16848620288946,0.146869675215311
"OTULINL",0.629994808184443,222.355210463867,0.912359988421107,197.836844938143,1.36930548811569,225.260232580562,0.611073013457783,228.157520150373
"OXCT1",1.81226829738404,0.865207976076446,169.3986002997,0.868179172319308,0.390945392502231,0.760244050905324,147.031236295147,0.190529829214442
"OXR1",1.57823580829279,0.748108182309175,0.52159921292138,0.770765431099031,0.454438559665906,1.11900328024715,0.745662321835772,0.149903700397423
"PACRG",175.673264839199,0.806316401967751,210.937870735275,213.918529304375,1.38083876012219,210.118521170094,216.373645684728,0.436439372904582
"PACSIN1",0.48446752947615,2.13787634136101,159.500000921117,1.79930895161627,156.249848571668,161.094566921651,159.581993336348,0.079944339783263
"PADI2",1.30658097935971,1.11922642797101,0.362198307585361,0.414075099581333,0.185143091717321,0.445217421036983,1.82511017895413,0.725887924835853
"PAG1",0.574723048249319,0.953642391522768,1.13787087244725,1.02411687192073,0.67188501992801,0.467218727566271,0.351821563626912,1.1003361981543
"PAK3",3.01630751848778,0.74737039817802,0.427130261662811,0.353690736833374,0.411094997870996,0.34721155341071,1.25567651636063,0.129696969791069
"PALM2AKAP2",0.504774921126826,1.27659538502489,0.831733123986463,0.346583342036406,0.574278325244758,166.601987050924,0.851718248451248,0.10609723306082
"PAM",0.393612026687047,61.961363801561,3.65374961318164,0.583040694858877,193.439556922382,0.743960192754051,192.513894526867,0.12643957902261
"PAMR1",210.618657534867,212.40547739284,1.53677627857137,10.0576171295018,0.278725503129514,0.866093175709238,210.96943707942,3.84245060274655
"PAPSS2",0.270961165535534,155.979573173006,163.74348044566,166.788293245758,164.178532736459,0.898699750803863,0.548399286749682,2.93994486715545
"PARD3",0.381055772892323,164.711708963346,1.54778168223028,0.62051522045681,0.51481929068385,0.634441173614327,16.7643623436379,0.558643438401131
"PARM1",2.0811979738016,215.646279920313,1.15160859773649,0.841176943983762,185.208754314303,2.36472933693307,197.966635602904,0.213111528585606
"PARP14",1.51989725419406,0.665910905787686,202.849209065389,1.24348727308691,0.383843886068936,188.230812603985,0.4288708909055,202.694179603439
"PARP8",1.29864068128379,244.099014367376,14.4004348679462,0.618837166517634,0.748100877935278,0.51752313149716,224.976567198101,0.349496954438834
"PATJ",2.01570849433388,0.912243931675103,0.98587832461319,196.666929660152,0.869439475981937,0.526001916554618,202.786845070277,0.213522086986838
"PAX5",1.31534557817537,1.48479352990493,0.811385128146601,0.608023745423943,0.753185973653265,0.487852203236101,11.2668204729008,5.39327284316675
"PBX1",0.414143265157345,155.689059440647,0.933927785225507,0.302469263360396,0.232507251473468,0.330977183455177,2.32434586002487,0.0697881319299713
"PBXIP1",0.385033596777944,0.518515571331436,1.02072851485345,0.469899554813819,0.162946443420704,0.359270547371452,0.394645685170215,0.648141547325352
"PCDH10",0.464962188829452,0.793696600373929,0.529511466972895,144.037483995155,0.678123840835511,0.695290468563638,0.914320317756795,0.0817321202187924
"PCDH15",199.135099037157,0.57844234571111,3.89157241085991,197.580067702486,211.034615342892,164.684402807384,196.097427485576,0.303934908056762
"PCDH9",0.250129162321136,0.277933479124521,0.166409208948067,0.282955156152805,0.137898948040189,0.179380413263408,0.481577729869053,0.675562010363234
"PCGF5",177.1288416583,63.8561710634796,0.446487199669555,1.30353482022916,0.396024674615338,1.17322575705135,2.96531271998201,0.183049742383231
"PCMTD2",0.984823184965119,4.85248423808497,110.327443435994,0.914622192558352,0.518847584136589,1.89403575326292,0.724838762804861,0.18110227087456
"PCNX1",1.00160959830503,209.983442789063,2.48767464348153,1.16050842048925,0.659438086261372,2.13634483722227,0.444491411885215,0.192031452606337
"PCSK1N",153.251234962583,149.842720327727,2.94311766125201,0.398734201448007,12.4715058852935,0.627344900746662,2.16045863681196,0.0490170437045817
"PCSK5",200.0945911664,6.06209551639635,0.491451255357623,1.59475793619106,196.330704213856,206.524119469649,0.341037813126511,196.92887090263
"PCSK6",222.588212428578,222.753688272755,0.166591340457767,2.3365789911581,220.334376864673,222.395111479097,0.950753304352604,218.269439174584
"PDE1B",0.920340208443811,156.025051718801,152.221891670382,0.839879829075989,150.693578358056,1.88673982251101,153.603284016183,0.247888091341811
"PDE4A",1.2368263268308,0.802678524319164,22.3773410622935,0.889265418316166,149.162295951104,1.22927152529254,151.205259259374,0.151385036668193
"PDE4B",207.360503109467,203.819983912437,0.368185654037231,0.434592204692605,0.56704741895338,0.81097316374461,0.404112793666133,0.316519452838552
"PDE4D",0.830983375004676,189.733932226396,1.39484171819883,1.25704641291366,2.25461112445775,0.407311413513576,68.2552084067487,0.159984073885704
"PDE7B",0.378321186157895,211.385340204783,222.60284122795,0.587945166861508,0.498261798855342,0.731465128670213,6.50638056419214,224.026788496732
"PDE8B",0.708248851859946,202.588291414802,0.467119685109473,196.054672329003,0.465937532548973,1.98012077989154,3.42485214629214,0.298133077886876
"PDGFA",153.777426453605,105.586940696936,0.467075243150845,0.84791073903895,0.846237514474897,151.406133533835,152.943010934977,0.294165508958536
"PDGFB",0.479554705333399,1.6090915662365,214.916469117267,0.610481258092268,1.12831872313633,205.041967296409,0.770724932768551,0.572412152074272
"PDGFRB",0.504019669012672,0.780626713851183,205.977480977344,0.580489583026132,0.51829437077108,0.52871047882639,208.640441152713,0.948540988932367
"PDK1",2.22808040868684,3.48140642080571,213.858936507139,0.408080681657659,202.660224777585,0.509487425628147,0.510782468100271,0.589039053464138
"PDK4",0.334980777596004,1.12932874530851,0.261962064436923,0.322026977873411,0.16058320459884,0.220394604308857,179.022894040384,177.273550040599
"PDLIM7",0.396952861907334,157.014955766462,150.677220657832,1.1120087309181,149.993550242617,161.40895123247,1.49488598179838,0.219454713243714
"PDS5B",0.519726091243204,0.63561989722796,0.400394354518361,6.95967922796327,1.62360194345716,3.12800314381864,199.531545591534,0.167481446529869
"PDZD4",15.7925413711507,6.18077564690283,4.08327323386502,0.784264298257291,1.08094570626379,0.676678969825956,217.393563025599,0.313524829530388
"PDZRN4",1.49551059580456,231.784636212168,1.61199957605751,226.638099431601,0.546762727446306,224.128524999931,225.399250847843,2.42300013882331
"PECAM1",0.191812423695457,2.98302413051661,188.986804747964,0.774864206070957,0.634560999023083,0.700348926010966,0.99583231998148,217.887476000663
"PELI1",204.861272232172,208.178404119012,0.840651782979259,229.812870158997,0.804502846904057,1.12950106130027,0.788707407558659,207.531990447565
"PER1",3.43936962781251,7.53163424352759,0.927928884970424,146.86015880504,0.741077706906946,0.670693934053386,1.14067672892166,1.75477632919409
"PFN2",0.412750169908123,0.42934629468726,0.495084864243758,181.480509168682,0.865350091073889,0.628372442512349,192.957991008494,0.0717532162014943
"PGAP1",0.600582054650364,6.3097116860883,2.62185336892331,0.73326818117363,46.8306535427717,1.7324690017553,155.258719901166,0.121627936230734
"PGRMC1",0.643396728887012,163.053269384527,0.3538384123565,0.285242885596996,150.874550697305,160.133475435425,155.634562757424,0.0399637091996943
"PHACTR1",0.442639160526012,0.766048324052281,206.93895790221,206.467923914214,0.81587217923711,197.275329264079,210.607386447535,1.15680789283214
"PHACTR2",0.42970079134435,224.833657820075,1.27638231910721,3.71991790697967,1.24728743842663,0.691819969695658,2.66799843500368,0.260742246736477
"PHC3",0.946012489155328,1.16404467853243,0.536932779571548,0.644498647567784,1.72444367004612,0.767560969203719,0.576769828997873,0.354284648889383
"PHF1",0.599083349287661,153.908293448306,0.764359163102947,151.479328546037,143.736689075446,2.25962544835653,151.984303368582,0.164453834154581
"PHF14",1.492667239507,2.03403784735912,1.47297801417151,1.63745342809727,0.267269128783372,0.361889258588005,2.58501148678788,0.174991692036199
"PHF20L1",0.533881502732071,202.695006762545,1.35723509689369,0.626946599553214,0.925765886043415,0.533360239064337,0.906386061387697,0.28591522649949
"PHKG1",2.37831245807961,0.802266179677763,219.471138738053,1.09616105693743,0.449814593079542,0.904911675813086,2.47264051198392,1.87686336571543
"PHLPP1",1.30629135873325,0.668326924080668,14.8688757428753,0.575400823846491,0.269178452091147,0.438711901785051,0.828959660662863,1.3724479830171
"PHTF2",0.632753164144676,3.37454486157444,0.671957490067434,6.13389561513402,146.201413955495,0.986292044623922,1.46760627131137,0.444128841343553
"PI16",1.31896560584514,218.026497552933,2.83327868872244,0.712756770711841,0.215097923274871,0.666571229063138,219.378755454576,218.586778154195
"PI4K2A",173.469785656934,178.071579908463,172.075341052669,178.334832428207,170.331426674929,1.12889455416794,0.390039734072386,0.118411519799204
"PIANP",183.311595915171,184.532749866211,1.64149329070207,0.505601014635708,180.965039384521,184.156932921746,1.4782415633468,0.111445569533358
"PID1",155.313693557334,0.532698535647263,4.12949165473311,152.32831997615,149.477470520677,2.18977207168541,1.49471751248617,0.108386656732532
"PIK3CD",0.444400946248944,208.827943456166,192.227112881683,0.679825815728283,207.322129542715,207.066245877205,0.92222247853624,0.685384176921291
"PIK3IP1",197.609938661006,0.798262042480837,29.5769542192251,1.61671400724488,0.501095791249046,0.899594521821983,0.775813734729307,0.321945400482538
"PIP4P2",0.54837341423765,166.676760426796,0.345336012675973,0.419687303712056,1.80563624624262,1.55836763409486,165.092290795548,0.140813998702058
"PIP5K1B",0.762501108173131,1.13301658044765,181.633516194207,0.586356684861553,183.058063793748,4.52510629871936,182.591254491194,0.0807482697623896
"PKIA",184.735237469586,0.964094077629094,1.00264710295844,1.34488337614132,0.319116700544879,0.39125903618827,183.223613284948,0.143573309235604
"PKIB",3.08122834779246,1.03629963218415,170.105253255819,1.55183454399594,170.173925287344,172.733738339635,0.660824026566836,0.0979860244767015
"PKIG",0.699265652600173,0.815800078550823,1.97773501521467,0.888468636609206,0.386225002890481,0.89851981166611,202.648062227235,0.330266487881971
"PKN2",1.00716919663306,0.912832640238532,0.645846525978862,0.666941431989315,0.583939548630166,0.381592931350331,0.437077701194686,1.03699557093539
"PLA2G12A",0.774384359112249,3.65929395039677,0.799953968400382,0.856877572938862,0.451932152542801,0.966565274085826,79.1351410602292,0.119824191877564
"PLAAT3",0.802313990329258,200.050708214493,0.16141072787916,0.462937186470294,0.738106285519166,0.310835163590251,0.65239790743106,0.232630649884384
"PLAT",0.321846467873721,1.1309315923799,221.734542026945,1.02774251489967,2.29823761911232,0.466174889334786,0.73357456041457,218.997543278521
"PLCB1",1.78039161961617,0.971328341516731,0.707630911446117,0.900768724568955,0.271406596060568,0.59455467680767,3.34251939489629,0.220944768075841
"PLCB4",1.49425752000664,34.2504848833629,18.2743382451458,1.6912468766226,177.490166558599,1.74409572603513,187.976474034319,0.0973137374236038
"PLCE1",0.620208911081247,220.804630194239,1.58455000143778,117.015366800456,0.554963968518338,0.884598725396055,222.633021207421,211.173243320669
"PLCG1",0.526334054601761,13.7747751162809,0.865116325221759,1.68908349234149,147.15078810641,1.31278883038533,0.775379527623263,0.363922034056903
"PLCG2",0.235152339537652,6.15812891688906,0.652680736557184,0.590464499735929,0.198719255797428,0.278972080384477,0.937066075464381,0.40412186164252
"PLCL1",3.12700121755598,22.0884650874516,0.166051259848935,205.507339326894,200.112634337439,202.28001824201,0.947067956443393,1.60519343597524
"PLCL2",151.297378288269,18.0535408205717,152.586090055704,1.17735320815085,1.15135869332682,0.871291902169419,0.722494258087152,0.293609631567992
"PLCXD3",183.905141111506,183.616736567511,1.64692854368253,0.45671710607478,4.96832468622568,0.554487298557034,3.01003240646283,0.137491780569211
"PLD1",149.915676276175,153.803090908819,0.962662261073063,0.583683081414832,0.982694702513336,153.827603953111,2.10859583254819,3.15120859344347
"PLD4",18.847446705865,10.40393513581,0.448777742537425,2.38982271848362,222.897770842657,227.525103190724,0.501460412872275,16.3530510762788
"PLEK",2.09126420700251,158.580478013098,153.529739041333,0.844825952159114,0.87569210902599,1.24039415700414,0.315952278040758,148.639494634394
"PLEKHB1",0.274388790773778,0.426970637378354,0.122107080942958,0.190796717371446,0.174711769984989,0.235593264491626,0.231982493446381,1.03193777517197
"PLEKHG1",210.397826051533,0.522670072873775,0.588102108760124,8.94314028862192,0.920176398368463,1.74887641866746,210.695329051453,5.44513632587703
"PLEKHG3",156.513644269392,0.561533008911495,0.498328944611463,1.31392430611926,0.407693482028323,0.75543805894019,156.461421624694,148.213824251303
"PLIN2",188.427450342536,209.65363668053,206.332895475361,1.33172470858808,0.755972738293615,29.9787037020926,0.881383095836722,0.480473427064713
"PLOD2",217.51806102078,23.4982238612877,212.198585712316,2.31171891225019,0.204383869172367,0.995655734567871,209.618414975773,0.781854684115939
"PLPP5",0.515931810447098,185.259360469128,179.447342244626,10.9060817893179,178.048792773421,0.466733200106123,181.211904939832,0.273296766605908
"PLSCR1",0.374620958673197,0.696522671045345,1.35922521142931,134.767659990747,0.953187790919671,1.35940134674769,83.4395644723367,0.416177867278811
"PLXDC1",0.441338229763339,215.611527677505,3.03805914108996,214.135107383187,103.715443336774,1.48807783257876,2.07115703059046,1.96694191909484
"PLXNA4",1.1036818167099,214.950441333312,0.639143644456782,166.119508229632,1.77591087462812,0.733261077612244,208.932563593469,0.272911001563753
"PLXNC1",0.502864974112897,0.822024010295828,74.2787141723886,0.853788031884842,2.65793170773773,2.29932796204806,1.92044118013435,1.48974406596113
"PLXND1",0.673084147140926,3.32637219456354,0.910443971096188,0.747806782817914,0.525000012900102,154.043220537806,0.345054156814017,146.528943301357
"PNMA1",1.83058063198303,0.508977569146919,170.795264044147,0.305175021765125,0.259088239087084,0.600314473503813,2.16952215670509,0.121835755371963
"PNPT1",2.42877481258139,0.680702985661402,0.316877904395396,0.588186743516329,1.14931299555668,197.414589958306,196.358729369615,0.476094950401113
"POC1B",212.552073175376,2.17393590695885,207.655420789556,218.780368469304,0.347101120049322,0.958248956662131,226.145206008317,0.805856172500183
"PODN",0.599287828888989,8.22693509141762,1.67836901398002,149.09622004682,0.853105148797246,150.539774561555,150.160765471628,2.94924570872689
"POLI",0.768959468798447,0.906372047625227,221.003055572207,0.519606761047147,0.443787949405979,221.427774146073,222.63376202616,0.744380380397978
"POLR2A",0.507594280949576,129.03544266953,0.401556307512802,0.723703555881222,1.46369569030104,1.17404581518557,7.30583450095324,0.193932678147528
"POU2F2",0.669247618075874,0.43687964563288,2.05251901316135,0.443121936393891,127.173288296787,0.963648253949606,1.86618462307077,0.695275891058571
"POU6F1",0.778929372262533,1.13031196549039,189.468983293924,191.745154265988,1.35186009029481,200.904305367243,5.56886105570753,0.335867724741793
"POU6F2",239.400402615548,202.029023350497,0.647553484459794,0.607420929073582,203.603367565649,197.607045286898,0.531961679489493,999.999917347844
"PPA1",0.469972713109741,295.174519673155,0.172635327110496,0.484410571405401,1.90834653417865,165.206654081625,0.769751335571701,0.0525419203283934
"PPARD",0.372408597324101,158.823932097696,150.902870724094,0.666075258436474,148.288237386416,0.858046023042816,152.965340837149,0.43627818542733
"PPFIA2",1.36270778583612,1.06359396716475,0.621133183019804,0.375298215128108,0.922279474301558,167.346339769061,1.14380319032989,0.104508220526511
"PPFIBP1",0.372042843954264,200.419193062721,1.07714788658755,0.507276975759057,0.704317623472086,203.045684930741,206.138481777368,0.259560845798291
"PPIF",1.30043109193551,0.68265915935636,0.883470695324938,0.926789593545877,0.497612235579849,0.762853622317142,28.3293286522649,0.429593234519779
"PPIL4",202.820992442183,0.772937798129469,4.92107989975137,3.87600714218015,0.336223447972226,0.72713742606625,1.8576860959475,0.577661563988711
"PPM1A",0.759144999795057,1.721624035743,0.464469541628744,0.460483722471098,0.762472662774081,182.512663772515,0.41795632881918,0.133118565202145
"PPM1E",189.914969337381,0.81442968436922,4.10390412736294,45.3053674311298,4.03790311875205,187.654138738946,187.279280081013,0.110098299232409
"PPM1H",184.060421611733,186.028030310715,0.780846680018511,2.73161462576797,180.213810545251,184.050147428556,1.30980745073383,0.190350551284163
"PPM1K",0.684340833009562,0.31893029387118,0.453494150445674,0.319797039950664,0.145607048055889,0.359182577387034,1.00373812971497,0.157650897480535
"PPP1R12B",4.39819453434704,0.631203786135247,0.599493703072348,0.461629720451698,0.477115404309558,0.565031569866072,206.534326687779,0.243789933064293
"PPP1R12C",0.537271883538399,1.46405025205202,1.07406031534828,0.632649610039079,6.67555488664795,148.173728860343,0.913624892545931,0.138571883517715
"PPP1R14A",0.289706679940071,0.698828663930262,0.153830132598604,2.47426947576965,1.42735448030138,1.94541188346865,1.21617008125197,192.657956832863
"PPP1R14B",0.700670999451991,0.568930071216917,153.241043709716,158.062561912754,150.742422766023,158.537123664569,0.387007199649655,0.206126582038279
"PPP1R15B",2.68329305756626,157.192256535175,2.67965981741745,1.43984317919593,0.575187044246106,157.601745803291,152.930991943412,0.277126981261326
"PPP1R16B",149.922153408576,155.577371794027,0.219149110273967,1.5552771150495,147.848286036795,151.916608130713,1.2487990154935,7.00448160127137
"PPP1R3C",2.29822899190217,218.748772980526,222.721953888447,230.156928866738,0.426438218747366,0.588731193797289,0.390654643177932,0.908798097021667
"PPP1R9A",0.819018707886546,0.342776854737925,0.932853479139586,1.10182602154192,0.570923302883898,0.96921202200889,191.63192807054,0.209644371950721
"PPP2R2A",0.335807392934774,195.671048955929,0.460202510177625,2.65941111299849,0.807583158177973,6.01790072827486,3.64234588327519,0.201439817079387
"PPP2R2B",0.727857616592741,1.63271425713913,0.565029944403062,0.910041518884235,0.828385621214974,179.572584849791,0.851916072684473,0.132441032497256
"PPP3CC",0.664231830138745,154.417425240496,6.8925037353442,0.574837318399626,149.260633191848,20.5738968419458,1.07097328789498,0.246070328301964
"PPP3R1",0.3451651477946,0.809571736546487,0.431865105172792,0.550880813933094,160.495844362822,0.745607531633762,1.43119630823808,0.115272647644032
"PPP4R2",0.846336689401611,204.202017447597,0.292708832071464,0.429949975680167,27.1848117175979,7.10324484124334,0.830917194361062,0.282619839960932
"PPP6R2",6.44764799715914,213.543116006488,0.817807580838739,0.825525072809615,1.55726909634678,2.76720129476171,0.539181818377651,0.205158387529227
"PPP6R3",0.915255038426305,207.698628437852,0.651234177905363,0.452037026831709,1.61972243589842,0.962958044654188,0.617165995790641,0.24723365845925
"PRAM1",234.151224346693,218.048948070698,0.869314746036503,0.699722276518425,214.066438875748,215.287622340776,0.456401156383016,214.163409979804
"PRELP",0.352569312815055,4.32099321786584,176.339964731883,0.42231934587127,0.235339526349837,20.8738065694057,169.35386115175,999.997359026745
"PREPL",0.75202131262317,144.435728649631,0.199278328080377,0.343199210047109,143.120108888985,146.51124992807,2.01198929267807,0.0425068165328068
"PRICKLE1",61.9824013196087,0.713459107288465,11.1532191109442,1.92555505169647,163.050213070697,0.798558750491507,174.628235654916,0.239283310846872
"PRICKLE2",8.72232497601513,1.41499202827097,1.08657009298138,1.93069361476126,0.418682871854268,0.630789052280775,184.517230963451,0.322954674355876
"PRKACB",0.597016759393872,0.61774939848217,0.341138164337938,0.506236271881569,0.958239873267644,0.877989888538494,0.46655719364097,0.0799711063390959
"PRKAR1B",0.678618596020133,162.573304470448,5.2174774652688,0.661442118420574,155.671157420644,3.32618347409849,159.278509624661,0.0461442392940568
"PRKAR2B",0.713900750103072,0.776720589118316,192.76123464078,0.35222986054748,170.789338859848,175.352853150329,174.869872381028,0.065366203300853
"PRKCA",8.9645162474356,0.724856408921994,0.534092285285889,2.53420651286678,0.27382952301512,0.525529999492169,175.29304769403,0.187563891125701
"PRKCB",177.821061858625,189.783897907527,0.252467386455375,0.441429329182348,168.396748483043,0.755708963307536,0.787967025391605,0.128212556974063
"PRKCD",1.25789777427768,152.130133794909,0.990437863404393,1.0228736640861,145.991079945415,2.2460747015536,1.10942375273676,0.315484808868155
"PRKD3",206.382795118948,0.46867244879293,10.6458739102021,1.2216122329494,0.685927678393792,8.36651115722975,0.870882965384047,0.626572058350272
"PRKDC",1.40121759669768,0.943958352372714,188.519725316962,0.747650181551582,0.257740761601884,0.373777952813086,191.419843086641,0.237413355546708
"PRKG1",249.776357217505,2.04805771100957,213.592560039925,217.709982617186,0.545172012528324,999.997794233238,11.8111440565342,0.252661209192363
"PRKN",9.86687628122138,3.22231841549169,149.516724503274,1.28384964132125,0.428948811271213,21.4358166551693,1.84992165452064,0.312054418323101
"PRKX",0.567068752178652,5.5147283000616,0.717643562484142,195.263872257614,0.329102626602527,0.27357084714976,14.7716747250885,0.909319485547916
"PRNP",0.442614014717174,2.78764278889806,0.183186879416668,0.275852755915749,1.25853968233447,1.72724192943694,0.615062837427853,0.0432103676505636
"PROS1",1.60251791058854,71.2746886877245,207.522667232934,0.704551077059363,1.85495599244042,206.752917577909,0.599295015935179,0.48742270405503
"PRPF6",0.899017136598012,153.947541837412,0.576344651411655,130.861057553812,1.02862624853056,0.822888836263969,5.66732497352266,0.201168076818316
"PRPS1",0.607184897620919,177.350934695156,183.870133497057,3.35606299947115,182.028677698243,185.942435865102,3.8285676413275,0.0793224961561335
"PRSS23",0.236975022162959,2.44439662541708,1.05426682138939,1.11550014379091,217.676960546681,63.365638245939,0.618380451190517,1.7202033865048
"PRTFDC1",0.426299506014029,1.06432313064581,1.40713347949867,1.18333813019986,180.223944813696,174.51720589114,0.501782341821417,1.138685205631
"PSAP",0.363393900242789,0.77224353051342,0.343797176893565,0.14575926618699,0.168368389875547,0.245028082871716,0.148005208750428,0.041059975855839
"PSD2",1.15569182240855,1.05856216181123,0.388756993510479,0.823216521099552,0.221333198711731,0.80254010452507,204.390462195426,17.5233076581577
"PSIP1",0.352422090748259,1.87518405530007,0.304671646756361,1.04031887398789,0.459038669167579,0.496878316814115,0.724592654660109,0.116054542647429
"PTAFR",0.371840314313702,231.22944229909,221.106740591387,229.382042496291,0.818302144520365,0.600414663456184,0.458352019726256,232.154313089322
"PTBP2",1.61794965830021,0.855874720908915,0.327572388732765,0.736105051690866,145.397980024052,1.71035710365072,1.35697654543815,0.102143970541932
"PTGDS",0.282030848712888,151.578044752861,0.097114277429856,0.152949849258936,0.0811395713346612,0.23641597084053,0.429732541339292,0.392635502694863
"PTGFRN",0.499114106277796,4.82132626926125,214.130552159241,0.694670647299503,1.49885226987602,209.034303500436,216.23358254022,0.457950199696619
"PTMS",0.281175434440558,0.374419676175064,188.958686705322,0.332183938383472,180.452869249573,0.773119305058477,4.39314573123639,0.199814714476904
"PTN",0.55984409555359,0.37527493492369,0.428805842157906,0.420192546569286,0.209775919149074,11.7134629583796,184.642460090284,0.923335909177847
"PTPN4",0.616482321630506,1.21752447999722,0.517597528356409,211.583859940457,0.955041048545061,209.70941160505,211.74963248359,0.274639019769016
"PTPRB",0.245671901378015,0.660114128612724,192.100341795124,3.03340436212993,0.86618430974118,1.13704109321376,1.29734337280351,0.667249619890721
"PTPRC",0.993496551937344,198.039798796979,0.659535883686069,1.09199956506142,0.995021588334677,0.681096022899994,0.343025748964903,202.692515153448
"PTPRF",0.760365487610345,186.886879912496,0.651752666888691,0.648988746873668,0.433728812755878,0.401001742625509,12.8633677880908,0.15138867388623
"PTPRG",0.205211699143157,0.965175129985991,166.967704548469,0.613784441056587,0.671355716390649,0.623117809766988,168.316578821778,0.39019173123765
"PTPRJ",0.926781827271006,0.739714322053634,2.04290732995758,0.534414309435065,2.24172661437395,0.562771078164871,1.18997746214043,0.377783430401126
"PTPRN",1.37363133019242,6.28492997978947,165.479421411621,0.605126732177427,2.28372568482033,167.803688704447,6.0485735328905,0.0633524686171341
"PTPRN2",2.03589473304929,1.19434476090572,1.31692417363303,0.57348197982719,168.822317808098,176.772638983601,1.27440664466805,0.0824678361993056
"PTPRO",188.994634967062,1.223461370819,13.7376506750815,192.649759688724,189.929966594775,1.0558234013522,1.48764838647291,0.119142012140466
"PUM1",0.323155520115004,1.09753893450092,0.266748204613216,0.453947934064272,2.76255962333405,0.562786370465971,1.27888471793115,0.108226525772746
"PVR",143.444437795124,152.2316846409,150.539538734067,0.949145863531447,0.388697814414156,149.605932371489,152.349392346787,0.161980901893784
"PYCARD",0.920323671050086,1.00647205005326,0.943674334687226,2.32776682096715,204.483302477589,117.228085482942,0.414791905978644,210.601031354359
"PYGL",3.97498128103737,2.97361739047533,195.35651625981,0.892972780928423,0.434090762287604,195.757267141759,147.72513436114,0.2543738049544
"QPCT",154.415341806608,157.493319517353,0.985043969393241,6.02661091001418,149.385561161039,152.36577439749,152.800455892857,0.137260063001029
"QSOX1",190.427476670281,0.921432628689705,2.23708785143768,0.639227402951653,6.01293699111092,192.31320924534,0.859480275661282,0.194894648471715
"QTMAN",1.55262778914853,220.41073338997,0.631943160270959,2.85511250285977,0.533238355913521,2.43594026937399,221.293658358514,0.37582783474339
"R3HDM2",0.619163208673989,0.772535350046539,0.559938750853758,181.427632047961,0.629138083403957,177.721713738171,189.024663968269,0.294122422345837
"R3HDM4",0.641555521245569,2.50816756877518,0.860710219989288,155.306652517684,149.608066098858,1.19063687773964,0.606211085013465,0.841727857896613
"RAB27A",0.469522744463552,1.16865209741512,211.016845167876,1.61815622245694,1.875066959749,51.9218304637557,0.618492702988003,1.44741947980756
"RAB27B",1.15981943488233,191.188012324107,1.41804547166259,190.462324903511,7.96129087727976,188.742399781717,186.685409879843,0.186576859941046
"RAB30",0.444593764544303,191.832600184021,0.405366228578234,0.346781900127543,0.450891677393352,0.507661294473078,0.582170561463809,0.192313484423163
"RAB3C",0.53661733640428,159.391267456962,156.432497461804,0.388977827504966,171.225468168356,158.726461670234,170.708159636835,0.0359911214685887
"RAB3IP",1.37168235479498,0.918593014167121,0.463023900449568,0.503698761055128,0.520211669207979,60.8423498276443,0.938284733342816,0.889008323348043
"RAB6B",0.563968796937432,167.113018225286,4.3174231055497,0.479350478780463,162.868064835493,5.30575724312678,1.01823783155098,0.039738494494255
"RALYL",0.494347663971812,7.64370655513035,172.76583683077,0.995293526567309,170.068528705453,173.389635437745,172.831989486733,0.0797426457493295
"RAMP1",221.83550078451,1.02231785948147,178.622563872203,188.095474785862,0.14074329847631,0.219545370726523,1.69513006846304,0.651677749802996
"RANBP3L",17.5577461314058,0.603974045617935,0.961710221546357,1.04209556020951,0.354995838820402,0.63638279497097,211.028320328324,216.432903142579
"RAP2B",0.684730966510026,222.678005975668,0.576558415667161,212.652774654735,220.089631383913,0.572104299778301,0.378378554527208,219.662173905294
"RAP2C",214.957238540535,1.80626845828832,214.521847748791,214.078444345972,0.427633692191003,0.709349627757974,218.427195198571,0.28591748655407
"RAPGEF2",0.482799761749961,199.407294453753,1.1168250962366,0.629943560908009,0.55301909807105,0.805200229808359,1.62080754985379,0.27234560202203
"RAPGEF4",0.552309166411621,0.807708166806636,0.713823573412781,0.620561428080108,3.21590630667468,5.72333298222937,182.285672582948,0.168596365822907
"RAPGEF6",1.03102299777761,1.30076778841238,0.329589132926817,9.08689650211517,202.521741128668,0.532929279157331,0.389417990629977,0.41645339920105
"RARRES2",1.60572141633498,0.669616051605077,147.582706096409,0.581475252589299,0.451895895455139,1.43888841645171,149.756839050701,4.4234077875485
"RASA2",3.09669588042028,206.164445949392,2.46712504903732,0.759377678357179,1.02327661030734,0.714808103066816,222.196299069555,0.375490324082813
"RASAL2",0.818696190830919,0.676381463601561,0.375390017888816,0.672776823017029,212.379901299625,205.456713232881,292.669297401443,0.276668408565436
"RASAL3",3.16084070930904,1.41867968157588,157.08021634345,0.953697828153633,153.748531901518,3.34925807900611,0.715866870058929,150.100676588487
"RASD1",0.645645696819784,0.772441973282685,1.49735803198717,191.303354823762,2.77629079119893,999.987142112987,4.95248012561566,0.363310484497588
"RASGEF1B",3.46475838592652,11.1870239553347,212.118675718776,214.30265023579,0.493456836851058,1.25341729356725,219.12217298996,0.249277057940381
"RASGRF2",0.390759511125687,1.34585831651231,0.625584259827947,0.749732818280455,149.910623246921,2.27587753337839,153.714642651099,0.64569649723037
"RASGRP3",1.04960522142863,0.742996444399247,0.2159686215506,163.508507728699,203.200933695076,1.64540213950797,29.1995525662956,1.68501615178719
"RASSF2",0.652884631488236,189.946183736354,0.148288924911478,0.461397570358372,0.723860688912503,9.05366028526057,0.950933194809012,1.45140347502724
"RASSF5",1.1956052304988,0.794577210973751,197.044317555122,1.5143492475468,195.06148915466,1.78504429119043,198.545166232917,0.164525994884321
"RB1CC1",0.534712097515639,1.72377486730819,0.362333533518829,0.542811803865423,0.394843120285597,0.452574205480753,0.515417176372235,0.141477496106037
"RBL2",0.467801512408842,3.70835750346989,0.618171131530635,0.714760328579447,0.9979733683818,0.423787803102736,0.42905338168665,0.861797493565358
"RBM12",0.66817481317956,0.422577180547187,3.01195575822165,1.45695340100563,2.65258000907346,197.422438791927,202.437984758318,0.431935810906636
"RBM12B",0.751473704688507,159.875467388975,0.532593921668668,1.91205881306319,0.638082816749936,157.74418892271,156.711147195911,148.759295994874
"RBM47",1.05388751181003,0.942201926095458,174.31126449769,0.908643528595489,164.682645087458,0.917858350087348,0.273253958660314,4.42966661319493
"RBM5",209.269890928764,210.540198068269,1.66709176041943,1.15301232516239,0.230403960990834,0.674766145316457,4.33854615529196,0.499791939812271
"RBMS2",0.369853837809557,192.14805369215,0.820634038903892,190.556243267226,188.186167547337,1.08653268645247,1.1978017809741,1.02260735373458
"RBMS3",0.316240423630672,220.226272000799,4.60667905630364,0.973028577708389,0.624020480944936,0.768165531047249,0.472205101866477,0.367850810447821
"RBP7",207.859743254989,1.13903694052316,0.441953021003334,1.00357151276871,198.484042832854,1.05951022619724,198.79630658927,201.609976161606
"RBPMS",0.775297948821358,0.520343594213087,152.710802243875,0.73801556019215,0.326635343084669,1.19488847384803,157.080849608953,147.756958569886
"RC3H1",0.644178829018379,176.167433801897,0.359945063341822,0.599712081937261,170.511745596378,171.070569581919,0.8005681503532,0.285657851654398
"RCAN2",1.08793001797908,1.37385360830687,148.518749543391,0.646116516150249,0.975256919379265,150.614872377343,0.946575497231516,0.0276620053373934
"RCAN3",209.020391501046,209.81368331911,1.32322740868303,0.680851704456504,1.25372209928989,1.01181027896691,21.6994579679053,0.277673554291475
"RCBTB2",0.80902308012097,214.365836028233,0.608610244474237,1.30091818244066,0.501344803636588,0.652242801480892,214.261766075026,1.15458496148839
"RCSD1",0.572586165939543,222.466045746248,2.2851788573563,2.21976609902954,1.10800780086877,0.946101488478389,0.749438920606467,1.15049379001516
"RECK",0.317770760013583,193.801188283682,182.484227669296,191.769243994343,0.905241269419003,185.621158323584,2.47636391723827,10.1047557234262
"REEP1",0.356802303171973,154.026617396479,168.669275844574,1.4392481929777,0.510118288621763,1.27195885414046,4.48596825975466,0.0670033796948415
"RELL1",0.833002775997936,0.890051706211464,0.371464469642668,0.63693494743387,0.706039029848366,0.847705659404204,20.8119312657968,4.36117619511159
"RERG",5.48012448761279,0.99919820479242,191.256272649108,1.07634213167752,191.862778622223,193.069464161475,187.952097274297,0.101013509563219
"RETREG1",143.697555242801,3.35903342742303,0.307408307049011,0.591142455958432,0.427884507882774,1.38298032748705,0.624253530033028,0.0862131231159335
"RFTN1",1.13819480250402,150.015336507341,9.95470704250317,0.710775153670006,1.79380540033631,147.497952096697,9.97791536441593,0.295325020233728
"RFX2",2.89368946227096,1.15007044841952,1.59853914909385,4.97302152606386,0.83561677779084,0.426837284364475,207.205182139099,26.1917358376021
"RFX3",0.56661487543558,0.697142345187821,0.355778564648926,0.668446606688031,207.495861804919,120.722163163732,213.508117886282,0.762959305400424
"RFX4",0.89810394800301,3.61986735455323,0.506369174087864,203.758527179008,0.319063186597389,1.3419031599595,18.7534566894181,229.494984342938
"RGCC",0.230813667801555,0.482772658857325,0.191188823677884,0.381609102506766,1.05052656971319,0.365833934414563,0.577336396684227,214.912472596501
"RGMB",5.53733661003417,168.874513826025,0.262099047663454,0.835680609351473,162.497750189614,0.642134149961349,167.054904237154,0.467001048146646
"RGN",219.048113780837,220.65299975702,0.794176781653792,0.834814498805471,0.468647511627979,214.124890732206,219.920868999574,0.560651408357368
"RGS10",1.5148513920375,215.45423787961,205.181905876466,1.67238383673326,0.425369647348711,0.985557575118052,0.244136298735522,6.88554148549636
"RGS16",2.07990871697535,182.257735898883,184.689818638564,2.40058997819431,189.504080147496,192.093328943614,3.07427426249181,0.105601758914439
"RGS17",1.42860258239119,0.541590479661022,201.001767796806,0.574460564058946,203.705280010654,1.03519018278483,5.02545900988689,0.26581581962284
"RGS2",0.416055268944469,2.12448398288881,0.669718008234936,185.346551349611,199.577055100044,1.67424461847152,200.789829384269,0.123314949469126
"RGS6",202.151157038226,1.33363529212046,0.429133191542445,198.469567483678,196.103391434457,200.604674870947,201.655684329765,0.1329242229968
"RGS7",0.774876153025283,126.77974917189,152.471918772351,0.724763630651561,152.894136506647,148.341254850168,25.8488136539382,0.198182227070663
"RGS7BP",216.719329120803,3.33605100660497,1.50195689783245,1.79821575106189,2.65134628586174,2.13550379058869,216.703036008997,0.386704513961988
"RHBDD2",17.2739296018554,165.486072700095,0.542821646554554,1.02305134131423,151.119908831121,0.920614403895258,134.464301439108,0.0380850014244191
"RHBDF2",1.43346340609764,1.17175599290833,2.23985343421639,208.959683311742,1.14943189851052,169.42328435414,0.72497644068752,4.80895033944306
"RHOB",0.299208259411515,180.150187395055,0.249295437574036,0.305569351958414,0.166371898627988,0.280533462038337,2.45353613872706,0.277730786696028
"RHOBTB3",3.02633512168145,0.515375098077445,0.265645113591875,0.444928321804205,0.152311055192887,0.30358331322196,180.631506919926,1.09221911917439
"RHOC",0.26394482187227,169.485204817375,3.630457054304,0.464310635441339,0.291340029325733,0.798991039163651,5.31672994835339,0.514538554788296
"RHOU",249.091352657167,0.526727666947644,0.251903079823884,1.50413738058695,0.665847940418955,0.878399856368451,211.457287791425,213.528515050263
"RIC3",185.689618533535,1.46663777761702,0.587195631280971,1.50509654280566,1.26850751631988,0.557801755665199,197.87985126711,0.275549456780361
"RIF1",4.67859409461314,31.6008729486244,0.286587771563492,1.39067196784966,0.412489385938098,0.836436240039617,0.760043383534925,0.360935437340691
"RIMBP2",1.23633016523878,3.63339968160576,182.484474834932,168.04580359821,174.660043741647,1.2468222670265,193.01840212268,0.117013861055158
"RIMKLB",0.527279634544945,219.584564818776,210.74921187404,0.905808884593048,0.225907455103005,211.485125694095,0.898954903995269,0.942081759983824
"RIMS1",191.667490557269,218.122468348929,0.808508841532466,88.9115247746008,0.753586094432281,112.999244964457,1.33402411785043,0.109629135419139
"RIMS2",0.722302674898367,214.23528306698,1.72604672128953,0.646734488414964,0.413499214710261,0.440416328061564,19.8679290045615,0.212706371988468
"RIN2",0.370295566152787,1.86599470749985,0.8726446119266,0.705042549032989,1.10363657943496,0.583194807437145,1.00441609327996,2.92238922717056
"RIT1",0.72367827232459,0.896002132879871,5.21176983271809,0.749242177902989,2.48567834779645,168.875171297137,10.7800567525886,0.40888890106931
"RNASEH2C",0.483986825450767,0.800910818794332,1.02829508950151,0.952718571694997,144.504790523211,150.118319556697,0.650589331921131,0.280787789019278
"RNASET2",167.822468503185,3.02593342984849,166.51596628979,0.407562225941314,0.21538856822949,2.53162981038565,0.189871164973228,161.537748866077
"RND1",166.95180466211,170.403251978928,164.562763702809,0.744543150385258,163.406223542453,1.94803688267566,165.83885634766,0.169056183905157
"RNF103",1.64991067194983,153.39831033172,0.458101773277276,0.642144715597995,146.214451917394,0.95823991255638,0.838530839940001,0.113846536847205
"RNF115",194.253667038933,199.929846454896,1.23500529936916,0.536491379871734,0.789636204514664,1.25600933623032,3.25318720957045,0.220068152224089
"RNF139",0.428226495697527,0.740795212689943,7.64506474205126,0.679802257030999,0.836836536895346,193.563432491963,39.7203331625043,0.303111118284867
"RNF144A",150.682142274171,2.52415172937877,0.232892260682617,0.958402801649454,214.603240032863,0.388753012692367,0.950416720571196,0.809436026381521
"RNF144B",9.03795566784599,172.43422271699,168.296793798346,2.14582359001986,166.48189341959,169.839506972022,1.70982131413534,0.123802934621355
"RNF146",226.766647454192,191.593331273248,0.515731269305216,0.703809303513172,0.49156892010299,9.26626265667157,4.55541410477029,0.310633966616326
"RNF157",193.637810522801,4.36763055172072,0.430440841639249,0.639312869671817,56.0860103696523,185.220046183089,0.806730964440937,0.133913775928492
"RNF19B",153.058842618133,2.7175672237211,150.527152306016,1.17487402298875,1.33657419530794,0.68747366044298,1.09719208668515,0.598736960115281
"RNF2",0.491474131088269,218.304939890042,194.841699462434,0.969908342683329,0.945609048218831,198.999852142297,0.801985037867442,0.942697902505098
"RNF217",0.485899351147271,1.16133225025959,214.886667212948,185.450350889828,0.393573725932426,5.26725220454018,2.02354541803772,215.271448807468
"RNF4",18.8912463132979,2.61254206174853,9.41267201440476,5.11399013637611,0.6208836722364,9.38872224652171,1.12630799571431,0.210763717455399
"RNMT",0.499219654862101,0.897547931526701,187.504431258524,0.68500374388536,0.361173902987282,2.44767481099145,180.616527548089,0.160716781708696
"ROBO2",0.973884161816275,164.81704721675,18.653451198216,159.099173138668,145.935799810009,164.235717707245,0.832751833709538,0.0714796361430764
"RORA",6.34722831083317,204.11290516227,1.25855282598201,1.15567980184049,0.280467731079747,0.328234070114814,3.97449872797595,0.32716233994205
"RORB",1.28757227756596,1.06606488073739,0.734909600577198,1.18016712616758,0.872144648282284,0.989358398477221,297.369185634834,0.826905481228353
"RPA1",0.889754808767465,3.27433130088831,0.455945001592401,0.679673459772147,201.335415082401,208.31377601536,0.632528472284711,0.200400857567688
"RPGR",1.41687869521123,1.54720841765599,213.482808058141,0.64240341075072,0.370016852369233,72.9895285663427,216.01168889588,0.593355435124093
"RPH3A",4.77043540671188,14.8123480254916,189.070715711783,183.709356878341,5.31210419082312,6.89441452078683,191.961105918711,0.108714386641985
"RPL10",0.146537507680375,1.08606353211927,0.492354969569879,0.204127731387107,0.165452857689879,0.427035986393086,0.2214753788152,0.194740030555426
"RPL13A",0.214545907042515,0.565850020736725,0.15064582529765,0.430614889004693,0.164365316786615,0.302429334282959,0.154538349731606,0.156908293138192
"RPL14",0.213420666239844,0.983314645421072,0.377019275814904,0.2391970356454,0.207188846125694,0.421066140052151,0.214126227115263,0.138398291764274
"RPL18A",0.301226485218626,0.548984306453462,0.621509298304924,0.253484452339015,0.18689589420752,0.308417738247664,0.289315253011115,0.170874875087283
"RPL19",0.193695441515648,1.36920788527147,0.321073282728513,0.264763434079431,0.163036093193064,0.233910146301266,0.266297242438776,0.201017435793348
"RPL26",0.261973938352649,0.343647708668047,0.389354496033476,0.215604776905357,0.148229241592375,0.200297816987672,0.222182125089051,0.356784422085109
"RPL3",0.194509564027553,9.65477648074654,0.35766822640659,0.367734560829651,0.150146820022548,0.282204039008159,0.213278003118618,0.128437001948911
"RPL7A",0.167156511082236,0.400954491829421,0.426303922946176,0.194666992825412,0.227801518464597,0.565378929757111,0.258798319717731,0.126125405245374
"RPS18",0.187190809722216,0.691971235175355,0.281435276787373,0.222321182727172,0.144910958203612,0.297718445902619,0.345586734000428,0.257797611742882
"RPS19",0.196541645767089,0.750936928083259,0.244575017111015,0.218312956495428,0.187689196867237,0.500755155299362,0.15488945871082,0.237064731004501
"RPS2",0.209278891526954,0.383295344220262,0.286157705918137,0.262911557350009,0.497396374021918,0.613629624734243,0.175690140233527,0.120016537182798
"RPS26",0.235177634238259,0.729372292485721,0.288699395178724,0.547881268800008,0.339634163491747,0.667192642015628,0.366921391893731,0.109771567769685
"RPS27A",0.198136833553791,0.739009018448046,0.192360877575826,0.194080259792938,0.154492670559457,0.19173257547034,0.175897595073292,0.154139419945785
"RPS28",0.15381105092996,0.355677063303021,0.336079853123108,0.186855520706441,0.146969001741076,0.285848114518625,0.271462810509463,0.117838838130279
"RPS3A",0.204686162369124,0.757494646125643,0.211731256358443,0.250541917596635,0.15073839483357,0.327942772257976,0.177465095985584,0.285797959168944
"RPS4X",0.188403113327614,0.394719535086985,0.38813814554211,0.192851804061783,0.180627753149338,0.246601365322353,0.180129409269095,0.338787405319535
"RPS6KA1",0.823513957650781,207.279574534239,1.24220879450944,0.881387895457775,2.24832758025268,7.54250567675312,0.573274564243231,0.487476121723279
"RPS6KA3",0.366358705866601,0.527185255777325,2.86979064627937,0.38884215078034,1.93646664171637,0.864953326515027,0.549783721959789,0.306079756964428
"RPS6KA5",1.93350233911715,3.62647973440167,0.703268420480253,80.0568728264222,0.380433381455976,0.283029358391215,0.772638336595974,0.455554229573556
"RPSA",0.278205705700846,0.675033982472429,0.249645506253931,0.288344302694553,0.305059552120111,0.532346129346154,0.374089212913465,0.117319982506784
"RRAGD",1.05344758264374,1.35043998041871,205.725928588724,208.539575133792,0.539292475521904,0.421390675466591,204.202528716757,0.379319846147936
"RRM1",223.28268290428,1.26764477021832,90.0483464360703,215.423332461425,0.279813647498881,0.531465458091421,213.7179954741,0.362110288182496
"RRP12",200.449392836387,200.526164314282,200.144891291799,1.52725763219311,198.034782663727,0.954415963389076,200.34651946742,0.156748887656236
"RSPO2",0.645540362313873,164.797719463339,162.946261363122,0.752231471857793,159.056535463097,0.985719547797004,164.799163124368,0.065343245848594
"RSU1",0.40685945096019,0.620022350139098,0.82309046832794,152.390320477801,147.241872182042,154.852817055493,0.992366894737508,0.233579629117328
"RTL6",198.250064818833,1.66267062313659,1.01353421768284,2.02375438378018,0.691939669750636,1.70918388681944,5.66647081683435,0.209752502249683
"RUFY1",1.54821676002217,1.11251268856493,1.35982058007231,0.522897069601111,1.26322680751573,2.50669611664412,1.96134168624926,0.831630709504699
"RUSC2",174.251686489493,172.963154935863,170.007896380647,172.172826020061,171.55335423361,1.35478410634073,174.87765256502,0.0863225112695093
"RYBP",0.463318770078941,202.882644453907,0.327775149440279,0.593140030685652,200.420425836339,0.44757239473218,53.8988961690347,0.336146744485916
"RYR2",0.813047047738693,1.79667365637045,0.921662378493613,216.744627737512,15.9385037460523,0.553631613882804,0.843555912523791,0.622520831276513
"RYR3",15.6768868728539,1.74265955724714,2.33301975176225,1.25795404114142,0.261983340569618,0.683346530947725,189.542652548665,0.359960714865603
"S100A10",0.204898990018023,203.895940572543,0.449066452730928,0.38241580518895,0.981797026513525,0.508895458558786,195.0458056901,13.5871596047347
"S100A11",0.230425669886868,185.221430444283,5.66248336424873,0.509410596501035,1.09264549156861,0.969679389153845,0.407947132685712,2.72104915945153
"S100A8",0.370579755336062,1.04517196512027,163.202475267022,0.967830031474346,7.3065802439656,0.837727847183023,0.785521792434247,152.958499403217
"S100A9",0.330203755224283,1.37699406431342,1.07803249104858,0.902794116566264,2.6244829623307,169.28712701112,10.6752056021882,0.537803797974464
"S100B",0.241186092911379,0.476192060620476,0.117395683941082,0.155230815012682,0.0814138336082033,0.15842157390973,0.36690563879702,133.70957441448
"S1PR1",0.171799458547065,0.759458672095152,6.70153183789921,0.5755000778976,0.419010068455488,1.59824332847348,0.549338003271746,2.14574689244348
"S1PR3",0.419261338109831,192.195233623607,3.74123783141233,2.30725110447555,0.698992860488131,1.18304081345341,3.16901012901869,219.614404850037
"S1PR5",151.418354964931,153.608141832729,0.307340446501033,156.154283881546,147.665932741893,0.614761265305963,4.34488878903612,7.0380277220736
"SACM1L",172.773251796905,0.801383860632023,172.490297965272,0.494346550704416,0.524613380574839,0.70049408693386,7.90518241641928,0.106164124604007
"SAMD12",1.55228130143775,192.666577112635,0.946960476654034,4.42444594677486,198.78759413789,6.60911666753825,0.520328733344697,0.213023889263229
"SAMD9",154.846736046018,2.9288685008732,0.635129007893244,158.140346630439,0.886471856076389,1.59432379987024,155.943697131245,147.06093044088
"SAMSN1",20.6564223933407,196.100787866361,187.310459796814,0.44620961057362,1.52297862926196,25.6265937140945,0.38574377459732,1.7060089659779
"SAMTOR",192.568790578547,206.148840458769,192.051372627942,0.814346864906189,0.536667137218972,198.647195687091,4.81767753080144,0.260491776245957
"SAP30",0.578045408791402,164.144094770221,159.143963977321,2.45580609397696,1.3798525109973,0.609813297763487,1.29814911958202,0.423486888340154
"SASH1",0.430476151887807,0.661619173311903,0.241946098636073,0.527189694084522,0.227475110884958,0.434367915933775,1.14255920920065,0.854463254968592
"SAT1",0.252068060947231,0.490967086302031,186.474220653228,0.325167982371841,0.35125058111488,0.384993138123349,0.211291685792116,0.429132528223666
"SATB1",0.540203031154428,181.832174730642,1.06953868755286,0.892305055833274,0.712694669214603,177.408585030798,0.600848652623816,0.123913598830229
"SBDS",0.838746777213347,0.712006402968848,0.331851898237303,0.348867949135419,1.09186737248981,0.362147215128795,0.906979263758362,0.105608816621623
"SCAPER",1.27434012666085,0.800012358997834,26.9841473638343,0.545916123112875,0.388522126711844,0.308050281825451,0.994748083770371,0.319192407808519
"SCARB1",0.349159771548746,176.640856342335,0.773061361172064,1.13724777238532,1.72644445255005,1.03482402654986,0.630936462063686,0.449495177539368
"SCARB2",0.508192639848497,1.15376385573454,0.21310526296368,0.341521010122417,0.884103194040471,170.225059495097,2.69022445924315,0.13243379263339
"SCG2",0.951311687388448,0.64454730162476,163.67888366631,0.415063236020921,999.997897134988,168.111007430118,2.42362229236508,0.0466392161591563
"SCN1A",213.333476178862,0.774295713129009,0.547665895185928,2.44321570209832,0.465047334347893,200.551279540392,0.93006838655005,999.999979791761
"SCN1B",129.363661116735,0.570097020544175,1.15693877802763,1.35142136480231,0.603205584782205,0.584117539029764,0.575037893864929,0.564091881487757
"SCN2A",1.08976532467252,0.360069055485389,80.8602898811575,0.850461547331685,24.6833629680309,0.657459573022658,0.737763400919443,0.0814405354354908
"SCN3A",173.424381956931,0.342381985965966,0.71564780556535,0.684586591007492,2.341309422637,168.409622897613,0.597003180740507,0.0999616079999465
"SCN7A",55.4162562073305,201.279418883773,114.403158062497,999.987970524705,1.72750069238073,198.54101766637,198.630461067665,0.244337163467396
"SCN9A",185.377059961449,187.504844343152,0.771411208700834,0.775415143176261,6.76546614690048,0.805413222888764,1.73208134551507,0.239998370681616
"SCPEP1",25.5313787473428,194.39363661948,9.06067956815423,3.25720961002392,999.539804437009,12.8773276384087,6.04134040679792,1.84335713947755
"SCRT1",1.21457196309917,2.54630025989144,0.498630277742252,0.908409504848689,205.691466572066,204.716687619686,209.956078644308,0.233360184108111
"SDC1",173.901565559119,180.192314518152,172.682616570097,7.03212274575926,171.803726149394,172.641292999551,201.160237926367,0.0581301566160804
"SDC2",1.94761275058639,201.040094745275,1.81826455701713,0.553000957436406,0.339764577772641,164.444981063995,2.34498383985783,0.0769575826979352
"SDC4",0.617570476370083,0.813268711431049,148.80056800523,0.533794937671393,0.131245148269608,0.221877539136182,0.652916433283407,347.515419212516
"SDCBP",0.280485381894188,3.0405286853359,158.380356699609,0.778324172382211,0.292812613841406,0.634553104887718,0.37096637151816,0.0910201225714182
"SEC14L2",0.853142879198861,2.54717293359104,83.1273928617384,193.6576987869,0.126652025341996,0.624074954797302,243.737378570963,999.999899936544
"SEC14L5",1.50234106344294,16.6110103065721,0.263643381459133,0.646340134859451,151.265719709002,158.244298355693,155.095188120777,146.964656524148
"SEC22B",0.448529698765667,1.23834034662319,191.039486480101,9.2966864085882,187.30112744211,35.5931482545548,0.716839464336728,0.120762453801537
"SEC24B",216.72447952967,207.474697497241,194.402017654218,0.400459089502195,0.616870767372409,1.14431462291754,0.481416141442918,0.242374002631329
"SECISBP2",0.58168252857577,1.61930840616097,0.724367064389819,0.481185511254217,205.155158902814,1.33202516243547,0.343781264144694,0.31057207430926
"SECISBP2L",0.361369015478836,177.337157384623,0.177989222147338,0.612253767684937,0.558044807819626,0.325592763185325,0.402982561422119,0.296671135990377
"SELENOI",2.43101302509915,4.88751439206462,0.558294456908914,0.589066613482315,1.99663218959747,2.93120906678942,208.980080008356,0.199097660761054
"SELENON",0.315566786493466,0.878802979144118,16.653681139032,0.980093617906004,0.68854057032529,6.35697707187613,202.335788058573,0.507366236409968
"SELENOS",1.85687603547139,0.748254760585784,0.299000005710046,2.01349467218571,230.409074746961,1.24972829023488,211.66498971083,0.378922050086502
"SELL",1.08742062613659,219.030817313084,215.570423337239,0.822963218635125,0.59089972482542,0.563453183013974,2.88509476659789,1.43497378107852
"SELPLG",4.28658957430857,157.663973611694,156.195533242097,3.32650134028748,1.1149149719635,1.12841666848345,0.313170168768281,148.095159162016
"SEMA3C",210.838948084715,212.810110251333,0.268150625578772,0.90558502691461,212.597145510279,7.18245015835633,201.68450802085,0.406775608393075
"SEMA3E",13.2797630485205,0.453430739286751,0.605952803247429,1.04640379924923,0.818308426224407,1.11391434717224,202.411816648202,0.176875074300472
"SEMA4D",0.435393399985627,201.115514237248,0.226789006143173,0.376985316250611,1.05128712725914,209.451636906386,45.69260915569,0.582514979983941
"SEMA6B",0.758489681729671,213.463935619752,0.670837361410671,0.469793719063031,199.536591316633,202.458061088421,199.800757655424,0.174066390620646
"SEMA7A",1.6752229172662,154.032509228051,0.358621372206103,1.11333054631524,149.83271390299,5.41494025029362,1.80854536910435,0.523103144214352
"SEPTIN10",0.468313338373596,6.64958811544745,0.689343160046143,1.06732774965198,2.08693149822531,218.273924389954,0.912095314361821,221.095006218505
"SEPTIN6",1.00811704001672,16.7324705855131,0.594791409145742,190.758932393957,190.172155022423,1.28252207761836,1.06608783346836,0.13707922832105
"SERINC5",2.33643916059131,0.808525710239919,0.288990792710918,218.480452419777,1.20924025147714,1.20841816845235,221.387563909455,0.726659892243856
"SERP2",4.55200267008616,0.666567800008423,999.994950965533,201.334471850272,999.996435357713,4.37090674643386,203.691513928285,0.224677117652045
"SERPINA1",1.05010082233749,2.10990524044975,153.913433540872,0.54093931656427,151.103785594709,0.446626053563982,0.413644251138864,146.941954708076
"SERPINB6",0.580066236848849,0.523992974704583,0.381245476737512,0.852614994405173,0.84929363766389,0.426357700462699,1.55046204295615,0.630617816483068
"SERPINB9",2.84580527706424,1.19333493227076,0.447682089096907,0.568116497863553,217.623615751865,221.361999439479,220.715231370858,0.392735613604047
"SERPING1",0.388325023571712,8.10988240805746,0.502501351365891,0.521621224444087,0.464146910946598,1.60366755647363,195.113707747962,1.09970202391096
"SERPINH1",0.238366051058137,1.72807369583248,3.3649062423871,0.944546299274521,150.415245142162,1.12849070679328,0.483581234088922,149.622118652682
"SESN1",0.460761523727241,197.640095189316,0.40129352620025,0.834362868117035,192.625786617719,0.722983965926774,0.781267741258046,0.264776829361958
"SESN3",1.03135095828278,0.753923682387467,185.461173998304,0.471805143740557,0.139408596555728,0.338693111832536,3.80410909522094,0.276679794159207
"SESTD1",0.585766929643121,161.645694883559,0.563130771636566,1.10828517751163,0.390238766915113,0.608494486780444,1.86307994462753,0.334464263760832
"SETBP1",0.573158601704515,0.681856848891681,0.925102836328115,213.024677685231,198.224164066944,2.88435164509729,221.309299301915,1.24067005792607
"SEZ6L",173.229268268106,186.346110886825,18.7609276833068,0.891109643291388,1.86337948559159,170.078924505994,2.06401749747597,0.0611504622984959
"SF3A1",162.924306479028,0.526935234443762,0.292338709215087,0.671562868772647,198.495435080808,1.19527392685464,1.26918752556933,0.307696274463398
"SFXN1",144.240878905438,153.543884989598,0.829814694867264,2.26187790590013,0.876009033880531,147.71355689282,136.257880060541,0.101243317852938
"SGCD",0.701903605545444,217.64015180706,0.715734601542792,1.77878576558597,0.685420942235952,0.742715948316957,213.730374429004,1.67508209539828
"SGCE",2.39016169878094,0.653973826111182,0.463619476101239,2.43957035578525,187.002063604161,89.7037354325708,0.531520987598145,0.238020033769954
"SGK1",0.565975352947226,2.18120854870547,0.274034334565223,1.16174681887184,0.778587516512832,1.24044517600348,0.636058011557849,0.989067603577469
"SGMS1",0.556121876459436,0.672844194291995,0.33013558504959,4.09019462002129,306.29757239258,228.083461059994,224.391795052806,0.234285554403507
"SGSM1",0.982788348662883,1.82925271203723,254.77830353488,182.631688387723,178.269482019424,0.671990678901484,182.816376249713,0.118791068223076
"SH2B3",0.397099126406682,0.520362758345462,223.361968633533,1.69224139271866,222.493723915286,0.612994992103654,0.498158812984741,222.168622492575
"SH3BGRL2",0.437989568573392,133.167010337594,24.6901540100062,0.615035752538467,2.96395163184991,136.165015197083,133.606058832921,0.098767401364896
"SH3BP5",0.709100428244088,150.228686712255,0.469665721614808,147.533598830251,26.5682470497037,8.52392679919051,148.2827040844,0.157977558357211
"SH3KBP1",0.668087656612125,185.82291663593,0.321133315505984,0.702968003276967,181.602307201,2.18614176863814,0.520980290954489,0.138779364776103
"SH3YL1",1.5135075203259,207.056570169288,0.476591402239347,1.03763990857736,8.0377712713283,1.84380905586365,201.042657824036,0.288699486386552
"SHISA6",1.06196077511422,0.517316601702487,0.518240158096268,0.432067863470084,0.487683552100043,0.598524549493285,182.217770388956,0.386029471263996
"SHISA9",1.28576541088131,203.440613594021,214.71725790498,1.266650017865,2.12254032566989,215.407938377373,0.630672979245096,0.21353842397893
"SHPRH",0.390626269594516,1.23320728635867,0.478078141663444,205.502101248787,2.103023531061,1.13473091892308,203.113272491953,1.36776204806186
"SHROOM2",0.78819250609699,223.00749298414,0.941126297767364,0.807734891009664,8.37854528399497,1.70065072161882,0.739288409654348,0.590944234682049
"SHROOM4",0.423295123316248,0.645956939528895,0.464837811173153,215.376270749839,2.36422984835954,218.299316052775,2.22861654045938,220.843503383599
"SHTN1",164.46807792672,1.02529952301724,0.263826830326262,0.64028407801683,0.15516308871824,0.242618260331748,0.549591956262129,0.238245149234189
"SIAE",0.909412538231248,181.968391676378,38.2339886692418,0.530634719526508,0.58156006644343,1.07532774664316,179.594225305667,0.133548199261027
"SIRPA",0.480587834657663,183.719712110691,0.321833082354218,0.745722312529175,0.315751043680587,0.750294859076457,1.67484204454397,0.692127811091257
"SIVA1",0.774097517915376,1.44354870164576,0.564861309181189,0.916474920191607,161.133134148631,165.811859956479,0.882775919654888,0.311642897482801
"SKAP2",0.574141698105631,92.7566039263338,6.02942313364398,0.614211570460868,0.780051749368164,0.574573190482528,0.454257516329493,0.354760507770485
"SKIL",214.975877169145,0.56321593959745,205.314163857425,0.861204012638995,0.348689814159552,0.304406290270163,1.26183817896199,0.29825818493601
"SLA",0.954342618444839,3.34277715852701,0.712087283908671,0.39452672821082,1.33671685246897,216.622533895157,1.65192614240323,217.28351265771
"SLC11A1",150.57506689604,1.47386089894849,0.793423631985121,1.81343995827906,146.662442634168,2.25401035483175,1.01881416616352,2.42584434947318
"SLC12A6",0.538565508051879,0.484285271303535,188.903582653066,1.54288079748622,8.26013891399186,0.640487269760278,1.21813520643183,0.223482206068261
"SLC14A1",8.77241073141608,189.117332130657,163.125371481893,0.334926378095204,0.0712284188527892,0.126800541620468,0.436735716951847,196.621416975824
"SLC15A3",0.747771557538832,215.298431070027,1.43229324868101,212.815526936949,2.40766607088419,205.362596964569,0.657425132897507,210.353173991198
"SLC15A4",1.92181728165243,1.55840439315251,1.22228993002755,1.09346827913453,1.45125599151193,1.00132214109354,207.361227372216,0.493077125167716
"SLC16A1",0.199928398146972,2.17733383949153,8.18942169395011,162.186961645539,2.95772244277235,0.526494710114729,1.00082639669496,0.325424457179556
"SLC16A1-AS1",0.653344356406323,0.541114976722963,208.726157313419,2.04611891502835,0.34203217007273,0.984118679433724,159.873787441718,1.41276478454585
"SLC16A6",0.650943480795243,155.823291969737,1.7771353006328,2.51444153829219,149.376585753368,2.07441753073093,0.860770389154714,0.491880631377613
"SLC18A2",0.893706979722914,0.590092136194752,162.933592262152,1.364424444697,165.831532668733,5.28555120258535,166.442422539456,0.0337138029681964
"SLC1A2",1.02772715816393,0.337022582580806,0.332007469840153,0.395825204252535,0.0904237405051701,0.22457223471874,156.201130898689,0.263834391449131
"SLC1A7",0.327831758083322,160.597410646208,154.148111228969,1.88311974709382,0.801563774107974,157.3767440896,1.20260301519616,147.919505630039
"SLC20A1",1.38574161635895,1.36524527100714,8.47869794580192,0.460002197560649,200.339095526414,214.002585214514,1.53354241388197,0.151398528862913
"SLC22A17",153.565973306174,0.386660557676622,0.351151372426718,0.392172056769235,10.9524817495574,9.11476969768482,4.3565402475277,0.0625271393402074
"SLC24A2",0.623445233413158,0.708987330612752,0.193534125517095,1.6509812335135,2.14769374413203,0.876377388929531,2.31098046525072,0.298108228489008
"SLC24A3",149.628526990985,0.512935920626672,149.537675729992,0.600892143583435,0.969338343073782,149.718158524618,0.450407488945766,0.426773862260722
"SLC24A4",207.061042084802,4.92217411366032,5.15152815081492,17.5596347815303,0.153405036872512,0.695524935668282,227.492536421363,208.706152862698
"SLC25A37",8.57876673913516,1.61054238470191,0.549063232393727,0.735743909784535,0.347781751822852,0.611864609288536,147.28568600835,0.51113953611948
"SLC2A11",191.447194988139,177.337177719086,0.634145804663772,1.53161627907307,1.31065918389812,1.81834517056689,174.53991964885,0.245026791662105
"SLC2A13",1.28083097271787,0.826626991921156,153.876879849259,0.408311102920019,0.513000595877146,2.44584049705431,161.567725672644,0.0445994126617365
"SLC2A3",0.326548745256961,0.661946439076372,185.478012811918,0.545040201667273,183.078495850259,1.21753608175268,187.670249260029,0.112705118083274
"SLC2A4RG",0.632431975371821,227.479746981928,0.95641289616603,2.94231014522946,0.433119720895713,224.958206490858,223.743604592731,223.605493973552
"SLC2A5",213.699458789275,214.776804132292,213.804848886634,0.729519826739784,0.659799068649451,213.37438820431,0.209690438017594,5.50389428472044
"SLC31A2",188.329951981799,200.207174746026,0.138988143177415,0.314049188588641,184.327250765874,3.09939612035371,191.321858681241,186.335580215966
"SLC35F1",164.06360916777,1.27899471947675,3.04021608980289,0.912958335986572,0.702314268973275,270.759367168363,162.474458053513,0.101462562527499
"SLC35F3",193.965178272043,200.274665981507,202.035770423192,198.761562151304,2.35965807227646,200.950462717929,198.596596516848,0.257724703936582
"SLC36A4",999.9972624575,203.43462372655,0.935164591361092,0.580988266600475,6.1732683590206,198.568681681826,1.36268086637955,0.160566009449635
"SLC37A3",0.556705616941554,202.35109192132,0.50258525931774,2.41451329893718,197.363569457114,1.64563831087801,201.592272954961,0.252759612550189
"SLC38A1",0.812565299516191,177.993281032153,0.633150870118946,0.984909630743747,0.544412455448042,0.687720686828794,180.085480550497,0.0918955478712686
"SLC39A10",0.571109501845193,3.19877785708819,0.597898708077337,170.092918153392,1.45573607722916,0.460831089530014,183.000912998099,0.159042264995547
"SLC39A12",194.93753463621,1.83761453922592,195.091924771787,194.905741344591,0.112973924331204,0.254964526401927,197.83971780247,193.615515904533
"SLC39A8",0.396309545198431,213.475339427525,3.30705069665547,235.334686202813,0.928405973428501,202.134237867215,1.96605240113629,232.049553999816
"SLC3A2",0.329164790622358,0.615173655165433,0.775424016548999,0.551364232056655,0.534144331502717,0.359225546699311,0.829445463016945,0.203494678556649
"SLC40A1",3.12561614540907,0.592528082920549,194.368945203997,1.54929703854754,0.391912162772386,0.882240678615216,1.01264471519492,0.401651038550403
"SLC43A2",0.844513642502419,198.749303750797,194.718452778709,8.35036331507478,1.49250295207187,0.606959464834516,0.543376692430404,0.228009885522826
"SLC44A1",13.5615370915816,0.389685947042077,0.133472773841126,0.56649960612345,0.228362351182827,0.229634289643854,0.468480232166602,183.409782877777
"SLC49A4",223.812015007649,0.640198210573815,223.375137455658,1.06192340838653,0.449763776389626,1.46590206977318,0.808659362148371,0.562590820136222
"SLC4A10",3.6443961971731,136.844685287505,63.1076394438876,1.00779329013405,8.6722090261179,191.349389782866,0.574701133597939,0.2102055651186
"SLC4A4",6.46017455417789,4.29155616118897,4.59247587033224,3.32513147361436,0.099839205387599,0.234912800585166,197.66719207608,655.941593548365
"SLC4A7",221.409860470629,0.633561647676411,0.788128307480288,0.780317565488943,1.48187328839652,3.08865886131309,0.516830843053704,0.540027302164825
"SLC6A11",185.665140784304,3.70133674572179,1.03646798879808,0.919808764282462,0.126330878903235,0.238372464358771,189.884201817379,198.968578753456
"SLC6A6",0.265924493042858,1.76408996915443,196.282082048061,196.364028870802,1.18739466900867,204.498906580835,203.695881226431,2.19014480744576
"SLC71A1",211.095140360992,0.471255726555604,0.75511771801939,192.651511587244,1.37668163038108,1.03871209658346,0.785140797385314,0.240746652378773
"SLC7A11",0.406095683637075,198.641954637351,999.01211497375,0.32143197452253,0.502761188128891,0.507380683146004,0.889434491976303,101.912306807717
"SLC7A5",0.140534932436914,0.400233586432474,175.654623672337,1.07428106402105,172.029119308917,171.508158315611,1.36157632806511,0.11507711462378
"SLC8A1",0.687793364741169,157.828597493838,0.756566888846191,0.822152981043111,0.623316184099549,3.81311425952961,151.68829525967,0.0672691051979477
"SLCO2B1",0.197946236387271,215.493467228293,203.445609195096,216.473861344658,0.391053622270518,206.563899662641,0.246218045891649,7.91659818909253
"SLF1",1.21496453998608,0.979360624145954,210.328451604183,215.929293887663,1.15540938332196,0.72670513243503,1.12154493520561,0.607986705597223
"SLIT2",0.901930390188162,0.787624932790986,198.373590223389,2.22143915139078,1.00145448065446,0.927815485964203,201.555995485803,0.269890805255292
"SLITRK4",6.57130474951157,95.2826770653095,3.31511730599291,0.354541932544304,0.667646535456072,1.05428743099522,1.11451454638628,0.0815894387637851
"SLK",1.34201609283314,1.18754679806747,0.930108094094324,0.479551949076517,0.56346912520056,2.08022263006572,0.479086831700351,0.238994546431754
"SMAD3",0.744476824103653,3.77676012091111,1.23951889350266,1.08432557166056,1.76493506741093,8.79343593231668,0.610218021429511,148.738215253663
"SMAD4",1.34471333715545,195.879999763756,0.708130856306987,0.750488304282181,0.477586445245306,0.65408894520796,1.88080977671063,0.383893664905414
"SMAD7",0.253387949321835,0.609153754562908,0.991908153851416,124.557825286178,197.751742388589,0.733277686649923,192.011428547855,0.606997215486416
"SMAD9",0.578688864541017,20.3622890657405,0.516881074511926,0.62954628734683,3.07419218283914,0.506552968639601,222.448846943568,7.4014919861289
"SMAP2",149.003020824103,1.46461153108832,3.03185098677969,0.949320586830575,0.586751925740823,0.419455907354225,0.274483072995085,0.189521088837011
"SMARCA5",0.39066719488321,0.838084017477819,0.333599430627005,1.07451373805267,0.450235898515957,1.04954011797533,0.659206391903936,0.18507242670318
"SMARCC2",0.469088780798103,173.375393733962,168.961386575367,0.77977562133575,0.228666885345161,0.288647405061827,2.39121258414881,0.205150057213961
"SMARCD3",0.519894874376266,1.31348373342474,0.931871148625847,0.628763417874824,2.40278931360735,190.4543485832,192.882337505542,0.169090607378825
"SMARCE1",0.858829650472298,192.481752677349,0.385048188637854,0.544875741754406,1.35161182295636,0.735934242118855,191.627810951857,0.255414494549134
"SMG6",0.407144517102893,91.5341392583465,81.3505701643274,1.01984062888328,27.0874744383588,84.7074712806229,87.8287658562378,0.21103259460397
"SMIM13",0.657166477540793,192.678018706267,0.573754440150924,0.782072785588844,2.40275790118128,11.1520958190423,184.92488007837,0.120041085770345
"SMIM3",0.413418285346787,2.69561974615851,152.852000929414,0.719122078820219,149.717053775697,156.63261906568,0.554110608775727,0.966055439579359
"SMOX",150.788481549373,2.10180652527418,156.522107824233,0.54105033833346,1.37883302775023,0.424523939394317,0.573663922140417,0.342425393656332
"SMS",151.839378929018,0.774054969562309,165.098360696162,2.75555464927498,0.286958743333296,0.564635240246169,66.6897977826052,0.138454746722619
"SMURF1",1.86033231908935,207.952920152423,2.84338074525013,210.226433754306,207.593959960366,206.700364773832,0.607225674680205,0.282226587534561
"SMYD2",192.866759894571,206.361530134678,0.68301938944627,5.28169130094384,2.0690951424681,63.3694540374001,204.767976036517,0.271164491929629
"SNCB",146.259200844497,148.178298606619,145.932909492087,0.673028790459215,141.56250974927,3.97542032925238,147.506554108328,0.045869086453044
"SND1",189.923399674106,0.482142203660328,0.811123989590978,0.831318478716226,0.66846186171061,0.990630095415488,4.44194108037049,0.160574942070196
"SNHG12",14.9381306735551,1.4647094470025,221.584483812714,0.73381678674717,220.599941995198,0.534472506394485,6.07629361921439,0.370090700890473
"SNHG9",0.683229529809565,146.330882493509,3.80069570076106,1.44411968652722,1.07585075389577,0.789432890114503,4.16893148444597,0.486489832081213
"SNPH",0.537183485156171,0.804530406671344,199.505174095952,202.254677245998,198.66078995368,202.532481247217,2.02792025685017,0.084280312977618
"SNRPA",0.453822629916747,14.316937710995,0.737507277044941,216.526324005926,1.45304364204341,215.471995627101,2.51172490764964,0.536337036642948
"SNRPN",0.408631126738938,165.084958573633,0.534252796615052,0.311783473462279,0.638077402534532,0.940506148515947,2.48898139493752,0.0441012804375803
"SNTB1",0.768148408569125,0.940812796490715,1.42044800617529,210.094813544562,0.956233838548634,199.457133723522,214.066737835545,211.066821588728
"SNTG1",154.148010977023,3.23542942024444,0.614746560335146,5.93655330703093,0.441829897419589,157.233350892396,154.231051268066,0.256161906598621
"SNX9",1.15623531986462,211.387365290968,0.386866425909922,0.695930703224307,0.883818651070885,0.716969127108454,207.500360651233,0.498587332300317
"SOAT1",202.725027986567,0.995149076304943,2.93542507347162,0.818235296633954,0.516791264178376,0.818548365287264,1.16187085461584,0.578565573185984
"SOCS2",1.04252867120182,98.0250195628297,0.957580292751831,218.843108962464,0.716109802893723,1.26695988519723,213.723143284319,2.84368278840334
"SOCS3",0.318477257358007,8.33998995731489,2.68614057454142,204.533477570636,2.65419927479569,0.756592909120577,213.096009516836,149.766205332056
"SOCS6",220.185243560345,2.0926608521397,1.0698908163676,1.38511027948313,0.543401999106312,211.087209574119,1.17965922346489,0.485386893538661
"SOD2",0.516554041512076,1.81877827813235,0.311665755533887,0.325798947117741,0.389142921855757,1.00419061688493,0.48737689264704,0.0663865279244281
"SORBS1",0.407888797007361,3.50444910609596,0.352570977517634,0.590579710309588,0.542931348487292,0.505354668449787,190.52544738055,0.308634593147398
"SORL1",0.275370007599737,1.05242292794294,0.366257572921079,0.199503614452722,0.14315350445875,0.2608780906448,0.252669533461437,0.179142904268163
"SOS2",0.917333465857167,0.921914800349313,0.355195073163072,174.936026886463,0.605967689765711,1.54778968168409,204.871444015783,4.43247925181001
"SOWAHC",221.987901932257,2.59622604411461,1.94381790936203,23.6605798611964,0.530925515104619,0.629847061318788,221.520662037968,1.14023994870803
"SOX13",155.067620277331,0.70624572636257,153.500219192172,159.282259551058,0.228494217432436,0.475618708668122,156.688818801569,148.960735480753
"SOX4",212.912826772158,0.541419959487367,3.7197640824661,209.084315782821,0.541023796311096,1.30287438740134,205.279157298605,1.30441058223914
"SOX5",3.48001398625099,1.24789716849932,204.599711294035,209.716697221011,0.261422150201336,0.543447449841517,218.297417248109,7.26114319579644
"SP100",0.488199931585256,0.829885323371737,148.350316229113,0.546021694115835,0.863672225363442,152.452033083435,0.454783384700638,0.768568880245054
"SP4",2.14817102445484,207.439169936546,0.48680113603918,0.631633457855228,210.455178078415,3.04714890979309,0.466071817120931,257.982088157869
"SPARC",0.140031096132413,0.566932243889236,0.171066312575526,0.143438069649152,0.052819632486189,0.127901052501609,1.07916544569817,0.485477645128091
"SPARCL1",0.139418254236197,0.294365001330227,0.241248497901767,0.177301646209398,0.0539725091729722,0.115436149924302,0.310136270483883,0.479447501789477
"SPATA13",208.949062128194,197.635968464563,0.69039750077745,0.631136408399459,0.946186853906019,0.611064112015881,0.792060302760216,0.319555494838001
"SPEN",0.880467431126367,0.793694759113141,1.08536160079472,0.865682838939454,0.466598312161905,0.567738282962864,1.01610789855919,0.332137805380268
"SPI1",220.805389596249,0.760399387964552,219.272721810173,1.84980952380396,0.395277556410248,0.840517630639465,1.74297933153684,1.73599510900174
"SPIRE1",205.823976962288,1.49282299372762,0.662025119355159,0.432437399450334,0.311704778079753,0.322015476438334,202.769826883906,0.26940836220429
"SPNS2",1.35048765576879,1.17692879143241,151.142176346159,0.459482667600957,0.729634532993439,149.150616746252,0.748673720793421,0.562996070958496
"SPOCK1",198.057775706559,0.573400059944509,0.247607795447916,0.470617771731273,0.303172598378961,0.429599235592557,1.34767928428674,0.845871817941568
"SPOCK2",0.349773012091655,158.549358691744,0.434563630870523,0.580740050328717,0.502552158833849,0.6693511373797,154.304003217722,0.0699696994738317
"SPOCK3",0.528551618835222,174.804844653147,0.249906698239146,0.752256845713741,0.418041573330956,9.50111256380836,170.170936656535,0.076888376289592
"SPOPL",1.16624974641788,204.156063269986,139.008064312126,0.600453675929202,0.352239777684802,0.38835238347924,422.19346109673,0.43912108019153
"SPSB3",1.11248674485923,0.973989000532364,2.1854970092761,210.483172873476,5.88698235068858,0.593595531296015,1.10608083085545,0.567079175723094
"SPTB",0.726655846122655,2.00621550210991,194.658696810984,1.00123793410476,195.3331551473,197.477999449982,198.811474374216,0.131934529130366
"SPTBN1",0.190826736027946,1.71290169359808,0.306895094790864,0.18964972946383,0.155265237214359,0.378881604197422,0.372957008245103,0.0776602774133885
"SPTLC2",0.764493517469845,1.4908224001787,0.308425035073337,0.782129708963897,0.997304279960941,0.741319794888139,0.422723355645724,0.501094776076685
"SPX",0.607057905089946,1.4700998546053,0.819837386552258,61.9910735556505,0.301011444136973,0.513099685548814,191.352500486498,4.64393444086019
"SRA1",1.37569292753479,4.42253607111763,3.04708160250238,154.786668872918,0.75995933471037,0.924184233628456,149.304374670454,0.182262890599823
"SREK1",0.801212332770283,0.4194720518992,0.872999027397869,0.654625426028167,0.453267730118325,0.486384914569222,0.808662647638174,0.231794497912159
"SRGAP2",0.420686343776313,149.465429312776,0.34770541063356,148.070782248554,14.1099809047542,0.848095837134742,8.10947566848447,0.266534985586667
"SRGN",0.126562435351939,0.806277372315954,177.443643525857,0.522443745353454,0.618386072631212,0.577894266977781,0.358109701178717,3.50209760232029
"SRP54",196.725857131421,1.28081865716403,0.300986340364082,197.951230363436,183.982498110161,171.062752939855,193.656748028689,0.166472293861264
"SRPK2",0.464518517021972,0.356709428103939,0.475498394392473,0.470404162245896,3.31730041041768,0.471808798573992,156.795964931413,0.0684633073186185
"SRPRA",0.541942679666925,15.2572767444462,208.688659295581,194.948403672688,207.247920439103,179.632655350974,209.2772247684,0.135881470206142
"SRSF6",0.424600882302366,19.9509732224567,0.484740152391401,1.30317661298557,1.08811765555456,1.12131305118469,1.1565021707097,0.427382930907417
"SRSF8",1.07814695125588,3.3444034603956,2.33847295824553,0.730924881067102,1.5635372192832,2.52412358411984,0.648779907653877,0.146898195879425
"SSPN",197.285698196104,0.766436786589696,0.892066648402592,0.424339299101423,0.126027265252283,0.261283815398474,0.53938748783925,200.905295954435
"SSX2IP",194.366665215479,0.652688333289022,207.979272797019,0.696120420353376,1.6723239046782,198.281072863753,1.37064893286674,0.285784343196227
"ST6GAL1",0.326863761669144,150.202723645478,3.63697652807701,0.709950433626338,0.515083918169007,0.457905821623088,0.272407359134898,1.09937870781902
"ST6GALNAC3",7.78438582604183,2.5990332794755,0.414059800380709,211.107800566724,5.21418292030746,215.19129391923,0.520482101503663,1.46895597963111
"ST6GALNAC5",186.498227047787,8.92454706337217,186.928592413352,187.506076891166,1.09175031558771,187.487548762284,184.869617424257,0.154067365451739
"ST8SIA1",195.235658298557,1.93753809255296,0.913517449087266,0.404484393306587,0.455625837254294,1.03249018682536,188.66080071946,0.148446272909021
"ST8SIA6",0.542331641551384,192.45443638011,0.947191141192054,4.69801308787454,194.923549251793,195.605856323201,2.4628455792125,0.101250001129335
"STAM",1.31365355847387,176.920615378479,16.6660985315117,0.519172533778509,166.002930296266,145.154112506749,1.62629554991962,0.128418192074973
"STARD10",205.236856009578,208.766098065257,2.25142584831295,0.572533901265264,207.16974423017,209.642882495335,1.38395612264789,0.147384381987112
"STARD13",0.468156371044045,0.915509231596976,0.903410391928003,1.02719489832799,3.05666194401049,0.534034473731654,229.370071174013,282.442530921064
"STAT4",222.757466420046,215.476821151158,219.222023688548,186.514533164887,219.382036828945,0.816957810217746,0.587696858540626,0.639781150687761
"STK11",0.340240832919178,155.412586791421,148.828187954841,2.8698215499718,0.346658729192106,0.65858989098632,150.240317683103,0.294550491381639
"STK17A",1.74096235264818,1.13184921967274,1.15438401625772,216.567656879107,1.12797637794288,218.127097264396,0.822665124800736,0.585349661315498
"STK32A",5.00048107872377,204.49051735744,20.1878176534316,0.762002896215106,0.257942816642077,0.381230266953283,0.878380246991921,0.581836327377073
"STMN1",0.628206105115538,1.42811562960966,0.131169624408568,0.295043034734776,127.262620967999,1.27397410136545,0.38979577339065,0.0538297404539213
"STMN3",2.40636149219466,4.5866298816945,157.948219580731,999.99566141929,2.38743536624602,157.427207322502,156.700227048072,0.0673818559461367
"STOM",0.141673245451887,1.00582760253357,0.899738214197879,0.451967951714877,0.173947359134194,0.58719136751569,0.875140840117838,1.14060025576797
"STON2",1.75674981875258,1.41457104789977,204.619895999297,0.782978749621635,0.357061980737614,0.40664243924819,2.71478042653547,1.00441796347517
"STRBP",0.414813485828504,4.87882905238726,0.93219843432555,197.183855590695,1.17021769791608,196.562262746087,1.12365477975485,0.247668769244944
"STRN3",0.387141480256621,224.09539402503,0.481018733257135,191.058151165265,1.27622752754242,0.429723368724988,7.04771235325582,0.303260981045248
"STT3B",0.803933845451898,0.863287003217216,0.602139456365561,2.89376340530493,4.67107832496519,0.623287122689024,0.558597426812343,0.13456902018678
"STX16",0.960431473095735,1.21683329401173,0.964119372138022,1.03284848791646,0.350521780613437,0.479454287456348,96.5707690774165,0.213033134276972
"STX3",0.697969098860965,4.73046682155095,204.855815136221,0.568632230454097,0.856307104064345,0.625593777636296,1.31608042007461,0.648619282644982
"STXBP1",0.803908668041067,172.498143009897,168.655791072815,0.296765904611064,163.353343523632,1.02510509489283,0.866503911927584,0.0333333022854625
"STXBP5-AS1",224.562768094324,1.5560130950805,218.071012247927,0.805301113567645,4.97558515835028,0.50301791118827,0.667902492973897,0.233172028206341
"STXBP5L",0.889570837244974,1.20185137639008,192.784313599414,0.762263448704749,0.558150063649391,197.299272828895,199.741710500544,0.203685080409575
"SUCLG2",0.7488586861494,210.108508589566,0.430485231701966,0.9180467862235,1.01295001903725,0.579247182596857,2.76606861155951,207.957565237642
"SUCO",0.599117203119357,5.07111954170716,0.578088010323158,197.734671701592,0.658267849215026,1.30440524965094,192.041552494226,0.602429787274359
"SULT4A1",156.437181466256,176.566543101806,156.64752505231,0.576321854372233,4.55545921659375,1.12688262486729,161.041849398367,0.0605237380997815
"SUN1",0.353389580916812,213.401833955867,0.377483618737174,1.15308362088963,240.678174671152,1.14464746105024,2.21974027613182,0.217389119799006
"SUPT3H",2.39173026506013,156.968308235868,0.611420747070717,1.14193482188367,148.779328422485,0.942254931815995,9.16569386427103,0.792003887168002
"SUSD1",1.74296379739413,47.1606490365311,182.14589812726,1.56520790538451,182.907620242134,183.906346553968,5.10107559520282,0.181616075959764
"SUSD4",0.658259575905569,6.67024883714416,0.923556527692726,138.304636210942,129.96324458592,136.662465777613,2.91714519972617,0.180486042265701
"SUSD6",0.370655504507988,2.4426522995029,17.8260312840159,0.70412519678299,5.45057241333562,0.939634683399977,0.561664476685426,0.41168097584579
"SUZ12",0.654251917628335,212.292631694831,128.054373570629,1.25136971587344,0.201669441269259,0.702895513716849,76.2109302133554,0.507203432984659
"SV2B",180.554843012775,183.602420709113,6.57470359118151,177.882640870636,183.275632427238,183.712389406205,193.424115926268,0.0820764688659023
"SVIP",0.61461076551956,3.32154499481952,0.14943074296433,0.494298267326969,1.2726370612997,1.13705602374098,173.315079006762,0.185583675385604
"SVOP",153.060729201245,1.1881964312397,2.68121904287397,156.720873435774,149.427584879314,156.682423905433,154.356711844725,0.122465005385895
"SWAP70",0.431195843181629,0.8568031005303,202.821274768418,0.807695928292137,0.259993306955378,0.60978982665316,1.13075018038009,201.686114172182
"SYK",210.276686720912,208.105029367227,1.7398358708566,2.57143405991923,0.875534202736425,1.26014309851716,0.398507212290079,211.932006554879
"SYN2",1.3672700237904,200.096950471563,1.65824535252008,0.574047940941672,193.025738625664,202.000522664403,192.598566125619,0.230838286717551
"SYNC",209.993648244487,0.771559018748647,0.902374109020906,0.462627463012028,0.891696677569052,0.518092132165907,1.09544521052095,8.49477920735473
"SYNDIG1",212.522547736082,0.466030641233777,0.445572136781487,0.901496861430464,209.060767134862,202.053055452942,0.569193777159093,201.187512110991
"SYNE1",0.664334232740433,0.410019349732225,0.823189127910959,0.569693921589024,0.234372300455757,0.270471180163429,187.807682657259,0.157675766412387
"SYNE2",0.275337424886236,226.229776991294,199.06175065468,2.53931991082828,3.05168947748217,63.1069382609305,3.91339655055209,0.405517994980508
"SYNGR3",1.14967075127151,179.510304752868,167.77312306331,0.543400836469192,165.458187408346,1.05875079558217,169.720432512438,0.0370819709730893
"SYNJ2",1.80792294414135,0.591159417968785,0.198864502610411,0.364830426965415,0.537957176392249,4.55649025558696,24.8841358583092,210.31875325251
"SYNM",0.512617724356673,195.282645852932,0.247866575189119,0.842458807972869,0.211900587860014,0.425802378069998,10.7055069916163,0.446199510239851
"SYNPO2",0.52905638494866,1.19281925054691,1.90256979893496,0.428284036044892,1.21157226755967,200.959020246038,0.932753329474089,0.483821867753351
"SYT1",0.418348464662575,2.16548577754266,0.692413668976442,0.283899020987859,135.846835088975,4.53084659450525,144.57299191551,0.0221373670404985
"SYT13",0.939272965332597,2.96808312684914,2.45723410532858,1.14740596880117,169.857163886889,170.59900077008,170.93888434872,0.0793352746441245
"SYT4",161.991465902226,148.757820853795,135.795372961255,0.320679473043471,165.11352623901,0.664849233401527,0.822535080558042,0.0568293122311867
"SYT5",196.635545519979,197.055476055677,0.826467852984164,0.793137359548702,194.302865439552,195.195217525175,195.852872742635,0.119767402680517
"SYTL2",193.248323369005,1.2345192603666,0.998483419881128,0.677296597120321,191.835145655833,5.04863574671453,1.42706489010669,0.185362950818058
"SYTL4",1.07381051744981,1.2112967941082,125.348824156247,0.761241153380841,0.229652167584796,0.571292465177508,1.18639229514089,7.00853761370945
"TAC1",1.38237257079947,0.783225862490278,0.469677845280297,192.122071281016,198.98801629108,6.0829707090395,0.963224179709425,193.316888750554
"TAF13",0.294221084690765,1.27035750012547,0.271568997564374,1.89582974593517,178.330083283992,1.59664557203198,0.749008557403789,0.125555970627138
"TAF7",0.741620208174337,193.605719640605,0.529738857726092,1.1211210656001,0.411627096034738,1.87764190084787,193.257554063724,0.195877737298739
"TAFA2",0.797393533556163,196.519669935282,7.60528849537038,220.411533610605,222.156561442651,5.24362039943307,0.469588641657398,0.413979247710261
"TAFA5",0.433181910400078,1.18969690097725,0.268824379565946,0.465417623382843,4.35078034120383,164.019186687623,88.0290644861194,0.16453891993552
"TAGLN3",145.502080242333,0.92344088242143,145.618833601887,1.10941455740011,143.031285396472,0.839616722099167,146.016262981029,0.0415067238375769
"TARS3",150.30516654742,0.862544747491549,0.328155096017782,153.087715783281,0.695173333152333,0.96216586828857,1.33470817547402,0.348078233345715
"TBC1D4",0.478509186399386,0.766377757182125,41.5637118076485,0.479506251397148,1.85395306531212,2.39721208804638,1.23016437826949,0.336283125193991
"TBC1D8B",204.069571540629,202.273749664222,4.52762044616162,201.447695640518,0.490135336850124,0.563469506578842,5.24295768961254,207.212609225475
"TBC1D9",4.46925704416323,0.899403718192733,194.599899426001,2.42282580040971,184.474932100112,1.01217390932722,1.98655225928919,0.0866454417246098
"TBL1XR1",0.988312441541198,11.8500831995908,0.442861899525108,1.01389268085529,0.382459642636419,0.527017439727844,182.153903039543,0.190157950867132
"TBXAS1",207.571234103367,0.952681867815015,210.105565181556,0.897764104673657,0.877680306082291,0.75691694868965,0.42899511479737,2.03552944379328
"TCEAL2",2.82396720396234,0.844867185797831,0.372296483610557,183.218355223439,0.74192334416551,185.80624529435,0.690542480130947,0.102548301957465
"TCF4",0.230341389153342,0.836444775747487,0.300290437354568,0.355677315121155,0.15713785511313,0.193231208702685,1.1375635911809,184.176854286858
"TCF7L2",0.895966631279771,0.723820602600955,0.735779103303509,1.60686065700845,0.433480435015226,214.392184975288,1.88011897228333,6.77672788242015
"TCOF1",198.722636781396,0.846758876246101,1.62901016941298,0.869415637349068,1.28174394206169,0.589512460662372,0.587915350103562,0.199389163335789
"TCP11L2",209.886961352061,0.904449670400357,0.402558818673579,0.979708201430464,187.032769988657,6.06584603466673,0.635008051161156,214.555906901385
"TDRP",0.817938921338446,1.08073415426622,148.67065511237,148.524075125964,1.34300116505961,151.549068398952,152.290376959157,0.279130951499246
"TECR",1.26353993523645,2.26193939103446,0.39797811479948,0.724189104785056,0.361429555186252,1.23587116072256,195.633919426114,0.201534166234994
"TENM2",1.72645435307631,189.604117578129,0.619881135049802,176.804685860535,0.957564137454528,7.86965658846464,200.949420638337,0.1789674622768
"TENT5A",0.347177080746933,223.78368224961,221.131866665335,2.05572932384676,221.260022015097,0.987375123707828,0.327631244422727,999.999907826851
"TFDP2",1.34383397637194,18.4536076168972,146.238900681581,1.40293458682055,0.354165976195494,0.551252261424503,0.593532138323809,0.190184003257956
"TFRC",0.415583836778915,1.07965949933318,0.775519605863358,148.528801822394,215.610790937548,2.28191686521632,217.512478888393,0.455086867135534
"TGFA",214.40031236311,1.13394306523513,0.913349516149184,2.02281697472951,0.505640027913331,211.705108026176,204.163416414758,221.394497583065
"TGFBR1",6.39503580267825,0.78651689363641,0.771671966672395,0.97198456786745,2.87619558214462,7.61478793753763,0.329891106821394,0.235938844538661
"TGFBR2",0.176358443544096,191.380389393037,191.865301049383,0.3374030067314,202.35450279103,197.584364538265,0.339179583673077,0.189081423922284
"TGFBR3",1.67860423994475,218.963566011238,0.573064077874584,2.562014584449,0.679061488502054,3.92280645250038,1.50517905279283,0.934600516031768
"TH",161.384065370079,162.436597413592,157.974304116317,2.84232855966225,157.745318519317,160.213414496259,157.287454199293,0.0290761239400311
"THEM4",201.990401556882,1.01173639859397,3.51980126758164,2.77144707190077,1.41164339921317,0.457913485586406,208.134943963844,0.27840469354318
"THEMIS2",0.762518679192846,158.856373303628,0.693511671033388,0.861770218228129,150.657984104444,157.673089647647,0.556319994779725,147.154076044607
"THOC2",2.77480360789815,189.740444405544,0.451897325830516,0.347199620997848,0.232952219242344,0.2928608624532,11.0828256779636,0.405703638031544
"THOC3",0.985801695850231,0.77323441242009,1.09431142897415,0.635242917718175,149.716878115373,1.4695417993047,154.450209528116,0.325831057320358
"THRA",0.761172990173809,0.453849062067566,171.976596146698,0.598954567663606,0.254642159117522,0.358689399004132,7.41727835157222,0.196173215162988
"THRB",0.807282498439016,189.839484162885,1.7187753020507,0.733564626969571,0.688610066539586,0.933297836574291,147.36230872711,0.413856205952374
"THSD4",0.277046272128602,1.09705922471486,131.080018772038,163.000247366066,161.889830246397,162.362797170753,7.60557535020736,1.04746004201185
"THUMPD1",0.430266154079157,0.630815569420859,1.90705648053145,1.53915574377735,0.954301698161792,1.43624700111626,0.622122596048657,0.407072909573709
"THUMPD3-AS1",0.631086904697535,152.617506046352,1.47242795187394,153.917465598512,0.595170639579174,0.747948801883914,149.993617186808,0.75365253490023
"THY1",1.85333304800717,1.17829345217641,164.557955111923,0.309487301415719,160.332462969607,1.69298351941162,165.928228111646,0.0272381519430843
"TIAL1",1.00428952256914,182.993326490079,0.532936463297824,0.856997830550325,0.732515778310896,957.762425226332,0.986223212370852,0.288388500084963
"TIAM1",15.3452182610038,0.511192567885743,0.68850391775538,0.628494711187423,0.874490129826619,117.999635323374,0.523134932758609,1.54945283323743
"TIMP2",0.344086804166722,3.77704133972139,0.224958300255458,0.44057297408063,2.29874798118923,0.779718552092864,1.4594919835821,0.108335613016206
"TIMP3",0.140857515261629,0.591411595927477,0.934022601866033,0.337671263433453,0.23077236614709,0.258151403491001,4.32805949674787,1.65614130880905
"TIPARP",1.0253703397867,216.116171464803,10.2664150979437,0.620448426569304,0.508355289266338,0.698896693437281,214.751602875865,0.620212481828636
"TLE1",0.630035276355285,157.081214000237,1.65473076626576,0.952350454584165,0.563862771879297,168.409738617353,149.786623346949,0.296110404230825
"TLR4",0.471954025285608,158.66870374153,5.25891425333782,0.780939950042896,0.258656413659955,0.287333533159237,3.61244137176024,145.695759613778
"TM4SF1",0.120741153777124,196.895126663165,0.339927064371127,0.660456959131039,194.610539691176,13.8084759103696,201.073912798722,2.67388427374716
"TM6SF1",0.601567344355015,217.701101413937,0.363423920538427,212.573435046462,193.392923163463,74.3877280397814,2.82814503154785,0.842810519733505
"TM9SF3",0.83984157265087,0.445782694142148,0.310477192109085,0.589046727287167,1.74321662563513,1.76808178785138,0.409522255807991,0.123730002374577
"TMC6",208.076996560926,0.824616271356774,0.195085393572606,203.162661233443,2.22949697355264,222.415115029472,0.685760662104935,5.75978171268362
"TMCC2",210.980567364252,281.948006873826,0.203794100693863,211.810904490715,207.512524936491,209.430722885835,207.459568235666,0.153388046279422
"TMED3",162.683968098948,155.062740707768,1.01509294820046,149.594850739017,8.46752497296417,1.32153425036268,0.85010178626025,0.176826235047125
"TMEM106B",0.992675851335452,0.513276557844724,0.645732151318007,0.479233045450207,0.39015133196061,0.819752644004747,0.415391978178536,0.198413015372718
"TMEM106C",0.816894887656652,0.78901624405575,4.86149730648712,224.882482387057,0.879002928701637,223.319762108557,215.169243300028,0.295895329909579
"TMEM107",0.485757371927892,170.167478643133,202.242071813434,204.642136900158,0.531639382414432,204.021871588718,9.16184110963514,0.752737256598604
"TMEM108",208.496380009047,0.831861779072861,0.78072332758143,2.31061577861593,211.499550021046,208.554513737015,218.822454847028,0.320652471754269
"TMEM132B",0.619808135553928,3.92494511189602,165.838971983469,17.2476607912329,0.667808619116365,0.773291157490059,4.35789932439335,0.113067330898557
"TMEM132C",142.283263370767,144.006847203545,1.87847126903357,0.793523451925929,1.83321981451304,1.01502728309897,10.2146712775841,0.234497681306308
"TMEM14A",1.28710884070141,1.50340131158294,0.927686017360386,0.570741897235213,188.288420547314,0.876600262957055,0.741151242515294,0.107653084301994
"TMEM161B-DT",1.20468464257592,0.741860225010078,1.40642741506475,0.517061712722459,0.25957033110378,0.646039610927111,2.80630919003921,0.885187903826116
"TMEM168",0.805952869629014,215.601308011164,0.559983304757553,0.524721814186931,0.811491809637644,204.926706193628,209.389263350858,0.708589390712685
"TMEM170A",0.656336056793619,0.793317087777154,2.08496864431489,0.468086497824296,0.558653606813183,0.491550503976651,0.670477400099974,0.454296397356579
"TMEM170B",200.08749941123,0.896389323469255,3.85201763103491,1.88158884345341,0.394706114566721,0.722735251903634,0.592737469813085,0.214139672538739
"TMEM176A",2.33502359591942,1.26494972084438,182.259866265552,0.512311850778189,0.368214485348376,0.903615460257368,0.58648875058751,1.21099023306345
"TMEM176B",0.467025210729977,1.12132561291539,4.08014480518561,1.10187622322301,0.485560441923913,0.727486442751928,0.49565829178323,7.80508890674681
"TMEM179",169.617819800211,1.59425374150138,166.501337385368,171.610729238364,166.272723774977,2.61427027302271,170.303864063987,0.0934244461589553
"TMEM205",17.5556108604208,4.93320360696662,0.678297681099435,0.434933872234412,0.676163415968145,1.34732391359984,0.687156958366763,0.194578377716488
"TMEM25",162.574815855514,163.284635766287,0.315484824752829,1.20385943783963,155.299262269125,169.449359920817,172.640759384363,0.132953442565036
"TMEM263",0.943869398692805,0.551741066442616,1.3459633864865,0.805739864797111,1.44658728953134,172.860732562244,2.31451222562171,0.191447502490966
"TMEM63A",0.417365881762013,2.10311574601049,0.213803591365572,0.601692546549637,217.229185925902,215.055804302865,0.821151672941736,210.107346076462
"TMEM64",4.54507926323967,205.232794754517,0.442480569401165,0.707047061689286,10.086479558993,202.179856904977,1.44607403184216,0.375846178379638
"TMOD2",0.546949056681376,0.851149513229283,0.807043779737622,0.756389801282806,0.274034088571376,0.344530584615473,176.991772479665,0.124640841910631
"TMSB10",0.0864944150643391,0.941294600895904,0.618992654914818,0.188809610013819,0.36070355876952,0.540928423913648,0.169128881382739,0.0979747113302777
"TMSB4X",0.104337369375729,0.324921648541997,0.161160376923547,0.124940334864423,0.0995984994461687,0.188974275942425,0.132927966772262,0.0964498018519004
"TMTC1",0.35703309123061,195.948249626099,1.01488928856831,0.745582519423525,0.784955317030392,1.4105503942533,178.222738009103,0.185497622921448
"TMTC2",227.940714608997,1.17345365054595,0.361400212740048,0.892232852356919,2.1809487406724,1.29601063927077,0.689623101478329,0.862317963202048
"TMX4",0.769330977221421,12.8095402064889,0.41208576915931,0.804506249074983,0.387142886463632,0.514423884542344,0.802785957106078,0.0918330828485451
"TNC",223.584461122944,221.252220429904,206.484847727908,0.678380258269937,0.230716380776338,0.906614178312994,1.05653059576868,238.283932657108
"TNFAIP1",0.327212626722402,0.795568769526018,205.848305330271,212.208476085076,200.940932522773,71.8460742864343,0.790288011369736,0.373086462987486
"TNFRSF1A",0.232635170498064,152.50981528342,2.78455376341737,1.23315397689049,0.620650586120458,10.3566424055854,148.911147931766,1.39487553534795
"TNFRSF1B",0.383053025619421,159.358736769275,0.478343899152002,4.16290741609619,152.123640740301,27.5318528712318,0.59373952997893,149.093820156815
"TNFRSF21",1.24839109640718,189.284137661324,0.442578329882358,0.59639006437604,192.848693571802,192.116304838963,0.584375729121212,0.115175391105644
"TNFSF13",206.323483528323,7.20756362921941,195.932421314777,999.999348451089,0.251459019973247,0.332856475672557,8.49992651002799,2.53149427673939
"TNFSF13B",0.469089320064314,208.330597366775,0.714151080063266,0.558357124782424,5.14328900448588,196.016472607402,0.861910713526392,224.217103946264
"TNIP1",0.447379589165703,1.63395680896665,1.5681711118302,0.641185696442098,185.109033585527,2.00931716624651,196.00522171913,0.172861607094707
"TNKS",0.613366381204123,0.558986151669171,0.506296733455667,187.902005282076,1.58795560732404,3.37645639014803,0.637220452745601,0.230786377410207
"TNPO1",0.650802880013944,194.305913699088,0.506314517008333,0.738637615632241,0.890220003945325,0.56219814579973,0.43293470776159,0.166533696722016
"TNRC6A",0.599161222006277,0.468104828297916,0.376478126571873,0.369966011991293,0.512992320793936,0.308384316156827,0.709515384105264,0.179570547213285
"TNRC6C",0.354291764454634,0.986023401165877,0.479616688434986,0.725521195381231,0.495893716363488,0.282933174386892,0.927335980096088,0.338539398529301
"TNS1",0.435354330226052,191.429079229551,0.938101410986283,1.23591631398636,0.452573320419931,0.430673683588622,206.666287660281,0.23889316968199
"TNXB",0.203936588141463,0.92129764371892,1.23108296019225,146.103665329478,139.165555800591,15.4615056416414,135.770846208155,134.482236095323
"TOP2A",0.984271825709584,0.798040377110992,142.162982810975,1.43394350887768,139.531815404009,0.749157836590643,143.716189685261,8.46293746237307
"TP53INP1",119.297654504718,220.163920737035,1.29623763751284,1.23005401307131,204.378122019709,0.508962447883073,0.782521680590217,0.529602346994084
"TP53INP2",0.573682741326236,0.787502748688574,0.380961056036859,0.379184990494996,0.250408232112994,0.207077592826475,0.450834223231779,182.771696128527
"TPCN1",0.722119357987324,0.606100556645086,268.57260614834,23.1281682427627,0.497193132911492,0.687138706582496,3.06203449376687,0.64957548354763
"TPD52",230.192250478945,193.638823522954,0.421119682391987,1.07318872947771,0.719397410348954,1.78261439054358,10.895673783347,0.105231453143495
"TPD52L1",1.22940299210234,210.024744431555,0.569104389702491,8.10282944508448,0.160166993416542,1.1246826395603,212.650187017141,1.30277229883259
"TPM1",0.373971266798233,193.172875010518,24.9547929976945,0.336233725322627,0.29557316101133,0.782426214913453,192.756501713127,0.285005816410809
"TPM2",0.355716113036048,54.2854025199856,32.9701595524783,0.776103335503282,4.82595889400524,3.29516805958077,0.627822148003615,4.61642848342539
"TPM4",0.257322644559896,183.244692561982,0.463331952144732,1.31852503164205,0.719157734856367,183.517471628173,0.698076896274857,0.34589572955635
"TPPP3",2.08621096016697,3.63094043040237,0.569488989260721,0.721107813046976,192.723181892024,2.26723024629198,5.37781052374562,0.183097082090984
"TPST1",154.605915363485,1.64800779214959,2.05214918130455,158.92652572232,1.18673161414676,154.179868627379,1.35468242320621,0.199187059686694
"TPST2",0.231831926361537,194.254684618033,191.282594932777,2.0524068952321,0.61321980870672,2.86189514329319,1.53814383782858,0.819655838175976
"TRAF3",1.27761947758421,3.92981910550409,1.039113388631,212.06002216136,0.832870588712921,216.303524574783,3.25136476886352,0.330937994116039
"TRDN",1.12150141692833,14.0233842476918,200.878993291259,0.502872746869702,0.213866476751435,0.697294414974259,2.27958127549026,0.234098465057661
"TRERF1",1.45852155127544,154.285643375516,0.812663451003878,150.03614623916,51.5712415272949,0.961756863747029,0.515591600376645,2.43314989424591
"TRIB1",0.578825913313431,160.394802526788,3.46447776079762,0.621587410540487,1.34072948550792,156.527955790102,0.756613769618506,149.162690671522
"TRIB2",0.748629326675247,1.37225164040638,182.820777380815,0.923160952683183,2.22737718851445,2.68466974597131,0.958159172197517,0.28609076853976
"TRIM22",0.29918779059917,29.4718458254394,0.491317308980629,0.601032984669564,182.276946601587,1.17689971914052,186.871627133868,187.185726761599
"TRIM36",0.766631681064463,0.876961042431154,184.031698839942,181.559866077015,181.629349088771,4.50555929184057,185.002329587696,0.0768074467098092
"TRIM38",0.833071567715213,160.516308975229,2.138672352065,0.646721388449601,0.667005959409125,2.60843980246939,0.913540576479713,148.7720399471
"TRIOBP",0.439005308122462,209.594198636144,1.00727570434665,1.73444229753482,0.793870684198936,2.18167479282037,1.13510714650769,0.830215928084909
"TRIP11",1.05749603071066,1.04660786163847,2.7854575811644,0.434577278674878,0.267590797975692,0.48472926547458,0.705872769352696,0.631021338518495
"TRIQK",0.585386079733689,2.74759398844747,0.335269439623579,0.538463727379037,3.6028640854848,2.59448903138079,136.966713195091,0.496876700310709
"TRMT11",219.621129725518,179.031581656769,213.642727708934,209.373805358378,0.314733135088657,0.735975912099353,202.875603032134,0.451782199426044
"TRPC1",0.693985478438977,190.752967848873,0.740310808066088,2.297096844244,185.792248197998,0.918438356543191,189.680685159156,0.218854342343803
"TRPM2",1.83433547641403,32.3084063614732,198.18617652427,7.03122883407058,208.656374751283,200.150713346905,0.470530014385742,0.182623608371059
"TRPM3",0.415526746543329,999.999981358549,0.339209351272557,160.887717048842,0.182459899944073,0.362015237388199,0.897765831205865,0.906016679033504
"TRPM7",220.608672746031,4.41134319072862,2.78497410625468,2.06037027124909,0.468765389674061,0.778242953057861,217.205823248495,0.297048878457341
"TRPS1",196.607103096263,1.15646602527582,0.454690373941637,0.463342887440978,0.347944655855433,0.273434291654309,1.5306258953698,1.27956752192364
"TSC22D1",0.112244819667764,0.370939725233776,0.316035124994018,0.469910152306684,0.210566659828075,0.303119598891608,2.43560905610971,0.15998457748764
"TSHZ2",0.874905278609214,1.13492163169468,0.381095481529413,6.80612989310109,0.485204892431992,1.60778989746123,0.667582600847884,206.877054604405
"TSPAN13",4.10052339828906,174.118967129781,2.88555691056004,7.13045277137227,169.654725165313,3.92500523296986,172.062634076463,0.077264629318376
"TSPAN7",156.15353817071,0.360058015955153,3.77762542674403,0.386269541755412,0.30728124912411,0.560994489884999,0.900188828174026,0.0770407641768973
"TSPOAP1",0.764227185836333,218.766980443161,0.874291226449254,211.511232383905,209.024969219985,5.94226527691974,213.299919259846,0.176281118338217
"TSPYL2",0.514301394297748,163.263432334933,0.600131338971353,156.84036019118,0.844938170572222,160.413180197628,161.279447038013,0.119456306023841
"TSPYL4",1.34245863187376,0.852457525363497,2.25333288955783,1.15539707222304,14.5526114616921,163.731485552842,156.449184382628,0.0605271197061444
"TTC9B",152.889756908518,155.347348124093,151.920996879674,8.68716254037633,149.655780213481,3.85267727997811,0.456284251700359,0.117770118115366
"TTF1",2.12809577709543,0.646047920784431,0.520940613755092,1.45984243318302,189.946284474682,0.649245793344078,5.39751942398028,0.511094732985681
"TTN",215.758418114871,1.62344433475382,0.412969302218398,0.896063097789856,205.47717709759,0.834968635364764,0.633437750020857,0.683043449450187
"TUBA4A",134.406456169615,133.36422313718,130.711734179749,0.974494435137841,4.56295065048841,1.67696258946379,0.657176486404576,0.0579463917637245
"TUBGCP2",0.551995902635969,90.293388772943,0.500995111487785,1.07233462354635,19.6761262753843,1.07101647166974,0.494584071906615,0.197088592262261
"TUT4",3.16985965464345,0.39509207453871,0.636006105574131,1.67066148308784,0.601269496970664,0.616403430800606,0.74508463906062,0.395051694973316
"TUT7",0.9501279721034,219.2186185836,0.360447621301149,217.780770291824,220.318800613893,0.95006019432557,1.15424762999086,217.215186708521
"TXNIP",0.176341774690024,195.133812185631,0.444572393315958,0.263664130237905,0.317411749487374,0.538415162094331,0.266944514100798,191.30351682638
"TYK2",145.384962055296,0.699340437680292,151.453636441088,153.807719613171,0.489404395026583,0.680868374767826,147.567140649756,0.389774135792774
"UBA6",210.511771039727,0.575127389505332,0.447525461119708,249.134654738181,0.51001297655013,0.383062211011167,209.69689890119,1.02164704573636
"UBALD2",147.166603571628,0.764494921762913,0.657872561999355,0.898314299358469,1.74410777742703,9.39257704978724,1.39040545390545,0.237659772807586
"UBASH3B",191.428010284873,2.27366837233821,2.79952913185095,0.684051947871801,0.797911508631809,192.480973636697,193.002103796831,0.134186769827031
"UBE2F",0.942276036698158,197.102581012534,0.630943376894614,4.85814165984083,2.75017452535041,2.80124691517373,1.37665761957034,0.180077138244313
"UBE2M",0.850275897300395,6.2228478500445,0.656579894292345,1.44398634824315,1.81165072751045,1.84454747147993,0.540267251076652,0.0931973237657584
"UBE2Q2",0.356722531787968,0.575163209023753,1.37024708929365,0.821393655479252,0.901336718813693,183.76096737608,183.442121566373,0.181140150467091
"UBQLN2",1.00284153833388,0.412619852186582,0.594451030538679,0.41846588914176,169.485983434452,0.566138926810157,1.10963948847393,0.0973544302667442
"UBR1",0.647624699611978,0.893218924929891,208.326586423174,0.99810343894893,0.978958674141922,217.353976926535,0.430744103882773,0.228928062365762
"UBR4",1.44230894957677,202.209949230146,1.3460679029612,10.5982941315632,0.513901175746885,0.877373190264919,2.52244513706799,0.276753791919977
"UBXN2A",204.476416501922,0.572638932331126,0.770693266586306,0.434134086363611,0.99840204031415,0.42490745229194,1.32319659281463,2.1631689928993
"UBXN2B",1.45214449685817,0.895853493254138,19.2389101787753,3.77701729631044,1.81274438270816,2.28542175750031,0.463997509394294,0.315989548546769
"UGCG",0.379087866330757,2.5382901292708,204.545463099718,0.559321496112327,1.04513098506205,3.96663700961809,207.450013865046,0.15418270469047
"UHMK1",1.16017913623304,23.3311449508697,0.977573332114064,0.74220710579698,0.477881200842375,0.630696509744123,0.960918112629989,0.0653663944386253
"UHRF2",214.869003884256,210.908902489974,203.626676997431,216.154145040605,0.342754983687325,0.953683882842527,233.867386243218,0.549920423520206
"ULK1",1.16297265854203,3.20848412237965,2.13708087914362,189.713334229107,185.84837921541,1.78934368382837,1.59852332209135,0.192078524221692
"UNC13C",0.977203486056603,137.458997493642,0.683050513508427,0.968231676197704,0.210637973506484,0.391777982739178,47.4916006822964,0.13259478593051
"UNC5D",1.34675592509406,1.45536403328161,0.399343975674737,1.59466905771602,149.857717465428,0.976078716239615,20.194631432767,147.920724146645
"UNC93B1",28.3593589426303,0.573663411703797,37.0845413480749,1.14346216594732,22.7964822409226,56.6212201811662,0.202110660999401,12.6957165632283
"UPK3BL1",162.547787838881,167.295926748408,166.176687658629,152.354619609643,0.390380778499984,128.194208489366,15.9344503782208,0.312861502933233
"USP11",3.93022867583284,0.707548109875685,0.924537219267624,0.866976867458375,0.547919334184915,0.982988426212236,171.866313218039,0.0673075680683963
"USP12",172.108220652688,179.314038070983,2.81432667704276,0.968912141327462,161.388485446466,0.609323298275223,0.708227292902354,0.11272424599927
"USP14",1.04753596963712,0.456288391123225,0.83865229109673,0.70889900613186,1.21253083384568,16.8526356469415,1.21255972914016,0.108382366616282
"USP36",0.498108950818159,8.6740802983789,0.759416862236593,4.32768309813175,219.85928325242,2.74400443165703,218.360774034635,0.234547943178984
"USP4",0.71600054706407,2.48091304777866,2.47152283701281,2.19201230772752,1.35854629118608,0.928918077174398,0.856543943577496,0.287116543183203
"USP53",0.73670540629234,186.646818314454,0.5278575609731,0.683676975510353,0.598037007691404,1.68948037568774,0.656609562382514,0.230244663569871
"USP8",0.365289742458416,0.352436231964166,0.398504796653596,0.624557322629501,0.868499922348759,0.467000598466503,1.64554662858738,0.143916080135596
"UTP23",0.841601993725562,211.208246407833,1.62846340588748,1.40399302164092,0.834504083414273,0.647212323099049,0.917419952574214,1.46423490736466
"UXS1",0.457891221317743,159.234969004268,155.952487727759,0.969046357516373,0.471341379859863,155.319685943829,43.7607155020153,0.240269372619421
"VASH1",0.790537070715846,211.789525636763,210.719097794692,0.598158211192326,1.42396264460496,0.541800229444752,1.55063874035918,0.893067149655349
"VAV3",8.43616653643227,185.923008169889,181.889684023263,182.720885455044,178.504360529563,5.13209603528907,184.5410951814,0.0991014369566343
"VCPIP1",3.98518748882224,1.50393035899107,0.565628946248895,0.542217147074684,0.684413315653689,0.986671329785278,1.57732256836679,0.230788258355986
"VEGFA",196.515377082968,195.917473298961,1.15856146048733,0.640809060570067,1.84385530911949,1.70057707744091,2.92971613029586,0.245646027454836
"VGF",0.865238386372732,0.586702027976275,0.920332670826904,0.698464582797662,200.531344838554,0.646695779441396,2.07008556597937,0.573186344050232
"VIM",0.135395953856223,199.914374734104,0.740871702929839,0.2881780175203,0.362073886279413,1.56944513406711,0.360182406454376,199.798137112684
"VLDLR",188.647514969153,192.673198204413,1.37598131774934,0.76470908030375,188.886888756926,73.7642297766069,2.6334207203508,0.171663924278259
"VMA21",176.000111408074,195.148681961241,0.872438030255313,180.803352495999,0.640060756286367,2.90145895288648,180.622810953733,0.0884292186950209
"VPS13A",1.0031181018961,2.46872021210514,1.58771287968564,0.859711865961935,0.469513418124914,1.3359409116081,0.76850693320061,0.296013539929282
"VPS51",0.743008872713622,170.776917934805,167.17940825833,1.77338436336055,0.37273141623631,6.60204815486025,6.70399125548908,0.203389201012259
"VPS54",0.874416654204513,1.70648761538532,204.931565025809,0.484450204234441,1.37999295572567,1.98996395503078,1.78653286460997,0.832106283509414
"VPS8",0.929559673253043,40.6652913216014,0.703748742210601,0.815881770936902,194.370273625046,200.761729024592,196.119920425913,0.150848654655565
"VSIG4",0.495653235020016,1.40256881367235,1.80380583790142,213.086695650604,227.999138832157,0.427270976307605,0.692525432204929,206.597513922645
"VSNL1",3.83537825365902,1.24176613307921,1.5106452375333,0.518426594297513,153.734112397093,155.43019600472,5.74097337393336,0.0485117025267721
"VWC2",166.506418852958,0.578057695225118,164.662944571878,165.089521677323,162.765707709948,165.373071424312,167.445923334806,0.108874595185164
"WAPL",6.66816630116637,203.629069042217,0.375089151749669,0.473113379034772,1.07075878981817,196.940807741879,2.7562433192817,0.302653268733624
"WASF3",0.63773442687174,1.82513764925073,49.2964760187285,176.177086238226,0.269457569828149,1.06174797188251,5.27415840661375,0.101215534163821
"WDFY3",0.599491997936015,3.70718885123743,0.282986533697719,0.827816626050207,0.500672577932185,3.64371722431261,2.34409433790933,0.227304949941584
"WDR74",0.648599489656624,1.29288684760159,191.014078881878,1.11130024967207,0.443478332322242,190.432477766532,193.795706463217,0.229871429742682
"WHRN",153.039223649752,158.931316365095,0.300649585967023,156.733041332271,149.282159782973,156.614486921909,152.974662572178,0.226318917719827
"WIPF3",2.04698264977323,211.345649429095,2.26206330537196,209.455867022758,208.319276077629,214.499013892678,209.252655471132,0.140987856186594
"WLS",0.490809360633286,2.46237148028313,0.394562878241948,0.57465352542813,0.194080616124279,0.516084669839693,1.37350737047481,197.756338230419
"WNT3",218.643925358494,222.679352506543,218.449488587286,218.951221814507,1.71832077320055,219.103009599275,222.580410684431,0.243109621193696
"WNT5A",5.88816048518516,0.855421490040589,1.41041598551235,3.48433953560493,1.29643817374848,1.77100108030521,4.55554301019027,0.243408161923949
"WSB2",0.715334260337376,2.6066566459273,0.45367654308658,0.724632720623883,0.369718977266798,0.98204928847938,0.539790223457573,0.0963819956795722
"WWC1",3.99476592163616,193.360518658021,188.442206302697,1.39383030470046,0.191068855459044,0.771335473105235,192.998685415749,0.709216622695495
"WWC3",0.541204291630891,226.821575320756,0.497024345321282,1.06665236315425,0.949127387813307,224.089916963793,1.74116716763004,225.94569237964
"WWOX",210.662742876104,206.656535789146,0.525741342779351,1.85072406213888,104.360170373091,195.184704644795,0.495007399720192,0.368182614176438
"XAF1",0.71598743186842,215.061149209086,211.273890824982,1.21272126681178,0.632412691266871,0.492357377737912,1.34478927197359,0.712039769985777
"XBP1",0.656955011478636,1.53127527448863,191.112284360078,1.43649618698649,189.515637105104,190.200038781577,190.968473549277,0.133542418856013
"XIST",0.295083689773785,0.720250592750211,0.195854795126218,0.321037242936028,0.192076010661888,0.191729644418025,0.459116935045374,0.439158372666729
"XKR4",209.169803312371,0.846653103876302,187.454906477226,210.479421158247,165.140304761967,1.87359838391737,0.624312387277088,0.29608585525096
"YAP1",0.437624824409694,190.625889299148,202.984868871789,206.976099612668,0.316297120195049,0.603689251458955,1.61617896943969,2.61375642620218
"YBX3",0.21943288625621,2.32126368993868,202.589746739873,0.446613540979188,0.699110417284981,2.60437327638288,999.999655573756,0.513548396798937
"YES1",209.470207840251,176.186038952941,0.606051574833642,10.4516272287681,0.91455843025605,1.11690696954203,0.644628160108585,0.460910701516103
"YLPM1",0.430874553169643,168.876337529593,0.811652147191391,2.17552739418549,0.43646671308843,0.798265955947918,1.70130613763543,0.233124505924476
"YWHAH",0.252302363005378,2.57996674309864,131.40686081704,0.471760267116417,129.644534165974,3.17087556364239,0.962505765893615,0.0451257027439964
"ZBED11",0.381420324782928,0.441096001493453,0.989599237219995,197.602978212075,0.387165669821311,0.784815737003423,193.605383675153,0.402765723512548
"ZBTB10",0.775480488604045,2.8576279979025,198.806750405949,225.620077127427,0.293580825931321,0.447715017195279,2.05420974807593,1.59661771514215
"ZBTB16",0.246060782371562,0.462510134555626,0.271097424287173,0.56677528592536,0.23942617795493,0.422203639957004,177.476414927353,169.464153642295
"ZBTB18",0.621524159519871,200.059397653091,0.513041820539724,0.680073650868017,1.11160387390263,2.88381791055751,195.679030976166,0.447174511179056
"ZBTB20",0.531309901091005,0.685091138102508,0.425894586327643,0.442025019789382,0.143946947056788,0.216793614457998,0.524962176137512,185.272313204798
"ZBTB21",182.490179586234,0.383919186785685,173.236357388434,0.823328446366231,19.361543370305,1.78539408931118,23.7399077659882,0.266250460170256
"ZBTB25",0.802613156101058,0.869247213899702,3.94958459860482,156.295922063749,146.353254423336,2.24550825268895,2.12289775494921,0.244346668120938
"ZBTB37",218.398905432496,6.01677151892322,217.485291275907,1.27963466090888,0.211434757351154,0.692633712733325,219.103909441531,220.487658151937
"ZBTB38",0.340987713702007,3.149022967895,0.46834607091815,0.34620115861685,0.813816231429342,0.511267198053662,1.05610840124585,0.249833470803758
"ZC3H12C",217.742699425694,254.847296057655,3.26381644049972,0.724198306751886,0.368287353755044,2.43587219192811,226.825494402091,0.47747759854296
"ZC3H6",190.42501653931,0.720258525929846,0.549725492355663,0.52775791243408,0.373172035964507,1.07789592107945,0.493393465130257,0.387715128601332
"ZCCHC2",1.67338229552937,208.383799314354,0.897921007013155,2.98344113997421,200.561426702974,205.570212865607,0.817120584151542,0.261501173154757
"ZCCHC7",197.204111588602,1.14681047449091,1.95217081793509,1.34960312419568,0.544513076413496,193.998307271066,195.517023339185,0.666728399621618
"ZDBF2",206.727882603291,3.44977515742385,0.712783167588322,208.319345216718,2.34232017583244,3.72568858687888,9.9123660142604,0.194461795447558
"ZDHHC2",0.938357803387324,208.786862940172,0.561254644091656,1.19023203482397,1.00276396559608,0.745551640344946,1.65654274978949,0.339562699626707
"ZEB1",0.496924338080539,0.930420956319253,1.57699744004148,1.01555632862207,0.328549310359958,0.362976461105626,183.640150323234,0.257345722854872
"ZFAND2A",3.79328937844258,2.66047887023234,1.21104784973426,0.915152297047696,206.238237217637,206.127801181432,0.543884359354256,0.225133007183073
"ZFC3H1",1.25386393302917,2.18298147959702,0.559480291111636,0.498397788450952,0.58868603251723,1.16192245538664,199.780193567133,0.529007632866176
"ZFHX3",0.536228341963927,1.40870418356174,180.108029919852,2.91038266304965,0.268844701984374,0.220594069479077,0.40797385593691,0.183335860173202
"ZFP36",0.324557571969569,117.749922728991,8.4688503070895,150.795929364195,148.784229479904,142.642065726995,0.451174049521214,145.221646638581
"ZFP90",0.882562167405606,2.90695344767482,1.09024197888817,0.50924357277286,202.415053620584,1.48030627402734,1.33645605858335,0.268103051697871
"ZFPM2",0.526227223229083,209.676230749931,205.612439693682,0.911412097676962,1.21335508811638,1.48127093474765,0.95384537990074,1.15302181506784
"ZFR",0.40005304529064,1.37009833089923,0.336087344684581,0.455786709388202,0.418884785442518,0.861299716993815,0.471321435484702,0.213947666041005
"ZFYVE16",0.653635241090275,0.650923280513214,1.11695504821041,0.667453026354654,0.460202587511689,0.491114159263018,198.771475225352,0.443374823211491
"ZFYVE9",200.618338475739,2.92514635036366,0.989505635815996,0.885237332023236,1.05530756871536,2.29298869428798,11.9887475334409,0.201883063194024
"ZHX2",214.065315853912,216.596111353939,0.894837174494623,0.584907028938897,1.99310957922711,6.13762215621304,0.463406706105255,214.284135785295
"ZIC1",0.605554352722272,4.16620673483791,1.63730136101963,1.44400297022315,1.27357841190159,2.9399399956326,0.917486514260466,1.78951258711517
"ZIC2",0.298584206574226,0.973613770902983,181.333700305566,1.6624441532555,180.081685341972,3.34063266086112,0.804117181745739,180.442742404563
"ZMAT3",0.579240276682291,0.89285285422609,2.78719090241919,0.60042547785834,0.242913624032686,0.605481059054183,0.600829286432583,0.117890720411491
"ZNF160",2.44376933360913,1.08678796541551,1.3169617700516,0.844262020547661,0.669019458964449,204.234185119053,0.364816172156861,433.159864802172
"ZNF208",214.010560637738,217.739122391882,215.07691961385,11.4661703595853,0.57059981150504,0.470138582497642,214.08119082082,0.31326147944325
"ZNF281",0.364115403686275,1.71384292099747,0.512464168089576,0.725926977335266,2.87715573480615,2.55060641827646,193.588900695676,0.230360597392094
"ZNF292",0.356790222971161,105.235286968189,0.25325855712159,0.368067963359881,1.07896479621617,0.7610063670826,1.43480930212237,0.458135426855764
"ZNF316",150.435094152127,0.43962377161202,148.903204808751,151.077217551563,0.666832864913206,3.02628853787296,150.928982257655,0.283326520626773
"ZNF331",2.06555495048671,2.90928648027454,8.60019377637513,1.30678269656351,1.2821588347019,0.475054774853581,175.060605636055,0.229353266601538
"ZNF358",1.08464299271452,0.732514670032362,1.58000641904091,0.645633280489594,0.422809748424782,30.9093393128001,0.810791626576375,0.258613791053089
"ZNF365",1.07027344265048,212.043807661613,1.08378864127913,0.611910933912238,211.841306957004,209.515240388974,209.800590926967,0.163016988666989
"ZNF383",1.14284909937284,1.74380701603317,183.405749398136,1.13416673194905,0.827871970074997,198.034047418006,3.05770295856433,0.453725209348925
"ZNF385D",0.940523845734493,6.92178149484504,156.996570072056,2.25510714219214,0.904781883730524,0.56670024332848,0.941862408828687,0.063987563287007
"ZNF395",3.04315189121916,224.413993985816,0.399805232508253,0.852441535950508,1.06106632388652,2.71204028179511,226.111635580554,224.427445764532
"ZNF429",224.025251169177,224.145608374964,0.379683241517594,1.64685906282871,219.607760355299,225.804175672109,3.87806401986643,0.384210900708261
"ZNF451",198.300759371056,0.547070350806115,0.465402028651569,0.542937348556269,164.437185541706,2.86448793960023,0.500690504538208,0.20723207104462
"ZNF483",1.92882231862795,7.29772592054741,0.477051113635684,0.435230840159397,0.655687806760504,1.15901427593871,0.548486953174664,0.0834720406498251
"ZNF493",0.552871244214396,203.596002631455,1.21972113397011,1.20270328874351,0.706950200634635,0.42720529721511,16.9392600146562,0.719288288777799
"ZNF506",0.87694243441196,214.246942596857,0.541145333037639,0.882820902597084,7.77181617449475,6.24748734563835,235.137070216756,0.367826681448437
"ZNF507",0.808875398179261,0.698363093246106,210.334509215335,218.056544094695,0.92980626562041,0.436975466455897,203.621024932226,0.432759742805439
"ZNF516",73.5617066703229,213.507265979935,196.415684597002,1.08040782620667,0.342915006987694,209.200942126605,213.337818915643,0.42139095325145
"ZNF529",1.99295979542797,154.500411828522,0.732228030036926,1.21506561521063,0.396976590433582,150.937250525026,153.392879642276,0.41986804579008
"ZNF540",194.497482131628,203.578570687263,1.24991439253544,0.966924801158307,192.43640496091,195.134615601809,0.701054923348368,0.292864098029636
"ZNF618",0.308878411360383,216.840342327245,6.28457021836294,1.08608862619765,4.96035830095398,1.15629034516345,210.2979703515,0.567384662755916
"ZNF638",0.479244646764395,0.312828082929043,1.41494232999255,1.00312787599144,0.328054153641784,0.541382408971679,1.58423943163197,0.367557367035897
"ZNF708",203.053744822588,1.25968499777893,2.74577252590853,0.593774709348252,2.18306617747444,0.402339607801294,1.41597831011596,0.35629470201421
"ZNF721",20.5494789270527,2.10502148886052,19.376861103692,0.58785501989448,0.540831154661967,182.08452930601,1.68847200429496,0.29332989287085
"ZNF727",0.516979323170868,222.812934704495,3.68160404145558,0.825371078605411,119.461790747967,0.554500813929266,2.0377639616872,0.276644108058051
"ZNF737",213.398912299026,0.675851336892024,8.40092946958896,0.61537124588626,0.658986208764792,199.509517328095,211.775638210803,0.661475688929141
"ZNF766",0.60352304863654,176.187914753367,175.549205244305,164.651719148513,170.061396881256,0.585241690245835,17.6039541613729,0.35543243471777
"ZNF770",3.36668409245886,0.71907605495797,0.918800762577343,0.673730607700603,0.588631326007834,0.812122581376171,191.593912013982,0.232160360387865
"ZNF830",0.862630698324978,152.00049948081,2.16047269360723,1.21756681199464,1.27673527784463,160.430966102713,0.932362476490147,0.510830869100282
"ZNF91",0.759101679931773,0.502219249475668,5.17924537851458,0.73557321598978,0.279086363265739,0.483410329682097,1.94291985873293,0.305935017127178
"ZNRF2",0.76339802856017,222.54162815899,212.884550116495,219.712137867684,0.759358212769244,219.279039868605,0.507823953593942,0.851829049869781
"ZRANB2",0.681429296175707,0.303979932651106,0.467434870266648,0.669280428712213,23.8472473297573,0.651531614833394,0.537273898481302,0.155091144339964
"ZSCAN16-AS1",195.324541452349,77.6729787381549,1.08933718569949,1.32895096941861,0.343615343380534,0.555707899079937,111.574893762442,0.396922500042418
"ZSCAN18",1.05257883510003,0.836638817485784,165.299658193459,0.743666285072775,0.471862278759632,1.01236268039947,3.1817705996943,0.109974047760038
