"","Endothelial","Oligo","Tcells","astro_fibrous","astro_protoplasmic","microglia_mhc2","neuron_dopaminergic"
"A1BG",-11.1790959721173,-9.7877633760178,-10.164626520867,-20.9445630978896,-10.0408403024053,-18.4074300281711,-21.940291966046
"A2M",-6.89998431761518,-9.09213350493071,-9.05318244797938,-8.53705457882202,-9.55705459457466,-16.5310861208368,-11.4396808822759
"AAK1",-7.62708875125258,-8.36052609352082,-10.7013319680194,-10.9427914488252,-18.4747146910098,-9.40156781533548,-8.66380656299331
"ABCA1",-16.3224302943861,-20.639005551311,-10.3276519456898,-10.8800749922552,-10.3655325977755,-9.66305112855184,-11.7074689216941
"ABCA5",-18.918556282408,-19.0867082036147,-18.9081606996205,-10.0523228291557,-20.9385007078674,-18.7656128616595,-9.69269875627533
"ABCA8",-9.54775499569145,-9.43892099364146,-11.2040721936624,-11.7837570349549,-10.3750086696915,-19.6852787902503,-21.9930125639527
"ABCB1",-10.4005954692053,-20.8909264613983,-21.096874975411,-13.6830112335563,-13.6646785614452,-10.0930197305697,-22.7172604361327
"ABCC9",-18.8352906701456,-18.6134394607963,-13.6214468558925,-11.8050539076159,-9.45971305638307,-18.8617615255416,-11.7596383342102
"ABCD2",-19.9136677122335,-21.1987767087135,-12.1375409508971,-10.7596952794641,-21.8366244503939,-15.9573246964339,-10.9791751743755
"ABCG1",-11.0424955205031,-10.426559020768,-9.15915922526777,-21.7406600836684,-21.1144815832574,-19.5530771775468,-11.0106726060091
"ABHD5",-19.4873524983529,-9.67852505257385,-9.80124043646586,-21.1730072972362,-19.6414793371233,-19.4028670598134,-11.138883760782
"ABLIM1",-9.58851527208999,-9.61418491644959,-9.15236330436861,-9.24474363787378,-9.18108443315142,-18.6870854921421,-9.73843257974819
"ABLIM3",-17.6649179440569,-12.470739223401,-19.5099705538115,-10.4677062665178,-11.1020461732954,-9.10922230267397,-10.506443241805
"ABTB1",-9.55753267311678,-9.94235210158334,-10.2800240086809,-21.4529883952617,-10.7384562244702,-10.0652023288442,-13.0888050684616
"ABTB3",-8.41825696735624,-20.9971123158584,-21.4020588208995,-22.5990915846839,-9.76786439354483,-20.2620393510235,-9.30697908858589
"AC007952.4",-10.1617991437522,-19.5326541215658,-12.2278038272114,-10.5743878472067,-11.2536989430127,-19.122230314574,-22.0180274472739
"ACAP1",-19.7114616114841,-21.2230915898522,-11.6053644811802,-10.54805867503,-9.87338920115452,-8.37554303832773,-11.8201493057841
"ACBD6",-20.2368308654727,-21.6447520620556,-22.2192659159994,-11.9270586292775,-20.9775938632227,-21.4317195282315,-11.7743441755096
"ACKR1",-8.70363380562905,-14.6743905839374,-10.3617549692025,-15.9076088067296,-18.890168918805,-9.67816409896445,-18.6021506001455
"ACOX1",-18.1369680094278,-17.8876624545001,-11.1203138248603,-9.53606471229238,-9.36193594051233,-8.99633410022046,-9.59752870264538
"ACP1",-19.4823987859316,-20.807054709067,-9.23181902368115,-10.1251875258577,-9.14865409096686,-11.0834952673073,-9.68005198143604
"ACSBG1",-18.9843009086022,-9.3123060691328,-10.6494537382996,-8.28864055214803,-8.71149082346117,-14.3209933264675,-18.579514207553
"ACSL1",-10.7018645803313,-8.92489521428488,-20.2213577581284,-12.0890792368972,-11.9682968576815,-8.69512083375495,-11.8299458253265
"ACSL6",-19.8691433261615,-20.4502963852629,-9.59912243990703,-10.077636087224,-10.0247850104969,-18.9377514160479,-9.3869012533534
"ACTN1",-8.65227750773651,-11.0968511164797,-20.5361262266772,-21.3289549702606,-10.4325967012826,-9.23882020303724,-10.7458490525969
"ACTR3B",-10.2173740192821,-10.7424536018638,-11.0706802278819,-12.4379125704773,-12.0912277092187,-11.509770579981,-10.2242732879738
"ADA2",-18.9775121100588,-20.5791353381049,-9.49144736145641,-11.0653067532116,-11.0467692369935,-18.4995618726306,-12.4724542562384
"ADAM10",-10.9655492400274,-19.9259621539793,-9.27995209718389,-10.5234013271824,-10.1754366093397,-10.0251580548793,-11.0410550096324
"ADAM17",-9.42389803591024,-19.4890139920845,-19.9725913801212,-10.8141342271915,-9.67122083197139,-9.75443955189665,-11.1880950560273
"ADAM9",-8.68691202415312,-10.3488048380429,-20.9756542727037,-11.5603210312874,-11.7399769120121,-9.06821213711268,-12.105039153829
"ADAMTS1",-8.50989149378846,-11.2361395631537,-21.9015862039149,-10.8267603347802,-21.4557729316903,-9.34986393811785,-13.5405662870941
"ADAMTS2",-18.4369937352043,-9.88968492997553,-19.1796359539254,-21.358291471655,-20.0123394083854,-9.10738209770824,-10.7377504041133
"ADAMTS9",-10.0569849019671,-19.6439049934652,-10.4827787870996,-11.2005338301229,-11.648991417399,-20.0319926467727,-20.5395398136821
"ADCY2",-9.10870547848343,-8.50474053692933,-11.9091995809773,-9.41277286138632,-9.78787527929249,-8.79888978510049,-8.91957442276592
"ADCY7",-19.9627598493258,-10.028105328597,-20.0614487636754,-12.6419779840956,-21.0121713602124,-11.6578962927916,-11.6866759989599
"ADD3",-18.4973292898374,-11.2611692042354,-8.61471095306448,-8.34662275837693,-9.11665198712303,-18.8509971228874,-10.9977724632428
"ADGRB2",-19.7040286031378,-10.4712096427156,-9.23225812624568,-11.387690953435,-20.4221852589378,-19.560376107705,-9.41390128455147
"ADGRB3",-16.1956610956137,-18.794759985091,-16.0332706015844,-20.5356034884539,-13.3427513693366,-17.9472211662892,-9.12373786763376
"ADGRG1",-9.14684114675054,-8.58508404267616,-8.31777235921942,-9.30971973199648,-9.58055060066652,-7.30100768170446,-9.92430626218
"ADM",-11.8388935549826,-20.3268729566235,-11.857193679267,-9.91324036778819,-9.6872100595323,-11.3562841916286,-10.4728156849542
"ADORA3",-15.1292499635937,-15.7644092834171,-10.4521471734345,-16.6999364869802,-10.0833632138148,-8.6626787051836,-16.3562010406736
"ADPRM",-10.42790120378,-19.4194999660514,-11.5382200072748,-18.9020891945791,-19.441126376606,-11.0266132539346,-19.2325619931741
"AEBP1",-20.9335739413267,-9.38434336347772,-11.0358418773508,-9.97535347213595,-9.17974320377412,-20.6615405851084,-22.5774799506583
"AFF2",-19.2801596131864,-20.3057122650214,-20.4826069982117,-12.1889209678757,-11.2719139404575,-9.72212099930338,-10.2928141568052
"AFF3",-10.3019477429555,-21.8393920157834,-10.9439654137236,-22.5688690935629,-10.9017039349485,-19.9609055228828,-10.3285346408974
"AGAP1",-19.1655185894411,-9.34067746835009,-8.93562164238607,-10.4199508895128,-10.6905612753263,-17.445053289818,-9.18386773277106
"AGAP3",-12.094292126074,-9.09838751886721,-10.3939792837109,-19.6331988803295,-9.92629177817311,-8.77348137651061,-8.52997984527387
"AGFG1",-9.68945222501082,-9.06844841193071,-9.37074811629014,-20.3353384464112,-20.2290974048068,-9.69012761329359,-9.9993643165984
"AGO3",-11.4210730254101,-21.0086799815646,-11.290959091483,-11.495719470679,-11.0963647843638,-11.0317954449608,-11.6662608801697
"AGPAT4",-8.59556241876179,-8.52052659862161,-9.87306939737118,-16.980074344719,-10.5439033353087,-18.8641514885206,-11.4223932218779
"AIDA",-19.0650741070834,-9.08353842877766,-9.19266154016062,-10.3093304692754,-9.62896445702841,-8.90072242773039,-9.78601471523627
"AK5",-8.23694131855712,-18.5650333638322,-20.0764866889695,-21.5729281249365,-9.9003798420595,-9.51422915589153,-9.01921638710585
"AKAP12",-9.02355501612011,-20.5109532627197,-8.36817393074761,-11.5060308058258,-20.2934543233457,-18.8539479839002,-7.39789372003851
"AKAP19",-9.45957586176299,-9.96850959183977,-11.7785584271601,-11.4544629803028,-12.1190767936939,-10.810428962347,-12.2869395938155
"AKR1B1",-8.74492098999986,-10.9704079642706,-9.29269353464611,-9.54893021211625,-9.65127524185223,-7.67247272546787,-8.4240419439917
"AKR1C3",-9.1595096771785,-11.0043319682977,-10.3320132946271,-19.4524443553036,-10.0526537536823,-9.2056551441732,-22.3447814743671
"AKT3",-8.22690467034993,-20.930358076027,-11.1660424214648,-10.5744162231037,-10.0346155590666,-9.2191671526903,-9.48721957764974
"AKTIP",-9.45070514969139,-8.89249587030337,-14.0778027905848,-16.775878418201,-18.565244230872,-8.08359575749867,-8.99904492529105
"AL365361.1",-9.59660333071729,-20.2710009161664,-21.0049579175318,-21.0360532017137,-18.9522390531378,-11.7843748925754,-9.79563012408748
"AL627171.2",-19.9910592203773,-7.64958283482008,-8.42452194578059,-9.36254580767476,-8.06302683709158,-19.89614606802,-21.6873488382718
"ALCAM",-11.0335020872636,-9.59154888185442,-8.58290278794464,-9.55282172726787,-9.1739931707668,-8.24434090126616,-8.91521678647735
"ALDH2",-7.77096303795994,-8.55867359868511,-8.81606795103034,-7.79614334522087,-7.74606829573192,-8.54135459756414,-8.54857556767144
"ALG13",-12.5444500855179,-10.3447869036177,-20.9847634341065,-21.7197894786869,-10.7391476844576,-10.0881430851912,-11.5544444744311
"ALOX5AP",-21.0877281107469,-12.1969866470876,-11.6276877284496,-22.7352788874578,-11.3014952927497,-9.75398545040796,-12.1492395952541
"AMFR",-19.7669279081681,-14.5950204531562,-11.7500641700338,-9.71360479542149,-9.60303026207806,-8.60927976851195,-9.75659429714328
"ANGPTL4",-19.6085935634836,-9.41225899784813,-10.6442451111475,-10.4787772787159,-11.866386266598,-20.5733214890092,-22.484720607386
"ANK3",-18.9364323716589,-9.92531542260645,-10.633239226023,-10.2763548709563,-9.08589409456679,-8.20817436359587,-8.83755324327775
"ANKH",-18.4407272466631,-8.17251994437297,-9.41307471181306,-10.5419291540159,-20.6843797257252,-7.87021624058046,-8.1978793224472
"ANKRD28",-19.9966073291262,-9.69083537429351,-18.972696936996,-12.65949090085,-11.0894151417628,-9.78410869736409,-10.6730772345006
"ANKRD36",-20.6618748549102,-10.7839465714224,-11.350817926296,-11.8176385680092,-22.1110238824713,-8.97689173108729,-23.2636984273297
"ANKRD36C",-9.44682427640701,-9.4908955339082,-10.2743775351336,-20.8355621919604,-9.07827827914112,-18.2376774886266,-11.7540916565243
"ANKRD50",-20.5505124276917,-21.5872255041321,-10.8735705575729,-22.0561408555353,-21.855553939667,-19.019571565831,-9.81680135656624
"ANKRD6",-10.2927884159475,-19.5438139464908,-10.7746115928419,-12.4829597394363,-10.4194656318252,-9.01795531394372,-11.3775689114218
"ANKRD9",-19.2238526748901,-10.4248477590489,-12.6146475586335,-9.30881023019942,-21.3569714750084,-20.077555597193,-10.944377215693
"ANO10",-19.9289499923132,-20.108787275631,-20.5967830614904,-21.9838797425204,-8.9783528255234,-20.852667001677,-9.24791035544698
"ANO5",-20.3281568245272,-20.8501275934878,-10.9349292664548,-12.4434276043018,-21.1995443218462,-19.4103947479051,-9.42323442138613
"ANXA1",-16.3518196881951,-20.2193785079173,-10.5173765382799,-10.8357872323511,-9.83647025165391,-18.7284476978856,-12.5624102991084
"ANXA2",-8.64878423122908,-20.136006926813,-9.9967504725836,-10.2367882432815,-10.7397542499853,-8.72050595802286,-10.0726993124613
"ANXA3",-8.75869115934887,-19.4891335626588,-20.4800709998929,-12.1633467504912,-9.98936604315221,-15.7846798083967,-10.4403934034213
"AP1AR",-17.5309596716646,-20.2555833202263,-20.6544203288345,-10.6826217398831,-16.3324238740919,-18.4109842652289,-10.4822593164871
"AP1G1",-18.9055660055415,-11.7376343568086,-20.5009776185495,-10.5906448537976,-20.2049499179569,-9.88292459177541,-9.53647123607913
"AP1S2",-18.881806142201,-9.07762323939903,-8.76506356635273,-9.90194162001575,-9.66345129261289,-11.0208896358175,-10.5058229024901
"AP3M2",-18.7949951054695,-9.6327648983953,-10.0290764749996,-10.3274816700327,-10.6212025362864,-17.3003875793761,-8.75920821147061
"APBA2",-8.51528710178969,-9.34502232575105,-20.5857532520167,-20.9273353005327,-9.38295839928295,-19.9924799383241,-9.46801014264069
"APBB1",-9.07345962222975,-9.55222591981311,-10.0320991644935,-9.44576063349557,-8.24662293684594,-18.5146450488849,-7.51609943645741
"APBB1IP",-12.0409087185849,-12.5301824555924,-10.5295977310539,-11.2737794272685,-21.0333676835736,-9.08338679090871,-21.638162396984
"APMAP",-9.07875882771103,-20.3768293266835,-8.87072049707025,-9.69526048873379,-20.5363717092849,-19.7153660667852,-8.7713584461392
"APOD",-6.8224827717017,-6.99878759328272,-7.55945751842477,-8.50339430201817,-7.52386882443769,-8.52496890133595,-21.2738918604997
"APOL4",-21.8237639465231,-11.7732264622606,-12.7221939660888,-23.9534543919084,-12.5157358560477,-21.3415036584684,-23.9004063274505
"APP",-9.0892364488332,-7.96052659955946,-7.64740348475718,-8.0049834883728,-8.04555867180813,-18.2927305799999,-7.11209444132448
"APPBP2",-20.5659683964184,-10.1629702198906,-10.1625596344225,-10.5861245815928,-11.0792118382753,-8.7371753935164,-10.7900042602342
"ARHGAP12",-18.9758989436889,-19.9620850355211,-20.4682643611516,-12.6189214873535,-9.22334692110455,-16.9937570855547,-9.16647457470884
"ARHGAP22",-19.4395095329469,-10.792244897632,-10.9024043107555,-10.8745037719378,-10.8050870391633,-20.3737795887335,-22.3302189019933
"ARHGAP24",-8.67659877793601,-20.6963063563263,-20.8834216197948,-21.5674169541059,-19.948248380556,-19.5790439520492,-9.74269704523688
"ARHGAP29",-9.05899802856714,-20.0555132681834,-11.6922237457959,-11.9771713228543,-20.0299360724831,-18.0116597055362,-10.7931095904788
"ARHGAP5",-7.72037035169606,-10.9067193493427,-9.04692298032334,-8.90227303445965,-9.1290009339799,-9.27640645211797,-8.88811990352471
"ARHGDIB",-19.2741506053928,-10.3079706488235,-10.0247750105327,-10.8535663182986,-11.0279484767963,-8.81409696984034,-22.7942326814117
"ARHGEF11",-20.1375475091342,-19.9508831572953,-20.4978060073143,-11.2479743292438,-10.2678673607992,-19.8377044538505,-9.79907075681189
"ARHGEF12",-8.63523499604411,-19.1188897717959,-9.19298479574213,-9.59994104963432,-12.0468909214799,-8.34591608755751,-9.84189366071569
"ARHGEF25",-19.3083853583388,-10.9247479362427,-9.82570702047591,-11.6430130257112,-20.4723125057567,-18.5059869201322,-11.1588290443582
"ARHGEF28",-18.9652615219217,-18.5283463243954,-20.6560141570617,-10.6838824949759,-10.6930001039641,-18.9744958971195,-11.2516809086711
"ARHGEF3",-17.703987554342,-20.2148712147837,-10.3560743694268,-11.4710202561133,-11.400667445269,-19.7321623418687,-10.7224172129934
"ARHGEF40",-8.18237068525127,-19.734225333423,-19.7060268725015,-20.6804347770882,-11.7301423459522,-9.19471243720866,-12.1116828049016
"ARID5B",-17.7291722823005,-9.90672797701751,-19.7670420267606,-11.1782873631779,-9.11293006954849,-11.2891298491449,-15.0563457818549
"ARL4C",-9.78346695196642,-9.57685921917431,-19.6314379460836,-19.3534419627902,-19.9405630517701,-19.6641584656107,-9.93283244052553
"ARL8B",-9.42757513512444,-20.7622594094027,-9.44765214305623,-10.7622959214118,-8.90535056557118,-8.65120222372335,-8.71052428712556
"ARMC8",-18.4548540850199,-8.92971502659303,-10.4692312551964,-11.5938880215438,-20.0624744672286,-19.4291251179625,-9.85617607906238
"ARPC1B",-9.56729649530633,-9.32780003826626,-10.0426434304161,-10.9447499546012,-11.4251934489119,-10.4118178581431,-12.8578051223596
"ARRB2",-10.5336550261122,-21.0797167394582,-11.1875504440677,-11.9558370018189,-11.5611103238646,-9.69395995044155,-10.0550101204546
"ARRDC2",-20.3218283624597,-8.93537973442976,-12.5606893394771,-10.6234364709047,-11.1192523492528,-18.8060131156097,-22.0175581055729
"ARVCF",-20.2890630517657,-20.7114611321608,-12.4994422631704,-13.8471715209572,-11.332800224969,-10.5032466923781,-10.7870056431685
"ASAP2",-9.44201197740265,-10.1553468333482,-10.1525167798362,-22.0260087326701,-10.1456508202036,-20.2142690269176,-9.36356600779178
"ASH1L",-19.3604679999045,-18.751516064377,-17.6640424018478,-9.27241207591021,-9.23004364924167,-8.67202875856312,-9.4394540444592
"ASPH",-18.0180372355925,-9.52800139361372,-9.86592441920033,-9.01636530276489,-9.47598819133014,-19.1506770006729,-9.09838616851741
"ATF7IP",-19.2610451999907,-8.60156752786631,-10.903367902688,-21.1796809989708,-20.5427409856981,-16.56725023244,-10.6753700283442
"ATG16L1",-10.7232940772121,-9.6246917252643,-11.1089366286022,-22.2783423174164,-20.6778536879333,-10.1821002359514,-10.7320906736727
"ATG5",-18.9296821980776,-20.657091666906,-18.4032875973834,-11.068649957145,-12.4442551145774,-9.83492218468685,-10.5035028685889
"ATMIN",-9.19286273018415,-9.03064604030391,-9.0476158069876,-21.408516196398,-18.6036233313108,-19.5720267964884,-8.77946596266634
"ATP13A3",-8.71163094908204,-20.2121762912691,-20.8713776571951,-10.3171524865754,-20.5839434023079,-12.965785103054,-19.1520392486414
"ATP1A3",-8.55826689611001,-19.8049763736947,-8.98192633815989,-11.0750245558398,-10.3759333020499,-9.39697344408036,-7.16406497563318
"ATP1B3",-7.33198386038657,-20.1437313826867,-9.43712675581406,-11.2135975719221,-10.2002761504475,-19.3027468130713,-9.15382676636598
"ATP2A2",-8.74819973931181,-19.2064237287478,-8.204406612454,-10.1061527910497,-8.85370554750251,-6.92987655618699,-7.84101996336579
"ATP2A3",-16.964031939933,-17.8499997317601,-10.689543898262,-15.660496076431,-17.8543929802489,-17.3959224219179,-9.02159167670585
"ATP2B2",-19.7447814887896,-9.64725484731308,-11.045598392718,-11.2941509520181,-10.2911581295362,-11.5993354452307,-8.55155744257973
"ATP2B3",-9.13874193458775,-10.5323532385918,-20.1746639658152,-22.4427241395342,-20.6840077118663,-20.0714771279728,-9.79204668932793
"ATP2B4",-17.3792675910504,-21.3580718264409,-10.0332087188707,-10.0896558379838,-9.38255408055003,-9.13595334886216,-11.0290720301914
"ATP6V0E2",-9.51844765525995,-8.82610203404281,-8.18250513821317,-10.7580640805234,-9.14983985910454,-17.522768472045,-7.04277613345528
"ATP6V1B2",-8.77986305808992,-9.25136361669803,-8.1532383096491,-19.8675929360178,-9.90358326643662,-10.7965307056617,-6.44797160041067
"ATP8A2",-18.2688632345067,-20.5311314661443,-9.95218207749608,-11.1191194226079,-9.47346806118902,-9.94507964561258,-8.31709167350697
"ATP9A",-17.2787100254678,-8.92501354418365,-8.11854522082518,-9.86201939590063,-8.82017555441148,-16.5861211657491,-8.19086636189847
"AUTS2",-19.0155534804212,-9.10621847544969,-9.15406889247244,-11.2308346717771,-19.6685050293742,-18.1173769939595,-9.65762475757245
"AZI2",-19.7111327436184,-20.4112130085302,-9.09600725705873,-9.42141952204287,-10.5414586817413,-19.1992932593531,-9.75764809016686
"AZIN1",-16.8202382036431,-10.0122429071337,-8.91031443354919,-9.82508040647079,-9.11923409857636,-18.4708009387245,-8.71161996381249
"AZIN2",-18.4756897147157,-20.6241235990811,-10.4626208533799,-10.8331510431522,-20.3201176308994,-18.7596656904201,-10.6042120657271
"B2M",-6.50379312048747,-7.43456386662286,-7.06121837281209,-7.13917263796719,-7.2879882476211,-6.7144408332193,-18.7225289035801
"B3GALT1",-19.6528164271544,-21.886884967576,-19.3874081154435,-21.9581596732247,-22.0066110143121,-19.9963437468209,-9.9792452993399
"B3GAT1",-8.73945369161635,-8.69651430112647,-10.2421590817408,-20.8618498092856,-13.9951168579875,-20.5901238111978,-10.8596623018993
"B4GALNT1",-19.0520924705766,-20.3200252166621,-20.1088859626042,-21.1500328221555,-20.1828774956249,-9.55419264173975,-8.70705091802746
"BACH1",-19.9612682138423,-19.7296979088978,-10.6612226025525,-10.8154527710732,-11.0317238226508,-10.2220685915532,-11.0710343095706
"BAG3",-9.02861490223733,-8.24080626243273,-12.8775941079364,-9.28055721033619,-9.95861510885131,-9.65980703920535,-20.3594210034938
"BASP1",-7.10082907134775,-18.914570229132,-7.91412721045729,-8.74207508292822,-9.4343504384111,-14.8198486673989,-6.66523178082616
"BATF3",-11.7434151406819,-11.5340152355634,-10.9934244878772,-23.7740640084699,-21.9729359277679,-10.5183056890094,-23.7381860230006
"BCAR1",-8.1959937376535,-20.4981927339711,-10.751021200546,-10.9636248034967,-10.9046646718127,-10.0683677628097,-9.85074895172759
"BCAS1",-17.8780999688406,-7.12804931412687,-8.63650864818882,-9.15303433228588,-8.08182787743122,-7.93815325991951,-21.9802068766498
"BCAS2",-17.8749377096211,-11.3142173595093,-9.72650434263564,-17.6567344749991,-18.1774805456786,-8.33924909633538,-8.58174307049607
"BCAS4",-19.0455429689462,-20.3064147790608,-20.1084055798393,-20.7194540326924,-9.45233220520613,-19.7896336951195,-9.50646673765407
"BCAT1",-8.54183956030843,-10.3990267817526,-10.1167799829993,-9.14029072200975,-11.6243476464554,-7.61595702523399,-8.2988213342679
"BCL2",-20.1090976898594,-19.8395273771388,-22.1267829411807,-11.4098845414409,-10.6657128218998,-19.8852801338135,-10.9463410779863
"BCL6",-9.93862623111321,-13.1522411433177,-9.99443144095625,-9.60703668245918,-20.782731433055,-18.6134560749507,-12.9203972473151
"BEX1",-7.49386741712885,-9.51742547474843,-8.64221422901299,-9.16060385219458,-8.36843122633656,-6.99059013919466,-7.17801749121861
"BEX2",-17.3062664148737,-16.7497685132045,-8.96520898010653,-8.14826436625209,-8.16101659426243,-8.85398307255003,-8.11586678253275
"BEX3",-7.41667018870985,-8.04525048330529,-7.61070914482908,-7.43265684141697,-7.77037322185924,-8.26893250762161,-7.28963919306412
"BEX5",-8.32278507236643,-9.43595224411388,-9.25848165874118,-8.68660674130768,-19.1541977293058,-10.7743466322518,-7.81222862979364
"BGN",-9.31400060474298,-10.8269863393656,-19.8217978110885,-10.8713046246603,-20.4454727911415,-10.1247682610678,-21.3299645741108
"BHLHE40",-19.1311824554294,-21.0485957043585,-9.62109707730594,-9.89563499391968,-12.0113237988678,-8.64792189791592,-10.2941510160654
"BIN1",-16.4527037290903,-7.46643870391885,-7.82468512814989,-19.8104694628608,-8.75304711701869,-7.79871903715557,-8.11030248607223
"BMP2K",-9.28383863066311,-20.8928579825022,-20.9817929934203,-11.1318916175717,-10.1165700625383,-8.38800747793332,-12.5856188695198
"BMPR1A",-10.5105623194252,-9.34044097174685,-20.2210800682191,-11.1208016016684,-9.67884301822171,-9.16318134389932,-18.0772721040443
"BNC2",-10.544144804801,-20.6921982514474,-21.8507683353331,-11.802032077442,-11.2892868410284,-21.5391065710104,-13.4405825609885
"BNIP3",-8.81694128929087,-8.04776756563509,-9.39072976068753,-8.54794416321155,-10.9393830417395,-9.72728351051182,-8.09866701263094
"BOK",-9.32433238105838,-8.66399463290304,-10.5293615437002,-11.0821354249381,-19.3967146689148,-20.1447225133267,-22.9568204735874
"BORCS5",-19.4728927708351,-11.4470884336702,-9.94316809620928,-10.8356251242172,-20.851735679091,-18.4412332837554,-10.8275727418318
"BORCS7",-17.9323692000614,-20.6656631148439,-9.28985751663746,-10.1532816039163,-9.83155102928198,-9.17700071513892,-11.5496247335829
"BRD10",-19.1928975473208,-8.95535281968745,-9.55025351260821,-9.20361556654681,-19.1166226504484,-18.8862574689603,-9.66839607585732
"BRD9",-11.2458057901339,-9.31851803196586,-19.3404648839804,-11.3483884465892,-10.1566482444741,-17.3929481034418,-9.75564022765063
"BSG",-7.17560577042603,-18.9449811862721,-9.19302563035892,-7.53296868912445,-8.124420538327,-17.4947343558316,-7.84318732640238
"BSN",-8.47196745880134,-20.5735750350515,-18.9944521011103,-21.3117199305766,-20.6710784815308,-9.38060536225377,-9.02773517966216
"BST2",-7.85559648924803,-9.43501026435049,-12.0698958530512,-11.1901261673088,-9.51405625663203,-8.87954081320908,-15.5618090288845
"BTAF1",-20.7622662074496,-12.4335500023519,-11.3097925550003,-12.8775671850275,-10.8371953774812,-21.753096694474,-23.3804825809383
"BTBD9",-18.6658994061715,-20.2199629784598,-19.9007744723044,-11.6041154377944,-20.5268000460948,-9.23283881393293,-9.44379927599982
"BTG1",-19.0136578752922,-19.301553730758,-9.98296465592159,-20.2912102475315,-9.50292738413748,-11.9834301626947,-10.0083492529297
"BTG2",-9.74198026493326,-18.5021049455821,-9.65845671147149,-9.77283167442995,-9.01678033292319,-18.5359115042129,-18.4534274855618
"BTG3",-19.0711016631484,-10.7682522197094,-20.1727170281125,-10.7057331558737,-9.98447613161883,-10.045539261529,-19.6415331979052
"C11orf96",-7.91494809283994,-20.1041446719609,-9.04949457838325,-9.84245505544608,-14.1036349332666,-18.0874248225818,-9.99669221707204
"C12orf75",-19.1731326539601,-9.77053003042841,-19.3562930573773,-10.4121148130367,-9.61594102714554,-18.3799701291398,-11.5660130532231
"C1QTNF4",-18.52914371736,-9.61060565800141,-9.98593428545493,-10.7569440966804,-13.6116167278176,-8.67991559413982,-20.0532682824925
"C1orf162",-12.217787837336,-20.1913624973878,-16.2930919636087,-11.7378298588362,-10.1659346430118,-9.69004474970903,-13.2947009951354
"C1orf198",-9.6764356604191,-8.34485536517214,-10.7109708860558,-9.81589054733577,-21.3871690532469,-17.9959319314889,-11.2296568321494
"C1orf21",-8.98634944573375,-8.68043209645888,-20.7487554067498,-11.76628198462,-10.2217493058559,-9.75796318107644,-10.1870758485216
"C1orf52",-9.4773991007696,-9.96882777282848,-9.2318716711985,-20.896001497814,-20.2807286935117,-10.120731732381,-9.39030008745527
"C1orf56",-21.7610504909686,-12.7695474755337,-22.3554798939912,-12.826238407076,-22.5324362917581,-21.54212064461,-23.3876299016341
"C3AR1",-19.9651775902306,-11.8653772571602,-10.6540237391426,-11.4028412430077,-12.0377101990791,-10.8916270990155,-20.4567959650237
"C9orf72",-9.74072628928239,-10.5983657906159,-20.9662947521228,-12.5679797485277,-17.0984728072731,-17.9887140373378,-9.67885159639659
"CA10",-19.4213374062134,-9.26875361526494,-21.0597390818537,-21.1787656284868,-13.3921961197802,-9.75174285256662,-21.4980599164647
"CA11",-18.4187169099721,-9.0203989755953,-9.32049996560776,-9.05068545647601,-9.6743234613656,-18.5429548987097,-20.7999176869284
"CA2",-17.2061947194989,-9.2553760367839,-9.60304785082385,-9.67525775323188,-9.1561400214289,-18.2631344107435,-11.0470643351748
"CA8",-20.5750939019254,-22.008032094548,-11.9857235391,-12.7903252879336,-10.962600625578,-21.6392283085589,-11.2331629909704
"CABLES1",-19.1912803190977,-9.76558847308976,-10.8232051103444,-9.72861347178989,-9.76391490866118,-9.85595021384622,-10.745854634218
"CACNA1A",-20.1841284024981,-21.4025890334293,-21.0609031223381,-20.7429312046166,-21.9408987989122,-9.19976208358863,-9.41543390792066
"CACNA2D2",-19.6880934792094,-20.4617984992537,-12.0142157014077,-11.4935833030944,-21.2938828725415,-20.6742688911996,-9.28686628294686
"CACNB2",-8.80794382194219,-10.7833731799183,-11.0584459515063,-20.5845923599165,-9.74880671490009,-19.3174468015818,-10.4437895722435
"CACNB4",-18.372288124935,-18.9337365965295,-20.4763096766414,-10.5288901544869,-19.2599701912411,-8.48107582295252,-8.75213357139567
"CADM2",-17.9070008974744,-8.37002071267699,-8.76894186337879,-18.3831776286968,-9.18585462489858,-6.84200901575551,-7.56024040768192
"CADM3",-16.6054991223583,-9.31210413070845,-8.5250405264671,-9.74870059973953,-19.568018074156,-19.0889102830395,-8.00193856178
"CADPS",-17.8825932799088,-18.92491208947,-10.401874327262,-19.915651485725,-13.3416325819894,-7.72849622211411,-7.3756071844626
"CALB2",-20.8841975162699,-21.5056566895914,-10.6911970318408,-21.2190374648597,-13.4581837296183,-11.6350709553206,-10.9765119522452
"CALD1",-8.52343666089756,-9.0005614131622,-9.95613715232511,-10.0367033070156,-9.54230165024015,-10.7180573727606,-17.3207630151794
"CALN1",-20.2165139869259,-11.7429822018666,-20.7083888259538,-10.1628220519652,-10.4548642471427,-17.5652036652972,-9.15361884814139
"CALY",-12.6576230301237,-18.6664080863688,-8.66508737535205,-19.3368769643996,-10.8343108004378,-8.45269066223894,-6.89655470299318
"CAMK2D",-19.2918343669846,-10.6769909931586,-9.85715314789014,-19.0209117031534,-9.67064628186708,-15.3768934576283,-8.31813036856418
"CAMSAP2",-18.5294574691496,-8.99338198802909,-10.333044268852,-9.92504804379394,-10.4226948503763,-8.73293458741387,-8.62131870342911
"CAND1",-9.30209396964331,-9.45810257835669,-9.10841198275852,-13.5601436654709,-18.7045836281654,-18.3819636102042,-8.65019070907344
"CAP2",-8.23865646650374,-21.5747998725479,-19.6809745733966,-22.5983822771167,-21.4489392744223,-9.66390006036544,-9.45134871746193
"CAPRIN1",-8.18513977725801,-10.035296584533,-8.54632999547855,-9.69738735405355,-10.4712652047332,-19.609011996285,-9.53089076686857
"CARD19",-9.86424395521106,-9.07573637041933,-20.5161740610719,-19.7281710796218,-11.3835331370159,-11.4354818484245,-10.2277778807448
"CASK",-9.81516125497666,-19.5369266335913,-9.86281310982328,-10.8055181703582,-10.6898044213752,-9.45826458125832,-11.2646546890654
"CASP8AP2",-17.550428100391,-20.2917020984989,-10.5678650624454,-11.6293754088207,-20.1325494894981,-9.50673550492311,-11.134797667631
"CAV1",-9.44814659717553,-11.4347431290238,-13.5048352971692,-11.7198736910121,-21.857808438895,-14.3015999817774,-21.4331841323396
"CAV2",-18.9120844896961,-10.8833855132316,-11.2806993790709,-11.7652929098001,-10.6451987237222,-9.6246962417935,-11.8631088901956
"CBX5",-19.3349857893097,-10.9890806717,-9.31240505795417,-9.7464649305799,-9.15465109737347,-8.94392336210809,-9.5559804820962
"CBX7",-10.2655096558574,-14.2385089895115,-20.435581292413,-11.6288086332988,-10.4032536988521,-18.300439560201,-10.0245604729748
"CCDC149",-19.1350875404672,-19.6720464589703,-12.0836150529215,-11.1876016507325,-16.3625513939756,-10.7718152319955,-11.838319075759
"CCDC184",-20.4628657169548,-9.66281251463814,-10.7406664718911,-12.4462340442508,-20.9260860647844,-19.80917879893,-9.93236595923458
"CCDC186",-8.53841400218958,-9.76559233764353,-20.8322181986203,-11.2654288984253,-9.8422042116219,-19.7757372474335,-10.7145004164744
"CCDC50",-16.9775791232839,-10.7216565043951,-9.69876565055579,-10.2930361408368,-10.941363333,-19.0720863485447,-10.6329449511574
"CCDC66",-9.94736533598176,-21.2731008382194,-9.98784071896861,-21.0717221514345,-11.3145582839842,-20.3988691974607,-11.0579812694534
"CCDC7",-16.6307563179963,-12.0887716046399,-10.9412593762327,-19.2328774381231,-9.77272938492043,-8.54105737937568,-11.0820665161422
"CCDC91",-8.07488323708893,-8.82929620378958,-11.0578315311589,-9.75158186859826,-12.2076719292351,-7.86859748185659,-9.31305923708021
"CCK",-19.3782022042146,-18.2034623878533,-9.74008799537931,-11.9604601178611,-10.4958837863654,-9.15307818081675,-9.78032884248836
"CCN1",-18.4017696588804,-9.02000476095718,-9.95905048138721,-20.9232896080002,-20.2262959614482,-18.377972922404,-11.379818457234
"CCN2",-8.31854340920159,-10.6201608185354,-11.8101252182066,-10.4136599747372,-9.57913511314949,-9.41258727784659,-10.763883124904
"CCND1",-19.7029946326703,-19.2094961583188,-8.98137066061016,-10.781112704008,-20.8598696325788,-10.0198646450686,-19.8807541982313
"CCND2",-9.7141022896064,-9.54288380482042,-20.1155385627307,-12.7133287914929,-10.5922588064544,-19.275189758974,-11.2061613463215
"CCNDBP1",-19.3551519512221,-9.4529168845751,-9.87798352702804,-13.380747444728,-20.2353573931526,-10.1502217805116,-9.98746719728538
"CCNG2",-17.4518363741837,-19.5937325290999,-12.2933250397849,-11.1059741018118,-21.767618559255,-20.0901125396022,-10.6331785974904
"CCNH",-19.7216444928332,-20.4464374880429,-10.1930951318686,-10.9754544329458,-10.1658710529573,-20.438489778345,-10.4597829983225
"CCNT2",-20.1531679820296,-9.6147115934461,-21.0693238209409,-10.7076084038603,-10.1619860165048,-19.3065412396457,-17.4966644016121
"CCT2",-9.33488637609103,-9.35778188519431,-9.23460339875534,-9.49856076924696,-10.1692877790464,-19.1144522407425,-8.81707735592811
"CD109",-8.73347037747727,-17.9764477762863,-10.4188272970339,-15.1996055608008,-10.1999067260683,-11.1347844867773,-18.7073555926906
"CD14",-11.1267645664392,-21.2659398612121,-9.83063365684629,-10.8752857036074,-21.9176505410996,-9.43304674728564,-22.6409355308276
"CD151",-10.0338287669672,-10.4048955231789,-10.1321321988503,-11.5910799663469,-20.2607563294688,-9.25360010644092,-9.6621772161256
"CD164",-7.4015795149405,-9.11794194225537,-10.9211802665219,-9.23774610732794,-9.82944170369583,-17.4899149351506,-10.7985013794175
"CD200",-19.143555413086,-19.8239321188569,-9.30599935424613,-10.5458263372314,-13.0404835822958,-18.9473060762132,-9.32405080086031
"CD24",-16.0444821554456,-9.86069599246428,-20.2820847713722,-20.9538690230785,-11.145461114632,-19.1082650657963,-10.7379258311567
"CD2AP",-9.94511378186964,-19.3311954796647,-11.0357497178126,-10.9431966097977,-20.9511891821961,-8.86953325390848,-21.1230581892819
"CD2BP2",-7.97346752741098,-18.4296896063475,-9.76340081289936,-21.6828743445545,-9.84367659309606,-9.09082614735584,-9.80932572678243
"CD302",-9.18329799024074,-9.88136442073613,-20.6434554574543,-11.2670529624844,-10.0827633753915,-18.979970435112,-11.3390014213031
"CD320",-19.2165783937621,-8.74438787135614,-10.4885104453739,-11.6075166968771,-20.2727157900502,-9.74998913247974,-9.24606432194871
"CD37",-10.1481409032399,-15.1179978395285,-12.6744257413564,-12.7191498115215,-21.4854236958187,-9.97074885741314,-22.5514319097525
"CD4",-19.1710163116849,-10.3494816444935,-9.31389084660394,-21.9458810197178,-19.4094480457708,-8.74337634360574,-21.0856410610751
"CD44",-13.6597201072158,-8.86835959726805,-10.7830130272911,-10.18600683416,-9.56705660106108,-10.051742836974,-23.3020287377569
"CD46",-9.16283427103282,-8.97511138886311,-20.4562356171321,-18.1581510263495,-10.4982695159708,-18.9961177233888,-9.50837040471566
"CD47",-8.58502849023094,-19.9938168494586,-8.81946251326629,-11.6722168432309,-9.26697179537822,-7.71377427626764,-8.65991923777186
"CD53",-9.27436633975243,-11.5998536164561,-9.52824405069467,-22.3457595336514,-10.0124079809611,-9.32046946965011,-22.4594944482443
"CD55",-9.83996781821395,-10.7350768111866,-11.0743489749132,-11.0760790521893,-21.0008930996445,-8.33728446730912,-10.3611392057241
"CD59",-7.16527365646549,-8.44098090145279,-7.53720672415853,-7.92300691155622,-7.3561476304577,-18.0970942626266,-8.05081400515802
"CD63",-7.44279332694597,-18.4565667830444,-7.54912238453122,-7.22005511483071,-7.39208336809252,-7.92374127207948,-8.30357860125938
"CD68",-9.39821408530428,-10.5094120725347,-9.62636477352413,-16.7963464988129,-11.6773893179548,-9.48057274532091,-20.7867329793455
"CD81",-8.12706735574609,-7.35769528584509,-7.17743583203989,-6.64209840734221,-6.9520008402788,-7.65032571282733,-8.44524384150318
"CD82",-9.10919467181082,-9.04555494116781,-9.000239540593,-12.7557752562218,-9.53180954935964,-9.69322435164098,-11.0673870279224
"CD86",-10.621045694224,-18.4394892663276,-10.9707936122923,-15.2476887825288,-9.97926499132161,-18.4199973155423,-18.002273086894
"CD9",-16.9354204782617,-8.97814406573456,-9.07627708174895,-9.24475732701622,-10.035443700651,-8.52270019482828,-21.0958936895364
"CD93",-11.3101971760611,-10.8246466644368,-20.0672891478068,-11.6600387087568,-10.0544037495052,-9.07818529047521,-12.1662936523673
"CD99",-19.1147177697979,-8.04206767411062,-8.53943799275571,-8.17661080128389,-8.04280233548895,-8.7524035103425,-21.7568933415022
"CD99L2",-20.0075763334522,-9.83247266499322,-9.6651588101529,-12.9693933971814,-20.897485364946,-8.19684866975194,-8.70040163438451
"CDC14B",-19.1515030264704,-10.2096808315516,-10.3561516362628,-10.2554456384117,-11.3740114540274,-19.3765138272977,-21.3136105101243
"CDC25B",-14.7011183037651,-16.5218594910939,-16.7459757175062,-15.2204957021717,-15.1523823759145,-16.7490226885933,-10.0036877380064
"CDC42EP1",-9.33937190022382,-8.65725782273733,-10.0037523579419,-18.4721309194964,-9.17832943524844,-15.178762889721,-15.0631357558904
"CDC42SE1",-9.54869725645638,-19.0357221480965,-9.11547581161336,-10.1997716337943,-9.83460582581992,-20.2862727792184,-10.4328296363081
"CDH2",-19.4435806425041,-9.75443389138934,-9.99061089533937,-13.177229551113,-10.3265159761726,-9.9836151398416,-11.4343876520966
"CDH20",-19.6023140125664,-9.64441537861267,-10.2514827257339,-10.72859798906,-10.5804038042829,-9.77178476684076,-16.9510637000314
"CDK14",-18.3397608968937,-20.8207260259268,-20.752560818417,-10.7510700839279,-10.5767706022621,-8.22072366510485,-8.35450423414905
"CDK5R2",-19.0914692650847,-20.8751634428718,-10.168710497685,-20.4502195118328,-19.6640753737975,-17.6897704716885,-8.64158778294988
"CDK5RAP3",-9.68699469542285,-9.62741935353197,-10.3963379831988,-21.9864018555788,-9.85501966145536,-19.231578596506,-10.4270480852551
"CDKN1A",-20.3045862518962,-13.4577335180016,-9.74192616298854,-12.9572888479222,-10.1484414588719,-20.9537130087212,-10.5588144172427
"CDKN1B",-9.42666549507837,-9.25539369867892,-9.41053598941174,-10.0397732104095,-9.38437927069817,-10.4079140928714,-9.41295618820963
"CDKN1C",-16.696525387456,-7.30500741885642,-10.3167649703361,-10.1037803708375,-18.0446364177217,-9.37919407906604,-21.2160043953347
"CDO1",-19.0780442454597,-9.65611262052678,-19.4578162166344,-19.7358907853054,-12.7169642149979,-18.4759923593162,-9.31288313959062
"CEBPB",-8.43107952450373,-10.9028108801635,-9.78668072864918,-10.610929630183,-9.64305241660965,-18.8106476104635,-9.67538657999817
"CEBPD",-7.40472569992079,-19.8049662225499,-10.3236127023772,-8.91934432528883,-8.06890720206802,-7.91324019246965,-9.75486905620413
"CELF4",-7.6733837458174,-19.0177458879949,-8.78776530516112,-11.2705382861402,-9.6877724270914,-7.87880658676999,-7.06383193274603
"CEP126",-8.32575703179107,-20.3088691088557,-10.5609881652981,-11.741664375962,-10.0943347920874,-18.4136088842128,-8.75147506342019
"CEP68",-9.5081078217103,-20.6168684256672,-11.7004431231707,-15.63903067637,-10.2110403978523,-20.3704115460468,-10.6950919072493
"CEP78",-18.6038454126461,-9.29581531798863,-21.2641209399419,-12.7940022053548,-21.7117975377471,-19.3298710166545,-11.3331984694143
"CERT1",-9.80677713648807,-20.7059564868786,-20.6594336160475,-10.2857134624984,-9.64966625738881,-9.89779059006445,-8.53543125691011
"CFAP36",-10.2731654028895,-9.57881399994198,-9.04980337560119,-9.51449601877338,-8.57997781596729,-16.6256223603901,-8.94438998053984
"CFAP97",-9.78953303589853,-19.6713786953931,-11.6605326239367,-10.2378156510059,-10.6888809535953,-20.0251398125502,-10.9566887050235
"CFD",-21.4805936832833,-20.4343254751239,-11.8832060594236,-11.6033841863477,-11.1082539214685,-21.1736524979128,-22.9334600221695
"CFH",-8.58615481197213,-20.3904844455652,-10.036603200392,-13.1712425800664,-10.5378195706595,-8.9598012057707,-11.5192256637391
"CHCHD7",-8.87618710452602,-9.38107633285504,-9.34329857567003,-19.8881639235452,-19.9958464287102,-17.0834662122938,-9.96365268871263
"CHD6",-9.25199139666625,-8.42419916418199,-9.50935571927048,-18.6590896388508,-9.4952833673952,-17.9624288428865,-9.25142999871521
"CHD7",-17.7086439899875,-9.12971876157105,-9.79202650868804,-16.6295334875617,-17.8474534166295,-17.3640233548248,-16.8241119756852
"CHGA",-19.5684167363068,-20.9206917250944,-9.48881529478504,-21.7707864727235,-10.07406664393,-20.5850792451128,-8.80891334662559
"CHGB",-8.7711124631002,-21.3117974441645,-20.8950320591975,-22.0373683053457,-21.7442070685335,-20.6126991709588,-9.39378290945512
"CHI3L1",-11.3267793291149,-9.95245620996214,-10.3520787316199,-9.44491231986781,-8.71132978976692,-8.08580687696579,-22.5748354284507
"CHIC1",-18.3098482286151,-19.4695276636939,-10.0412662474681,-16.9888236866535,-10.7138873916119,-16.3092769287177,-9.69720913771025
"CHMP3",-17.8230847626727,-9.87987647542763,-8.98485674228898,-8.75529174436398,-9.64931643228089,-8.5617270909089,-10.3216523366425
"CHN1",-8.2003006460802,-20.2408371414134,-9.67045930638557,-9.45799330140622,-9.22020627115215,-15.2102800875709,-7.59866029847922
"CHRNA4",-19.8107964957709,-21.4364622890404,-10.8442686790397,-22.0146676171202,-21.5749336238116,-19.3792458448909,-8.61997756461406
"CHST2",-8.49579596990882,-19.9226099413863,-20.0612543325087,-21.3645976751518,-10.4290061141646,-18.4830336548269,-10.5518395400944
"CHSY1",-9.539832659984,-10.9091448907367,-21.9107237701606,-21.2672984170865,-11.1608720840212,-9.37017027338178,-12.2401199618823
"CHTOP",-8.58434091349129,-17.7178781281886,-9.05112137456207,-10.1170927367455,-8.87678803415444,-19.1850408962446,-10.2852700638905
"CIRSR",-17.2151490276606,-10.7848876105008,-9.55196428156714,-9.12533238839161,-8.91840949341249,-7.72093817282596,-9.40483131604682
"CKAP4",-9.41538223121398,-10.1512551253768,-11.1421481640755,-10.3820241685157,-18.7065976595638,-16.1725832296529,-10.0918195872183
"CKB",-8.41779721930344,-7.77066486500628,-6.59492938513964,-6.14882959953984,-6.36828126225525,-7.04733651405803,-7.19302026361355
"CLASP2",-8.87916311914717,-9.15022835119713,-9.76641226416465,-20.7515223629155,-9.76959683276691,-8.90299940005422,-8.11654961387162
"CLCN4",-19.3347618171839,-9.37060063617293,-9.76563895155473,-9.88848831720736,-11.115805736819,-18.9402416724885,-9.34393320273963
"CLDND2",-9.61251511006797,-10.8250180664877,-11.1166444915618,-9.81532838537438,-10.6659381571361,-18.8522662994529,-10.1233557179597
"CLEC2B",-18.7728481945269,-21.1794966310452,-10.8052796801307,-11.6131117647294,-11.1645950104258,-20.5494957149661,-23.2570766695824
"CLEC2L",-21.1767999402174,-20.8663974689979,-22.1787255506219,-22.9567468635082,-22.0984347944428,-11.240141650558,-10.5892574972904
"CLIC1",-9.72060844074908,-19.9865966385429,-9.86137956069753,-10.5087038978079,-9.72291665820915,-18.0538250044274,-10.613873684658
"CLIC4",-8.63807033730045,-8.27213409033871,-9.43313367658121,-9.65230982187293,-9.61875980197158,-8.42817597535234,-22.1701022024196
"CLMN",-18.693227325698,-8.83828395858494,-12.4665949702684,-11.2890160743957,-11.7391189709743,-19.0257283429019,-20.8761056197949
"CLSTN2",-19.4202984679676,-20.6464371303428,-10.3387220209221,-11.3468499548041,-10.6193616180861,-19.1104134253972,-8.12984654849116
"CLSTN3",-19.7733074947595,-20.4685707120164,-13.0601531578748,-20.7068432222849,-19.0698548110476,-19.7690182089592,-8.35998010823595
"CLTCL1",-20.419618573309,-21.476109826233,-10.7833479132109,-12.1678037735339,-21.7854971445634,-19.5019781346544,-9.97842348253242
"CMC1",-8.25939126554728,-10.3927145468236,-9.5511074793415,-10.5290890328733,-10.2068894389067,-11.6188624832913,-18.8811798185504
"CMTM4",-8.58340869312149,-8.98640492329242,-9.42090208027502,-10.864253742807,-13.4701466182933,-8.04032510746707,-10.2920239206288
"CMTM5",-9.01800869013731,-8.32075802240712,-10.087733962414,-10.6859085204288,-9.62768878791752,-20.4043857914719,-22.5294170758586
"CNKSR2",-9.05671614032838,-19.1073407557849,-11.203300694363,-10.8513809519309,-9.60476386909632,-9.77578292935918,-9.63306843479261
"CNPY3",-9.36637405077663,-10.029787242295,-9.49854523164967,-10.2639998703843,-10.4941753497906,-10.082655449371,-10.410039426397
"CNST",-17.6419994001466,-20.5902071596988,-20.8366620164961,-21.4825610465961,-11.865529372761,-13.0683533173423,-8.99820784153982
"CNTN1",-8.30039853825168,-9.11193255950032,-8.35998096157146,-8.65769789022557,-9.90967705349349,-8.2665244989123,-7.75318000819789
"CNTN3",-18.0694574329955,-10.6851632218672,-13.0606122966177,-17.1478030757236,-19.1944212103307,-19.1873231010704,-18.9531271600488
"CNTN4",-19.9539842776928,-21.5387998814359,-21.0564375292729,-22.5657264781532,-9.94567985165716,-10.1583905198156,-9.13170341755607
"CNTNAP2",-18.3060610834939,-19.4035529011522,-9.13226287383739,-10.2603659815779,-10.783099673142,-7.60955419232449,-8.65774525629497
"COL18A1",-8.87146318015418,-9.65721103402056,-18.7926151777584,-10.8309910677203,-21.1019118050866,-9.03237642209959,-21.3320696699773
"COL5A3",-9.71548135275725,-10.4915301381006,-20.3299737447134,-21.3029179076089,-10.241099606823,-9.3702630350733,-21.6157528585765
"COLEC12",-9.66329561987398,-20.8535558152888,-20.6196062120343,-10.6859984240552,-21.6323477337551,-10.1989118464543,-21.4273890956339
"COLGALT2",-9.32078652363287,-13.9504492063376,-13.092037195062,-10.4521038836987,-11.5291940318279,-12.009777842612,-22.6187219728425
"CORO1A",-19.5776767463131,-9.09492588903518,-20.4911496427891,-21.0549519724021,-11.8328538514602,-16.9894342935108,-10.1545789636014
"CORO1C",-19.3444735688559,-11.7070004467059,-9.14919256296738,-21.2282754621197,-9.92758959307175,-10.0906650112963,-9.97060691364823
"CP",-8.60889479582436,-8.11392053733309,-9.67105553032765,-11.3181650047975,-10.3478342506338,-12.0929108334547,-11.9987348795272
"CPAMD8",-19.6427128595943,-10.3106907403407,-20.9314693508472,-11.6633848313817,-21.2867963901284,-21.2785132642915,-23.1421101085543
"CPB2-AS1",-9.75727370776278,-9.2276429920092,-19.8164584395907,-20.327362439572,-9.60417508906324,-15.6154211449267,-12.8512709894443
"CPD",-18.7649884074598,-9.31431887144634,-10.1158333730962,-14.044041496631,-10.0375283379805,-17.8299142665422,-10.5487324108921
"CPEB2",-19.0889634332424,-9.1132184172279,-17.898972359382,-21.180613378409,-10.0040951079181,-19.005016832811,-10.158362270888
"CPEB4",-9.2787745007295,-8.2278349083045,-18.7614083667427,-10.6380198775272,-10.5802753905683,-18.123025247328,-9.83089955712532
"CPLX2",-7.775767241503,-18.8396437294728,-9.34121757293209,-9.84910236030173,-8.87451899564574,-16.6935529513129,-7.10782166377979
"CPM",-18.8572799539752,-9.44136686268446,-11.6440185100034,-10.6800494647677,-9.53258273410846,-19.157651290846,-20.5779426740743
"CPNE1",-10.1636071539369,-10.5152034281809,-20.8671058331101,-21.5263410757146,-20.1437629640003,-8.99983554812893,-10.5819655139492
"CPNE2",-9.71502326931257,-9.04576529081899,-12.1576000453757,-12.905291058109,-19.8151364443982,-20.3508323152436,-12.1858547888222
"CPNE3",-8.05623114480991,-16.8678108462999,-9.06071064999833,-10.0161483743861,-9.11555866194443,-17.9982583677965,-18.9800860321925
"CPNE5",-17.7814858173085,-20.0228946565579,-10.2717149175803,-11.8199021883628,-10.0730447452539,-10.6282316689357,-10.0942722188491
"CPSF7",-20.2401815002191,-18.1781253473768,-11.214625343261,-10.1707189392213,-9.89092362684138,-20.2537052006196,-10.5464627745859
"CRBN",-9.19274966546577,-11.5376934109708,-10.2461698285174,-10.9933224512833,-20.2891981025547,-7.99018053360803,-9.37780363898989
"CREB1",-18.5612948528165,-20.3347507281552,-18.2576843831535,-21.5858014880381,-10.2863629427706,-8.74856464253157,-10.5908734273805
"CREB5",-17.6787043530309,-8.53002657714037,-17.7823875827795,-17.3157797542902,-14.044790611032,-17.86596599443,-17.9257723403071
"CREG1",-8.53609126249247,-11.003291245164,-9.59721134072651,-10.406932447237,-9.52506414443027,-10.2947921105212,-10.1568199910126
"CREM",-10.2672533496733,-21.3453602947378,-12.2858899615856,-10.2496274403818,-21.9715240128211,-9.81174961150521,-11.4297647097556
"CRIP2",-7.8686076813982,-9.17083208114858,-8.91519481550666,-10.4719561082025,-9.49141735301103,-7.7603457028083,-9.65286042753171
"CRISPLD2",-9.41555534915741,-20.3514197954641,-10.043035446165,-11.0220542565698,-9.92311800522316,-19.8397560821482,-22.1791167315039
"CROCC",-10.4078134010376,-20.5392781050668,-20.9654026610625,-13.3984373596507,-19.4871285747849,-17.3782247429888,-10.2372192111792
"CRTAP",-7.79643376758891,-8.68990805846261,-9.45853349226524,-11.5383329449747,-9.56770299607146,-9.15255581775166,-11.1263751442687
"CRY1",-12.655211717717,-19.9535737014293,-19.6906717789241,-11.6047003186806,-21.1734612933823,-9.22300993932145,-11.7640889008626
"CRYBG3",-19.2788376986827,-19.8408107538206,-20.8188486647981,-9.99156557900139,-13.4267427202541,-19.1120182114415,-15.8631656024643
"CSF1R",-9.04454146188984,-10.5389286190282,-9.32568461754273,-10.7046438391541,-8.91959570683949,-8.00785107344138,-20.5384244375743
"CSGALNACT1",-18.2764527485608,-20.7433034707131,-20.6611223977126,-20.4084689706837,-12.0217415782929,-9.24437439035705,-9.9039231427347
"CTDSPL",-10.3347404556693,-19.2148296602972,-10.4915509585173,-10.6234895672008,-17.635344989765,-18.9856026666386,-11.1730707558149
"CTNNA2",-18.7300167649738,-20.5359244537098,-20.2195164410773,-20.3131302668669,-10.8510223146149,-8.14607034719946,-9.27235880063497
"CTNND2",-10.3173233033081,-11.6695549921997,-7.8019302064776,-8.40395427443503,-8.17909945746338,-17.8959798887183,-8.59681231324784
"CTSA",-15.743079386511,-8.34027104703093,-9.02697943652309,-15.5375829038607,-9.56484869405952,-19.0483670757272,-9.42948685595336
"CTSB",-7.26044868968901,-7.74381934399528,-7.76442912285163,-9.67315693773087,-7.92003269530224,-17.5044629459104,-7.48908604440417
"CTSC",-19.8567335728793,-9.86012692229298,-11.6540738448488,-10.9547049798504,-19.1935863161658,-9.65928016335742,-12.6744283635947
"CTSS",-20.1156830843191,-8.84027203209169,-10.1062454607999,-12.594807498504,-9.63862612716291,-19.6802754147902,-22.0823660972008
"CTSZ",-8.69747557609726,-9.07608180288637,-20.4968720545534,-10.6138645041332,-19.2525757331778,-10.2343066071656,-12.1577313390408
"CTTN",-20.1487869933545,-19.1746554461313,-12.8208578072614,-10.4628525692984,-9.35511576284676,-15.2188078380098,-9.56438502886331
"CUL1",-20.6393599891292,-10.122266238026,-11.0910657821834,-11.3516335583578,-9.98860176224904,-20.5392156464996,-9.83362721668346
"CUX2",-18.63210523857,-11.3290429528297,-21.0385399728083,-22.387900529545,-22.1561296977178,-21.1349111824677,-10.5245015158499
"CX3CL1",-13.4251043993356,-21.016981288971,-20.6631932263308,-10.297497829845,-20.9440515388022,-19.0812410909701,-9.58961801043314
"CXCL16",-10.3753526212659,-20.5883585516618,-9.6652737058469,-21.7233741955232,-10.9493880675983,-19.763101942137,-11.1635858927494
"CXXC4",-18.9798426404798,-20.4789118214834,-10.6014998346185,-21.2006853607984,-20.6721706422668,-9.83972784949719,-8.75015256003011
"CYBA",-8.21538593755892,-10.1670357018538,-8.80311244494469,-10.7599987126133,-9.64016955352891,-8.58972460766849,-11.4056178700987
"CYFIP1",-8.30871443553623,-10.6431078935015,-9.14015045796335,-11.2601825499635,-9.39512390298835,-9.90236347350321,-10.361846240763
"CYLD",-8.31073848506774,-9.5697931416968,-20.1344920001684,-19.5534066174885,-9.69902049906271,-8.3149092065622,-8.9573253490341
"CYP1B1",-11.0078171621224,-15.6885761973094,-11.5429565871165,-19.5407470139754,-11.0385668876858,-9.8681395502968,-20.0231462477224
"CYP27A1",-11.3794416725185,-13.2263979442072,-9.6898466103846,-10.575523055484,-9.67768535101716,-20.2132525122136,-20.4272651376792
"CYRIB",-18.916732290605,-18.3188562218546,-9.1861567129335,-10.962635930258,-10.3799468698967,-8.3563507586435,-10.8324431868933
"CYTOR",-19.118513854724,-19.7237150682808,-9.66486342078601,-11.465508905765,-20.6074185641152,-9.07918973497629,-10.2218339160198
"DCC",-19.9484816888945,-21.0920303525548,-20.9673765864543,-21.8955948582648,-21.376204097037,-20.2586157218786,-9.40855119933627
"DCLK1",-11.4128099251145,-10.2986455969805,-8.48231611191941,-9.06657231128446,-8.37450678042227,-18.7806716010753,-7.96802246754402
"DCLK2",-19.3669851372957,-11.108124547386,-8.87253825719347,-10.0939557027949,-10.2118587569749,-8.77629232501861,-9.95637905078847
"DCN",-7.60107621828389,-11.8242080696042,-20.3354638214192,-10.0810075296987,-10.1292915820864,-18.7880664200274,-21.9410874282392
"DDAH1",-8.09571472595946,-10.1129999813927,-8.6055898747863,-8.67492510063842,-8.30589156288439,-15.2092735253903,-8.31618724836031
"DDHD2",-20.0735545420863,-21.3726304182953,-10.6907030350475,-10.1507216271818,-13.3976777235454,-9.80312324719753,-9.61460473315786
"DDIT4",-8.79840934640781,-8.87062974985765,-9.59266362760236,-8.71798421445514,-8.10773797547009,-16.9836733502659,-11.6457211813156
"DDR1",-18.2930778114945,-7.59889430577768,-8.15132816054733,-8.98677787201201,-8.24675197413858,-8.11382056099547,-9.16802407762258
"DDR2",-8.36649762249239,-9.56018660209774,-10.1339840310263,-18.958217839055,-18.3144123616156,-8.82878667141389,-21.5641551556983
"DENND10",-19.0965106677182,-8.51269308209958,-8.99678345226455,-10.7892477296978,-20.2044462257915,-9.82483429062763,-11.5908958437353
"DENND3",-10.167469387443,-10.7844396935072,-21.6119926184331,-20.3841643532398,-20.2792729343976,-9.02442233021239,-11.5827372561236
"DENND4A",-10.4839293961965,-10.386263774304,-10.2918526642225,-11.6488111929673,-11.2816072387459,-19.5371123854779,-11.2087810494787
"DEPP1",-8.97749453957271,-20.6574893726135,-9.77835331289821,-10.3428126663829,-10.175308338563,-20.6169352118114,-10.7028810008444
"DGCR6",-20.0022048909442,-10.8380115316649,-19.6194727017492,-11.9916474224512,-9.6651438697806,-9.30133180212215,-10.4168414019457
"DGKB",-19.6449164035076,-20.0667175403006,-21.3537147986092,-11.0605327493662,-22.4079931727768,-20.9999825049677,-22.4638151808292
"DGKD",-9.61154995914502,-20.3241792771293,-9.92066879463022,-19.3515241330249,-20.8880546666151,-19.2308769658496,-10.4452879135447
"DGKH",-9.84311922484794,-21.0377741601455,-21.0694933457509,-10.3098099774884,-10.3419405802781,-19.4588539664755,-9.70587772540175
"DHRS3",-10.8761842533076,-11.5849693685892,-20.4485484936102,-10.7024203830904,-9.75382726531093,-9.02182129139096,-10.6747281862053
"DIP2A",-19.17552166811,-10.1576234026178,-20.3177599856373,-19.3148739502663,-9.95667740496746,-19.8989913097101,-10.4138961686188
"DIPK1A",-19.0790249642455,-20.4174244422319,-12.0908855346528,-11.2079403134066,-12.6438697614967,-21.4170437505031,-10.7526025699914
"DIPK2A",-19.099689511832,-9.33439822696803,-12.7666248523025,-11.2927570124232,-11.9864109268073,-19.3911601428044,-13.1187492189986
"DKK3",-7.60725069390678,-16.635528612587,-7.68134707414145,-7.68128566904352,-7.41137741917353,-9.51754255618602,-6.58659205694402
"DMTN",-18.1036884925698,-18.9014341027291,-9.5389943016903,-10.3234705708247,-19.6051365463027,-18.1949325107029,-8.16116400765344
"DNAAF11",-11.105725767152,-9.62189574733972,-20.2300206890592,-11.5576887135994,-17.0488694153299,-20.4075260452184,-12.2476188078865
"DNAJA4",-7.74426117714272,-19.7086094780388,-19.5341110317383,-9.52013696251636,-20.283737996827,-17.9579413241798,-7.98702244742158
"DNAJB9",-9.50575148614974,-20.6448842097691,-10.5107499025291,-11.4540670139102,-11.528045681743,-8.02372865534652,-10.2494512440224
"DNAJC16",-9.79532576651951,-20.3317203576621,-9.94254446631805,-12.0831755825876,-10.328522339816,-19.27164852407,-10.7144554042826
"DNAJC27-AS1",-19.22690627102,-10.8478599379206,-10.7518684333,-12.6103191457605,-11.0102893872368,-9.93088469111643,-22.8577000885241
"DNAJC4",-19.2265445691519,-19.9835893751155,-12.293926315718,-9.81340882315069,-9.5604937417768,-17.3633226154742,-10.6795192010794
"DNER",-8.02346428737549,-17.6382169616268,-8.61475758116082,-8.88207849686581,-7.67844664560502,-16.8640512497792,-6.81097223557554
"DNM3",-7.55810640302455,-10.7218362589003,-8.9222944615641,-10.1495789969781,-18.5925580884708,-8.49389306615031,-8.21381595339498
"DNTTIP2",-8.25271612349593,-20.4022783386656,-11.2552194223073,-11.021618497714,-9.63037022843138,-19.8199564043794,-9.41140211402625
"DOCK4",-16.0608782686219,-20.5767889599609,-11.0043659184272,-10.6455924760094,-21.3550236823482,-9.37140258892255,-10.0613098660173
"DOCK9",-18.9221003516275,-9.69096466742812,-8.92807297563719,-21.2453550818904,-9.27047447436439,-17.8446222306094,-10.1512083602821
"DOK6",-9.50559859651524,-19.5353241693931,-9.50592499896684,-10.5147763827964,-19.7593957221611,-19.3252937988238,-8.2996011824065
"DPP10",-9.91739645078315,-20.2469295309238,-11.3790071591101,-10.7332042623414,-19.283528033306,-16.7619717420861,-9.55623414026639
"DPYS",-20.3391991838948,-21.7981865974616,-11.3232169981148,-22.7592977785705,-20.1547780091368,-9.32179042293335,-11.6434233095506
"DRC8",-9.44401529204537,-11.6353704553375,-10.5601298949245,-11.6937874740998,-17.779856314595,-10.1554779118419,-13.2377228606129
"DSEL",-20.2184998767956,-20.4071648072252,-21.036427067665,-10.3066607179287,-9.20002467213605,-9.95300418065297,-9.48052896361622
"DSTN",-6.84186944145589,-18.0296539503173,-8.92130597310137,-7.87190037516737,-7.90526073880864,-6.89610189857014,-6.93082725370521
"DTNB",-17.3787393914712,-10.1261386739431,-9.59810168012894,-11.3996303788609,-9.94527274398824,-18.5821956674341,-9.79645590047993
"DUSP1",-19.0288342298635,-19.7562825264043,-9.5834965225088,-10.374168987003,-9.83762203695118,-8.93604472155752,-10.1857939406033
"DUSP16",-8.89779912344411,-9.84836289206335,-11.5717609083331,-21.1080033003614,-10.4544629522691,-9.11910213714722,-22.1192853806305
"DUSP3",-19.6644926963888,-8.65838016981055,-9.51489828481121,-14.7328161977293,-9.69311701999988,-8.63057971707381,-8.95160820520352
"DYNC2H1",-20.4236774038595,-20.9666403438158,-11.9107317893726,-12.0219942426244,-12.1717059496578,-9.84710624371538,-11.1648760210947
"DYNLL2",-17.1562100263453,-9.77256473883124,-8.30301186702305,-8.75296215939971,-8.20986643552177,-17.5379449315981,-6.92372616777137
"DYNLRB2",-18.9249175823464,-9.86015533737067,-20.954253536341,-20.7774431326328,-10.5085815781592,-9.32453146857039,-22.3807632912447
"DYNLT1",-10.263544913848,-10.0092805992397,-19.7641836019879,-9.44341091805067,-9.92095226563459,-18.642578234081,-11.9527077765083
"DYSF",-18.9676165960024,-9.41748678060474,-9.83494894469027,-10.8920281483892,-21.1745530412401,-11.0504808044798,-10.0747039267071
"DZIP3",-16.8771793343063,-9.05236958774523,-18.5503831248662,-12.1452046602388,-10.3462426702291,-18.9736444123268,-9.13428748438029
"E2F3",-20.7713255238609,-12.8826982001448,-11.9337056259041,-23.3640442111976,-11.1400394093597,-21.3468481211923,-10.9841575333714
"EAF1",-9.50480499007003,-20.2772536014985,-20.0993893343745,-10.0650521004628,-11.4538292308279,-19.1067880105534,-9.85453742595871
"ECE1",-12.487634963724,-10.7292541657801,-11.1595886598208,-11.7416225675117,-11.0362540087175,-20.3877138927397,-10.8730769892752
"ECHDC2",-8.97676589975755,-10.7865157235032,-9.84227354671808,-13.0821883736554,-10.6800684269642,-20.7673277063646,-21.9753783992992
"EDEM3",-9.56185051103371,-9.99838562771789,-19.4161459509093,-12.2110023118581,-12.0026711236397,-8.73368928474061,-10.7365779355278
"EEF1A2",-8.54663348598451,-19.1205836713867,-9.78522603490817,-10.9030922522251,-9.01920022912842,-19.0007080331322,-6.78910927250003
"EEF1B2",-7.03283846454503,-8.43810726812336,-7.28823475564648,-7.52460609534847,-7.81614244679171,-7.50062827462487,-9.91831639998722
"EEIG1",-9.14349430193083,-10.0204546088482,-9.60971072134348,-10.3058950549008,-9.37914859348925,-8.91665299029778,-11.0860676683367
"EEIG2",-18.6016940894518,-11.2845611439414,-10.7092206485499,-21.0209845809382,-20.9187093272668,-9.78286568549566,-9.72944279624438
"EEPD1",-21.4163265141769,-10.4843518847297,-10.1229118857634,-23.0403025744006,-21.3777901925156,-12.6241049538158,-12.5961549759248
"EFEMP1",-17.316063894445,-20.6418732045498,-9.66617321964324,-8.74719843901415,-8.71173510008755,-17.4273219076625,-21.8485348568697
"EFHD2",-18.5086985877324,-18.5282259941071,-10.5110961681396,-21.8156476853757,-12.3985280440021,-8.92984853062798,-9.69741996673982
"EFNA5",-9.31334051157795,-17.9174210851134,-10.4072398713669,-15.3122517621989,-19.1695544064514,-9.12643468741382,-10.460504662768
"EGFL7",-9.82268967684911,-20.9709828461931,-10.084409118529,-14.944908217545,-19.4006050500562,-10.1764672558633,-8.93753117670416
"EGLN3",-18.8930981177063,-18.0511987956757,-20.96390658649,-10.7081348351753,-19.0296459394947,-8.80338784954012,-11.189833014734
"EHD1",-19.9827313835571,-9.11564235979957,-10.1484414944066,-12.1257150806529,-9.85252615750923,-21.035587880817,-11.6226028834114
"EHD3",-11.1724429087629,-19.140218767792,-11.3922826145636,-10.4566242185236,-9.90846089379143,-20.1293298927927,-9.45688230275987
"EHD4",-21.5435754673239,-21.2523229709622,-11.7742150508582,-12.6714412034873,-22.485996613373,-21.6613055674983,-16.0215128060544
"EIF2AK2",-19.3225343991289,-20.1925307229618,-11.6869144224353,-9.33318340975041,-9.17601233546517,-8.84677540552694,-9.59356094123983
"EIF4E3",-9.72977481302897,-20.2512539993476,-9.6533020232903,-9.90321517808882,-11.3713550471764,-19.0231127781332,-10.55405585339
"ELAVL2",-7.43604068903386,-19.3226969902052,-19.4625852476451,-19.9847975003318,-10.3000173232342,-8.35275271078264,-7.58917931668397
"ELAVL4",-17.8364989957165,-19.9868355138852,-9.741824206447,-11.0619569665466,-10.6571909340998,-19.5862150019564,-8.4265057467957
"ELL2",-8.59745221461852,-9.63934975310048,-9.21948212016485,-18.629238038598,-9.81712372250435,-19.2722657499988,-9.99271810287288
"ELMO1",-20.3172049566107,-9.31874286753831,-12.0584241826877,-12.306642451722,-10.9489804668805,-19.2515096840072,-10.1061314144084
"ELOVL5",-17.1043486495511,-8.83748232284281,-8.75439477004867,-9.45163162458517,-8.88957938987117,-17.9811361581152,-8.58700834169928
"ELOVL6",-18.0774116620048,-19.2055023281563,-10.0443315650708,-10.8870242780984,-10.3166842090764,-19.2153778918355,-9.8126387764339
"ELOVL7",-14.3114843847104,-20.9401871399434,-11.1910704454686,-12.1019964533487,-21.2407503238953,-19.2241311195828,-10.6064320816658
"EMB",-21.1891904071213,-21.9360783407995,-10.0450321332268,-22.2773076037167,-20.8569911988897,-20.0106695048014,-10.102656613817
"EMD",-8.9875092420283,-15.8106043983025,-9.70179533024186,-11.1973574501238,-10.2756725514122,-18.9934006310955,-9.28439216009179
"EMP1",-8.42705576739658,-20.964869598664,-9.91071747307582,-22.2804247939086,-10.6084817541246,-8.27736072248979,-11.6240201782083
"ENC1",-19.244501075971,-20.2277945988973,-10.9785340887976,-21.864563798826,-20.6477695348391,-10.9116165380527,-9.78106756675466
"ENDOD1",-12.4231042115374,-8.08051529953909,-9.63775081077907,-9.41836855416405,-10.2135685936621,-8.8882639920244,-9.96485003726537
"ENKUR",-8.84897398525618,-11.436923081649,-13.067534140961,-11.4071796117468,-10.7206977654133,-9.78927053427813,-12.3447658472085
"ENO2",-8.43652090249517,-17.3121562184164,-8.75086720503798,-15.8248768355488,-9.55756271461271,-7.66403852500104,-7.1452865589886
"ENOSF1",-13.6768699839857,-15.6353805284314,-10.0177203788894,-11.7960069814706,-20.1411490121435,-10.4192820194166,-20.3522287262847
"ENPP5",-8.46769148471733,-19.863708294534,-9.34511898178075,-10.8333887316232,-9.02735490384069,-8.34434750150652,-9.29609088587883
"ENTPD5",-19.9296496617374,-9.7002741673039,-20.9869755532371,-22.0184860261522,-10.7122589983585,-9.14654847653633,-12.1812727711775
"ENTPD6",-17.1325966662836,-18.2586128683098,-16.0891692349701,-15.7613805406802,-18.2737731653487,-9.76521600906603,-8.61480608970315
"ENTREP1",-9.23054655446581,-19.2748538046224,-9.63716425015166,-10.310386128549,-11.1540200383684,-9.06380369628072,-11.7340225435625
"EP300",-9.57926960010372,-10.053238724088,-10.1876639588771,-11.1013465497941,-17.296600936303,-8.95005052602201,-21.6857768427763
"EPB41",-11.9370538211193,-16.3801494919735,-17.9101628049016,-15.5087452529448,-10.6762252383365,-10.1752910411014,-10.6651327732476
"EPB41L3",-8.15339809234704,-20.2859650840893,-9.77726284359665,-11.3540276739884,-10.623950570827,-18.9372583139682,-8.44946996188794
"EPDR1",-9.54162685979282,-9.48948290198476,-16.4750464662649,-10.1355942082521,-20.2513489530839,-17.5556756101088,-7.82365700519437
"EPHA5",-19.7595561924179,-19.7038556714311,-21.4400216134748,-11.174115823404,-10.6184441059076,-20.5970000659376,-9.75778982784789
"EPHX1",-18.1527168408469,-8.6347721516189,-8.60788032504774,-8.11617671213273,-9.36078019420525,-10.228441115035,-19.751500983692
"EPHX2",-9.06842782927727,-18.8141684853707,-20.4748712488799,-10.0566930019636,-9.58671790945431,-16.7511246587519,-9.74956895782406
"ERBB2",-9.8847874881163,-19.3338581781831,-11.0818388848463,-10.2647190215227,-21.5402601066062,-19.6324797688234,-20.997292032692
"ERBB4",-8.81346693254661,-19.515275683064,-9.00110403534945,-10.4387146347777,-10.451682205773,-16.2431879015407,-9.05946245097726
"ERBIN",-9.52032355996085,-8.42390823937222,-8.53689402271272,-9.29859015273782,-12.8400102636637,-16.4894199992747,-10.2286667627488
"ERC2",-7.65243241488664,-19.9103242013573,-9.44670315742297,-21.0842582225954,-10.4911298515916,-19.2353871498285,-9.0647320995169
"ERCC6L2-AS1",-20.105619411811,-19.1601873292686,-18.8123646668854,-11.2351206088691,-10.472644355848,-10.3650146723943,-13.3154598422827
"ERLIN1",-19.5898137695891,-20.8061004029707,-11.7489514447856,-10.7255685935948,-20.9238446748356,-18.9573593236839,-12.8640318537208
"ERO1B",-21.0641043759845,-21.1202207568197,-11.7489480468147,-13.7950040866442,-11.6423347989976,-18.9657147425693,-13.918762791894
"ESYT2",-9.7063261178309,-10.1640100287963,-9.75870038182599,-11.2419379559738,-10.9573760478341,-19.41501466768,-10.3224844415683
"ETFB",-7.61396099643384,-8.79484236171737,-8.12471724425991,-8.54113095390781,-8.61929355969506,-8.33791013998897,-8.81845286062102
"ETNPPL",-9.16690655460289,-20.385536801238,-8.93044787502636,-7.70633183684239,-9.00657301746592,-8.34674372012926,-11.7130455026469
"ETS2",-19.6803428235556,-9.77966066007287,-12.3489199754964,-11.2891779103323,-9.97286518212786,-20.5058529703289,-9.8400479582543
"ETV5",-19.2997179376004,-10.3102984160672,-20.5501363356972,-21.4048733917702,-9.78791825011539,-10.7457056978177,-11.1411139045126
"EVA1B",-9.41907949020665,-20.6004759449496,-20.0926419454255,-11.6280842048538,-10.2876947127703,-18.2385708229208,-21.1721688811104
"EXOC4",-19.6295221142665,-21.0867041835438,-11.6277379051102,-21.9895301467224,-9.80822571071791,-8.89680332118615,-9.76853631658199
"EXOC8",-18.9068934729142,-19.0756930698437,-10.6593758106734,-22.0342719447506,-9.8378410959009,-10.4936160217893,-10.8010413327956
"EXTL3",-9.40563657609358,-11.2148754822169,-10.9728113654053,-10.7653742166252,-13.2282894528915,-11.6300590288341,-9.97036514868143
"F3",-18.9587342366762,-18.4542895516642,-9.3337302119729,-9.38783091947867,-18.7191562239394,-8.30098882549397,-21.6618555076975
"FAIM2",-9.07097945102656,-9.14125579339228,-8.93370691643824,-20.3305937104005,-8.92659244703252,-16.0032671483801,-7.27972828258032
"FAM107B",-9.13046260214354,-7.4672564738477,-10.9293781097895,-21.8575625716829,-9.51018131827937,-9.51684328676504,-22.389739403677
"FAM120AOS",-8.8968241951637,-8.89260081019862,-16.8155109834177,-12.4382002086553,-20.6452862651453,-8.88554160608471,-10.8903690385137
"FAM149A",-18.6477746485379,-9.81421869428799,-19.8476423353739,-12.4047360187788,-20.258572432645,-18.9809727763749,-11.3141204722865
"FAM153CP",-19.8446073348602,-11.5240746440854,-20.0492033370781,-21.1475511631334,-13.1471158275829,-9.10932804955798,-10.0688846587383
"FAM157C",-18.9884251210762,-20.179398471206,-20.5910200307972,-10.9247114474121,-11.2451189067852,-13.0284161337251,-19.4785878566299
"FAM169A",-20.6202440916279,-9.8436356359788,-10.122682639157,-20.6767132571128,-10.3002147604892,-10.8903816849651,-9.72045804962722
"FAM184A",-19.6506704638477,-20.4668495233471,-21.1776096438517,-20.4990925132502,-13.2104986280541,-13.6343198528483,-9.97710532583571
"FAM222B",-18.5322971125926,-10.0454243904935,-10.7128148194753,-11.007557550304,-12.5101028956074,-9.74740223689671,-11.0252283591967
"FAM234B",-8.69605455521159,-20.5917872872782,-20.2445598195896,-10.5390884614856,-10.4536523340124,-19.1283959724432,-10.4801719012007
"FAM241B",-18.2995427338825,-21.2685437780192,-19.2409800923176,-11.2844071242694,-20.4494344956568,-8.47989693057753,-9.29814928857582
"FAM89A",-10.0156876171297,-11.3129341364939,-21.1207048108681,-11.0281191176538,-10.9714402291379,-19.6042850190727,-11.122027428565
"FAT3",-19.6935537142278,-18.7499635368925,-9.85499946340192,-10.6627107047874,-18.70716220277,-8.70956248306591,-13.3568480007495
"FAXDC2",-16.8605358623146,-8.12843999098398,-9.75652506549959,-21.1325816242322,-10.4645727818944,-19.2686373544131,-12.50542855128
"FBLL1",-19.1776315404654,-9.05540300884683,-9.65426655636442,-19.5589312356513,-20.1526887483291,-18.3357994477893,-8.65239327891501
"FBLN1",-16.26519641839,-20.5323614989405,-20.8246895671731,-10.2153144894514,-9.94415988770609,-19.7010505264559,-10.9560747999457
"FBLN5",-19.8887076095851,-20.7149211124343,-9.7988075853031,-22.1284598039866,-20.4656362486374,-8.92193477552449,-11.606745969378
"FBXO3",-13.8112689562006,-19.2392433634289,-9.47831967084062,-10.0136516068577,-10.3762039806187,-18.7632079708998,-9.77047975321224
"FBXO32",-20.8872663113856,-9.89393823584198,-21.9351020289195,-11.4901352559903,-21.1411300367638,-9.94689095477426,-11.7192729747766
"FCER1G",-18.9608134590489,-17.891271779407,-9.52263794447297,-9.46780945600153,-9.54727367972535,-9.75234141104907,-21.7817542061854
"FCGBP",-18.5448965508553,-9.31792285192718,-9.3370036394349,-12.0273386982886,-11.1710571540078,-9.51401461092182,-20.9878058058685
"FCGR1A",-9.55133060992024,-19.2381586921221,-9.82532821840176,-10.7637789864899,-18.7396626675072,-9.52342917155883,-21.6188020997882
"FCGR2A",-20.6338043703037,-11.2108795196841,-10.612388397855,-11.7976525413502,-21.2567413368215,-11.114703583485,-11.4367445876995
"FCGR3A",-8.42289516304172,-9.61687077456975,-8.70840761981684,-9.68767353880356,-12.1383131199437,-9.07172832940329,-11.1748345301342
"FER",-8.9623860701762,-20.3571836064296,-20.3318684850086,-20.8996640251892,-10.1754822775768,-9.24282916761116,-13.0233121982158
"FEZ1",-14.4082475907636,-6.89214737801305,-7.75081124896273,-8.20773050064244,-7.77444335677966,-8.89578369514049,-8.80468741145195
"FGF12",-9.18960741984576,-16.6797825174711,-8.88313632070178,-10.2665891233091,-9.60531633261892,-7.99456060198532,-8.12941690108163
"FGF13",-9.91733963812416,-20.3124800035805,-9.18388276253933,-21.4991539385386,-20.3286494052622,-8.93025137158882,-7.99515222229703
"FGF2",-20.4543077063755,-11.7648434722358,-21.4666327205321,-10.5853499722505,-9.79899570120073,-8.7935512496786,-22.4847609171217
"FGFR1",-12.187737432548,-9.56276702906337,-9.95618828739734,-15.6301360240836,-20.5017336472934,-19.2168906044595,-10.1545738714464
"FGFR2",-8.16540013633299,-8.27933653238113,-10.3374118597232,-11.7674881222875,-9.00428525642326,-8.72654434084471,-21.9082898610507
"FGFR3",-7.86838621062609,-9.69309926448816,-10.9528744525668,-8.43392505740744,-8.20245744074615,-17.9424074393545,-9.91438016880996
"FGL2",-9.49484026878351,-20.6616203323425,-19.7839484856702,-21.9202960425975,-21.1133003801677,-9.27457654059477,-11.6831557482633
"FHIT",-18.1773234720016,-21.7535874758513,-10.1834225621581,-11.5436635678923,-11.2242595568234,-11.0472077794683,-11.9190328840617
"FHL1",-8.35067656874478,-8.36683871311193,-9.65931841736799,-9.04571360010139,-8.94440754251465,-9.18605891875722,-8.73920082036008
"FKBP1B",-18.3875798283769,-19.9720198508086,-20.42355876117,-11.6464898100614,-20.9600868693749,-19.3862566686472,-9.83096012956985
"FKRP",-10.780669571493,-10.5253182889299,-9.63496188573111,-21.6633987859659,-10.5039164877621,-8.76847261449384,-10.8262961707047
"FLOT1",-19.3717661504461,-9.97267543419077,-18.0249600607494,-10.0351966469749,-9.04803562218721,-19.3052815628239,-8.44107961516702
"FLRT2",-19.6787023003528,-9.63203444504859,-10.7334932504607,-14.1989888271505,-9.8243300510988,-19.7236843946767,-10.6258733740669
"FMN1",-21.0712589122067,-21.8447043307997,-22.5742410218246,-13.2837707856508,-11.8903033210568,-9.98668135718176,-13.1551138318561
"FMN2",-10.6555130439426,-11.5295151456541,-11.2791392624512,-11.5545662162261,-10.5562148041644,-20.1399700760642,-10.4494668143683
"FMNL2",-20.3976099910893,-8.19523516382975,-9.61890657697654,-9.34995869425645,-11.7945193878129,-18.5968528877346,-21.4395699496829
"FNBP1L",-8.97509881719972,-22.1044183235809,-10.2719374515012,-22.2500550736727,-10.5847903162008,-19.921448934246,-11.8605138971473
"FNDC10",-17.7631872634562,-18.2983066296544,-18.0059717595363,-15.0228568159193,-18.5821465287482,-10.2788448996676,-9.69985555880004
"FNIP2",-20.3274674220227,-21.2626177353529,-21.5716707183737,-21.8930826140983,-11.5387633235258,-9.76170097336798,-11.1368263063479
"FOCAD",-8.519870903522,-20.0940036274654,-18.4013965850938,-20.3693984023936,-19.3355881138035,-10.1042981379144,-9.34657397450708
"FOXP2",-10.8373598582709,-9.14492609614149,-10.8995513201712,-13.5237431238411,-20.9602887031328,-20.0112859245174,-11.7988126469906
"FOXP4",-19.7715301367952,-10.8911404361012,-21.9742015034897,-12.6169165891874,-10.8155405542977,-9.94581118504145,-13.2642120498037
"FRMD4B",-9.35839465927097,-8.70186251861746,-20.8288108744899,-21.2253238911524,-12.4524386628515,-9.93318551467339,-12.9605548019848
"FRMPD4",-11.5357821873988,-20.0563466496994,-20.3945363001344,-21.6431942634951,-11.4829688730251,-11.393535818856,-9.7371449619339
"FSCN1",-9.1035024365714,-9.45238774930178,-9.02981243921009,-11.5933737415317,-19.0526365772659,-8.76611472283187,-10.1611271773059
"FSD1L",-20.2226861180187,-20.5637400455628,-11.208098766553,-10.7300603122331,-21.0357933372219,-11.1012581683349,-10.0937125718888
"FSTL1",-18.4408136354982,-9.53890071634572,-10.4504396100246,-18.5915875094643,-20.8904917660057,-19.9624003950956,-11.9629276546748
"FUT8",-13.4652717139848,-9.34639856498521,-20.790598045519,-17.6003882672408,-19.5157001590869,-9.4216171846967,-21.3227523435139
"FXYD6",-18.5824486236823,-17.9926854046727,-9.55872960952525,-10.557103835927,-8.74726934254633,-18.5974054065591,-8.13727890123601
"FXYD7",-8.93802244696169,-10.1777814961524,-10.0801042078726,-20.2184626312638,-9.89300725574102,-17.8735643904599,-8.31046231097461
"FYB1",-18.9931239179246,-9.14201980849959,-9.5395725725534,-11.0917276983907,-10.3891974414459,-19.1770707738232,-20.9657134217228
"FYN",-18.8553897796624,-9.17033990249844,-19.4932742832197,-9.22659287336059,-9.07613667481623,-8.09233757080998,-10.3620869006132
"GABARAPL1",-17.8992984364554,-8.87199315553887,-8.15335101757923,-9.06523059978888,-12.7816581771016,-7.30832392116641,-7.36819346181735
"GABBR2",-18.8807929499739,-21.3445750800902,-10.539146769205,-12.6412349177939,-20.0338891199806,-9.07411739413613,-8.88017280883566
"GABPB1-AS1",-9.72381284450529,-8.66252572304295,-20.0274966276459,-12.017404859029,-10.6225633038874,-19.9762127410308,-20.8417871152591
"GABRA1",-10.7100816434256,-11.9304630625935,-11.0715250635488,-10.5504020120337,-10.116636030878,-9.51573673941816,-9.39793407021236
"GABRA2",-9.16097574620639,-10.2649146659567,-20.9304505920106,-11.8710689465741,-19.6573027030682,-9.5256436698801,-10.5717024899856
"GABRA4",-20.0632793821127,-20.925265808728,-20.0355786652705,-11.0411817395434,-21.8214916974487,-20.5106328247036,-9.57337305154606
"GABRB1",-19.5244703563344,-20.2271523643017,-9.98222792010914,-14.0389590540464,-11.1769887664482,-17.6420762931852,-9.33562253707092
"GABRB2",-19.3703250846641,-11.3559606728485,-8.82088500398873,-20.3880186181974,-10.7652887999507,-8.49665297773964,-9.17612043751742
"GABRD",-10.8884053558067,-20.4535643218179,-21.0050900147659,-10.6271685326519,-10.6177304428611,-10.9646349324238,-19.4899726309524
"GABRG2",-10.6194881662344,-18.1444170695365,-10.6096310438542,-10.7903717486012,-11.3126331245206,-8.90540099772988,-8.41887458500087
"GADD45B",-7.34570401907452,-9.46048902038701,-8.82082081134998,-8.89103286958645,-10.0850962827566,-9.69072036997195,-10.9494777454517
"GADD45G",-8.56405910929778,-20.2595790823748,-9.25087244807319,-9.41164267427658,-11.6109911869469,-19.0321504857343,-22.3368993367535
"GADD45GIP1",-7.51736276273948,-9.9079754555909,-9.50219544212717,-8.76318058674847,-8.69043454080344,-8.71731644655196,-9.18066577919568
"GAL3ST1",-19.7584343640246,-11.9929640386022,-20.5424192371754,-10.985759196656,-10.196692407527,-18.3235034086643,-21.0815448951361
"GALNT13",-9.322378401594,-18.3889647326381,-11.7022396907952,-11.6665357395906,-12.5645853951012,-9.28141977016194,-12.0532001664625
"GALNT15",-9.47854720886261,-8.23592401771609,-10.3307948926648,-10.3236598961242,-10.1199387776353,-20.7566174699682,-22.6811032325124
"GALNTL6",-19.5740934238043,-20.0961878459056,-19.5832335638271,-21.8995549917452,-20.5476725135739,-18.9726003151636,-9.48413208726306
"GAMT",-17.3078783289976,-8.63080366712037,-10.8712589257399,-10.029684861904,-8.87186166926963,-19.6479083114435,-9.59726609704757
"GAP43",-6.96606308651829,-10.5064391361307,-7.97984330101865,-8.31417250634511,-7.76148089520715,-7.46114987381887,-6.65641591348785
"GAS2L1",-19.0407543989499,-16.9217627973019,-9.72923427688479,-10.2066919989253,-20.0784570761108,-10.5214065803803,-10.0805375566129
"GAS7",-8.79616591979093,-8.43938122304607,-9.58540401706221,-19.7094328986992,-10.3599452718016,-8.79933589528342,-20.901092957908
"GASK1B",-9.53509083072272,-9.03289895073786,-20.6302853125901,-10.0087686887407,-18.4231526008419,-10.3859198784514,-21.303401087378
"GBE1",-9.11456310166716,-10.6384978505649,-9.26345949738864,-11.887195992332,-10.2716989139423,-8.93278113743713,-8.12837144399395
"GBP4",-21.1116399119821,-20.2427834249835,-22.4388162840709,-11.9496167903781,-12.1547975388461,-12.6199564245351,-23.1192581239483
"GCC2",-17.8746579162331,-19.760919686743,-9.89224025408735,-8.91009812383808,-8.75003227492439,-7.57712173727595,-8.85362764105655
"GCLM",-18.4490779851365,-9.33672521142098,-11.1166384741229,-10.9111431557533,-10.7159378628655,-18.6836049726277,-9.47525825912979
"GDPD5",-20.5594508652088,-11.4404412223416,-21.4699390527127,-22.6423776786548,-20.3352091300859,-13.4631717545176,-10.2292588118812
"GET1",-8.49760460349554,-9.64870433215611,-9.52421529354722,-9.91759137187798,-8.28016831304271,-10.297342880596,-9.09088936898126
"GFRA1",-18.9024493274136,-10.187322492248,-9.6946481598099,-21.0012670060007,-10.1148751542258,-8.74128328053835,-8.02446309994024
"GIGYF2",-9.09566321032475,-9.41572048826136,-18.6414939073624,-10.2195138988262,-10.5631866265596,-9.83919858768755,-9.7533826716952
"GIMAP1",-18.6842407482861,-10.1274243946604,-20.0237489970073,-11.8064211750866,-13.3497457813365,-10.2288541854495,-22.1218715954108
"GIMAP4",-9.3221732413748,-16.8828129918359,-10.1668814113939,-18.7264234968792,-11.7582325280351,-10.0425827503618,-18.3971634447134
"GIMAP7",-8.81985072987583,-10.4144724439901,-18.394207562211,-12.1880982113789,-21.404623385316,-9.86125754636876,-21.6027346940896
"GJA1",-7.18749862469699,-18.0752897157229,-7.67920466013797,-7.12534060236723,-7.23978613163507,-6.9477659062489,-9.66603097378308
"GLDN",-20.067374192446,-8.46471613407949,-9.16559220834081,-11.9954186275319,-9.39637550397983,-9.11560660930929,-22.3349192198151
"GLRA3",-20.9032268483615,-11.3546294326715,-13.1650504636076,-22.3190124659612,-21.6161803201356,-20.9688768164544,-10.1972577356539
"GLS",-9.50930864098335,-20.4003647660636,-9.88953551246195,-10.4195022571665,-20.6942044767553,-16.0364077726232,-7.9207824454899
"GLT1D1",-13.7270434918941,-21.5540411812479,-20.8005418712226,-21.6244113859842,-10.3304106868911,-20.0162902665451,-9.5998442474408
"GLUL",-7.53527581239824,-7.13113563571489,-7.10098442925406,-6.26209698002731,-7.10144672021737,-7.68226267638664,-7.26822730073563
"GM2A",-12.0010899659958,-9.02542058715228,-9.44229286947277,-10.3683803544321,-19.9239538004145,-9.93112410514038,-19.0979105640705
"GMPR",-9.18181699923244,-20.6040552597792,-9.07219627097429,-9.59524598073918,-10.4236908201826,-18.9894112720333,-10.5904577097272
"GNAL",-8.04171615021157,-20.271189253516,-10.1111539348414,-21.1275444772728,-11.1059500011463,-18.0865944475271,-9.18334971811344
"GNAZ",-7.97057418039053,-11.0066369030268,-9.92563206631757,-11.2990925429554,-20.3156463793906,-9.7130793160752,-8.53872952447975
"GNB4",-8.48960347077689,-18.1702413578218,-19.186519932153,-13.1741466201207,-10.3824275885316,-9.37173705104695,-18.5239601789463
"GNB5",-19.3936968732587,-19.089202525274,-20.8014961254022,-9.60641237698152,-9.22235925410003,-18.997317637721,-8.97669537146817
"GNG2",-18.8683657169216,-11.8623935476844,-10.3186181171804,-10.7527648730667,-17.586023783637,-18.4312598003699,-9.61675832253024
"GNG3",-7.89536304371877,-18.9857169375529,-8.24518662918506,-9.3859482351156,-11.1421549300435,-9.24578761548537,-7.08600276437754
"GNG7",-7.46003128303056,-9.17200923466665,-20.6837111376816,-9.75685982872416,-9.13676889911717,-7.47674592083741,-10.7076117951948
"GNLY",-10.3183119220318,-21.0665213535247,-10.2815281200092,-11.018523512871,-22.2472129834103,-19.7009581974578,-22.9379609964036
"GNS",-16.8506357254465,-19.1639879208697,-18.6252985255766,-10.6759159252858,-20.3945620335132,-18.8192696154851,-9.45128145966913
"GOLGA4",-9.41244507005112,-8.7638593006144,-8.84465455343938,-8.84410681724227,-8.22806102798859,-9.98637969107052,-8.93273917284028
"GOLGA8B",-21.1052333782681,-21.3010418261949,-10.6429165640315,-20.980696908076,-11.1177742370744,-19.7710977958923,-10.6939324342402
"GOLGB1",-7.58894090088421,-9.79249324420145,-9.2636232617194,-10.5696110737407,-9.33369307341242,-8.04207884282158,-9.07801372314911
"GOLM1",-8.2407135332198,-11.5069173501453,-18.8763919195438,-9.68962227696616,-9.26859988817916,-9.10774869904562,-10.3912168068083
"GP1BB",-20.5268418543076,-11.5741235893709,-21.8786347589074,-20.8451742243287,-19.2305463376679,-11.8188742727007,-10.280962578193
"GPD2",-20.3423992919484,-10.0226268770421,-20.9023994509018,-11.5759126626832,-10.3112013734625,-9.82490654474116,-11.4002372668641
"GPHN",-9.22506884657765,-15.0748993664192,-20.0368541198244,-17.7546913877227,-9.60055421936994,-8.59436034307264,-10.9302500773623
"GPM6A",-17.0775719809593,-9.1456073738057,-7.92254999729295,-7.6581393001273,-8.1071241238772,-7.65996228894784,-7.59963829338676
"GPR155",-18.3372888737288,-12.8151451135052,-11.0304467421713,-10.3666217675224,-10.4738542178395,-18.0950754477891,-9.71393450663741
"GPR158",-8.98060680992027,-18.9930234493546,-16.4849539615504,-21.5619544571881,-9.71797759914553,-9.9846396735986,-10.5965139653615
"GPR162",-16.787416528508,-17.3137475437357,-11.1385068782662,-15.8387995818039,-15.2101091008286,-11.0945708316162,-9.57138869982644
"GPR27",-20.904191834451,-21.2763491584053,-10.5604483796394,-11.1659525059205,-21.1162484657621,-20.2998637687338,-11.6865048030264
"GPRASP1",-13.841960418526,-9.00322388218603,-9.76908957845777,-11.2324704485052,-10.9323724008139,-10.714604401838,-9.31166416850901
"GPRIN3",-8.61618549805198,-20.9488445635566,-8.85063562082169,-21.399142741953,-13.0188070351094,-20.49124318017,-10.2830771879198
"GPX3",-7.64667520115786,-19.4405756321868,-10.1459127764533,-8.67014275686578,-8.58722984171294,-18.3572559104603,-7.4273632352785
"GRB10",-18.4561630454225,-10.8749918468308,-9.54367980989204,-18.1585447305855,-15.6234883436588,-17.5996616968652,-9.07122423920961
"GRIA1",-19.7083122468405,-20.5494884905602,-10.2031437306363,-11.5087149689659,-20.4669496888489,-18.7609326862254,-8.92358515538124
"GRIA4",-10.5113181784801,-9.60053216274846,-9.13942781855216,-20.0389320573236,-19.9632424081558,-18.5669705797447,-9.69602711189018
"GRIK4",-19.8983599137987,-10.6557284674209,-9.52714143108541,-12.4217232216921,-11.6037751553951,-11.5623340000194,-21.941972249328
"GRIN1",-19.2989886069032,-20.5392878968862,-19.7216388786837,-21.8846704635006,-20.3922142478764,-19.0768312578672,-7.94382257441355
"GRIN2A",-18.5169192132882,-19.7953099186532,-20.6002721850324,-11.3327194207409,-9.7026694453652,-19.5804495128978,-10.7320650593673
"GRIN2B",-9.42887007648481,-19.7467219957906,-11.5998253498773,-11.47558482707,-19.6351619524943,-19.4238891827024,-9.10649797647229
"GRIN3A",-20.8099913345708,-21.8382631852977,-20.748348793246,-21.8417267408419,-22.2847867064484,-11.1486962979451,-10.7137964878437
"GRM5",-16.9962976042681,-10.7555752479561,-19.6307201920197,-21.0970113390709,-10.5628929893119,-8.69707293909128,-9.9109581396131
"GRN",-7.95882327760697,-19.3984576598504,-9.08501143954927,-11.4571490319623,-9.62520204904079,-8.60221636299939,-10.473987109997
"GSTM3",-18.5933182569307,-10.1297151727411,-9.84328301263248,-10.1746696901099,-9.16573234159912,-11.2803012413954,-10.2548170265606
"GUCY1A2",-19.184665581801,-8.84130680895068,-20.9106711240572,-20.8419664128892,-19.3030939142222,-18.699877554154,-10.767487603925
"GUCY1B1",-13.0288170168322,-17.8927427622369,-8.60450261868424,-15.6862448815724,-17.9170854830678,-17.394937764415,-7.83925893998839
"GYPC",-9.8607772683753,-19.6757496949289,-10.4882630694068,-11.1592314041202,-11.8679837520457,-20.0965262103069,-12.4576420956171
"GZF1",-9.44648489627555,-11.3579168776582,-21.3952394556182,-12.1190319034693,-21.4964480453536,-10.3497576908017,-10.3342739130001
"H1-0",-20.4132165586287,-19.8745984708202,-10.1218267995059,-10.5263017660325,-21.4639904396382,-8.60922188548558,-12.4185141832162
"H1-10",-9.18206430033831,-10.5825855192864,-9.08270353932786,-10.0888569453632,-10.1177567703441,-8.14632903740196,-10.2187476694666
"H1-2",-9.42447347871059,-20.8748297624814,-9.32541720264217,-11.6970214123301,-21.0587761065753,-20.4592067180066,-13.3921924910375
"H2AC6",-18.6769835576531,-9.13888376705585,-9.77407439584755,-10.4790879466301,-9.98646757126485,-18.904637561515,-20.537818403528
"H2AJ",-10.0992612486683,-8.7049708929047,-9.30345935517776,-15.6511884965712,-10.7014000189723,-10.4860852888684,-9.84525720492715
"H2BC21",-19.3318848884148,-19.1931548818526,-20.2930790086267,-10.374405828297,-10.0207003992667,-10.2815749810498,-13.8558091031979
"H4C3",-20.8364246371517,-10.5094826064938,-10.14001458276,-10.1101837354912,-10.5882467855279,-20.7220469402971,-22.7449432827331
"HAPSTR1",-19.1551054679636,-9.97491409545638,-10.8229180819424,-22.6282951048621,-21.4766853150989,-20.0579310154265,-10.1375417777769
"HAVCR2",-18.1718944776187,-9.96547748964313,-17.8039388016448,-11.6117641897842,-10.1576293789691,-18.6424299287467,-21.6938013047426
"HBA1",-8.66298872075219,-9.83317310168909,-19.2111808797074,-10.2661538526614,-9.36315306741194,-19.0662391757135,-22.380941180261
"HBA2",-8.17698109544539,-9.51605869258481,-11.8943111715497,-9.20545104264722,-8.8084028030497,-16.9753023680044,-22.7672339484584
"HBB",-12.2051899169228,-10.528173158209,-20.6672698108842,-9.8922241071413,-9.57740710538184,-21.1562610654046,-23.1925566428696
"HBP1",-19.6767407734868,-8.99297808727768,-9.36291669493072,-10.7685893351595,-9.43530060097051,-9.79854098336012,-20.6772136077217
"HCG18",-8.1820018662346,-9.24519680621316,-19.6728085510729,-10.7286020198444,-9.28300382138642,-18.2988087417387,-11.3405705258145
"HCK",-17.3032424505787,-17.9362169335334,-9.93976444929512,-17.8756919436698,-10.4934108962553,-8.80243423018321,-17.9197200460034
"HCLS1",-10.0515787911898,-20.9827595336322,-10.0680736143387,-11.8203015627757,-10.3144194442948,-19.6783157113664,-11.8959470080034
"HCST",-20.1604460237861,-21.2436138106508,-11.0096669686074,-10.9541828328841,-21.9119308234719,-11.3209380974751,-21.71248411953
"HDGF",-19.6684832104592,-8.5957262673219,-10.0380158979668,-21.0105489887963,-20.2938245956576,-8.4904347219369,-9.81521300992818
"HEBP2",-11.6982781070421,-9.22959604075485,-10.9018357980545,-9.37895729292257,-20.0348828372737,-19.9099585449799,-9.5207839915882
"HECA",-19.7726647276991,-20.4257467121972,-10.6728830869881,-14.5901716061912,-20.3450182161891,-9.30897618318605,-10.4402087996611
"HECTD1",-9.52247254477106,-9.03701678920189,-19.8023435214695,-10.1829152382352,-10.1720061110105,-19.090572543993,-9.23227683433784
"HECW1",-20.0567042484142,-21.9258211105935,-20.8486383438337,-22.7569607337467,-21.3447397837471,-20.67682439851,-9.78740000248641
"HECW2",-9.03772642161911,-20.7332847746132,-18.5161409567449,-22.0460142935254,-18.5575098442984,-9.26083803489495,-10.6306090846062
"HELZ",-19.3652158675003,-9.35428643380264,-9.11465316020866,-21.4367161325031,-21.046791077955,-18.854130860839,-9.95867505405711
"HEPH",-9.67527556650428,-10.1938013704154,-20.8578994666336,-9.76103152056051,-9.21091218290558,-9.95371720697586,-11.7756363167362
"HES1",-8.86975888603547,-9.37089534645129,-9.67302576045978,-19.2010792836089,-9.4578575302151,-20.1121785278298,-11.3079081462858
"HES4",-8.28411145585743,-11.0024318348945,-8.7209263716068,-21.5161213535108,-10.5996210907368,-9.40224788423155,-9.51464654274987
"HES6",-10.0327841914892,-10.655745452889,-10.6675334111393,-23.2844727432003,-10.6355300872285,-9.50639907805235,-23.3829840740569
"HEXIM1",-18.0210894498752,-10.0114082633236,-15.9510146949689,-10.017155259933,-19.8801225003288,-19.6349621234332,-9.32791944304896
"HILPDA",-9.49664616464803,-9.29548706802606,-10.9807527417862,-10.0469170011968,-9.08080981260119,-8.91722064557193,-19.7314370712064
"HINT3",-9.2586735837563,-8.34145380749241,-20.0136378275132,-9.47742522129172,-9.45060206744041,-18.9931210042114,-11.2372296707294
"HIP1",-20.7266185174274,-8.8503212717865,-10.7142765888309,-11.2212605553931,-10.3562472016694,-10.3143704233841,-22.9536179915634
"HIP1R",-9.72023135722994,-9.35137230393257,-10.0215627267226,-10.2560383436569,-8.96380838801313,-7.93314191232817,-19.7464771649849
"HIPK1",-9.36893772519266,-19.7928249229359,-10.9163424506058,-19.1815881526372,-10.6334058342894,-18.1534915879697,-9.15929724285311
"HIPK3",-18.5549178814126,-19.6819949610118,-20.2664430428221,-10.1205105484284,-20.4074057870293,-19.0888727900272,-9.76936335524963
"HIVEP2",-8.89827467982274,-9.25847986111643,-9.97615895952419,-15.730195543263,-9.54348469687192,-17.270938670227,-18.40360832453
"HK2",-19.4156148244258,-9.76866668345487,-11.0692385002325,-12.4702711016556,-11.5448095678498,-18.0283700245183,-22.2414355633609
"HLA-B",-7.81330392635718,-10.6241939204687,-8.64702517325801,-8.0250508615288,-7.87756662099166,-9.5436273778986,-13.3315047649907
"HLA-DMB",-17.3681141454174,-18.5883491163253,-9.26154386740675,-13.0688680890546,-16.5117085850884,-8.9774534431189,-13.2766040680225
"HLA-DQB1",-10.3466853562009,-10.6862585829588,-11.1664570428945,-11.7221716860779,-10.7202819748755,-8.22723593969586,-22.179592196904
"HMGB2",-19.0079068441842,-9.97822142778773,-11.3228703672429,-9.50005309469656,-9.20555391589868,-18.2574484144872,-9.65211304663686
"HMGCR",-19.561833193315,-10.5913160581556,-10.5389646359161,-11.4957556397779,-10.4808882924253,-11.4663813795523,-9.84772092203597
"HMOX1",-20.495132489404,-20.9888710568905,-10.5049030177377,-12.5028539495352,-11.134754879695,-20.715373827444,-12.8458397195656
"HNMT",-19.8776945597019,-18.4479931036765,-9.80309969962475,-9.80735714172001,-9.48305726962418,-19.3560456881313,-11.0846523374268
"HNRNPH2",-8.87148385340845,-20.2083358869601,-10.2242961117733,-10.9231672598268,-9.08588399152777,-19.8858976631927,-8.7985198148186
"HNRNPLL",-20.9681635745845,-9.56815625154329,-10.7050807481853,-21.8417080339164,-11.1603521616755,-18.5155257878126,-10.6338381845067
"HOMER1",-19.7489678814172,-11.0489781892408,-21.4711763506263,-22.4405090929888,-21.3539196375661,-19.7744625024363,-10.7536908177337
"HOMER3",-9.87264303024413,-8.89746842778138,-9.86893689811954,-20.1205486421478,-10.6450695462001,-9.83170542250837,-13.1981514919896
"HOPX",-8.06500760150741,-8.33394907977097,-11.4284188436383,-8.92738906610096,-8.73613279976101,-19.218456860913,-9.69376283645787
"HPCAL4",-10.361731038458,-12.4546129851344,-21.3973002083392,-17.4865938849982,-19.1746764691193,-8.92699754450996,-9.77054833841794
"HPSE2",-20.93181374779,-13.3659604645561,-20.6890225853921,-10.4207259446319,-9.33100008767032,-9.70754505298471,-12.4896567426328
"HS3ST5",-17.5209144896221,-9.66578075808835,-11.2203704966091,-15.6038566693191,-18.8468440404685,-9.32219140081734,-10.5315112878088
"HS6ST3",-14.571352808651,-14.6094854275944,-20.9263540178128,-22.2751174382594,-19.7060432146235,-9.74234337914979,-10.0371224622001
"HSBP1L1",-9.76440689726857,-21.13683443512,-21.2798218977139,-10.199016557678,-11.6907489305664,-9.65762512514508,-21.3049229053514
"HSD11B1",-10.1989644734583,-11.2165312609013,-20.3048938637447,-10.8632075929481,-15.3528040803676,-19.1649306034452,-22.8559984081305
"HSF2",-17.8444899920556,-9.28345767983482,-12.4966897402053,-20.8029422419596,-10.4458273272244,-19.8444754670759,-10.7067852626365
"HSPA13",-7.90654403500829,-16.7221633070345,-9.83234886146135,-15.7547175997914,-9.79814875495864,-15.5631980906436,-8.60248834605357
"HSPA1A",-17.5235451578411,-7.75932998982665,-9.37776020804584,-9.41283504917071,-9.25133979396261,-17.0653531971926,-12.0483902594382
"HSPA1B",-19.0304365361913,-10.0711631449834,-10.9210658238788,-9.49348956399136,-9.23293186882431,-9.29457880275629,-12.3845926307196
"HSPB1",-7.18273155756722,-7.57045387523037,-8.63388336873441,-7.37927200545453,-8.22657074774399,-14.0844173046352,-8.4103835312019
"HSPE1",-14.8463466178804,-7.25534255862911,-7.24836524476764,-7.93742466743447,-7.51799676028644,-7.57784829327353,-8.52952238580145
"HSPH1",-8.14584625299876,-19.3153692454651,-9.79036109785485,-9.58396331690608,-20.4799331910442,-8.65034407736538,-8.54448842164963
"HTT",-19.5480900716388,-20.5149456762732,-9.83124056444398,-11.5514676983314,-18.767145530592,-18.7160078126069,-9.28181860686562
"ICA1",-10.3669238795589,-12.4558171247536,-19.7293578071988,-11.057342334347,-21.9154656947411,-20.8478682009867,-12.8092725716422
"ID1",-8.61759961081918,-8.98171901282336,-19.588667579351,-10.2765290405603,-8.72184257958445,-11.4569227864831,-22.3485674028389
"ID2",-9.22852704257533,-19.5107615106872,-9.97628781961577,-10.7447945992543,-8.92575354928799,-20.1299573350753,-11.3107908198333
"ID3",-8.34460536827807,-11.765594763497,-8.91113425820163,-9.39602585118022,-8.89990523641377,-19.9362364013663,-22.1527542302525
"IER2",-10.0210905769502,-19.1974979806908,-20.0990787774696,-10.5175752709033,-18.0954734670129,-10.1663364495096,-20.1292094607717
"IFI44",-9.56199870710088,-11.3167994949887,-21.7450566826237,-12.3121391101374,-12.2342094836598,-21.4299000520631,-23.4172060411775
"IFI44L",-9.41107311292985,-9.9068821444617,-11.1409764783437,-11.6354041428402,-10.1881042710557,-18.2943934035642,-22.561186813329
"IFI6",-8.74570759570291,-9.00225098770257,-10.8537531190923,-10.2483163156664,-10.0177151603122,-7.43760150313194,-9.34412586927306
"IFIT1",-9.226126760935,-20.963456339488,-9.48443546007819,-20.605720554022,-10.3927545490312,-19.9153752823164,-10.0531845967049
"IFIT3",-9.00923876073262,-18.8985509220506,-9.44852396968437,-10.6842355602615,-9.38764279302019,-8.54899594054664,-18.4378336773059
"IFITM1",-7.32616686383995,-20.2912009905588,-9.21473495373719,-9.73358458906009,-9.26302556171475,-8.77366297994278,-19.5257541272088
"IFITM10",-20.2001182584848,-21.6015064784506,-21.8932313952383,-22.214236481907,-21.1354917667496,-10.2615551699014,-9.64583685770256
"IFITM3",-6.12249034928693,-8.43844544027519,-7.05889404832753,-7.14232550561537,-6.77327432904691,-7.72742832776177,-10.2132791206499
"IFNAR1",-8.83081325209614,-8.74957948783141,-20.0087863262644,-11.1195120650399,-10.2089711295763,-17.738407563624,-9.80140676438289
"IFNGR1",-8.37003759907805,-8.72974579480296,-9.35938549843689,-19.7159293034601,-10.0076727712104,-20.1130426775402,-10.0794448016502
"IFRD1",-10.2638221796567,-10.615041320877,-10.9030716883096,-14.103416915946,-16.1447480826392,-13.1256086512728,-10.6582418600805
"IGF1R",-19.3488463822094,-19.5095836956189,-9.88405525342555,-21.4861932767033,-11.6636130377626,-8.90341749271113,-9.62608534735847
"IGF2R",-21.2668726571786,-11.138326174383,-22.0761420466881,-22.9528211030866,-18.8199794398202,-9.45167052713223,-10.9358677125501
"IGFBP3",-11.3348249035909,-19.1505711149364,-11.0871360442177,-12.7862396000042,-22.3497993547314,-21.2924369952964,-13.2795686372535
"IGFBP4",-8.35363519697939,-10.0669128590078,-9.96105124135108,-20.9607820936476,-10.6709464252883,-20.5223269646055,-10.8790509859813
"IGFBP5",-9.73885657164701,-8.31554106507043,-8.65577110698517,-17.4176288514191,-8.9703902496695,-17.4624395754468,-19.5722954044828
"IGFBP6",-8.85297057736627,-21.184827642164,-11.0754811805208,-22.3499731916437,-21.2242512029962,-9.24667618851748,-10.8532787818229
"IGFBP7",-7.20111640920219,-7.47832055218585,-7.8885969092469,-8.2540567765324,-8.17067168711379,-7.14917593512432,-12.0130056658634
"IGSF21",-20.1481493139376,-9.07956161452657,-9.62880309529689,-13.1257119744111,-21.2029291405077,-11.5182284073691,-13.1496459699257
"IGSF6",-20.1299800962791,-11.2741704971715,-21.9635415167521,-13.7022062383507,-10.9912722233104,-10.4425455740187,-23.2816532808359
"IGSF8",-9.41588978106422,-17.4297771320744,-8.91200245698885,-10.6931172334173,-20.2896562021389,-10.6070436474312,-9.57285016317465
"IKZF5",-10.9369580320524,-9.59723259533512,-9.96616694668405,-10.3842496439399,-9.93138212696092,-19.1954326020211,-10.3514983312433
"IL13RA1",-19.4356725654064,-16.8036491403928,-10.7517972703364,-9.33366686904195,-12.152514107255,-18.8737447159804,-21.3045275044063
"IL15",-21.1348222267848,-10.1960435482115,-21.2565974389682,-23.7032463082449,-22.1538349805175,-21.3622179097003,-23.8469374465122
"IL17RA",-19.7811087265478,-10.9153149077842,-9.34931518951516,-10.6818485921928,-19.7578809729136,-9.64104056552199,-20.8336073275469
"IL17RB",-10.6962754636261,-12.8946962910701,-12.9189165371025,-23.6913135217513,-21.3581915736518,-21.1196702809347,-11.8284160165935
"IL4R",-9.19562174465732,-10.3246034669591,-10.4547915292225,-15.8467642785903,-11.7559313751741,-10.5442116190486,-11.1627954838263
"IL6ST",-8.42065011249259,-19.165719643681,-8.59426589784604,-8.91426587658799,-8.9416728353229,-19.5485490121044,-10.1107754400423
"IMP3",-10.2569178792131,-10.0388876720321,-9.41513441240006,-20.6050670966757,-11.8102382014191,-7.81402265786683,-9.55242835521241
"INAFM2",-17.7572140661835,-11.6737046446484,-9.97934548286831,-11.2719355176978,-21.6739008035333,-19.8888122205655,-10.1076540516875
"ING3",-17.2419482845677,-11.9499548657246,-11.2684139139997,-21.6935578729467,-12.693000922948,-10.6191808422316,-11.0809993649655
"INPP4B",-9.04722961392046,-20.8687166467672,-20.6570903437839,-21.1672100391847,-20.1867750551699,-10.1732844979228,-9.85043245896977
"INPP5D",-9.80309780293769,-10.2554930026856,-11.1737967546183,-11.1641497029789,-20.8231499155307,-19.4931992561649,-20.8654005961649
"INPPL1",-10.421621725395,-11.1449465098461,-20.547498429337,-10.0530637220195,-19.3743520649076,-19.0124149544462,-19.1657471659314
"INSIG1",-7.99025731412099,-8.82488637628287,-19.0582327773357,-19.6258682182291,-9.49039490253825,-8.3557360969469,-9.16965530412041
"INSR",-8.69312022275911,-8.80641084263039,-10.8813176136126,-20.199833056051,-10.041332594308,-14.3562513640132,-10.7555529701616
"INTS1",-8.31967028289638,-17.5926382477876,-9.20171230771001,-9.96778804503786,-20.1087086769688,-18.597660495783,-9.47962442696957
"INTS6",-19.5191180521883,-20.4580490592767,-10.2374297623317,-11.2513415103075,-11.2877025781649,-9.41511516928369,-10.9229510108316
"IPO8",-9.47647221615071,-10.4020934333588,-10.1510229468902,-19.435639208569,-19.1726912849067,-18.2713311007836,-10.2300369216658
"IQSEC3",-19.0412809144818,-19.8934526842878,-17.3284712163389,-10.6476573937151,-20.823825187003,-19.712351889605,-9.95640211754937
"IRF9",-17.4724677421609,-19.3909823147652,-12.0481559381697,-11.1239678281213,-10.026277748849,-9.6107719619529,-10.4078354766056
"IRGQ",-19.7519878485384,-20.8415698168985,-11.1389267378991,-21.4212831867756,-17.1534046256922,-10.0074156323596,-9.47090488717206
"IRS2",-18.0412200210874,-8.54884243622583,-8.8912518136508,-9.8003839833541,-9.29417834458278,-18.3602928999956,-9.62049918057011
"IRX3",-9.03632279013642,-19.2644992005807,-20.4626990262769,-11.0005403522889,-20.4749220522245,-19.7234440790285,-21.9171985469765
"ISCA1",-9.46725211236906,-9.64471739287764,-9.2836051312596,-10.4280767368804,-10.7298234272087,-12.4049273564131,-8.82785131801289
"ISG15",-8.23530745458652,-11.7401193270015,-13.4151863103727,-10.2832074363,-10.6869300590186,-17.9910228296987,-20.7515875368813
"ITGA1",-8.68273048324799,-9.65311350704873,-19.7677006962234,-21.8105174449692,-10.4302456174522,-11.1900817586069,-20.1335615148127
"ITGA6",-11.5253310729021,-9.88916883667464,-11.1120587899195,-11.8040198987187,-10.4660331724901,-19.4901634858512,-19.9991121353579
"ITGAE",-19.5378882045982,-9.80692432448866,-20.9820925371657,-12.8809991137299,-21.7122997730834,-11.0243219608456,-9.60295099111309
"ITGAV",-12.2846137379763,-9.10886852091597,-8.83593585943667,-8.89987194701825,-8.50681456990825,-9.00973883418464,-12.2042853594612
"ITGB1",-7.94050322521424,-8.76557121674705,-9.42006093518046,-10.7010370903099,-20.1037087126481,-19.1270575218501,-10.887745274857
"ITGB2",-9.10631085425866,-10.0274258577664,-9.88778120618234,-21.560893533562,-10.7892072799437,-8.72657433419772,-21.4498656868793
"ITGB4",-20.1161187676581,-10.5198202448589,-20.3699827466418,-10.5752074352957,-10.1802409687685,-20.5043291098685,-11.8154690164212
"ITGB5",-17.7256553510183,-20.5867289686581,-11.2675112914574,-9.83952236094039,-10.197825994892,-14.3874576715567,-20.173537280035
"ITIH5",-8.51387184411813,-20.5014464232214,-10.4179099455691,-19.3750811986735,-20.6759059416295,-19.8317082520427,-11.2328667166496
"ITM2A",-8.71045848863866,-10.1328160601418,-9.59037068422034,-10.1961909292196,-9.91009988064768,-9.97268721950699,-12.2793220396221
"ITM2C",-6.52442425474221,-18.3048143565397,-7.13556515274953,-6.76077674638564,-6.82343313298068,-7.07577554212361,-8.95253126291571
"ITPKB",-8.41628953311992,-9.48720681350166,-7.99190460583147,-8.37488886890121,-8.41338395498361,-11.2054370552626,-10.704952273239
"ITPKC",-18.0345204188042,-20.496195633683,-18.3359689887092,-12.0498263149014,-20.3903682853637,-19.610358398155,-10.7498548118518
"ITPR1",-19.6212282231421,-20.762070592176,-20.4243466637311,-20.0916173560346,-9.17447054487093,-8.9747631148077,-8.61442047276
"ITPRIPL2",-9.75865769736047,-19.6357753875518,-12.1538252129984,-20.0990765528259,-12.0256746008966,-19.7825009493456,-10.1218067277649
"IVNS1ABP",-8.65843548523574,-11.3106210084992,-9.79997391944837,-10.263920272395,-9.22146102023158,-10.6907860202616,-11.6361547539139
"JADE1",-12.4997669689153,-10.0531108199201,-10.0673308595011,-10.812528183489,-10.5414898999459,-18.6641560351983,-10.7276180532289
"JAG1",-8.25755964446602,-9.71880460434225,-9.78477375575491,-10.8467407515903,-20.5536479382739,-17.2079153841919,-15.2025048931893
"JAKMIP1",-9.07369751639533,-19.3647265856018,-12.1598452704572,-10.6602253803323,-19.9652219568062,-18.3370725209344,-9.24896801747775
"JAKMIP2",-18.1208407900624,-21.0683457738906,-9.79800607401912,-10.1013200300297,-20.7910578887664,-12.3025165192135,-10.065511830202
"JAM2",-17.6890316571769,-19.5050971482108,-19.7883124539222,-10.3400710059302,-8.98015803012649,-8.7892416630581,-10.4498887774681
"JAM3",-13.3945163386054,-8.04615658963084,-9.84157590221611,-10.4462142555807,-9.87971755852796,-9.42100834775643,-20.3793516806231
"JARID2",-19.6300404190361,-20.8867316605969,-13.6453003127033,-10.9284087546845,-10.7235104035536,-20.4663129450115,-13.3682447255142
"JUN",-8.8710029491468,-9.92067308048358,-11.3780415874052,-9.7297646482563,-10.2425633823731,-18.57018305971,-19.929495418357
"JUNB",-8.22508775165579,-20.6413172744467,-8.68530571657523,-9.15589535504428,-8.76987634694954,-16.6496165591847,-10.7698240673124
"KALRN",-10.0832276425874,-9.44656520772843,-20.6837567388189,-17.3461501113958,-20.2633083802885,-10.3976602597757,-10.6066492310778
"KANK1",-8.77184320774287,-9.61015114737098,-10.502911750621,-10.0259472850987,-10.8460636631968,-19.1026027382462,-21.5143965062494
"KAT7",-9.60279442817855,-19.9286924205073,-20.8020330423783,-21.0522843557219,-10.4061034325441,-20.0031053936171,-9.80669019282036
"KBTBD11",-20.037582052427,-19.396268545599,-21.1743303600411,-9.65161185872516,-9.2054704474253,-17.9202355085493,-18.3806359790787
"KBTBD2",-8.42668951111786,-15.1755585092868,-11.1652322718798,-10.2522345905609,-11.6862865627233,-10.3075835166629,-10.5735423586298
"KBTBD7",-18.7817514824128,-19.8609522958637,-17.0835532085104,-10.9917277203337,-20.7369461751422,-19.0870209192446,-10.9833375592259
"KCNAB2",-16.1611409768447,-20.5454479332744,-13.3852906339882,-12.4907084791209,-9.64672653829032,-20.0421778334251,-8.42171020036799
"KCND2",-17.9886130148325,-20.3964897881975,-20.4248058974883,-21.7700520481907,-10.2519249173543,-8.76069808128485,-10.1187172694838
"KCND3",-16.9409063172301,-19.3315654234788,-8.28530779053157,-10.2431455905613,-10.116078763633,-18.790521892183,-7.38641660774089
"KCNIP4",-19.6689066359248,-21.1023795055247,-10.624774588593,-11.7842313684082,-10.2967477923175,-11.0524789950905,-9.99483394458182
"KCNJ3",-19.5090370344383,-10.2769195526731,-9.7634933637346,-12.3367513313497,-20.8429089090701,-19.7002660406911,-21.964216812196
"KCNJ6",-17.9313615998764,-18.8586055057771,-10.5368751920396,-9.6587940565631,-8.8741122679123,-9.5820602837152,-7.09397569253426
"KCNQ3",-7.84357951661065,-19.8387827525458,-10.241858693645,-18.9189910432199,-9.95942332657113,-18.4378546832237,-8.06236181072475
"KCTD12",-7.347689443255,-18.1582625618249,-9.24860920024541,-8.97246761483374,-9.12788308195627,-15.3675211909069,-14.1608418940348
"KDM6A",-10.8460381688902,-10.0001269848576,-18.8651052934071,-21.7589674332517,-11.4900438837754,-9.02496359694213,-21.779500021803
"KHDRBS3",-10.3531751422484,-20.5522546053652,-10.269270849602,-15.4732346942857,-9.95789843364353,-20.2252934666647,-10.420366870401
"KIAA0319L",-18.4894705835819,-18.3066555167791,-9.19218289439059,-21.2603287239806,-10.0324743060332,-9.54042637001374,-9.37052348703628
"KIAA1217",-8.93494293690001,-18.8984603395865,-9.60083927732778,-11.3769723805712,-18.4327480083288,-9.95215292701069,-20.9995035993978
"KIAA1671",-18.6261353892313,-20.0675348691949,-20.7501152095333,-10.5984173389684,-13.0216933840664,-19.4562471871944,-22.0507787456089
"KIAA1958",-20.1127931504745,-19.6582746195961,-9.46165593682034,-20.7433728321554,-21.1898897966673,-9.67376606440588,-10.9317354052569
"KIF13A",-18.8750008103005,-9.8661068553694,-10.6127176141431,-10.6311196658119,-19.0467919360318,-18.7696716555301,-11.807409398019
"KIF1A",-9.41600876489854,-7.66626965988278,-8.24902384781577,-9.9841075412741,-8.7267537095142,-7.29621854097716,-7.24322847667112
"KIF21A",-7.77453357437193,-18.0629119023857,-7.87673163573912,-8.47731339720496,-8.46247814177876,-17.1311867603243,-6.99868464569307
"KIF26B",-20.6210845214149,-20.9291153730771,-15.4524415361603,-11.7992656748166,-11.7533269156168,-19.8497542948521,-10.8054229453207
"KIF2A",-13.4986809690139,-9.39666654238605,-9.31713686116,-20.857632981559,-12.6870357642481,-20.17582172347,-9.27691832058678
"KIF3A",-7.18698185257012,-8.55343589523859,-8.46917105554593,-10.0608832088172,-9.53110443429298,-7.7261160753903,-7.44460701081026
"KIFC2",-19.0046720241229,-19.9083874494117,-12.8649330628988,-11.8047071615108,-20.7023541670191,-9.31755211385206,-10.2381553157514
"KIFC3",-8.89283474627149,-19.4430727735738,-9.63299179897811,-9.91143661114082,-20.0707957988316,-9.76163560825586,-20.664908754981
"KIZ",-20.1207186204331,-10.4305060344388,-20.2845833674015,-11.7022333266702,-9.88982638628894,-9.99399562602192,-22.1953719077183
"KLF7",-17.9585303681255,-10.5064676221534,-9.3944184924943,-10.1268387655,-9.79756801695096,-18.8608461712369,-9.55381637339501
"KLF9",-7.98875401088865,-8.59320241867243,-9.17529307834635,-9.92198628200801,-9.8096520648586,-9.01095233619957,-10.2543742018704
"KLHL1",-18.1185688749443,-20.8962030989467,-9.62877838542468,-21.8422199527948,-19.1370162019645,-19.4824547656844,-7.97920112643349
"KLHL9",-20.0778893528953,-9.03101279069313,-11.2797315464087,-11.0381562052388,-9.39957483878591,-20.8497976748204,-10.08185106746
"KMT2A",-14.594501184414,-8.77003325807373,-9.36356779308875,-10.5209767338139,-20.2468707154342,-13.7742263640526,-9.27920757790119
"KRAS",-9.60063969679021,-19.4533510919665,-10.6962816421003,-10.9085745572736,-9.78216200351182,-19.6691256685445,-10.3000538633223
"KRR1",-19.0971289492531,-19.3038353963985,-11.1376073221858,-11.0960913813114,-9.0519677699111,-18.8195493232358,-9.63947472002974
"L1CAM",-10.7345183066343,-20.1473126587146,-19.6171188279659,-21.609397956131,-19.1614581421505,-19.4511705426384,-8.93194067057252
"LACTB",-9.85254154834306,-13.1097259560909,-21.2031002703317,-11.328349440971,-11.9399432810077,-10.8417603802698,-12.8929565220824
"LAIR1",-20.9756934787294,-20.5516588190123,-11.0934147056215,-15.6076630426278,-10.9449148820485,-20.5247119654685,-12.3858481272674
"LAMP1",-9.47986145190255,-8.50330058319541,-9.5922068221283,-9.813870379099,-8.83239001388043,-18.4234052993209,-8.91485889492771
"LAMP2",-8.14509006135122,-7.68601645155405,-10.0710103474036,-9.43433068930642,-10.2334427949293,-8.54417728671911,-13.3487583287308
"LAPTM5",-17.9629999483315,-17.6866742585934,-9.06334975485287,-9.39935970573634,-9.09626548742564,-19.0520399463635,-20.5678516872117
"LBH",-9.82922682718947,-21.2259903726216,-18.9847644276939,-22.4268190387,-10.7640692735566,-20.8622967003771,-9.82167039263089
"LBR",-10.0658704261891,-20.5723344017766,-9.68241595062943,-11.8386558543625,-19.3768169467219,-17.8439654523654,-10.8639055310666
"LCORL",-19.7871256671811,-11.2943499631039,-11.3200506711693,-23.2479961466151,-11.3156416227384,-9.18464439330618,-22.4862760495445
"LCP1",-19.6282099895522,-9.3575646503676,-10.0246441265074,-20.5755838448839,-11.1729913607857,-18.9325139432276,-10.4605062334007
"LDB2",-10.0615667151633,-9.92062249503355,-20.7059429918665,-21.7874928525407,-20.5377995666536,-9.75913450107893,-11.0810273145097
"LDLRAP1",-20.3128619346384,-9.90791423476412,-10.0019660246943,-20.8505284114166,-12.763747463302,-20.6291786762561,-12.768617489071
"LDOC1",-7.83897069578539,-16.09470825374,-8.7817709023395,-10.1661090829058,-11.3066430430516,-12.1672153364984,-9.06583345635844
"LEMD3",-19.5841190573745,-12.2487266213381,-21.6485947055275,-12.6149108445449,-12.5015878464618,-9.876565556095,-12.2210818594836
"LENG8",-19.9183665900781,-11.5092482421627,-20.731448443892,-10.2685976026687,-19.2146935917873,-9.53457045301259,-11.4217042119213
"LGALS1",-7.62459946222697,-7.31441502115757,-7.45847626954594,-7.70642715737702,-8.70718903761461,-9.55382974841696,-7.32702926590749
"LGALS3",-9.0055125620165,-10.2733929472752,-11.3713731808076,-9.72701846329252,-9.90493154927829,-20.2402570986826,-22.2427433173713
"LGALSL",-19.5296662368926,-20.6402833714941,-20.6981141773753,-21.8626926410677,-10.452431933851,-17.5090599414346,-9.96539285491054
"LGI2",-9.87855167247722,-16.2434893939219,-17.9315866197247,-15.7894573976156,-10.6990873010326,-17.4947334076631,-9.14788935639801
"LGR6",-8.40827309369985,-20.2646572217206,-10.4131570265066,-10.4201469139529,-9.44837176705356,-8.35619472086145,-11.3602038122364
"LHFPL2",-8.58980974161416,-10.6207925007673,-11.8836155177138,-15.4937767558058,-10.3759383762723,-11.328516323159,-20.1632969610331
"LHFPL6",-10.7522443126711,-20.2637136734067,-12.3709071269069,-9.42988539927907,-9.35487969777857,-19.7409912183078,-10.2578233023672
"LIFR",-18.2470257911156,-8.36916223459638,-9.06235325265272,-8.95670397603893,-8.9316148226023,-9.2068860868321,-10.3370104719036
"LILRB4",-19.8359882958249,-20.6308579897641,-11.5847687715356,-10.6829895947925,-19.9614595911525,-10.1472082083824,-20.9307446881443
"LIMK2",-19.826417187721,-21.3669158602443,-21.5761290364034,-10.8435787034389,-10.0347325725645,-20.0762407987812,-11.0688151939716
"LIN7A",-8.03446553104017,-19.9492478963519,-20.5754244973793,-11.2309077414825,-20.7164853669789,-20.3392417004213,-9.27332773111498
"LINC00623",-17.1604730516229,-9.6786009557919,-8.96980822202361,-19.5198037525372,-14.2611048251457,-8.86715536755897,-10.7974948343056
"LINC01088",-9.37650811349582,-9.51180654958917,-9.68380461419427,-9.30941918710919,-10.4370558314398,-8.69824345430378,-21.4851121312819
"LMAN1",-12.4554506616921,-11.1472765478685,-11.3774690017082,-10.259714271442,-9.56295697785533,-19.9438175795202,-10.4498818973824
"LMBRD1",-19.3698650636478,-16.8841712967528,-9.53444829430529,-9.10884849309754,-9.02165159535269,-10.0116686324595,-9.51632891324583
"LMNA",-9.44148536132588,-9.22443164288322,-9.52578101484041,-10.7456569866803,-9.71406652387942,-9.31998520294656,-9.90197779449357
"LMO2",-8.93263671918417,-11.1424231594819,-20.3063389265346,-18.0793225845539,-20.9030295477509,-9.74710654938018,-19.4933791713758
"LMTK1",-9.44734032023372,-8.13191452635662,-9.62484644980643,-20.6908424844888,-10.5205604846365,-8.59237350632778,-9.54791334233587
"LMTK2",-19.5135342479851,-10.3344347491124,-9.21866957197265,-12.5264253014713,-20.2705192625548,-17.5921593087347,-10.2403110313997
"LNPEP",-19.2265272645756,-20.0964385903833,-20.2747010397025,-10.1783279534944,-17.4689207993221,-17.286196434854,-9.31406605555166
"LONRF1",-20.3583290338516,-10.857281471212,-10.2010938575716,-10.6783689812023,-21.5467923522477,-18.4319202507516,-10.8235975900648
"LPCAT2",-16.8084013170563,-9.41469254212074,-9.62267507714197,-15.5033294552522,-10.321254867826,-10.6883081556279,-11.309222774451
"LPIN1",-9.8093209908034,-19.8921148244549,-8.23030239025499,-8.93946651332854,-10.0611432741374,-17.9753757535452,-9.78990607351089
"LPIN2",-19.1152213668275,-19.8764817058515,-11.172808309234,-10.2842188994966,-9.43223472673155,-8.96072119838617,-9.40002761587189
"LPL",-9.19938551978318,-21.3867725966255,-12.8591642603963,-11.8154353350169,-11.7977154976728,-20.9906876106865,-12.7137596528174
"LRBA",-10.5198349595868,-10.3257432133289,-22.0566954753866,-12.8912839345203,-20.9171633076385,-19.4952004427031,-23.4607148307452
"LRIG1",-8.92682797231174,-9.56581014042215,-9.38791499628869,-9.00326560282033,-20.0857105829036,-19.2464618706989,-10.5553492254253
"LRP1",-8.4812208565569,-10.9032953284003,-8.74837682874779,-9.05610240007871,-9.16416887118586,-9.77152951116962,-9.65019558001682
"LRP12",-12.0630738431664,-18.0201361616641,-20.4480023155581,-11.0196982519314,-11.3858429626446,-9.77336531118032,-11.3831034422869
"LRPPRC",-8.90165620361249,-17.8388914317553,-9.74967506738422,-9.17456221353993,-8.92034070751595,-10.8942141758331,-9.00716748426217
"LRRC3B",-20.5694416151526,-21.2943135989648,-10.6705004320559,-21.236640986775,-21.6420574921246,-10.9647902508981,-9.44764603205117
"LRRC4C",-8.73240493501459,-20.9770210797018,-10.4756948016674,-11.7263435483312,-21.5261478872018,-9.6667499239625,-10.8078599463545
"LRRC75A",-10.0784550421302,-13.515949632981,-18.591350391602,-10.0719789616365,-12.561442107902,-19.6718732230394,-10.9663105969033
"LRRN3",-17.8657973674125,-9.49137281439989,-19.2002028018744,-20.8259847623742,-9.94015932573004,-11.4906592167421,-8.90633519024802
"LUC7L",-17.2857144567198,-9.54548224344623,-20.6464470956487,-20.5319640090455,-9.92828982263299,-19.8580926476246,-9.38546276945581
"LUC7L2",-10.253354922385,-8.90813143695709,-11.2661535403621,-19.7518620018883,-10.4279215696929,-8.58413484702518,-9.41399412407079
"LY6E",-8.08404744873622,-9.41355552361658,-9.27343210223733,-10.7601076066925,-13.0323764044657,-19.184497975279,-9.42938805084983
"LY6H",-17.9201512109336,-19.81916833807,-9.07273759303319,-10.3754843717672,-20.4708935456131,-10.2982336482075,-8.92267235037484
"LY86",-9.79227824661688,-19.9371166524002,-20.7252105789417,-12.8926108916163,-11.0488746341792,-19.210459356836,-11.6865783557764
"LY96",-9.12317288493334,-17.3279657435178,-10.3336878032483,-16.3114763032106,-17.0124590902412,-12.8462151285108,-16.8781495940169
"LYAR",-18.4176134254069,-9.43554930291203,-20.7260930560631,-21.9598904040144,-19.7462279814054,-9.29971763781317,-21.9795415334954
"LYN",-20.3495350273239,-19.1410411993149,-9.87151567871257,-11.8663690686765,-9.96783014183294,-19.3208646601211,-22.0837168737228
"LZTS3",-20.1776789824488,-9.94331830915815,-10.2475441350843,-19.4498421612462,-12.1976315340977,-19.1762869499942,-9.59231341203976
"MACROD2",-9.82653016111115,-20.5024653032228,-10.4762477576129,-21.4912374750145,-9.60308174810518,-9.91030909045199,-9.68410555048222
"MAF",-11.8048564945393,-9.95929130200071,-13.2224961165363,-10.9591874498228,-10.3223131664222,-19.4864698420502,-21.4191584375934
"MAGI3",-10.7214935738821,-9.54243006401904,-19.7780157985322,-20.3177822163994,-18.9834879378254,-19.3051645175218,-9.00664937699383
"MAILR",-19.7269564135026,-10.5217959948269,-13.2274873667822,-12.3952084145485,-20.7960163888787,-17.4881213794433,-10.9504383250506
"MAN2A1",-19.063403566205,-9.34775641087609,-19.2097937046062,-11.4704887612712,-12.0053801550479,-8.75608096967979,-13.1108239476677
"MAOB",-18.8905475448448,-10.2963527045434,-9.27751073357454,-8.920774555659,-9.14398851363909,-8.12763362165968,-11.622353617025
"MAP1A",-7.3319593142824,-8.02234496325731,-8.08941163208188,-7.98391250785869,-7.87126522512471,-6.40533462500307,-6.57502804515899
"MAP1LC3A",-19.1344424389408,-10.8653234278331,-8.58086922347414,-8.86198496716705,-8.60969390844354,-18.6297679573577,-7.79802265937631
"MAP2",-7.66817396950065,-19.5821764394732,-11.3113219249712,-7.71174027997867,-7.90143337519881,-17.6169362462686,-6.91356647818612
"MAP2K6",-18.78201190741,-20.222664829276,-20.026735413856,-11.4914932789414,-12.936958426744,-8.83928312271562,-10.1299179077011
"MAP3K12",-19.4722337571949,-20.7976090845107,-9.60532102341868,-20.7934599983876,-10.297216044152,-18.9338112856208,-9.92813281153439
"MAP3K2",-18.4849706485858,-9.66887465363583,-9.35582725594902,-11.5465650849441,-12.0393491898044,-10.3864324544984,-11.4921559358519
"MAP7D1",-8.48148120540296,-8.42302273472042,-16.2781427192965,-10.2927313569371,-10.6808095347105,-7.78052400394258,-8.08835160320789
"MAP9",-7.66871033110213,-8.34643077152654,-10.9546224158805,-8.53054538418067,-9.6588099734923,-11.0340026696951,-8.13187768233143
"MAPK1",-8.11011815920478,-16.3113450148798,-8.95899285147054,-10.1763110749845,-9.36550857090848,-8.27284578968112,-8.23735807440981
"MAPK14",-9.42839863358909,-9.33082368530987,-19.4088221089814,-21.716111651679,-11.3796003125302,-9.1105087624779,-11.4113932710525
"MAPK4",-19.4055115195261,-9.71522486475609,-9.12296748221502,-9.38606994241023,-9.27890094198839,-19.5887836052888,-21.8624513391879
"MAPKAPK5-AS1",-10.0114809189386,-9.64396142572462,-9.24805543375029,-20.8035995659585,-10.3034015706583,-8.3777337896833,-10.8537428077974
"MARCKS",-8.68798985057567,-10.1695068374868,-8.20583944347879,-7.84189334900024,-8.1845111108165,-8.88010114262287,-11.8656922502144
"MAST4",-9.82294476714159,-13.1618500665501,-20.1933056523544,-10.4052237845036,-11.2150279883573,-10.4161963970397,-12.6557841743435
"MATK",-18.7000194943937,-19.9680335962848,-20.6586516205325,-11.0151539573597,-20.0489785775854,-10.6969009954728,-10.2483196824978
"MAX",-9.28619042376246,-11.9293517622706,-9.40109027463976,-9.35819354245513,-10.9727662342141,-9.29196950239047,-10.5228160887855
"MBD2",-19.3631691167439,-20.3022648249013,-21.6535942221287,-11.3410840759043,-10.1850077882179,-13.976155430704,-9.88647017285521
"MBD5",-17.2019512091034,-10.8006731800839,-12.3627518065757,-10.7704547916076,-11.3416445336972,-20.2918608868936,-20.8248459890999
"MBD6",-9.52741198982723,-17.8671231467934,-12.4430748595178,-13.4740152823453,-9.53033438402995,-9.97826057963364,-11.6959868973617
"MBTPS1",-9.48243820395059,-19.8623937676754,-20.1948960182378,-10.4782165888667,-21.0267176005302,-20.1913200140746,-10.5671112610743
"MCAM",-8.55651623798112,-18.8830931888354,-9.320200569791,-11.5945154504265,-10.0911295652852,-18.1412663987014,-10.3497754142281
"MCF2",-9.10707218192233,-10.2213632256963,-11.0355034545305,-16.7086493373416,-19.5008778305453,-16.2172521819117,-9.42953793115188
"MCF2L",-18.6631365213042,-12.2371165747126,-10.7922932100357,-10.383271881819,-9.56785109865059,-17.3106288070121,-9.99846426987042
"MCF2L2",-10.9429562218151,-19.4524094640409,-10.8943198642819,-21.4136932947223,-10.923006832108,-10.1899212923947,-10.4671874112916
"MCM6",-9.72904464112181,-9.55045107979446,-20.5631790499273,-20.9406446133194,-20.4844924232833,-18.4219431793966,-10.8221190916823
"MDM2",-16.6377091493012,-10.4201397617689,-10.5889461648651,-12.8194914871759,-10.1112999266555,-9.93202806279179,-10.4460248374514
"ME1",-9.53062626948583,-18.1615659640403,-14.1282642312894,-9.70032656835776,-11.338516237556,-8.7898182021825,-9.90916846773212
"MED13",-8.961413442956,-9.43923840802749,-21.3480114442945,-10.6880376265747,-10.7909505333275,-12.0262294416389,-10.2540889699334
"MEF2C",-19.6880082658037,-20.7788323601382,-10.1662387334704,-11.9379734181755,-12.1531664217217,-17.2241575713901,-12.6122485208769
"MEGF10",-9.07850836486278,-9.76390221485191,-9.88302226071267,-21.4144744139084,-20.5369040475648,-10.4563215834466,-22.3314729014233
"MEGF9",-9.98955780901737,-9.97510572772487,-18.3794666692074,-9.30628458722099,-9.32925794051889,-20.1096890799519,-9.75066520189612
"MEIS1",-21.1487143002718,-9.92402679160479,-21.7644707266037,-12.796363163119,-11.0752757008418,-21.1509327474459,-20.9185283595462
"MEPCE",-9.17407492043109,-19.2172568093599,-12.4119315395315,-10.6466457250682,-19.6378993015237,-17.1845451303276,-10.552179902934
"METTL16",-9.90633028079729,-21.1901451765868,-10.0587265822235,-23.1266714696196,-11.0437934015344,-21.3436998724908,-12.7184115390038
"METTL23",-19.0336117378734,-9.74141391914387,-19.266971601941,-16.1244932109533,-11.3847495768935,-8.79434649491331,-11.9084068289113
"MFAP3L",-16.5845503827689,-8.86370851235741,-19.798186288832,-10.0163990821894,-9.65499168166728,-8.40115072979271,-9.78914126180793
"MFGE8",-18.8979520115795,-9.4769705625842,-20.5639926319328,-9.62908153690729,-19.7668896146964,-18.8243804894826,-12.5789255470778
"MFHAS1",-20.8544348923282,-11.1184682189952,-21.4872155973179,-13.658519643911,-20.2553762916742,-19.4822396903833,-11.6061413625647
"MFSD1",-19.2322552210588,-9.20457980168898,-10.2074152128395,-12.0467846798283,-10.1082026226056,-9.03983426126664,-9.19240230134795
"MGAT1",-18.7250486665869,-20.1723223468583,-9.22352392498057,-19.6595690267109,-9.42340302204322,-8.33733696203999,-9.98835469475308
"MGAT4A",-19.7118774143021,-20.8743517267112,-10.167719494937,-11.1331273585114,-11.7022500222052,-19.8559785483771,-11.0200666609349
"MGP",-10.2484660601085,-16.6282968758282,-21.9792993312076,-12.0800151222242,-10.6377038237056,-9.82927776771687,-14.8320832448796
"MGST1",-8.67707873529092,-8.41800436505933,-8.09568080183192,-7.61233778004163,-8.0359185220172,-7.49640008282639,-9.82859641968829
"MIB2",-10.8620025098535,-10.7813847294631,-16.7416333764543,-11.0401186054169,-10.2586083633653,-19.0850721449732,-10.729180686276
"MICU1",-18.7233520790754,-10.75473066932,-9.46300526151281,-9.81813529805349,-10.1364766760478,-19.4658049978486,-8.74346051755585
"MICU3",-9.05369246926282,-21.5044462521206,-21.7671411597701,-11.6733381487221,-21.9399733681865,-21.184467948259,-10.642463658261
"MID1IP1",-8.9003601330438,-8.49486732722885,-9.10087544674232,-9.4475575388911,-8.8465749860299,-8.85539988083393,-9.33524800552318
"MINDY1",-9.71724399128285,-19.1935635704067,-12.8691588215859,-14.3562090356464,-9.91630795236801,-19.2900832003677,-20.0287094451546
"MIR4435-2HG",-10.2389263111846,-10.1433809566472,-10.1050913817211,-20.758472439011,-18.7182088823699,-19.645783367312,-11.0880359094934
"MIR9-1HG",-6.09405622112799,-7.43278044390698,-7.12276443785757,-6.01483916060125,-6.6509507450423,-6.89269313144547,-9.91083802333142
"MIR9-2HG",-8.32055986251688,-9.46579067553791,-20.2240839772,-11.8465446622381,-9.74990141499407,-9.72573577957638,-10.4299520401972
"MLC1",-19.8582380754328,-10.4138882735413,-18.8066358242413,-9.96975348864892,-9.09423810762464,-19.6229875804722,-10.5799866132871
"MLF1",-18.5856547684814,-20.6207698999809,-20.3730866873487,-13.2126515053941,-20.8738774137977,-19.1544104386287,-9.87950731402253
"MLH3",-19.5885533370211,-17.8395252920925,-20.7586310416873,-10.6179184352645,-10.8415810556422,-9.6902079563808,-10.7661630293163
"MLLT11",-18.0959570789364,-13.860947107939,-18.947852993431,-10.1233251893466,-8.73553128049657,-8.03876013564929,-7.45019821008309
"MLLT3",-19.4890346263254,-20.0153763927181,-9.06675803323613,-21.7676050001812,-20.2402756825899,-10.1153199756019,-10.7154764475773
"MMD",-8.43828490170897,-19.6345844854337,-9.55802518063082,-10.9353648306639,-20.6520662937531,-19.4671415595166,-9.49940781248028
"MMGT1",-10.5625348849686,-18.8474893346296,-10.1316523285101,-11.1872531706934,-12.2203854202562,-18.9307892856154,-10.8409887435962
"MMP16",-20.928103303857,-21.3860791256879,-10.7823020982637,-21.3403641285026,-11.1998938081224,-10.2977046965168,-11.1522238603653
"MOB1B",-15.6548423823101,-9.9511629295489,-10.4516672788538,-10.8997010114869,-10.9626127160267,-18.495093852851,-12.8688081232927
"MOB2",-19.9152364133842,-19.7365863813553,-11.5752455435546,-11.726870498515,-11.1417061937759,-11.1320695617926,-11.0205105588966
"MOSPD2",-20.0030120008028,-9.3630127225465,-9.67208117142422,-21.1997054223276,-10.8656785255962,-19.1206142780731,-12.2827297796825
"MPP1",-18.9491244106123,-19.1041985360399,-10.3023698249463,-11.435250338133,-9.7943378626126,-9.66927536124067,-9.29620331094404
"MPRIP",-10.0279371939249,-8.47522932232459,-8.84260002787015,-9.22055809534089,-8.74361363999327,-7.49313053126827,-9.35418976592899
"MRFAP1L1",-17.6543829155044,-10.2124410389608,-10.5791065552032,-9.5835283086723,-9.35750881623445,-19.0284194604769,-8.85105072517953
"MRNIP",-9.87313881370842,-10.4241024135254,-10.7108632277334,-13.7209115356137,-9.64734867548129,-11.4105210278432,-10.8685837857499
"MS4A6A",-9.89795126569765,-10.4071318811575,-10.1353244030416,-20.7410169658833,-11.1470651754448,-19.2262343890763,-13.136571224322
"MSI2",-8.02453367138716,-20.7648387781712,-8.69929733992259,-8.9807873712034,-20.6898863975864,-13.7872992677028,-8.57932353008545
"MSL1",-9.04443208706181,-21.0441065779698,-20.617792275381,-10.0665005769084,-19.9623633335953,-19.8346289935428,-10.2183726617855
"MT-ATP8",-6.62376939883033,-5.36795318135757,-6.47097829304016,-5.83625921153846,-5.79768188147785,-6.33085296029169,-17.1537362065316
"MT-ND4L",-5.81463742238556,-5.71966206737425,-5.95054835521043,-5.40768425304545,-5.50810580118529,-6.0673709131742,-8.51411697681393
"MT-ND6",-12.8663064668741,-8.59261405558048,-7.39643124532915,-6.50514615029979,-6.78711000867622,-6.76788503017627,-21.3932836042261
"MT1E",-6.89069304971778,-17.0884473434143,-6.06028969011042,-5.4058746145091,-6.12372322790588,-7.46754195407803,-19.7743470944247
"MT1M",-6.90091608143516,-19.09826680444,-6.7246947916118,-6.06809357014258,-6.42243144532238,-6.76334119484036,-17.6315905472682
"MT1X",-5.38971316882016,-18.3437113515821,-5.94308224063059,-5.34207224257759,-6.03302828153621,-5.53886850088334,-7.90850368808882
"MT2A",-5.08104112709654,-17.8482461130929,-5.04707527424217,-4.44588607852368,-4.98897271440366,-4.98594871772636,-17.5267582736935
"MTA2",-9.34922952403066,-20.2163460910925,-11.3435459829252,-10.5964170668854,-20.6419862061803,-18.4748161453162,-21.9381098242374
"MTARC1",-19.1390220688213,-19.5901379743923,-18.4165892977819,-9.91365362910859,-11.2099626907173,-11.5346566006966,-20.0098847497919
"MTCL3",-15.0178955472959,-10.0720095695634,-20.4386634467127,-20.200829907531,-11.0635141510206,-15.8238985032256,-9.82955841349428
"MTF2",-19.6602641951234,-20.4118562658021,-10.1665262937438,-11.7056483296812,-20.8709607776166,-18.7937820746904,-10.3050232957597
"MTMR3",-9.32240023585366,-10.0689671863619,-8.88415733709272,-11.6513319873474,-10.3418518898545,-18.2879101318281,-10.2098495391827
"MTMR6",-16.646374546832,-11.7659273036403,-19.8842694269493,-19.4247822618285,-10.7577766999896,-8.24253069148963,-9.07150342309655
"MTRFR",-9.83702350163355,-10.5734871811011,-21.9223160182073,-11.5376730929456,-21.8598625983216,-9.47373526169016,-12.9950921748831
"MTRNR2L1",-5.74499923706004,-5.710025321508,-5.66958490450196,-5.51539192266809,-5.72441068484321,-5.88156801534096,-5.75592367250229
"MTSS1",-14.7132388397506,-9.74789738203561,-9.22464952916031,-12.0781233630291,-10.5494797355397,-18.4287588890943,-10.5918622491824
"MTURN",-15.8730497490437,-6.83355299653621,-7.14813229402389,-7.71728631979285,-7.01403864436386,-6.82027964883905,-9.13862985288504
"MX1",-9.93324055589854,-18.4929091954706,-10.7759239907,-18.7101879690882,-13.4872017233357,-10.3629891946384,-9.69095937778231
"MXD1",-19.802029522085,-20.3970393547267,-10.5496596531385,-21.9118967988964,-10.0776761449839,-20.6286141112207,-11.5186803406335
"MXI1",-19.0424268594196,-9.11012098049998,-12.1985169350297,-9.89122229673953,-9.47286026617471,-20.447087539183,-22.4665329043488
"MYH11",-9.80717142866518,-12.7379533544819,-19.9060344453346,-22.30618103382,-11.3252871348107,-21.4437797527621,-13.1456007888706
"MYL9",-9.22573908725408,-10.7455402238864,-11.4709790811508,-10.5749740184912,-10.2524087196512,-13.6828183059108,-20.6325977561361
"MYLK",-8.83243633599281,-7.99813972584904,-9.03748235728926,-9.30275051275707,-8.52744039988868,-18.3369723715443,-21.3968528533857
"MYO1D",-19.5214597615531,-9.32836137302002,-11.1419098212171,-22.6939002073088,-20.1615152474983,-19.5981338945618,-22.6266732684296
"MYO6",-19.2565199540989,-8.32617507124245,-9.9085574232175,-10.28087783268,-10.0264402949787,-19.6029993777136,-12.0662222148222
"MYOM1",-9.16770506975408,-19.7311857442092,-19.7810751825694,-10.9468059084785,-9.37387683218438,-11.686781151736,-10.7246779540826
"MYOM2",-21.1483368593974,-21.4885425090266,-11.2798260384885,-12.8822597227234,-10.0567022625087,-9.84273434267504,-16.6149636425049
"MYRF",-10.5650219133246,-7.63553730472641,-10.2985449332815,-10.1976703926164,-17.3946417786975,-18.378921153933,-20.9412674604328
"MYRIP",-18.5064064526619,-20.4750077313531,-9.62970646676679,-20.6866750845018,-18.607130359136,-19.4479397711105,-9.2421833240543
"MYT1",-18.4775557596861,-10.7287153899135,-18.4307723279373,-12.8239094397448,-19.8836115139463,-18.9461508754054,-10.3156309000601
"MYT1L",-18.473794058911,-21.0842239642044,-18.9152373091033,-10.099744738731,-20.9844006824629,-19.2897320058814,-9.28459142374188
"MZT2A",-10.2605246410769,-9.14361990004471,-9.5373894764167,-9.27076781864027,-8.95337481407037,-9.62803055339818,-8.92922542227187
"MZT2B",-7.09530143610679,-8.41601471359461,-7.91337364218367,-7.8556711309746,-8.84612206732568,-16.6959535474183,-8.9963656406594
"NAIP",-17.0632346571192,-9.40709778020891,-9.74116125210643,-19.5783547257934,-11.4885199249045,-19.4548954125099,-19.5888230007561
"NAMPT",-18.1414620581293,-9.32595343558779,-9.59408636541166,-10.3428917563649,-10.5207058486994,-8.12861267037426,-10.0416568975647
"NANOS3",-10.3722725088465,-18.589752421071,-20.2959313452452,-12.4461938344115,-10.9923944471642,-10.3838493973513,-10.6439349046742
"NAP1L2",-18.1892962888204,-19.4094854889958,-9.19301807270449,-11.5346025794308,-9.89017764882589,-9.37282912094904,-8.27664180256368
"NAP1L3",-8.96641272781807,-11.2811970575907,-11.259112252714,-18.7220372130296,-18.1251469312929,-7.92240298042522,-8.19303408930265
"NBN",-9.16949454605651,-9.11544974631988,-19.8356799617495,-19.432865789801,-19.9092813297243,-9.93458696649786,-10.1070152075254
"NCALD",-19.1099525259426,-20.9036933837791,-11.1959873841085,-21.3801536056672,-19.9329444591559,-9.04274713101138,-10.139045314838
"NCAM1",-17.2226160908781,-7.34514412571867,-8.30485193505763,-10.1304287118452,-8.45935658664546,-8.05983998371787,-7.45576115316402
"NCAN",-8.56274757802936,-20.7674000883992,-20.5010589083738,-10.4383403799537,-10.439598491835,-19.7766608420185,-9.53751536812764
"NCK2",-9.49707231987636,-8.9988446046474,-9.94867238369767,-10.6939408652155,-18.2930997673631,-19.0808249170687,-11.0180126529091
"NCKAP1",-17.2189887374973,-9.39296195935412,-19.1596251815767,-8.88629650016945,-10.7999265129342,-7.97073190072929,-7.81423557986741
"NCKAP1L",-20.1175361013505,-10.7514820818996,-20.5747172963698,-11.6492857830065,-11.5759988971559,-10.939652665817,-20.2563687123378
"NCS1",-9.3165159929267,-19.4598595432206,-20.3210172436534,-9.41742385678251,-20.0764610700527,-11.7802095405625,-8.44980420261039
"NDFIP2",-18.5828666496676,-10.8104204405328,-21.0321645188048,-19.9828214225359,-10.3495196675274,-19.5581384012574,-9.67221814863456
"NDP",-10.6521640802234,-10.0124309958239,-11.8812893796211,-11.0001953879422,-16.9132330260684,-10.7922584239467,-22.0335791628363
"NDUFB6",-10.9258496019778,-19.0478355858084,-8.67460337241791,-8.67837709713389,-8.49630217816323,-8.65140765759188,-9.52812520378347
"NEBL",-18.2571441955067,-10.1572108260276,-8.70805877471551,-7.92238979624575,-8.20840596027978,-7.40664573085035,-9.66889979957324
"NECAP1",-9.08264800786421,-19.2724357899661,-18.6837645193886,-9.65858348147135,-12.1152997460351,-17.8455830011212,-8.85810170136689
"NECTIN1",-9.19538064654138,-10.1026870096701,-10.5945062910543,-21.2951740207495,-11.8555813437339,-19.6572897622036,-10.4769365316789
"NECTIN2",-8.42053229150423,-10.8437965177861,-20.7710700251771,-10.0785392180895,-10.487614834612,-13.1758377191865,-19.0648070341535
"NELL2",-18.5160582793656,-19.1322651770668,-8.75376894160457,-10.9234133774899,-19.4321134185365,-8.9829014909126,-8.94907963044675
"NEO1",-20.8288402280653,-8.5889837768112,-10.8063753335677,-20.6750293391002,-10.027620063635,-9.47569271658928,-10.2040922742783
"NES",-16.711216631888,-10.3125650781582,-10.4921755569374,-11.8401504915612,-11.2614720474965,-21.4296247802879,-19.1911909162563
"NETO2",-12.6859031330529,-20.4172590152972,-20.2114803014175,-22.3880479528561,-20.3198536547395,-10.676049849779,-10.203170943378
"NEU3",-18.6071765360491,-19.2185055584228,-17.7214721536848,-12.8344163129677,-20.6352229099405,-11.198678544954,-9.73657031416469
"NFE2L2",-20.2781556140713,-9.00129577844734,-9.19073405367616,-10.201521389763,-10.1662354742445,-18.7141269987626,-10.3777031070211
"NFIA",-8.32042395588121,-8.45939332203434,-9.34456283829687,-9.17445154749407,-8.73099247962612,-9.69914274390397,-22.1279657597341
"NFIB",-9.65678557109403,-8.43679709076466,-11.4162442356178,-9.70167862671263,-9.25587469736942,-19.4761222498901,-12.6287303077912
"NFKBIA",-10.088988884039,-8.50136388372609,-9.33412984718478,-9.87612477587135,-10.5259034562615,-19.4271060110459,-10.8215154065088
"NHSL1",-9.77488187488093,-19.3924093212212,-20.2316611861993,-10.5053756465286,-10.5183885904924,-11.1367265856299,-18.6213861125805
"NHSL2",-12.0096307968973,-21.7453986250758,-20.4523034884954,-11.7492367685455,-11.5717970166024,-20.8345321033224,-10.0722672436782
"NICN1",-19.6438298545634,-20.8810801239933,-10.9194380513811,-12.8620633699705,-20.033573390924,-20.7689982968133,-11.2608281746697
"NIPAL3",-9.84581152195012,-8.56482099396582,-10.1754707579297,-9.8525572150569,-9.22196794603406,-19.1252658131745,-9.2639520429376
"NKAIN3",-18.2972904851885,-8.74980166904331,-12.1013301855599,-19.689898799697,-19.4383747538927,-10.868014063132,-10.2341866457316
"NKAP",-14.2199864688811,-9.10362607329768,-9.87505441616755,-10.4263594243989,-11.9079251777901,-18.0722395303524,-10.7289294277025
"NLRP1",-17.260343335934,-10.5594186872709,-18.2852088475828,-10.23068245803,-19.1639629006084,-18.498862858787,-9.69466003415403
"NME3",-8.31052144219091,-9.52398948966756,-8.71324863486107,-11.7688126741944,-9.00181773853646,-8.93992964971981,-9.01613743695077
"NMRK1",-9.85845555872563,-16.3312855285695,-11.5443577729068,-11.4493088536128,-10.5790533324627,-19.0960246306261,-11.9058069064528
"NMT2",-9.48165890430473,-10.3323302612917,-16.5096031071415,-10.6799037449423,-11.5127371553061,-11.3759985422273,-11.1643936637371
"NOL11",-18.4808246436168,-20.8506263540616,-9.92489316280547,-11.7676856191978,-20.5766167737646,-8.9514947950282,-11.1330918297394
"NOL3",-17.5409744745468,-8.87282345632133,-11.6414200709883,-9.44289160057059,-19.0528195589996,-9.17101918915382,-9.75497443690058
"NOP53",-18.2247976468858,-9.17879060457789,-8.91195283898905,-8.91943823466319,-8.4537730823934,-17.3769876733672,-19.7407621192597
"NORAD",-8.08368685007022,-9.52708645949002,-7.80555292682316,-7.76258012523415,-7.69446577296866,-7.72918997978178,-6.9010736098528
"NOSIP",-20.3662250164787,-20.1996033670275,-10.3898939556022,-12.3273968946507,-21.7877145348768,-9.62176739750816,-10.5065024189896
"NOTCH1",-10.2197231979582,-9.54327904521114,-10.1836281128957,-11.4146950518429,-10.6081525080922,-9.02574833413377,-19.6549212805963
"NOTCH2",-10.1173736154031,-12.0014420965478,-9.86695806888757,-10.3773251675679,-9.16764907853094,-9.04599387703353,-21.0458946394426
"NPB",-11.5610987394496,-10.6279341764323,-10.7685969729144,-22.9046341483103,-20.5909884390823,-10.6257919506739,-23.8046354949612
"NPHP3",-20.7411469017648,-21.5316985373461,-22.3184291869036,-12.9631088914867,-11.0095402392396,-10.4174294602635,-21.3194891491547
"NPL",-14.3027691712996,-19.3110719136992,-9.22235123611151,-10.4370276263778,-10.7606402257286,-18.9205405886219,-10.5091941952604
"NPNT",-19.528075327542,-20.6180794670065,-10.4809581796943,-13.0928431538351,-8.83747597868449,-20.083952409465,-8.3369980076611
"NPTN",-18.4485859193767,-17.9234538083726,-10.2167236442032,-20.5405754566951,-10.2541169887171,-10.2380752956488,-7.52586713977176
"NR1D2",-19.1088676481314,-10.4633885680938,-10.8753296175338,-10.3920725260494,-20.5390043511342,-19.8229008096437,-11.0456272131752
"NR4A1",-19.2148366452396,-19.2852462602907,-10.2142208073489,-12.6952650381945,-11.5683125886766,-10.337401135812,-10.7467827349691
"NR4A2",-9.28193578589025,-21.6171174229498,-10.5293707900836,-22.1303809223134,-21.4460773061639,-9.21915930595017,-9.07251115142646
"NRAS",-9.68997700040658,-9.68055653331012,-9.57234508211527,-21.6958750499109,-20.4366841665899,-19.4557508800109,-9.17039560611477
"NRG1",-8.70428835412188,-19.8393291933138,-20.696802409514,-12.3767246445226,-11.8841581044583,-8.8737626824102,-12.489480953443
"NRG3",-18.92350800908,-19.7835183779259,-19.5228800333545,-12.6521170034796,-9.92385544734239,-20.0076508801853,-10.4463880461253
"NRGN",-10.46008824399,-9.88584641979137,-10.917665230302,-12.1174085159974,-10.9571417636216,-9.82712406795358,-23.1440386648452
"NRN1",-20.7787495679541,-20.5195905824347,-9.75390553723599,-22.0707363270394,-10.4292823517954,-9.69544870022921,-10.0293043069865
"NRXN1",-8.46547224877266,-20.999545912483,-19.8047891984871,-9.79384654446838,-10.3742435721733,-18.7361349952163,-8.8770256503491
"NRXN2",-7.76681420984185,-20.3080919153939,-19.3231606682893,-21.0875538967545,-9.0460489672337,-16.7195894703031,-8.47747264887025
"NRXN3",-11.3313720545704,-20.3505214376951,-19.6498872618328,-10.0450136098054,-8.63622463260939,-9.73475522149817,-7.26154047938648
"NSD1",-19.6864956506081,-16.0701308162689,-20.157207183688,-10.310313271643,-11.3038391928444,-10.0107737449228,-10.6041989468012
"NSMCE3",-9.65185495207458,-9.72432992025146,-9.99293486825983,-10.7202523592471,-17.7667006590203,-10.086337037825,-10.2621857405965
"NT5C3A",-20.3791199846586,-9.49897162605823,-20.5527777414963,-22.6722278927844,-18.2659954920678,-20.8575611504638,-11.3747594336956
"NT5E",-9.67871021831957,-20.3961556093951,-21.5500484467614,-10.6797235256803,-10.9594687304217,-10.4587148560478,-22.2982758296943
"NTRK2",-9.74912097430451,-7.72506418703215,-7.65737199492495,-7.20703170752,-7.07110592048804,-7.77140488788927,-8.75808999772858
"NTSR1",-18.6905285187287,-20.7478974783939,-11.8955863308654,-21.2473870798162,-20.7071029359752,-19.5114170175598,-9.5678230812872
"NUAK1",-19.1384443891976,-9.53557321172866,-10.2965247458993,-10.1168226298658,-18.174686371447,-10.8123521233667,-11.1009678885425
"NUCB2",-17.5281307485519,-10.0839381089713,-10.4411338769315,-9.17879680119174,-9.18504702098601,-17.3855747851986,-10.7333849985594
"NUDCD3",-7.93805239840105,-20.7607392529174,-10.4313780295322,-19.5123602385108,-10.8527976887315,-9.7446113806448,-8.91890711598626
"NUFIP2",-9.37840869134668,-8.75750914178583,-9.64557649435189,-19.1330657480157,-10.3833869292213,-9.2459410441082,-9.37336900522164
"NUP50",-11.593325539625,-20.9316561651205,-21.8826060508228,-10.4145243757529,-21.9574253043398,-20.7242747170372,-10.9602711251224
"NUP58",-16.5203096408244,-10.1293547005239,-9.49005640877162,-19.6777518190745,-10.0600707177059,-18.7698832960826,-9.9518083891842
"OCIAD2",-19.4199402980304,-21.1654333577814,-10.3823587740791,-15.5881768981326,-12.1494144205929,-9.50587273454037,-9.74976789991075
"ODC1",-8.22481303624572,-20.0065568292229,-19.4417941814418,-10.2611958543684,-9.01347421403165,-18.7448060656928,-10.2573070542678
"ODF2L",-19.8580412844015,-9.5316700800177,-9.72189981479096,-20.6636192130949,-20.8805824516551,-10.4742342074833,-11.3664521622305
"OFD1",-9.93159820509194,-20.2703781360601,-21.365945311211,-10.2831070371601,-11.3066990540345,-21.4345748641259,-19.8833528842852
"OGFRL1",-8.86895518686463,-8.5756092424669,-12.478839392521,-9.61719560559981,-9.51010437971876,-9.7285591296434,-9.57341305674879
"OGT",-19.6824392747898,-9.96274880317245,-9.17745038998939,-21.9688725376557,-9.65728428657137,-17.7774174617817,-9.75390241760153
"OLFM1",-8.26692782316553,-19.4264966070012,-8.82347328090026,-8.16136960630172,-9.517127559074,-7.26635638523325,-8.26612261894821
"OLFM3",-15.2053588120514,-19.7450963023582,-19.5911239211873,-20.2166787778646,-13.9439742430655,-17.2086400978488,-9.42454811144351
"OLIG1",-19.8118811878908,-8.25849627195143,-9.62962414919438,-10.4170041356411,-9.29611598850901,-8.41353543828668,-19.6447810129143
"OLR1",-20.7057869798195,-10.074130866259,-10.8809894322332,-12.8889167781649,-11.0079274420256,-10.6940257968443,-22.659759064587
"OPALIN",-19.7929675533136,-9.75873713111621,-9.75375116723881,-10.9007122127706,-20.3650879884573,-16.818723407351,-20.7651738215688
"OPTN",-8.00650758520857,-9.03862302661506,-9.18226661038563,-9.13514828983135,-11.3368772383965,-7.63379999927882,-7.53390024046812
"ORMDL3",-8.87819519519548,-20.4304106580697,-11.8890623927206,-19.5727359905944,-11.1784598019214,-8.57231624920394,-10.6376695117988
"OSBP2",-9.01939262349629,-19.6474133279364,-12.1857682082528,-22.1585560611115,-10.5310084896114,-10.5783160064545,-10.6547947283207
"OSBPL10",-19.3735843411061,-20.5017439691361,-20.180071970973,-21.0782971576305,-11.098597965014,-17.6360528666729,-9.76239233314979
"OSBPL11",-9.49091339305833,-19.0339237455822,-9.26258246645564,-10.1394023361581,-21.1095906094503,-8.42898517326656,-18.5152743722347
"OSBPL1A",-18.9581213859505,-9.19534646045422,-9.34139504028663,-8.78410864728814,-9.20750963483443,-19.2149769736047,-17.783119204914
"OSBPL9",-10.2890245628266,-20.8245244683848,-9.47777070372574,-21.3604165701934,-9.48706065687047,-9.57010561327569,-10.1075354281129
"OSER1",-9.19949579535125,-9.08037635317045,-12.0427232150811,-11.1305589915247,-19.001555597796,-18.8273461819605,-10.7936770778968
"OSER1-DT",-12.2419702781058,-9.31404634493136,-10.1878652263896,-10.3133159530442,-17.6487890978343,-15.8457789513765,-20.3118088017204
"OSGIN2",-9.56297213683839,-9.85263938172107,-11.2614109649449,-11.4141826326999,-11.1637243571929,-9.22644529065022,-11.4711798244043
"OSTF1",-8.29284699519424,-18.8771067436089,-10.3257341523797,-10.6328015268233,-11.0890911461396,-11.6636793168891,-21.2230014405405
"OTUD1",-11.4982017144519,-9.70618142627535,-19.9228991219559,-20.1781093195755,-19.9050030907575,-9.16009405200568,-11.608676109099
"OTUD6B-AS1",-19.052709147579,-9.98221825467508,-9.9596273530272,-10.7974848784064,-18.2558695771085,-8.13429653306505,-9.29574293074088
"OXCT1",-20.2164312934641,-19.6095304397984,-10.9664650013676,-9.433638276791,-10.1756126207119,-18.7610102609931,-11.6043220083567
"OXR1",-18.8370628838059,-9.69645354432912,-9.43877324740955,-10.1724867709845,-9.27874773558853,-18.9635089323039,-10.8623654407851
"P3H2",-11.0403766137084,-10.8278635410593,-21.0138873578292,-12.4220471957976,-20.7066589437163,-18.2887267444393,-21.7054811851158
"PACSIN1",-19.4969024448672,-20.1448322147877,-18.4549792310774,-20.169987985054,-10.4172630695272,-18.9997758858925,-8.36876369563974
"PADI2",-9.80530847500298,-8.49642164885513,-8.1026037728038,-8.49133922299013,-7.88531679683297,-7.78929233593266,-10.7064556374312
"PAG1",-19.4339958992983,-21.1585763576232,-10.491496793895,-14.8640032469901,-10.3681094781982,-20.0595476602617,-11.7479363213196
"PAK3",-8.12344199253141,-21.0443246510154,-20.2849920656443,-10.3035182734113,-10.1229329046339,-18.3101048242627,-8.84036197659533
"PALD1",-21.1087226421908,-11.205512577253,-10.8167437264016,-12.5109384178135,-22.2932347499362,-10.422705722792,-13.1397474547008
"PALM2AKAP2",-18.7217718521224,-9.32497744368207,-10.0035362846758,-11.377356788313,-9.30267957559415,-8.64046335573367,-8.54576530050899
"PAM",-7.98615909867981,-20.7991980433632,-9.71679357097143,-10.2489289046487,-20.850296148336,-19.7836230461061,-9.17700524967409
"PAMR1",-10.5341424521857,-20.0492481557793,-10.1859776800019,-10.6391476870612,-11.9569674797004,-9.49692375904417,-10.6979312659241
"PARD3",-7.90582767767763,-19.7343571011779,-20.5324849338337,-10.988997712279,-9.75104647870452,-19.7327785940005,-21.1256634428158
"PARM1",-19.0837387444037,-20.120493720081,-10.2699069102303,-21.6008690829919,-18.2739883387829,-20.1039376778426,-9.84107083758173
"PARP14",-10.9818398773352,-21.0340408254935,-22.447560943386,-11.4426763714864,-11.8882309620705,-20.6422261729411,-12.9541258361106
"PARP8",-19.71523272311,-19.5420100550233,-20.9641616713882,-11.6172280321648,-10.7184001784009,-9.55480326438233,-11.1883802126877
"PATJ",-19.0500378550514,-20.4813791296719,-9.7139317043305,-11.0363864373185,-9.2252756953634,-19.0285753976269,-10.5642156464064
"PBX1",-8.8399175331225,-8.9998462659933,-10.5193908485361,-10.33796222118,-19.6708415332564,-10.8674925136746,-7.64034380957129
"PBXIP1",-19.5530238057456,-20.4142817531055,-9.65755229753072,-9.01947736227249,-8.49409563609336,-18.6698276212122,-8.7706430181134
"PCDH10",-8.08897153151776,-18.8235309400751,-9.2064021796319,-9.42912595762536,-9.728582278173,-8.66658159663869,-8.10511170004695
"PCDH9",-12.7439651144078,-7.45674366579469,-9.9695852042369,-9.14922577434926,-8.2188666260508,-7.75476033125473,-10.0277213699119
"PCGF5",-8.95099620775069,-9.28661434772624,-9.34820734092426,-10.7519025151393,-21.4165284410122,-10.6088909431095,-9.78476669049704
"PCMTD2",-8.70710142896936,-11.1082595286997,-9.49422985896728,-11.0495429758485,-9.79826435081116,-10.1404280788888,-11.0313066719354
"PCNX1",-17.0384501917631,-14.039310201513,-11.8538716072378,-10.2998230839198,-10.0209261153652,-11.2255195288175,-9.83479926892508
"PCSK1N",-7.60426240708173,-19.056893801545,-8.47432425103924,-7.67305195435608,-7.48977461832072,-18.3335114567989,-7.53968397702174
"PCSK6",-10.0372310706422,-9.02552211919923,-8.93887491097254,-12.3097063318943,-19.7985749091139,-9.86190282983688,-20.3829455699303
"PDE4A",-9.80063026230766,-19.8698190914127,-17.5983910548801,-11.4917736233003,-20.4991487027762,-18.6688554896173,-9.82430865647493
"PDE4B",-8.42951173934582,-7.75817227842158,-9.66101063435379,-9.906184713427,-9.29930085242055,-8.98317564470178,-19.1087392491511
"PDE4D",-17.906809156609,-10.8702494544292,-18.590970409964,-11.323485172328,-10.99752250186,-9.28828973063989,-9.52389153791019
"PDE8B",-16.9927943929545,-9.11441357321472,-10.6220443940962,-12.0069086756668,-9.96371219329865,-9.58928681574784,-10.0270801490733
"PDGFA",-18.830362930944,-10.2343522421695,-9.33144127490521,-11.9305825896122,-9.57641346253033,-10.5945214739087,-10.0939786674612
"PDGFB",-19.1479825235011,-20.4682080220441,-10.4756152034918,-11.4196939867882,-20.150660863586,-18.7488285887059,-10.5266997370796
"PDK4",-7.84706512678159,-9.00984651062286,-10.2848677984328,-9.01954704183112,-10.6422717516563,-19.5560480312744,-21.1946546742582
"PDLIM1",-8.65681410796513,-19.5854485836396,-10.5581850495342,-12.6112126692804,-20.1573693380188,-8.94585334414849,-21.6317934532488
"PDLIM7",-18.0386870688572,-18.6286560608245,-13.4129524359012,-16.1449122106812,-19.1740432767452,-9.03682562282213,-10.1000090384141
"PDS5B",-8.78513285034644,-18.3016463015186,-9.5084404448391,-10.2108812298303,-10.4002547853769,-9.45219808676091,-9.45565688341032
"PDZD4",-9.41704886272272,-10.7642687189153,-10.9329232468581,-10.9333950283848,-19.4234398560002,-17.1826380464987,-9.97946176663146
"PECAM1",-8.96969972912053,-21.0392808969695,-11.3298043068903,-11.5442551976513,-21.4809774330377,-10.2919679279343,-11.2265683296741
"PECR",-20.7621983430445,-21.2203318599611,-21.7445044271746,-22.4969082571288,-12.3811220123769,-20.0063999383524,-11.025536187244
"PELI2",-11.3222879533208,-10.5567086878174,-22.0343219168582,-12.1780459688433,-11.0186488542909,-19.4514189549666,-12.2349796767261
"PER1",-19.4244193753391,-11.1393577745277,-10.1336727964608,-9.66386289618498,-20.5314648026641,-18.9788559029491,-19.1299297945056
"PFN2",-18.2447750957091,-9.0259743387116,-8.1672111917564,-9.28327984086259,-8.76423760864256,-18.0723090466693,-8.12118161375711
"PGAP1",-20.178419981861,-9.72973157593684,-11.7913860347246,-21.8701599957585,-11.0079243639238,-18.6533673367041,-9.94480174647275
"PGRMC1",-18.4157891185093,-8.75375349380707,-8.3094611527631,-20.3306436580656,-8.2421604964786,-8.02655825247742,-7.33159935453588
"PHACTR1",-10.0166116982469,-12.2016848000479,-9.95790069471747,-20.9107614723338,-10.864557389259,-8.87473130096214,-21.0399746260017
"PHACTR2",-20.2847559549886,-10.4739463390436,-19.9154806850149,-22.1900610267827,-9.49762110585878,-8.61774285063507,-11.3753174048599
"PHC3",-19.343957268884,-20.2690970857944,-9.80077748652361,-20.8483867613617,-11.3656472499,-8.20618536991788,-11.0666202108708
"PHF1",-9.8670576690138,-11.6719753722301,-9.8153859167305,-10.8739945309264,-11.6646553599151,-10.7191725444612,-10.4682775091838
"PHF14",-10.5639620697671,-9.81693818631523,-9.77490960232439,-11.3062471664811,-9.56524869089978,-8.47630983445506,-10.4938499384976
"PHF20L1",-9.24421762800623,-9.76154091038236,-9.47666294289994,-21.8199171755818,-20.7176697645893,-13.2118313691693,-19.9241211308033
"PHKG1",-18.7599242078375,-11.2034115370249,-10.6466110119971,-19.6099416968738,-11.6474536698111,-11.3947964476563,-11.2102066885869
"PHLPP1",-10.4571273719086,-9.33092618434434,-21.3897980603119,-9.9982063425156,-10.8673568102104,-15.0173063409155,-18.2562935810282
"PI16",-8.7018008653902,-20.1806394710357,-9.37857914033635,-20.6397547761229,-10.2267084197506,-8.99466135926272,-10.4378020757463
"PI4K2A",-19.2930499035716,-9.7225847979104,-21.7529222660298,-11.1693254372267,-20.8578683072051,-8.91552800325968,-10.3588021523668
"PIANP",-9.02115774180549,-20.4467833660701,-20.511677387581,-21.2523095105216,-11.8083008624895,-19.5292810693286,-8.85038848448578
"PID1",-18.4390255371805,-10.6952854979698,-9.3018166050815,-11.1602978870587,-10.6386664147491,-19.9662430330974,-8.95375098949739
"PIK3IP1",-9.82955409541497,-19.8555460510543,-10.7688536245044,-9.83092282469378,-12.5904701150261,-16.5354045839716,-12.6010192973736
"PIM1",-18.714250115757,-20.2651483107906,-11.1266194046739,-10.9836840003168,-20.7600385445004,-19.1505520552498,-10.1917956430036
"PIP4P2",-20.0882785602351,-20.9413048625412,-9.70378496867124,-9.93517148474587,-9.40199322970437,-20.4121361555006,-9.5510927835946
"PIP5K1B",-18.5654171886601,-20.739115726982,-9.74380162259813,-10.770495114736,-10.7866817377845,-18.1609290965921,-8.72482166173588
"PITPNA-AS1",-19.9596664172293,-17.6262838055086,-20.3810720045622,-11.3111008175149,-21.013361963177,-9.02413894557881,-21.5247442618998
"PIWIL4",-10.5086426379257,-10.9140707046472,-10.4803160490128,-22.0245695733944,-10.7533341244157,-20.3624403006519,-22.439193885386
"PKIA",-19.9118000069633,-20.5669354889569,-10.9760287923903,-9.96326891961171,-20.2828611738724,-8.3078333345087,-9.25410197238054
"PKIB",-9.0554303457596,-10.6235506856064,-11.2202409635212,-13.8419623738206,-20.0637139635815,-10.9399799759815,-8.82606080201634
"PKIG",-9.65604982036651,-20.7332786601411,-10.9093459882825,-10.0414997759583,-11.1041339645245,-20.3563657831793,-10.7340011455744
"PKN2",-17.4875986661787,-9.07082685830033,-18.8527165840862,-10.4955382696719,-12.3133944617416,-18.7766182141247,-11.2012741538355
"PLA2G12A",-8.90206525484662,-18.6173962083422,-19.8041006272902,-10.9355825276084,-10.2602668468877,-9.0770898260972,-8.88824033240639
"PLA2G6",-17.8301918214412,-11.0270889272033,-20.327872828152,-10.7081490859955,-20.3241225618559,-19.2701394441622,-20.1322589895137
"PLAAT3",-8.9115215875641,-7.23535296239501,-8.70374940522562,-8.20049942616057,-8.23555804030786,-18.0630396613365,-18.9981185936431
"PLCB1",-18.6605775655477,-19.4265714905989,-10.2808253291446,-9.27415954068955,-18.8233353493539,-8.58368179265464,-9.2614125813478
"PLCB4",-10.5135352502773,-20.9850626843811,-19.7115182465721,-21.4999785370061,-12.696115171313,-18.5268211624413,-9.0275704229244
"PLCG1",-19.2273738028615,-9.96717688331535,-9.45543369338539,-12.1213441497161,-10.5294051773649,-10.4431809445368,-11.5128265735138
"PLCG2",-8.98120351309007,-8.21938720113405,-8.94965906150997,-18.6784472522246,-19.9517333968307,-7.74661085360587,-11.5059857531516
"PLCL1",-10.3200516865709,-9.15024778684462,-21.4289162556905,-13.5309871325933,-13.4702971266864,-19.2018440508329,-23.1731618868215
"PLCL2",-9.34650970130573,-20.4411755086216,-20.2124601631012,-11.6939095430936,-20.6511927398418,-8.70659634767845,-12.5352155256778
"PLCXD3",-9.50459085082935,-17.4730315992394,-18.0139017765408,-15.789843661209,-10.9747205968814,-8.37789790433746,-9.68416657580559
"PLD1",-20.3323515776617,-9.52355932588424,-20.2923074198102,-22.2670215427288,-20.8005189920584,-9.4371888156889,-22.6431848914376
"PLD4",-19.8700258821729,-9.48483906396428,-10.5131529609569,-20.4756938035477,-21.0173216496242,-19.1700345280735,-12.0512611484723
"PLEKHB1",-9.67931197985657,-6.78423275099377,-8.16935398233212,-7.20451448236511,-7.31861179473293,-17.692710240497,-20.7433442595433
"PLEKHG3",-18.5091267622754,-9.28354737950571,-9.54355688374868,-10.6236776578787,-10.2819966273894,-20.3102339500043,-22.1643510546392
"PLIN2",-10.4536150030051,-21.153541033573,-20.9450034525651,-10.5719240915101,-10.4242032967585,-20.1351564709177,-21.5125978527251
"PLOD2",-17.9398235319408,-9.5584088022804,-9.98270421022061,-11.3723573639292,-10.2488604867194,-20.4423254379003,-12.7829713962484
"PLPP5",-18.9366855963796,-10.8565675050849,-20.8676683453843,-11.5273069385335,-11.1854172791807,-9.5906623364128,-11.4191071616789
"PLSCR1",-9.6815788309774,-19.4533849395092,-11.2249313126631,-10.2887291855286,-10.586871378689,-9.82549023670262,-11.1339281395721
"PLXNA4",-10.5042565470153,-10.6305478622094,-16.9246075663185,-22.4434140410687,-11.7760611807825,-12.1162863092472,-10.5383689723392
"PLXND1",-8.59750326292913,-18.9555208536365,-9.86910921440461,-10.1777226172203,-10.5784799832737,-16.9203216558542,-21.4356197206279
"PNMA1",-15.7650961218185,-9.23264224852801,-8.8190357537487,-10.5062565262491,-8.51894850705765,-18.0898370175587,-8.13293769657063
"PNPT1",-17.6112319417901,-20.100259543125,-19.7511847362125,-10.4650179130384,-10.4327689854675,-19.1571186318008,-10.9171695376215
"POC1B",-15.9873053899786,-10.4428155421386,-11.737641515845,-19.1599119825837,-10.7735321783048,-11.4234100492088,-11.7951225093252
"POLR2A",-18.4119344336588,-8.91205241238212,-10.5431226699828,-10.1769669297011,-20.0433025449205,-8.93645332137317,-9.44990484673577
"POU2F2",-9.98811128941374,-18.0728011332456,-20.7868052954029,-13.6117797058874,-10.3776146329557,-9.89358545524131,-11.7806351268358
"POU6F1",-18.8317171795122,-20.5068900226851,-20.4380323165466,-19.8242228213701,-9.31552712549935,-10.7754017197134,-11.0044343639159
"PPA1",-6.90896044616249,-8.81693836974683,-8.25481348728992,-8.41482053093982,-8.67178678413976,-10.1127911211316,-7.68033768438929
"PPARD",-9.65748344324599,-19.4198321700681,-20.9411111342822,-21.4142117721881,-9.84353406926776,-20.3390328080055,-10.694904170137
"PPFIA2",-18.3167618578051,-17.9421314569396,-10.0375525935242,-10.2968166099707,-9.31525884672241,-18.6644139060618,-8.5508753315437
"PPFIBP1",-8.65272032761838,-15.5574130619452,-15.6413273580587,-15.9367295847715,-9.78894515614654,-9.83124060500975,-15.3350230905931
"PPIF",-10.6781518395493,-19.2501783227299,-9.91909162816579,-9.62571670771417,-19.672214355678,-8.83705374361618,-12.0010344407684
"PPIL4",-18.024188110345,-18.2675223129562,-10.8862428629596,-10.6202152560327,-12.7516992723957,-19.4157957070224,-10.3501768246251
"PPM1A",-7.5840055397977,-9.12101930865661,-9.44156382938409,-21.4109517976808,-19.9732097376832,-9.12947899215656,-8.93839286818383
"PPM1E",-20.8111736145196,-21.3966299962377,-21.9461631665088,-21.8475783219878,-21.8797532666738,-10.3222901941402,-10.3832465170877
"PPM1H",-19.9367245649988,-20.5245548248818,-10.7093119510317,-21.304463064402,-20.9508652664938,-9.37428219149874,-9.92004759914789
"PPM1K",-8.9414967378663,-20.2746654346701,-9.33382782882228,-8.41939296917047,-8.21312256070147,-8.25949170407989,-9.518319142439
"PPP1R12B",-19.2042707796748,-11.5251075352662,-9.46502977586642,-9.5134731270113,-10.2454138719618,-17.9610783630203,-13.1902584022776
"PPP1R12C",-8.38679360231586,-20.2678334629311,-20.7715600425798,-11.8066909874515,-12.5880482011632,-9.04446109882748,-8.63975236866389
"PPP1R14A",-8.63151373741037,-6.56628518417931,-9.53230841737136,-9.12179252972083,-9.83042980220497,-8.13133859779403,-22.016113509991
"PPP1R14B",-20.0672122113734,-20.2050112380451,-9.93319986393443,-9.40099232653442,-20.4984669369436,-19.1448119975763,-10.0567743196906
"PPP1R15B",-19.4436625141645,-21.2441943797931,-21.5933657264295,-10.2754154961842,-22.2576945088783,-20.6133294670846,-21.605470691184
"PPP1R16B",-19.3144240552743,-9.13950818719917,-20.4639119630319,-20.8676766338183,-11.0680583242521,-17.6496776525883,-10.9354760147883
"PPP1R3C",-19.4568742912384,-19.1356910523724,-18.5935908141169,-9.52516318234746,-10.0575403597099,-10.0668574118415,-12.7655751305415
"PPP1R9A",-20.1782759041321,-20.5051647158148,-12.778283250787,-11.6231694364989,-14.4438542152645,-9.58285940987866,-9.87901701788538
"PPP2R2A",-19.0068472028037,-9.71027283163508,-10.2286152007532,-9.86324728328841,-8.96055417524588,-17.1572153028566,-9.81020914312951
"PPP2R2B",-17.6690947053698,-8.53122042898664,-12.7486470891513,-9.20789832174135,-17.4204834661483,-17.7532926227764,-8.54637319083238
"PPP3CC",-8.48443274132747,-18.5475813492346,-18.6817655882598,-16.3347357040752,-18.6940925762273,-8.45339168083531,-17.9076803832693
"PPP3R1",-9.30441461335363,-21.4180887635355,-20.9367995173928,-20.7742666066806,-20.9847664406227,-18.6912755649943,-9.0606305995675
"PPP4R2",-8.18422133425534,-19.4180755683402,-18.2824733918982,-20.5438050097853,-9.81010779808913,-19.5466756179852,-10.1013507078307
"PPP6R2",-18.8090351203456,-19.7625622816574,-9.26213812095706,-20.9963644789217,-10.7436463977942,-10.2022814986133,-9.61808608292448
"PPP6R3",-19.6020597591107,-8.95615217366947,-19.5375589779313,-12.4759476845225,-11.2367139229461,-20.6542383655337,-10.4356632911787
"PRELP",-9.44354631310439,-19.4791293849473,-10.2437358380342,-10.8872472903965,-20.6857359171587,-10.6781596654703,-20.7198623277731
"PREPL",-8.24446903236406,-8.52718546417696,-8.44664765030317,-13.2632578182871,-8.81889128501543,-16.0828731565319,-7.07982376839668
"PRICKLE2",-8.7053629679197,-19.651606530552,-20.461958301631,-20.8545497168219,-11.7869138227404,-9.20526079466987,-9.80325855586376
"PRKACB",-8.55474662900249,-8.11431078132619,-8.43337064012488,-8.89103687066015,-8.82836041387817,-9.11758762451758,-8.36868901626915
"PRKAR1B",-17.9663955404703,-19.5614225327797,-9.20591465260822,-10.2611326600117,-9.73683215533979,-18.6229591082699,-7.80910901244174
"PRKAR2B",-8.67987156019388,-19.0904432310987,-19.4107692891501,-10.2693709895522,-20.0500841815841,-8.42271414051203,-8.27363049111394
"PRKCA",-7.79947917307793,-8.30619047202879,-9.18878574707155,-12.3598356414111,-9.32153020824,-7.64440994468612,-9.31985079072987
"PRKCB",-17.2965884352336,-10.5379856327096,-12.2028548997688,-21.6976375210311,-11.639004102086,-19.3887768302836,-9.2521518453601
"PRKCD",-8.60886269109941,-19.6700569247566,-10.5240819516566,-21.7829966824864,-20.4570303900408,-19.6845451216791,-11.0708928424795
"PRKD3",-19.9271157972102,-19.326360346506,-9.18716396559919,-12.9600605492191,-10.1571792860462,-9.55104851181646,-22.1541721187263
"PRKDC",-10.0109347545334,-18.7435593392743,-9.31398672152912,-11.0083945469627,-11.0243076509148,-10.1113709790735,-10.0019846411089
"PRKG1",-19.1863726039309,-20.0342657001022,-19.5568570746075,-16.4816075738574,-19.7321216107946,-10.5660442126486,-11.1757236839873
"PRKN",-8.88042305013499,-21.0876857129994,-21.8409293504862,-20.2216961023398,-11.2939802827807,-20.2767813956702,-10.8629968388489
"PRKX",-20.7722724467474,-9.38094410483599,-9.87476446799035,-9.94360677038841,-11.6015771043165,-11.5996584062514,-12.1427437077256
"PRNP",-8.35066798541603,-7.8364736424195,-9.76678602019682,-8.67086586710234,-7.64867987754575,-7.90841095568711,-7.38738899766977
"PRPF6",-8.69838578847253,-8.71816991378855,-10.0413354380406,-10.0941665604075,-9.67002891255265,-19.0758333595643,-9.94119351530656
"PRPS1",-17.9640284383436,-20.9099030672554,-11.0432883796189,-20.5529217826113,-9.27760323872376,-9.36546775838884,-8.05734440486476
"PRR5L",-11.479040115433,-10.6161846426495,-11.4700315739797,-21.9049728701193,-21.0823255808294,-19.9544609839928,-22.1865694227021
"PRTFDC1",-20.4533779040941,-9.45910482058022,-12.0054918393792,-11.8270832601515,-21.3319154906703,-9.02578921678126,-14.1166910120136
"PSAP",-7.71748535179296,-7.6898466776198,-6.49984962440485,-7.02214967519819,-6.68088547126335,-7.02926301790023,-6.27999691306042
"PSD2",-8.80181961422692,-9.78981087364497,-8.89347562591403,-9.59481402099138,-10.112105705944,-19.1536626445801,-11.4503139652991
"PSIP1",-18.9514355553633,-9.1686702073191,-11.1363074506584,-8.86701823409051,-8.06638496680893,-8.67842395085699,-8.31421106811949
"PTBP2",-12.4339660838708,-8.90303136565329,-20.048748426278,-20.2438248362943,-11.3481311150805,-9.51170225747702,-8.72579931061503
"PTGDS",-6.13261249599071,-5.65021748554275,-5.88946337822496,-5.25237463825221,-5.70246744513657,-5.77131591063429,-18.6531654385668
"PTMS",-9.71162439371007,-19.9345956143147,-20.4533825164978,-11.0906455344335,-9.03414734199188,-18.2513082930313,-9.15011949679776
"PTN",-7.77876333140511,-9.54123598158652,-19.7623112978343,-9.34869909498614,-9.19939871125381,-8.44826311815758,-10.9936343831155
"PTPN4",-19.5429159007152,-18.0615134392543,-11.0737557416794,-12.3681303464892,-10.6069477561539,-10.1917410199857,-10.2676000521576
"PTPRF",-8.28371364636385,-8.72792704754434,-9.62092073526708,-10.2156881047444,-18.5823048860348,-19.8307803585594,-8.90470788307061
"PTPRG",-20.1095519326777,-21.1381846953666,-10.6406399264626,-23.020479301615,-10.8008492081942,-9.68607627317832,-11.2105456229095
"PTPRJ",-10.6814500103657,-20.4110902140363,-19.9079204924587,-21.9194005429901,-10.827909946608,-9.97728443900012,-10.3849638131648
"PTPRN",-19.5386995770991,-20.7728747651856,-13.3807530516444,-21.2648692226849,-20.5033621996314,-19.7594542021525,-7.88468090808695
"PTPRN2",-10.3966245864369,-17.835089677142,-11.3965379701133,-9.71692035162063,-8.89799744167115,-7.9300000469288,-8.3465694894824
"PTPRO",-10.4618543182743,-9.83729913636409,-20.2201757692687,-20.9983603097753,-19.4216335072122,-15.7323522800636,-10.1428316769173
"PUM1",-11.2120362722399,-10.2693265366027,-20.683551514933,-9.79489802923085,-9.8063464170115,-7.74866740143606,-9.30296965006862
"PVR",-18.7866249323362,-20.4007221598786,-18.6053331789543,-14.380137527553,-19.6721071913817,-19.4483383468917,-10.2932128876112
"PYCARD",-13.3794329476474,-10.0346597699667,-10.3432735873761,-18.2480322327504,-12.0394037762172,-20.2806131007919,-20.4417564709662
"PYGL",-9.11890651999447,-20.5209071296781,-10.4813853889987,-21.4081634044208,-21.4879768053078,-13.1017517441533,-9.07349618826833
"QPCT",-10.0412095371404,-17.0425627050524,-20.9384222546705,-21.1974210134198,-10.6916393988465,-19.2222659290775,-9.779843122556
"QSOX1",-9.48764066097074,-9.84150854052063,-10.794142381593,-12.8429209019997,-20.5274590822285,-10.1673783636839,-9.89276749428595
"QTMAN",-18.554287010072,-9.54923668818083,-19.3491049104835,-20.8511671884793,-19.9132556630647,-19.26177218369,-10.2280830439357
"R3HDM2",-18.7303304794087,-9.92258064699917,-20.4516251896844,-12.8166588625909,-11.2276089139023,-9.49950832827141,-9.63578404275897
"R3HDM4",-18.8156613927613,-20.1204042665732,-20.7593592784689,-10.6901380336478,-19.0097142966874,-9.1844214302763,-12.7864426970021
"RAB27B",-17.6599683522667,-19.817532893721,-14.3437554314894,-12.0228245117738,-11.4847881577693,-9.09130496709662,-10.1708348077596
"RAB30",-8.87922861088968,-19.4637947275319,-10.1252544254415,-21.6262753725957,-9.8384069578436,-9.34010984877683,-9.97569966687533
"RAB3C",-7.84449519573485,-19.9866355225123,-11.6503789416045,-18.8348701280726,-10.8075786776458,-18.1138554352756,-6.85684557813483
"RAB3IP",-18.9453708537716,-9.9588399006468,-9.7821515116405,-10.8784563076075,-11.0782673904334,-18.7547279747468,-11.3912140246905
"RAB6B",-17.7907700019549,-19.8448117101421,-8.05995762971453,-9.19331043689821,-10.9787016298814,-17.2173545176385,-7.08208654957557
"RALYL",-18.0349093103246,-19.7171003461119,-9.6545318256999,-10.474478882819,-20.6856188849032,-17.4346000850237,-8.2158444550368
"RAMP1",-8.86703850045201,-9.65210956053619,-8.16384795620317,-8.50794679805196,-8.11818878904052,-7.88932164343724,-21.0800181090162
"RANBP3L",-19.8171133813304,-9.83580457281387,-11.4619226658482,-11.0495199028072,-10.4886826005779,-20.8679733952016,-11.0006037206414
"RAP2C",-9.04049730932006,-10.2140144393909,-19.757997057669,-11.0045021096457,-11.3973478911665,-8.93078310252828,-19.7376291280462
"RAPGEF2",-20.7398749133894,-9.09758437712552,-12.0596725264486,-22.388569708882,-20.2268219276325,-8.75990957378896,-11.0954568474173
"RAPGEF4",-17.8414386534471,-9.16269083424957,-10.3544944436281,-12.5985025460728,-20.737572459271,-18.4166674975232,-9.73866860389748
"RAPGEF6",-19.504214263169,-10.0201672975393,-10.2207717263239,-20.7439785379506,-9.57073513871137,-20.2148142613811,-12.0217102921828
"RARRES2",-10.555927567372,-13.5622142232441,-11.3379361320393,-9.36113741534295,-9.69691982478618,-19.5253500367092,-22.8386739104965
"RASA2",-20.4762262188706,-20.654269146852,-20.9212930230596,-22.0059107452136,-10.0822242083391,-18.9769271020589,-11.1894377566709
"RASAL2",-8.93790555644911,-20.165403536455,-9.5555601499749,-11.285151215981,-20.2122325802889,-9.30133226480758,-11.9065219680793
"RASD1",-8.17817197738932,-18.2516192138406,-19.6606728228318,-9.93256874307839,-8.97888819026096,-9.06781382436851,-9.99394341949338
"RASGEF1B",-9.61877464381161,-21.395342221299,-9.99868955176161,-22.1574189176969,-10.714189595936,-19.2881850734845,-9.90721461400944
"RASGRP3",-9.17563001576615,-8.6382980353554,-20.0521428092768,-20.9084640924167,-21.1847006246357,-10.1127800303923,-22.0100994695752
"RASSF2",-8.31877400894119,-8.09392416682621,-9.10928256141823,-10.5693166204287,-12.6657522023072,-8.01675664597192,-22.5426506843496
"RASSF3",-19.9629804554047,-9.89008457201883,-20.9024648068462,-22.0457655321398,-14.3128779939399,-20.9027246593857,-12.4419116350339
"RASSF5",-14.570799973994,-12.3285610173831,-21.7026614807723,-11.9299009982939,-22.2708601990457,-18.8635347491871,-10.5779895745017
"RB1CC1",-8.31733589275144,-18.6187019587745,-10.584686657397,-10.0666972092662,-9.52408123994523,-8.82952699758719,-8.44287610958761
"RBL2",-8.67728211955518,-19.511336592265,-9.85841387185087,-13.3377624764202,-10.2558342239792,-10.1429051324507,-10.4042198895117
"RBM12",-19.1197314382418,-20.2702682107956,-9.68292108272011,-10.5645513336815,-12.2925806326938,-19.8850925641254,-10.1879592176059
"RBM5",-20.2215328850778,-8.86973236234764,-10.6440365243132,-11.9067018834395,-21.8330659824055,-9.82495121402878,-10.4720694324268
"RBMS3",-11.4463036794053,-18.1104141554289,-9.89255525878059,-10.7237593853677,-13.4763491384908,-18.7176996601001,-9.70775121910435
"RBP7",-11.5275238527428,-10.0137184915117,-21.4510794816731,-16.1025115660014,-11.9179805425289,-20.9828140218644,-21.9124639478377
"RBPMS",-9.85498452644165,-10.9943192367381,-10.7578299164187,-21.1580637687928,-11.4210271213675,-20.2534533070021,-11.0513866438342
"RC3H1",-18.6059334876259,-20.0784438848486,-11.1618715259233,-21.2134960468402,-9.95984279037775,-19.8623034306133,-10.5656528533212
"RCAN2",-16.7652261184222,-18.9035671712361,-8.49964398447715,-9.9611918546347,-8.61468314745266,-18.4094348047894,-6.57005033787532
"RCAN3",-10.871905220381,-21.0842412739497,-11.7098782412337,-21.8104204266621,-19.8627914097539,-20.8592574821423,-10.0279160431542
"RCBTB2",-20.8111042522785,-21.5643768098257,-12.3015514191595,-11.7986435376752,-10.7296177321193,-14.4550874573321,-12.13952009712
"REEP1",-11.0450361473905,-11.2255036616658,-9.30826266005363,-19.8869878783749,-17.6188910969134,-17.6094431641067,-7.54223446367896
"RELL1",-8.27087848072589,-9.96435690965444,-10.0221081826527,-10.7794490646477,-12.3560840405606,-8.48754716923919,-20.9380563233315
"RERG",-9.35135424171048,-19.919237869909,-20.1382599657096,-20.9234245146142,-20.5836428319334,-9.65413884375896,-9.24709938733088
"RETREG1",-18.4004357925723,-9.58257525846804,-9.59148161541919,-9.63407760868106,-19.1649921167122,-10.1795765490551,-8.31329287494105
"RFX3",-10.1593208919923,-21.33667955357,-10.4677202122808,-12.5780806262965,-10.4312272398523,-20.5899586044901,-11.6693756329364
"RFX4",-19.0473735064216,-10.5008567997905,-10.4215326232874,-9.74400305433503,-8.89029074841542,-18.5154052845665,-16.7717004723785
"RGCC",-8.48343670325473,-11.8830387376637,-8.74317631393555,-8.65991742483755,-8.67314628254184,-17.1501430180188,-10.4279993445772
"RGN",-12.5944973277552,-10.8112144699718,-10.3555646917527,-11.3459678817793,-9.92841355199282,-11.4360309218513,-11.9195712383181
"RGS10",-12.0364747853135,-10.0058939829046,-9.96068580255057,-12.8625777430646,-12.0121867612918,-9.53143842605135,-22.3452408014591
"RGS16",-10.7746466610301,-20.9976460507643,-9.10059065613826,-21.7685935379064,-20.9754887249809,-18.7638385925894,-8.81690041281966
"RGS2",-10.4513386718923,-9.85751221016333,-10.3022807298691,-13.8390696092156,-10.8290656174561,-9.31492014213798,-9.3563391004676
"RGS6",-8.99372380444904,-20.3271954131043,-20.2500848208907,-15.3615483335876,-11.5455369799286,-19.330105077239,-9.73611331804264
"RGS7",-11.3100617594106,-19.2526208593306,-20.0500288273373,-11.1279693931329,-20.9845470036453,-19.4853727208256,-9.93342938871263
"RHBDD2",-17.9702461143393,-19.3859617628775,-10.3489628002068,-8.97259435216739,-9.36124366716661,-8.9088237583256,-7.25780535395207
"RHOB",-7.0283567971851,-8.69836870185262,-8.819460358463,-7.90856607780447,-8.48853054849035,-16.4474258154538,-9.30539243411982
"RHOBTB3",-11.5132320526592,-8.04589100898604,-8.31856771128194,-8.54803298617233,-9.85486713777541,-19.1787404886099,-13.1100637903118
"RHOC",-19.1576663522613,-9.28627068896733,-10.4320933103794,-9.11081659006636,-9.52724364439215,-18.5668064397504,-10.6142982336222
"RHOU",-17.8556052583105,-9.0949850110263,-10.0752945267766,-10.1514596578123,-9.28392815216154,-10.5278245665154,-11.5685970122869
"RIC3",-20.8673843070176,-11.0600937903281,-10.9209703031166,-22.3959553648359,-12.3951035439048,-20.123329973043,-9.61478220637781
"RIF1",-11.353231424402,-9.8085617464977,-18.6162146103487,-10.5164864238754,-9.5451647112614,-9.2400168260515,-10.207822963783
"RIMBP2",-18.6408481109235,-20.2562425070083,-10.0692812070438,-20.6835302139884,-10.0980111504095,-18.672752520021,-9.2995375880345
"RIMKLB",-19.5464845509756,-19.918777923323,-20.5841378686212,-10.6879268594167,-9.26565748734748,-21.2146545785265,-10.5345001893931
"RIMS1",-9.92250570188801,-14.6728965307361,-8.74003095591127,-9.67404391910671,-10.4804091248121,-9.9648168639676,-8.8897501824305
"RIMS2",-17.3374028340003,-19.1489958236905,-11.8795119764956,-10.6614086985507,-10.5478365808897,-20.2869058021602,-9.68249801133847
"RIN2",-8.91912590693199,-19.8882038798358,-10.5870708348246,-11.0271040516372,-20.0873734481815,-20.0830916217406,-15.0109166430606
"RIT1",-10.4884663831865,-9.6555703433106,-17.6122224819007,-11.8523712449994,-20.0725299093161,-19.0029357041235,-9.90982809494445
"RNASEH2C",-7.89704152019259,-10.2212199327318,-21.1986801067982,-21.6055567778197,-9.61040641990436,-8.41085783613569,-21.1103332056915
"RNASET2",-19.8452088943904,-10.3405790426834,-8.32767536739797,-10.0113512331206,-12.6054104165673,-8.25422353623998,-12.3357631292634
"RNF103",-8.35179355749266,-19.6918552621844,-9.52714384116831,-10.976931460354,-9.3405751802486,-18.4050862474577,-9.31538594980498
"RNF115",-8.66938811987369,-10.2812510603905,-11.4996702403422,-10.2442637340691,-20.4414926020261,-19.2858330425415,-11.7654693604215
"RNF139",-18.2876998253216,-10.1816110803607,-20.7607613972713,-11.1945058531173,-10.3847969064409,-19.0559486079417,-10.5450680097019
"RNF144A",-17.2224114127735,-8.67753591717078,-9.90325886249367,-11.2921447489054,-9.32350102220748,-10.4990611183262,-11.6759070408648
"RNF144B",-8.54684339741057,-21.1345653272003,-21.6012007862093,-13.1982274471689,-21.7586153614937,-20.1913812153384,-10.6403932049772
"RNF146",-19.2284396232966,-9.5333077230255,-20.1717225637249,-10.3705253823835,-10.9646749012342,-8.47652803818417,-9.70564631204068
"RNF157",-19.7650068553931,-18.6616574795696,-19.1953315195708,-9.62139221852907,-9.65878280998722,-19.0753763246899,-8.87462551641395
"RNF4",-19.5536389286538,-9.82829193067706,-10.8884836579156,-11.2250830256045,-10.2431456237566,-8.97129821401292,-9.98935978682903
"RNMT",-19.4900015285964,-20.4607721107949,-9.0915166675582,-10.4210633388882,-19.7126830291417,-15.4621455400783,-9.08731907363919
"ROBO2",-18.9287657653585,-20.4984188060266,-10.4163903046876,-21.2957694160939,-20.3062793471755,-9.37876216618585,-8.29077501807988
"RORA",-9.09101251502892,-19.9208856658955,-20.5894666569379,-20.0942884729187,-10.509296769803,-9.36564866561207,-10.1260557337555
"RORB",-19.3610386946416,-11.1021756618008,-9.46453740041794,-10.5531541977957,-20.5686228223451,-19.1626304913375,-20.0661162618388
"RPA1",-8.04241621611376,-9.53495879588697,-10.8703709519814,-18.7756275289015,-9.34714032649928,-8.11394278595983,-10.8506499551446
"RPGR",-8.77932422448875,-20.5222342937656,-19.8805074410059,-21.6680606127068,-10.1868974953623,-9.07740184392986,-12.7052790445745
"RPH3A",-19.7979244247736,-20.9710376706873,-19.8105367253811,-21.9570554836432,-20.8976195646104,-19.372923937672,-9.04422676066532
"RPL10",-6.53677586092653,-6.68976779046997,-7.39615582735922,-6.74950852320155,-6.906690964027,-6.68890775540834,-9.5560054467548
"RPL13A",-6.63100476477714,-6.71667981214366,-6.75725959402344,-7.0212046110022,-7.2025392837748,-7.03574738275259,-9.0627188719461
"RPL14",-7.21756367327417,-6.62929412388162,-7.62536996398445,-7.14668924459701,-7.12976007869927,-6.97771377021995,-8.35606606112527
"RPL18A",-7.5450582728105,-7.07080887869946,-7.84841168522792,-7.11445469682827,-7.30578964235622,-6.31366962960083,-19.2808079260767
"RPL19",-6.02253152056175,-6.22805439016748,-6.61583519526824,-6.60408885160848,-6.62500931020925,-6.26071766797469,-17.0422602149715
"RPL26",-6.99409512730441,-6.70060616059788,-7.34103601001365,-6.76517461901713,-6.84865064628765,-7.53202278451798,-20.3458507795149
"RPL3",-6.8065282832523,-6.76252848890818,-6.67331492649187,-7.116497778461,-6.88895561018702,-7.50160850498781,-8.2725649143183
"RPL7A",-7.51173648918854,-6.6347685346931,-7.29310506405796,-6.97319577628148,-6.88950785187904,-6.69872193844668,-9.6695935848752
"RPS18",-6.71021386427817,-6.20450087293135,-6.84555043467902,-6.59516492606431,-6.88290780475038,-6.57370950828567,-11.8432526541233
"RPS19",-6.83354943806625,-8.02996703363603,-6.69431872279891,-6.63514749479629,-6.56467249426232,-6.56301993721622,-10.9132486623161
"RPS2",-16.8699011044864,-7.48934940385754,-7.94335587176247,-7.2978269373012,-7.3019134404214,-8.29583316123896,-8.55804915882211
"RPS26",-6.92722962926477,-6.66283793876988,-6.54522527697431,-6.58313919877406,-6.7704379530383,-6.42411694273265,-7.74869051675167
"RPS27A",-6.33398995804922,-6.078777082094,-6.36155485886774,-6.39241195063814,-6.40308135603703,-6.38544419374276,-9.27850342493162
"RPS28",-5.99318342620238,-6.47231434322798,-6.14726604595604,-5.78609459904808,-6.07893322924662,-5.8760545353421,-7.3655376256096
"RPS3A",-7.11866733260173,-6.46566650106808,-7.31192564547183,-6.86744420570345,-6.87812844052013,-6.37178507678052,-19.9743707409019
"RPS4X",-7.58874130294857,-7.48836111539402,-7.70187808382321,-7.02819041059719,-7.05769583091128,-6.98764468392034,-19.2554972826956
"RPS6KA1",-20.2330769988431,-11.5178306803165,-10.2126385312846,-22.3461134926754,-22.0462565938787,-21.0977381617021,-10.9671664874419
"RPS6KA3",-19.3148718800912,-8.76807511646844,-19.3591540472396,-13.178737862829,-19.3144847392614,-9.19299315466032,-10.0135041890974
"RPS6KA5",-10.9953637339675,-10.1264212755654,-13.6171660849461,-11.6825552028024,-10.3931752450119,-20.828572069971,-21.6253326450441
"RPSA",-8.08147311360783,-7.51667405456453,-7.45248997153818,-7.50479120738993,-7.6289676056563,-6.83260140554977,-8.40411369341259
"RRAGD",-8.51912795292949,-11.5731415872786,-11.3601142323517,-20.1583709141164,-10.7078605438802,-8.58030672039203,-10.7602177530704
"RRM1",-10.0554186129071,-10.5235496163123,-9.84725629164799,-20.3231543333826,-11.6725511074455,-8.95830771932516,-11.6856369001889
"RRP12",-13.6286679470719,-12.066436996283,-10.6484771626072,-11.4103677165119,-10.3273924259845,-18.8139207273434,-9.77016171319139
"RSAD2",-9.38202189776606,-16.2728622545615,-16.8997335485927,-16.3957927505219,-16.3172114630741,-9.2951064066273,-16.7110017942434
"RSPO2",-19.0109671465212,-19.7390327630976,-9.89139679558133,-20.7664726737881,-20.2536850393828,-17.4067330266493,-8.13976816343962
"RSU1",-9.56479153852846,-19.192599278461,-9.64591702160914,-10.8880783061056,-20.8795904244857,-9.58794242035231,-11.1451760532525
"RTL6",-8.76447163791601,-10.0294858564241,-10.3884431576523,-20.3858608871396,-19.0394260650604,-9.29923421954912,-10.2570226175173
"RUSC2",-9.38349211207873,-18.0631206852399,-19.2248783656311,-12.6078375801171,-10.6430017583453,-19.207704588333,-8.7553908949346
"RYBP",-9.97323505789371,-10.0027498109962,-10.1167762232105,-11.6643931919948,-12.2088889473744,-10.1482786097799,-11.3435497217702
"RYR3",-9.12887003113771,-9.42958631347668,-10.3802434403714,-10.6645114358317,-10.7706168594847,-19.5603088480037,-11.1789073897506
"S100A10",-7.87874541442612,-8.07967053020011,-9.67394494874106,-10.7827998010428,-9.94188710747546,-8.26917701489951,-12.1679991611559
"S100A11",-9.79344638408764,-8.97977948296713,-10.054481332238,-9.49534251074202,-9.32654562862031,-12.5920570214163,-22.504153195096
"S100A8",-8.83825436880773,-21.224961362995,-11.8536059354615,-11.1987865620669,-10.3581775290895,-8.75087752836587,-12.6236133056951
"S100A9",-9.9519451288392,-9.75782359706506,-10.5011827219229,-20.7924587651324,-9.79987315056046,-8.25243031546849,-21.7052097816998
"S100B",-6.95256350606782,-5.31098860105417,-5.83674463107582,-5.83962904904273,-6.13573485622439,-6.32933540422323,-20.5224739525816
"S1PR1",-18.6902986393674,-20.6248211145886,-9.28338962681056,-9.32517970753002,-8.92835114322849,-8.96242685476047,-10.7154620090683
"S1PR3",-10.9025062312114,-20.5789200630899,-12.1490563662195,-22.9844349449514,-10.3646041201598,-9.60944603370483,-12.4919027723291
"S1PR5",-20.1475685120715,-8.80549686679115,-9.85343089914102,-13.3967597908439,-12.8152503335816,-20.0067708736429,-19.1330473856956
"SACM1L",-10.1853573072983,-19.9518654351424,-18.8771317485435,-20.0367922461476,-18.372108581209,-8.05042206125091,-8.72475148118988
"SAMD12",-19.5916845036131,-17.0443634370197,-9.900794260819,-11.0292553487321,-20.8490348326974,-18.0656496685638,-9.79099988263678
"SAMD14",-18.8814846446808,-20.1259621968468,-10.4351628835097,-11.4350514932224,-19.6405911521332,-16.5886199399354,-10.2748043771103
"SAMTOR",-18.5418168539774,-19.9606648807423,-18.2059644743834,-11.1169875819847,-9.40249858098485,-11.8353605284356,-11.046679465476
"SAP30",-8.21819418698613,-9.79791716093817,-20.7222365064858,-10.6051501741077,-20.7975151026428,-19.4884467947133,-21.4776249462924
"SASH1",-9.13107391649647,-19.2986054488167,-8.76700059727149,-8.83688235471998,-10.3869948338211,-18.788365757602,-13.3321857465781
"SAT1",-7.59916366337272,-19.6491867047454,-9.17057789370627,-8.51772568135218,-8.87359870374423,-9.24963435296526,-10.4519684133607
"SATB1",-9.43218998165174,-11.4777785061631,-9.47105590326349,-10.4704260396495,-13.9780085552612,-10.1121164521826,-10.0906881452996
"SBDS",-19.3209614779718,-10.6861707168581,-8.2872923661355,-8.52041396916785,-7.97350842288554,-8.85436843584448,-8.22288970198486
"SCAPER",-9.9182272111951,-9.75155500401511,-17.9640482091338,-10.1871522841091,-10.3007806573582,-8.32599082493259,-10.7143150235014
"SCARB1",-9.910718718131,-10.0162781352926,-9.35285645088759,-18.9996189171249,-17.2042242602185,-8.86706262631272,-10.5912844424633
"SCARB2",-10.5258517948225,-8.42289030295244,-9.14242367266859,-8.9756745492748,-8.34829311913735,-9.17445811751748,-8.88422021228987
"SCG2",-18.1794118138452,-9.2487113118357,-7.59991542620014,-9.03423334837445,-8.77390126648184,-17.1382407423701,-6.15486130818868
"SCN1A",-21.5695195346791,-21.6289538332227,-9.92811642690206,-11.9973362759873,-22.4074801522924,-21.5774341256273,-23.6596142161914
"SCN1B",-18.8187709930404,-9.4446994940546,-9.77871587832326,-10.1239333627121,-21.2086895219038,-9.65348501369646,-20.6912280196788
"SCN2A",-9.53185135067736,-19.6458467173712,-9.36420171351394,-20.5934835907145,-9.87641478967754,-11.5722787508017,-8.46817782771115
"SCN3A",-19.5586798971969,-20.0993764917955,-10.5435590281411,-10.7682484259335,-8.9899594868952,-8.24024813442971,-8.20036739065829
"SCN9A",-19.9972530085186,-20.3499440491293,-19.3503196190337,-11.7645832129596,-18.1000904876803,-19.5434652579751,-10.257268835382
"SCPEP1",-19.9800972058932,-10.2392150381599,-10.3900586969649,-12.2777687946757,-9.6812972935756,-9.16568920570601,-10.0418939805162
"SCRT1",-18.2380829772424,-18.5225452973814,-17.643998251162,-11.1034003320072,-20.2653701037986,-18.9260989259042,-9.5016857691519
"SDC1",-19.5010132234748,-20.8635892810292,-20.2674424457292,-21.9123759184926,-20.5901118390133,-19.5038078754979,-8.75859357546721
"SDC2",-7.96230181134563,-19.1281491746503,-10.4934327508229,-20.1892693353071,-10.7494989338502,-7.27779135666856,-7.84243798869706
"SDC4",-8.13547188271827,-19.9180109601327,-8.90048863353967,-8.02656609997338,-8.51384143759869,-19.1433196061095,-16.3023968869154
"SDCBP",-7.84285607959898,-9.5234603787198,-9.09127239181897,-19.8085295252308,-9.07480174941534,-18.1590660023209,-8.05474742648971
"SEC14L2",-9.54861613566372,-20.5240454402198,-10.5136842693554,-9.79517426886949,-21.1476510610653,-8.25668891673617,-21.4384483694132
"SEC14L5",-19.7276298042789,-11.3260572928672,-9.30998702891041,-10.8328207789265,-19.3064506185402,-18.7401654667776,-14.3421744552483
"SEC22B",-19.6037658758341,-9.63685871882989,-9.96475950181684,-9.79706504607174,-9.26725743425281,-9.0889507388954,-9.65718377206987
"SEC24B",-9.63131420040001,-19.9821291797823,-21.6902087760932,-10.7564053111316,-10.1296753038122,-11.5307349736491,-19.9854549004796
"SECISBP2",-17.7365275705509,-9.35111477139645,-10.947415350716,-12.5365910529414,-10.0871731714447,-10.0448748671313,-10.0989035914994
"SECISBP2L",-8.67833969741997,-8.39688756259044,-18.7947615216251,-10.6813335341382,-9.8177984041889,-19.5099368338092,-10.0838955555533
"SELENOI",-9.07687008684458,-20.1949538961366,-20.6351897943498,-19.9142334104524,-19.7221652954185,-8.80167188147205,-9.56885763538607
"SELENON",-9.68628587548928,-18.4224368634115,-9.75057181945741,-10.6058583272761,-8.98240123949595,-18.8264190957764,-12.3029301765007
"SELENOS",-9.27961991784518,-10.7729684530044,-9.51446995587222,-9.69996189392655,-9.97537686523428,-17.870676221272,-11.0060269370184
"SEMA3C",-9.63909540159062,-21.0491994166577,-21.7356394923493,-21.9953450585424,-10.3780636902975,-10.6823307686803,-11.334569240809
"SEMA3E",-8.16658480520211,-20.2202456093531,-10.8301519630123,-21.2312758322249,-10.9283271197519,-19.2961765146416,-10.1155351289442
"SEMA4D",-9.33449970908309,-7.70262736682885,-10.2107428566267,-13.5007270581704,-10.3108720063835,-19.7652100477559,-10.7637953530169
"SEMA4F",-20.4871137768501,-22.0062157942346,-11.2714195721138,-22.6170090551344,-10.3070757440376,-20.5209785470878,-12.5371577197575
"SEMA6B",-13.439254298352,-21.3232896380646,-20.6195047560778,-12.1156141189946,-21.5396669818464,-18.5610343531912,-9.88830615470266
"SEMA7A",-17.5621079945971,-9.5129851079898,-9.08921929923325,-11.7008169197674,-11.1076043129049,-19.5069559597883,-10.8472651009832
"SEPTIN1",-21.1731133743238,-10.1104220716076,-21.9868720914886,-22.8778809529337,-11.2353557460787,-10.4329098938616,-23.5675116704947
"SEPTIN10",-8.79700285448406,-20.2831506631946,-10.266179207448,-11.0450758939898,-10.240551534296,-19.011397693777,-20.5903641994834
"SEPTIN6",-19.4728708628563,-10.3329024834041,-13.0524481736866,-18.4746304197353,-19.454323351818,-8.91139949241221,-9.45135541463909
"SERINC5",-10.0876410385925,-11.0018571808811,-20.3372163598229,-10.3016960265673,-9.48149550309955,-18.1274379982405,-21.9341175894144
"SERP2",-8.05191432256062,-8.61577427683456,-9.45411361849074,-10.402123152592,-17.0984908208724,-18.5176378879954,-9.4189440213363
"SERPINB6",-8.86036456590465,-12.4979738077734,-9.92060815573644,-10.1625972352306,-9.32237287663882,-8.42806792654312,-10.7355022659548
"SERPINB9",-20.8206572670395,-10.2426581647914,-10.7467946756308,-21.3961258354321,-12.4150855977315,-18.2484411697869,-11.3903380077452
"SERPING1",-7.88025221452038,-10.4980951415593,-20.7219954215174,-10.4349270457,-10.4429291577471,-9.70033417541719,-15.5160371343829
"SERPINH1",-15.6555072888145,-12.9976691097823,-11.2818438123489,-20.6401577994838,-11.8332096133322,-10.4998293698852,-22.4704071955085
"SESN1",-18.1701719849895,-11.4791340037393,-20.02756275791,-10.6542645702308,-11.6780550910653,-8.98965792825544,-10.888857664074
"SESN3",-8.30103453865869,-20.338461949763,-20.389753010016,-9.77411937823497,-9.36584595263444,-8.56328184947383,-9.29741124252567
"SESTD1",-9.34598552925245,-9.7453109701674,-10.1396791533711,-12.5160776797309,-11.0143900009683,-20.3911565230543,-11.1158445176039
"SEZ6L",-9.68474263677179,-9.7855862662864,-9.51416478255751,-20.6005766224548,-9.4861294571902,-10.067529895044,-7.85022753136702
"SF3A1",-9.13323282047365,-9.19851989223038,-10.2740443641678,-10.3653256340797,-10.974336715523,-18.4909167816676,-9.84651345437485
"SFXN1",-16.9314766101976,-19.4234145772397,-18.628630543971,-10.6031089414452,-10.8794467281416,-17.8214439490302,-9.23057467525432
"SGCE",-19.850349563725,-10.6307636645469,-21.2675956096819,-10.9432164100866,-10.0993441932289,-19.6927068633458,-10.1948551261231
"SGK1",-16.4622885671423,-8.86316063247868,-9.95975889359062,-19.9882312144609,-10.4596313020478,-19.1008306750483,-10.2877162959957
"SGMS1",-9.51139625467897,-20.1547652158541,-9.52605906104314,-14.3347153855735,-18.0668904011466,-10.3480318265528,-10.7598183411567
"SGSM1",-9.26532870180659,-18.9173320012863,-9.28016597421683,-11.4833481510499,-10.9415859449407,-18.5023434061943,-10.1216556546602
"SH3BGRL2",-7.82315297154679,-14.2096751584533,-11.308865042552,-16.5580219224108,-18.391364449452,-8.60624448908202,-8.56638839358788
"SH3BP5",-21.126921285296,-8.7882159591527,-10.5792235314524,-13.6634812236438,-20.507023724364,-12.2574246044832,-11.0684830145347
"SH3KBP1",-10.088295275183,-8.78302587802202,-9.38482300466345,-9.92682137085779,-10.4040198698526,-11.5268274814422,-9.70293976713606
"SH3RF3",-20.2370387969453,-13.5386765909922,-10.5278284018753,-21.9440318382892,-22.4918785990015,-16.9231372028139,-12.0973064664418
"SH3YL1",-8.81966172788211,-19.0106924752818,-10.5976661384212,-11.5426024542515,-9.02631910268553,-11.5084190395629,-10.2547578158973
"SHISA6",-8.81665662876642,-19.730333424588,-9.47343405066661,-9.11218985924634,-18.7451887521993,-17.5680644253591,-11.5287114427696
"SHISA9",-10.1243711290404,-10.3030833292103,-20.6639679800596,-21.3964341575258,-17.4667439196164,-19.5760698308571,-10.132422243513
"SHROOM4",-10.4193211886167,-9.91639545244275,-19.223363044561,-22.9793673147487,-10.8745599603519,-9.77312555737638,-23.2188486480359
"SHTN1",-19.4439671635597,-7.81941302887782,-8.53537711967788,-9.00683856193289,-8.20169814111719,-10.4408278722671,-10.3731074186028
"SIAE",-7.98935593263329,-9.45290392313013,-10.488029497944,-18.8373953043632,-12.8457092832376,-8.45811770708281,-9.01297152533202
"SIAH2",-17.4054080228686,-20.1058907403161,-17.6148740286501,-10.9701725921929,-12.0689908594671,-19.5010489446387,-11.7692994064614
"SIGLEC10",-9.44921149664584,-19.7188097227294,-10.2645562062955,-11.6085561596944,-21.0506951607818,-8.98229436381821,-20.3159874668132
"SIRPA",-10.4953764926633,-16.2968567087881,-8.55568362329518,-8.94817583494178,-9.25627298180335,-16.8992765298453,-13.6769365189514
"SIVA1",-9.51772061821642,-9.11361105706743,-18.4259586249442,-9.86825237647311,-13.0538039010316,-8.5459785563708,-14.9199497459337
"SKAP2",-19.9030514812107,-19.1956606632067,-12.0526696099872,-10.2966668661391,-11.2806696810867,-10.1684362587804,-10.2853336679065
"SKIL",-20.5716017577893,-21.5942126219138,-21.390139222417,-21.1139852923761,-10.1231469806855,-18.8069848054961,-10.2855638542019
"SLC11A1",-16.6760455155215,-18.5900285680571,-18.51121152831,-15.7035268104867,-9.62191733990449,-8.94873495519713,-11.4372791017701
"SLC12A6",-11.3324927529587,-10.0936242794046,-20.462487915925,-22.0592785015715,-21.6474140130553,-20.2969755671735,-11.103671868713
"SLC14A1",-19.381140111999,-7.46111079720494,-7.56186463420399,-7.7124501205221,-7.53279335598327,-18.7751445343989,-21.6612412630752
"SLC16A1",-11.7312643799811,-8.8436872951266,-10.9450395378844,-21.2365072393506,-10.6543670972993,-19.5730319486659,-10.0497820127847
"SLC18A2",-7.87847259906939,-9.52084178633678,-11.7094693232071,-20.7632187443218,-10.6303713777116,-17.6150599104969,-6.5801846312604
"SLC19A1",-8.5292713150911,-20.5339564442253,-10.2058010244277,-13.411466440274,-20.2986816725937,-10.3070561893315,-19.9544263026345
"SLC1A2",-7.49559290535738,-19.5376005600114,-8.44503018239207,-7.40795478294295,-8.23523164297714,-11.5135120667475,-8.6436014765481
"SLC20A1",-9.16592310077645,-20.105780191245,-20.6839204663121,-19.9412767883403,-12.9591475217082,-8.96838624251332,-9.41983125532618
"SLC22A17",-18.4926544197552,-10.7913720573152,-8.16017851153014,-8.90918045511223,-10.3301607766154,-9.16350102919516,-7.69380877785099
"SLC24A2",-20.4390771942838,-10.2813671564004,-10.9184530497582,-10.0468850656177,-9.39267458831537,-19.7284495420483,-10.6561563487632
"SLC24A4",-18.4619068747985,-8.7105831090987,-19.7179083388097,-10.3819782228912,-10.15361550584,-19.1473709108246,-21.5561927971547
"SLC25A37",-19.4153049800718,-8.78382980007352,-10.4444483906258,-19.3572489524075,-9.47852160380065,-8.89558401583344,-14.6232364956796
"SLC29A1",-18.5649560171723,-20.4943382244653,-12.9370318656151,-10.9233687827135,-21.3083108254152,-9.95763729893079,-11.0624211712242
"SLC2A11",-14.585195469713,-9.54676368910096,-9.51451860243133,-19.5217793942962,-18.8265530764522,-18.6636999090564,-10.0538842401321
"SLC2A13",-18.8984201408867,-20.5334037430446,-13.6492696011341,-21.2875370705111,-10.596588103351,-8.22124226743282,-7.67255494451247
"SLC2A3",-19.9753053928592,-10.4639141126073,-9.79690653608241,-10.5762275985091,-10.0761470766919,-20.5042167915728,-9.19304034218139
"SLC2A4RG",-19.197487989791,-9.86929664820133,-19.5653900592126,-10.9566143782756,-10.4841374875778,-18.547879132867,-11.8178824914886
"SLC2A5",-20.8407283411893,-10.0268982908522,-11.4949663890175,-11.586345865802,-17.9949055410379,-8.85599521984687,-12.7309435185839
"SLC31A2",-9.92029638316765,-9.41059798053047,-9.1436549551462,-12.0247526228983,-11.2025407511586,-20.0559399558983,-11.0155122658714
"SLC35D3",-20.8269661940389,-19.9889000848331,-20.8200229391628,-11.745388721729,-20.7570864907833,-9.23115185436651,-11.4035844605447
"SLC35F1",-19.1385811714889,-10.4355227663024,-20.393281948557,-10.8115340426828,-19.7550748977889,-19.4339280150165,-9.03696344625043
"SLC36A4",-10.210160946939,-20.7691891672211,-14.2129288758191,-21.7522877506465,-20.565129867495,-19.8020143440519,-9.57814736728053
"SLC37A3",-18.3515111420648,-20.3038955102813,-19.9388587041831,-10.8259271329913,-19.8942411454046,-19.2759423452674,-10.6458510808875
"SLC38A1",-19.1649922265628,-9.8637148458746,-10.43610808431,-11.1897682429975,-19.9404107713319,-19.3352801696723,-8.33987013248614
"SLC39A10",-9.89446374257362,-18.1826792945014,-17.8684334184824,-15.5424375846226,-18.6252370203296,-10.2874938549917,-9.31303443049923
"SLC39A12",-18.3002264199137,-19.20256425857,-20.799668396754,-9.68346388239073,-18.6438632357855,-19.1233086911139,-21.7089103901415
"SLC3A2",-7.85598964655778,-11.8382567779712,-8.66702165756158,-9.02587718858328,-10.5274281046988,-8.13159006782127,-9.45148143091481
"SLC40A1",-8.24150067938778,-19.7215725581717,-20.6932787098999,-20.9605351757538,-9.80475686507792,-13.8581378079286,-10.421734459326
"SLC43A2",-10.09859384442,-21.424141076017,-10.8912490023272,-11.0057555837911,-12.7445765046396,-9.00422011200571,-10.7471744136939
"SLC44A1",-16.3047872119556,-7.45797658280076,-9.38650375305868,-9.54666635271979,-8.73653492014237,-9.41192407001168,-10.2361843010536
"SLC49A4",-9.75318829177892,-9.9953498491726,-10.4989429989156,-12.8762999985893,-10.0909155713336,-19.6356045506305,-10.2617397987396
"SLC4A4",-10.1613885572601,-8.89082461830104,-12.7710793273715,-8.70549351014403,-8.79293586114396,-9.15756732136452,-20.6440292184084
"SLC4A7",-19.9496530345628,-19.8656252974439,-12.0780920677792,-11.0750599113131,-17.5751200404737,-18.4351281872297,-10.4945320657982
"SLC6A11",-8.35616231513977,-20.5526870201632,-21.1333233401235,-9.1044267165162,-9.5016285869672,-9.97335644927187,-9.99946696002898
"SLC6A13",-10.036076249976,-22.4318289570473,-20.0635545794669,-13.5803078086086,-12.3766063024076,-21.2541969104494,-23.0082743358806
"SLC71A1",-19.5632164405076,-9.6998058007871,-9.33241723032397,-13.0521659715995,-18.4894722336505,-20.3844170955604,-10.1802392478526
"SLC7A11",-8.7162675133853,-11.0683860453614,-10.7604299113408,-10.5666356690039,-10.1616452088931,-9.56819771239724,-22.2924677724744
"SLC7A5",-18.5912041417101,-20.9835541511149,-18.9097864600025,-22.5185502083632,-9.86467201554661,-19.5251340647367,-9.35738398906312
"SLC8A1",-18.6931216262697,-20.3996987860961,-17.2551942176244,-10.3895561689516,-20.4630330747461,-17.3532215158008,-7.687927570423
"SLCO2B1",-8.55965530301276,-9.78055043231008,-10.0546551735978,-11.1876841454975,-13.6971878793021,-10.1579804479161,-13.5723900334336
"SLFN5",-18.9238753712371,-20.481126204021,-9.98390073773474,-12.986442615815,-20.7710638068721,-9.10253568881068,-20.6584382125
"SLITRK4",-19.4739534736792,-20.6003998204698,-10.2420740432889,-11.8626120751662,-21.1043569332426,-19.710349067059,-9.12260056440902
"SLK",-9.2261182638039,-17.8009992833161,-10.1076405095635,-10.8400204362792,-9.83186914349305,-10.1694438070104,-10.6684415908737
"SMAD4",-16.684713323536,-11.0554473043744,-18.3289147775066,-10.8269747437628,-9.54615037165519,-9.21227731596323,-10.3860487149264
"SMAD7",-19.7774220726362,-10.0701376821528,-11.182071706906,-11.0644359836294,-21.2840651248168,-19.1596768017146,-21.7585327973965
"SMAD9",-10.7112249126863,-10.3010667122294,-11.1124509213829,-23.0645185994135,-11.0516388979678,-21.7814169048282,-23.4522831917643
"SMAP2",-10.7864452515795,-9.75160749338602,-10.6208213537976,-10.8593859284437,-20.4344805923438,-10.1086171219688,-9.09978621623829
"SMARCA5",-9.23840816372614,-9.02492123599519,-9.48915576171423,-9.21398245685013,-9.24497619966299,-8.98465557826314,-9.25959748215656
"SMARCC2",-17.9205956119294,-10.0852384887216,-8.91608223878585,-9.71310081043674,-9.96986909434278,-16.8785091128846,-9.76077100408659
"SMARCD3",-8.38181528550763,-19.9206421551756,-9.54462392166072,-9.62179666551272,-8.96644710415696,-14.5968767072492,-9.66458097393902
"SMARCE1",-8.40732287503871,-11.9024560444937,-9.87770502553119,-10.4085898650841,-9.07540367471472,-11.2180906574234,-10.159096776324
"SMCO4",-20.8135896947963,-12.9878389728763,-11.0081698640514,-22.7080996593932,-21.7811442794858,-20.6364476373223,-10.5468447711321
"SMG6",-9.78511609932348,-10.1173422369311,-12.5722731476449,-21.9029107644036,-10.292156776666,-8.96974057975783,-10.2852874394097
"SMIM13",-19.0595082872964,-17.4481223692604,-9.49137659520507,-20.1792970184263,-9.13642723737251,-10.6694964530026,-8.84844422441344
"SMOX",-8.90132521503853,-20.2888421542215,-10.0278513027637,-9.6677518852377,-11.2949788558514,-19.2416786173054,-21.5506737859838
"SMS",-8.18837584229847,-20.2199659458094,-9.67540379576325,-9.89283526347782,-10.9999517615266,-19.1626058009173,-8.8617432013268
"SMURF1",-19.1929275100641,-19.9125772388631,-10.2558845937326,-10.9419872050083,-17.4476945081956,-19.7640305201229,-10.8974006201895
"SNCB",-17.2727971522811,-19.3517733061871,-9.54449713679458,-20.8388059222718,-10.3697582081431,-18.0627512122628,-7.45037649478266
"SND1",-10.22570765471,-9.18881241027162,-10.2762852573743,-10.5281872176767,-10.6309118889057,-18.8905946191615,-10.4086692078819
"SNHG12",-9.25848510250471,-18.8171611181059,-9.20388857732901,-11.5503668045239,-18.5009128807216,-10.4056269985735,-19.0950222809233
"SNHG9",-18.4960917781736,-8.78105148051863,-8.97827348105392,-9.4331770852937,-9.73327986244452,-8.68454650817021,-9.07325009124803
"SNPH",-19.0295443839162,-21.0087923581667,-11.8223502500404,-12.6305017101388,-9.70685363325846,-19.988571398993,-9.14388513452975
"SNRPA",-17.741941771216,-9.48234963430506,-9.52384236921179,-10.0040861758911,-17.7435503386555,-8.9483289567645,-20.9124274766784
"SNRPN",-7.82990121504443,-8.4258798775599,-8.72772629579009,-7.74485056101912,-8.29290087959377,-7.07052837651878,-7.222270989924
"SNTG1",-9.24418259795336,-11.2129970229471,-20.580990433676,-11.3871027775107,-21.033554473295,-9.81327434251958,-19.8381555803909
"SNX9",-9.04365618629799,-9.65698984190537,-9.63606324888745,-21.2469394761106,-9.712087781948,-16.2446467298732,-10.3839146102758
"SOAT1",-11.6004012286941,-10.821212135848,-21.0512910623369,-12.640192812506,-22.8928738824556,-20.8046189717383,-13.6565661989555
"SOCS2",-20.0069237154921,-18.8590010635052,-12.4798527102383,-10.5042209894215,-10.2816157037715,-17.461996895801,-20.5563873101737
"SOCS3",-9.76421602986074,-21.9726321960965,-13.3256357152804,-10.8050995720482,-21.0979537335179,-16.8780104025675,-11.8659620675296
"SOD2",-13.6159219546601,-9.09930951398688,-8.57257558183326,-8.48922474637532,-9.49270180973198,-7.2720993593297,-7.84388489261783
"SORBS1",-19.7256337669538,-20.2557544351057,-9.64608392632206,-9.64789122870461,-9.40906333248618,-9.47914770719765,-21.1205256116954
"SORL1",-10.5660468998762,-8.43082398578019,-8.81080995269537,-8.50912736742654,-7.96874050081853,-7.45770666473489,-10.7028948753798
"SOS2",-8.7885260968999,-19.5527408827861,-9.57678240503801,-11.4506127382355,-19.8593176257449,-19.3888927180441,-11.0487951215724
"SOWAHC",-18.6942319708839,-17.6398946572022,-20.8768461823879,-10.642126543755,-10.6480732879713,-18.3259936388752,-12.3920314144001
"SOX13",-8.76643573603857,-18.8001442480937,-18.8326345186987,-18.3036793651811,-10.4167067071741,-10.3752823035376,-18.3886720828155
"SP100",-18.0808837179851,-10.2723283909327,-12.7667628809899,-20.732040606593,-10.6466347051171,-8.48717751124874,-17.9475554544664
"SP4",-18.2865098831844,-10.5549656157689,-10.635107984481,-17.1055736004916,-10.5542019947562,-10.3287813664824,-17.5889650476319
"SPARC",-6.38924333169003,-6.32352231939798,-6.66085543439473,-6.49810484594641,-6.52954309227331,-6.98865175322601,-19.1253092515166
"SPARCL1",-6.11030946824251,-8.46809839938405,-6.23768210575148,-5.66434993975012,-6.12723209212178,-6.39072397299667,-19.4723667620262
"SPATA13",-19.2301016209575,-10.2104066059068,-10.0086174925062,-11.8215304384359,-10.5349462191843,-9.16546089945398,-10.5918344177822
"SPEN",-8.33311606774922,-10.5665930417642,-20.0584552177405,-11.0774924908041,-9.40662165285523,-8.45290832439804,-11.4158078401917
"SPI1",-17.4136120739711,-13.0696565552369,-18.6702908109497,-10.9862456145411,-19.5732025846436,-9.66438822787297,-11.4948310622694
"SPIRE1",-8.26211591534217,-8.70920876934528,-19.9954602117887,-10.894384110001,-10.6364150238523,-10.5093434916401,-9.92176892029539
"SPNS2",-9.11352269808462,-10.8603304041908,-10.1909377226822,-19.3146490088191,-18.9720982626728,-17.9713936811506,-10.0021853032849
"SPOCK1",-19.4187792942935,-8.01561781098681,-10.8794746519183,-9.34035706608168,-9.42028332349523,-17.7865854865007,-21.5418608793188
"SPOCK2",-7.44784627456551,-9.98419912791938,-8.93690963498374,-9.26907876725571,-8.6370173390499,-17.026186372381,-7.7220325661152
"SPOCK3",-19.8178996073193,-9.48697752379636,-8.64451035015174,-10.2576980324619,-8.5248553119357,-10.0336793510381,-8.26220138152259
"SPOPL",-9.66081321609131,-10.9650464168525,-21.5594029561936,-12.6505972183141,-19.9471973204185,-20.6088421368364,-10.950121492153
"SPSB3",-19.0976836213716,-10.6418611610582,-21.0285658489181,-11.4849725508909,-11.7600500744266,-9.43855116327815,-10.5542519585511
"SPTB",-18.9489674227309,-21.3402252995498,-11.1511043435179,-21.2686797830765,-10.4575809377394,-9.72194818506233,-9.87275826867463
"SPTBN1",-7.2555805101586,-7.84601680026518,-8.14702178668067,-8.7220517994793,-8.33664756129802,-7.10381137160117,-7.2367992044986
"SPTLC2",-9.89793247296161,-9.66352958441162,-20.6003207070468,-22.2127610586913,-9.52293125329709,-8.0191742709586,-11.3948332678476
"SPX",-9.96523788443984,-9.2969813652201,-12.3538388134493,-9.45826752393054,-8.65961360877352,-18.3424670239883,-22.1730375675308
"SRA1",-19.0339985967961,-19.1441410262578,-9.96046355607256,-10.7085912018468,-9.57381800291249,-10.1314729218427,-9.70041061822082
"SREK1",-9.53406020699212,-8.65942541673843,-10.6327508287985,-11.1473170401631,-9.43573169732029,-7.7952249112388,-10.6107999447224
"SRGAP2",-10.4455477830567,-20.6782401024159,-9.4769661899915,-20.253129282917,-9.9918700098623,-9.62926858697536,-10.0679776053613
"SRGN",-8.34770722918147,-20.6801176887853,-18.101894657387,-9.40625400660498,-14.4151861512546,-8.89359855728507,-10.2860273051009
"SRP54",-18.6375971150501,-18.8765687543005,-10.117964827024,-20.2868179406835,-9.54987279527033,-9.42002192814776,-9.81785527196527
"SRPK2",-18.6054716832531,-8.56082934869467,-8.36080659068931,-9.89372031524413,-9.34844448247053,-10.5686676558069,-7.56428896782089
"SRPRA",-19.1325358635627,-9.98294344039497,-10.5752146916566,-11.7094401129852,-21.5506049939793,-9.42276558536076,-10.0564985087263
"SRSF6",-8.38989141477829,-20.9895046446869,-9.85514808337941,-14.3999153593562,-9.74851544212668,-20.6375203996313,-10.9326178405578
"SRSF8",-19.996728013159,-9.27396701674719,-9.68011164887736,-11.1378411221117,-19.1191210344618,-8.92991522778301,-9.60676609697967
"SSPN",-17.1780464335855,-18.7633034833365,-9.00842563300336,-9.03559348129551,-19.1028762649924,-8.71464021188521,-20.126547254876
"SSX2IP",-18.6839166081236,-19.9270979471655,-20.9395783638828,-13.0797117954634,-12.9100666901422,-20.2162521233059,-10.1861954224456
"ST6GAL1",-20.6474498468631,-9.272343630175,-10.1850892199456,-10.8527920460692,-12.3811865158409,-9.62875152513643,-12.2107435132057
"ST8SIA1",-9.05846200790239,-9.66356565725206,-19.0815153838255,-10.5464077464928,-9.8112362137389,-10.0575175266312,-10.3136678520562
"ST8SIA6",-9.68332967284201,-20.7295454412184,-20.3882796053521,-20.9517374195532,-19.6860507361749,-9.93280071019868,-9.0011421627857
"STAM",-16.9104172987863,-11.9746813213902,-20.8122101215904,-20.4406982852367,-20.343377133577,-18.589061292952,-9.15955365434827
"STARD10",-11.8093978970481,-20.2034323921904,-10.8279672500514,-13.2029597985231,-10.5877203823232,-10.3417794590867,-9.94663749745622
"STK11",-18.9435839983562,-10.3425813980145,-9.84224539185401,-22.3247276487223,-19.1557540239306,-11.0473568468967,-10.442295806243
"STK17A",-20.9362581276106,-21.4255686363614,-20.5787718085412,-10.5780496440937,-21.5504889444248,-20.2214036694384,-11.4947318016913
"STK32A",-19.0985907024658,-18.8792771749163,-10.9224167264071,-9.58573563932509,-9.23908683701027,-19.3427532397736,-20.4546089087308
"STMN1",-7.01958940110533,-6.9213436333485,-7.93527683957238,-8.26129202285112,-7.38229453386652,-7.66422493065638,-7.50206691109167
"STMN3",-8.00637150532591,-19.3236586724514,-10.2803524740032,-10.432754926638,-10.0254668697843,-18.6756362870079,-7.3083082850444
"STOM",-8.03733979998249,-9.08061210076854,-9.46894221560925,-8.30307723994116,-8.38376930235716,-8.28333516887375,-10.5601823819735
"STON2",-16.8726688884023,-20.603754848376,-9.15699538027527,-9.98377727530747,-9.97868440522466,-19.4280054207546,-18.6626028452807
"STRBP",-16.9555452236243,-20.266768769034,-11.4342553764841,-10.4677159061588,-9.57676556763059,-19.1303322455054,-9.93099133019146
"STRN3",-16.1007788245733,-13.6988950123999,-19.6908486905903,-21.2989123912463,-10.0154002751921,-8.79842015899509,-9.87789526972711
"STT3B",-18.3572985147736,-9.4641933838233,-18.8090491712416,-9.85591328912094,-18.8922064369245,-11.7395217857319,-9.15350720108844
"STX16",-9.76280153164522,-8.5948423340598,-9.41606350135609,-11.5178762339018,-21.3860543919507,-19.5860812348703,-9.6361494462951
"STX3",-9.33114851702764,-9.9472041249015,-10.4070898877837,-22.5095599671207,-10.9528509195942,-20.6859359799077,-10.9989768211688
"STXBP1",-17.1246418975038,-18.9490743128498,-10.6804993598408,-9.91093029849433,-9.21582653140841,-18.3811126748551,-7.17519066953729
"STXBP5-AS1",-8.90869458132744,-10.1944916792246,-20.4220447344325,-19.7125823652307,-10.1429260422328,-10.5353335462807,-10.6661707191645
"STXBP5L",-8.98016497015378,-20.2652057446281,-9.84653815820947,-11.6358345451611,-10.4946509596156,-18.7933984780262,-11.1396726594311
"SUCLG2",-9.75296521280562,-19.5914685947376,-9.96470554048037,-10.4930742251723,-19.6781276668201,-19.0985972407461,-22.263631305597
"SUCO",-17.8539738806886,-9.21542963227521,-9.63969689572134,-10.5854805149247,-20.5083458994945,-18.8214019106878,-10.9038382961996
"SULT4A1",-8.87989094081949,-20.3800044589574,-10.0497749505278,-20.6668662637218,-19.1720331021179,-18.4386826114812,-7.81281242543389
"SUN1",-18.2245745149395,-10.6326642777544,-18.7874091767993,-10.4867632440832,-10.0047003461911,-10.4595589342222,-20.4010723588226
"SUSD1",-12.0317933336368,-17.6930438391136,-12.9715078528891,-11.6636811772484,-21.3022410176919,-15.1871620701223,-11.1162996932451
"SUSD4",-20.0004711992438,-21.4001428428142,-19.7540178071837,-21.1677756274271,-10.7266654765452,-14.2800711579455,-10.0249233561413
"SUSD6",-8.18103952387124,-10.42581967393,-10.6491706182302,-12.4639142126174,-20.9427229665561,-9.36347211539498,-21.5556224330471
"SUZ12",-8.79424920196168,-20.0657499347449,-10.5772710616262,-11.9676373354947,-9.68730215932769,-15.017386045535,-10.6397653183076
"SV2B",-16.9140910488469,-17.2865616932653,-10.1898114364362,-16.3853298208972,-17.2982262970074,-17.2488403521781,-7.99990558748322
"SVIP",-19.3014918667548,-7.25013732247525,-8.3483376617251,-9.02344882773185,-8.54501614150054,-9.17221242089275,-9.9341419791265
"SVOP",-17.8141779537246,-14.4108620675756,-11.032716547575,-10.8848563608378,-10.4536164861514,-19.4635790129758,-9.31674357439481
"SWAP70",-19.5669132951512,-9.44134813603027,-9.81622921625988,-14.3081187721979,-9.50167167573809,-19.4451304149716,-12.2617602157192
"SYN2",-18.4594515166454,-20.5490700942491,-10.681187827234,-21.5107354171506,-19.9591616856593,-19.449571249614,-9.42985303131157
"SYNC",-10.3196905905457,-12.28729938588,-20.423251044329,-10.6720410760891,-10.938818475747,-10.0671844633518,-21.8848358788769
"SYNDIG1",-18.6199762353557,-10.074237311485,-18.4764643020034,-17.7239619864541,-10.5219666138485,-18.2741887136773,-18.6332503299901
"SYNE1",-16.9492531804519,-18.1592363411712,-13.4704047380624,-9.98246610450546,-9.3377053875626,-18.7593973086287,-8.98332364364174
"SYNGR3",-7.6561433361007,-20.4928121221213,-9.51832049801757,-20.0137577035409,-19.3805343593946,-18.8933444284444,-7.35935498690046
"SYNJ2",-10.2802939674564,-8.89098699517208,-10.8300038683618,-21.2910549979549,-10.5871816019644,-8.66820607423886,-22.5535998730839
"SYNM",-9.30655162666072,-8.94140001600648,-9.72355634820496,-9.77031957388025,-9.22234086082624,-8.46139037177795,-9.84907796351335
"SYNPO2",-19.3844075547036,-20.6986568132525,-11.0928875645464,-11.7715197139847,-11.7654907869207,-20.4460286937998,-11.0788073377403
"SYT1",-16.6355030736129,-10.6644418229835,-7.77979505697004,-19.2941779199339,-8.19434036446392,-18.8171962101304,-5.70235534828237
"SYT13",-9.04566581514576,-21.0426276186216,-20.8032824792402,-20.7265437971815,-20.886594764492,-19.6563747055513,-8.33782164679532
"SYT4",-18.2987108261821,-21.1522163779289,-9.48618153911701,-10.7253398278471,-13.5839812701028,-17.6860289512153,-8.39491528959732
"SYTL2",-20.1108800554768,-21.227544396819,-18.8267631096084,-22.7089025716769,-12.8254378216389,-18.4646790011991,-9.64301302797124
"SYTL4",-20.0531935346518,-20.4602552787908,-9.64002285047855,-9.52566201044728,-9.03458476075605,-8.30335753418058,-22.1163439448706
"TAC1",-8.77387853540696,-18.2457302373908,-18.7263673592886,-16.6590508242502,-11.9604369797587,-17.4004404208395,-8.85251393361633
"TAF13",-19.6065626053445,-9.66455267003721,-19.2431242653693,-10.0821362166728,-9.63547909853444,-19.5641816290732,-9.02919874211864
"TAF7",-17.4279577522429,-9.45576528620099,-9.68096317591759,-11.6523117085804,-9.49711034241392,-8.27717567507215,-8.95202829624444
"TAFA2",-20.0049246331882,-20.3373612835828,-21.1074763360687,-15.6134096510605,-11.4399931346808,-12.7914057987021,-10.8075194674961
"TAFA5",-9.3905168923876,-18.9176816921937,-8.61723604236214,-10.9050165454442,-9.0290352563942,-8.32453839468545,-9.02067430795035
"TAFAZZIN",-18.374745739339,-11.0182033385809,-19.786301875167,-21.3090374243576,-10.9622922103868,-9.07981048890316,-11.3243481202726
"TAGLN3",-17.5789744887792,-10.4168532741269,-10.8347980541757,-10.2451256221557,-8.83631555524448,-9.98975453602019,-7.17722343087589
"TARS3",-19.694971822088,-8.76684484381958,-12.2034808598924,-10.6593105473735,-11.5349277276785,-10.6703894528491,-10.5426506792314
"TBC1D4",-18.8317729787371,-10.6334080274444,-11.2723642937552,-17.611531640235,-12.2930078462849,-18.9405362143486,-11.4399008423761
"TBC1D9",-19.9910525178862,-21.1950991648231,-12.2041153575169,-21.7794508749564,-11.6275314471809,-20.5105032137842,-8.82519184671502
"TBL1XR1",-7.7759986174385,-11.1761852626559,-10.5506101565706,-10.1224509170561,-10.2530677808543,-19.9871361990501,-11.2081425323875
"TBXAS1",-20.695772337284,-20.6318243100543,-9.58759176235449,-12.1526319005154,-22.0914261215141,-21.25744835728,-21.7465708483511
"TCEA3",-10.270292636233,-12.1728411845178,-10.8445590185455,-12.38696928467,-10.8466128657949,-19.2914647044506,-11.6871087207809
"TCEAL2",-10.6975290775412,-8.60568483183276,-8.77734797137258,-8.7169804683987,-8.2043627862629,-7.55625377628111,-8.75377561120862
"TCF4",-8.81151475605845,-8.89509077772887,-9.07093459035742,-10.2176171308804,-8.81494272632146,-16.7599326299727,-21.1371341991556
"TCF7L2",-19.7371822500597,-21.7735112950366,-11.9849411611709,-10.9715197200594,-9.91352559339523,-19.4629488527196,-13.2644748656615
"TCOF1",-9.4951513132899,-21.0372260109797,-11.032345312753,-14.6334048356783,-11.1784546168486,-10.226616020732,-10.3961243536991
"TDRP",-8.10193198902006,-20.0384754114034,-20.3705604775195,-11.6899659295874,-20.524562914472,-19.187554755093,-10.4664443160988
"TECR",-8.62078557773807,-10.1738585863957,-8.65921378234146,-8.46539078389979,-8.93353062272383,-18.4662569327637,-9.781203046565
"TEK",-9.17945004130879,-16.2093167252403,-16.8202447100289,-16.160569142221,-9.7734890132914,-16.8327959356309,-16.8149475318104
"TENM2",-8.89937632249408,-21.6722816245849,-19.4023594670324,-11.3617495277884,-10.2205334962895,-10.2373333777894,-14.3404822916043
"TFDP2",-9.89241718636836,-19.8078919401889,-10.0550011982897,-13.062851611086,-10.3650287731776,-18.2982798715034,-10.1722103394107
"TFRC",-20.2507331432798,-10.469036422978,-10.0255158755581,-20.9664957757878,-11.3777611999429,-9.41368436181365,-22.0724510897369
"TGFBR1",-19.1995997925638,-9.5845758620406,-10.4942626420945,-11.5289591022821,-20.7580272743244,-9.07045549640957,-10.5743941027733
"TGFBR2",-18.8753620854304,-10.5733390083016,-10.4198721961542,-21.481548755923,-11.1292747482038,-9.3803114655802,-9.72061006299098
"TGFBR3",-20.1422620293304,-17.7170743980202,-18.451905662646,-10.6508659581276,-12.1217834613707,-19.0600905612981,-21.5571330945639
"TH",-9.07870692527575,-9.55902591948815,-19.2430513592079,-19.1887173157538,-19.6523026731979,-18.2497446923493,-6.76519293082426
"THEM4",-19.7038867029637,-14.9452090773032,-20.2985562796348,-10.4626925940185,-12.3402799919519,-18.817705296215,-10.4668825954844
"THEMIS2",-11.9377006747074,-20.5498734180356,-20.6353018085815,-11.8199458847095,-10.3139920809133,-9.56381589226599,-22.1413321829841
"THOC2",-18.2359476515156,-8.94084595487889,-19.7914961424286,-9.38996293070596,-8.99767937187056,-9.97757589835568,-17.5497535336479
"THOC3",-9.53520932731132,-20.5448692386372,-14.6962015380908,-11.232599171302,-12.382876704207,-20.1339195599825,-12.6183858703734
"THRA",-7.99107851413318,-9.17207243556154,-9.55445295053356,-9.26724325584433,-8.58780564668033,-10.2139151233034,-9.19667394739829
"THUMPD1",-17.5945799660324,-10.4086446273763,-20.0732180008173,-10.3783458470062,-18.2557929649367,-9.92035634717579,-11.0623512388334
"THUMPD3-AS1",-21.7393829110859,-13.2674464530174,-10.6586092484683,-12.019870789513,-19.2858218468121,-20.7089888588597,-12.3393346041473
"THY1",-17.8228933845989,-8.87615298191007,-8.2196123499521,-20.2206375906897,-9.98236389073761,-8.29445864457496,-6.55025601249105
"TIAL1",-10.4335609408455,-10.1566288799506,-20.8987867252114,-10.761419604348,-20.9188899474343,-8.79565126043643,-10.5848035480969
"TIAM1",-9.85392389304415,-10.7688971492938,-10.008748596586,-11.7674010761159,-10.1689789350042,-18.4912300477511,-12.1945285027635
"TIMP2",-17.8031078371549,-8.00863420036601,-8.45719103250335,-8.89103781211854,-9.49018323931113,-10.4196891556552,-8.99485923722353
"TIMP3",-8.71439784476791,-19.7243728926479,-8.9412039075052,-8.65154534578618,-9.34864242946048,-9.31495137864155,-9.45141022758819
"TIPARP",-9.42184449512554,-11.3210067465539,-19.4690533543251,-10.3887802682607,-10.4479828240881,-20.1079694487415,-21.1944152652971
"TLE1",-20.2460074001857,-10.1376049448876,-10.0523429548,-21.8156179274827,-10.3682758323423,-11.4399945342253,-12.2503095760074
"TLR4",-17.3345816376271,-20.0058097806692,-9.69732864701638,-9.71754896030771,-9.22561247461454,-8.77290674366324,-21.0393927388518
"TM4SF1",-7.96265489930916,-9.18141956674893,-10.0523128958814,-10.6439237164374,-10.7967501144888,-9.41563967151581,-11.7692950488128
"TM9SF3",-10.9578418365532,-8.75770601840136,-8.71368869269419,-9.50663815224793,-9.74205236401092,-10.2199009106538,-8.59958471309707
"TMC6",-18.687547985592,-9.72794642039286,-9.94966380067769,-11.1894598784259,-10.5107475392628,-9.23259543342647,-12.5902256503974
"TMC8",-9.1458830767974,-20.2689796867526,-21.014187361572,-12.6592972243537,-12.4091669347959,-18.7451320329833,-21.2042968886614
"TMCC2",-17.975389122123,-8.69176505425698,-8.80657581723347,-10.8212408045707,-20.0127158024905,-9.27369280746932,-9.28717430123901
"TMED3",-19.0498168674351,-19.8861335932787,-9.89585293772653,-11.7243242978637,-10.4021666225839,-18.9791841194791,-9.66583559033699
"TMEM106B",-17.1670480636143,-8.87807209345589,-9.49706873190548,-9.89022008154564,-10.1830137276818,-19.7023473396174,-9.02884980610191
"TMEM106C",-9.45449565513906,-17.1419111607496,-10.5146662927434,-12.1809112153262,-20.8489243693357,-9.15463036324345,-10.2504467771886
"TMEM107",-19.6170433655065,-20.4205116493429,-11.2470153159573,-11.1443945966412,-19.7273194529164,-18.5522725549328,-11.0970291242023
"TMEM116",-10.5659344916472,-22.0169736308728,-22.2857801379035,-12.51213727243,-10.8733544934292,-20.7622987851632,-13.4318989243016
"TMEM132B",-8.19619461606088,-11.6607213505473,-20.4426176569342,-20.6487404389076,-20.5051331441733,-19.0747897801826,-8.76340444020176
"TMEM132C",-10.6737242482675,-20.5821943729435,-9.92675165762505,-21.1725429853517,-10.8479705816766,-9.95846635229554,-11.1349971137799
"TMEM14A",-17.9998942501281,-10.2166406087976,-9.68506069907791,-10.5497598537838,-9.62373144263096,-18.8573339559213,-9.11140938816485
"TMEM161B-DT",-18.3930546382744,-9.0100930214335,-11.1837785771253,-10.5197370243419,-12.3596880284447,-10.5155121301336,-9.61716727143726
"TMEM168",-9.47879567043306,-9.61093562061026,-11.1866388811146,-11.2663439715056,-19.0922234517829,-9.1802891823818,-11.7260287191665
"TMEM170A",-11.1674441449452,-9.62081742348925,-13.1601239783848,-15.277872426283,-10.8634338446569,-8.9596126935617,-10.4991090729843
"TMEM170B",-9.62051352628833,-9.0846950129029,-18.1155529715411,-21.6121876150147,-18.8230846626984,-9.00466693303786,-10.2160795926081
"TMEM176A",-19.9771756398154,-9.67985111091146,-19.5738828160037,-10.5968952307227,-9.3669184606741,-9.64889563522916,-10.6344491998566
"TMEM176B",-14.453490412926,-9.24921899718373,-9.56787729876417,-9.6253112284676,-9.67656351014204,-19.8471937223595,-21.318028617428
"TMEM179",-19.7451960785426,-11.1483517990003,-21.0524484898577,-21.5742382631135,-21.3902566172926,-19.5588432358524,-8.93887024898932
"TMEM205",-8.32963923190181,-8.3780233367183,-18.7884036859166,-9.11432091546794,-9.95358985079147,-8.42809861653797,-9.52779826542477
"TMEM25",-20.2930856398579,-20.8766733779181,-10.2635680689541,-11.4838912681994,-21.2627221443094,-19.3826556925946,-9.50164928463269
"TMEM263",-20.180864347207,-20.5577593953242,-16.704444101491,-9.72774606260269,-11.7645986976317,-8.61746496928514,-20.2839847689967
"TMEM63A",-20.0656079128977,-8.9125835658122,-10.0613355079454,-21.623343372903,-9.60786966725719,-18.5901694563136,-22.3643632243618
"TMEM64",-8.12184604288936,-20.3667247247556,-19.9140101989233,-22.0642434466677,-10.8902341147307,-18.0286094422478,-11.374870063528
"TMEM91",-19.4270588455598,-18.9002480942468,-20.0389783578164,-11.2587646063393,-10.2379653006214,-12.9941157636695,-11.2192294058278
"TMOD2",-8.4384653235346,-18.2857673921482,-9.3401147374321,-10.0744340173486,-9.02654344994393,-18.1552585888536,-8.55579311165771
"TMSB10",-5.55352631094961,-19.2715464428551,-6.71051010525334,-6.65033824149137,-6.76576255825951,-7.13210486031503,-7.60773059954653
"TMSB4X",-6.20314614922698,-6.31746291107355,-6.0809448536903,-6.59207772860775,-6.31274698662666,-6.23195527258757,-6.64453705766438
"TMTC1",-18.0424408320559,-11.201108036669,-10.1255016124224,-11.3037671383693,-9.07140906138693,-18.5102817247448,-9.81645526643677
"TMTC2",-18.0867794980186,-9.05659197277289,-18.0501424513917,-21.3151956780648,-9.76180135337775,-19.3725786779618,-11.8953668101268
"TMX4",-19.4501541346498,-19.2312036923795,-8.89144057401518,-9.47889025561173,-8.31714522100491,-8.69375040698412,-8.04088941226838
"TNC",-19.1402705543207,-17.7855552326606,-9.60084060390034,-9.55392580738569,-12.3131052334509,-15.9485375722631,-21.898280794322
"TNFAIP1",-19.5977125363287,-11.1149493168217,-9.8264291696059,-10.8119363896721,-11.0688287520191,-15.904516660185,-11.5973093992352
"TNFRSF12A",-19.2921314657657,-19.2210514214652,-20.3924393375714,-14.1714440767848,-15.2482981580928,-8.73567109158815,-10.7575719689584
"TNFRSF1A",-9.88493415411471,-21.2462667409163,-9.56252949510053,-11.077658380944,-11.5551608033837,-10.0123721635065,-10.5111453361973
"TNFRSF1B",-9.37744208681806,-20.5670383919926,-10.6769713012262,-10.8653136727354,-20.3515048806153,-18.8669332548355,-21.341473673577
"TNFRSF21",-12.1017395028935,-8.71313718600462,-9.07802491288061,-11.9619894153745,-20.9847942436181,-16.8113057663762,-8.69733463771689
"TNFSF13",-19.1461929355853,-19.2797509820532,-19.8439914578334,-9.58815293542652,-8.91931731823662,-17.6062159114089,-16.9640161162149
"TNIP1",-9.97162429371092,-20.355998634961,-20.6310558789656,-19.0381617575195,-19.6214639445685,-9.14181650322163,-9.62881558147203
"TNKS",-8.96261112681763,-20.3525849208396,-9.26528098382065,-11.7915782081644,-10.0312998714171,-8.41521427569578,-9.81712706990564
"TNNT1",-8.72678416339453,-20.4300757369086,-13.0366813447293,-10.6526816295081,-13.5544401722437,-18.7955373080316,-20.3177221501629
"TNPO1",-9.70805855188595,-9.49986287660212,-21.2342106647175,-9.806573667646,-9.58490374843915,-19.7480937952314,-9.76842678220797
"TNRC6A",-8.59980375509025,-8.62500653440376,-10.8209486935361,-10.9190461676208,-10.2623696350953,-9.05543521465375,-9.60123580451973
"TNRC6C",-19.4525414387177,-12.7462617590972,-9.97523924259114,-10.2210441881312,-10.1787890004449,-9.53484421964418,-10.7717377720465
"TNS1",-8.70720035597678,-20.1546505724129,-20.0835274652349,-10.2573528837223,-10.0441340500471,-19.1951720597934,-10.7817190258975
"TP53INP2",-11.2322814664791,-8.19313574805246,-8.82808306604138,-19.0774561186511,-10.5445249992667,-18.330840242986,-10.1622348382966
"TPCN1",-18.6441831801785,-9.38823630137353,-20.4408580467777,-20.7102102027021,-10.0884383819928,-8.99861834486243,-10.9503242618791
"TPD52",-16.6775417288872,-9.22344544675802,-20.1565702922968,-15.322928198932,-10.2690504342249,-16.4676188637375,-8.59776569874812
"TPD52L1",-13.5071561889306,-9.50109445509246,-9.77112144540806,-9.14910530575568,-10.1833267060061,-8.37121695583253,-10.3712737549162
"TPM1",-8.59883917093082,-10.051556090919,-9.51411318206596,-8.92191018018314,-9.93961480830322,-19.7334763630159,-18.197700823395
"TPM2",-9.01579531025389,-21.5316953200351,-10.8366355609164,-15.2514427960927,-10.6737780772051,-9.434343687644,-22.581456787455
"TPM4",-9.65974834611319,-9.00079870303705,-9.88989063814065,-11.0732795354455,-9.6123266753404,-8.52411371656881,-21.6377784391881
"TPPP3",-19.0177117815019,-9.45639626378073,-9.72897221239633,-10.4081286887628,-9.31035170520572,-19.546694455575,-9.61114571557267
"TPST1",-11.8214054023035,-10.3978205258517,-22.3802854732853,-12.8029544024384,-21.7110332134936,-10.6489085089531,-11.3816295545363
"TRAF3",-20.9637095377132,-21.1470909961168,-19.3877246861219,-11.738509668333,-22.1958766775134,-20.205140760594,-10.6081745060691
"TRDN",-20.0519688050749,-10.7343359584957,-11.3031879443199,-11.6824264712684,-10.545755151365,-19.6687384925311,-10.9426592623251
"TRIB2",-9.41803999211293,-10.1610998488793,-11.5549712920879,-20.9554918622456,-20.4338668119507,-9.9013674840252,-10.2372121166984
"TRIM22",-10.5146323132063,-9.41954923264814,-10.0519835425434,-10.6281211142963,-16.9248367699117,-8.33076611298969,-20.0666057052353
"TRIM36",-9.01815854936444,-9.31022045227521,-10.830015312265,-19.7775894112148,-10.1841377947952,-18.870677308448,-8.73415735672636
"TRIM58",-20.5210254640823,-21.7552445937959,-11.2253703268932,-11.8529357638594,-22.2033992738769,-19.9417670074049,-11.028184769429
"TRIOBP",-19.7693988822727,-9.31751313271119,-20.9633953138321,-11.3489279881948,-11.096821706544,-17.2951979969592,-13.8706235534994
"TRIP11",-8.57568827200998,-18.7233752494448,-19.3852851764908,-10.3438027381327,-9.51816061851071,-18.9272344686539,-11.6953721677641
"TRIQK",-19.8832095171193,-19.6692694006101,-12.1943999121102,-11.3978626915973,-11.3799807236333,-9.65468736805952,-9.92065197459839
"TRMT1",-9.94341226600393,-11.6945901799099,-10.7061131101589,-20.1094842984653,-10.8749794541641,-9.24891104789067,-10.8305148721845
"TRMT11",-19.794705280644,-19.232429076477,-9.67342505284636,-20.8379728513661,-20.5631608150947,-8.4808278026462,-11.0494372530639
"TRPC1",-18.9472958373186,-18.3107466197133,-10.0210088911951,-10.4815810492725,-21.1918127702101,-10.4340754112383,-11.7422845898046
"TRPC6",-14.928804396877,-18.819386953051,-18.4661142767879,-15.34847083771,-9.9704951751772,-17.7365682293384,-10.3263805702447
"TRPM2",-19.5178923771658,-20.387137070168,-19.4925130769576,-20.8700947949628,-20.0410020503927,-19.5574219959734,-9.27445548357698
"TRPM3",-16.1338794175984,-10.2767165346477,-9.23671632537224,-9.57281677230042,-9.46730430674653,-18.6530848410716,-10.6954412385785
"TRPS1",-10.6792310647175,-9.87501819102354,-22.0550992797187,-12.6019369710557,-11.1492894736157,-18.922111614593,-21.7778932269876
"TSC22D1",-7.0683366845718,-18.9461169213206,-7.59383286749806,-7.27287697526434,-7.76040647776046,-8.14058463929965,-9.1209239677634
"TSHZ2",-9.4924049761598,-9.81259612816148,-20.7442874986783,-10.9296691657947,-19.6938941566316,-20.0470008991351,-22.9680959841686
"TSPAN13",-8.89369370710363,-20.0980571960883,-10.3745685480984,-20.1041439544704,-20.1278644433617,-8.86042215355297,-8.85623618070164
"TSPAN7",-8.27795060121032,-19.2744813632944,-8.45227947516875,-9.48943736590588,-8.77594994674421,-10.1575484089158,-8.18234606652388
"TSPOAP1",-8.22797477234754,-20.7431371423502,-9.98636824757095,-13.0631271439359,-11.0562104415132,-19.2823114082949,-10.190708740795
"TSPYL2",-19.8288961113844,-9.88974759678266,-18.1038943924672,-10.1201627157265,-10.0454677032879,-18.5555973933118,-8.70180165737368
"TSPYL4",-10.2373037270666,-19.8561652311448,-9.56985591984935,-21.4588443443747,-20.2063815917979,-10.9492997001587,-7.99654080761385
"TTC32",-19.1832931874073,-9.15374998630104,-19.3777024698611,-20.5470087161794,-18.8049855607643,-20.1957373136394,-10.8752976042705
"TTC9B",-18.9081595910487,-11.1088059605864,-19.2466737296372,-20.4539279387858,-10.1807724821458,-10.4401069751906,-9.13696040126125
"TTF1",-10.2402954751953,-18.9414115427689,-20.5777348738032,-10.7355585694627,-9.87914684058122,-19.7947493931571,-10.4837477046358
"TTLL4",-10.0748348256179,-10.9630191644899,-20.4717219454294,-12.3574012509975,-10.0231995714737,-9.74433383742509,-17.539503611341
"TUBA4A",-8.21680998838208,-13.3827591397387,-8.7088394086179,-21.0071192439923,-10.4785406694761,-19.4266702618064,-7.4534215919377
"TUBGCP2",-8.85057387675309,-9.31201569140397,-9.30269623966876,-10.9608956512589,-10.5703344938704,-15.1361549111983,-9.51708886227987
"TUT4",-12.0423229781708,-11.275148144362,-13.23545416733,-19.4685136851551,-21.0623827848489,-12.7746159643779,-20.0215310592537
"TUT7",-10.8941671251362,-10.3932076254744,-20.2809624687379,-11.0203671645125,-9.81158151640169,-19.964585808664,-11.4843591712488
"TXNIP",-8.01231816703031,-8.26540476609506,-9.06807552470273,-8.84490260893944,-8.53295765204959,-9.43022281806321,-13.9382894353316
"TYK2",-19.8188923187834,-10.8576957733276,-10.5341047985217,-11.3099698454945,-11.7113105593336,-19.5129061504744,-11.5228651498139
"TYMP",-8.62658459361541,-21.4336954792027,-10.5627037354975,-13.3025097717103,-11.7994636914435,-18.8042647130329,-11.3430076747006
"UBA6",-8.19419529302531,-9.90395724853848,-20.6410470913822,-20.6787366179688,-9.94150051367571,-11.5001732519404,-11.1927335174699
"UBALD2",-9.55122026285198,-17.0587702439586,-8.84940155670988,-10.7159488114475,-9.2960669923382,-9.84052609079036,-9.97225695505763
"UBASH3B",-18.929422186894,-21.3750890852373,-19.6842384475052,-15.4165524815332,-11.1619083524995,-10.800419870315,-10.6407304431447
"UBE2F",-18.6827262245562,-20.6185218011295,-9.65980176366483,-10.1661484625976,-9.45577736737375,-12.4205668429145,-9.30376430674226
"UBE2M",-19.6431938753216,-8.49706984902032,-9.00886945385331,-9.27021586866406,-9.20277970066356,-18.6211209796847,-8.34563341833844
"UBE2Q2",-8.46042147309422,-15.3291746115132,-10.4129555538217,-13.0242870043,-10.794849769539,-9.17045402861336,-9.41870326514767
"UBQLN2",-16.3526390294291,-8.88536806568142,-19.7809682308941,-10.3848568850227,-20.2107798256822,-9.35980631827788,-8.75610348645903
"UBR1",-18.1215279543765,-21.4737328487911,-10.0349535540417,-22.3276875679785,-21.8385817102919,-19.4999206777251,-9.72006728168364
"UBR4",-18.9131751842217,-10.8496576083891,-9.70230079193452,-10.6400338299134,-20.7794462938611,-11.1897393277706,-20.1915666282392
"UBXN2A",-18.5788398446275,-11.4222643810102,-21.0943055098798,-10.9035525062785,-20.1794899184639,-10.2368163379006,-10.5965312772145
"UBXN2B",-9.74577083587619,-10.019105118695,-11.1594248737578,-10.71015413949,-21.2562679731151,-19.8025798401604,-22.1346846036512
"UGCG",-17.2637463141583,-10.2307304708045,-17.7318341516507,-10.9266460146005,-10.9650251912011,-18.9258807100092,-9.67230123360219
"UHMK1",-7.91473578344414,-17.9713202648599,-8.85317363042404,-10.0949503550472,-19.2718736899885,-19.1379272661961,-8.03266097836974
"UHRF2",-16.3739447180282,-20.3225322433357,-20.6794360497575,-10.2875293080701,-19.9881208991719,-18.6311070260029,-11.0526478582846
"ULK1",-20.0521719713806,-11.6819243838966,-16.7532194133528,-22.2602228253334,-10.7831531514512,-15.8203102426913,-10.3503680239509
"UNC13C",-9.91819107017987,-21.1514085831921,-12.4794568542404,-19.9744126932856,-10.3749896314829,-18.4072993041363,-8.22937800611204
"UPK3BL1",-8.44038201321354,-10.1500027368627,-10.4834643579174,-9.75564546466878,-10.3275088695864,-18.5885866445527,-11.138964389801
"USP11",-19.3042366729201,-8.64905580846313,-8.49635929317364,-18.9057482942565,-9.92047078416681,-9.42432634593969,-8.05792145489832
"USP12",-9.97248794859553,-10.4458822626417,-20.5186464238668,-21.3092780555982,-10.6235230047733,-19.0330950592873,-9.97479300077724
"USP14",-8.19364796606751,-20.6880561070451,-10.3325529125134,-10.8903749486643,-10.4615539241685,-19.291695290445,-9.00096319051418
"USP4",-15.9683854977574,-10.2359910689721,-9.75766538755694,-9.81870218140655,-19.6354376205005,-8.92076947150271,-17.8352053618477
"USP53",-19.9663293946201,-11.2007791897799,-21.906215083194,-10.6837837147971,-10.1641811906071,-9.77021781362331,-11.4318397037802
"USP8",-18.2080757385273,-15.4275627595305,-14.778743015315,-9.77194650472023,-10.3736777535111,-8.35155148768781,-9.13705017661361
"UTP23",-19.1404566255136,-12.0280482410652,-13.323269917291,-10.1056918596646,-10.3395113707321,-19.8999309909574,-19.8571244508333
"UXS1",-10.7044395150941,-10.3906828166328,-21.2192081535572,-11.0142781093841,-20.0302699408515,-10.2141935953257,-11.577441532986
"VAV3",-18.7908132505716,-19.9765284400566,-9.56299352997128,-21.3833817355921,-20.9055984677875,-10.6066001992467,-9.51927824203205
"VCAM1",-11.6261521819336,-10.5547574617096,-10.3161804620916,-21.0617609985897,-10.7553982431612,-16.0395284585185,-21.617774708418
"VCPIP1",-8.45097337447731,-17.9711904609177,-11.3058643299916,-15.3468092370326,-10.8683179037468,-17.6432923703604,-9.93924735246138
"VEGFA",-20.5249798443924,-20.0104978118653,-10.4427884692696,-11.4158240444475,-12.5339467569208,-21.1761924146388,-10.9981972531069
"VGF",-19.5020487176259,-21.2934855138356,-11.0453808362428,-12.8044808406826,-22.0145512914774,-20.267962968558,-10.1569457095229
"VIM",-7.74502776273908,-8.49981430313754,-9.0624765140891,-11.4674098473846,-8.94390146143787,-8.43849748942451,-21.9990587864321
"VLDLR",-9.10548284061574,-20.2326334934285,-9.51389549039405,-19.1757648491623,-20.8769498185416,-8.55700498621726,-12.3070689495893
"VMA21",-16.7914217156509,-9.11344724699262,-10.610406433227,-15.3508181339316,-9.30265090792711,-8.2536065931395,-8.76276549280628
"VPS13A",-10.7768922654841,-10.0651057685894,-20.0204751562083,-11.5866815092771,-18.8606726427677,-13.6062899893111,-10.2002408876381
"VPS37B",-20.8149967279847,-21.7387653256946,-22.0116250386191,-12.5699907337657,-11.338188934676,-20.1835005262418,-12.3730275590648
"VPS51",-18.8730587761761,-19.4140408319066,-9.50212732268319,-9.71628341424401,-9.03601919757523,-18.8546304897724,-9.64543899926482
"VPS8",-11.7732651363364,-11.9316303223803,-10.6944605811012,-21.9693350895739,-10.0892840395719,-18.721026725557,-9.21776697189552
"VSIG4",-9.21232315181043,-10.5829066661092,-9.38619394108913,-20.2066690260661,-21.212734258445,-18.8117536176312,-11.7488560346346
"VSNL1",-10.1293004046564,-17.2388581883721,-9.01468259690868,-10.0705864426726,-20.3101929601888,-9.47226396352354,-7.49542374228305
"VWC2",-17.4991212352979,-10.3836259003074,-9.69356703590579,-20.7776555746658,-20.831519008259,-19.6525141818019,-9.33181254038871
"WAPL",-19.7954067417524,-9.58972392001834,-10.3197190821919,-22.2529015015828,-17.3349922120426,-20.4345418482669,-10.5417328445977
"WASF3",-9.99278746297685,-19.52375261897,-9.76585602121948,-8.77387432698779,-18.9332924887332,-18.9797048520521,-8.64030062829169
"WDFY3",-17.1961602039878,-9.3390576006645,-10.2647574846473,-10.8083120267189,-11.2415303866425,-19.0260573222269,-10.2315026488808
"WDR74",-18.2601499372658,-9.92185001674581,-20.657388761726,-12.9629567301585,-9.90831376005057,-19.2742821664508,-10.1911941406146
"WHRN",-19.5146678542842,-9.25968594064103,-20.6002911192514,-19.1284549149649,-13.2500364289143,-18.6907545631204,-10.5650906626026
"WIPF3",-8.77349382071571,-19.8898145932827,-20.7497026182377,-19.3689929218024,-20.1207419810542,-19.1107199528068,-9.36456605525291
"WLS",-9.72050019262345,-9.93143585965417,-9.22328583519221,-8.4132049176645,-8.7085919420616,-18.7987091798404,-21.3186163560103
"WSB2",-8.00166458097715,-8.61877530141253,-8.60116558265337,-9.53598829888323,-19.8862105012501,-17.4077942480915,-8.71788339265387
"WWC1",-19.1280869411877,-19.1216882220236,-9.94722799319117,-9.32831950346332,-10.0129930552661,-18.2180839338478,-12.9149165337158
"WWC3",-9.43485125969818,-11.2710337391943,-13.5363824908015,-22.7781583745494,-11.2798900869966,-20.3229830366101,-14.1653887784154
"WWOX",-19.0351288039174,-19.527845088945,-20.3605047292121,-10.4709493643124,-19.946874444129,-9.03075534547189,-10.6807685811186
"XAF1",-9.47962143737875,-19.2343254589226,-19.4083315407449,-10.3524300443074,-11.041145625135,-18.8389844906479,-11.3269328103461
"XBP1",-8.71202256341235,-19.6386543565491,-10.5510179157583,-16.0112127310017,-10.384186479141,-8.96614543582854,-10.2785585412832
"XIST",-8.86676317006546,-19.5820041722503,-8.47618320924797,-9.47764034583637,-9.0168736068924,-9.38341087300322,-12.2622986662777
"YAP1",-9.17839710999028,-16.0664692442622,-10.0413334094434,-10.7828754250935,-21.0288002692835,-20.1005296962444,-21.9169486123338
"YBX3",-7.88073734415792,-12.0902718696779,-10.5293276096916,-11.1824480594453,-10.597362726048,-19.3425119260787,-22.8982085293895
"YES1",-19.3198436407703,-19.0783066378246,-16.0763953616874,-11.0571633204087,-11.0958231045412,-9.5220195170117,-10.8029167340445
"YLPM1",-17.5868179693937,-10.0533162404578,-10.4090864036983,-10.4912097461907,-21.3545419909645,-19.1393063507683,-10.9378869351339
"YWHAH",-7.80309571434969,-16.9532247390904,-8.31006969994293,-9.86785252918393,-9.14039958709128,-18.4473335417328,-7.23217752477562
"ZBED11",-10.1886243471159,-9.4784040448414,-8.92320152747483,-9.31328649288413,-11.4106585233329,-8.60030550485576,-19.1236423845616
"ZBTB10",-18.4459742842905,-9.63514196392156,-20.5076095102815,-10.8120295237365,-18.2377520756976,-19.6487222882848,-21.4166284924406
"ZBTB16",-19.9753546059485,-8.51684668211204,-10.214298044268,-10.266800096968,-9.7498659774444,-9.13774900037975,-11.8241237545289
"ZBTB18",-11.4261800343916,-21.4637387419211,-10.0284195723426,-22.4481948712543,-11.4361890672766,-8.96978916114257,-11.0320150849748
"ZBTB20",-7.96295083826007,-9.06873047111534,-11.6440188128321,-9.57869770519942,-9.8790743681376,-18.6100974174462,-21.8417689861239
"ZBTB38",-18.1057982070126,-9.43129631378226,-9.95498482017812,-11.5405411707699,-11.4492381253914,-8.93138757388774,-9.49882939771243
"ZC3H6",-9.84574890614728,-8.64017025204375,-9.66406652041518,-10.0917548292526,-9.61384221345114,-19.6958531679098,-10.8128610689377
"ZCCHC2",-21.0135204130625,-11.2139767061858,-12.9598156487144,-11.4744057588956,-21.039787960033,-20.7790054913958,-12.2977260996168
"ZCCHC7",-8.8275188361089,-9.16180631844645,-10.3055548141695,-21.2694065367829,-10.8038949431369,-10.5651994317585,-19.969455853744
"ZDHHC2",-8.47814969460399,-9.3836898499679,-9.64155787402723,-20.3633346391619,-11.9349957246503,-9.62539152040389,-10.4845652044248
"ZEB1",-10.1788340971227,-19.7340958640195,-8.82305920772853,-9.69584365589471,-9.5977523869257,-18.4282428387716,-9.67784227930826
"ZFAND2A",-8.2377281441344,-9.41392951232607,-9.64189307341909,-10.3642733971205,-10.5825407729579,-9.82897458108626,-10.781895746061
"ZFC3H1",-18.9591245962692,-13.6194939708175,-12.6668300897612,-10.2222298142611,-16.8133482590752,-19.4878711965965,-10.7863057761117
"ZFHX3",-17.6460508856255,-11.5567684475684,-10.5828245339118,-21.4857746585884,-9.67787326077897,-10.1393956443266,-10.2420563825056
"ZFP36",-8.63312473019265,-9.99072570215439,-10.4880877104652,-9.39959069902507,-9.17159977925288,-10.2492506179181,-11.9361236168424
"ZFP90",-19.7729142668531,-21.7391912523287,-11.0073656420165,-22.4325527765335,-10.0061481955322,-9.64534745596438,-10.757062576181
"ZFR",-18.9366664529301,-8.06403589703218,-9.75228905714612,-9.93590204560426,-20.0958639961497,-17.4981658649306,-9.0666416257497
"ZFYVE16",-19.5838997312516,-9.40758435726657,-8.9681838091654,-11.2687244601586,-10.39203297625,-18.3928253418368,-10.4959715393618
"ZFYVE9",-17.4657170217792,-9.60273367822667,-21.0658856205853,-22.1082175353417,-11.1212280270146,-20.1283505776252,-10.256102785743
"ZMAT3",-8.45737156404373,-10.192500672397,-9.45468929378268,-10.0976664161187,-9.34754775667051,-18.431446929344,-8.86182098691745
"ZNF160",-20.1821826043667,-21.3520345054958,-21.4371563536022,-11.8088819597627,-10.4582536961308,-10.1563996540441,-23.0099601656104
"ZNF208",-9.49569920611603,-21.2520249278546,-10.8309421191243,-11.9996454751113,-21.66364493879,-20.126266138931,-11.8547615781179
"ZNF281",-9.55665639336676,-9.8341917763289,-19.5584185056015,-21.7274215040657,-10.0514109954484,-19.6702614509451,-10.9154963172576
"ZNF292",-8.23736859465411,-9.29564753965051,-19.3825197502995,-11.5520110809769,-10.6133949677379,-8.33915117160588,-11.3869675898839
"ZNF331",-17.0602157688684,-21.1452283582696,-11.0757290252644,-11.9278888921557,-21.428038142119,-9.42302015273554,-11.265182756056
"ZNF358",-8.53250144077545,-8.71131052542399,-9.13313435085158,-19.1685316097691,-10.9882230156591,-9.13180335845768,-9.75266877869475
"ZNF365",-19.1709730406412,-20.3333047492157,-11.2236528841001,-10.1345355215426,-10.6412711452913,-18.8655919303491,-21.8104864143511
"ZNF383",-9.41566080191584,-10.8178322059494,-10.6260768424728,-20.9957310242684,-9.90402689406215,-19.5989047865563,-12.4894597111188
"ZNF385D",-18.1480865611847,-19.8837552967269,-9.54112504473369,-19.863914873684,-10.1398262341043,-9.09539439660117,-8.51342821481743
"ZNF395",-20.288833784812,-9.89193986267419,-11.6239005965907,-21.6580158469831,-11.262357061394,-9.73143725081767,-22.5769130975018
"ZNF451",-16.4291893923464,-9.32521948437085,-18.7360259873968,-10.1153913706214,-11.1682840829236,-9.17852102977083,-10.478750604378
"ZNF483",-19.1435874507458,-10.5689103319382,-9.15539342788206,-9.8810733282943,-8.58815149433411,-10.7011268267954,-8.67340651739605
"ZNF493",-9.74507868560456,-10.0582279774437,-12.1254925157126,-19.0587263197428,-10.1781383167249,-18.9690349580018,-11.3449196029245
"ZNF506",-17.3692227567099,-10.2385322081244,-20.3274847514514,-10.484164649869,-20.64656859658,-18.811295310217,-21.0436552927398
"ZNF507",-19.5758511892588,-9.90209979556895,-10.5239284557825,-21.0462504976026,-10.5769071291201,-10.2434737150507,-10.826052236484
"ZNF529",-19.2622495219689,-10.0838630985535,-9.96247163017763,-20.9654727595895,-20.6828157009214,-11.9100018639402,-10.3477851814816
"ZNF540",-20.8935847434405,-21.5293331915496,-12.757314304884,-22.9727150889298,-13.1322080431791,-21.4856185612703,-11.2252946537274
"ZNF582-DT",-8.51278133056179,-20.5477374922271,-13.0756938391743,-11.9383314928345,-20.9797131337646,-18.6263295110336,-21.7019393734221
"ZNF638",-8.91915553022611,-9.47773741907778,-9.75269720205509,-10.6412609951286,-9.62362035994573,-11.3982119229088,-9.48214744640884
"ZNF721",-20.4228212513635,-19.8878490769542,-20.9121571396107,-10.6799084234669,-10.8740860015565,-18.1213080253444,-11.5395179599554
"ZNF727",-20.3411889784816,-21.1830814170554,-19.4512952907814,-11.8858247439691,-11.5656321555831,-9.41005563101994,-11.7429368723694
"ZNF770",-19.4494060840523,-9.21470169062463,-11.1861347642375,-21.1559179630923,-16.6528363258594,-9.62198668016069,-9.86015377058114
"ZNF91",-19.1758650917288,-20.1972441456745,-11.1460992247629,-10.2587560675434,-10.4151420001658,-20.4494598963189,-10.365503880419
"ZRANB2",-9.15907097108434,-8.49696008323699,-19.3980382278977,-10.5094780642919,-8.62075991205644,-15.9915732075195,-9.07225116205375
"ZSCAN16-AS1",-7.63869800167623,-7.88648311046055,-9.05001424377993,-8.59265400254382,-8.67151613508077,-18.7708921615068,-20.9563877242726
"ZSCAN18",-17.4039681762375,-9.76774898676371,-9.86572787238629,-10.4835600647276,-18.530567364259,-18.7788418357024,-8.61868774580319
