"","Endothelial","Oligo","Tcells","astro_fibrous","astro_protoplasmic","microglia_mhc2","neuron_dopaminergic"
"A1BG",3.75270754892905,0.671513512474698,0.800100348668102,150.35655420525,0.666535678702562,160.109754363933,150.175333888023
"A2M",0.283864670220463,0.942575619797768,0.646525405342337,0.21095490886159,0.945109446308571,187.756930169595,3.15989275254279
"AAK1",0.499718117972251,0.476983537104886,2.73062709973376,1.7520483801595,250.845632904392,2.25798947760584,0.203709183808099
"ABCA1",132.454180302749,208.335992951295,0.907855081520897,0.567032195470624,0.617217913910705,1.02815935893495,1.23143395894278
"ABCA5",155.523310972971,155.037407913859,154.661403418843,0.411019702327448,148.57155372836,155.667956596857,0.329901049723907
"ABCA8",1.38001617599343,0.709214735144274,3.01653658648257,1.13457793265514,1.55801106666103,155.946768405838,147.910956980473
"ABCB1",1.03015433259955,162.980142835561,145.242644637405,1.72963783934682,9.05392497691717,0.762299766431863,167.930987938739
"ABCC9",150.263760939907,149.753111326871,30.8384834631221,1.1351168128331,0.492566629989883,150.726718717275,1.46269378339539
"ABCD2",230.256753769375,222.505363340338,4.77871547163857,0.513474354524621,221.120893667257,112.729958163988,0.67963179034874
"ABCG1",2.56030854419067,1.31289356517817,0.437187515480506,218.989490313385,222.601892961267,232.013835302308,0.470092449225799
"ABHD5",156.660451552195,0.598309381328198,0.658420778580498,149.01066342467,153.898055438573,157.651897582077,0.535839092915489
"ABLIM1",2.44136255453813,1.37154241097489,0.667671227686414,0.322223966208957,0.620862678710024,148.534818660997,0.474421777848926
"ABLIM3",152.741956067626,19.7526564004414,149.263978667152,0.623555104466817,1.75721442132372,1.03147382027719,0.572952043852806
"ABTB1",1.09179215478406,0.719819940396339,0.938116104512722,149.063878601336,1.27216141340101,1.61323459956152,5.14082910197768
"ABTB3",0.679060455485845,205.365236526636,205.634284591944,203.069610391285,0.664197755686837,208.674053018532,0.210140117158317
"AC007952.4",1.41964985166358,155.973415830333,4.87529127532664,0.365966010853261,2.60123496495734,157.157697105041,147.604585604414
"ACAP1",219.919234453645,214.000882592472,4.00393110489692,0.553830515623745,0.739353231631655,0.460962547121175,1.97922141826845
"ACBD6",192.823010023542,197.814004216074,199.431155112359,0.672280902902503,181.73094711121,202.362797023345,0.627566401817828
"ACKR1",0.492193523244142,32.4656666164992,0.879966636116655,19.6468626489793,45.6552773162722,0.860768634900961,29.9727406545687
"ACOX1",150.5340607608,149.887857783714,3.79010205207416,0.404125381277382,0.637930139727151,1.30094191295735,0.418880343894763
"ACP1",229.011297609259,224.39145422908,0.619146525381026,0.505247275399586,0.453279368663864,8.34444500310103,0.357668176151774
"ACSBG1",170.838561912935,1.19783015454462,2.84046021162246,0.13344346881966,0.442456664738076,210.658733032022,168.503446605267
"ACSL1",3.99228667656534,0.5642550069358,146.780224669985,5.57301611157015,4.12090058165783,0.703310713800946,3.86755541658747
"ACSL6",216.896479325182,212.233590940749,0.668287271391372,0.436318952279708,0.706050652921302,216.595068638011,0.282973290245792
"ACTN1",0.717081867697159,2.86483825957427,153.013063979769,149.328929080494,1.09384156009352,0.972672118037406,0.460553164432746
"ACTR3B",2.18027869315769,1.6639799326643,1.35046143093706,3.73441798802506,3.19151398682124,9.34049941791339,0.476996945170368
"ADA2",154.399005923124,149.324386104058,0.57252673435633,0.678542736621132,1.1062121871158,154.449814674426,2.76871658686647
"ADAM10",4.40488830374535,148.68069267962,0.521414944157787,0.606959954051757,0.874172765242131,2.31206760662785,1.09124995179021
"ADAM17",1.35782888770406,149.440565248777,148.221900568866,0.745188569088319,0.624875310843624,1.88191560705558,0.998081018191518
"ADAM9",0.686416650378056,1.2724246694854,215.937764577212,1.40213378297038,2.50451773785938,1.03150988200302,2.90293802163992
"ADAMTS1",0.435826689286859,3.0469852541143,212.666094641691,0.747843050357585,209.950376737638,0.942032594075185,7.21246258278638
"ADAMTS2",157.797991329406,0.608188506643422,156.881307866149,149.084250464045,154.20749409273,0.723137325859977,0.470918959919242
"ADAMTS9",1.58869247943541,154.821525413647,1.18752218181454,0.613092269099407,1.8721636659161,155.153191404645,148.627015215903
"ADCY2",2.20955650525128,0.515454159403272,10.1256359152818,0.458244716815522,1.30978047521316,1.45951565544173,0.243666286093065
"ADCY7",212.946387171936,0.897367149205947,216.340853113768,4.04047067277593,208.740384662339,8.54246959456018,0.836753427643274
"ADD3",148.491965872031,8.08622147975337,0.511230644747033,0.180307792931376,0.583442832425233,147.878060540341,1.93266369593735
"ADGRB2",152.34468121732,2.11159419545784,0.497202990169803,1.40924866147742,149.531863676147,152.604150971514,0.25352350538626
"ADGRB3",84.967755747947,94.3773856290484,93.601619640587,79.1789653878938,12.697199649546,101.617093037318,0.152265802975106
"ADGRG1",1.80794865922168,0.647962850040046,0.385197302391952,0.376254073954815,1.04903618497717,0.363596785510718,0.646336296911622
"ADM",21.4014449993404,146.252845329988,8.90799327081242,0.420864044622357,0.686256029942698,11.3726935019928,0.655788514431217
"ADORA3",33.9716301039006,25.1344400739221,0.999920089548014,10.7352062364286,0.738660422583145,0.438618163587322,11.5138811071174
"ADPRM",0.608500030059735,38.9254378054724,0.93173842233399,16.2090511355057,44.8194339140747,0.759332617603261,18.8714269883281
"AEBP1",216.580949012239,0.752795263210123,2.53743247870406,0.26739838345406,0.422409411063857,213.808975253958,214.683539787094
"AFF2",153.511224975263,150.339111780234,149.479356926767,2.37885609814708,2.17033498723527,1.72628322404286,0.504073436077412
"AFF3",1.92136280084973,205.678442054999,1.3226820638728,202.269041395926,1.04708514010555,217.891132752516,0.303284331588943
"AGAP1",146.466920635039,0.841213810247556,0.526717044179872,0.773434019738997,1.94992932880567,153.85050671326,0.249352043982869
"AGAP3",33.7572434715362,0.736297709978387,1.70878790552522,146.810877111068,1.23865729510644,1.30726231108782,0.163419573079515
"AGFG1",1.9719048978323,0.492298772329915,0.567939405644186,147.067525888753,150.41683621719,1.73966833435912,0.384983208078632
"AGO3",3.30779638822048,204.731473822409,1.30611461775232,1.09564431192556,1.1589807307733,3.80241988975886,1.16555885831569
"AGPAT4",0.744308717524849,0.362941014792964,0.830044273487778,170.544652725131,1.41991313540068,155.219791270419,1.0701006065416
"AIDA",217.374879791447,0.670777620392985,0.561754112685014,0.765776109109081,0.711279974884426,1.2556808750283,0.382787724635629
"AK5",0.579799485085531,196.090783524236,196.930938644735,194.212219384065,0.886099500823576,2.07233505727351,0.185261627863553
"AKAP12",2.17418730331122,184.18327332614,0.427972615809444,4.40368947501981,185.887355516781,188.91824582863,0.11167851536159
"AKAP19",1.04893750957589,1.06626847973006,3.38833479922906,1.23072720539118,3.3088892655272,4.63906438691326,2.12599680779979
"AKR1B1",1.58601473375401,6.171848076555,0.777563233002792,0.536627731590606,0.936153176697645,0.540778552001914,0.198813199401475
"AKR1C3",0.767375987076377,1.83380788750732,0.955928623584585,154.363083324836,0.616433412795602,0.767392960385047,149.882232496036
"AKT3",0.635137783152,224.083245665311,2.50121641546844,0.963264914937845,0.985257623676309,1.27088409798176,0.350020982176353
"AKTIP",1.70279611252007,0.644561802383952,156.217901195484,172.486209173951,151.472389973165,0.594364545254305,0.225227340054556
"AL365361.1",1.65407534590722,154.172804329132,151.947932788458,149.622684036282,155.299580947061,9.75302502766054,0.275289289953777
"AL627171.2",221.986515626776,0.26148959172953,0.385576324249437,0.236688604489461,0.277709399973343,221.266962066323,220.653522451115
"ALCAM",13.5909376275222,1.12211378993029,0.470040655069379,0.416595538982329,0.628747538397333,0.671262858533871,0.251622359086345
"ALDH2",0.820428423970708,0.822915682403988,0.744388548624938,0.154812246674562,0.280738037727163,1.8679686852368,0.296422825002633
"ALG13",22.1734799318847,0.88888491241393,200.038097280858,202.166234519452,0.776744513374784,1.19456214346537,1.00430540261759
"ALOX5AP",197.77554329153,2.25495087971162,1.63067579042046,198.39035662696,0.859564874890253,0.612537031697253,0.757489211407935
"AMFR",222.368676877159,120.504234627696,5.55737242070183,0.436465467337294,0.664480546050244,0.868134724783605,0.421908083872374
"ANGPTL4",231.501595986173,0.560747315370534,1.00302816243286,0.346243966401189,2.83999284167017,207.763314654922,209.190223022936
"ANK3",214.161552435931,1.75937909399886,2.22971754080323,0.984433501752423,0.589817585719772,0.741356944009891,0.258859742537231
"ANKH",171.291616827927,0.441095885933702,0.840169305212145,1.53086074518211,163.654440736137,0.716745166745346,0.158469613804545
"ANKRD28",147.896539114048,0.786315375137063,148.919858287445,6.00407225665457,1.94683682265174,1.39474393215791,0.837366745324524
"ANKRD36",218.957787932583,1.61533802705273,2.0794317389256,0.842887331233952,215.943634438489,0.553590946682746,215.945933465209
"ANKRD36C",0.991094676749062,0.583467452167785,0.947019954820312,149.464936712367,0.378659429437119,158.221203597504,1.06081661554966
"ANKRD50",217.805512511938,213.744680021153,1.53503774292276,210.639846165126,215.117208965061,209.803835962221,0.203847868206119
"ANKRD6",2.33018572814925,148.677979679194,1.13721029786863,3.03097829961058,1.16886446189753,0.728046934700523,1.50160989404631
"ANKRD9",226.542813677091,2.5194337599743,10.3420859906105,0.310073840694732,219.028519923384,221.919312165601,1.15564279151278
"ANO10",215.864383008716,214.286224524177,214.179588150791,211.276416481216,0.373575986520569,215.346966052685,0.169111029004647
"ANO5",212.725234084623,212.337893493151,2.07996905968559,2.66666520615244,211.362469132772,215.256993320454,0.228246005437127
"ANXA1",154.352889778274,146.761686717639,1.12452865354273,0.554319247111017,0.532338986346188,151.584112482504,3.09137101645541
"ANXA2",0.894653749787835,147.17939891237,1.2944468135683,0.720909108107651,1.97297915664312,0.949002937375051,0.541778907111551
"ANXA3",0.859362300884663,151.927239746852,149.502018941365,1.55420858522805,0.751475537882945,181.335984164161,0.550295855915169
"AP1AR",155.605750151599,150.461003964183,149.148031334567,0.598288884817375,200.625908494128,155.674283482307,0.530263600487932
"AP1G1",155.737307418991,4.23060495665332,149.257398760437,0.616064599463351,150.506176030415,2.71684250994293,0.325508488472212
"AP1S2",224.91842502968,0.665181517445819,0.451964742313568,0.503203836580796,0.779668214518944,7.22929881297225,0.813396590312015
"AP3M2",148.210228960862,1.00004192594241,0.994896794421941,0.90903056021985,1.68186349630308,152.668556297292,0.199616396450866
"APBA2",0.645826432532643,0.637376434517785,223.670127852538,219.745090783992,0.522057519746372,224.238032240255,0.244824978189818
"APBB1",2.44742979825671,1.57681289768733,1.67597824374288,0.602418513900249,0.366928108296231,182.503621691447,0.106638920672528
"APBB1IP",9.217487518945,8.17198121066068,0.939724962248692,0.851132188344482,151.896423589493,0.788331856619753,148.853776662213
"APMAP",1.89908540144564,207.397885026142,0.486716112682368,0.467078523574501,206.554010735881,210.387983830232,0.193216196992863
"APOD",0.324471636228842,0.232998896967774,0.274653355416527,0.237963873148139,0.227347551617554,1.41891623392435,197.620333477625
"APOL4",170.134173618409,1.29581561480415,2.16519603394915,166.913987156961,1.56814289836545,166.802418728252,167.775705317085
"APP",3.84209447053861,0.626687165094736,0.332940192594923,0.206984351980852,0.390271992139729,143.579957839569,0.0917243079594737
"APPBP2",214.642623007084,0.987017315798544,0.791055029922201,0.583478167082726,1.59442507838695,0.645826512714666,0.796545588808263
"ARHGAP12",155.731951673563,151.842509119074,149.435063530003,5.0512709497123,0.441153703178162,158.067733832364,0.225378865460367
"ARHGAP22",230.511252208725,2.33077685671875,1.31123557888803,0.439245869237203,1.3926700866345,222.720052815745,218.801915533771
"ARHGAP24",0.721337286387389,152.794889626173,152.35120150435,149.062924449602,155.637189001678,156.287939762412,0.275255539265529
"ARHGAP29",0.713079344467981,151.425561290653,3.0396864952533,1.8710767066873,151.945604521889,153.544974344778,0.683650871168521
"ARHGAP5",0.662092051191252,6.24659591470563,0.724410936732249,0.341494465738917,0.617864822670097,2.31885129809568,0.301103391065824
"ARHGDIB",229.385095918291,1.62432214017904,0.730835912902565,0.663771490515956,1.4673429604297,0.614349979490145,217.737720149676
"ARHGEF11",221.268461210693,214.629329709886,218.390431772824,1.15954793006586,0.789092598356834,221.887524010098,0.323003674059236
"ARHGEF12",0.974363559939724,147.457065142976,0.615783044150043,0.407437843746919,5.89885251601763,0.773992243886395,0.551468083122419
"ARHGEF25",153.767782359396,2.1918865522143,0.812860059079482,1.3996880619078,149.546435119557,155.4932070638,0.779092071973284
"ARHGEF28",154.410591808924,154.186592334099,149.047293248098,0.607338779721594,1.21136099010128,154.96156283119,1.07461551341732
"ARHGEF3",156.552824525838,150.62825068298,1.31499266311474,1.30122807898505,1.89905108600049,152.488778966214,0.724246037584901
"ARHGEF40",0.494013520581309,152.466992742607,153.642410043311,146.789787042444,2.38416603405981,0.865120979701361,3.07188498538206
"ARID5B",156.861827035899,1.09052560078618,152.561182592565,1.18380469363557,0.393384428203606,11.2156151636375,46.0045862929669
"ARL4C",1.41035132285527,0.68479567964635,156.500889624637,151.324375274056,155.352736664029,155.970187392808,0.296074547109102
"ARL8B",2.75587608370925,213.604385871688,0.762578725105119,1.29735346701467,0.368999506365012,0.995010088525683,0.214215300862779
"ARMC8",152.165188816876,0.538514007595527,1.15001169468939,1.71787144070779,147.276064785739,149.685968580346,0.330025732655928
"ARPC1B",1.15855071645224,0.739956374024495,0.923830465821823,0.833013967694011,2.35313680012667,2.28957807513325,4.25718700910015
"ARRB2",3.56045820443542,215.744591806466,2.21052206036609,2.70652920953538,2.46463803405999,1.39212435344891,0.36817066984371
"ARRDC2",214.796812736172,0.398569772426554,6.55526135067401,0.350699495574288,1.97539446107695,265.130117684914,221.081108846107
"ARVCF",200.666689668847,195.827535001598,4.02019752183565,8.89395612208483,1.45326906807127,1.82177720563789,0.543658852904122
"ASAP2",1.16158964467626,1.46098845383783,1.05655311248241,218.325640300503,1.00077293161134,222.602245214809,0.20384159656327
"ASH1L",149.531546928622,152.748993324136,155.349449713179,0.328498866495131,0.565738306102067,1.07089016838697,0.380763776306077
"ASPH",207.557618794541,1.07572299483956,0.984422518872129,0.296955036651323,0.818121066791289,207.682909504735,0.341550637016166
"ATF7IP",156.99287241171,0.309015046291754,1.74106229498634,149.39706763845,152.794258764266,160.517018636845,0.383310955327275
"ATG16L1",4.22217618620829,0.6627787620716,1.41415816603666,219.802771395325,220.430945723747,1.87332270912891,0.495819281289815
"ATG5",155.678689731617,149.13239735412,155.273547991534,0.887923318278385,7.6674497735849,1.7891001639786,0.545251018380195
"ATMIN",1.48361231540543,0.54706165588448,0.546717750000678,204.355198237774,204.214592605817,209.053302358018,0.164025742558432
"ATP13A3",0.590303478621509,154.311913731794,152.334239963252,0.429483409818203,153.093049649241,33.6898912940802,148.977472660806
"ATP1A3",1.73856542651071,158.660245498527,0.704263935838889,2.42527508381974,2.00144300246417,3.66264022120447,0.0790815539731615
"ATP1B3",0.310353293320877,208.441560708201,0.66870142611519,1.54502655080294,0.993209987310045,207.220214865129,0.287307180487879
"ATP2A2",1.67191201376464,146.075919103944,0.365037841422504,1.03129311341244,0.51408449688451,0.32092108173812,0.13531314159463
"ATP2A3",67.3797856659412,51.5929543441132,1.84956716660024,29.7236890641262,55.6999415087445,60.4612234749388,0.157446213089283
"ATP2B2",209.811474559877,1.02846388080092,2.12139322587404,2.08789335985062,1.41522866882502,18.3349600061258,0.17880731769965
"ATP2B3",1.06943112759123,0.984256574200873,216.061583982536,217.73742456465,220.153936899712,220.398710268727,0.282644006857609
"ATP2B4",254.054929090826,215.263969086484,0.953501445505497,0.43944528356063,0.491632314564755,1.05557368542545,0.95964564057585
"ATP6V0E2",4.37191131893235,0.93192711966456,0.443111182672807,1.76423059528279,0.788837579265373,169.689452944886,0.0755051204221072
"ATP6V1B2",2.3486933044977,1.22201740519169,0.492231549824996,143.393704378405,1.64206247094939,13.517361875513,0.0495631243538608
"ATP8A2",158.939089471821,151.382080688817,1.41419395243935,0.942473212270403,0.78201296526934,2.38919326929348,0.12798730261873
"ATP9A",182.147355870433,1.02637684528075,0.340049429592042,0.771198363877372,0.53847304109338,179.104342506049,0.152465515090916
"AUTS2",151.633786674927,0.705838532144175,0.551470576626451,1.43114730568775,149.017594753413,153.473380350658,0.298968533052506
"AZI2",228.652193979383,224.869802821611,0.542697702000216,0.299883099061266,1.2915644296278,224.77447869685,0.44929890921986
"AZIN1",155.223702951922,1.40899540141198,0.593573104970515,0.511346036927689,0.551504867484991,148.998215796494,0.191389043213405
"AZIN2",156.303807972306,149.229219488853,1.24383131105358,0.717014191018472,150.685564460073,155.560969615108,0.585181870286815
"B2M",0.316304736302932,0.398844564969209,0.235523611778458,0.0954407952994794,0.232431007133049,0.396268069543685,189.034216964418
"B3GALT1",210.27359513596,217.168562960807,200.163954156096,211.350196608484,218.089803240992,219.759240739561,0.212881839423997
"B3GAT1",0.719884013960914,0.33907703911009,1.12566810805768,210.952908668455,34.6518477880058,218.465645391052,0.666526485024877
"B4GALNT1",158.274682641441,153.73622272975,154.712435729202,150.593984395194,154.267641266263,1.78970563243166,0.143138580951476
"BACH1",148.533963698994,149.38452746221,1.9371067055713,0.711273801411155,2.63285467713378,3.23025614278997,0.890814744512369
"BAG3",1.21168550783164,0.535218598578698,16.7961065962665,0.306553678896636,1.37077083520159,2.55512631756804,148.508192143369
"BASP1",0.524620683486186,128.703144686853,0.39979103201181,0.382831932105622,1.31248526808011,144.242217723948,0.0699459398358861
"BATF3",2.57390729223841,1.38710291627234,0.729082108538341,196.2548198465,197.40017053825,0.785099641059508,200.865532348159
"BCAR1",0.527670516873656,217.793368973492,2.31649381624619,1.3627078232024,1.33934915035347,2.50466023878771,0.462065968767221
"BCAS1",228.661374669761,0.196285368814874,0.485593284729989,0.269706762134719,0.29251169723396,0.618356113153174,200.661341922315
"BCAS2",171.210408179913,5.91963045553126,0.966344819605488,131.012868506304,156.693844986855,0.669881243752278,0.14060205911971
"BCAS4",158.655700419603,153.975627580723,154.957608786579,151.102273144479,0.486203153470066,155.689337388892,0.196465528204399
"BCAT1",1.10982773965229,3.35938461489592,1.85032519068034,0.410089012308205,5.7286388348187,0.546620275032385,0.176473725711373
"BCL2",214.622174913109,190.801281637807,202.655202371326,0.919701075531245,0.7559967210245,197.277240096358,0.67829178254181
"BCL6",3.04410631589023,37.8976439187303,1.05174266889476,0.326744593939913,200.083876844808,209.671027518577,5.6153955710886
"BEX1",0.729299904720485,1.51151173570791,0.648154355091018,0.6151668806251,0.505022118331668,0.437982209812827,0.0971033133151758
"BEX2",174.514613854273,167.054815527606,0.747419518891043,0.179039490825904,0.33903031851186,2.13670079461154,0.175093818137956
"BEX3",0.803773207123684,0.794515622319413,0.357565350750995,0.160929947904128,0.34395000221283,1.88441882894804,0.128957796017964
"BEX5",1.26285984085915,0.968761987204404,0.988231431483986,0.321016023903958,187.290856988169,12.8793387719124,0.146422195673363
"BGN",0.829697777407019,1.56760753695053,155.764566059067,0.553034173179485,153.092447295121,1.89054667009077,148.991834316567
"BHLHE40",226.392026911904,221.110748739752,0.798963182602864,0.378956273585441,5.28030304320052,0.845034815624484,0.539437527817194
"BIN1",181.198534487321,0.259105772615706,0.277312303910465,173.26680880379,0.612226206110338,0.637223701059696,0.129824744750385
"BMP2K",1.04399306505468,214.718897213771,214.478911418374,0.810592136378957,0.691555466137625,0.428207192694048,3.1793511540844
"BMPR1A",4.40299669117149,0.95854267120267,150.575055798427,1.16061570246622,0.631665066311408,1.12873826391265,144.695125112817
"BNC2",1.68128315330831,199.876079576911,202.607673019215,0.805521730796222,1.02650989536492,204.461475815826,3.69117002568643
"BNIP3",1.79722598653179,0.498191075119465,1.1448384463855,0.277559862737807,4.95098794714422,4.39378511117813,0.163475763495083
"BOK",1.04305153142436,0.348580569148116,0.999131554326144,0.747046587114097,208.877080967336,221.046651330359,215.122016021411
"BORCS5",153.005733597037,2.70152455663781,0.788001393483294,0.568789813704162,148.900559137733,155.560857903364,0.529553144039638
"BORCS7",235.302554997862,217.679619117347,0.551685323814157,0.42121580784175,0.701333152864188,1.08875950064842,1.41751797149805
"BRD10",150.205357058204,0.664397156760315,0.78998382268993,0.292381460738479,150.747961323386,151.88256651109,0.406836127802024
"BRD9",10.4013316384851,0.717820307337523,146.087087626885,1.49165665447499,0.971976891063253,152.045762865761,0.321939803940717
"BSG",0.601960339168073,178.892160666904,1.07920923841126,0.122821025370377,0.355632800441591,180.898621206943,0.171588198315151
"BSN",0.696600802119145,152.715761314887,158.720625908825,149.863604904407,152.401537593496,1.79826293295182,0.210524165317094
"BST2",0.447528181455792,0.7670310794659,6.55562602686838,1.01138610002419,0.609331109070379,0.849672307968819,95.425587875881
"BTAF1",205.178083422833,4.88528939458806,1.31899098937362,1.15556941052183,0.741815712890213,202.761128209417,201.626921250186
"BTBD9",155.712496659427,150.536292643196,152.679748466961,1.04277001714374,149.391463097462,1.23848403905137,0.235327014685779
"BTG1",158.81110389536,156.117763572745,0.877127178431612,150.480739170545,0.529093652406563,16.7550150818395,0.332719276731711
"BTG2",2.13577406503107,154.627657633655,0.869071128629962,0.291448965908919,0.392109247826693,155.826469067954,149.221965617715
"BTG3",157.148549401678,1.42559949276394,154.084996136284,0.484389745177002,0.650568129931793,1.73963830075691,147.388329546561
"C11orf96",0.408230961083603,180.811276276944,0.460385264633125,0.384442499541113,27.9350454890959,182.400477231551,0.485437191686456
"C12orf75",150.617540521883,0.809472183927774,149.830144686417,0.531336929064745,0.609163523402592,152.915726068215,1.63663035668421
"C1QTNF4",157.824603087505,0.981226568024163,1.20985138709317,0.697624710783198,37.7611807353901,0.64534578231841,149.05631018257
"C1orf162",27.6610889985669,150.771794572855,169.070310754119,2.64814616680134,0.709755726828435,1.15430905170006,9.29262911684905
"C1orf198",1.79395946701197,0.342061652263516,1.62253040447472,0.401390369440765,205.469657621104,180.64121810461,0.966330614458078
"C1orf21",0.929668897975943,0.464748807128677,208.455798132483,2.2903639289482,0.886459563299966,2.37064409280709,0.540802507690464
"C1orf52",1.69384384305044,0.921475817288945,0.601922732845104,147.983465328093,150.034799772941,2.81112263815015,0.275687161233289
"C1orf56",164.420622537275,3.21271066786294,162.523159728398,0.798315431804223,161.677896680076,165.901456047812,164.467421849459
"C3AR1",155.254754743085,4.24614137240238,1.17528439373117,0.704562429459784,3.36320109283771,2.74400861743462,147.429537301194
"C9orf72",1.86350964199742,1.28107591142414,183.415012808664,2.9849074273057,152.078893243746,179.686114988301,0.238872122641226
"CA10",159.648893865041,0.494112417562084,155.573708621516,151.313242121442,19.53408231802,1.67297314394694,151.220546833416
"CA11",155.678373016995,0.84950456129637,0.729923183166239,0.185830165073674,0.857527075558093,155.839215723101,148.128984892867
"CA2",152.935681817538,0.760332681983967,0.855902635819534,0.426517883227639,0.508544091254736,149.671492221784,1.45391646177813
"CA8",216.87216246006,202.846438074226,1.94351144995308,2.14948435311253,0.848737608668312,205.176391877739,0.503605203114254
"CABLES1",219.560889811144,0.942251449257723,2.78430182696334,0.38188556575725,0.706564358283893,2.76890252893879,0.823310346778364
"CACNA1A",218.666438639779,216.856827180003,218.692127615031,206.763167601707,216.864161618849,1.05016114631604,0.202533087869562
"CACNA2D2",215.444604389826,213.542655955161,5.39573243179618,0.905675196411507,209.392419667453,213.688876425459,0.184438390225789
"CACNB2",0.654968071317891,1.63972965924178,1.60539485250176,149.380463274183,0.658981089217208,156.581080286999,0.444556959849714
"CACNB4",156.801546558599,156.858663712868,149.191897034096,0.88743142583792,154.163120554991,0.835127372736187,0.191852828254083
"CADM2",176.561689058251,0.579630923799899,0.610064327697237,163.193875981301,0.802953193566705,0.302522297476386,0.094019034009858
"CADM3",160.980976738494,0.834835027127934,0.483320910547576,0.553036360458768,147.594731720596,150.037711340055,0.126942374324485
"CADPS",146.308580434507,143.562906653821,1.48326272973561,138.406476163962,71.2697640980467,0.466384118732408,0.0779119223260349
"CALB2",152.68067400701,143.84414799802,0.746974837481875,117.830472945269,5.32177668276696,3.99381592789299,0.365641653879648
"CALD1",0.585498611931818,0.650619454352429,0.952501838422703,0.742774614220248,0.550804795141822,4.32719347232217,999.999762531347
"CALN1",227.779056689877,5.49942308439462,222.383843599483,0.465080066663971,1.11443734333076,216.783134253262,0.196498258511038
"CALY",34.8613202942532,183.316508065506,0.467461113045134,174.771332879892,3.92898086160994,0.85113325572789,0.0591894249837451
"CAMK2D",191.198992976737,2.77661883552138,0.788777016700078,204.901260345786,0.853694902604319,125.941697190892,0.11068011935854
"CAMSAP2",207.620632345002,0.677843551157846,2.09155897804458,0.732114345654358,1.80575335336296,1.13426616934664,0.20993308344618
"CAND1",1.83386735809713,0.756127296141238,0.570676776461846,17.8524208331129,148.91724616835,151.3741304023,0.167896347228862
"CAP2",0.570145798507443,222.835517211221,221.513319396198,220.703255457811,223.116096830702,1.87436020434316,0.25665874368056
"CAPRIN1",0.682210140466209,1.75449869252123,0.416922872026997,0.442348832699152,1.87221229595674,206.639127428002,0.355236803275915
"CARD19",2.03066067921851,0.506660808207941,204.362437331646,195.580344689934,2.69190664069597,4.97309291735145,0.416191782564707
"CASK",1.85405262615892,149.362013850371,0.760384890108151,0.920125022178695,1.23439810413317,1.30717528175102,1.07078799090107
"CASP8AP2",156.052007816086,150.425786779256,1.69076460638769,1.12381491569909,151.396085679739,0.998277903376566,0.754824714118335
"CAV1",9.67408935479691,33.1792084491355,112.44539508255,9.52929243762612,191.37940319249,993.074538755943,234.325223114545
"CAV2",147.943986855299,3.09465790768168,3.16100762682752,1.45003276447722,1.34483957086851,1.19842637265801,1.53908522960226
"CBX5",198.802691538795,3.95765642698423,0.576309052793502,0.488251789178764,0.50596380448167,1.20758917012603,0.388302379778168
"CBX7",2.07933501476504,44.342404856603,206.753526634955,1.35017171202398,0.831244550806139,252.002555421362,0.328159406894228
"CCDC149",117.935368000097,114.957917212077,6.40155795832156,0.858045041401089,120.129387602055,3.34297177919359,1.61710871872617
"CCDC184",218.023308971453,0.530624424106208,1.33589419182336,1.85942946719418,216.489572789195,218.902921475711,0.244363394139531
"CCDC186",0.648204327001583,0.984968012919136,225.319627220529,1.08091400938587,0.736201280013553,226.7096744786,0.768156324947528
"CCDC50",150.248693645147,1.33919343543346,0.690674624328012,0.511929172042794,1.99103809009481,147.41749366095,0.708393668385216
"CCDC66",1.04208953321642,204.751571942359,0.573594759051877,215.565330686639,1.26036425587411,211.449787746588,0.410425646014757
"CCDC7",158.04070305296,9.31882978759651,1.76508418757283,149.606706187739,0.672758740804827,0.567870380037716,0.673782429193364
"CCDC91",0.60388977486972,0.649621010569937,3.32875789938164,0.534937457773407,12.9546576257928,0.523815443988241,0.322003702400303
"CCK",179.42082530261,172.853170453951,0.826061050190637,3.04347830869907,1.65629675094186,1.12690458435766,0.387083162089545
"CCN1",156.756091501656,0.452269065069499,0.740364827133872,149.083268909929,153.639736726056,157.247531369294,0.828219020637197
"CCN2",0.525800227057559,2.44426703650366,3.74464048907561,0.855789833012696,0.639679307419621,1.54467617726184,0.813919900248217
"CCND1",156.077728372903,156.430422040042,0.411302250325382,0.490428307916629,152.713597504709,1.74135616907917,148.146991296665
"CCND2",1.30793564507922,0.86229784438482,147.481974230298,5.17496395860307,1.33629583849046,150.023231056885,0.948059328986836
"CCNDBP1",197.374957681682,0.606139227938032,0.793168688336825,8.9992696616274,171.680867295738,1.946918773734,0.372590172926833
"CCNG2",219.377546502135,199.274857940812,6.30281065205166,0.670575482226088,217.382017422346,220.359691480272,0.457874055537077
"CCNH",209.759197525433,221.515372637195,0.846874204174609,0.678539976791854,0.720459421663247,216.177583969791,0.497886666932448
"CCNT2",212.629141979569,0.709521773848974,220.404333755116,0.447935989681923,0.795581551658788,214.983930629329,141.770214595938
"CCT2",2.1017064412204,1.02319856859368,0.663768485150776,0.404714876656376,1.22473554728625,210.056451188689,0.225301481946925
"CD109",0.485852663452694,61.5081108910889,1.07256628072019,18.6193143183011,0.719432998540741,2.44078359937284,31.2053918534521
"CD14",3.6552132850269,198.564263815207,0.616108846784356,0.386371130235035,198.568707516485,0.789721645940887,207.81051624898
"CD151",2.93741446920575,2.19850986455084,0.836063708565945,1.59441914221226,217.311145511639,1.17295499914549,0.284627473351279
"CD164",0.357207880750914,0.877889183400919,3.57096135803895,0.355602332978913,1.03984929458652,145.581645504466,1.21851710013511
"CD200",150.960969523598,148.821985849417,0.578756199433866,0.815342849354201,14.0367048575144,152.158452575042,0.298172991728457
"CD24",165.118029577029,0.767612662008269,153.845264073866,149.271246615514,1.44360606931518,156.634779943932,0.43966379697639
"CD2AP",1.58588389915562,156.035838672126,1.30863672265241,0.599726611413202,152.373695794923,0.654531196786176,149.028017646718
"CD2BP2",0.423844699454939,193.610182904631,0.82825215646393,197.054026678958,0.872890930831257,1.03355058701652,0.361429652448173
"CD302",1.03049164243937,0.960705666677021,149.075201770799,1.2486514505892,0.99427014334478,155.754481860168,1.1443582729701
"CD320",210.061208856824,0.630790006644316,1.22284015010203,2.67478483688746,212.20394246545,2.25474939774257,0.254491076024178
"CD37",1.42609965954651,24.9288695386784,5.39301748765225,2.18004760605518,142.515333518385,1.30491331521534,143.949223507258
"CD4",159.972195644352,0.894170386413161,0.490482740118553,149.324170011268,158.928787372626,0.485820132311848,150.487848945445
"CD44",71.8627067868726,0.468368741605931,1.4608978023506,0.453774324372263,0.474635818538292,2.24597791534512,216.879600753069
"CD46",1.32512619786814,0.515586625217281,149.299737371113,151.403357857436,1.4895865911505,154.805682138769,0.272057522752539
"CD47",1.03745000171268,195.249062051121,0.527779951115127,3.21533872611735,0.625622918456965,0.455979390144463,0.193523052284413
"CD53",0.771547920761497,2.5530338285795,0.630452294088901,150.123603512375,0.88201751313204,0.95062108897821,149.625459905615
"CD55",1.22044583428835,1.06085315504971,1.31605602964551,1.14922693147893,203.227221660747,0.482187658804851,0.548887349535938
"CD59",0.510434019465645,0.943544462643883,0.290898859280919,0.199054283129452,0.21038286229794,145.65621021488,0.199136688037412
"CD63",0.682341587395652,144.462304091541,0.318652993890365,0.107773205774256,0.230473956561688,1.30594623580186,0.270940733979122
"CD68",1.01883631739095,0.992974532046195,0.600806067022327,41.0126326670751,2.10926522293053,0.928179399717201,84.0816331151259
"CD81",1.79315982925239,0.493235963523982,0.27188152333863,0.084744830585885,0.196396227984294,1.22942297522992,0.382214401080607
"CD82",0.854705807421631,0.661335138720354,0.473608638409457,4.68013376901219,0.588813086355071,1.97018216380107,0.905350535113058
"CD86",1.4786470612572,47.8448758561984,1.00891941092376,12.6576134809345,0.512714417786655,60.1629036260979,20.804669433581
"CD9",157.34410016315,0.725665476348471,0.586720845500952,0.245084246692229,1.16145071257474,0.794500879592231,146.691017662744
"CD93",10.2037817747199,1.99647565117814,147.611102763378,3.12189355068183,1.02282335250951,0.830099274540926,2.94551135835726
"CD99",206.99314989715,0.527874215086077,0.467193378636861,0.147439374426289,0.285420390949394,1.62032509629691,202.457638078335
"CD99L2",205.057229024227,1.41684775730715,0.699856343361229,12.4466510731166,204.878261331756,0.757841810710703,0.190539914381301
"CDC14B",157.559945439998,1.27505239708615,1.24575448681218,0.386352500158188,2.90154611707764,156.846546083648,149.238386989709
"CDC25B",54.0910468427597,34.5722790919436,45.0969946697986,16.9463075650584,36.6847936319436,61.3223895683547,0.265746431261343
"CDC42EP1",1.12280948781189,0.385272585116559,1.05403627890295,55.3372812370473,0.45947876714401,97.3281435574032,35.4277622092428
"CDC42SE1",1.94907293394328,221.159891577822,0.533394509504466,0.515751200187748,0.783866970971614,224.477634358676,0.615295649093453
"CDH2",206.944756800919,0.928025831440344,0.813089497055353,8.23520708816672,0.7458177153026,1.7584255597719,0.921683501686486
"CDH20",207.722490317693,0.795946841370287,0.801503210569228,0.518934581996307,1.04795984093284,1.45251102089103,155.136887630945
"CDK14",195.992540093524,189.228167973962,188.748522182168,1.03497619259717,1.56501713508095,0.766775820131116,0.148448210174971
"CDK5R2",206.577305100144,202.716068541241,0.965900062153391,199.508939125161,203.21664671981,205.416988146578,0.120805182811137
"CDK5RAP3",1.1346913584449,0.556366476127031,1.04437431227728,214.957891157014,0.612709789581106,217.898260170427,0.373263620025657
"CDKN1A",215.262722330065,17.5103718221149,0.53302694625721,6.62031854232588,0.607127548251591,211.268073344605,0.666611296733077
"CDKN1B",2.06620056508438,0.78786197723226,0.698747135013266,0.604200071996062,0.585666051731533,5.35440896099213,0.352136960443328
"CDKN1C",158.778043278046,0.174045067983227,1.6649358928821,0.494191264109722,156.780677872906,1.65351144507832,145.986314951062
"CDO1",158.11132173632,0.940240131405394,156.308356259194,150.667264005692,9.43515909129051,159.225966330587,0.204275643047682
"CEBPB",0.737658440361395,2.76862234617022,0.696279772433628,1.10321799974535,0.763851994840606,219.920516308116,0.408338119620106
"CEBPD",0.403364523309439,197.87609012292,1.58371592497399,0.277547463678503,0.277074937390522,0.638365526187484,0.643830412418955
"CELF4",0.709842493549397,146.683872289843,0.778220145287717,2.82628930135618,1.21982098244356,0.848596370563467,0.0771061146453666
"CEP126",0.751589417902189,205.285828509799,1.99284315463263,2.47494386431252,0.931150175378337,207.705888876029,0.193769213690446
"CEP68",0.96643965775934,165.261606950596,2.07856588071202,54.2518200935562,0.675190236553558,171.622505396829,0.389149518211049
"CEP78",281.824704576302,0.510266048738479,222.401034364121,2.93756813388671,219.519332985942,228.60896930606,0.67240150829748
"CERT1",2.6058548394887,199.850997905927,199.129048868888,0.806215814918852,0.83607450607164,3.68375321624918,0.187672802308813
"CFAP36",4.67416039369557,1.52518237699831,0.540930777530677,0.439198778942255,0.408403643192841,148.828190817044,0.255476532295329
"CFAP97",1.92749624141586,198.770163762532,4.72936369059697,0.386768088207481,0.92266233284867,212.543490388848,0.678783202146053
"CFD",205.734451335512,201.405913754977,1.52905687303678,0.443675735847625,0.926351054539981,206.739519201739,205.325432119581
"CFH",0.585511452714742,149.701661612225,0.987117092499657,11.6696856362342,1.24651089046499,0.956910318547961,1.29281284296349
"CHCHD7",0.794025483633101,0.604074654201018,0.603573410234853,150.400253171968,155.468870419211,158.932610338193,0.310240722138169
"CHD6",1.52518612134605,0.386361930169818,0.826908686437504,149.781305407823,0.709303592065828,157.281048541866,0.233812418771308
"CHD7",56.073637144157,0.357114945243516,0.613990389536298,18.9719250931586,49.7890180197347,58.1720819561613,17.9615992642188
"CHGA",219.879550951329,215.667026582465,0.800247689083137,213.246601398922,1.05259746532935,218.402545624293,0.143507804296657
"CHGB",0.529057188693959,206.222361195861,207.649649780704,201.50662405745,211.724778474943,214.85742596127,0.173162531298115
"CHI3L1",11.2814748498515,1.40136803831289,1.11243804869645,0.284854510979998,0.324626393589241,0.52245887355196,213.621065716641
"CHIC1",106.195430226439,78.1448796868416,0.812951888381051,31.5017299259215,0.74622235699284,68.234818598838,0.197868684278981
"CHMP3",218.020277084028,1.62010160248928,0.538537197987652,0.24439269673673,0.773919194677715,0.997855640208867,0.948839614184387
"CHN1",0.880608835469657,188.151643042243,1.26953610205196,0.470277097975776,0.737379563045799,129.502782468014,0.110742958301773
"CHRNA4",209.073626278339,204.771448673558,2.77880445888832,204.468425490138,204.184445587318,208.955379627906,0.12284061835929
"CHST2",0.528216290741052,155.887719374405,155.43033493884,149.37583022433,0.833985324287095,157.058036033893,0.424888900777697
"CHSY1",0.698543105197897,1.11513688168813,206.391660300579,206.7890858545,1.19291400663596,0.562874253566415,0.945286217877074
"CHTOP",0.795460768689194,152.734020935646,0.501825045903347,0.454483263920891,0.393825250874608,150.501205610015,0.622733988305942
"CIRSR",188.614105681469,4.3560857602518,1.06691145473229,0.337134847855989,0.505683293208231,0.500032666487274,0.355287558727929
"CKAP4",1.26543109978945,1.92510049616724,1.85198420528535,0.639482175654142,146.514942206978,156.318612833587,0.403395974588582
"CKB",3.18736480538942,0.819276643799525,0.196979176937131,0.0666221620220453,0.142318778689696,0.860036039615799,0.158444789312517
"CLASP2",1.54676018031033,0.808882640215097,0.955015875877406,180.545895217309,1.09738602171319,1.41300475820176,0.123151090028669
"CLCN4",213.902369975778,0.816895820891751,0.864334252552674,0.474016265174256,1.95013712739345,210.986502918828,0.276109465904914
"CLDND2",1.66272379724187,1.91703990684334,2.83027883785059,0.379763133785094,1.34230290365039,209.053299468206,0.461244688849235
"CLEC2B",212.304166565758,209.227763554061,1.00818814447578,0.525142631637797,1.0653220290388,211.169926830147,207.931444338837
"CLEC2L",210.682119924328,195.872701224978,208.822314580013,206.095882411294,206.332081929765,3.93121583789495,0.321414484731596
"CLIC1",1.92706934275767,148.130797100496,0.803836554851085,0.589969285631295,0.674177597149674,153.036878483786,0.665909553646034
"CLIC4",0.828459403986392,0.391019229202052,0.810404834717525,0.371869649752597,0.77501397713973,0.759661993304754,223.872802756818
"CLMN",156.856010962846,0.403296540054359,10.4025568797725,0.906012044422161,3.56859692052974,157.209139997284,149.095865516659
"CLSTN2",191.891299297288,188.382744214177,1.99787589389088,0.949002712399908,1.4302840872737,185.550155162443,0.104045897287336
"CLSTN3",197.620781921953,195.140065118591,19.2734399231686,196.14494032903,194.028581599986,198.408895526189,0.106291779158433
"CLTCL1",224.458101482921,219.410855487389,1.74700303495075,3.50450339777977,217.04666141674,228.942994681941,0.435043425438842
"CMC1",0.510071424588463,1.32090086622511,0.693617806986678,0.629056579758181,1.07851581139128,13.785081736157,144.257904574643
"CMTM4",0.714733116951902,0.719513861818294,0.653774878619937,1.22447636384693,34.0360698602725,0.496889881785878,0.61427553533774
"CMTM5",0.971373183093607,0.321009162925591,0.919629537584768,0.616095925692703,0.63926147502294,225.874863753612,222.443390251081
"CNKSR2",0.99018728534919,199.48486851791,2.84376474096968,1.04796857809129,0.607816553334317,1.92852249964432,0.351443196722641
"CNPY3",1.66735338503139,1.48097488481696,0.620580073986451,0.652525095330894,1.00149198453665,2.66502558194249,0.646445259567378
"CNST",172.419478156259,170.844272854143,170.907704176148,169.156185833493,4.30892991423763,42.4777334076412,0.168946118773833
"CNTN1",1.15009255586789,0.929498620208683,0.464104091073045,0.313280544780483,1.73304413673656,1.25742650628454,0.132803903403375
"CNTN3",44.1708339076613,0.526677127478951,3.04054220104875,9.58957714515303,35.4967977960981,43.313625180525,16.1738038535037
"CNTN4",209.904460150246,207.161736638464,207.763851063852,204.525843929839,0.761014362027799,2.75534397552778,0.181133904909678
"CNTNAP2",152.984132487441,149.623547722064,0.631644851186921,0.675176221911685,2.68581140975409,0.439640073488901,0.191371273658934
"COL18A1",0.657934425749816,0.935991462231184,157.173012498899,0.756595759240789,151.24374816703,0.946730765312669,149.109822904565
"COL5A3",1.06648831632189,0.946210527469438,157.46841108351,150.806177418824,0.80063108760695,0.802368775297542,151.472470154964
"COLEC12",1.16620548934224,193.510351745883,199.664603848008,0.371380995684334,198.563163264925,1.4771124463911,217.200054303018
"COLGALT2",1.06594334299886,40.2937350094581,6.90098799465763,0.296489757921559,1.62871437097059,8.05351417851177,208.518620404076
"CORO1A",156.234045871689,0.475231793547042,152.958814111572,149.744778810887,5.64211044242855,160.144661439421,0.343744541941484
"CORO1C",153.052636466919,4.21909913414698,0.61264276507509,146.053564548313,0.8235329695364,2.2378920846952,0.325217882457594
"CP",0.64170571495797,0.355972998853278,0.688648715227903,1.82292781620422,0.915225169588911,25.7824636533263,3.17129938697623
"CPAMD8",221.308977354201,0.940887577855059,210.172557286564,0.712863973920196,207.269114048517,209.783697307486,207.865722906202
"CPB2-AS1",1.28220859852831,0.493610105779504,155.465430442419,149.650107044567,0.503661200779057,193.447896772516,2.72782997002884
"CPD",151.355163365284,0.860302283381907,1.02209589078318,22.3100770468254,0.774576542557931,151.864599781748,0.550878077920443
"CPEB2",158.287697502923,0.504647464544873,159.375762609883,149.777228319799,0.820414812461108,158.798016071391,0.311417882257047
"CPEB4",1.26385957744792,0.405266977415109,149.110800416868,1.14892231940567,1.47534877859914,149.888726354874,0.42491208240122
"CPLX2",0.76958158387997,146.287079933518,1.26931910494054,0.941319528383318,0.795453809941169,155.959460192196,0.0846197809619909
"CPM",157.673132359225,0.673644973405037,3.37276778763035,0.436916460731261,0.53066081745881,157.680856509559,149.054695694339
"CPNE1",1.29598424454208,0.858134921696272,217.580872001731,215.476242088931,217.423733830445,0.810898689529013,0.522256788952884
"CPNE2",0.981162676359717,0.421364804115154,7.0013392923511,4.32891210537565,218.223268748233,221.928754588762,1.43519155454557
"CPNE3",0.451319010692366,168.696772560207,0.516027859376986,0.300888177497866,0.428781970165837,212.989321035351,223.469260747122
"CPNE5",152.870227784984,147.980503203377,0.980871615099894,2.26811674585755,0.732209013248826,2.68397349550801,0.461371096085766
"CPSF7",213.827620077866,198.103633249515,1.89479777421494,0.358873092123986,0.640619290837503,215.374047153512,0.502033512370958
"CRBN",1.67267234558033,5.32005537684627,1.08887125635121,0.88249844538669,198.334783289797,0.426584118910736,0.28212612377297
"CREB1",158.915811288576,153.759121247848,157.460659815659,149.133129575775,0.733063082087538,0.519747023512489,0.37602988246444
"CREB5",56.5054529347783,0.283041209814274,56.265298410036,19.5401500174974,30.7262009249067,55.6566890047187,15.7375419550567
"CREG1",0.808219686437068,3.7351823432599,0.693821954402333,0.902067988073692,0.600825145840627,4.41414912078046,0.638293073882998
"CREM",2.5759984075085,212.744353785755,3.8407890512305,0.403216289259422,212.477013066965,1.41706083254022,0.965663441654848
"CRIP2",0.530411424412401,0.83468777213876,0.518260251416776,1.16844734259388,0.820279184412095,0.502178309286713,0.40444721838626
"CRISPLD2",1.25429521037788,153.539913132261,0.829953287558573,0.590930556731453,0.626669906511732,155.783785366434,146.918111063342
"CROCC",2.6082299350089,149.633527511952,148.509851979916,5.25934295429499,152.58166227345,158.367897791967,0.395990304016036
"CRTAP",0.374182097669807,0.449438224483561,0.652946152789654,1.63994339520481,0.659642935218227,0.9961734236448,0.962015287835174
"CRY1",30.2927696414311,152.142702117768,153.265314958095,1.53408205847047,147.295042420211,0.776706756199649,1.46865439795078
"CRYBG3",153.652491742877,152.735358841765,148.769920776414,0.368832546207079,15.3483441073412,154.065973237956,113.652447670238
"CSF1R",1.39153160333147,2.67500220559953,0.684768921558539,0.634241703477597,0.465695230920472,0.416297919020049,147.406426001143
"CSGALNACT1",157.537692397565,152.613628390633,152.71471751274,149.848261809764,4.14332494255593,0.728238965783062,0.269658499211888
"CTDSPL",2.67626641719034,149.914864458412,1.0074919301861,0.519697977072665,155.74582254678,151.341676414042,0.898409909121946
"CTNNA2",159.205949857247,152.800990524862,153.970082440593,151.498840063599,2.03791104093741,0.472631311856034,0.205671715173684
"CTNND2",8.06938937651442,14.1802168907223,0.295266844109241,0.219142527511078,0.356307673287872,148.94308806771,0.245825626595238
"CTSA",101.28197489923,0.36441760892546,0.548035561822057,61.332424115654,0.752143297420866,212.752610434918,0.248749283415699
"CTSB",0.540256872918424,0.396348914672482,0.289752372643289,0.851255890012234,0.307012038431896,182.941827605958,0.107325408209047
"CTSC",152.313520967523,1.06561195450278,3.90408709671663,0.865806632812882,152.675995626252,1.5995922551216,4.7141028441363
"CTSS",154.636272420671,0.50687042090513,0.892732352113093,3.03439765404606,0.521878045833251,156.10493917492,147.208857149235
"CTSZ",0.868292519746332,0.70392424916753,149.420684677432,0.750040160954899,152.941528835494,3.16200468852859,3.20826051925275
"CTTN",207.789262699306,207.012827684028,12.2296861775601,0.63520508772928,0.42632245722549,156.840355354583,0.324107666273596
"CUL1",221.175692185583,1.36988081043191,2.32228643487363,1.46193996490284,0.692317319162813,221.017445437824,0.33241136275294
"CUX2",216.062304365726,1.68371382328847,207.447407017023,214.242943109864,211.6844672571,214.303937797116,0.280443008262008
"CX3CL1",77.1556981587854,222.780895104072,224.296685462921,0.57644983524013,222.460519923526,228.026136354188,0.3072927199939
"CXCL16",2.04948357876067,153.032416916386,0.638078173438676,149.230113263646,1.12402060948271,156.0534637399,0.576506593926087
"CXXC4",168.407579081127,163.275311541524,1.18875204212534,160.657960345716,162.545887045156,1.52398490814004,0.136230517179019
"CYBA",0.552346408483367,1.77335632017371,0.392882043817878,0.977832884194795,0.597218683246947,0.682953374972883,1.31024178135138
"CYFIP1",0.595200024091497,3.76820731214898,0.545127584164882,1.73957728251586,0.525675919142558,2.39299585287075,0.66431541357353
"CYLD",0.66923455532904,0.70297936174432,150.723548157541,148.042246357093,0.75850564863245,0.706935447768761,0.218645857146772
"CYP1B1",2.40516712830896,19.7378303308384,1.43461849613265,29.9076915821872,0.73044755529616,0.783175347515629,30.0324533190147
"CYP27A1",5.44663088557789,17.0953064701378,0.568296052934098,0.382718340731117,0.469483908505193,208.442367254876,241.071569201199
"CYRIB",152.425231592357,150.284138561627,0.55890712972799,0.778867643957336,1.17897189955631,0.51004592545587,0.849276451063342
"CYTOR",154.420171381072,153.018643940491,0.779686117962844,1.10574795715224,149.286205970791,0.805555881124108,0.437007438817193
"DCC",222.413370706749,218.913367106289,219.949734278046,217.455506366715,219.253591660013,222.961939467265,0.16830187222191
"DCLK1",15.1777472317084,3.5979796310986,0.452387349086719,0.388705862573451,0.389282521913101,188.637229384911,0.147403146603994
"DCLK2",145.991471428305,3.39090318975121,0.443477754471525,0.570574861782895,1.01202938768371,0.878045940532433,0.453145006928604
"DCN",0.296563322546865,7.01835258511809,226.893082499753,0.459749337999808,0.874075417618628,229.313364731838,225.759762388338
"DDAH1",0.915867344325144,2.00090886271962,0.567626770038794,0.26790957080583,0.346142005682388,158.73045229527,0.199912809400247
"DDHD2",223.66354840799,221.025600703328,1.75548633536681,0.446861431899507,14.063966445797,2.01899279587818,0.296100889326402
"DDIT4",1.50066912882089,0.861518371736395,1.13742716058037,0.223416866318647,0.289561996963393,145.23687445759,3.15046575447133
"DDR1",145.862277602778,0.322572469217767,0.391962932194897,0.391583400772226,0.373407461683203,0.985523567048689,0.373196991462718
"DDR2",0.41958276882149,0.728422462594613,0.831617790850234,154.047210012214,156.277360466776,0.688227157263088,149.394890528495
"DENND10",151.095229635927,0.411546336291031,0.473364773625699,1.08931558310332,146.838685929169,2.49051616432936,1.60191450744866
"DENND3",1.93305830114921,0.92203683667329,211.611411621709,199.624868518578,201.276397235401,0.509338113485463,0.995232290302416
"DENND4A",2.23767799409201,1.411670438941,0.893455165367908,1.20495332399262,1.79579391014611,211.581350247597,0.823879437528748
"DEPP1",1.13051462713254,212.747544480095,0.742710647992251,0.50593987035024,0.791811329974865,213.547927005364,0.752616037267348
"DGCR6",148.024282454978,2.2720972582412,149.290844658838,2.40117379172369,0.603344224342394,1.01571001890087,0.504720141465836
"DGKB",197.368063278104,193.352526353359,196.860179678123,0.283250334380411,197.407130483411,201.470306993507,200.147538484278
"DGKD",0.925393870944052,154.054757667041,0.77880324715977,155.276744587986,152.499834580231,156.755465013813,0.357391286321207
"DGKH",2.38367704271818,218.530700272342,218.456855371814,0.667369275344518,1.2084554773646,218.397223732273,0.400295714170095
"DHRS3",6.31439738684386,5.06510679228354,145.885220788596,0.861956442196335,0.751954717049929,0.99042250900839,0.797307980721594
"DIP2A",157.436456833611,0.966480080990255,153.682373000393,151.93045366097,0.734465069302555,155.625108195984,0.382739471804246
"DIPK1A",215.746550304202,202.893078714045,5.29561187847949,0.802421750556627,3.92837290910332,209.756182822559,0.546753246849424
"DIPK2A",149.557071225922,0.694912853576532,11.9529705226646,1.20240614213653,5.18415652043742,149.591073151211,6.34105250984613
"DKK3",0.931904937952653,130.594378888191,0.385003512434274,0.187855348243282,0.255139970081638,7.06127006848647,0.0754958201324012
"DMTN",153.957972613611,152.559248435575,0.869287657574123,0.693276001615013,149.807788361775,152.973960208272,0.126111864774925
"DNAAF11",6.46979098222052,0.979672709253899,150.451966841819,0.994893295334253,162.511495424009,149.728489447963,2.92996045538933
"DNAJA4",0.62165296609021,147.232705069686,147.55724269649,0.489375080811482,144.756596947017,153.87214188066,0.13703645144029
"DNAJB9",1.35284145610043,212.735013108837,1.230898999895,1.25365241244817,2.52179740387429,0.374722353129763,0.49216170429271
"DNAJC16",2.22524097331102,146.438418448104,0.745926413580326,2.00853519509955,1.2646499434524,150.103870012558,0.660707390336491
"DNAJC27-AS1",165.477095969258,1.30953894502039,0.755445087913166,1.72024825913266,1.03389761125013,0.880172110144025,198.339787173548
"DNAJC4",150.231046711117,148.034684762791,7.32875222988661,0.349297866435993,0.675171682736308,154.894609285663,0.710935813710554
"DNER",1.26283450225846,145.401006089587,0.772545905216632,0.372690570554374,0.277919509136861,149.628352245748,0.0731833160098111
"DNM3",0.462156846669093,3.33122530033124,0.616849662498859,0.846533072965451,162.252042045342,1.12319065546295,0.162430121949348
"DNTTIP2",0.766788083531266,201.093299786079,2.69678436605626,1.36709737149228,0.510145297257556,205.280457308601,0.311321799196275
"DOCK4",177.018202241804,217.293398143092,1.74541623936767,0.570707708793103,214.017586454815,1.57249169627796,0.413910697622459
"DOCK9",155.573841574486,0.728276306134595,0.435817706609856,146.065922785502,0.511947224510017,156.606480627741,0.348423503236559
"DOK6",2.47049255774365,148.605218881853,1.03926781639321,1.04465667318158,148.925385390677,149.284579440199,0.15259425252013
"DPP10",2.0149194452558,150.425033790045,2.93846602001723,0.683888484322845,153.754400036192,159.590661060814,0.281932319751844
"DPYS",208.090396990961,206.677492542839,1.67944769892762,207.409316918301,182.097765268349,0.543462439599068,0.642148166288995
"DRC8",0.814475372063626,1.87758479533466,0.785377306739979,0.770831908350082,206.534240006999,1.29552486679301,3.5701947860052
"DSEL",222.403324598925,221.572861094929,219.748889806107,0.61835377282005,0.506008090122954,2.9346411760528,0.328900282978753
"DSTN",0.455753186986236,128.967717688589,1.00656558653723,0.204810390476486,0.34707045284284,0.461530440607096,0.0921987298604915
"DTNB",151.901761061453,1.73707232273488,0.720540767995435,1.32547806600507,0.801764937447814,148.733814438922,0.338426431408771
"DUSP1",151.608836226789,148.957210992836,0.650642623232123,0.524738156826321,0.785610678841175,0.960530055500928,0.446282108536272
"DUSP16",0.578951319030887,0.707716269791179,3.12223444978904,152.979697230388,1.0734656596853,0.6250781077219,150.579392841634
"DUSP3",211.339608338573,0.540258724009003,0.752944891695305,70.0008152846677,0.869227399702527,1.07620369851595,0.219373537517229
"DYNC2H1",211.665590870144,208.691033355416,3.84104863495151,1.69358227268948,1.92838858815746,1.01710484276743,0.887636111967241
"DYNLL2",162.539587045673,2.29395035415897,0.565253734009237,0.381717087455173,0.394153974408589,159.841930199929,0.0766214970717367
"DYNLRB2",159.987768475936,0.743509902815476,156.006009359799,151.045796648003,0.855564773404183,0.725540705446331,149.775098065675
"DYNLT1",3.96585754552241,1.17319076252428,148.724803678195,0.312088215960643,0.935366952301822,152.370794924462,2.35703714602513
"DYSF",218.947058586916,0.553038488745222,0.707405518939718,0.908552214369866,214.322575600598,6.58471736322849,0.373706185650423
"DZIP3",154.587707775306,0.764717862330876,152.641415704361,4.44567668875466,1.38341906882997,151.816420635679,0.247986219038525
"E2F3",219.721726402198,8.64923301995664,3.25433781591642,216.352892627222,1.13992964460185,218.387223467108,0.374089579395575
"EAF1",2.04183763775683,150.181855674344,151.030691605703,0.495273550230346,2.92393249451582,154.691498157245,0.468302111866659
"ECE1",11.748621484528,1.67213329905655,1.51423237660293,1.58315354597546,1.43293394539298,213.242153383057,0.666243433472304
"ECHDC2",0.61551856775696,0.886527121142598,0.616781541382138,3.00450312609154,0.897753940383944,212.185567595105,208.033227811293
"EDEM3",1.10582128460501,1.67629665456295,149.711964692366,2.91411127878893,6.28129518558891,0.801506150974862,0.639908781003236
"EEF1A2",1.78890137467504,147.014041122267,2.18172206347018,2.60395707179652,0.726758913773447,147.615857492033,0.0646880704422845
"EEF1B2",0.47806322354643,1.00812142291959,0.244119366198567,0.13267097857806,0.328069105817082,0.742192262822109,0.984342228810408
"EEIG1",1.52747630520671,1.60599605029083,0.739049556637435,0.72364697786715,0.569802381940116,0.897040459997973,1.00324078663443
"EEIG2",158.273717055292,1.9876987596992,1.46480187422571,150.092841549425,152.269268552227,2.06944143527384,0.261425725865535
"EEPD1",212.016104392593,0.722422345620235,0.622588663376362,207.853994777346,206.444333715963,12.6965377427076,1.5028392210813
"EFEMP1",221.095000696679,205.279900171305,0.854595292727105,0.125216252582183,0.332410553919037,201.351291976901,209.681581037512
"EFHD2",193.355594541974,173.648998905171,1.04600807743896,188.479171470557,3.99110196375934,0.797830670339018,0.252521350178653
"EFNA5",1.31867395459767,76.8945147619678,0.816680350598635,40.7106207854503,66.7175503187123,0.830148798505803,0.56448729041949
"EGFL7",2.35949660091218,163.78289526279,1.1201022576596,19.6950843191203,136.75615829501,2.98777542553582,0.186559848013002
"EGLN3",155.932709408113,156.432138369174,148.480401114369,0.709358089262805,154.495015058728,0.705114508943278,1.19098670242945
"EHD1",220.737051561676,0.536928954547704,0.874477319384951,2.39873696477482,0.678804696374722,218.530547746713,1.08793204478994
"EHD3",9.82626344402314,245.085646846774,2.78155290698227,0.774666594899943,0.74469083575726,221.110047447575,0.303263921022316
"EHD4",193.999909704194,184.662236756199,1.38103997183884,0.740606504878174,188.471851943847,191.156009023171,14.4238283280229
"EIF2AK2",204.590566312838,202.954168949588,6.60700378702442,0.311895726013699,0.507629822101454,1.20754712602141,0.421314573352142
"EIF4E3",2.32835682879256,146.57400420971,0.88247061932105,0.386688148911982,2.57015594736644,151.561208809862,0.694342622636387
"ELAVL2",0.424081960372792,181.612505489403,181.038643845865,178.790259442536,1.17834176443785,0.782000169972772,0.0910144658240561
"ELAVL4",161.878939798227,191.586937802438,0.958030114389099,1.40044210430657,1.5737260053932,198.550891451879,0.154971341898049
"ELL2",0.59864180765077,0.73861266012572,0.527211908919521,149.795720875759,0.73999572246257,153.595118471934,0.339514899063722
"ELMO1",215.264450570645,0.548477865600878,4.87629322672908,2.31197049783672,1.37714467456983,210.729914092776,0.343579760769315
"ELOVL5",149.352939732794,0.655129923097195,0.563785750957155,0.405236297866896,0.50852615089156,147.643780890907,0.188803906739086
"ELOVL6",153.228286054123,150.469427306673,0.952091844288071,0.878198750150177,1.1152108296127,150.415662037113,0.366713067113144
"ELOVL7",42.1950786323304,171.61702260945,2.17885497288828,1.57064930748247,169.039408730886,175.444955969665,0.430434862168316
"EMB",222.681140153244,219.919978916736,0.713168582734919,216.485869673165,219.832100450373,220.632349018966,0.235040955842464
"EMD",1.13520022768867,170.330265159296,0.840383886986469,1.42469996860508,1.0339551672478,147.827207523459,0.262271185487938
"EMP1",0.435421529182618,205.808713094694,0.592590153335311,207.177903027206,0.900617796471204,0.382611728994944,0.898043441671798
"ENC1",157.522605194146,154.508905661221,1.87682815376079,148.896824960757,152.717163648712,3.78430164208256,0.254779529328171
"ENDOD1",52.9044708599255,0.352784489957707,0.973322554203525,0.348540040620746,1.49049984425916,1.25223708411546,0.535756480478007
"ENKUR",0.492636011473626,1.71618121211764,10.6895038268941,0.946057925910225,1.07063382902056,1.15718695766732,2.02285465393871
"ENO2",1.16156463907681,78.6490126779899,0.589238841263571,66.1205646833272,0.890032976791108,0.669097738561296,0.0714193320171935
"ENOSF1",24.5172688073542,23.0004901100988,0.529760546835203,0.613584256687365,76.5671544054858,1.23552609957126,48.6688633306103
"ENPP5",0.830036471280408,208.831457352536,0.61510547774183,1.03988806400977,0.446347353876115,0.68144347052851,0.317846484710093
"ENTPD5",155.767636182979,0.895397993815417,152.186727467296,147.780661943905,1.63161423956047,0.632353026047829,1.31362397297203
"ENTPD6",79.0449900484474,55.1007031337474,68.6890747538704,32.9206430313351,48.4395221816294,2.22023709366888,0.137030045980468
"ENTREP1",1.53286548104615,146.338292124609,0.739464990519036,0.601291051373415,2.39324776269337,1.06200989516481,2.0473582382244
"EP300",1.08326169868307,1.58270097472283,0.989637387362694,0.890635966044203,162.352041573389,0.704867400349342,148.891150031751
"EPB41",9.4408315507772,68.3591586267316,64.7835397155851,32.5094530581626,1.0256915978593,1.66438638127648,0.488467084574882
"EPB41L3",0.767554000818585,185.36203686013,1.08756384831488,1.63189465107469,2.07197230900458,188.755867414566,0.140448942513333
"EPDR1",2.57978416465533,0.845957469296623,162.54664981599,0.864369162898325,159.498021983684,165.019378151308,0.109665933716038
"EPHA5",222.737744995093,226.112548804525,219.535632614948,0.914703032979159,1.18526179585037,223.355631992216,0.290574899790326
"EPHX1",206.947578124367,0.659011454979733,0.471231699532658,0.127049459229037,0.876245019413063,6.11530943155292,221.072618942649
"EPHX2",1.21878381268941,155.392133849626,149.283619223633,0.573276909042495,0.726907833556681,160.211630432629,0.414042790699239
"ERBB2",1.56904917617453,207.458257231662,2.02972004896713,0.295592437277116,213.31890886315,208.380838376534,200.711481192776
"ERBB4",0.968328091453882,192.452970740283,0.53357237298495,0.811592572098625,1.60268547517366,215.192507956444,0.237172052876155
"ERBIN",1.72644964504658,0.458861873029383,0.386289363817766,0.325554808613726,17.429698961126,151.781675529939,0.650815788899929
"ERC2",0.426358997298966,135.412367923094,0.742999375082756,130.127182364349,1.36663079141027,137.706328903814,0.209168366950313
"ERCC6L2-AS1",150.841207890271,152.131122584571,153.260473725952,0.607698521898508,0.883501375147195,2.5269111768624,4.26622376676977
"ERLIN1",156.160669851714,152.587901836433,3.40002939150081,0.522817177072323,152.740462597192,157.392226330184,3.35653057635776
"ERO1B",198.88399730316,173.94592730921,1.04240248373049,1.21720796649542,0.889982232103222,124.542544976708,1.41777190152769
"ESYT2",1.29741472209683,1.6482069464037,0.763062557965388,1.21999290536511,1.61776440009162,145.942714918578,0.48424304535737
"ETFB",0.560220074456704,0.803113332982618,0.384393390528422,0.262082578666993,0.480481714809123,1.14727600313014,0.330218352270236
"ETNPPL",2.64928126245769,200.061906073415,0.681771512979028,0.120893792033492,0.627943125075396,1.2739392601521,5.06858365206904
"ETS2",218.391675829681,0.901234527620598,8.08674846825925,1.24128118513615,0.699957998516048,221.276305021488,0.319577064473596
"ETV5",156.622236787467,0.980588366416374,152.967871528934,149.24089278048,0.732386662447033,3.2990777930662,0.674871639907685
"EVA1B",1.48944997475195,152.600517965749,153.557848453685,1.45905922296691,0.824898036480611,156.584489117604,147.543822391855
"EXOC4",224.637683959432,221.628351340137,2.82051577764043,219.867388460473,0.607224485719761,0.740435499456636,0.259689556915726
"EXOC8",157.656632009359,157.430682494454,0.989644342462365,147.819654182444,0.577911122553193,3.23033155197378,0.540261748294694
"EXTL3",1.29695478501048,2.36185793622682,2.69289758940593,1.02967516964488,16.0866544725795,11.5881765979224,0.417202530564151
"F3",158.999286669142,159.282975929211,0.588434888052777,0.230350613302096,159.251922877817,0.661772721893912,148.58448684324
"FAIM2",2.5287843854672,0.800872393554662,0.72362505747437,143.909230859391,0.592277662562375,161.116411194533,0.0729075175581136
"FAM107B",1.02221901959291,0.172664850029374,3.46278890916319,221.160000918059,0.624011598661956,1.61042148188133,222.287144700932
"FAM120AOS",1.06220866292511,0.49351749877308,162.001626457988,3.78118932719359,149.040343080352,0.821633708495495,1.17718638963858
"FAM149A",154.157056670865,0.844378969569314,151.695389419558,2.39516643848422,150.513158857643,153.556988953877,0.732592962777219
"FAM153CP",155.83240874266,5.2321801275393,155.592272032936,149.315437243871,16.8884851150052,0.925448735967224,0.359349159164383
"FAM157C",156.311202727773,154.013062081274,152.843760106543,0.422547085797808,1.39474113760542,17.438081962407,147.918141043128
"FAM169A",215.939688646429,0.927231753045623,0.769736973558726,207.890336334203,1.0372564475756,4.30715113940902,0.228807786695504
"FAM184A",162.983092935815,157.965547338671,159.7634220838,146.796142775315,11.3698909059276,31.9830138830626,0.252535204317863
"FAM222B",148.235177547861,0.91579993843342,1.42471375640634,1.01006598084479,9.13927795638083,1.88469216736547,0.945256926445442
"FAM234B",0.709457721417401,214.695872108002,210.584233858145,0.488307489557361,1.23604674678862,223.898448542676,0.614746264394883
"FAM241B",224.728074731831,221.784803556819,214.208050871073,1.29568918805225,219.8747132529,0.627761837729708,0.239683628904245
"FAM89A",1.55108504188746,1.6930145304772,211.422396292452,0.730775843340172,1.47852854743487,218.270331956279,0.881126923865971
"FAT3",147.068994088591,134.274748177924,0.707250672085862,0.484037336666092,113.994694968273,0.502411492046962,7.86420946579254
"FAXDC2",159.918086126156,0.262876063666311,0.763374085659545,149.55795144917,0.923255701683666,156.955972598659,2.52771288171739
"FBLL1",154.100851948077,0.561592242483282,1.04604621681162,149.336460487531,150.205175439479,156.008468587869,0.139477143653149
"FBLN1",121.159746425661,213.338442087908,204.04359031174,0.391397618477929,0.643916991303625,219.005365318823,0.814625732367618
"FBLN5",155.984569430601,153.099966172896,0.621834431768806,147.137521736759,153.583489679238,0.726312087443728,0.936858756304375
"FBXO3",141.799869569076,150.28145776227,0.640996530120382,0.453960464148045,1.18209734472812,152.154057834726,0.356460356991268
"FBXO32",213.156991014647,0.633917603740748,213.556045685534,0.703578046683301,212.355606750595,1.13484613873897,0.842242054730795
"FCER1G",158.525356471228,157.559179452241,0.751435203848391,0.245229705956115,0.582570725587209,2.23472804225007,148.4660989066
"FCGBP",157.770252569469,0.555180458814231,0.573402447020011,0.966154269408098,1.49639470850993,0.989597340467812,148.756748470778
"FCGR1A",1.36478652528779,156.728844384339,0.750014401015168,0.558904560015888,156.398135557668,1.19358594100542,148.869504196516
"FCGR2A",215.041210081196,3.26505799542226,1.02167259617919,1.2599997127053,212.339789389382,3.55365464632657,0.770751882332774
"FCGR3A",0.755075339845884,1.27081498337928,0.41556766478471,0.408459491038632,11.7908427614969,1.26138058458239,1.43311807422387
"FER",0.658359066163835,142.83439995903,143.189298423176,136.917097157213,0.774255260142807,0.891961986491009,5.05475980378022
"FEZ1",104.266043895104,0.20684810926514,0.333831347750105,0.209857702575778,0.287302070418419,2.23465872374661,0.310865022133882
"FGF12",2.24846988827568,215.875027448941,0.584192866035042,1.09917454924298,0.741633056870644,0.697182520873276,0.171707205423427
"FGF13",4.40978541533064,176.051700021159,0.731977737521775,171.657928894546,175.723043247534,0.870928102426197,0.113636808151105
"FGF2",205.69531851034,4.5654732830728,202.466055601081,0.409394614573757,0.443621931056691,0.54731402495804,208.84039619074
"FGFR1",10.6856436274896,0.628148371642316,0.690145367793806,25.8020673682582,174.520329158169,190.675194122452,0.271758440661809
"FGFR2",0.498323693152663,0.367793308349447,1.27438133215499,2.65822974475779,0.445813649366636,0.820914845476426,225.44069850501
"FGFR3",0.68416327439508,1.28561919769227,4.40341490760574,0.194875645874057,0.286745740620926,147.726424096909,0.723804832790481
"FGL2",1.00290671105025,153.19907615478,155.998747612326,147.921900173093,151.492398284616,0.597812335190792,0.958186180867441
"FHIT",192.479019050582,213.465783661077,0.734516126563726,0.921666631963071,1.51778862633411,3.5409702913487,1.34339304024161
"FHL1",1.22576634302525,0.612317552702869,1.20514999759817,0.411303036351403,0.602683340556249,2.30282162610205,0.281599597377173
"FKBP1B",156.365904788383,152.332612802553,149.857135609411,1.49463479208404,148.489113854028,153.290623390525,0.331934491059057
"FKRP",6.22992257417441,2.08037681162476,0.642291277229894,148.901164282519,0.824462544265978,0.645599502051254,0.603124294439611
"FLOT1",209.906882811994,1.64124117870329,180.819259878014,0.599394926280923,0.53110663333119,206.054393448347,0.166194196200187
"FLRT2",152.52709930634,0.69949102139624,1.18219883291475,20.4057567463717,0.663283239459395,152.383619789443,0.589215272674311
"FMN1",195.786019241125,196.145833002218,194.076065742033,2.18750401345905,1.28962049959885,0.791973402570592,1.86540939799758
"FMN2",3.86355455644915,6.09123626449405,3.08481168985129,1.33481116593214,1.11903995897523,210.676181617414,0.482703223848836
"FMNL2",222.846873008898,0.357556784731675,0.786774117006042,0.199138583847277,5.27241926737096,217.872128393732,227.679676600531
"FNBP1L",0.637789209613788,207.513992423399,0.63456202296174,196.7390106675,0.961197168677779,206.374714536147,0.853687546728636
"FNDC10",83.911758584447,69.2760390509433,69.0748772729394,29.3261572732251,64.6941613450605,2.94483068818062,0.301875339942712
"FNIP2",206.912029452737,203.009936582414,204.058329210551,192.690573405784,1.01625505056299,0.875839032533382,0.431410104670438
"FOCAD",0.623084868349453,151.39134777821,155.414054809307,147.638623452859,154.228987922911,2.37753343535304,0.231303836231593
"FOXP2",3.99097571702351,0.744105584575262,1.78278733419254,13.332699388981,148.382767790323,151.719901884799,1.80865122579047
"FOXP4",197.909005968894,1.63515055817838,207.674007361945,3.80605809251923,0.807937353650776,1.05803894310556,5.73708562023601
"FRMD4B",1.05841073242386,0.330101226807629,152.356657988698,149.029978968559,6.08726314421454,1.35179466405448,2.79774277759978
"FRMPD4",8.73540451402723,155.152513702385,153.54538072904,149.012499806881,1.83307011220065,6.96660416505131,0.305276297806102
"FSCN1",1.10734505431878,1.13275079691317,0.505520807477801,2.1667170123158,146.047025014925,0.959439043299296,0.481128074701612
"FSD1L",215.704177114356,208.132457835085,1.84168873340097,0.576395423111214,209.355753483269,5.19720483883639,0.360316872188494
"FSTL1",157.623604322904,0.542196477351913,0.851047700411861,154.803351785761,152.44992253856,155.732375424917,1.06957031663343
"FUT8",24.3214540262075,0.403940520329798,113.065823586587,76.9282825878885,111.917324379872,0.571668673641506,83.8452966853214
"FXYD6",197.231444989251,193.371756880516,0.837027702613249,0.824141145450056,0.399677758358581,195.572449561736,0.122413259445783
"FXYD7",1.11421002944756,1.99507832218652,1.11610982980089,148.581113003765,0.933337431951902,158.241910924496,0.116421819696537
"FYB1",158.005641579821,0.770198601420269,0.626648295469719,0.990656938674137,0.987349547134133,157.318201327595,149.338005532598
"FYN",151.709059227965,0.956990683547213,149.241079540879,0.297916765723885,0.515120704112388,0.683910169233904,0.76041910091047
"GABARAPL1",160.50810157577,0.814372936422748,0.418538354712369,0.436063710555767,31.6339818917533,0.515230358380993,0.098047998199674
"GABBR2",214.883536091076,198.684104207082,1.23108212668797,5.35896281528297,189.060837684616,1.22088828102876,0.170838816327792
"GABPB1-AS1",1.42030888300206,0.375875067014915,154.875363006409,1.12290711397359,1.26591768035027,155.642898196385,148.936357582794
"GABRA1",4.49619614475304,7.22873425800257,1.71355051151573,0.647917569557885,0.919289021122479,1.80461342216912,0.300809592516517
"GABRA2",0.839143930926816,1.38002299273671,148.679214803222,3.13593486465654,152.71020796416,1.71486808880401,0.695855986676097
"GABRA4",219.319748109499,216.882842905394,200.543217475441,0.8844478039976,216.661373013094,216.703189635441,0.280340952058281
"GABRB1",152.709484002174,150.023930524063,0.778891232345567,19.1833184027328,2.30470665532007,156.684687416147,0.253146170194129
"GABRB2",153.142854794016,6.32329863660786,0.419666510642878,149.076927361339,1.34279697419537,0.874936944117317,0.210852865103952
"GABRD",2.39071025923459,153.11977827538,151.94152234329,0.378997073130827,0.970236557018137,3.23790301448779,148.792774350793
"GABRG2",7.69882080419698,174.445512174696,2.52483010895052,0.75631940601091,4.55894050775476,1.40586889324527,0.161203420923385
"GADD45B",0.375102731234843,1.18860436200816,0.513417489379529,0.265956584453412,1.50671954159752,3.34192653791901,1.65304875902834
"GADD45G",0.641794150419274,210.825304628736,0.481867260144748,0.189374040325309,3.39514767643485,217.873496471402,220.166032002878
"GADD45GIP1",0.493137573132647,2.26764290077885,1.20137775853526,0.283529101746796,0.495221912064395,1.40321486998703,0.39621967973611
"GAL3ST1",155.80785981286,6.48898761363557,152.983284144356,0.610966258789568,0.805306080216593,157.044861878601,148.83906537062
"GALNT13",0.865188231582724,149.704650555088,3.68477433649075,2.27022141234726,6.46302932122726,0.969084828715412,2.29409023400443
"GALNT15",1.47022367597382,0.311924061887608,1.33481468570998,0.439958023407616,1.08419872764094,221.747956908174,218.479569580685
"GALNTL6",156.360309176472,155.47089490905,157.767351110253,148.618538338485,153.141795021005,158.645651378351,0.182808360821775
"GAMT",239.333820744513,0.529983344482496,2.19520037617867,0.574493727226121,0.432447526439876,226.998452021447,0.364080102213802
"GAP43",0.571696405415954,5.35919582447499,0.458938780058702,0.374547729293077,0.337576841762814,0.763124206991331,0.0897594639987269
"GAS2L1",151.489888501194,157.972488269498,0.852502739716285,0.672482761555855,147.941967729399,5.02585141539485,0.560871236927543
"GAS7",0.62471856665753,0.336776240070034,0.675524376165762,148.778811201793,0.887796978670615,0.634589203593594,149.145100745957
"GASK1B",1.25302300593374,0.423566994166851,209.255522559504,0.340097126218791,185.744908027746,2.78957500369354,230.357439532213
"GBE1",2.11268408179077,3.03718255908411,0.72598397381836,5.18495169561628,1.69046671765329,1.60611061356217,0.133742248798875
"GBP4",196.76995632601,181.19159232797,194.235528744946,0.561348213358418,1.12477007516129,8.03515400120998,198.076586034634
"GCC2",208.368438127687,200.985132525689,1.3996688393907,0.301751731966325,0.462128161342859,0.478941894427505,0.303033503471279
"GCLM",149.30359891447,0.799045289346216,2.80759862784897,1.09017588985669,1.427401770974,148.715181982591,0.296409623005604
"GDPD5",163.39597364285,1.25548157854255,161.577657872033,159.693272480742,161.127015509776,35.5199901193675,0.272028355241962
"GET1",1.01829494747493,1.54409704631602,0.779473061077531,0.614469804464108,0.279168584589412,5.21762688828896,0.264991487934287
"GFRA1",184.549489971099,1.01360723785146,0.853584067087836,178.457090156587,0.981308989954031,1.16876976790894,0.106350320589658
"GIGYF2",1.62148081664166,0.884559648992583,147.957670707166,0.665051504640321,1.56611816680233,2.20523788964062,0.415277611850327
"GIMAP1",156.494704100817,0.981547822086508,155.348455292524,0.845554154618034,9.72081526857927,1.85352285403798,146.947743097743
"GIMAP4",0.542321886583739,32.665974801375,0.585956034152231,22.2157220024973,1.04419313139101,0.847343098875078,23.7286956376254
"GIMAP7",0.547315451186537,1.37621388975341,178.249137582411,2.14154624631013,209.825400359708,1.11345065098655,223.50997239024
"GJA1",0.581418536069985,166.724133137979,0.35023437895077,0.096531106792083,0.204660690196891,0.478283382813205,1.00815871608374
"GLDN",154.941938517933,0.342041735326649,0.469622750831702,0.989443392641981,0.611642276599365,0.837980674102406,146.133492650121
"GLRA3",211.732056619239,1.01606676811135,5.47791811783819,209.839028254199,203.309366419026,211.380290439834,0.218439055791785
"GLS",2.16570480381864,148.772763997317,1.44224701717274,0.763520288013881,147.900269533224,165.370717215711,0.102829119984872
"GLT1D1",22.8085334041951,185.205020233008,177.285563592115,175.796615635231,0.93394989042211,189.759674084111,0.19557942834426
"GLUL",1.42249628291172,0.38103884850105,0.298709485677774,0.0780269646438993,0.260956608237234,1.55019739205523,0.18140580145693
"GM2A",15.8119357991201,0.626744181446976,0.699217722156374,0.605212682198473,151.025037889581,1.94608744757025,146.048801225744
"GMPR",1.04841619893018,201.103456255231,0.467607336610755,0.295901255901397,0.911533952318026,210.545657738729,0.770410204968538
"GNAL",0.473004913278211,150.133256280062,1.27183645242653,147.00410478813,2.0654330832532,156.571621055975,0.206577562231308
"GNAZ",0.584722870134029,4.62113200595176,1.19869939771941,2.1195187029746,195.399049989322,2.95370337931461,0.192266966429668
"GNB4",0.491864739570374,154.919136927867,156.104859374011,5.45975929036757,0.826138398056378,1.0607045650595,147.049276425129
"GNB5",212.60880306389,210.10315887787,215.338900875357,0.42114813372548,0.522369438764933,217.102907693553,0.269268099005724
"GNG2",152.243806981358,6.13101421068862,1.16666800224842,0.858350044778463,154.608030509019,152.801638961545,0.320655982197149
"GNG3",0.968459775606835,129.117846796375,0.462968420257902,0.629307273396586,5.47549597360118,3.1522257868525,0.0882136385543635
"GNG7",0.384029530631245,0.776034081184688,211.389857478199,0.492654688679606,0.589823849470256,0.377468918934071,1.15962223401481
"GNLY",1.84533092534001,217.024563132966,0.927199382665496,0.414259820994175,214.288046087689,211.355452800909,214.68594167284
"GNS",161.580169428402,153.636005509625,154.637424657246,0.647493132392113,149.767352146044,155.369021113056,0.256039609899433
"GOLGA4",3.20772020392955,1.05285849870418,0.637839859976882,0.356291314455923,0.331278552358286,4.99647214194209,0.317274134626965
"GOLGA8B",211.780722114844,207.092650014506,0.959690606567381,197.079446853999,0.858939872815878,204.146643434399,0.302267477813215
"GOLGB1",0.48250489951337,1.2832613714775,0.675046686191103,1.29412958280803,0.59789547322418,0.647071806573002,0.30675337201943
"GOLM1",0.659865457620801,8.0959901118371,131.276743243681,0.434179157969745,0.632685197060698,1.46412447893411,0.827197012566685
"GP1BB",205.945439092375,4.06688263184315,205.586756126058,185.879015405415,537.821110852942,6.08223922280037,0.281303850206932
"GPD2",203.740788351425,0.970657253924655,203.371815531272,1.17811628188281,0.647534573906368,1.39895407474581,0.80466324654303
"GPHN",1.19398724021943,180.191794794839,101.177694878132,115.412628474701,0.570329940880287,0.547225474363469,0.799876434896799
"GPM6A",176.041883301684,1.67283645118024,0.417890905779578,0.161359784002896,0.433213114712028,0.841255918520059,0.148774777564621
"GPR155",149.561316043392,22.312639833931,2.81366085959588,0.58806448504401,1.75398603422918,149.947412075528,0.333501173873474
"GPR158",0.661470568520354,121.166790323685,50.9376689638963,124.947756771598,0.467910130799442,1.30071668762991,0.469450935966559
"GPR162",65.4689977831379,56.6557553236399,1.83556616382616,23.7716862246923,48.7053574512984,6.1769085140416,0.240319610051222
"GPR27",208.663272087791,207.008992417989,0.856813287759112,0.612853993572624,203.044625444027,206.429997353896,1.07778735075249
"GPRASP1",151.461986121728,0.519036821510092,0.863829022396175,1.53049712135166,2.06568833846788,6.40397849876691,0.310823224060413
"GPRIN3",0.695832829588886,212.472379482592,0.374496906061714,213.159290830652,9.34733694972008,216.098574680066,0.455212596227487
"GPX3",0.715929313032986,169.564694936418,2.7479626236016,0.306361855135074,0.459414401620422,172.512536676689,0.106606950055183
"GRB10",156.26524692154,2.34771371604583,0.729203520500526,158.489587820634,157.079705308383,158.254259700092,0.166008559734391
"GRIA1",213.769453822569,208.810188277866,1.27831947770093,2.05661803925288,210.309161992574,215.342053578058,0.208480210881493
"GRIA4",4.23404220327802,0.714621698485751,0.497106838445348,146.860472780552,152.088902971177,156.087234226515,0.284507550088586
"GRIK4",155.337620514978,1.15137528875891,0.54660487951684,0.997839429269163,3.07473379421072,4.80165140827927,147.08176626477
"GRIN1",169.136615056103,165.544022808251,168.653932515841,161.00366747528,165.970339904628,170.821370672435,0.084773973863019
"GRIN2A",156.131696647603,152.765946535692,149.280530215162,1.14456847868602,0.518629024404688,152.902968081347,0.737291300302415
"GRIN2B",1.92426026308505,148.941828706396,3.8116089009917,1.66248962268514,148.896634253801,149.563142178661,0.234385449959376
"GRIN3A",205.540634371679,199.035729115106,195.904262043503,198.694861172525,200.692383669994,2.4375767876849,0.303279082138939
"GRM5",153.828617745178,1.14895016721339,152.359048712356,146.22301843105,1.13656198168718,0.679321475295644,0.312620856805919
"GRN",0.417618029600484,145.804394019823,0.585066771647127,1.44333584002639,0.616340558057693,0.700522498662355,0.64135449865641
"GSTM3",148.879686867812,1.83340281323587,0.924926269391098,0.631408743873978,0.483631238593307,10.7901823761123,0.543418989254298
"GUCY1A2",157.92245182432,0.435710957358988,152.307659625704,149.817585036444,152.831123201834,156.053349490009,0.569024066659705
"GUCY1B1",151.589503607855,53.2827417426904,0.45848151500133,45.0938531386983,48.8874777676977,60.9480191732416,0.119358562645745
"GYPC",1.35747208316337,152.612820972408,0.887138595960716,0.69759071163448,2.03264466088897,151.293414542025,1.91502062429562
"GZF1",1.01610636765202,3.66430612957255,208.699350894749,2.36043695196914,203.673512308317,2.26243598382438,0.372889497673854
"H1-0",216.384184325565,205.474661292646,1.01279157193722,0.511840105617789,210.074665420071,0.549289731011045,3.49969212727338
"H1-10",1.20029069173799,2.42176694895858,0.55639402479278,0.527100802555893,1.00158585099101,0.549411960667073,0.544307321273065
"H1-2",0.843813279244992,204.184004311694,0.415217073007339,1.04358694395618,204.658290560413,214.868664651376,2.92547338517474
"H2AC6",157.895468449119,0.605333056721188,0.808297239049067,0.41728783252249,0.721489710320934,158.943385190043,149.332177551069
"H2AJ",1.9023161307793,0.375228669099601,0.638950381011488,65.7724869989749,1.88424141589591,2.8484568186578,0.312988105157204
"H2BC21",153.37990868951,152.928091055807,150.161516084711,0.417599052774796,0.669211596939948,3.61839475153387,7.08357559283551
"H4C3",217.359349260898,1.82425595912347,0.783524247917387,0.287224045255956,0.826101765373212,216.273447428901,214.915952905732
"HAPSTR1",203.806189188394,0.764118521826779,1.51151883390522,212.097997906617,210.844367177089,226.1800809346,0.26914582095477
"HAVCR2",156.293697705233,0.967729968196195,156.951333114011,0.871678931887502,0.679111287065837,156.469304483849,148.874281567802
"HBA1",0.603062628990156,0.812882233320353,152.422860300722,0.353569712280976,0.403073521085814,208.909580063539,222.453533428434
"HBA2",0.580576306613632,1.11863211631704,6.78648114458432,0.205387923592983,0.358558972740885,73.8689170462129,229.666354020646
"HBB",17.8735199951355,1.39726787253971,186.888923808807,0.278044129529181,0.410463593898716,206.421985769618,213.828920000217
"HBP1",152.402244195095,0.681275676138982,0.53791583653806,0.778573658129815,0.561989867841213,1.93218539761837,146.222679979762
"HCG18",0.585595948597986,0.912000642247794,149.086662264899,1.12424979010117,0.463694795799495,152.710374673483,1.88730219258034
"HCK",58.6350614332507,35.2403136598693,0.707964904261174,18.0792718895524,0.700779899722896,0.466013806738962,15.4834495271508
"HCLS1",1.69772843349674,204.033532134805,0.613168663679085,1.063384223206,0.562877345875479,193.038366669819,1.25241931817216
"HCST",217.262901810275,210.45893294525,0.957548544695543,0.382515336792579,209.963877568243,3.48915452270697,219.205155101792
"HDGF",228.702269699653,0.345151591041427,0.876334575832177,222.916740710275,221.461951721122,0.63495059124122,0.284447425610891
"HEBP2",20.4919949231447,0.674418093555449,2.19097087501004,0.321066551969824,205.378618819015,204.956144820033,0.339420100159273
"HECA",149.890730166816,142.716447715868,0.814146185492445,15.7581578766825,139.279564180911,0.739002259191873,0.326950372201761
"HECTD1",2.22023466487079,0.730461080657099,199.070250752261,0.744950888252902,1.06563613970957,204.948538899048,0.313739245340047
"HECW1",218.900695425341,215.468185114478,216.770966293711,214.714312317091,213.840445689444,219.214889108018,0.196569024360137
"HECW2",0.901129919330495,152.805499258799,158.885550410281,147.667935436876,157.467777870148,0.791858172590729,0.509943294884556
"HELZ",156.765435639454,0.62490259210237,0.502470692473447,149.416254908553,151.548292487407,158.993235016922,0.307396589607951
"HEPH",2.25544438518632,2.15444775628828,223.189442171317,0.370410517678026,0.458148260954645,2.55709420058778,1.80467557981093
"HES1",0.63565633108134,0.696413246274025,0.62943533342578,180.317239756853,0.480822551821057,221.803990308239,0.877331816291831
"HES4",0.53320724887363,2.27841403905847,0.371510154936863,212.035305251225,1.30511272441965,1.13616313112854,0.268863122998692
"HES6",1.09215102830952,0.85803003077046,0.782617925704076,206.084919893659,0.825655784260397,0.659491059594778,207.151385701779
"HEXIM1",154.634988495664,0.99319505416074,180.101260667005,0.522909717678836,148.634892031338,148.746178366572,0.296435643658849
"HILPDA",1.86914356520953,0.67094833741071,2.88146937189983,0.427689211086854,0.398555539098751,0.963895103661601,237.825365319929
"HINT3",2.1893325477535,0.390018765823325,147.65876215481,0.404985291030876,0.668336852539151,151.542504780695,1.96711501879452
"HIP1",215.234240010772,0.386346610378144,1.19565956646915,0.629984048469517,0.748941467179366,1.98457757809849,211.674459268746
"HIP1R",2.02360195414447,0.764517269830867,1.05934820591055,0.561606572869724,0.430113826804393,0.436905223008917,146.649884328088
"HIPK1",1.91599082335919,152.187743046204,2.47212170938304,151.39286101767,1.5066507520133,156.873695564586,0.208537699001334
"HIPK3",156.852936401256,153.01164806127,150.200308513221,0.46135345181251,150.151047794968,154.758152456845,0.370491630120277
"HIVEP2",0.732087064218058,0.549862302458926,0.824578004778753,35.2548873202925,0.534623628333701,71.1990601723375,36.5971227948515
"HK2",155.895928835221,0.710859368144714,1.13121139729681,1.95677756209741,1.58226028482082,158.501906626362,146.60619202176
"HLA-B",0.739138641962255,6.11522059316384,0.520827829701258,0.167265452357596,0.258738628163146,3.61294806708324,22.6958523832545
"HLA-DMB",76.9472197149564,64.4491343361044,0.455099677176291,8.87415094677083,93.5959144657602,1.11152146659792,6.20745010681608
"HLA-DQB1",2.37863167181324,1.58343855345418,2.91538611311617,1.24505525763185,1.20734737919691,0.392952515853702,217.742486647559
"HMGB2",209.114603585489,1.208066110332,5.10880024190767,0.318280437993636,0.494845476282272,201.12053053809,0.377050754260198
"HMGCR",210.298822011357,2.3202635379234,1.47599311814386,1.65186422077149,1.34790076849644,7.33991185118498,0.362638636196189
"HMOX1",206.008431270932,199.597918018018,0.785162975683317,0.83940322904533,0.935170359189761,205.795451212852,1.36485181182395
"HNMT",222.587387979822,215.653208807017,0.816800345471484,0.349255880437647,0.511379499773393,221.217212069742,1.16794452635757
"HNRNPH2",0.954379178304728,209.713894231013,1.41082261557788,1.24917672457685,0.464728417596476,210.666413953309,0.204067734475804
"HNRNPLL",219.276560067548,0.699930107738433,1.58011646360237,212.485678136635,1.87716685212338,216.292138475301,0.356067771153886
"HOMER1",201.646931639769,1.05627716603311,206.255600457,202.066924479136,206.354862267729,208.468830259391,0.309162579242488
"HOMER3",1.26969572702345,0.358520333879585,0.709926778399659,201.421162426247,1.09406613272644,1.40418792578613,4.97899887909854
"HOPX",0.645989146716944,0.487786911552266,4.9524022088849,0.276797027022694,0.478007097668768,208.964416097327,0.499018509695414
"HPCAL4",2.1393321443452,4.80455775008835,198.884498521369,43.4435463531739,150.125536017416,0.879011792437845,0.262754725899307
"HPSE2",221.871194700812,23.431786681372,222.775935772173,0.581520377705403,0.466999518590463,1.87868271796617,4.23128378490721
"HS3ST5",113.987860693477,0.825460610262573,1.72284862455128,84.2653719340921,104.828755460612,1.05742742788591,0.537248189707592
"HS6ST3",49.7054808352495,13.0386247549373,169.703887439169,167.89414116936,152.15451427292,1.30788231638705,0.266441972652295
"HSBP1L1",1.86068156550707,204.687240958992,203.688064692047,0.372344932207047,3.32651915263561,1.6013531900568,202.826593318721
"HSD11B1",1.04610178953256,2.73347235889109,195.064271210167,0.453317441641321,46.0049376363137,182.550434721226,197.995193271591
"HSF2",157.887336145073,0.489102574375581,15.1760731525689,149.479195462902,1.32635470972854,155.773285174828,0.450410619747469
"HSPA13",0.573106730435697,77.3314063286831,1.01985029351255,44.8078678463612,0.958448209489123,81.7504864278174,0.164308697615553
"HSPA1A",151.799483954772,0.304715550040006,0.68298588146974,0.358406883207581,0.68902164919229,153.045043447456,4.16135339182769
"HSPA1B",224.305928812666,1.76657299968903,2.14166606844557,0.319003079964269,0.458039541695865,1.31993565296301,3.92104993549706
"HSPB1",0.549752811809678,0.410197483377311,0.746042182782457,0.119877285652792,0.452477334352568,143.159982282552,0.296035929697858
"HSPE1",529.9371927386,0.295874044406379,0.230962030443804,0.194365639263274,0.240697572125075,0.791875446347605,0.306074569047593
"HSPH1",0.683706193651237,191.04407218724,1.09721932033077,0.538042278353978,189.05632826444,1.20172607890673,0.205604142713582
"HTT",152.593422341397,149.241593048422,0.715865330692725,1.3532481265151,154.474392865503,155.865856584933,0.221376674817348
"ICA1",1.8082079886362,9.37783178788967,202.106684295157,0.829621264479427,212.610096331173,215.917212935214,2.96109823578559
"ID1",0.710909673280134,0.699544222495504,224.097372243831,0.529688114900655,0.367931832034313,10.0333234997317,223.427878305481
"ID2",1.09191201437599,217.847885993894,0.70510970011669,0.686922550584473,0.336955494135516,218.12087372255,1.06696931234771
"ID3",0.605162652587849,11.1534973311934,0.507290097231039,0.255473318749651,0.430166987763551,221.299190636421,216.364767970372
"IER2",1.56971773452919,156.485248559377,155.183913820924,0.426900541836978,160.345878335872,1.96257291876119,148.88391335549
"IFI44",0.647122284731869,2.21859239908049,208.249949958661,1.16488426699013,3.25023248842863,212.379440103521,210.088040379595
"IFI44L",0.765944544767315,1.04896315292004,1.997048172897,0.805952573703383,0.761087851103348,218.095534407237,210.079480351747
"IFI6",1.03920782001607,0.695484760320585,2.90450914653715,0.863013017463889,1.11487706232925,0.34957879088265,0.387072387367101
"IFIT1",0.994025753643205,215.992812080532,0.550065832496324,199.985408958822,0.827910303555972,218.860319309685,0.280698894039742
"IFIT3",0.816436967149392,152.235421273294,0.64228280465909,0.878469752128689,0.565055026153354,0.961217460081405,150.227723850574
"IFITM1",0.279040227140938,213.661110450207,0.596415096319717,0.330177290206254,0.566394690072743,0.967943984177705,266.103900256294
"IFITM10",220.125025939129,216.501456842613,217.239011772973,215.366425439252,216.086507450012,1.97347299339555,0.207582054397223
"IFITM3",0.254077709858663,1.09714784225955,0.234711290585227,0.110983940922278,0.16426212235778,1.05259561696408,1.83644220725075
"IFNAR1",0.915294017074184,0.645882824793005,147.758629800993,1.65014442622358,1.313804502772,154.581044224965,0.395666600151691
"IFNGR1",0.630813115743313,0.383829198389186,0.625103557310196,185.644059473481,1.11016230965176,200.523350272983,0.400337856369957
"IFRD1",1.15917344294689,1.16734198703062,1.12963183073885,15.46215591854,76.5738306192832,26.1662808049807,0.534403277962801
"IGF1R",156.810562918918,155.842018349802,1.02867480301998,149.310001934367,4.07298851920975,0.790836381446922,0.271366663771774
"IGF2R",215.934033890046,1.01761153341468,213.530314048992,212.635842131087,224.601277074498,0.983316127793468,0.489716005697044
"IGFBP3",2.24716775220439,105.580032009182,1.06464926063552,3.05317138422047,162.990357289763,170.512192981449,4.27468986143426
"IGFBP4",0.420846011651084,1.0263478059051,0.734479239385841,214.321524736262,0.943415076624285,218.112117949448,0.715436773538593
"IGFBP5",1.21814511342417,0.28639185852854,0.376207460769853,50.9981559467672,0.419118610221389,100.148181746031,46.1055424073759
"IGFBP6",0.577161563359412,195.593504636854,0.968019139934553,200.48041656521,194.94666258123,0.553700434120253,0.472208728981006
"IGFBP7",0.458502486729008,0.333109166053061,0.330726840789409,0.233533458857675,0.374342976908712,0.441385372073895,6.72345287756344
"IGSF21",150.964487949257,0.79402120085712,0.614917007677011,7.03875449522571,146.991645174856,9.32478356184673,5.77388523829272
"IGSF6",181.287047961335,1.13036473914953,187.139899869397,2.54103409624881,0.778558832048931,1.24470681498451,190.720981876792
"IGSF8",1.44286060234966,192.886496393582,0.43010910170372,0.77158475925033,217.131599448887,3.34477816408101,0.320043565349318
"IKZF5",6.71439025174159,0.919627962252784,1.10721881261346,0.815010994806526,0.919151448240129,146.933921153863,0.66764314649859
"IL13RA1",172.408189797753,269.978740938146,0.996945876150603,0.173544193136929,5.09356148327569,173.595883226692,166.238170248718
"IL15",190.061377973579,0.426614198788634,188.415080388899,188.669215569018,193.857468771072,193.852170216836,189.766457277584
"IL17RA",155.797572156512,1.87372193267596,0.534929050500417,0.564053361568074,154.694295901315,1.54196887753532,148.668636937671
"IL17RB",1.97532030863518,3.49569732084575,5.48954375756549,204.269352331831,205.268737518702,207.385130330355,0.625643927559552
"IL4R",0.638507360782073,1.26055079319405,0.90698684410376,30.4095701242058,3.10675222952156,1.85451460234067,0.639435444839857
"IL6ST",0.932403213770152,218.013648697808,0.400063939325742,0.218681968825096,0.454855966791558,213.826811454248,0.658928578593918
"IMP3",4.40549261272636,0.909149764088772,0.661443962182231,148.385303806142,5.95323015956123,0.391546763068603,0.323033278689531
"INAFM2",192.369098176556,5.28319697548283,0.813397380489594,1.35727214418824,189.528733262004,194.764931307981,0.396008778631263
"ING3",73.6512376105037,2.60191219503307,1.66760989865307,174.339432831815,4.04252645062931,1.67388873933528,0.353904951346707
"INPP4B",0.873665353902527,152.455446678156,152.721323577744,149.835287563259,154.362769188402,3.12612840051499,0.322148590494676
"INPP5D",1.04288464316552,1.66182168985765,2.27439149241095,0.821086110837439,152.463180195078,156.168271956448,148.878537877167
"INPPL1",5.06656654302307,2.72705860360372,152.815760640063,0.435528116220696,155.454224972521,158.042295329567,149.544590620754
"INSIG1",0.577086450954137,0.634742808204052,154.573234520182,149.266035471909,0.880294453997953,0.812851517668309,0.279818307301027
"INSR",0.607410921583014,0.440500983803725,1.42778192186981,194.354656204413,0.757273040786998,111.744685024258,0.51371112369645
"INTS1",0.697345701758529,155.469595056107,0.597049376143271,0.470280465011673,147.465660898392,152.552749982357,0.35226081152748
"INTS6",218.669288495336,222.168742370306,0.763774712692228,0.877580839205263,1.66292662479707,1.09270246946543,0.728734871619906
"IPO8",1.1788909460501,0.959562344150457,0.88798318630449,150.863155800397,156.447830194854,158.285260740823,0.354510567144195
"IQSEC3",155.143322431105,152.556004554409,158.872824788458,0.489854569777803,148.895756071882,152.401430608456,0.310348913318977
"IRF9",152.706583814254,149.470935625194,7.48723547004096,1.07735006452671,0.83615108307478,1.65279862398966,0.571487328099949
"IRGQ",155.864330259706,152.405715987649,2.39297874722238,149.507506246937,179.896613645047,2.25985196411145,0.199392417346825
"IRS2",218.721183903358,0.492225729681578,0.500565512626593,0.473194772100668,0.591695609061761,204.029896591908,0.37293607136966
"IRX3",0.584685768404226,155.890463235618,153.319629267685,0.441191929875175,153.574081868847,155.872403362172,147.994669122436
"ISCA1",1.94550025432046,1.45178970663227,0.713614557549775,1.11311110395698,1.85661644524365,39.5229515036116,0.212559885960683
"ISG15",0.35720605095382,4.17557664245902,13.7599742808002,0.267976416730287,1.18739558745256,280.966544217058,232.845725204159
"ITGA1",0.657863961262826,0.779085082291431,158.773571395607,152.082158498495,1.04362206156274,5.7864160056532,152.095417360106
"ITGA6",7.00015513547071,0.841490775792766,2.01147590260591,1.2385338125908,1.04656443589136,155.987445125097,148.273393664841
"ITGAE",216.494152952083,0.701584208976779,209.741269964761,4.82643218751685,206.67836374823,4.63515997697434,0.235781719893853
"ITGAV",38.5701504958472,0.918026149646259,0.440303222212408,0.230074422341031,0.348777539893213,1.41647219666594,4.43114683661126
"ITGB1",0.421587467972067,0.376479622027175,0.563408830801535,0.662635987072981,207.174704118069,200.046087815815,0.79806000669062
"ITGB2",0.702593557468675,0.940722758518478,0.798154632020103,150.833326006469,1.4296504808441,0.503914224233561,149.924959870307
"ITGB4",209.554866987158,2.00591202162828,194.357103021045,0.545630038837586,0.616184062688589,207.698872785235,1.05363977507038
"ITGB5",157.154869304773,152.599871387188,3.32867284635394,0.306780437893881,1.04337837874288,172.906261216399,149.184147024658
"ITIH5",0.478495744698474,156.796777192367,0.932191109839578,153.781312636687,156.338559550613,159.417471108237,0.6384372816572
"ITM2A",0.653891630426302,1.38957227871165,0.601506238165594,0.49984816306283,0.670420197750901,2.17305276161001,2.92122774672851
"ITM2C",0.387989527328768,171.083361469103,0.247104125287775,0.0890069881607078,0.171789517615593,0.70660080219768,0.652492012577257
"ITPKB",1.22481984473581,1.25218331774067,0.310560460363488,0.1824469880293,0.381632022753841,15.4426679321401,1.38787926485232
"ITPKC",156.099680139374,149.730317583943,155.957782764167,2.32043993561899,150.476259865873,152.414611493798,0.751177844272292
"ITPR1",191.966816952088,194.156044072113,194.499533190454,178.034837424995,0.491966215291729,0.852980291105853,0.134962802309579
"ITPRIPL2",1.58401883035634,156.100361102573,3.38633783138031,150.160615660758,5.10591406126144,155.746663333265,0.325908795521517
"IVNS1ABP",0.923778267956812,7.01347100449235,0.820656050597063,0.711149282205482,0.494670872595479,6.31962819184301,2.12842296210943
"JADE1",13.9331563281972,1.01105712761796,0.785233594043988,0.711828804333128,1.1251121230866,205.435869026868,0.691128108922006
"JAG1",0.490826133600333,1.74023205626203,0.708178547317654,1.18552869765423,149.283389581958,158.572266003383,54.3676508812527
"JAKMIP1",1.17747190558789,150.000396477672,9.60969109027968,0.807901336850712,148.701718210864,153.219994864176,0.242953246731144
"JAKMIP2",211.361217660608,215.389430003902,0.805049137032999,0.400701616936896,214.21357191372,24.2460968161469,0.485089444096054
"JAM2",153.511589872598,149.340936766623,148.963229278182,0.561967600955977,0.420006725527984,0.993619801217899,0.73550843994896
"JAM3",85.1568642810678,0.300215263117708,0.836931961643787,0.720049602492418,0.937185049124299,1.87399913655107,146.106460779004
"JARID2",204.476188772886,207.151020243213,18.713744039847,0.408613310712375,0.764784557155033,207.476066610096,4.36442859886439
"JUN",0.799335409778978,1.07481620503055,4.67521454490051,0.271999803816688,1.06524100496972,155.719037094736,146.707502444711
"JUNB",0.82320514790254,195.614863994359,0.465639975852303,0.260348324700062,0.397340494451169,200.726276429594,1.06418321391952
"KALRN",1.89699581449239,0.647338201181613,152.578008743202,165.030383364936,153.59466351433,3.10966765545292,0.59998625708467
"KANK1",0.786993246132317,0.889351977247934,1.16517306453948,0.38306629464757,1.86760161997791,157.884627390081,148.960345035119
"KAT7",1.04857594384424,155.591010281354,152.405351595045,150.066377456342,0.947877894997292,155.499699010725,0.247589714034546
"KBTBD11",233.270714778805,209.101787899079,216.43454223802,0.172746357560753,0.389213709498685,327.666128830265,132.032547450995
"KBTBD2",0.709233967678761,150.420689111678,2.24724640861502,0.519272117864453,5.46204479573873,3.62860223338098,0.643034760093451
"KBTBD7",155.752248461158,152.940595576304,170.867291129133,0.745281533602826,149.295630000339,154.501009860027,0.806824000604625
"KCNAB2",149.554767299202,196.259227869161,30.9309030683974,4.69168429675913,0.902646252620633,197.507063259429,0.14259171549177
"KCND2",159.62750648762,153.477110605762,153.457707641566,149.008792294888,0.809727884284349,0.684651155681033,0.348112329291118
"KCND3",179.024432416893,168.095312598255,0.425918045413858,1.14881057922521,1.4163334116154,169.923558781557,0.0908339328967652
"KCNIP4",199.947953067216,207.670051918371,1.42209498353156,1.84787686963512,0.861569420846203,7.60257809475761,0.341932643273543
"KCNJ3",155.906783638098,0.927469051829603,0.607965151911741,1.20293446252195,152.633139560345,156.172688440809,146.978364055429
"KCNJ6",157.89406308837,158.169551313286,4.01284123635262,0.65192347850326,0.690592711591765,3.36642740855937,0.0774647827273754
"KCNQ3",0.530370736213368,177.391761385949,1.59580983952665,180.89459518902,0.932815112597175,181.686217905334,0.109431977372484
"KCTD12",0.340223509611327,200.136889754111,0.687840208476605,0.224227711165107,0.565179511727387,131.278705669221,30.0648627614152
"KDM6A",2.62284258488923,0.852902772406185,157.953120577239,150.506943831226,2.28471179657767,0.511430390814078,150.665806344611
"KHDRBS3",3.14744731553738,174.400406012864,0.716865336284864,18.9980598606978,0.568067469315549,182.179122879681,0.417173324751247
"KIAA0319L",155.712797465956,154.493960282256,0.526076552065722,146.237716979316,0.730554946802114,1.40893158086567,0.216443958845044
"KIAA1217",0.698214380879157,155.018834156411,0.611621238642511,0.816672702325027,157.337862204463,1.22834793168149,148.731153674017
"KIAA1671",157.251864192395,154.792540536153,152.573938169832,0.318534519023902,5.89186641997583,156.45386963752,147.324331095548
"KIAA1958",154.779529364599,155.717142109786,0.497630012592673,149.834523179077,151.00139789946,1.14780555550167,0.502551415332603
"KIF13A",151.976564532471,0.732962564678672,1.19176572082782,0.710476313551477,149.918737250076,152.472268580261,2.0831350234044
"KIF1A",3.2885108277535,0.384670992501745,0.48499846139761,1.37772699589991,0.69130815938822,0.560753726691295,0.0967322593353433
"KIF21A",0.865045242224632,155.790568888859,0.371339840282186,0.29100312805662,0.48475403205258,155.779530862834,0.0921442113518966
"KIF26B",209.710008689471,204.595562113157,82.2202676637551,0.929055559616236,1.15943280446325,214.493708364603,0.447976726680319
"KIF2A",62.7594476856628,0.704909290000277,0.599136136618509,163.271451339637,10.4917359345345,165.828572404271,0.20104730137631
"KIF3A",0.514488338886384,0.775292782216353,0.466177560498613,1.27662073751198,1.35481251118121,0.772403350306687,0.114070182841787
"KIFC2",155.327391255767,152.694065591798,10.203663819339,2.46851307317629,149.18060265662,1.00779234975311,0.494784674723556
"KIFC3",1.23253169675307,153.179674624154,0.745981970295456,0.457537711982585,151.263397696645,2.16692939783107,146.786566054946
"KIZ",223.503383920846,1.55147611468651,222.339562832961,1.04680440758534,0.641901486183155,1.37212809334242,219.435020115995
"KLF7",151.208263140857,1.59387909541934,0.732317059056401,0.707442376697693,0.819307740059591,148.575764532189,0.416156703481026
"KLF9",0.580893051535474,0.574974810095126,0.788043123494148,0.660940037164165,0.999855861571929,1.55081675572692,0.672917863648784
"KLHL1",199.737316464117,193.619998009046,0.709901075055134,191.880053034945,192.921241360009,196.537457362413,0.0873035199651785
"KLHL9",224.79369132624,0.563641461776175,3.35704138739041,1.06498713443596,0.549657894340235,223.092488911425,0.439659034824425
"KMT2A",155.915617352824,0.514784115490286,0.620728418980141,1.13813970851822,146.726236646843,144.950117424635,0.317417607992578
"KRAS",2.32344003763329,149.704698266951,2.14829894018036,0.753754886768327,0.764528110928719,148.874151051787,0.542898067871332
"KRR1",150.994711762051,150.175794315159,2.08643209021113,1.43044016504876,0.409681232191258,152.258224776418,0.381082337566916
"L1CAM",4.61333162466564,154.616500723039,156.22323129352,148.686573623769,156.632127755236,156.187525752884,0.157808268962995
"LACTB",1.46235586597261,13.8788792667892,208.366456232824,1.07807682603583,2.49899509681809,3.69139366751746,3.68732044844403
"LAIR1",138.118608425462,138.317668304373,0.856442546223126,9.83093749812856,0.66108295721448,133.385222671046,0.704866210720413
"LAMP1",2.37163259444492,0.47749078268397,1.00154337559053,0.509608636995731,0.471409701836521,209.185532349765,0.247016945045976
"LAMP2",0.602017269029178,0.245238408532232,1.28537820976563,0.372015972715486,1.37542940508791,0.900576661983795,13.7596766151787
"LAPTM5",155.376686764905,154.412521502756,0.507764255549439,0.186816026248834,0.408865621159139,154.712854907892,147.392135038024
"LBH",1.60748365169877,219.408792100447,202.17276434728,219.015819127549,1.87860512625327,223.192616968952,0.265644335847062
"LBR",2.46545316644237,149.384003806372,0.61982981281952,1.62089973801451,151.670767480801,155.654489100568,0.691179474382867
"LCORL",215.205042165327,1.02966629701071,1.09278719860579,209.979190729386,1.01672919927621,0.4815151645826,211.665335435484
"LCP1",156.025491881162,0.578207134787453,0.821218558083655,149.751030266124,1.85055160040093,157.768325802629,0.397480405353218
"LDB2",1.90175181408931,0.895272741086358,152.594683160719,148.94622177559,152.966273718033,1.64973340815521,0.680711313485224
"LDLRAP1",153.742973630485,0.608463856161314,0.72652758241517,148.533096432537,8.73959900881417,152.824588545812,1.00619827930625
"LDOC1",0.517561353346842,182.985835872285,0.466706163435519,0.574266771759872,3.51926422292582,36.271836731151,0.275621306814968
"LEMD3",196.464508140446,2.31134654500146,193.087412952045,2.19708107019411,2.48027370368242,0.915716232568493,1.32769450877659
"LENG8",152.128474211583,4.22268072386991,148.918179817709,0.475788871733945,152.216957417774,1.63565725315892,0.987353224132501
"LGALS1",0.916110713356549,0.335934367186405,0.320757124627602,0.188940838906632,0.745985340231648,6.18393894840158,0.124731851181497
"LGALS3",0.890852379246813,1.46446624023885,2.55834750611189,0.268754116810671,0.741027805427126,222.301395427873,218.312613173365
"LGALSL",156.21923942421,152.840951757491,152.638936685403,148.92929250066,0.788196690184796,159.944911443169,0.240498264005477
"LGI2",3.37787163992412,57.9310507437825,45.67075579471,29.0837282144823,1.72765408308425,58.7666703484473,0.20474258569057
"LGR6",0.749841287695893,146.567299608627,1.21744276904996,0.709282091760406,0.58205465806906,0.629751617469976,1.50691028967984
"LHFPL2",0.560606483564035,1.91077277624323,5.68300078480594,58.652210453078,0.789848046466737,5.59977701761818,73.9334797225159
"LHFPL6",5.89660374102658,200.758201502613,9.83268276494409,0.302237848999043,0.487780891686635,206.306729186787,0.625418117166188
"LIFR",160.883028921103,0.500803433499402,0.636347029849398,0.294534584330601,0.541095848137441,2.30404558240962,0.865374878445279
"LILRB4",155.812146321441,152.797724101012,3.64827214333268,0.449962004633859,154.431331818838,2.22808018025065,148.884889213997
"LIMK2",209.374302736081,207.548391231831,208.16255135028,0.494971309246335,0.557624260079875,209.764100833749,0.697853081646251
"LIN7A",0.389801250593841,221.614142887479,225.449203480976,1.06075183228893,221.724086933372,225.260451333527,0.238219456611235
"LINC00623",158.517126309513,0.793380455228457,0.433104929944497,149.854267824907,46.0458953150461,0.765613593922072,0.659277690805029
"LINC01088",1.94641406626302,0.866346467129777,0.822529508350437,0.256993312081309,1.53177035270642,0.810374726517523,219.772267435861
"LMAN1",22.4332167899783,2.96095973625616,2.09046537819157,0.478904641768284,0.489211504629482,217.525235283678,0.549974637936377
"LMBRD1",215.414932932234,208.673835633987,0.951264869901977,0.267990773218625,0.453599403068798,3.59693170414469,0.368673376113478
"LMNA",1.99308097981768,0.888066567373854,0.854328709299503,0.92326233250446,0.823962996028227,1.52564071567812,0.427126406435935
"LMO2",0.386002242264252,0.943635597857001,100.789898550719,27.9891295659797,99.9192514143982,0.593063140791298,58.2575466825577
"LMTK1",1.90413433957929,0.281239167765115,0.775476818338529,211.743047686288,1.57544576779822,0.855872067097619,0.314824381858231
"LMTK2",152.855938525759,1.43716509758462,0.49644911107017,3.92071062851533,149.968532693443,157.183856347994,0.41147404340315
"LNPEP",154.314422375091,151.065065133591,150.237376975331,0.513925019546292,164.531117780107,158.102713853125,0.267905472383514
"LONRF1",215.968723389412,1.75828633160544,0.835691288866647,0.616772349140488,213.956429929849,211.262787379356,0.676839097757406
"LPCAT2",99.860945100711,0.892238408334277,0.651530083914297,82.2500948670782,1.23164756958809,3.82664381730979,0.963396488302925
"LPIN1",3.54548265053961,148.493646539267,0.351152208102506,0.234845956370469,1.12697606574504,155.1875138988,0.484930628546784
"LPIN2",150.83030690641,148.658477902112,4.62686513491657,0.733606783961388,0.598348686244211,1.28562870699791,0.312202407598249
"LPL",0.604653330728471,195.438688488833,4.8487560140391,0.834243485499548,1.34910668699458,201.089491574057,1.62271945584208
"LRBA",0.919764544366537,0.60707211537768,203.4600282461,1.01635158952239,198.451356686862,219.620631147027,203.331077093568
"LRIG1",1.49285052683148,1.30958617043854,0.683495134238033,0.253081732000631,201.0000673634,204.475673244768,0.913411639200958
"LRP1",0.97088011991949,4.32645454171524,0.480094289151947,0.296244098629805,0.588596241773478,3.41866865583521,0.446406221379248
"LRP12",18.3239671909513,155.247407091926,149.728605749075,0.816944864191685,2.38977930972537,1.51005258734355,1.06844670557712
"LRPPRC",1.64448758228343,148.188143014474,1.18061605216834,0.345344773215606,0.505431440482029,10.0234013189315,0.29092259534121
"LRRC3B",214.738233670379,212.617201165464,1.41407923107876,215.736218497614,210.662248516476,4.7158478878016,0.205222554419067
"LRRC4C",0.777305445179464,217.671716792591,0.981209359654652,1.34525043844928,217.788845610601,1.33786136667884,0.737685546340843
"LRRC75A",2.54836868709517,59.0649263914536,207.384972982219,0.591500930766528,7.3711631212481,219.128447839747,0.873667583430861
"LRRN3",157.293381323162,0.758211543160441,153.435023033504,148.500985336025,0.949031240910423,11.3706243234691,0.172949905057002
"LUC7L",159.428546947902,0.897495080873611,152.514421587261,150.81871547322,0.812046512779376,155.399668784461,0.213015380717982
"LUC7L2",3.59632573339662,0.470458443565806,5.85564272625445,148.570254607091,1.9838892149914,0.722985771358485,0.261893224443267
"LY6E",0.551160505718927,0.87616579779337,0.612092711126587,1.19977793489211,15.8548200336823,223.603452825651,0.31086364537751
"LY6H",159.840075415074,152.357928487384,0.563983887465115,0.818910561721946,149.239425017432,4.83221261479654,0.226913303599198
"LY86",1.11777521514232,150.935442170207,149.192747266252,2.32738083077242,1.00060649125976,152.787281784799,1.08410354847781
"LY96",0.452215772248181,19.3687603764587,0.645491035355464,9.34249030101225,31.7854586928828,8.37374936044785,16.5224743300595
"LYAR",159.970779130217,0.447580615072165,156.397832494606,150.740304237459,157.600012531234,0.650765460297546,150.614856782141
"LYN",153.663927814654,154.99635929912,0.64758123971723,0.700444252613591,0.595251172308627,156.690269124499,147.366843530361
"LZTS3",220.744086560253,0.778847432198673,0.888518273331046,215.155176399815,5.26274204057661,217.231889454453,0.210260051920385
"MACROD2",2.37277746087103,152.927064426624,1.2262696504841,149.314993486098,0.692392618160809,2.39926107910932,0.288937725384412
"MAF",10.9350777900192,0.745483541033298,14.7217024349485,0.564796820732489,0.697380472093062,217.310697030343,208.185829158017
"MAGI3",5.81520011556985,0.829914463094371,152.327842154092,148.240598592436,153.861265107916,153.378817078367,0.168439578747433
"MAILR",152.431648836512,1.30810626240531,10.3891091973139,2.53517776162527,149.056903837906,156.227948808555,0.614941298848993
"MAN2A1",149.916506505504,0.517855785716839,149.40580331427,1.79300776052224,3.68592637683567,0.900841302087884,7.35134709851769
"MAOB",148.292425944666,2.2337104215201,0.823596670920779,0.262704686294453,0.649500579010071,0.685592463106174,3.06667863237825
"MAP1A",0.889524097360693,0.658768487742934,0.544894220000852,0.296925787943315,0.394860600999529,0.363195286533579,0.0847112372221019
"MAP1LC3A",190.057778280584,5.82967873500052,0.548746585323844,0.346516710414064,0.462190550981726,188.071022925844,0.138683363261317
"MAP2",1.0449128931851,170.392040773711,11.1513011950954,0.179583036283586,0.379842063203278,172.555489969502,0.103924884369247
"MAP2K6",155.751336649819,150.724392398047,151.939819757317,1.2128313797668,13.889521955657,0.922533373980533,0.365989663550951
"MAP3K12",156.644027738082,152.454375521229,0.710844455317834,149.980717411229,1.18127034376301,158.10678724565,0.269253267090836
"MAP3K2",149.199774278798,0.807273167357445,0.531674069059513,2.02174922470722,5.24518812128342,3.60729263878186,1.28216068728379
"MAP7D1",1.05263112641116,0.4851633871842,170.80733447995,0.988115663201059,3.6510566221102,0.63876130444527,0.139152284381147
"MAP9",0.597782700077833,0.639056109469116,4.53464741246479,0.283202521708097,1.26648774314477,18.1552146797867,0.202260225882264
"MAPK1",0.689825110549198,161.869943718471,0.704261185617453,0.879934730967894,0.672239728336709,0.741362191039359,0.163630899656558
"MAPK14",1.06659177356685,0.681147816457058,155.550527730518,148.968626043029,2.99183600182638,0.813130260297517,0.770837150321122
"MAPK4",229.141743497064,1.38855236589994,0.518817927092906,0.248594722986633,0.469559008031877,230.39675423374,225.555324412007
"MAPKAPK5-AS1",2.38976404677345,1.18429685494275,0.541447535117091,146.423053405291,1.09490715444806,0.588555694140902,0.777402406524639
"MARCKS",1.45601682580506,3.39390136049846,0.397794068701283,0.153179624886321,0.334829891322579,2.02351954588139,6.35145731349521
"MAST4",1.55400948975379,34.64373271206,146.984757564567,0.547805855808531,2.15881499950998,3.5632804635287,3.27235599924514
"MATK",155.885075608487,152.554023853295,149.133804490852,0.932221750636569,152.148760735926,3.91061628097404,0.483701016177973
"MAX",1.47214332420404,9.89979006676979,0.679077124752177,0.335324566641994,2.51195512837542,1.61358065824184,0.860732118396396
"MBD2",221.857416853373,213.608907079727,207.829200798733,8.9413739336068,0.684794649670206,999.960398245332,0.8206261873963
"MBD5",156.674052038308,3.43619053868396,7.78144229111847,0.581494335457393,2.63136372558569,153.81313019781,148.972930738808
"MBD6",1.69172133902197,151.190656097723,9.83294676654234,12.2584362670652,0.461227434077574,1.56596914787013,1.08811763432423
"MBTPS1",0.842801022561051,211.789380470325,213.147120738905,0.472717127443668,215.273164765396,222.380956480025,0.55593918596324
"MCAM",0.583553902199616,147.078054781848,0.5767853740572,1.42266965215385,1.2933490965044,150.04340085299,0.507318559503315
"MCF2",1.134697334113,1.01920156653962,2.56905586645612,206.643496910876,152.997904034887,174.560118576548,0.266256315376435
"MCF2L",211.199954904057,12.3798435393574,1.77381543795703,0.690537311006,0.53246806870488,192.620012947797,0.430990112798198
"MCF2L2",5.64300132401302,155.998542991648,1.58234405300199,149.247378217727,1.2130340346864,2.83470733063996,0.464163355422109
"MCM6",1.35833218927783,0.575264766906887,152.887051004178,149.151073837264,152.9055788668,157.156306444768,0.530081524668236
"MDM2",189.281857369054,1.68421689095437,0.988139098753405,4.33814158548947,0.661484071735969,1.3436110102652,0.409747744641757
"ME1",2.69045185671631,148.120100833504,34.8260098010804,0.398136501375871,2.7603098739859,1.09563891678693,0.505383048358873
"MED13",0.917548771882842,0.728061187450285,209.658147637683,0.901408032899931,1.64318334675995,17.7283145208711,0.566943777465831
"MEF2C",213.018344478922,205.477230725866,0.552278222177473,0.623477709788836,2.42867622121352,101.297792597645,1.12492702071829
"MEGF10",0.51572787502844,0.582726469467862,0.572928473985633,196.827782631765,179.738656412241,1.58722371838344,204.727815815424
"MEGF9",3.51903645005559,1.40728670172166,212.259088922393,0.324210475875802,0.56681927073794,212.347399542083,0.446344912711908
"MEIS1",209.216894082424,0.750898267669978,208.343333920732,2.00453919873108,0.917660436054555,208.830992199269,200.254689825345
"MEPCE",1.1623523323277,150.418340557518,5.89367649279466,0.726866775122006,149.191642284466,152.852275869977,0.659139351747072
"METTL16",0.75795036063605,177.53581379964,0.545097375615705,179.985099981016,0.902046562041901,186.433815161745,0.988284751296264
"METTL23",166.082959564313,0.546014901153948,158.214225041609,29.9354705011681,1.7754310156575,0.556858220804505,1.11030796879194
"MFAP3L",156.790976444593,0.687466124790876,148.732449240218,0.62458095826862,0.783064908239194,0.742590951552906,0.42151577295714
"MFGE8",155.551555451256,1.03072434304008,149.103037832131,0.349441699209191,152.512777662297,155.455114750894,3.85059744825299
"MFHAS1",203.738961594738,0.825697546290184,194.516111860111,3.63080622140678,162.483431291237,210.827256044294,0.55070975922385
"MFSD1",146.388179861792,0.731748233951285,1.20937684775474,3.2799612382602,1.26143712605774,1.32531138164106,0.243609379668141
"MGAT1",159.376968973496,154.214618694472,0.55825612516525,151.085241011731,0.511049793548669,0.487750151552547,0.325160578912022
"MGAT4A",214.055746692196,209.759129414331,0.78826368842023,0.606321115019297,2.7049197752853,206.892770571478,0.567243761156108
"MGP",1.13668739416107,52.6728488002188,200.903061052148,1.25946089855392,0.582082629708771,1.07012104423927,17.6962770162315
"MGST1",2.0551093482484,0.798281867392859,0.427463545431618,0.132577525906962,0.327953875416097,0.635219013933778,0.911643180837568
"MIB2",3.21390896400106,2.99916265414119,158.564342003434,1.36759786315016,0.928445424551105,151.223483035396,0.768750111212549
"MICU1",152.174698923186,3.75790085474197,0.859207107585615,0.589722600587008,1.19965833818944,148.992344588506,0.216149146869314
"MICU3",0.699095063589584,206.772448618846,208.172463737798,0.737496701948077,207.854437705097,211.915501141552,0.463161415495231
"MID1IP1",1.70552756226605,0.598263379048555,0.619605780593194,0.500579689389198,0.52297698406429,1.5040902267027,0.365656553770572
"MINDY1",2.42192635808051,82.1838310899371,7.684378767596,23.5134780393365,0.611915926638017,82.7912282299093,52.2842835142545
"MIR4435-2HG",2.55436719239425,1.20304841513289,0.742368540052133,148.743788187942,153.370415835326,155.949666847596,0.722633998436385
"MIR9-1HG",0.350538030760986,0.621163469527242,0.305234827548304,0.0617548314606295,0.181747840888375,0.73625196822995,2.16689157854909
"MIR9-2HG",0.525790616744171,0.79138510127606,146.71952830833,2.85823840720038,0.704647329753632,2.34522256830847,0.686616923652413
"MLC1",219.373254550911,1.63495816136083,207.659545236658,0.361585037066816,0.406626593984048,216.686101777052,0.580014811489214
"MLF1",149.191600033721,142.206909693291,142.779958268804,5.54403813929313,141.707961694889,146.658547825692,0.30760050576584
"MLH3",152.661283146782,154.922787930489,148.907171988467,0.623442302472781,0.986940425513585,1.68686082847812,0.646109672719991
"MLLT11",133.235295025226,51.7434889900974,129.830500602206,0.909668088801592,0.510059740669091,0.922601645775789,0.0954684872759564
"MLLT3",156.664472099824,154.854018809396,0.457695356859263,149.117674604405,153.9318914855,1.58139015644937,0.479736131146947
"MMD",0.635243542463488,152.851105251133,0.89512991679998,0.842425269306174,148.982620674505,152.881320690511,0.290328538243748
"MMGT1",2.04190513337228,191.392527608224,0.658193448373363,0.742197091142507,2.66093982930843,192.510914348404,0.529389466848841
"MMP16",220.128296375007,217.094841459678,0.888338030153852,203.849367713842,1.33549055195058,1.43579818185931,0.491592113250407
"MOB1B",158.535205642492,0.810507048709371,1.11303241518062,0.778826993026973,2.32356512726559,147.654410897501,4.88517027705071
"MOB2",191.859726208818,184.200673649091,1.57959971325513,0.807990602899647,0.869329238909855,3.28079594905278,0.4983549504533
"MOSPD2",155.697254667066,0.646571131030204,0.599764438732408,149.30608436833,1.74297254395456,156.751103995602,1.34441781982185
"MPP1",152.080098352961,150.821456732371,1.29394499163202,2.38294702168055,0.745544974963238,2.09295721308951,0.324213165521448
"MPRIP",4.68314500094646,0.664726358600527,0.597614547424886,0.439982862685388,0.478827215273392,0.43150519494982,0.431594427650224
"MRFAP1L1",152.217958588586,1.63788641238163,2.58982263073005,0.449127620150649,0.608549808755082,147.392683235307,0.234826106482524
"MRNIP",1.57836154769042,2.04327639475359,1.35207475565422,12.2501947668553,0.542576165181,5.39857334329087,0.599416627586889
"MS4A6A",1.4144058818596,0.98294732242636,0.848935063015007,190.901604039972,1.52255121403533,210.232110089547,3.41327972440012
"MSI2",0.586462845659196,210.145725643373,0.49627515312777,0.263589505838669,211.883908439415,131.230377200989,0.200078558408373
"MSL1",1.13746739246082,221.383246712431,223.608958310646,0.479422045916435,206.773449125133,228.602360986982,0.517934113054274
"MT-ATP8",0.737359075844592,0.12081617533415,0.214282697574952,0.0542920467652288,0.112782030032889,0.518109871532732,183.899002200709
"MT-ND4L",0.414608315489553,0.190562919104598,0.159134694699334,0.0511132948110597,0.0979082785515424,0.489296932359019,0.822820854610906
"MT-ND6",999.999362856358,1.85267223256654,0.358453502160757,0.120248836519332,0.321338735209913,0.586079536524723,182.582828885721
"MT1E",0.901775439020978,143.284666783427,0.160953077911374,0.0356104746093949,0.134666935567794,1.61401932437895,157.653854089651
"MT1M",0.797699855447048,166.620030290484,0.224115881731228,0.0513458758260484,0.14347043240101,0.597219205514329,295.767066240685
"MT1X",0.280116389718406,150.123476235427,0.154129753030236,0.045171457477202,0.135823882687392,0.300840066685601,0.459554284715112
"MT2A",0.288530254377187,131.411994244461,0.106088786337381,0.0255165686967772,0.0782151012589832,0.265585421082429,140.361422776199
"MTA2",0.740160451928789,154.171890309208,2.568234730408,0.369300003972509,152.909257764557,157.906519318668,148.205678674058
"MTARC1",157.460502745642,155.927404591913,156.518423310221,0.284236823635786,2.15150232216294,7.89494189938796,148.185082671299
"MTCL3",196.014217738197,0.929411122853559,153.277944478594,150.383906378926,2.50094562632936,167.248141781142,0.294707387784327
"MTF2",152.56005764369,149.915427022953,0.911757012139965,1.6497947617433,149.0100633568,155.759774519652,0.456583571914233
"MTMR3",1.13455765820395,1.12440751305765,0.450738257856222,1.8634829139864,1.15394645417763,145.880540332854,0.548802825154661
"MTMR6",158.183210967649,6.18776651395117,152.19873607382,148.996485464544,1.87213534182543,0.539410777059306,0.18329884456592
"MTRFR",1.02527208925853,0.805078288298993,206.783893637612,1.23437141805552,205.358292723394,0.922073951203855,2.89613251092892
"MTRNR2L1",0.406041639809195,0.183068172678263,0.130298475615658,0.0607264865982064,0.122138304299373,0.462423149400639,0.0723891146170802
"MTSS1",162.564535109797,0.958090545802046,0.57574865472793,3.01489948642013,1.45205587499586,148.678453828838,0.660900906599552
"MTURN",172.743445400591,0.238902710695598,0.223757058902808,0.16076631404919,0.179477475275336,0.390231208102813,0.511995140841287
"MX1",1.51298403092412,159.674295125288,1.07339181753591,218.460124438496,13.6433274899918,2.67681166200187,0.279551253625219
"MXD1",156.114265514552,153.698259107837,1.21784660112807,148.01613777166,0.637008540052886,152.83592720511,0.683622812993914
"MXI1",212.106342269527,0.669424216482746,5.42227854843842,0.277776866708748,0.451395622194876,216.370419817109,215.026903196741
"MYH11",0.546557655035469,2.06713565694288,267.345792127898,161.173750025503,0.780240311474166,172.768196848437,1.12550033323747
"MYL9",3.0085753301412,7.91426555382193,6.7620587333943,6.49316417803519,1.21874316719287,999.922637646805,259.720942936468
"MYLK",1.46262496204903,0.376264232928125,0.598780462694963,0.308044726179141,0.384588440614947,240.689000017048,228.742983646319
"MYO1D",160.357908192754,0.428657045830282,2.09082098000947,149.440585922314,158.007084272659,160.563654058691,149.57608829387
"MYO6",222.26932108519,0.390346300710403,0.925694295480906,0.614136792386486,0.980452419897345,221.920519280037,2.28444635672659
"MYOM1",1.18593577005283,148.963367117484,149.160914111502,0.767614897863095,0.487471548798192,11.2343507861865,0.81956892376408
"MYOM2",203.82747615284,202.741793432655,1.09475562233921,1.57846716217335,0.465826415996425,0.753166271348399,106.35161008175
"MYRF",6.25816816180144,0.194461020091188,1.66088785621255,0.49138403824905,155.051216637951,155.155252069738,146.778623980754
"MYRIP",159.417353109006,153.317755502806,0.728265652136829,150.975014797884,159.302065678984,156.553871561136,0.170043792050674
"MYT1",155.947826870389,1.10181357503552,152.805909196092,4.5016968878051,150.380759877133,154.167810271976,0.478589470323571
"MYT1L",221.568887089261,218.548303930789,216.728382199216,0.544222579852982,217.968724868379,224.153803132995,0.293957830694475
"MZT2A",5.01654306230968,1.06194830572503,0.810270836730025,0.353284266411219,0.492217804698425,3.26050712181255,0.235058077461121
"MZT2B",0.425580025186588,0.684471238003027,0.368285331603908,0.158241307572548,0.672109512777698,198.800539159427,0.405473807983695
"NAIP",75.9383991675958,0.363957036033888,0.524402895456811,42.0105723434237,1.59264754995788,79.2521288085478,42.088310690324
"NAMPT",146.768232423399,0.80650272502318,0.826952491035913,0.875693034440013,1.64446425394179,0.63401221017708,0.558098514311367
"NANOS3",4.03117686566457,153.555491133999,150.434510944461,3.17237536212886,1.12920550938761,3.71287856809465,0.468774815822231
"NAP1L2",152.931812744692,148.881935958495,0.78082097983932,2.66556609669885,1.15261457338566,2.04337361761712,0.150298674529075
"NAP1L3",1.86447355372378,3.37921493407004,4.88024067074824,150.643140310487,156.549107963735,0.535459839544505,0.139359771002873
"NBN",1.3237648751004,0.489076713999653,155.863153583455,150.770387911883,155.873439646012,1.7634945172188,0.415380059994748
"NCALD",157.293561123216,152.484422846523,2.87803022221025,149.369405414907,155.179338832746,0.995745813412227,0.366011522201553
"NCAM1",156.501233036677,0.272210456500183,0.494982609896308,1.18582578538461,0.545285784067172,0.945487211814463,0.101602662402979
"NCAN",0.779722735954395,221.551237487593,222.127051818118,0.634825648387768,1.41412558635713,225.407517060064,0.329373664475138
"NCK2",1.62703265627176,0.522291580092118,1.11842856511294,0.631533725760109,150.634100322298,151.198704037936,0.913520349230741
"NCKAP1",152.565360863199,0.909313249895406,145.293096969517,0.327720787232803,3.55293897107499,0.750984934136403,0.123879327792231
"NCKAP1L",154.488182677687,1.60581157625175,152.81998895311,0.770219578752677,2.0559123204325,2.4411613684219,146.0656324624
"NCS1",1.89852388232963,187.5706537568,188.004890668117,0.398567863011648,187.316259111012,28.1719699876377,0.180724698470113
"NDFIP2",216.661565495491,1.45411495267168,216.032596782782,198.552921709078,0.845711845212629,214.564211851804,0.200055471253062
"NDP",2.86820596874888,0.881550534552211,3.26786560998472,0.751697532568187,164.077252592559,3.55085838899667,147.543154622897
"NDUFB6",10.6881037996803,147.346261220145,0.515339242560382,0.223745064523081,0.368231965126011,1.32862807878428,0.512665426620537
"NEBL",184.061724216544,2.87839552358576,0.599047207160744,0.15000252539531,0.333050023681882,0.493048626728197,0.694843829250001
"NECAP1",1.42707677002725,207.321451129897,206.713556677483,0.407410387028379,6.39676695217511,221.963593507361,0.21225595238908
"NECTIN1",0.824753745549651,1.70956292239059,1.41750854365603,215.865511696171,7.19529875882281,221.281880214491,0.403065720303626
"NECTIN2",0.665524422247605,3.29950498361921,152.299788986487,0.466643434061819,1.33680144229359,56.2012978515353,149.415206878224
"NELL2",152.688615742443,151.194585154787,0.466408446167679,1.19985336275906,149.604701033249,1.22752260224225,0.235134379684116
"NEO1",224.0944840084,0.401027634248505,1.44129874143181,220.381433501654,1.07233588948913,1.25236295873759,0.357781594956423
"NES",999.885773913434,1.32872356244953,0.795516171708297,1.02739049583656,2.44102448880829,211.838477233114,242.045368329114
"NETO2",24.5676241385521,162.041108163445,172.671050076553,176.339641318022,164.19785681088,2.60637951633663,0.276164853703325
"NEU3",156.042014010633,154.101394840612,153.805726461012,7.67535502441528,149.413869567181,8.24558867258534,0.310518865575521
"NFE2L2",223.958294375804,0.702257032283984,0.55661492388315,0.60223872989855,1.00690464856237,227.420374621213,0.593702305862175
"NFIA",0.81248512133754,0.498321232051188,0.746648513708216,0.278846637662259,0.372963753773475,2.7624505976542,225.05808417083
"NFIB",2.20011581062577,0.42547711854804,4.72805883667527,0.400624884111924,0.549178951817921,223.776243161529,5.22229563939292
"NFKBIA",3.08248787804446,0.472023849678275,0.658543711900583,0.442895396004295,1.93516933612106,218.178881261109,0.9137855241578
"NHSL1",1.88995829111908,155.922089098384,154.206791551028,0.468425681584496,1.10963428957073,5.45639719435877,146.801547205576
"NHSL2",11.2842034138925,216.635845176875,210.390596718333,0.949776239428451,2.62028858225202,218.965916895827,0.312743020953257
"NICN1",219.137215672241,215.205078689097,0.871618069924884,1.6455606666893,213.44388700349,211.220444571235,0.459234959146631
"NIPAL3",3.34837071953836,0.60891394660099,1.46787371496785,0.576706060087888,0.639216734095278,224.498011737381,0.343771600661482
"NKAIN3",157.340842421912,0.440326413348693,5.7710183073459,149.365974714743,155.010388618843,5.91740674009308,0.404208338158423
"NKAP",165.208524883576,0.608402056735967,0.857312800132869,0.571186917109682,6.13068968137409,146.689736869818,0.740144784696695
"NLRP1",152.713585385603,2.10334507892078,154.607062298497,0.523468241870371,149.56793560791,152.570895725618,0.315007313009715
"NME3",0.759899975768828,1.04629094731701,0.449634471802233,3.54009406564224,0.535571440097117,1.34109143017579,0.269222914998154
"NMRK1",1.52953389818295,999.992457687589,3.86818658316776,1.84616531082329,1.24184937504866,219.655413421932,1.6737097078069
"NMT2",1.2704524041057,1.25404105809731,124.369935689687,0.681318972286376,2.14566124187402,6.98369041630425,0.984114724020403
"NOL11",155.363279470524,148.999418146132,0.905810724671028,1.70107434527848,149.547735709748,0.885558415745971,1.03448932088119
"NOL3",152.45900890575,0.6868753960628,6.19371827354856,0.359772026176723,147.68381296014,1.60108086074867,0.438172767730382
"NOP53",156.92888712587,0.854273341691155,0.57538022163941,0.179895544612124,0.346936535041654,157.905642022918,148.338214595861
"NORAD",1.4694831291734,1.93168530709742,0.383746838815245,0.195155042894723,0.338484248839586,1.0919315987785,0.0954027073872851
"NOSIP",207.240007064427,171.477760076307,0.641595907371147,2.03983090284376,196.329450859506,0.861366544492581,0.428607910472867
"NOTCH1",2.81267344570416,0.790794006246533,0.854291961627671,1.27737050123641,1.22852839658329,0.809198784936411,149.521883448612
"NOTCH2",2.78678120492416,13.5041337861027,0.847968218830804,0.577362899782103,0.432898900606376,1.09366296219952,146.225663159041
"NPB",1.51574858230748,0.531174560342661,0.718559286535064,177.609148990615,209.142900192997,0.845097610389148,186.028124470438
"NPHP3",199.23666571837,192.703930551303,194.866255917038,0.940546096589931,0.733917279781868,0.969684374526086,218.625204038308
"NPL",136.727299775337,149.600749820759,0.549708514816125,0.596968481222452,1.41573771405919,151.897354192848,0.651883149354805
"NPNT",200.222691043836,197.555940904813,2.24559873866013,9.70353301182326,0.429580860166282,198.786548784498,0.146787388549275
"NPTN",155.16033453416,149.069708682642,2.25227983608861,147.780478942989,1.86970348592485,5.21320830372285,0.0777997935255096
"NR1D2",155.601405498585,1.55241737300406,1.5246084614627,0.487965564836917,149.205942187523,152.139267473853,0.747296321588204
"NR4A1",150.310729009876,149.479942611133,1.05592151882874,2.90247389466157,4.14702323816594,2.15752561180417,0.624954945830601
"NR4A2",1.34761769295939,221.133398278603,1.78145234162481,219.536715156803,220.867017882443,1.4479463596066,0.2131449111145
"NRAS",1.905783702905,0.737261133500631,0.646071372540902,213.055244162226,215.924327559141,219.156336921702,0.195758942044639
"NRG1",0.548919573801059,151.506708608422,149.128728637721,2.85233396441246,2.53470701776223,0.690698140687632,2.7799307809405
"NRG3",153.909045290268,152.520850276559,152.693459488236,3.75784774374213,0.637687130454635,151.902606044892,0.532280670349988
"NRGN",1.7014720958418,0.809307919464841,1.28408918686871,1.9374628513655,1.1345211778208,1.03933758825728,207.067062267324
"NRN1",219.895978282938,210.010712793746,0.702150491492186,210.746461484081,0.747986927186062,1.32349178891924,0.284681712431127
"NRXN1",0.939700723391431,205.563125778885,215.036622661168,0.484478240543522,1.47331430073115,222.827624646981,0.241091502239234
"NRXN2",0.54153408414866,149.776895179109,153.544709496506,147.011327466289,0.558919148353262,162.490156202134,0.152441174012245
"NRXN3",22.1402802841993,168.922933817623,169.422375541559,0.967527221825473,0.469242385390707,4.20554311203631,0.0803869216751084
"NSD1",152.446561391881,169.096557395542,150.603256407778,0.440507038960248,1.7305418844906,2.57172477700215,0.552854905138874
"NSMCE3",2.61434611322325,0.989548468404451,0.843022807678503,1.32166247585779,149.415177917,3.1395387714786,0.691588376684729
"NT5C3A",222.712036144768,0.466350043793982,220.971199386188,217.565821255593,147.983654949538,222.147421330918,0.568623715027206
"NT5E",1.45077055774119,221.046931560214,220.519044860432,0.427824951064221,1.48032724358572,2.05561557188967,221.812386544557
"NTRK2",7.67488297591637,0.587618471620616,0.340492619933881,0.111762853832147,0.186207416791206,0.977034492366335,0.40735031018921
"NTSR1",159.218306474552,152.717964227307,4.84861750184823,149.985508339565,152.515958819351,156.765604651906,0.201574937378451
"NUAK1",150.82118034246,0.952867200421474,1.47870562877601,0.568466107409438,150.774716556241,6.29919434079248,1.25459442937985
"NUCB2",148.266705235983,1.6968003020628,1.79666090702375,0.288260171281967,0.49606573663777,149.362942450407,1.21646728488361
"NUDCD3",0.576263961454428,217.361331577395,1.31994157543917,197.521649472864,2.31132870098581,2.25599551453867,0.182253176756142
"NUFIP2",1.61020572791649,0.509914587796224,0.821497025000332,185.472016187413,1.33062806504438,1.66690957753694,0.255609202176866
"NUP50",12.468393363928,213.887940857076,215.262872809686,0.532801461901847,213.655073965099,219.021803849474,0.825603904920675
"NUP58",157.95573205617,1.02182308077258,0.675713815140969,147.572314990718,0.729795723931008,155.638104632487,0.275382056916754
"OCIAD2",181.784780553065,182.881094095576,0.91351485761056,19.8341732719001,4.29979266093484,1.21285853640055,0.248484351698809
"ODC1",0.572575601034784,148.054797202872,149.683098595743,0.488541496297388,0.404759741248704,152.331251089675,0.530720851149765
"ODF2L",156.015415367435,0.688601253378414,0.665042288343122,148.337272871472,152.336977432112,2.6552981778629,0.755188527156157
"OFD1",2.12857988262321,210.306863082982,210.610895369375,0.316234398011055,2.02071389535911,211.779075338266,513.525568457769
"OGFRL1",1.23034879259792,0.508534339508501,16.9760715130459,0.487437183745587,0.763872302209317,2.70844092020279,0.385276261032095
"OGT",223.823974992627,0.886410407513881,0.512787052914783,220.802038520894,0.601477850631448,217.736482265086,0.251503656864502
"OLFM1",1.30683669958404,145.108067069447,0.660018949678386,0.214858513945477,1.32621433026944,0.494649452796455,0.236050324836843
"OLFM3",66.0356935509347,132.708887361046,131.82094817505,126.3352481462,21.0090836647975,127.203791171228,0.176782473920929
"OLIG1",208.495010953637,0.321263085587687,0.694931827866809,0.519448315289594,0.499514119753573,0.613774775259578,187.690791711851
"OLR1",214.266050725346,1.06424035064361,1.22394478180141,4.30568125679208,1.51548173193281,2.27096199008818,209.151475268537
"OPALIN",155.792854422057,0.639037431800172,0.663228063164891,0.435232418109193,153.482528366948,157.345073849483,148.752362488999
"OPTN",0.969522814197411,1.33964761265803,0.856145134991686,0.550055460308726,6.61325785173437,0.636746172970686,0.119441871972266
"ORMDL3",0.691797328548176,148.301315662983,2.77209995130445,152.232939078838,1.32590376219475,0.588292082599655,0.595170521109581
"OSBP2",0.720908712066344,216.284577364216,4.44832956132342,216.209248139802,0.955048299488871,2.44191638507403,0.539836554846423
"OSBPL10",156.531070262866,153.103751810514,154.630457446097,149.815432841575,1.56164793393266,159.02142814573,0.222339459601193
"OSBPL11",1.58844807817959,209.13585468605,0.470280287761888,0.344526371906081,216.774812007208,0.600391493817087,215.145232187386
"OSBPL1A",151.246993007896,1.01329175112957,0.795398442048316,0.168258135363495,0.520942365360823,149.931922277901,147.228708326805
"OSBPL9",3.12351866909817,152.345731954396,0.617909000554531,149.742152497001,0.56636905526503,1.62667482800678,0.408975382066105
"OSER1",0.900230085417166,0.507078331716104,5.93490214263887,1.14736859054906,149.608778274329,152.32376794823,0.669134071283863
"OSER1-DT",17.3605272511978,0.706566921536592,1.34862985650522,0.408594700234904,159.857664230624,163.587156620173,149.435360183862
"OSGIN2",1.35248409389492,0.998286745636778,2.68398741236981,1.11455778526415,2.09527416187636,1.04562847643097,1.19267947212938
"OSTF1",0.440008352116688,153.18814027402,1.17212353159433,0.603353549208543,1.70148438836863,9.65201523119934,145.933255180776
"OTUD1",8.07787569477109,0.603537663612041,154.521133942978,148.113649907525,153.642940265731,0.610037587932012,1.04035382630879
"OTUD6B-AS1",217.840751912539,1.23480116457299,0.84900473636606,1.10731601399186,178.416313585058,0.480842741174426,0.263241412327278
"OXCT1",218.691157592459,214.127619437259,2.19249295412772,0.226607880909986,0.692351446321851,216.70635514219,1.64681254645035
"OXR1",203.737310782401,1.03968351103282,0.637939921095455,0.545501732520524,0.514104000024115,204.027941737791,1.00520679729314
"P3H2",3.12488720489116,2.44906314669016,152.120014786953,2.97676523798553,152.524625903601,155.204264267977,147.398417677808
"PACSIN1",152.436562111785,150.512122265872,157.498763738009,149.754512862854,1.60907319727475,155.125334801413,0.112564692465731
"PADI2",4.12108312166522,0.607417475373656,0.375358903695031,0.225336021432155,0.26643358487465,0.650336117688019,1.534955643898
"PAG1",159.200688248313,156.970344186561,0.718156294821874,16.1406059830837,0.611167335461205,154.982076064498,0.949314639156837
"PAK3",0.607967890577661,207.248403626582,206.82320733004,0.744449958567307,1.02756446255558,205.763804570344,0.235567947074095
"PALD1",205.514614315802,0.987927733540986,0.786287044166575,1.15422823402006,197.031365247246,1.03965387401978,1.76886698881375
"PALM2AKAP2",148.318462447916,1.07242928617872,1.41009082836717,2.80479608322304,0.711191834169794,1.12723428633174,0.1763820240661
"PAM",0.476365771240674,212.876224969416,0.816117040679307,0.651500661073827,214.46426954357,214.721275183253,0.284614552629489
"PAMR1",4.50507604496013,147.901397058222,1.11268937692262,0.633476810911996,4.18102321271924,1.15298580108142,0.734983805541222
"PARD3",0.333675781282939,154.994090410496,152.86795661914,0.543462290316452,0.644812892309147,155.80254006531,149.308623975909
"PARM1",157.597351581454,154.838332594975,0.869053911067688,149.219533016743,160.5328755371,154.882846857014,0.223958091870912
"PARP14",1.41493272153646,197.269890082405,196.500348021902,0.521565478697583,1.58780034075933,194.750553015526,2.28172584438389
"PARP8",152.533457352887,152.750041708824,148.504413912696,1.17456049289748,1.05566912640965,1.46960143996212,1.11459078511322
"PATJ",155.25519511099,149.537750142836,0.80821999851086,0.763679751120789,0.493037560930018,155.111708337257,0.615315400767675
"PBX1",1.9358416695334,0.704877930568116,3.22280733866085,1.41882044101464,174.851892027903,11.9422332558811,0.121486548515141
"PBXIP1",207.210848493852,206.690268508283,1.04496334137218,0.26034234895721,0.324631096822326,212.61622850506,0.242123251822264
"PCDH10",0.950593120993712,180.620521236938,0.760660572360278,0.500889577577365,0.776579563264869,1.2856581969586,0.1637954820224
"PCDH9",81.8097986861078,0.254867629963855,1.52511377531399,0.359858734950146,0.334154669308126,0.578691170152662,0.715535202111929
"PCGF5",1.07716981603922,0.627853100979295,0.583718003683419,1.05929119531996,205.961307967122,4.36349473347114,0.410726380648783
"PCMTD2",0.680092568224553,3.2208640363272,0.568615733063182,0.840160263710301,0.718009234168325,2.6167113212855,0.955321216578119
"PCNX1",242.675958133921,50.7447926958273,5.35881620298673,0.61110032716944,0.854028736420322,6.18890228599228,0.360451578034996
"PCSK1N",0.889998676077198,167.580786567409,0.605160664613001,0.147459941106739,0.257458537829577,175.004449945239,0.14164115056369
"PCSK6",1.1097167866356,0.424798817283916,0.419081172729924,1.91052158994937,153.115534369683,1.16484909310484,149.420328504897
"PDE4A",1.35838945815798,152.459490544267,156.599832349095,1.24003223129984,149.537986688943,155.787304273883,0.321773129774998
"PDE4B",0.946699992125852,0.28835473467174,1.12028244213422,0.541430872420325,0.698337406048885,1.39775708398886,149.217031583296
"PDE4D",228.676641952503,3.64094575397941,229.733810348323,1.58415295741581,2.62299212304243,1.38203389211293,0.333474393750406
"PDE8B",146.164687359406,0.79083223136521,2.10450685474692,2.61960866224483,0.725936374304924,1.66540951623996,0.395395739089876
"PDGFA",148.855057099643,1.63700807247982,0.62793423576383,2.18253226052552,0.59549043142621,2.84820311668637,0.383110466861011
"PDGFB",153.695016447561,149.606386599146,1.38700016182469,0.978810887685781,150.057589511422,155.442116538442,0.509990862421244
"PDK4",0.425461934147493,0.674195156790274,1.36005781553633,0.203550709828878,1.72990336751969,231.609731043533,229.627659257013
"PDLIM1",0.441145443733221,155.208019075454,0.996096932885187,2.26724090518087,153.818128339507,0.73330403393424,148.92209185253
"PDLIM7",77.0865345479407,66.9174804817117,22.2648578414825,34.7808755409358,59.0787679047456,0.674554219113132,0.312996672688594
"PDS5B",0.843834005701905,209.083210851794,0.722568125593153,0.568483515219156,1.33287639323293,2.0001240924677,0.318483281845208
"PDZD4",1.33096879514326,2.61674593487207,2.08790699929308,0.818626682914579,149.192580152984,154.573646274528,0.373861524988905
"PECAM1",0.556222104268649,209.212869037083,1.61271037479645,1.07254354888574,207.969231436394,2.48425434196497,1.08739303192246
"PECR",215.216047368218,210.309308778923,212.710160842433,210.144405847043,2.09078006091235,209.667603735212,0.32795778570057
"PELI2",4.34535722902413,1.08031042131637,213.07499700855,1.72968306379084,1.10833916911897,226.311754460979,1.20094525287799
"PER1",156.130137448133,4.60861565519288,0.962346971127742,0.264306905829346,152.703090861195,158.505535966639,146.838902202566
"PFN2",188.627602880745,0.875609956578312,0.399588157919884,0.440709028554025,0.467006930448291,187.006202164663,0.158011965727147
"PGAP1",226.774528663839,0.795038314743475,5.44491826526957,221.709892646709,1.84465527680081,228.807929507732,0.285549084254236
"PGRMC1",187.530050166766,0.634463731812722,0.438127669520218,175.350719216667,0.369521691351559,0.835747857907978,0.0831926876566735
"PHACTR1",0.979344528095625,10.302897401153,0.646187706128462,152.220265504346,1.39523323653997,0.631513826314164,150.236639587645
"PHACTR2",219.514997856977,1.15784648270827,205.857276873246,218.015026552072,0.436651921200285,0.452609217372519,0.688385670593522
"PHC3",156.742035428275,154.222789853666,0.605823882287331,150.019100505319,1.54359792971887,0.415135689491019,0.657642351729802
"PHF1",1.58564079501396,6.80090180393222,0.718134615512714,0.92100860114173,2.65731603465269,3.52800756999545,0.578499632161775
"PHF14",5.23893458856885,1.55599299789228,0.843968190357274,1.4385484313186,0.595931556338956,0.618351300109765,0.601758827243099
"PHF20L1",0.668187651300588,0.556285325018673,0.501530836654678,144.012970758933,147.181051116551,33.295066754903,139.556284420838
"PHKG1",157.553725711713,2.28719396051777,1.48264789186258,148.281886726775,1.99181061099799,9.7375300635129,0.986478623466243
"PHLPP1",4.33911318493431,0.619499402334893,224.207287302135,0.712370547918996,1.93868340273443,999.97303255744,337.521670040675
"PI16",0.96737071963587,154.175003946088,0.565364691426303,149.489752749498,0.936647737488342,0.785835609633526,0.530242980404073
"PI4K2A",226.225811636495,0.940248187402336,225.421499376145,1.47671516026505,226.655810734756,0.786488038642835,0.547476222061674
"PIANP",0.914243619274807,153.051317201347,152.800853921568,149.896407966939,2.87460490180116,156.083675278539,0.147463158776105
"PID1",219.207146928876,2.83321223942877,0.632581975512903,1.16540150551352,1.60423649875887,218.027280465229,0.193106401287233
"PIK3IP1",1.8465574513938,205.575678438296,1.43750314008034,0.315171142925298,4.99111488155192,127.07385673739,4.373595143639
"PIM1",156.231385987765,150.451984406276,1.73884293898992,0.722961848986595,149.043005908906,154.393014259092,0.402842542552244
"PIP4P2",225.985967325543,222.209859910434,0.756222796126497,0.383020975559027,0.507547638389554,224.908185339982,0.292306957481752
"PIP5K1B",190.614560936297,185.722452632951,0.893079191503906,0.688802892049393,1.44165701266314,186.766274114285,0.155074134884992
"PITPNA-AS1",155.932611124567,161.464996906371,153.681104123895,0.489015968814554,152.39653411772,0.524560842657589,148.4892680203
"PIWIL4",1.43867842208442,0.993282506202638,0.928824740474936,150.687147196107,0.783781942342457,157.397271548178,149.800830429757
"PKIA",225.049344460957,222.037296964182,2.78190014700626,0.472194146107872,218.433151520302,0.643728436441183,0.266065627733744
"PKIB",1.27866564612716,1.35320458209759,2.95621094867552,14.4546216045307,217.194355448115,8.8373154195566,0.160022154110838
"PKIG",1.21252980765022,211.826887271335,1.87092332015175,0.344707309888829,1.68817018094884,216.241941493378,0.674929742438957
"PKN2",153.037785365166,0.599441123163463,149.885908523554,0.670500996896458,8.66030887696571,152.322310747621,1.14044554213716
"PLA2G12A",1.08364170965632,162.250750546725,158.677984983203,1.60310141250645,1.20884517800863,1.60640170568056,0.216409483508829
"PLA2G6",157.232469526607,2.33718817164767,153.274495957491,0.435607618280785,153.50961182775,156.847229160048,147.810552449066
"PLAAT3",1.83636366553652,0.239094495675346,0.630488612658583,0.140988896156273,0.361633442497978,178.082737036806,170.938621970316
"PLCB1",136.711325463702,133.169028982986,1.5919818375443,0.36622507519399,135.473576311078,0.98405297717616,0.345716435138413
"PLCB4",4.48719853822851,177.628518767011,176.142340533643,174.219949572715,13.3025629458147,173.059754887766,0.170170652675983
"PLCG1",146.624535320004,0.934293625875829,0.57479108556035,2.50947574498115,0.950015201372394,3.38488969957273,0.95859037088426
"PLCG2",0.872192672647922,0.309022339131414,0.464844787153149,147.863981270716,152.283011595652,0.362359173872508,1.42949391195814
"PLCL1",1.25089533137077,0.33502639009237,201.075618529606,4.06896631306508,6.7102275561519,151.638899601877,196.780862371323
"PLCL2",0.938710002621727,149.741858474186,150.744425054507,1.79807156739292,149.42694556415,0.528194140123212,3.90360635825216
"PLCXD3",1.11206651979581,67.2294188919808,67.1798022471576,36.8754451101088,1.83293824688302,0.56595722477811,0.284933706895236
"PLD1",157.383121836789,0.521326394900518,157.940995469087,150.438569275453,156.170022983811,0.828817478828758,149.305177541338
"PLD4",155.85330781458,0.52800387682982,0.90836791082317,148.667297329448,151.89575518771,156.342621092243,1.06687693101153
"PLEKHB1",6.77867789936415,0.217918121924332,0.494445537700851,0.0889627311000188,0.220064820165268,187.682714899431,181.578978626095
"PLEKHG3",228.678963659902,0.65848344481907,0.609196844872772,0.433305184773566,0.951598503860405,226.62893545209,223.019616467549
"PLIN2",2.48737340659383,217.858288287541,217.449989820445,0.346397301304696,1.01508454414106,218.464433464585,215.049008524322
"PLOD2",191.596716530842,0.608510366849998,0.894835560217143,0.833084207845775,0.866864589953805,223.258240175961,2.52958869337929
"PLPP5",155.026410198398,3.15187900697822,148.914669702795,1.91248956828768,2.1214039494043,1.20881013578577,1.16023756905089
"PLSCR1",2.05292890694412,145.839988276173,2.09710450263019,0.556152806004219,1.27194457907678,2.26456479637533,0.895318990663164
"PLXNA4",2.64542723726029,2.27419738741811,113.873284199005,204.171070402875,2.5523982576558,14.6719080230758,0.469261274161694
"PLXND1",0.646249808789651,156.498918908949,0.767813453205307,0.34260797126778,1.47317336972269,158.222786329416,149.067256197382
"PNMA1",175.349640726651,0.89095955688534,0.597112003420484,1.33785475902111,0.386134960676267,190.160768007523,0.149243419936525
"PNPT1",156.163374635133,151.173266780735,152.428134899022,0.445703577891119,0.821393751390628,154.48651409607,0.67731708355666
"POC1B",161.588300473222,0.990439690609479,2.41038589252078,146.792795942785,1.20958604542924,3.97925116605546,0.847026651475642
"POLR2A",153.063751623829,0.55072593484277,1.97950923406454,0.711263006442507,147.615400307712,1.20797920776011,0.314824150436021
"POU2F2",1.31515957411775,154.395603054531,149.092150865851,12.639128936609,0.877212886265893,1.33477236663149,1.56952216066893
"POU6F1",157.135066380066,153.344678712477,153.432737135056,150.638480234954,0.41900539759205,1.71884652020925,0.483813499420125
"PPA1",0.403241003206431,1.12059821403336,0.480417706982529,0.296417039148273,0.626942215817201,9.62290564143389,0.144745067577224
"PPARD",1.13286741460542,156.261459757294,152.422476026681,149.420485597362,0.659288495274253,153.696621483249,0.435379036885542
"PPFIA2",149.260768545602,150.35638866261,1.33865363138871,0.57115975677724,0.591543696689028,148.324328293437,0.156939964887213
"PPFIBP1",0.483515883423551,36.5986319979584,27.183706084319,14.7173864820653,0.544618536181424,0.925272295127586,14.0048266789943
"PPIF",4.70990072478468,200.420932147294,0.738500549765012,0.274815247140625,185.493033080879,0.693568954852143,2.34931895505327
"PPIL4",227.626249096065,173.046226386184,1.2636432481373,0.526130022175029,8.29210488279187,220.134876287075,0.494557777730396
"PPM1A",0.38568164386966,0.615991766712804,0.846025170870431,209.486658108734,216.611763538939,1.66620635896556,0.206995903297584
"PPM1E",215.988145432603,208.830294488476,212.919259093416,206.331524279316,211.087879036807,1.89376457613816,0.31202624536091
"PPM1H",155.666083213503,153.187209758333,1.47433220531476,149.338237935376,152.386286108311,1.0263924834538,0.285792017941076
"PPM1K",1.86222827100511,202.153699836692,0.965752778077373,0.193031684873663,0.307360770518478,1.0068737323229,0.549594838466218
"PPP1R12B",150.167168384364,4.80744392686242,0.701919347787424,0.325353873141966,0.884542881944819,152.49497912729,9.63618171516353
"PPP1R12C",0.834218764156403,170.804560478565,168.332809739993,2.14838618175283,8.77025300923138,1.46625328439484,0.19598451293912
"PPP1R14A",1.16496801915951,0.125421899470315,0.929730473386824,0.303558219931934,1.26716243405059,0.679360703393555,199.178532225727
"PPP1R14B",206.691899340909,202.022731711658,1.14465723917354,0.261870414880651,201.545788845673,207.602285434219,0.489751754790996
"PPP1R15B",214.419225582168,212.650747716686,214.056043930276,0.223218235318171,212.821418791782,218.616763265883,218.770274093025
"PPP1R16B",156.842144521504,0.450060128838654,153.231564317398,149.295329688346,1.04403053665996,157.483849384065,0.523773191297555
"PPP1R3C",149.290107049238,149.977024078672,150.413543386972,0.317562652428899,0.854329949561588,2.83365701100173,6.83247185305456
"PPP1R9A",176.05086270232,162.241321038344,5.11583651842788,1.48612761945348,24.4015582678676,1.2522088566795,0.316862942654395
"PPP2R2A",147.788676226136,1.50738928301567,1.54362012731877,0.518629386687021,0.484905694050886,153.511670358617,0.41031249338737
"PPP2R2B",151.491319738373,0.550535260982874,17.0060258704379,0.357595601529071,154.655449089105,153.779504709632,0.191144207996348
"PPP3CC",0.394166621982565,51.3759751396339,53.6246980568383,15.0537479629633,35.7411853556289,0.391004953896544,23.4740823325924
"PPP3R1",1.44671185928751,203.026935496852,202.496302456143,186.99746523636,202.899032150469,205.036295027829,0.180052074790913
"PPP4R2",0.415256583507939,157.194956635083,159.094939293438,150.491047858982,0.587243090588989,156.442063361672,0.327406954029764
"PPP6R2",155.144416166802,152.554269173697,0.541592896558365,146.605387782126,1.73432787682837,3.95429294591092,0.266528979372755
"PPP6R3",215.578637519715,0.449072160656066,215.731737956926,3.30462182919285,1.72607803413335,211.889869804409,0.381195309277011
"PRELP",0.815662262712011,181.465690855039,0.787363566188248,0.404320297166945,198.457635374871,2.63585750515263,228.24727244404
"PREPL",1.38707144698283,0.653157442447644,0.487919678339663,26.2038925327205,0.647697200227319,158.959199749916,0.0819376094594353
"PRICKLE2",0.97565894655343,156.176768508171,153.204857423363,150.125574521494,4.45804345123021,1.06734825688167,0.330108013159893
"PRKACB",1.62561974253244,0.4767175082121,0.487629188620548,0.36664801412899,0.599461539486504,2.76195352031556,0.208768772332398
"PRKAR1B",155.031528055983,148.297518449252,0.898981190771711,0.864549182445614,0.791519111626309,151.382360941461,0.110919220318908
"PRKAR2B",1.24305366635028,151.036180764086,149.056621106593,0.781249843555396,147.210252630592,0.993310424408469,0.143286020984595
"PRKCA",0.545770302735072,0.440857229208244,0.655459579192457,6.95608789335643,0.736354150380811,0.455431679567699,0.346419774820003
"PRKCB",159.160964123044,1.09420455620413,7.21796767095421,148.762605071128,3.91416054020024,156.507535865352,0.185839283315167
"PRKCD",0.482594192198196,155.084328968377,1.46492237591356,148.208500005181,153.193683342133,156.195725381832,0.586054880593662
"PRKD3",155.725208964908,156.262356752449,0.459952172354637,2.49673034914508,0.686728033999995,0.980913641264372,146.636253797198
"PRKDC",2.19505374883578,148.406122512714,0.630334519064492,0.923151309561975,2.22717404079273,2.89685063008713,0.430175382515858
"PRKG1",81.1007964731189,65.6247093743555,68.7210510583038,19.0744063319205,65.8153382443459,1.3573518962847,0.397499321648148
"PRKN",0.522775708232791,207.230763526864,207.509950496305,219.481256640162,1.48766293246525,220.365664761933,0.462075749678736
"PRKX",217.25801872367,0.755376148639954,0.701440875069586,0.373465232875198,3.93365144228187,10.9882735480294,2.69295416547375
"PRNP",1.64145750668635,0.485880412622953,1.91276490103835,0.391534192198652,0.284160570782358,0.991970819968582,0.112096460511368
"PRPF6",0.918083777602643,0.553621850780752,1.30499967606898,0.541715348789186,0.769619277929028,217.137347444198,0.510161708375229
"PRPS1",206.769660857868,199.204680939753,2.60136479091969,197.514008069963,0.67663215917223,1.70782704043827,0.1005791552336
"PRR5L",2.79281258115372,1.00181335724978,1.78895432564765,146.180138952227,151.867630614471,154.034713276108,146.051291719818
"PRTFDC1",217.447943359788,0.413564157411932,3.70342665026316,1.19245101847473,213.126241284843,0.907190349994191,10.3107258724234
"PSAP",1.57619300971895,0.636216281177585,0.171883547538061,0.141965600432763,0.174517434769167,0.782381217196577,0.0699735019323783
"PSD2",0.997634220866197,1.45881152962368,0.471129359196587,0.38769721419347,0.819245426966299,206.270289940386,1.80853622733862
"PSIP1",201.39565760134,1.10021212526774,6.40437253921447,0.324212109146636,0.299171954921622,1.37474655946844,0.195540921326185
"PTBP2",38.0689998917423,0.588294368663394,151.460465714318,148.830848022831,3.05559120342753,2.26494985457649,0.194822614782107
"PTGDS",0.588683636801117,0.183938830273206,0.162590940300168,0.0403604542905074,0.11914790258109,0.387631429477033,156.143717469019
"PTMS",2.24132148600174,152.151047918421,149.204692537177,1.33342749772024,0.45668111843591,156.836843508096,0.266302116173082
"PTN",0.468414746721882,1.25303744203121,190.83883810285,0.373503663288247,0.478280995174541,0.688556093762926,1.32448242486435
"PTPN4",149.315374651276,151.375837490264,1.59992700871196,3.84170118763829,1.13486027995657,3.14994502624869,0.595974636522271
"PTPRF",0.709342477218338,0.575134002163641,0.873777938572905,0.69517343218842,177.444934953557,175.926607722319,0.217194812299936
"PTPRG",207.74983311511,206.087042036656,1.16484148422247,205.510326032298,0.89794413563609,1.02463425556064,0.536518680912114
"PTPRJ",3.22448967789048,211.295925324721,193.462629972314,213.2260054692,0.87633630040154,1.26287106748213,0.346633059669983
"PTPRN",173.169210500186,169.484599832673,32.773565837213,167.689580992422,169.43936915274,174.910401656608,0.0859501338130437
"PTPRN2",7.11442894723836,144.03025698241,5.43614488504783,0.608804437500381,0.58861817982579,0.697164414203175,0.179401864603314
"PTPRO",3.62398461405225,0.899910859424186,154.156814891504,149.638062854882,155.214482295076,164.356520333188,0.374466542884649
"PUM1",10.8977298183852,2.50471386842762,204.717969786889,0.537430521691029,0.939691812363341,0.435438761331145,0.315984062674663
"PVR",144.821112980354,124.46026168735,111.177907474872,9.05563224438665,145.357596053464,132.306072863093,0.283338306991912
"PYCARD",14.745170801057,0.580235783584681,0.688701083114684,29.4627003780994,2.0350273952037,97.6669589323819,49.2158064857388
"PYGL",0.852330239618804,181.780208309923,1.21957262234956,179.716019233057,183.818048392659,33.9843502102565,0.168544769234721
"QPCT",1.87867046660446,165.218079074883,152.267086041552,149.891181056167,1.0186279213462,157.411929596956,0.246175612230553
"QSOX1",1.45157213067346,1.0144274179493,1.84210342695913,8.17509648862515,206.428341129396,1.9217208133366,0.468368602452912
"QTMAN",157.267062046287,0.616536668365444,156.460378754523,149.541320235374,155.040203270811,157.045262678087,0.321832099886651
"R3HDM2",175.90628641104,2.17966604285924,169.943336373641,9.62200740204486,3.46377528248408,1.77755371644965,0.364643174941506
"R3HDM4",156.459929911072,152.389439979273,155.304219370383,0.441264879493973,153.707682478812,0.737413785839965,3.27687871873727
"RAB27B",152.800885112441,149.110896272018,54.0452885769831,3.40350152917,1.92769012004793,0.802920265885976,0.471801451039291
"RAB30",0.791776814513032,206.623635944773,1.08426030333777,213.130528775559,0.695198237493473,0.795089460073877,0.333287769258917
"RAB3C",0.63337737910954,148.73188776343,8.52951379909211,148.008493765017,2.7453340258789,156.607236545544,0.053263039268315
"RAB3IP",151.962428154179,1.36302225024852,0.81656247516928,0.99779463857985,2.18668398787652,152.360319522258,1.43377303115645
"RAB6B",166.734649665926,172.583096921098,0.407058100646239,0.430411166369566,3.51251335498263,169.25457796992,0.086090881217538
"RALYL",184.582217984048,180.672662875803,1.06620480664945,1.11701361816674,178.057626291371,187.755472946112,0.157552447442014
"RAMP1",1.79298116295989,1.66373493923917,0.331121273723563,0.189324143911455,0.30162204899948,0.571782885348827,208.384159243047
"RANBP3L",206.568539597772,1.17903176572122,2.03807191013819,1.15964688659905,0.980599111834506,203.57957955171,0.950726285193143
"RAP2C",0.90683964883691,1.43034687762396,155.890253834979,0.946605731886265,2.92496453614837,0.808452205820864,148.996265739696
"RAPGEF2",225.999272603516,0.44626842417566,6.24592135178131,221.741066849782,219.678543560083,0.66550260123722,0.834410218696152
"RAPGEF4",156.307509481883,0.697663071006823,1.34836084956701,5.77251237890445,148.824902173239,155.724248806393,0.35116994923914
"RAPGEF6",155.922404373375,0.767247197564843,1.23851190594483,147.350342218769,0.572069805064352,154.350553023943,1.42592408833938
"RARRES2",3.1827408609271,59.3378909901649,2.72173654073342,0.211799274148584,0.737912599688532,215.624624901932,217.387517367363
"RASA2",153.244876762424,153.069805889442,152.626906261809,148.03958729025,0.645208385837879,157.129995275084,0.489520528435204
"RASAL2",0.936123134005815,151.095734012573,0.615532936792156,1.51471448082379,150.91294031059,1.05260739073818,1.93075806898033
"RASD1",0.636357586169028,222.178737024375,228.826412250422,0.528311955820682,0.450486362315285,1.0578141023694,0.524682928136615
"RASGEF1B",1.22054544360914,214.124182390311,0.66073999069173,211.358988526142,0.997695319971621,211.99316245415,0.260096871493371
"RASGRP3",0.825790609408136,0.313724634527928,158.110584358755,151.993318572386,154.437506946537,1.76332214922883,151.208728344936
"RASSF2",0.654594255356574,0.322878670175405,0.549897848138218,0.84227643432446,12.4711467824954,0.45754026709132,222.405106504842
"RASSF3",172.235669302016,0.512312929256194,167.068949437218,162.465477789653,17.0883990281278,169.650486565723,0.811309010082665
"RASSF5",99.1339994161466,3.87299879064437,210.71951024969,1.42360659531838,208.656146020155,207.64839928693,0.46397192123279
"RB1CC1",0.813595483461463,192.050815036594,2.31346801472905,0.695253691601473,0.744343174787052,1.25757635700712,0.186653321713663
"RBL2",0.67308874660117,147.985286533739,0.788180416186898,8.70245570482191,0.781438980626663,2.57190591601165,0.555137635883278
"RBM12",154.525231027102,150.316717721391,0.650888950595315,0.618180136011469,4.21170636303753,152.180777901314,0.43985274993264
"RBM5",221.303713169929,0.454731666057688,1.26876176920366,2.37680959583771,218.423963729309,1.53396088412496,0.504287822151142
"RBMS3",15.1975596124062,150.556889876457,1.03771260914692,0.797701657863714,24.4533985681308,153.092466690552,0.357295976455627
"RBP7",2.6919166274658,0.527526909250229,155.648052105773,11.6455184412556,1.76749970034491,155.328925495669,134.550597137591
"RBPMS",1.49064109138825,1.55344700405153,0.983986589970939,187.056867614405,1.83317915659612,195.768249634796,0.545582618213639
"RC3H1",157.121328281033,154.790470942538,1.58423877508056,149.491907940264,0.652889009521092,155.860056132666,0.372006838730088
"RCAN2",161.93444464401,157.650948648331,0.602610355686943,0.626760260128419,0.549273105505902,158.643083198382,0.050602256779402
"RCAN3",3.19426144666014,217.363522188017,2.0508507962223,218.379137048711,207.973871557738,222.020018666661,0.263156578183599
"RCBTB2",203.391721745623,199.375703999783,1.86931888126539,1.20364309655646,0.644640014453395,71.5443534102249,1.84490385192322
"REEP1",16.429256087929,4.98674202740397,0.713167595481802,186.023182710133,194.733735428388,194.856249536367,0.0887901283808189
"RELL1",0.538948427372616,0.949263109763739,0.827947733165729,0.619572601500978,7.65075498711498,0.585567252006726,147.049209305166
"RERG",1.15602099427364,156.26669426105,154.605730575733,151.131927399794,152.563960215648,1.85427114466602,0.218602937375375
"RETREG1",148.871615431045,1.20120700930508,1.02193731079933,0.482406881069168,147.02457727359,4.03386438475067,0.152107319996662
"RFX3",1.64182396903352,212.588600067073,1.04331012105063,1.59304935497753,0.711675811418834,212.161893130637,0.814910174770684
"RFX4",150.965222819565,1.88137704518152,1.42647467539679,0.286317232834748,0.376594318549364,152.299481892749,153.343654170317
"RGCC",1.12067792074599,15.6438940725133,0.465528792993806,0.207413729722264,0.418702749085738,181.301754284377,0.929825720507765
"RGN",30.6690488391432,2.83541326327588,1.11060118540761,1.52377856742066,0.549741392550055,5.9101753973538,1.3743492405464
"RGS10",5.67130145577768,0.746832306704969,0.573831647906147,2.46425089712782,2.38205474803113,0.690234451742454,205.904794388596
"RGS16",10.0766059842225,216.507793431243,0.552235009271028,217.049837423944,218.543724723365,221.265552079528,0.179997675112657
"RGS2",4.41497461278445,1.1994801545442,1.46975905291162,20.340795532146,2.34768876111175,1.64833529152394,0.277309815415713
"RGS6",0.737156305421361,153.16009324443,154.603106802355,40.0665509738187,2.2971510865411,156.587581254531,0.268718017928371
"RGS7",12.7550262494987,153.859300788327,151.630893292202,1.27049404434583,148.257834696675,153.053026694891,0.309820730881204
"RHBDD2",168.807956557278,167.940097256359,2.98154570343438,0.38415128474931,0.836634524945466,2.43622515226489,0.0880567697549147
"RHOB",0.357517619990262,1.05980235222874,0.782904385772462,0.161853417095334,0.518221178446151,203.891818346425,0.519194266453972
"RHOBTB3",21.4055784447899,0.406021899068957,0.360285015978408,0.187496560398741,1.05882542100706,219.315435815273,11.2796689350953
"RHOC",210.800266409699,0.868796270760194,0.929772283769335,0.237544546364626,0.639195504384505,212.693578910409,0.850134732418347
"RHOU",146.443592244242,0.645001266902884,1.14021575769231,0.640272121340462,0.519452010017619,5.40450518502598,1.93871617530143
"RIC3",214.617071088186,2.83711336705946,1.79163009036712,209.477740281883,6.89550729525767,215.990998561939,0.215936005300334
"RIF1",10.4534284886855,1.17917777533175,148.556163447803,0.781799080417678,0.606438541990876,1.56036471611416,0.496338407490167
"RIMBP2",156.277431387161,150.278086588956,0.818973439719042,147.756030238376,0.89061898566362,156.566575292685,0.177679295544088
"RIMKLB",228.154842312442,222.151468662048,221.085751149471,0.574130907546504,0.416107870223146,223.210401675433,0.519977092347604
"RIMS1",2.99197411765853,179.182372707759,0.439040856038164,0.470177407614155,1.59629826484101,4.10212903416292,0.224436831628153
"RIMS2",196.700006364091,214.289120951444,3.59400152821881,0.808733628273669,1.22985491549605,222.064593421159,0.344387507810058
"RIN2",0.750024491891361,150.710221148912,0.916262981558135,0.586410705032948,150.313450394508,151.335900678537,27.507967690448
"RIT1",3.13954545064767,1.0423931134832,182.725509300725,2.70512492741254,147.103179015198,152.412163281006,0.354535257891892
"RNASEH2C",0.312068724310221,1.29927839866907,221.458612166773,216.897833231735,0.565608198042538,0.443992204176806,213.00970512453
"RNASET2",214.558916544014,1.96428440787011,0.291353406810641,0.431686365555668,13.1171831189788,0.554215232651822,3.37213544218977
"RNF103",0.805437758996149,148.904179910708,0.876044177556367,0.964025778923947,0.616450118631451,153.475032614899,0.282973214378353
"RNF115",0.643197859327683,1.35379063494198,4.72430609064342,0.514260566030599,219.034642456934,221.177320064528,2.03948988862978
"RNF139",233.64432258821,0.962125198308591,218.910058162934,0.935503410900706,0.917732396475022,226.555917767863,0.493063975664827
"RNF144A",143.773584857961,0.500681571980933,0.920651376122122,1.38395349604981,0.505383696842718,4.88074454448574,1.41981286596502
"RNF144B",0.501668966295713,194.067390609293,196.838476143224,4.13145816042287,192.869652654811,196.956967729464,0.574179902471541
"RNF146",150.302687379545,1.0344567978637,146.956701946633,0.66010719458068,2.28923866780012,0.68321499361632,0.354639154524912
"RNF157",196.668013850498,192.636510990941,200.264115365059,0.40173642548754,0.680097002497832,198.453627511414,0.228510653621579
"RNF4",214.313183533038,0.765423586596136,1.84244371824102,0.939717444890149,0.92050952766219,0.970820118375246,0.369361745566029
"RNMT",152.66627899593,149.321677435513,0.589965975041888,0.587962088143564,152.770852988639,166.386731048519,0.214760256259554
"ROBO2",158.08116200467,152.429605612384,2.08019920733851,149.365996546191,152.950293761983,1.86870205034425,0.11569353589104
"RORA",0.865119571771422,155.860994974109,152.774043153413,152.996828796027,1.06155388824384,1.18395471314561,0.37280471676585
"RORB",156.829090644379,1.77258835064151,0.593263337660085,0.36866440224311,152.913851604392,156.902431452213,149.148430730584
"RPA1",0.48621844168909,0.959628100518661,1.64819546031616,198.901795655442,0.55243721022728,0.510888783058566,0.924049424798778
"RPGR",0.637018273935,153.357345392476,155.80449268956,149.180392153961,0.856910973237094,0.759426403784968,3.14255371624151
"RPH3A",191.69053267355,188.374324443146,186.412494408899,186.206461006332,187.981392857458,191.979676933853,0.143852299317121
"RPL10",0.426321496116101,0.287715380658641,0.333807756649318,0.0959172109470419,0.199073507637907,0.47512177832067,1.12809400285969
"RPL13A",0.440004851655033,0.257554529506862,0.211143742152499,0.116846696652633,0.246180276779883,0.61350326601723,0.606065784262254
"RPL14",0.750992598718919,0.246116604074474,0.373864084716689,0.12623845859291,0.226867818547565,0.571419749783978,0.324930755587804
"RPL18A",0.896611858338233,0.324628047504435,0.417362231272455,0.0970624203021261,0.229622412660379,0.282728896507339,173.216402907082
"RPL19",0.285631623980427,0.198330378961772,0.189424943197549,0.0797875597748128,0.172593256143477,0.354908240448938,191.166517163951
"RPL26",0.618898684066425,0.245755638767129,0.31378919310693,0.0824675857302655,0.186510741883638,1.01798421749844,174.076520320056
"RPL3",0.503731733559339,0.257601629443755,0.182582407904682,0.123011145099855,0.18025108015655,0.93652534730214,0.30620994111679
"RPL7A",1.01617853911323,0.245633818001772,0.291506527784453,0.109822372348319,0.185062763745425,0.467382866148637,1.18955783180252
"RPS18",0.495097863324796,0.188765656272025,0.238998940904728,0.0871500443597101,0.208309292243856,0.45596478692769,10.1512980645349
"RPS19",0.549003044226949,0.862569889592261,0.202523727386447,0.0833725787559907,0.151500874123234,0.434939817882946,4.08650189780077
"RPS2",172.274207123725,0.413737567566928,0.479759181236111,0.117982016331167,0.234029750077457,1.65192405953537,0.354738048384861
"RPS26",0.670110180390245,0.271201260410463,0.18628981880742,0.0907863362455313,0.187509790781964,0.420762055850104,0.231811976911521
"RPS27A",0.434916442196728,0.195322907896417,0.175414441415353,0.0828414460081462,0.160665053273984,0.458255402348934,0.977637827571889
"RPS28",0.382948576668261,0.286295061351712,0.162110745931707,0.0581842816603967,0.13302441033582,0.36370599093726,0.222413717007002
"RPS3A",0.746932489482062,0.210157791300718,0.315413657828053,0.0878007282509157,0.192038782481886,0.336390424481883,174.431194608451
"RPS4X",0.986592792801325,0.472124313993274,0.383778208792419,0.0902335374511545,0.201283594230769,0.542286445712467,182.003255960404
"RPS6KA1",199.980110567509,1.46682346548492,0.820193311664356,197.766252188858,198.41729489759,200.403975177115,0.38496892442126
"RPS6KA3",149.955696971258,0.494779186963026,149.374268683006,11.372663504186,148.699221039868,1.22455581678391,0.409612135131465
"RPS6KA5",4.80313346666559,0.741299308842137,10.2976635708067,1.29694029902396,0.884787536888018,212.687002128516,215.330750082793
"RPSA",1.33406634042115,0.444471815012957,0.283774824178623,0.144217244058625,0.307653811514216,0.443317415934056,0.274383379359448
"RRAGD",0.566931225648311,5.14073477945583,4.74486866892789,150.167854693677,1.85986398444634,0.537121597540702,0.595798764280533
"RRM1",1.04725006517873,0.995733961251119,0.633405544355057,148.04540397385,2.05497218188159,0.604061275440416,0.881676869830087
"RRP12",114.331675483114,15.7716626535514,1.83127274809217,2.10069305348107,1.11950917001704,148.658245445683,0.341564564188612
"RSAD2",0.677863829255936,22.2986360445668,19.3931271997268,9.69783179037834,21.6987938331528,0.649809349630529,9.73940817645867
"RSPO2",154.888341068005,152.357304362169,0.922938971878339,148.381242051596,149.850249712247,155.615975709408,0.0952656859219661
"RSU1",1.64133554172129,153.535365019427,0.753486719737996,0.66707426715276,148.953684310724,1.36431043213445,0.97884366496033
"RTL6",0.749264378300936,0.855482709833114,1.10470079323575,149.480092342074,156.096747450878,1.05436004713706,0.417386936838561
"RUSC2",2.25620571674538,150.173264850617,151.057591596517,7.501960853052,1.75122364790452,150.047702648506,0.164714505834088
"RYBP",1.78000340837985,1.35742446318277,1.07121355165431,1.4514157224146,5.64683999499126,2.72740687047736,1.23514227362416
"RYR3",1.56975628444998,0.73539543369185,1.43970838502063,0.890820185187538,1.56235075516889,149.17701253078,1.07532089423109
"S100A10",0.451599715166255,0.331627284310214,0.808577042764783,1.37706420732591,1.07774484231161,0.568296021352331,3.99483603158644
"S100A11",2.13963282695443,0.533054622959972,1.34083938045511,0.26190293022213,0.494223201280831,30.1866756104689,213.334085463526
"S100A8",0.735122366877399,207.575846806561,2.30395811834159,0.842502517273858,0.698738007277538,0.585271330987208,2.52936413173381
"S100A9",1.10205692267548,0.777290991581093,1.50114492332409,151.945480097378,0.637715858818932,0.411644996797362,151.838785580128
"S100B",1.03432113437235,0.123157622624861,0.144763318425531,0.0574064435253808,0.151820699752668,0.539879190553442,179.140684549441
"S1PR1",203.754935328339,195.400065433159,0.557869892917252,0.279909715599706,0.413141250248564,1.15976484600786,1.05385094867592
"S1PR3",3.02764071253493,195.324987232787,2.19386313318599,202.110028775274,0.677834015345867,0.800600130375564,1.73281999834722
"S1PR5",152.934675351209,0.351076868408068,0.790423305561086,4.37369905228336,7.46424546625797,153.318427764245,145.518949246097
"SACM1L",3.93816632112005,152.174288138044,154.469107233879,149.418760397569,154.945746342734,0.508581795401179,0.175914971786423
"SAMD12",152.685085268816,160.127114154936,0.825948222419716,0.983190552762555,148.871007146951,156.5741962341,0.358201979317479
"SAMD14",155.351051950181,151.162446650305,1.08338370811116,1.24630715227557,153.134531629385,157.201980837658,0.47286331388535
"SAMTOR",152.296603287071,148.413417535645,150.00568814253,0.745997193348231,0.465139453867317,14.6302485947026,0.915223880238692
"SAP30",0.479133232370387,0.890403285134084,152.438448593691,0.507934770814591,152.417337222243,156.334911075842,149.149850662562
"SASH1",1.77079872384395,214.824802585237,0.462001017732496,0.191739834275969,1.29412177932286,215.970364796336,12.9122012751295
"SAT1",0.499393116291037,202.029553436918,0.827505591448317,0.204241818868077,0.507473944782083,2.33809465502029,0.977787783033495
"SATB1",1.23961849858072,5.24394293964779,0.589024474683004,0.577232463063842,50.1781399689258,2.29239159894188,0.414683300028473
"SBDS",182.890042097338,6.82187224616496,0.434347197789221,0.274847216662196,0.288156777643072,2.07246635823146,0.180668413204184
"SCAPER",3.41787029502443,1.05118157762691,147.449744597076,0.909945096595997,1.26812536400123,0.598170482538668,1.09765582159265
"SCARB1",1.95141693465679,1.16290660664507,0.571415300140725,149.870562438887,157.312913016118,0.753978213983176,0.471491425338061
"SCARB2",10.7065855315867,0.63597920872588,0.873443512266596,0.363809331639112,0.357579971258817,2.30449187269969,0.288663817225783
"SCG2",154.921772398229,1.60737461721858,0.337540106004873,0.491318526908254,0.946000689746314,159.676484394718,0.0451370870979139
"SCN1A",207.921667612106,209.171398459398,0.494581144228054,0.50236551226123,204.998370143671,210.125176045659,209.563430852827
"SCN1B",218.366824002538,0.652733205958563,0.672112266237779,0.366774931403811,213.723650622803,1.70409243543004,233.458347496562
"SCN2A",2.51653188541332,196.140739184744,0.798689633312562,196.686335059329,1.04029966457763,14.2145270785456,0.131413483454382
"SCN3A",194.600080006762,190.853146056641,1.91329950844471,0.867590606368567,0.438930029422113,0.758779377557587,0.129245196269912
"SCN9A",224.648594988724,219.876614448152,201.907127026187,1.72582661579158,200.493544641227,217.921725719072,0.477956578690473
"SCPEP1",220.377983987442,1.82146402187714,1.12584303843461,3.91407387889681,0.645060286719429,0.882524008624764,0.398074013506941
"SCRT1",156.686783181219,155.222873773631,162.074172652964,1.13870767620427,150.45286239119,155.767855515081,0.300086373104515
"SDC1",156.241858103258,152.161624579086,153.95685711167,148.347235277168,152.484791388095,156.245922492143,0.127258877761932
"SDC2",0.814052308113304,163.589939602698,2.88569996785462,161.414155401225,2.94448613204611,0.359273328916762,0.115053450144311
"SDC4",0.803418610084564,206.793389812987,0.532199857103163,0.105021583463323,0.369617703210801,213.917109421043,156.146742177499
"SDCBP",0.530219381748618,1.00188682486132,0.693907924808533,145.994382091608,0.611187075562849,153.888737320025,0.111720385076912
"SEC14L2",1.87061461384753,202.535680463198,1.27522251141445,0.283739094469466,199.986563161471,0.452046640780637,204.839538219115
"SEC14L5",152.404911447477,4.03333889720812,0.472498459898911,0.67411503427509,152.131884331898,153.122561894477,16.6422535992752
"SEC22B",187.159086121717,1.2453793950345,1.33396690772679,0.527003499239863,0.57341438264068,1.65569690667862,0.41783110666939
"SEC24B",1.02571758208537,193.798761379279,206.737028284611,0.377548992624964,0.499079371179318,5.86816725592192,256.830206099119
"SECISBP2",149.873006155731,0.688858600688464,2.57265676609763,3.94960991897945,0.886305878980164,2.40222824784296,0.373542917963665
"SECISBP2L",0.972378775521115,0.411100948741166,152.527757607183,0.993698561457047,0.800740990635565,149.137645362151,0.497702223613302
"SELENOI",1.325033686902,154.340744767111,152.583957588857,150.834214949724,156.418339589306,0.883797953063803,0.331863337479949
"SELENON",1.78547432816804,150.365417020081,0.878127704231741,0.681589405850388,0.35360109944822,152.132875182115,3.18170845688353
"SELENOS",1.25928644131428,3.17280327879119,0.659086352356417,0.352853666856859,1.11994901732115,204.857763467981,1.15291696108284
"SEMA3C",1.02654442313247,208.000029460532,216.133807686269,204.480576733317,0.756558306213684,2.05662573493871,0.682262650850432
"SEMA3E",0.51038981956803,154.330269538359,2.01770510916003,149.955561719662,0.966959794349388,157.059054126764,0.377967335424608
"SEMA4D",1.10548102918486,0.227904863214122,1.146225349858,14.4201530269028,1.02426349462663,217.783370658248,0.738571428214877
"SEMA4F",151.942721785585,154.051723390116,1.28912292308907,146.127665794583,0.534482078880635,152.126945521417,0.97832696488975
"SEMA6B",54.0726325395141,182.05274361732,180.687097598228,1.75624004787461,182.530773530238,180.712377037392,0.268873205796881
"SEMA7A",153.888980294775,0.878915790724497,0.504652401019266,2.22659832328271,1.69316627714818,149.373266078045,0.786216279979628
"SEPTIN1",208.787686269693,0.924558235750926,208.871062749897,203.301812647073,1.01199615800055,1.95781787662997,206.362174900833
"SEPTIN10",0.644398604679792,153.693211254046,1.40100507971714,0.531323852420481,1.13700311188348,157.08550707204,148.717017479125
"SEPTIN6",152.898671702315,1.43503615586377,24.2924931610589,149.538940856069,152.568154310152,0.781574132154984,0.21147143015176
"SERINC5",2.17331777106746,5.15433606137026,153.499880365748,0.451996003502713,0.592217969235006,159.184369845645,148.258455352024
"SERP2",0.646164029042146,0.508484656418856,0.768576271125873,0.868782149883047,148.616579557917,148.571195570886,0.328680412576194
"SERPINB6",0.989137347597063,19.1096826810507,0.857761609217644,0.636560761233878,0.574824068782802,0.736989110274956,0.855683297400399
"SERPINB9",205.720621619686,0.665329305928359,0.774390679231403,185.152555160373,4.39991172525467,172.007708714619,0.518083565849869
"SERPING1",0.379000108097455,2.93084780411008,148.887126943867,0.766273052207935,1.1795400497238,1.78965454827972,98.605740786347
"SERPINH1",27.2741092106115,6.6620831646223,1.34541316569677,76.74425162846,1.02604002385527,1.00809081779118,98.9537314481602
"SESN1",153.605896414955,3.70867604172433,147.920485626993,0.748848531435362,2.55083434240288,1.01030118102777,0.815693392321931
"SESN3",0.692555141118893,195.237103348916,195.386457670767,0.471845695017866,0.643855321114035,0.97097635522947,0.341973577363996
"SESTD1",0.912704877727349,0.695156255389277,0.959832436824955,3.12620318811091,1.323062013359,210.376035139822,0.664994408141115
"SEZ6L",3.45526764792308,1.49850400742979,1.07846639087816,148.228922598033,0.845936262374832,4.37655443746541,0.0987843472418673
"SF3A1",1.3693730611746,0.810027047606229,1.38087076847995,0.695990044629263,2.23078280635005,227.535336343174,0.406810668322109
"SFXN1",157.493679470109,149.344124336044,152.996190940121,0.649505312325697,1.15965885929667,153.228657684219,0.223091609913427
"SGCE",223.815573454938,2.33965222628869,220.267849323977,0.910066999615211,0.869263416633739,223.808671126341,0.418205362466906
"SGK1",157.658902087892,0.449203060586667,1.12114414365261,146.576403151352,0.961257180025121,154.243753440606,0.363329315363133
"SGMS1",0.938747545047616,163.637048747067,0.502446993391425,17.1663792401972,159.500106727121,2.41971780391341,0.556150590248853
"SGSM1",1.46492978434924,149.700928642995,0.61851362461091,1.43220361734549,1.67742323004576,152.800442510609,0.461738728636551
"SH3BGRL2",0.449505387911615,79.3989746295582,4.59529504392297,54.1918101175375,60.8785155015097,0.916666748268895,0.156158913901045
"SH3BP5",210.687013631805,0.347824970434191,1.26940344871488,8.6386595177695,203.24853937557,11.1412629214591,0.549203891078749
"SH3KBP1",4.2112347417865,0.681843323277337,0.723542071178092,0.791758812623857,1.7063452535216,15.5822293781187,0.469338285534861
"SH3RF3",153.734801223259,4.59234843478808,0.584382133528964,150.925102041467,160.223786643503,37.9131930046438,0.516666537770084
"SH3YL1",0.93103256634063,146.196500833018,2.22902640128971,2.10997650554292,0.411204994841662,9.95434584058229,0.557507579504012
"SHISA6",1.16093044586194,148.786574355311,0.73240938296669,0.249676323194637,151.055367616329,153.697164350262,2.78943826659262
"SHISA9",2.50775831378437,0.923714969597523,152.631933580438,149.305474654926,157.088409065488,156.284223250111,0.351620842497243
"SHROOM4",1.42372978853164,0.629373862125869,222.473925084506,209.610495637905,1.20500105454473,0.896167852013097,211.735227539142
"SHTN1",202.210960491066,0.353609343771095,0.479389332958113,0.294788220778951,0.304601470915279,6.85807164185594,0.84616479984559
"SIAE",0.552225799268624,1.03107676535471,1.96712599622499,150.409577054233,16.7653180465727,0.825854697831533,0.211544079881782
"SIAH2",156.630495406992,150.860628366938,158.855631389415,0.691538132802727,2.69638003744221,152.861385324467,1.42153898767488
"SIGLEC10",1.30489605562398,155.288561128065,0.904520341624166,0.90184616969149,151.819979102075,0.772048254065637,148.334575810326
"SIRPA",6.58442124532693,156.874826156794,0.403953749847075,0.24107016333488,0.588385675988764,153.648439719237,23.2925343125819
"SIVA1",1.78024023569708,0.595418751423662,193.523284493539,0.430937241637269,13.0173910899944,0.82323977223676,54.8217237529285
"SKAP2",148.865389660382,149.674954961388,6.90606492076611,0.540432493705977,1.90257998090063,2.87727317077851,0.489110046778538
"SKIL",209.073687228751,204.435902000777,204.579021631001,191.675440195806,0.538841113104122,190.378400172528,0.236543414315851
"SLC11A1",70.6747814834368,57.8669142839127,60.0216410661207,27.1357223439862,0.482314406706391,0.64960144675265,0.802514896419961
"SLC12A6",5.58165106685752,0.556251394015078,205.631192915039,201.128708605039,202.438800409301,198.915997675855,0.476123373925789
"SLC14A1",196.667654805275,0.332861381443796,0.276939392440359,0.10219760694809,0.228718927907898,200.074126139802,192.531005825631
"SLC16A1",13.4151984243229,0.474905637130585,2.35941609281172,146.376635322941,1.27332341665747,152.663999568283,0.370681229881085
"SLC18A2",0.816841791522867,1.06227856721164,10.0819163813614,156.990121921534,2.87112067687366,166.514038376513,0.0495625430207765
"SLC19A1",0.579250749843024,149.538909592933,0.86159803523554,10.8230270394671,150.431660792442,2.26242567242119,152.19190823142
"SLC1A2",0.667588042812946,177.573702985027,0.567173496750075,0.115859305530206,0.410078381669724,39.1827856865919,0.367043320860477
"SLC20A1",0.873461495788315,162.078499230232,170.345145006435,143.687940511963,9.54941940011268,0.843727863086293,0.230547605089547
"SLC22A17",180.445830045593,3.66773372711425,0.413408189416803,0.367859110500042,1.67613635775511,2.7791416555727,0.132618963333743
"SLC24A2",222.016901400903,2.07830514320064,1.85728590849127,0.493447282222672,0.479104284530122,224.13243043369,0.688504837617876
"SLC24A4",158.922098223331,0.609600036715083,155.921325006472,0.567030527061341,0.953907277564856,157.587186451366,148.980232437728
"SLC25A37",156.562303278357,0.437381736605851,1.07478610124234,150.415347182942,0.508415134332028,0.910671241224053,25.6765712053193
"SLC29A1",160.113285009458,153.192423693336,15.4994586207096,0.880153462980934,150.282798947905,2.10552819074954,0.823637099147095
"SLC2A11",137.669767968894,0.666969172662518,0.695671222992739,150.471611699685,157.580511325009,158.762033652523,0.315191929587039
"SLC2A13",193.282042545418,196.571445445328,49.6378612842788,195.8544509051,2.06358327733478,0.779007413731005,0.0844305510559629
"SLC2A3",211.244791074454,1.76410304972669,0.802931425036739,0.667154602245975,0.906174441618513,213.062134922708,0.210026522358353
"SLC2A4RG",150.612875292684,0.963301195898881,149.179801594521,0.719339373730426,1.09980455787914,152.381682250588,1.27666356292208
"SLC2A5",211.606321583818,1.15896865274512,2.35036829643534,1.29386031045211,96.5507331073543,0.490961860311462,2.3908460984601
"SLC31A2",1.63133190234575,0.537967942232087,0.422221878661697,2.1555998807243,1.0777165439277,210.527105167426,0.778720812646017
"SLC35D3",214.640506811402,207.813310611279,208.378694539969,0.744527399541874,204.386915570125,0.870401039728232,0.939796929160092
"SLC35F1",154.559387226934,2.07935480001619,149.483341217617,0.908724253665157,152.553019142621,152.796071965843,0.202831986380865
"SLC36A4",2.36577594966199,158.876628078675,31.3803994045372,156.037237379094,158.89048191589,163.4436071169,0.227854264396775
"SLC37A3",155.843981573289,150.330956773647,152.325526081961,0.530823256076182,151.29613150173,153.825429848232,0.495436790502891
"SLC38A1",159.383466305338,1.17406111641626,1.66605808625359,1.89809543143175,156.685789636252,158.357663587545,0.140082939778597
"SLC39A10",2.14701023922779,65.5625938365293,68.6852282301849,40.2049107904773,56.793113886336,2.76040786987518,0.232973533410448
"SLC39A12",160.501063111444,157.178506973281,152.29237991027,0.192922476849794,162.192340275093,157.336130854775,148.665237329514
"SLC3A2",0.631515044307754,12.1818594014182,0.487487843283026,0.288621407174016,2.42176588192791,0.755074421565942,0.402401691775792
"SLC40A1",0.496039168822436,145.818706823543,141.734264444479,138.78179214351,0.586823923179658,131.651601416977,0.454539396163737
"SLC43A2",1.25580460095142,209.454988276577,1.37768192086467,0.659458435231497,10.8779732086669,0.713921946766227,0.587566317010085
"SLC44A1",205.173392318422,0.230394042626728,0.821509211807697,0.463625671933057,0.424189983233059,2.47985926969405,0.841917306165193
"SLC49A4",2.32419539840761,1.72772936394679,1.49336483825345,7.49888523980141,0.98817284536193,149.015444473118,0.487078573210186
"SLC4A4",5.68611520448364,0.951735231223908,18.1344573232137,0.224604429642353,0.431447832427519,1.79529134711715,210.381439994815
"SLC4A7",152.177891678142,151.913286596159,3.43382847865662,0.868469589990282,153.174550608499,157.215692082253,0.552858104490591
"SLC6A11",0.798451123960739,211.066665630189,209.407191798464,0.262503982854289,0.608506164369205,3.42089727166995,0.673619562359255
"SLC6A13",0.545015013210537,186.55963461729,148.515272235186,1.09079335810789,1.08629304660795,186.363326748491,185.396860748543
"SLC71A1",203.883847740362,0.60024305326769,0.440907054442719,4.37474250486239,156.880971405627,207.048329820734,0.352171575283973
"SLC7A11",0.576842156053324,2.9474301477033,1.36709269897661,0.624813417697073,0.716153655243997,1.16029768482501,216.142151616016
"SLC7A5",222.576093488286,195.70388046615,191.917113214493,196.792888907404,0.579189341638681,206.158937151774,0.165164406779441
"SLC8A1",154.760028913278,148.446040100986,158.468315883713,0.799347300916447,148.1474093776,159.355735999952,0.0929788369521502
"SLCO2B1",0.587407873336622,0.860513415361153,0.779353064278588,0.838327748597751,18.4435477010898,1.871434932564,8.00925634703841
"SLFN5",148.171284652457,146.443710556694,0.703818905828276,3.1425260508026,146.504150280843,0.696574018958751,138.937844391728
"SLITRK4",215.313108996843,209.185040671549,1.05401668685039,2.00182727428582,208.631639227283,213.841474285086,0.207584583970375
"SLK",1.2665569821522,150.275178917006,0.994334208643118,0.951083017380733,0.710368117529133,2.88286121372014,0.688832303676506
"SMAD4",147.528797899177,2.66486460195856,148.414665412888,1.05805748715999,0.581655817402985,1.00753950858498,0.653795026388611
"SMAD7",155.840447025435,0.960636151018459,1.86018844415024,0.517817122575156,150.362883190018,156.881975376814,148.818479393198
"SMAD9",1.02861323198056,0.517919606730133,1.03303824788079,190.521853369954,1.04766647486662,197.293576663985,193.814925260059
"SMAP2",5.79350358155302,0.810449666870655,1.623375913705,1.14651352459967,207.700649762236,2.99076389176098,0.211321669673541
"SMARCA5",2.37814280472354,0.717239644630146,0.827863401934123,0.361756579259923,0.567757543203043,1.55125287565768,0.35786364935673
"SMARCC2",147.857153390287,1.69950179285508,0.547355609256719,0.391169080254596,1.25378252010684,147.376542900146,0.424152869510717
"SMARCD3",0.750715165149134,205.164086716406,0.820564402687017,0.333804292003865,0.405207904853434,67.4508734097787,0.387209405570931
"SMARCE1",0.797806022235133,12.4767543390284,0.877313497588773,0.80760297039057,0.483900384832394,10.6437752469686,0.517828732600471
"SMCO4",199.730414248574,4.52203172669935,0.931812229577394,192.889047110195,193.148958839295,194.758573507754,0.254392891693181
"SMG6",1.92877718311575,1.38932834675078,11.2172085943749,148.702185372059,1.02491340067761,0.807383050482933,0.453532366756221
"SMIM13",154.562781021727,157.740352732561,0.803942855389055,149.000868164862,0.501480180991241,5.60317395157804,0.168803993372311
"SMOX",1.16017611650162,222.030419651116,1.18446502634241,0.237964080729454,2.20970383390114,224.697227810699,216.857218335576
"SMS",0.668630124144285,209.85845612456,0.76353375208362,0.622162347386384,1.99800985099123,208.761982232036,0.249232963168434
"SMURF1",154.122970193074,152.461152703048,1.03300095496462,0.717261885200349,164.26651749948,152.445945748718,0.756986372194799
"SNCB",174.922972524446,162.673506287008,0.915632024085594,158.10096919934,1.73321270686478,165.49655745807,0.0698255675322921
"SND1",3.47764546494818,0.718932206326033,0.879215546440977,0.856397352339112,1.23232903455777,206.968249850153,0.753327336612741
"SNHG12",0.92280250294856,155.696912149388,0.45932318233622,0.923141596320914,156.179281148804,2.70204539396505,144.54838977509
"SNHG9",193.24689943809,0.761496096824414,0.580615086110142,0.50101270377556,0.883876561218667,1.3951258268151,0.310514076952042
"SNPH",222.140846997198,216.880149091785,5.1044006172769,6.6441555444499,0.672249080879883,218.159930636149,0.26625860666064
"SNRPA",155.397675062036,0.775991986240059,0.744281748137366,0.359823241700352,153.593101826905,1.06026359636971,146.837231591196
"SNRPN",1.22363608354429,0.852909062767137,0.792666814868596,0.182265090381344,0.525225690096393,0.535764100673358,0.114698930824042
"SNTG1",0.892015892973779,3.39239676459225,224.237312091718,1.15197055869051,222.351671545371,1.29711550983407,224.086279871675
"SNX9",0.881071990309466,0.738702009928366,0.648094266751103,146.217086106014,0.731854443337366,160.824932852739,0.380839638035474
"SOAT1",3.19972018610134,0.887124174257265,215.763085764799,1.2667554142261,229.270796559698,196.361487548022,2.62148033720851
"SOCS2",155.368639810848,155.527172639653,9.82833748474043,0.322117014900359,1.19752889823612,157.184794646661,148.821041673771
"SOCS3",1.65196895218993,204.074307773467,14.0685928680186,0.503373445777383,197.340179774495,999.994710919277,1.73459171109553
"SOD2",89.6701114946511,1.2383914479762,0.549420966390112,0.259606733268659,1.14144317299113,0.478932007234192,0.150458845925199
"SORBS1",223.971170360053,216.991179657479,0.719131193812768,0.233664974450544,0.496028599079008,1.26482448847144,219.093681150447
"SORL1",9.95848113926248,0.717128176724871,0.59656201361791,0.245214136320015,0.283934186398963,0.466751984231996,1.41033323834471
"SOS2",0.798004670996385,152.990460909782,0.675973798860508,2.02543624415939,150.608447992014,153.18151195599,1.14928750795903
"SOWAHC",154.245643907976,151.932706399989,148.867935571695,0.767815065553896,0.946632777615474,154.435036756284,4.77831977104866
"SOX13",0.582834336921365,55.8641677070356,55.6664305403599,28.2003164997158,0.842498941588266,2.05806323388958,28.6713943029161
"SP100",104.065743989763,0.914591637121276,12.7575934393519,88.0336498108159,1.16152322017535,0.403882169916272,89.2186365593094
"SP4",74.4485602573931,1.38700988955199,0.977390385629724,31.7490017884705,0.857815194950127,1.94434585523137,33.620345632166
"SPARC",0.36691745202951,0.209691164226783,0.205657486044753,0.0694378993206742,0.157048153456419,0.690110827281512,143.016612409093
"SPARCL1",0.428431706572263,1.60095111780263,0.188159941796804,0.0448580622097853,0.134519077765905,0.525918283080496,171.915962487033
"SPATA13",146.60934081641,1.57804995083369,0.810255609341652,2.23460637988524,1.03741028331551,1.18488811432256,0.637824982335044
"SPEN",0.564905035731962,3.69365079947998,147.684542964995,1.70152343102043,0.636414669745772,0.718102848941078,1.84182360942744
"SPI1",156.343805616871,16.5604559915954,154.743101322341,0.750903390820684,151.538806644632,1.32477732198166,1.08942072426377
"SPIRE1",0.618064368867005,0.528782542332329,224.253825151377,1.41926742148221,1.36603198187406,3.88524577109116,0.426637222337708
"SPNS2",1.10854830546855,1.55993871329434,1.01769392981417,149.833857609607,156.693376897994,158.640781552246,0.359460338456185
"SPOCK1",209.560996234247,0.292559715238017,2.8799716644999,0.214048719183825,0.589503335667801,212.759188119387,208.051533983676
"SPOCK2",0.524684682201986,2.81745202468803,0.776613269438556,0.543734360462755,0.521151955024509,146.986270807402,0.122585617968683
"SPOCK3",200.700010165041,1.21766339022817,0.474354665623281,0.82018281929188,0.365277797227798,4.27450554966094,0.147441297605707
"SPOPL",0.89401439403453,1.06165605275692,210.893525917544,2.60158976225009,200.388041945101,213.436507939184,0.598476309672038
"SPSB3",220.308769056125,1.16379479327065,211.964100934963,1.12114862816904,2.50335458298347,1.08232707215988,0.513240824147326
"SPTB",196.370238290858,209.613768785935,1.55153951615972,198.052346948128,0.827725001003734,1.22328449167819,0.264476009244813
"SPTBN1",0.594100205463519,0.458598864262486,0.479701805472256,0.404561494684664,0.470422047358181,0.507229353731639,0.104716067773947
"SPTLC2",2.15527186894095,0.79516005226926,222.902457926776,218.43074883855,0.504601513238974,0.381638799145624,1.17418934163165
"SPX",2.87376995465071,0.769853334863579,12.100272047421,0.26978084723872,0.346221300090197,222.774163969119,223.433779838545
"SRA1",151.417597967381,150.956502278379,0.977350465109993,0.940272885738631,0.559504268026981,3.27639691930007,0.370941408570329
"SREK1",2.60997408445394,0.58075000316936,2.44755076949509,1.63752350515175,0.705416159772442,0.425343063677803,0.893860671180122
"SRGAP2",2.56912201144565,213.260953959406,0.498675672697877,186.547270667053,0.605524738707618,1.48100356753514,0.337117229962905
"SRGN",0.573767935498834,172.385828507689,172.038735736246,0.304659060123769,36.3647117044256,0.826989259431748,0.752438146601354
"SRP54",156.128071936849,153.458392744639,0.880691777854202,146.819885574339,0.53711095922336,1.2496747374293,0.28002735889034
"SRPK2",180.680974919668,0.605116147485403,0.451744758442091,0.963515467749904,0.911261872858766,10.1060616289887,0.109655138175196
"SRPRA",225.116855598937,1.08384096138663,1.26139048228321,2.17038724277284,218.633074584856,1.37927039074537,0.402270507351917
"SRSF6",0.446447122580259,185.371578890629,0.638770850337945,20.7913204284774,0.594350522650378,190.163286743535,0.689127522506174
"SRSF8",204.409336678407,0.60384642246756,0.904961339959952,1.18744080443722,206.850807565939,0.910515808849775,0.319423580955352
"SSPN",157.522508621782,155.809370415334,0.531939680938289,0.176626776846901,154.439897848761,0.866197752119714,147.889011618423
"SSX2IP",156.03034139065,151.129515437251,148.714141038628,3.28130346397063,7.69390204919128,150.642757826692,0.346053178757921
"ST6GAL1",218.677497047038,0.56722779064797,0.948780766534293,0.96436482445379,7.65083732433862,1.71329729879233,2.35822004106414
"ST8SIA1",0.972481534159831,0.908404114275694,218.221416277073,0.760140275012026,0.641488747136233,2.47431530889422,0.537478490975871
"ST8SIA6",2.60796945955998,152.43877582635,153.475319342485,151.628676430095,156.199757498959,3.16186368263532,0.188670113365065
"STAM",159.414380353086,5.00367784972056,152.243616369613,150.819539267686,153.610253758463,159.696734423542,0.166229219608511
"STARD10",13.0837515567684,213.711388521969,1.04713974137739,4.36338383578644,0.846043278312418,3.33413746405264,0.297297762725542
"STK11",201.802072875343,0.730197556575569,0.594260953251992,211.361648805793,233.590298442154,4.24403785927702,0.361773340213031
"STK17A",225.402241706425,222.317407052017,221.407350471934,0.493854921552835,222.245911198705,227.20143307293,1.19539490725772
"STK32A",154.290504792089,153.310160645298,2.13219518074661,0.213932001132562,0.4769926351258,153.167339566558,146.949944850982
"STMN1",0.507924343021256,0.24285087525751,0.417955154608073,0.294222285813601,0.24927730006757,0.95560229233828,0.139270361131087
"STMN3",0.78028110052794,167.274646773521,1.99191550739058,0.991739784141801,1.60249157171444,171.6784422922,0.0816507080241561
"STOM",0.763194293325134,1.32422779365706,0.967067907622951,0.179100441007982,0.38878891519872,0.93254029165928,1.36537696978527
"STON2",159.612988640422,152.572064998584,0.5267734222823,0.262614002699231,0.655325313890037,156.657772789906,149.481796264542
"STRBP",156.242117955634,146.585030125091,3.57899498719209,0.58018486155975,0.610657434694005,151.028801954953,0.41592162556893
"STRN3",160.353625494364,34.2933576360532,155.648429189827,149.945396631641,0.991572588544918,0.736123239135965,0.296476465168927
"STT3B",153.304285012338,0.80455169478977,151.424651180834,0.474581019841493,152.465749770987,19.8427402752509,0.249411573113841
"STX16",2.22313825979598,0.382810822457849,0.554474463341983,1.79478760224343,223.500481094474,227.06376243986,0.321769396984613
"STX3",1.2115725090893,0.695951934083311,1.07243854234247,216.073092647012,1.72491766729717,222.50281469947,0.591657225183583
"STXBP1",153.573232634851,147.235605786182,4.18905693597807,0.656132453127863,0.788855052976862,147.494349560742,0.0714644810297331
"STXBP5-AS1",0.703067265873125,0.79212449921745,153.266845023864,150.161670028256,0.890995071490192,3.99904417505413,0.547885349723926
"STXBP5L",0.949901014365702,146.662918939419,0.72797917138709,1.62373776713856,1.28780783967359,151.835382795407,1.04904020417566
"SUCLG2",1.16303266667797,199.750539754288,0.626935729648093,0.301292445133658,195.040041972926,211.013034380104,215.323556221819
"SUCO",206.009238654069,0.596939631788705,0.691821154613228,0.638467158872775,198.357258361652,198.990345420355,0.808319222030282
"SULT4A1",1.63135304550979,182.548389832342,1.81239701787859,180.080164595151,182.379412737764,186.156378678446,0.09553137086676
"SUN1",158.089601978369,1.54619667254063,156.696570387727,0.417380451937505,0.688752416053325,2.50288654122354,147.497386462594
"SUSD1",8.08832669865912,267.871588356075,6.70246287621323,0.943861840999355,202.553721712218,113.010871438008,0.628142311302012
"SUSD4",166.513362054584,162.536643661371,153.198637847597,150.3922952709,0.867162480705145,21.4847381779929,0.223065031307173
"SUSD6",0.362757470147562,1.0706086697277,1.22366226314896,2.26380251188106,152.327484492086,0.90954454857663,148.987570872671
"SUZ12",0.768309902610953,147.463003119992,1.29289829820618,2.11687197090204,0.586591607733191,186.337071232018,0.807473695452037
"SV2B",66.709444443793,43.5104255968338,1.55301002398001,27.2686011777538,45.6062978883271,63.8054691054215,0.0908586095039181
"SVIP",212.236001112717,0.221360759409055,0.373153117052036,0.32215174691289,0.423682869581523,2.02288966525944,0.635611449684299
"SVOP",152.571438719,66.2310738780354,2.46329204908213,1.31600702986163,1.04940221057057,149.422221939798,0.289802718246898
"SWAP70",152.843321732761,0.709251495208172,0.721009012217659,22.3660221815755,0.532675951846917,152.671915161291,2.51472495539338
"SYN2",159.810244027083,153.130237742482,1.60302956031603,149.342248817921,156.258045335346,156.531541409255,0.186646433880766
"SYNC",2.15305160063774,8.50801537392713,217.171426215332,0.53522871775207,1.61109151603341,1.45807007284129,218.632411822402
"SYNDIG1",57.6589998005308,0.492119368186872,57.1768731546652,18.983262122494,0.613632938742101,59.9293917881188,18.3951329145923
"SYNE1",154.117388849685,150.714395816769,36.4006790951678,0.550631495151536,0.547291417776387,148.743189383402,0.24522405674826
"SYNGR3",0.566246336593495,171.238463393402,0.794145903689627,171.936495414386,172.469507865958,176.456138685108,0.0758123662701486
"SYNJ2",1.55004928661894,0.353325274737768,1.09806678870019,208.695343379203,1.04040767033058,0.467282009042107,217.331830972936
"SYNM",2.2729565705763,0.611515711446109,0.831173881476906,0.55098087807749,0.605032895309789,0.795268807413186,0.549727813326463
"SYNPO2",206.337023877006,202.713754444912,1.17371027134036,1.1427994528681,1.75689706931379,207.872927485969,0.665125878835214
"SYT1",162.875401241039,4.52341808968549,0.37325359342278,155.244929165371,0.565835637409899,156.292338186776,0.0320080002586743
"SYT13",0.96912417899188,194.030414726707,196.153609197095,189.154270893788,193.231436367815,197.47436310721,0.11139814851888
"SYT4",207.14242483107,208.017990571121,0.910693068708361,1.1487445911389,29.6886443803765,205.416477438453,0.149589968448756
"SYTL2",225.187882556837,222.201766210786,212.78353286859,219.647349685306,7.41814549963532,202.303560746413,0.199425779752278
"SYTL4",225.423028954716,222.755094878002,0.795369663128784,0.257012985567051,0.416712441491825,0.559113667315453,221.669031321616
"TAC1",0.992288452107452,77.5420188844732,73.1036521511899,37.4119902084954,4.73625070564738,92.1425183672623,0.166831216530634
"TAF13",195.884804104154,0.926770402906595,185.13213627012,0.56747668023205,0.77348994853599,195.511746831855,0.240839018598565
"TAF7",148.803151945062,1.18020553795125,0.853768860851252,3.07327632707355,0.705180460016711,0.704867686067625,0.239255121991904
"TAFA2",182.79112992227,169.056470145212,173.818363761437,30.0122784160263,1.14443948827513,12.5445030614983,0.409018907781082
"TAFA5",1.69801620772582,148.444093788871,0.435549502370865,1.36742424307407,0.559895682856671,0.806245272926148,0.262785186119071
"TAFAZZIN",157.230622001716,2.67451130616205,156.286930627568,149.111347484078,2.10172176869758,0.576876749098962,0.608300131218272
"TAGLN3",171.85758556758,3.04875709757754,4.39743610709933,0.890407472642912,0.525977507395166,6.33524504040073,0.075528131510921
"TARS3",212.385831335307,0.410646813325949,4.41590693875969,0.792928667668706,3.05223920769804,4.04296264716711,0.674260334604457
"TBC1D4",123.376122982031,0.935082460391456,1.01865149034325,60.7976704725348,4.10497725061479,133.537440088979,0.600794237614205
"TBC1D9",197.399020435193,192.253941445765,4.52129182322145,191.115056628656,1.9816861765093,196.617652896633,0.12899768224297
"TBL1XR1",0.371567668538849,3.79141608385629,1.5075980029845,0.439530829351171,0.960798425694093,208.458835471144,1.16834639330695
"TBXAS1",206.195310006357,207.835353143259,0.434914560771431,0.600736767563375,207.508725880489,210.337280689664,208.315412460461
"TCEA3",1.38867338352723,5.16727816142192,1.09809544559542,1.71200049803103,0.993384388091813,166.813710626389,0.867631953532811
"TCEAL2",10.7869659054773,0.762894869207798,0.562957132250492,0.316372875559885,0.328247997453073,0.510682130111157,0.274417281948689
"TCF4",0.82495497128235,0.623215654485052,0.582822508576667,0.452424683468836,0.438325260516296,157.13569835668,146.040525973544
"TCF7L2",212.760913444667,207.793574299645,6.63180921953335,0.623036622131809,0.741937892018229,219.041218314935,6.02059058307189
"TCOF1",1.05440349885212,175.971705644764,1.46269157969239,28.2904778381658,1.59610514630838,2.09536314878829,0.51986633070653
"TDRP",0.42060124095306,153.024126894651,152.55008122788,1.0586081456999,151.472966029448,156.018730977046,0.471033177234548
"TECR",1.26021976961926,3.48868846950637,0.556301872065225,0.209487871634005,0.532009303555323,209.826320262183,0.613097022854486
"TEK",0.545504287793704,24.6505021614795,28.4700667602818,10.0414909125281,0.493824417152622,38.0089832862446,8.37554912849551
"TENM2",0.752460838609836,207.547999816238,167.64789642366,0.731469291253999,0.632633226534181,1.80864951922759,23.2249436788116
"TFDP2",1.33372601728754,194.346560448343,0.825067635621142,3.30375094846395,0.759807449814748,194.187498844682,0.323584388351761
"TFRC",157.840140746966,0.851129858416676,0.713720356260643,151.106086434939,2.17574711490972,0.726326566056194,150.628342992298
"TGFBR1",154.310775148112,0.871152708407826,1.1415406494206,1.60408153748177,149.006752619607,0.959768194211106,0.579807603509038
"TGFBR2",159.213805312045,1.28670626965418,1.49712385166827,149.255593103913,1.36848316275698,1.37468388569681,0.277548453072496
"TGFBR3",222.504951041776,232.350959403065,179.521162087825,0.304110353391591,2.73192837190666,230.946942057515,214.509589066249
"TH",1.61652507955188,1.08808207439295,172.795883112336,161.91090600809,163.27037688508,184.881887473036,0.0552320793486908
"THEM4",152.389346732691,174.917417653076,150.211228390476,0.611678936248161,8.20272746230697,155.977516806225,0.575297157262864
"THEMIS2",6.41328118424271,152.974805044231,152.856503527064,0.904059545888658,0.745559676174905,0.897127770904002,147.085966601706
"THOC2",156.71851879234,0.716971778894676,151.989096492833,0.285835317498936,0.428483213123447,3.40407904803809,144.317943109735
"THOC3",1.2183113007477,210.217158541616,43.1201052976551,0.727300077970149,5.99201103947129,217.02385986095,2.87342051996775
"THRA",0.684446156790095,0.936260397918769,0.954237699238288,0.377128369814277,0.400227125679757,5.25252851351152,0.321076292955854
"THUMPD1",156.472902458273,1.54580212183384,151.187842204984,0.698754480063097,154.103730505572,1.96679930918244,1.20422099716621
"THUMPD3-AS1",203.667177021591,6.72989497768327,0.722187184831181,0.695681759946464,223.397403023947,201.849419563831,0.92595679625438
"THY1",175.880031970784,0.680851321720332,0.509622207400871,168.283733790708,2.02984287519922,1.54113504371935,0.0553330715189844
"TIAL1",2.86269296478386,0.931942289009256,216.700636813642,0.845025476749536,215.843176337739,0.831962367721077,0.647685912568585
"TIAM1",1.6439140908948,2.93149210105952,0.909523062561414,2.89202332091346,0.877595729286207,148.24299392818,2.9055120007855
"TIMP2",147.730229902234,0.428309227251117,0.453202209386004,0.335022325712348,0.941149314287965,7.49592951122752,0.313396262547586
"TIMP3",1.20977061660326,187.150953395795,0.657734792645693,0.22956897534939,0.615754660407532,2.43970495752732,0.491846834719557
"TIPARP",1.20032924648398,5.16199012044288,156.385486846939,0.448754283459473,1.22245248265271,154.7819673485,149.446372661247
"TLE1",210.85211028895,0.814343073040909,0.723476601300498,202.908381662981,0.71173617962214,3.88415625789658,1.06520917089884
"TLR4",157.372435082933,151.575767713168,0.707575090953601,0.300944777179379,0.525432197558929,0.932831687528881,147.016631430941
"TM4SF1",0.445074333339086,0.823645784492725,1.07657173427422,0.926759129983322,2.53078751501702,1.51991108255781,2.46945157310813
"TM9SF3",14.0656655223596,0.724456469500798,0.518174473206454,0.521635482516527,1.06456618506177,5.17541239957374,0.220287279361728
"TMC6",148.763308503802,0.785316194435028,0.900718501830684,0.801806635216599,1.16337029332632,0.868906950428978,2.39989131625757
"TMC8",0.630585622668183,153.191329455967,152.124523446044,3.48888814974896,9.49539933041271,156.190287720823,147.619535895398
"TMCC2",154.875092970172,0.479290153956001,0.432028528580704,0.928105117884202,147.696220251461,1.86963388414227,0.283371464012408
"TMED3",151.353306957403,148.867542741119,0.898856252831347,1.34265891681783,0.910546305072973,151.607653499724,0.259467959965204
"TMEM106B",167.0263359798,0.740498990289811,0.857880065476091,0.591931971013605,1.19910831736994,158.572159548293,0.256993106149105
"TMEM106C",1.81950033823052,157.616439182266,1.49403788535685,3.86158881367234,148.893672869629,0.85880623055249,0.451039487133491
"TMEM107",152.782415465958,149.833332514997,1.64785059130834,0.65639139951699,152.109971400381,155.764579796188,0.651501019006749
"TMEM116",1.05401925160449,194.032319384914,194.982480756974,1.35733123598425,0.66988506118016,193.77073516049,2.82479797258722
"TMEM132B",0.575383400339171,4.4304775355321,176.341229153583,173.141598248647,176.596643383338,179.440853256996,0.152152800400284
"TMEM132C",3.14683531172327,152.902691770398,0.677749838682945,149.36543183035,1.49168561662305,1.18643846202131,0.701001252192505
"TMEM14A",151.142191584964,2.69741080013018,0.76100457128921,0.990935083817179,0.659395100468995,148.303467703098,0.227533315523892
"TMEM161B-DT",146.009194682696,0.606718572257098,3.07019956991954,0.814988920796706,8.85752887574197,5.19791345736656,0.37387651716425
"TMEM168",1.23415985522204,0.826137682744758,1.63465423561125,1.2418138619057,149.549507140476,0.897004066717497,1.5065141101931
"TMEM170A",12.3487496213156,0.655789936904007,18.2262429681862,47.6887663861236,1.296429713065,0.914257992225584,0.572870064829823
"TMEM170B",1.47371143633679,0.515381633927577,157.385876436126,149.019868506052,156.617470431073,0.76665891082403,0.379349549404988
"TMEM176A",219.556747779073,0.880162214440233,211.342720164372,0.700245461555037,0.442432943554352,1.40243913043536,0.664665690992933
"TMEM176B",129.778623588393,0.720124399841426,0.701914488519395,0.252887493731862,0.631041714244936,223.955547149676,222.690167713785
"TMEM179",204.614685917415,1.45197257987316,200.935234694256,200.201419144678,200.165051814565,204.804863742219,0.136036447510457
"TMEM205",0.990431983963848,0.575371176133415,147.363652503166,0.382981991927357,1.29924847081022,1.03679055757544,0.47344189746276
"TMEM25",217.895283263665,215.631765661764,0.875250465275328,1.50628151931436,211.086205131789,224.805633319468,0.284493769911872
"TMEM263",203.004323917339,202.525089989469,179.885738871296,0.279918150611574,4.41350660364234,0.772951460741219,209.196456262098
"TMEM63A",158.815607486531,0.384833468111909,0.826821998812551,153.380641103096,0.543642033977213,164.244932667105,150.152168160912
"TMEM64",0.414190463427259,153.86712185774,155.119103217242,147.725133651885,1.16970672840036,158.972970349653,0.993803501398818
"TMEM91",153.247032188208,153.263006348706,151.312029215596,1.00332195078452,0.688238099969712,23.7459986664064,0.973368439713338
"TMOD2",0.901794379565384,150.933446619732,0.834475952044326,0.642722903048397,0.52757963978336,150.361655661376,0.182976712773645
"TMSB10",0.199841051997893,167.55058223478,0.212967143405134,0.0964857478719428,0.179405348921587,0.88687518341596,0.218445068194975
"TMSB4X",0.385326720300745,0.225092355588877,0.136371691969276,0.107228995872444,0.143786169376729,0.392278965014755,0.100052733619092
"TMTC1",150.358184709707,6.76586700700974,1.23993557593579,1.6498056616936,0.425877569584211,149.91507003892,0.375873276366046
"TMTC2",159.52573890807,0.364808876098739,155.839721146611,149.377039225115,0.667741269380574,156.60802694005,0.944193841009256
"TMX4",170.281705243357,171.335055661029,0.71432086823591,0.543150929480174,0.363060766581021,1.51166536279831,0.148831054359382
"TNC",157.923406071748,158.605768365136,0.839963626903981,0.222363998974122,6.86504794398389,159.575859558894,148.226507405599
"TNFAIP1",149.125025341208,2.45709324701935,0.744193195527995,0.769326865515273,1.0479806170613,160.165750582212,1.23624502051841
"TNFRSF12A",117.241520251423,116.705368778196,111.432158963525,9.27601287566413,93.295803457518,0.585058346403772,0.692514944568581
"TNFRSF1A",1.62274575240626,215.200808635881,0.545300888590713,0.838822888367414,3.31368207256001,2.07029603853784,0.580403925947393
"TNFRSF1B",1.28601181695287,152.958495610852,1.66933325680086,0.651761221712332,153.359762016175,156.602026710503,148.81829953757
"TNFRSF21",28.4332538697456,0.506295235087358,0.612316548119379,3.58131840129409,198.480426063102,197.693769594611,0.188019714909994
"TNFSF13",153.971731709327,153.256094563687,152.176084422755,0.222400174397008,0.384688239256995,157.116978386215,145.609765772996
"TNIP1",2.0674415412126,153.643549756883,152.666140314048,153.75225636731,156.436298778186,0.847433543806225,0.25650423621973
"TNKS",1.0648197479774,216.829222655392,0.582366771905902,2.03207129278615,0.793040989896425,0.5859825048914,0.366721081669952
"TNNT1",0.590007077231424,153.16285748632,10.4583762827112,0.39952877094381,14.087356834001,157.113665238391,148.322510721708
"TNPO1",2.45200408870696,1.21314371203899,214.335725076829,0.4649792879063,0.713332589642497,218.141197744807,0.377177261164912
"TNRC6A",0.846237690055577,0.529517936888795,2.2666933861087,1.27690759486955,1.3402311216312,1.42956409455402,0.34171721772222
"TNRC6C",145.760210716209,25.1982253050411,0.797915366019099,0.564371884959312,0.962592131030286,1.37976481490611,0.747581890420762
"TNS1",0.601470555908997,197.416796398061,191.764271217422,0.405667105099966,0.625327231357738,195.973839224619,0.72500814155625
"TP53INP2",10.4668077293415,0.278686523294827,0.433790288591102,135.12450470542,1.41555756015236,178.906629669261,0.364873985378403
"TPCN1",157.744801249182,0.574082953315712,153.231885005021,149.465212812282,1.04762618661041,0.595011216383767,0.666779197439282
"TPD52",155.60174787781,0.690359713824203,181.945530742238,63.4692895906045,1.30629977552787,242.144872837636,0.147897282082807
"TPD52L1",104.390417385302,1.44602105937779,1.01076988814259,0.314078019147336,1.31891905439119,0.806802113056383,0.840616111555581
"TPM1",0.747409970200924,1.53434161283379,0.799075502970752,0.161668470984266,1.05376538030811,217.926976364687,230.392887452055
"TPM2",0.418271879074872,159.978770709143,1.09107794219068,10.1242377294277,0.70118498143869,0.538640193815295,167.509614185795
"TPM4",1.45667050301316,0.489151196998058,0.759933760693378,0.841431366742028,0.54253870552963,0.506947646643607,218.510939047499
"TPPP3",218.98355216424,0.922872953377276,0.859361318962983,0.717384912826562,0.546927829776773,223.61951804613,0.341041694185388
"TPST1",5.92628282764507,0.745806042241169,194.102768765948,2.29479509048892,199.829596080393,2.00512687796042,0.686355507151377
"TRAF3",206.84273115597,195.721810982545,179.725734971735,0.885827894313038,200.718773976533,205.123752420658,0.388941943990175
"TRDN",217.613281178653,2.09554076718004,2.62181250478095,1.43550861699771,0.979334690423563,214.581985313486,0.720362325736984
"TRIB2",1.47423704538421,1.3746736606609,4.64973779922403,149.669521616869,153.12236395714,2.07935605817102,0.417917148802463
"TRIM22",5.41166406500289,0.587055779329087,1.01531557668199,0.731366251698468,161.071396956738,0.516894247244638,146.132653408809
"TRIM36",1.46102251546302,0.745111854344224,2.71198746567667,148.187908309242,1.09050744519114,155.05417283474,0.165575870740016
"TRIM58",207.697905901937,205.218411641904,1.11774149839888,1.25635601833618,204.517369471958,202.999437540078,0.614864106488961
"TRIOBP",152.432593023312,0.630803368517217,148.463170688233,1.08950545935614,1.64768944047145,156.196812086011,6.73660327483638
"TRIP11",0.586508725536207,150.19859931369,149.520779622373,0.438242826378773,0.57069293772628,151.905535183366,1.44697620081827
"TRIQK",148.692200000485,149.305275131537,8.82564230371664,1.35690023534621,2.48789923188055,1.31084849875978,0.373512111354586
"TRMT1",1.76379162961454,6.59657684084754,1.033766178732,180.386658927848,2.65071692812886,0.726644135611139,0.622187582298128
"TRMT11",155.872131000511,156.812384251216,0.656648524894035,149.695128534078,153.301447312384,0.436600727446029,0.488685496228619
"TRPC1",155.262611892154,155.326683299141,1.002054103898,0.609909527024166,147.09505980842,3.40099077597197,1.99630158154101
"TRPC6",77.7305663854859,55.4914912932722,58.4711288832532,30.9836473561228,0.674588378486172,68.8286185524,0.375445061572107
"TRPM2",156.429593273059,153.865934149611,157.237170076623,150.470167642494,155.733333469328,156.025579681138,0.16466623869556
"TRPM3",154.117938918991,2.04272274949802,0.642074925303686,0.357099799668727,0.641748064724788,148.740241742778,0.809878666685899
"TRPS1",1.44047809774782,0.521013321486365,195.739057717734,1.40478754964039,0.888748932581995,203.758726840489,222.000667213692
"TSC22D1",0.513021632717399,156.209646800343,0.329665764703411,0.107161572324016,0.292709456106475,1.34425903806216,0.551352597552832
"TSHZ2",0.810203766500539,0.71724192776398,207.64066030028,0.40095424225972,192.551195202384,217.452856953213,207.982779351644
"TSPAN13",1.5447226240476,151.344675102534,0.952758717036918,150.191527136078,150.800819842865,0.934811917441465,0.183876745469778
"TSPAN7",0.969699231377613,190.900674707941,0.435029647428761,0.448097771994848,0.503873749615902,5.85466367808097,0.155377536968739
"TSPOAP1",0.429431834128443,214.353473681586,0.741676362445236,5.15766706090907,1.87488340648639,234.217809638418,0.498390399766597
"TSPYL2",199.744604410128,0.998872668698714,194.785160764474,0.566944551875348,0.961204253124226,202.292993860387,0.180065287914762
"TSPYL4",5.15724469792416,179.031532951561,0.924121845240195,175.569468439697,178.780957679955,12.0939434177056,0.0958209902173766
"TTC32",157.346191288367,0.467740134054934,156.616532727459,150.458444168363,159.951082775004,153.508407566275,0.516070755610674
"TTC9B",154.91762825051,3.97956554068458,152.817226455247,147.383833308954,0.939346952030244,4.54910883364902,0.19996317118547
"TTF1",2.13392399351638,210.922617757201,219.699535992698,0.551279943737034,0.607574218757496,222.129046119018,0.471579012734634
"TTLL4",1.70779928452876,3.10553033763317,146.943802133408,3.42239474137024,0.745551471444385,1.63308068197955,155.59771920575
"TUBA4A",0.994372296581807,49.878808994696,0.565745447863578,188.910115820978,2.41987493849756,198.662523598802,0.0872014654289382
"TUBGCP2",1.08660017018013,0.985352692677962,0.72656270372163,1.42119557696747,1.92174472013053,156.939179201432,0.314343490394632
"TUT4",2.38777794155217,0.803172097851385,3.25164844714781,47.7227261402794,110.547762007567,3.58664839908443,134.167040878696
"TUT7",3.94897709635263,1.31764432820551,150.259796884859,0.785098180937156,0.63312336422,152.238241103935,1.15471641655289
"TXNIP",0.644836785288086,0.440621757663302,0.660360714237142,0.231719011053338,0.348983835450394,2.58182242947512,25.0343847873778
"TYK2",148.845474122407,1.75036878368672,1.30054791881029,1.0368813070846,4.20326004622928,149.383141064288,1.0669177099265
"TYMP",0.522849193385984,213.740001151864,0.987832897692679,5.5160805623586,3.49935738716237,200.514112550805,1.18050896676285
"UBA6",0.498697810018049,0.873657758671729,152.683446816602,149.25355815559,0.721110351729585,10.054465408357,1.00479976351102
"UBALD2",1.92443592574749,146.730685896885,0.462407162324025,0.925697650948744,0.562435142973446,2.42576978741912,0.513721957391819
"UBASH3B",134.174675036961,153.263643324778,154.45926743006,14.4719712672952,0.813758240079987,1.73923619344714,0.301777996676725
"UBE2F",228.184889190904,213.123310462183,0.92991832407344,0.551171500352383,0.519951106886991,38.4452235092769,0.283527997533018
"UBE2M",199.732951228734,0.599279614396585,0.720400390563443,0.402026457381367,0.713339416693188,197.715171670023,0.173823296823004
"UBE2Q2",0.641311491273355,210.172929987611,1.43250839319884,8.34391510855592,1.96710233859789,1.28770621209295,0.299600548635017
"UBQLN2",161.739800010953,0.608240921874061,151.949961776876,0.887423214776555,150.083416585839,1.74906512317,0.19614981410484
"UBR1",211.515683828998,211.766273159749,0.872492207438792,209.54398298313,211.136046232056,215.251681874599,0.209850453490063
"UBR4",157.771916622931,3.05121359041857,0.917778052634862,0.603139242162183,152.593532475528,7.86890642086612,148.955292564547
"UBXN2A",227.003154352925,1.76831160587234,211.400406655617,0.629819759718065,203.033559107663,1.27109751890608,0.525479416765097
"UBXN2B",1.33137308412278,0.872200454120578,1.58590437919412,0.487875487536876,212.000838893091,213.329683212475,213.791408907423
"UGCG",155.570025519979,1.92432420397211,150.844649807651,1.21236357600126,1.69663535260198,151.868829209404,0.33285365631488
"UHMK1",0.676190817264755,197.807613057723,0.633748285204846,0.6791863118169,183.108303626235,187.195902166175,0.130935439501137
"UHRF2",162.758637746833,150.247782138285,149.09157297327,0.416344901928565,152.11432034803,155.903385115978,0.864081126387232
"ULK1",207.605752658638,2.16098839510961,68.3633666654074,201.750280568326,1.23001296524743,87.6170100098445,0.27410295849315
"UNC13C",3.20842432567604,199.662051955889,15.6567472219028,186.134159970161,1.20034094898151,196.264915174785,0.121445168974859
"UPK3BL1",0.842998476575962,1.36114063149795,1.62511154077257,0.426769218843749,1.16209841697889,148.898107665409,1.58773045394144
"USP11",149.013737238228,0.509680342460163,0.422429840577829,146.844970066966,1.1931867396611,2.54213284201378,0.119343518715097
"USP12",1.2563142734449,0.943854116942253,212.466650623518,209.320989285378,1.07813306237715,216.725190539079,0.246030411540237
"USP14",0.628105704385514,214.424733210345,1.56995161052791,1.39304081875324,1.26291692296705,225.64149312481,0.256893214950782
"USP4",171.105765897824,1.94658641859,0.889601706842884,0.404831559819962,152.636187670369,0.88326321355623,151.481908778479
"USP53",215.623087352954,3.63086165268486,207.489827248648,0.650517075244778,0.638490293586221,1.34720524961135,1.24924753527678
"USP8",157.687122848442,52.3875571265908,68.8477996452815,0.415810673648971,0.916350492695473,0.592658843320445,0.270163591134295
"UTP23",156.924307819456,5.70274325722902,26.5615148121609,0.350179033569625,1.00493193721247,155.59629692369,149.220730381018
"UXS1",3.55063797907999,1.37006404162529,207.838082417374,0.93267094689775,217.026256574685,1.88099662841694,1.1530317283446
"VAV3",159.60464632933,155.653476043289,0.730686627550871,149.634478029172,152.277661081311,2.80910493039795,0.219802395566041
"VCAM1",5.12403513021127,0.898603711601932,0.801338431513639,82.7356657991321,0.841699034437325,62.2145665261827,81.3935743737312
"VCPIP1",0.684523096287171,74.1757400916495,3.07736865136176,41.4635930965637,1.27680947315811,81.8757592292346,0.367379971992957
"VEGFA",210.670912344184,197.937194435342,0.845697883930883,0.716975032262714,3.59032829941517,208.846701072669,0.535200742749456
"VGF",199.315111968041,200.182737645997,1.24240169078849,4.68507605738272,200.298017032942,203.575205124885,0.412284731158182
"VIM",0.348438872735581,0.395856872699682,0.549108674019286,1.43808063480566,0.389954037056722,0.548208762523621,221.797123306209
"VLDLR",0.641628496586589,154.542458441205,0.603638657189624,151.564298521593,152.686866003792,0.524094661251361,2.4494834066072
"VMA21",205.61224224853,0.751492070872774,1.89842605185887,51.5699302157589,0.67304532772181,0.63077726752012,0.182705551686394
"VPS13A",3.90328890922009,0.820022955009377,148.072419540629,1.62610157270071,149.903291488112,58.4642274933045,0.449480643176215
"VPS37B",196.925999177421,195.4625010359,191.830892912005,1.51735944659838,0.867115598323292,221.13782763312,1.41032196829597
"VPS51",151.922015341408,149.451381883643,0.801560787817672,0.434405946879359,0.483155831670541,152.130367291462,0.445551888820779
"VPS8",22.5282001195665,8.64546130886662,1.57841767215856,212.047660161885,1.07226115375299,212.421295606802,0.228830201255139
"VSIG4",1.09840946512818,1.25215763513859,0.536510178358106,147.934933070885,150.690739939813,156.378176843762,1.57678554514041
"VSNL1",5.33917767110242,289.347193626082,0.639925518271566,0.789099747596746,179.820271903672,2.6879065362352,0.099684680519164
"VWC2",160.056841813649,0.849780596019301,0.754663625368041,150.641599598604,152.154984985564,155.774503560779,0.181792453929359
"WAPL",220.139217679417,0.618691756330261,1.35685383291064,213.304412436083,165.512591875691,220.625505378444,0.341461185454525
"WASF3",3.82173168019962,188.748025860651,1.11061034552579,0.2267627574165,187.051774281334,191.137228054247,0.227011413393068
"WDFY3",213.062778575969,0.630095446303641,0.884182596901798,0.831610904242288,1.90278722382819,225.735642872701,0.464811510880907
"WDR74",155.712426420927,0.953516737407962,149.06615457593,8.12477054397651,0.743951340325092,154.187021649388,0.540401576675261
"WHRN",156.214274028974,0.446196106056107,152.694820359666,150.445635542337,9.39378116784685,158.649864873985,0.376437827662215
"WIPF3",0.886700373100641,155.990147541144,152.430162693567,153.363592217889,154.111343751694,157.132634068512,0.225110913558513
"WLS",2.79160402539443,2.497058636734,0.707211987288178,0.143439073579307,0.470842454233157,154.573752425192,145.40051909698
"WSB2",0.73413280609471,0.552171195079533,0.449445283440189,0.504752583241802,197.202721497835,223.661314711382,0.243173662711195
"WWC1",150.32451253761,150.311379369263,1.20661106995099,0.25826113627123,0.810905768043686,153.310005371385,7.47360527721862
"WWC3",0.702067781640532,1.46675650238187,14.8419318484888,166.551653859846,1.13180473603107,164.554152829282,4.50375792547998
"WWOX",155.143732581137,153.230369592786,149.996547639506,0.647646839681671,152.701352976997,0.923355177332788,0.73946915906089
"XAF1",1.12163050430546,149.388588381806,149.637688442318,0.550617298141538,1.72616896632133,152.115044004818,1.35140718656098
"XBP1",0.753924880017824,109.019472576306,1.27816210253108,41.6517172773887,0.959238553668765,0.671731812479444,0.4401197226481
"XIST",1.20529107568377,207.448053504687,0.37707880902282,0.29864474540842,0.441830279751177,1.49381274252108,4.12920089515003
"YAP1",0.757252202643343,62.205385794244,0.759301117729938,0.392088950099165,145.006594730835,150.348307775588,148.278306109393
"YBX3",0.30723635554711,5.09461882038413,0.943623362166623,0.537553834482365,1.325588990954,232.86812716422,214.698401023707
"YES1",150.040328654715,150.010442943132,178.150606772002,0.890835904100211,1.8259937040243,0.983014579565819,0.838656377812054
"YLPM1",218.614643308205,0.8333201097469,0.990420240265386,0.448583255626093,214.586525433762,214.904394862806,0.643054708072992
"YWHAH",0.887574169548277,176.036205635778,0.411580576493317,0.889572518296485,0.6711424188215,169.469292833725,0.0906382553830047
"ZBED11",3.77045166606658,0.921865833581249,0.489933527700206,0.282315103194577,3.73985330759045,0.952717084881027,252.584225588934
"ZBTB10",156.85206597198,0.684965499863832,153.044262619154,0.465462026049009,157.16172341281,156.027907941511,148.876652390436
"ZBTB16",222.963202165387,0.44571473292511,1.05007523480674,0.63690181061052,0.751960827327781,1.24407026518692,1.61096186480216
"ZBTB18",3.96141425220636,203.416972511556,0.625848164036202,201.717770345779,1.48740899493243,0.548994669621484,0.517810209784238
"ZBTB20",0.493823659184074,0.681086970861314,4.42962361624525,0.303655164013905,0.811828460765893,159.447021480156,148.49305832268
"ZBTB38",147.119716082616,0.788228731324773,0.902261719919015,2.5162612160447,3.90629766419337,0.927298489974717,0.334280719008571
"ZC3H6",2.21187804511287,0.489282197325958,0.836025825288106,0.603223446591714,0.795885594408784,213.183867617393,0.973706304697529
"ZCCHC2",200.996200893341,1.18692172608792,5.05860381272391,0.674382697735661,195.822633499568,204.723731418459,1.45432526287122
"ZCCHC7",0.601058527975527,0.497015674105358,1.38877810815643,152.45828688893,1.64399595373216,3.23610141051689,151.777290120469
"ZDHHC2",0.548730110233834,0.545723311871244,0.710789082667116,146.395753364926,5.32368369613316,1.53077546014395,0.468283250999434
"ZEB1",3.70744158896461,219.214768262995,0.443216115781895,0.379896563006574,0.717167966219594,222.976260677376,0.430711767675206
"ZFAND2A",0.616317134201359,0.882491575385367,0.778417302253735,0.573884185897667,1.52886063560272,1.99026191559796,0.784881455968746
"ZFC3H1",203.494798997966,48.9050279683663,8.26342758644159,0.694247061050426,55.4334505544701,213.730255618401,0.84500655014941
"ZFHX3",142.557272281455,2.77811189548582,0.827885975654027,185.569698220471,0.471422527053346,1.53980097307688,0.325378234009232
"ZFP36",0.958856217958784,1.95695811365674,1.68104305972079,0.347289640121828,0.561480273749642,4.0373445225511,3.11594022562712
"ZFP90",212.892828945405,209.150100756163,1.3091249881963,205.71850662496,0.588319825731707,0.951482506713393,0.410014517036068
"ZFR",214.556054271387,0.305244436963692,1.04937705882316,0.637195283367383,214.055074216059,203.081924635045,0.282519187461711
"ZFYVE16",149.192683787296,0.856301588948159,0.46932136932919,1.26516387869298,1.06326466726672,153.277792769454,0.508593334741636
"ZFYVE9",181.719104179768,0.631434229654586,223.410067459568,220.532079056676,1.96952460111229,223.39319405584,0.291367903552734
"ZMAT3",0.912247900174064,2.16598508665878,0.7508494234198,0.727853437567559,0.562794847542664,221.799618969716,0.227015345177462
"ZNF160",213.876513976093,212.97497855559,211.953818434328,0.680469116188813,0.615525133393693,1.13061581013281,209.771857805129
"ZNF208",0.84135571288785,205.535035168706,1.0047068663938,1.48341984148756,203.5149175266,209.300984039986,1.43324999171035
"ZNF281",1.22964421001301,0.781847772413201,156.305343554781,149.072156168438,0.77631308046643,155.875464972245,0.608072575457204
"ZNF292",0.537336799424267,0.7128440771585,146.103928125305,1.83428347926261,1.55477389575754,0.546270595963675,1.34619220350336
"ZNF331",181.030844433325,192.159271250638,1.07763133361897,0.83889525607942,192.381277272897,0.698343093657507,0.554529657310147
"ZNF358",0.801368293638269,0.536148402033952,0.552352155178659,148.745804362834,2.91488259353063,1.47473464531914,0.373712076467006
"ZNF365",157.255941794157,153.438127392009,3.35270240627206,0.281489910993022,1.24982791685702,158.970510032833,148.707011737968
"ZNF383",0.80180443771766,1.04596873533495,1.07795160476908,149.261172270059,0.583601933712515,155.993691696132,1.72284711215147
"ZNF385D",158.201768678102,152.302065098285,0.798557733366184,149.689824142848,1.28346530712282,1.43175250515525,0.145567165019238
"ZNF395",157.378616013516,0.803676199522689,3.72692655261179,150.754000429819,2.55215786659018,1.23184244463054,149.356150687513
"ZNF451",155.907476962254,0.714451849328674,148.635756109863,0.646461304825738,2.52026140268083,1.18877466943155,0.798842299267185
"ZNF483",209.87588934741,3.32203951471488,0.714295909753798,0.620553479127029,0.35869550681024,7.50334084102018,0.192931608128053
"ZNF493",1.14258257346969,0.895467859922048,4.73646358647042,149.01190865787,0.832865048963169,157.239493645864,0.668681877247105
"ZNF506",157.493523155202,1.40833282865836,153.544024527027,0.419163050201165,152.777930621299,156.826081665885,148.952276667545
"ZNF507",156.096708509445,0.842011864613135,1.25660495289511,149.449600978351,1.22882230821435,2.93230304214999,0.609212146603349
"ZNF529",157.33295312835,0.921603893883862,0.94173899731363,149.246735332219,152.571906148565,10.3721039041214,0.341568853867227
"ZNF540",218.036627728721,215.915986556146,3.73464238347283,214.328581115124,3.20216204558662,219.684401233006,0.369367766466752
"ZNF582-DT",0.47024242172112,152.94542303925,11.2947375935127,0.920918803276927,151.123656808677,159.891690736097,148.343322838108
"ZNF638",1.31188600114734,0.869027295818853,0.994496174843345,0.739687003714434,0.734497834062575,12.3356273004113,0.293377498588638
"ZNF721",210.461028700833,196.766684344818,206.767571618306,0.378699431727385,0.844431910252353,242.305546368981,0.902476460204008
"ZNF727",199.869933677129,195.603471517195,144.587477891252,1.17938143491901,1.30436017731558,0.876448591072074,1.03305669116579
"ZNF770",156.580909751735,0.568814735486116,3.10020237051751,149.621037878408,162.510310720438,1.67421055020125,0.31324310382371
"ZNF91",209.618984898365,211.834789897826,2.1107881907771,0.39192525582191,0.864231792919073,211.396070264404,0.509933612124518
"ZRANB2",1.7497037198131,0.449013582863043,145.72734522573,0.764742004401881,0.4215412244444,166.421813981473,0.248394259878019
"ZSCAN16-AS1",0.492235662063996,0.39964860160696,0.661976866955269,0.192647470550152,0.453822696653277,154.862272037842,147.601728770898
"ZSCAN18",154.564081370031,0.899390309839877,0.962530134919592,0.73246743995829,151.708767658644,151.683311373332,0.158378513167
