"","Endothelial","OPC","Oligo","Tcells","astro_fibrous","astro_protoplasmic","microglia_mhc2","neuron_dopaminergic"
"A1BG",0.883312934595821,160.911912987547,0.381370823399686,2.34743766115721,149.349645848396,0.626989471964789,159.204406407531,154.684788109097
"A2M",0.0624694567723383,2.63677697001927,0.902886076769081,0.421326051234003,0.192294805749098,0.601271694109893,0.956585021555172,6.03390788588163
"AAK1",0.464273270018463,0.956355786451912,0.781936172779585,999.993474315215,0.619243794384798,0.578617642720451,6.10010133034294,0.251846152835696
"ABCA1",1.15125615810999,209.61015135587,1.10298742510456,1.14374153475154,0.135413547756739,0.437772286599328,0.749124074630904,1.37967658255653
"ABCA5",0.586287779585494,0.45331641027387,0.29908887028413,0.755290526856404,216.284158570111,32.2276440860048,2.03332990061781,0.428405674798224
"ABCA8",0.643390368961841,44.0704236109491,0.156793705897208,0.864032942123037,28.3420998615009,0.757211568613074,6.61670844837043,209.812918710491
"ABCB1",0.125733603957284,1.97096467719145,209.18713792674,2.37425869294964,0.238715138507779,0.777547020353579,1.05934884933116,219.237949274762
"ABCC9",0.63582768101154,0.576555589619744,202.256555640135,1.18086112100196,0.346978208638584,0.481177647552408,208.225014133268,212.042945579162
"ABCD2",204.878225870676,1.92644832879918,3.27488463772669,209.142729999957,0.429088060938457,0.488799439023454,205.453808179723,0.819468062481423
"ABCG1",210.12902209412,170.866574777869,0.274778823109255,0.416408385788368,1.45652272321591,1.34636358334567,17.2827071875278,0.87012706712186
"ABHD5",1.48265806135756,214.268762754235,0.35053562080995,231.471638712533,0.319659496754939,0.433022476569955,1.59959253825766,3.63572174639559
"ABLIM1",0.332076044572509,0.652583313271849,0.457787185770994,0.601119384913804,0.200055416832914,0.714040812796909,0.496260332736228,1.70470624598815
"ABLIM3",1.18365887466095,216.954463865611,0.578721527854724,13.0063048354203,0.376610051872909,7.50732448082588,216.935680824564,0.569940134681466
"ABTB1",154.891055497285,154.38553093612,1.40028805956082,0.533550569304906,0.41449565941131,147.92740521377,0.67986323335365,1.40993647134516
"ABTB2",6.98580280297945,219.497790479172,0.223012981412405,0.902325683988789,216.65511502411,218.586409061712,1.4036481624288,14.852398972887
"ACAP1",155.525792775032,2.39374360511487,10.3143685193083,26.9929029282336,0.364773795098421,164.414278764588,3.32076227224601,174.326954592627
"ACBD6",0.971950898346903,0.784055997096762,1.27722572993342,0.569134662033026,215.88037546705,0.598534691939065,0.626016607458336,0.690722426320727
"ACOX1",0.465439246336467,212.885924469915,0.89839959271136,0.527250235180598,0.192142778374,0.803529036366813,1.28819179851881,0.512246391528891
"ACP1",0.650594303669928,0.618368357338741,1.22489444409216,0.717505398878598,0.472869910032701,0.789416686202439,1.06720428846772,0.458036951520207
"ACSBG1",2.14604743254317,0.891415541317351,0.444561781244311,1.79402657819669,0.0827971251544797,0.265146076595305,0.561065841308828,78.9815832735852
"ACSL1",41.0675358018893,204.81545720122,0.21798463803529,202.790262776617,1.13461669116556,0.639343302863258,208.546664205554,0.943799303604172
"ACSL6",196.21435836892,0.570042437716964,201.596232732948,2.06503433742291,0.160912114369366,0.530001806791067,191.050889582565,0.225937503389581
"ACTN1",0.202363323502274,0.935015080514111,210.489467396165,209.798678583635,0.529137673737649,1.18643117022831,0.956261770063645,0.58621314973673
"ACVR1C",1.13756933581286,0.954195181510834,0.52415223179121,204.565785374047,1.16085813411406,195.801142552307,0.679466726375697,188.050912493847
"ADA2",0.573051651917176,221.439799798541,0.867348339874461,220.575237879453,0.716605525014588,218.449869653266,0.662738714501754,0.48989963672966
"ADAM10",0.811430005305749,0.811753160121279,0.178036571062034,0.535917010302509,0.366242748085579,0.440141990573067,1.06472958298408,208.771017015825
"ADAM17",0.325638273373316,4.5390129653862,0.681471333994405,221.588156004855,0.39015391877615,0.952335808973421,225.592111632274,0.909185047395282
"ADAM9",0.588872390020514,1.7787650499702,3.43927740745966,2.29508518169046,0.332838371098035,0.838609884071622,13.6312615138609,1.38512533933936
"ADAMTS1",0.239458874970438,319.109587203525,0.233376097072057,1.11131605461115,206.940861248981,177.719511049325,4.49391650332473,207.73614457595
"ADCY2",174.148963294546,171.25836484299,0.855412090126353,1.47242132410313,0.115700404567074,0.338581552657237,171.342846360993,0.329906536191648
"ADD3",1.80965065964956,4.78377708074734,0.156579696441496,0.22729770305216,0.104709881341203,0.19032990150137,0.497990923924636,0.502983558192916
"ADGRB2",1.22072247330343,1.12446962855603,225.205043980056,229.262986657543,0.196396828390848,0.388264693444581,227.5801036014,0.498320554009932
"ADGRB3",2.30494630066082,212.90149765492,208.139662763575,209.888511916322,0.16467525891871,0.476428058756108,1.72720845473709,0.310726124599957
"ADGRG1",0.380150619735749,0.72528384351254,1.52990390518193,0.842090139188265,0.134221260468944,0.274308495536771,0.352308066447551,146.991422831217
"ADGRL2",0.253037539729381,1.14098230292926,215.372646809419,214.540301544992,0.817756371393685,217.348041678461,222.3932884462,0.90238665210863
"ADM",0.52578897171278,1.5859820863618,2.13374340393811,204.188094638371,1.07886949705367,2.95397572630945,201.259428485954,1.54487825363004
"AEBP1",26.1594371116825,1.54496761067655,205.078588776735,0.697850881213673,0.10813089828005,0.190286409870868,8.97360556102728,208.804090377766
"AFAP1L2",0.276687469572088,213.467272629179,1.05122519944866,0.526306010246543,16.2797989717977,210.095042409559,215.131870965583,1.07976653226505
"AFF3",220.092455296553,1.11224603097538,204.034150559753,2.30922703931632,0.292330229175355,0.895777864986457,230.384266570487,0.444627545806943
"AGAP1",2.14764902349251,208.402123056499,0.171713693087503,0.663130429535831,0.957947948164674,1.78932903450957,0.465777958723222,0.951395179049735
"AGAP3",0.614223272186103,0.911783067961045,192.310122109373,0.548589236213411,0.269414075091006,0.463303269495504,214.341893331294,0.361667438666216
"AGFG1",0.550140530123431,214.38404242803,0.344996303401448,12.166176453838,0.429444479869814,0.616593452129256,213.900660380364,0.449116159042928
"AGFG2",153.564733300868,157.983622647374,150.024515018157,1.0254192914917,0.181579697694896,0.974242462478554,158.2770278993,157.621852129075
"AGO3",1.19677928828662,0.658846877847308,0.250824782116036,210.245774960149,0.806827646540591,0.711607814392381,0.792814121985279,218.361278301709
"AGO4",199.343615167574,0.832868330842568,1.01133638408214,0.569541906863723,0.736675220015631,1.70270271753571,0.730349565434221,210.434332214383
"AGPAT4",2.63646974366473,2.44689283735808,0.134526247131824,224.20066700265,218.614514667948,1.26000811434764,224.073088321904,0.957165893030235
"AHR",215.677801795294,1.09128495476027,0.324895942329941,215.710866404059,213.650117150985,3.64087270676849,1.67677767021188,4.36316620195665
"AIDA",0.540993129350846,1.89318920774841,0.410582089542833,0.988775782625802,0.411884896128939,0.754399686994182,215.696782995913,0.503670226895791
"AK5",0.719789976632435,1.68122804480463,0.204676167218004,0.943619928650712,2.22072821108415,215.988085346331,1.30105862747456,0.347388134481187
"AKAP12",0.378384609231888,208.151328187428,1.66004407456123,205.748267279638,0.423273828261346,0.514290133398088,209.613769873443,0.17681006857914
"AKAP19",216.625161045557,3.69881225754056,0.418499072628736,210.052665253562,0.653651751874915,1.38983751686235,2.80650059310038,213.165385055879
"AKR1B1",1.34861269298333,206.957314500569,0.54806726050967,6.19209454245585,0.149315706872679,0.3286141584953,175.471288620006,0.294833217052467
"AKR1C3",1.16508020888712,371.054631151728,2.09462363211105,0.916977434989677,0.347029367465311,0.675906463389748,1.79287540746211,229.816844170983
"AKT3",150.604198815092,0.435673448342781,0.389024207678517,0.595759308003716,0.248253831811433,1.34142673709502,2.78890227465015,0.648909281182193
"AKTIP",1.76286519384164,1.8977040554186,0.247900484949756,209.98945559309,0.507968478445314,0.660642441053476,0.54090033626005,0.456421235140476
"AL627171.2",0.262389718189507,0.540410247097398,0.079366031051049,0.19547738204935,0.0574947403428672,0.100475443433781,310.252362641164,158.533566258911
"ALCAM",192.758707124458,0.45785250349576,0.152844884961132,0.490481298321376,0.669758096886166,0.393713236623449,3.07523780973347,0.479216864956699
"ALDH2",0.44084521392117,181.312366377401,12.1876369199547,0.318542643014251,0.0729202093757432,0.231721565856164,0.633968107825484,0.440836413587791
"ALG13",0.512507983461312,1.10892296140655,0.425776721982206,1.15775084043751,1.1427133253008,0.867980401565975,1.71117585452153,209.960838365615
"AMFR",0.57849608970748,208.594760677947,0.237309625213958,18.0954205533256,0.29603677461484,2.43982810107655,214.188735129719,0.80002842779664
"AMMECR1L",26.6791438171817,1.38220347939434,0.644609627195137,1.02776634991086,1.95938041697093,0.999879775521031,2.81211134642465,215.631365226812
"ANGPT1",214.993324721431,212.99964490341,0.659607019598824,215.286251822974,0.6103033473294,3.36340413860731,5.33676773023881,1.18261209411048
"ANGPTL4",221.341170061481,223.968925988398,0.495524587348877,218.565345673234,0.303722096514068,0.967038938157227,225.611363305091,1.84213773326656
"ANK3",0.774466911033643,192.485609934683,0.147580805112562,0.361422926721302,0.429820172206334,1.40236664379092,0.983792866690201,0.34823637839492
"ANKH",1.33860224561771,8.27353261742896,0.189053352689598,0.757396990807691,0.977750921452019,1.68468029468384,0.376846069373267,0.264523034444364
"ANKRD13A",208.129782858924,206.778100419078,1.15476913763488,195.867323181156,0.33782872486826,0.428407756184265,0.756279287834602,212.29185453215
"ANKRD28",11.086540373403,1.52585517164467,0.273639908744237,1.5606000650506,0.758241227085151,1.17812343808511,215.551626502023,0.74476232315457
"ANKRD36",0.631910427519188,2.25653293605621,0.367725373628017,1.04446034094433,0.401584160582622,205.345600870204,0.913481955883759,21.4777366094282
"ANKRD36B",1.31339046563575,3.3157195432976,0.38231120219022,1.74400019957415,29.3310488910751,1.90083295557688,0.706161521730254,180.224915522524
"ANKRD36C",0.920749069005727,222.927031423937,0.419840908133047,221.845035783267,0.257887145989997,0.375233824449834,208.26267051555,215.798940470064
"ANKRD50",191.550064581406,205.421863522956,0.474898370132428,211.686480002831,190.711479548264,0.704704055589415,194.723029830432,0.361995758541403
"ANKRD6",2.37449583996317,0.748884455350939,153.523659436563,17.4472113258986,0.542368778239664,0.681688946638185,1.56974736029155,1.39640568464296
"ANKRD9",0.824645377638831,164.877121205368,0.719348271491721,161.42680263585,0.21654615674288,3.44409163506243,164.463206982259,1.09452878688058
"ANO10",0.740020740081491,6.42173450723358,0.521587937515254,0.824437167323265,1.08491641912718,3.39522072673392,211.107538756529,0.545806977145773
"ANO5",212.884918999796,0.691320914618711,1.96289575062128,7.29791705260719,0.483224652672159,8.62595673776837,2.36889953039069,0.552975650180073
"ANTXR2",0.522851191704403,1.17881831901011,149.503127572616,155.146660828094,0.319153174156293,10.7759710868578,157.892945357584,151.204814941147
"ANXA1",0.285448214902117,167.034928300246,0.482337345136949,0.768310997761082,179.160466428054,0.825575170425902,1.50100629882443,200.239233261257
"ANXA2",0.223210992415729,209.093640963851,212.079032698276,0.911557077444804,0.304532550445954,0.557585111160346,217.204872701507,0.635690074591256
"ANXA3",0.191061170429464,213.490126646473,0.60862793772981,220.563305946268,0.879915116503453,2.11538874362995,210.453579170086,212.503012709061
"AP1AR",6.31419355361924,0.680872927759475,1.51378923680005,0.587773663643835,0.548752792910718,0.611905137342787,211.298685407223,0.94215980490345
"AP1G1",0.514233687435588,217.087618562196,0.392338500396371,1.8876619458411,3.68245572229914,0.796965838507,0.653958792670554,0.580158649278658
"AP1S2",0.432727416506037,1.19424401432634,0.231906698103731,1.7183034021314,0.86265857155012,1.10316950950585,2.36970840502106,222.323836484191
"AP3M2",0.493811040379476,0.665476446031591,21.2393319865824,10.8727416108903,0.436822697923366,0.879858143685137,1.11297465014497,0.244097351137005
"APBA2",2.04930401505236,0.788159962451622,0.334202226967083,0.834434322462783,0.293400817080286,0.813458900792786,1.79099662971447,0.861081657234352
"APBB1",1.1608973352773,0.691370223581643,0.137107514710983,0.399712607262115,0.242445011085022,193.783500005347,191.522086823788,0.191851043653126
"APBB1IP",1.03323809077238,1.76821318107188,0.903930815692408,5.38125047884426,2.6288039538868,0.44673397289022,0.342728260888346,148.302496941987
"APMAP",0.4132075429359,190.902475793191,1.367003573517,0.548401900459832,0.265921825249521,3.56937154744829,218.067663581723,0.297558227668565
"APOD",0.247015705707849,0.177130066853706,0.0837458308127303,0.349525437640085,0.868836000585969,1.27106821454991,0.589916890019341,0.746299358769263
"APP",0.265485979269845,1.75119197125322,0.0807814359485281,0.297009011518243,0.272281074057324,0.334893038347386,0.791940184129723,0.204173207919515
"APPBP2",212.139666226426,1.13096224924396,0.373321079089602,0.578148114580799,0.301977507272474,0.678082542145372,0.727382114980332,0.486324033483046
"ARHGAP12",0.858760497266141,211.74359335942,0.35135523777231,0.797153567803582,0.308411510735663,0.608982350541945,2.18211804652608,0.465195339761255
"ARHGAP22",167.454473777703,39.4148387515513,0.289209476014725,177.50991063941,0.632030132276269,164.821387126445,0.919891280290717,164.622203651677
"ARHGAP24",199.394227682911,0.788095348130142,141.007843773168,0.629675279039485,0.644963866043797,3.03335683410954,200.822597875858,0.631558769791265
"ARHGAP29",0.213710950503923,219.500704626042,1.41909555681932,216.20011010143,0.527593357961151,0.542711140654008,220.200573596616,220.874236251615
"ARHGAP5",0.38788515979404,188.374290980177,0.171462613616793,0.387512141307438,0.150187783102912,0.314870769347766,0.517304756446964,0.283865591785566
"ARHGDIB",0.28939136732339,214.48636820887,3.97186012208577,0.826770252640447,1.12389793392617,0.50606179348748,0.46838773915779,1.49178281698939
"ARHGEF11",2.18484826271409,0.837857793089163,145.979146556693,0.713624947300439,0.532367452597137,1.14241912273822,154.408015471788,0.281922003107738
"ARHGEF12",0.34446950218108,0.84781555739267,0.36411003072891,0.811544143569533,0.205063605400896,0.422086559562378,4.40494006855348,0.907735110079986
"ARHGEF3",1.43059695426124,1.04858046244811,0.750321510746009,177.459763432279,1.3388673450948,1.48267717860155,4.19015219560944,0.897837903472763
"ARHGEF40",5.73317082883692,2.08736858150373,1.35382662718938,0.725293417050319,0.261302338327802,0.542988592417817,1.69326136964664,0.744116069538903
"ARID5B",0.765640683747685,1.58370506436051,0.35473992464357,0.638158820001673,1.67040372753608,1.65923964848301,0.876851304305288,1.00158178119843
"ARL4C",209.698047154683,1.71428666206808,4.17404221777356,0.711628531390449,0.289468187374479,0.994548309946636,215.298139574511,0.718125080694974
"ARL5B",3.54123740116134,0.900537172465452,8.0086473974593,2.97725788691372,0.333292797716905,87.0580498856514,181.465606621163,0.798633911845538
"ARL8B",0.573423911482635,288.979617855233,0.256035649403128,0.994173753234707,0.419968129957146,0.630682188888994,0.749260823488918,0.350084641286935
"ARMC8",0.976349071279331,209.158705628147,1.32427495281618,208.919793239338,0.265483439391539,2.46609935234139,205.70088230857,290.11271439098
"ARPC1B",0.277932335217994,1.07466468580886,208.708835421488,0.858767093253929,0.458357982099404,0.636036251115633,0.523023896481153,0.964867725263153
"ARPP21",0.524229697918093,0.523400145980045,215.257631441019,1.43221837910492,0.618294484297395,0.493493653109801,203.055987721626,13.5012377555456
"ARRB2",1.77899774807946,222.807815087656,217.428208160351,223.027792648165,0.314002710772254,0.614185107934486,23.5225580649107,0.704520813229938
"ARRDC2",208.683134621398,214.307028948676,0.203509461604794,1.04879345600266,205.26251143082,0.520195314881844,214.178271104703,0.647697120103998
"ARRDC4",205.317026913866,0.601692745590299,0.279588474104961,187.478447415742,203.141018233556,0.838189289006166,3.46872537802471,0.548670596786905
"ARSD",0.779301327118198,0.70190309938145,207.607118895164,1.30725887050116,0.287588990051862,209.129009616232,213.57120752991,0.942124165400139
"ASAP2",0.857630173283735,1.74524964576377,0.466331808456791,0.740396077081906,0.964779614737058,1.51944062209862,1.57017207624828,0.501570964554882
"ASH1L",1.18246055565009,1.29894152074463,0.206530408697378,0.523289970906743,0.201909665923543,0.302872525324489,0.806973634743698,3.46499263330154
"ASPH",0.367695601075323,0.46620345139317,0.937105578565938,0.672631258692285,0.132028211105394,0.452295769272235,1.67364604483694,0.334183892597314
"ATF3",197.410809636267,200.089358247291,0.415164220457936,199.014254482449,2.92101787225536,2.3753437286311,200.617098342423,200.070053546393
"ATF7IP",1.16619390702345,0.949900679940363,0.281243495554781,0.412214565259937,0.468173840562998,0.770213452994121,1.36176099181732,0.673626196222952
"ATG5",0.735684767055296,1.21576919599496,0.682245259904007,214.318281999661,213.038678380039,0.994474066287111,1.25506338491657,0.914590041267067
"ATMIN",0.792258006410837,216.909824712444,0.363429090139953,0.639567278968556,0.396145788562283,0.599583035352877,218.64600135339,0.249911151344992
"ATP10A",0.249750508841721,213.517508685639,2.11065055051308,1.41118159305579,1.05396540686179,99.3613690417419,1.2240848932658,11.0957360139878
"ATP11B",0.817977081937521,202.493212928949,0.695504725273909,0.948557194364902,0.742191478868485,200.834445508825,1.33738208215524,0.887793226186693
"ATP13A3",0.867587907253273,0.833888477646802,0.861925757192659,10.3153662589543,0.34108276531805,2.63241389013886,208.077595043514,0.878292838595064
"ATP1A3",144.352412398258,149.948473940476,141.30035386574,148.407957814765,1.60351255679604,147.639907985745,0.590794902116847,0.143435302689661
"ATP1B3",0.82323301187185,0.63851599978408,0.294801747866198,0.5797779802313,222.257723092237,1.46209162253119,1.22254236397693,0.303373567285676
"ATP2A2",1.3307129195365,195.350182708849,0.300744073337428,0.270752279656854,0.179803966746766,0.487600444973375,193.353513143227,0.252737158840146
"ATP2B2",0.542923471913353,211.238045317791,0.632636122054066,0.466361071241273,0.244692504309887,2.53950973977865,212.884174891337,0.255373290831149
"ATP2B4",0.744034847893851,0.427033470648297,73.423502204893,1.43172436750449,0.143012520707823,0.487571281689525,209.343022214568,6.69016206344483
"ATP6V0E2",0.485288369615775,2.0345202189696,0.317639999016768,0.975604510154234,0.216224388479307,0.421744493149916,2.44637294208717,0.204155343206189
"ATP6V1B2",10.6094947929024,183.380487235727,0.397867877956747,0.716635552281124,0.860021685962582,179.983788647077,0.764389451770289,0.1003449535313
"ATP8A2",151.312316344941,0.95520785698845,150.882765767186,1.12245083616286,0.619496721935465,0.927415451590108,162.613429691428,0.159898831994907
"ATP8B2",1.54737070904614,218.373995396815,0.71641416581014,0.556170285310805,1.45488644952091,2.11978489360546,13.4970601900075,0.515060267986092
"ATP9A",0.55083203325099,192.044889107821,0.274344522526989,0.622728588169672,0.307779195984879,0.359019950583394,0.606835094647559,0.3751923854956
"ATXN7",200.722063526596,0.89640492688575,0.93795856765472,0.874901434574992,0.801321610222477,5.18184165697344,10.361724631998,0.819062554082462
"AUTS2",1.10680868575448,1.36810272847407,191.627618100946,0.648432634932595,0.1169275530265,0.230675014122754,206.74739562236,208.869922329912
"AXIN2",0.293804795954961,166.722296831026,1.35270591477221,0.891075204684013,0.593324373912365,169.126086076115,167.428162466682,2.54734474342177
"AZI2",0.587301441982893,2.41597565615069,0.660338045934925,1.00853889098787,0.441313218958568,208.630903513904,0.720778440009446,0.370615799051815
"AZIN1",0.361444293650362,0.91362017621099,0.254206025283659,0.78672527448022,0.409453221221244,1.82129214773335,1.28199559725739,0.296834364464771
"AZIN2",1.29502271609089,219.590840504298,0.440582269859181,1.5046366602597,1.32841725855855,73.7089780088154,2.68034526991715,1.15346347541757
"B2M",0.0573616471363935,0.632368337408872,0.123549679473777,0.229679713490447,0.139707858417845,0.201358180361802,0.303914883149377,0.842680062656081
"B3GAT1",209.133944108319,210.904648633698,0.128485805028456,0.485748836544907,0.276420431083776,4.86894354895524,9.7496136937802,204.314277544046
"BACH1",0.378867843199739,164.448877192939,0.729958338123028,0.541291232181156,1.40641393592565,1.25164650878426,0.35564835303047,160.579919854975
"BAG3",0.997307713779253,1.22471184360526,0.656631656928394,0.405968953377513,0.163145092642472,2.28299346469242,208.939959844854,0.700507887164918
"BAMBI",0.327187370978124,222.422109827827,211.692158856248,0.459019495508137,0.463043858871704,0.930827708137483,222.206968234076,0.957868927351625
"BASP1",0.887921254877622,205.612220828452,193.239659452215,0.777435486023659,0.273609797435026,3.23447358675236,154.257396968327,0.121213401180364
"BCAR1",0.51948906427237,9.05909235758087,0.569330862942767,0.555030111118762,1.36733320139192,0.729178790094237,1.49857804072235,0.607453609394084
"BCAS1",0.338619901530157,0.551004199685655,0.0919161485962292,0.351913454531245,0.0970538253846453,0.133481346125541,2.05213683071603,171.165272853194
"BCAS2",0.360964637530471,2.57696466781776,0.469410107044595,1.31271194206917,0.759583098577467,196.873762255894,213.315671395784,0.358666512267168
"BCAT1",207.344005189275,0.718793875277158,0.548300260739882,0.744690200804955,3.68631507116817,1.03127309793259,10.1472602457206,0.146491287685344
"BCL2",1.19739707976281,1.20112286156366,2.57239602105089,36.1152401070772,0.221443449177265,0.423931284795277,0.487815267353879,1.00817607068137
"BCL6",0.850564439140415,0.576748344402793,0.451107924613819,0.709862413567305,0.263512955073765,2.4256740725252,216.367537995274,225.593551386898
"BCL7A",209.996446926417,6.8944196321372,197.37461177878,205.048825574232,0.459550815388651,0.580040592959675,0.722300948177199,0.598655470644453
"BEX1",2.66628789751432,0.534327105316656,0.388184567853346,193.315471265769,0.228512947245439,1.88865085458119,0.544470133493294,0.182495840159969
"BEX2",181.715097033415,0.694226425067355,0.365662955208592,0.772272777077641,0.435203635033465,3.10728355280957,1.37946949263419,0.252545438565644
"BEX3",0.410409288256639,167.727363747193,0.391877065263169,0.29018280117169,0.0930871186991604,0.308225082701874,1.67559251421264,0.304893529655768
"BEX5",76.3647149432324,1.47245977305292,0.813725332123349,0.77285452288825,0.569575483736426,0.656000764233394,2.53298481516078,0.209604784038595
"BGN",0.220156024673598,0.418518822487784,210.609123847641,0.849454869274521,0.859543887145324,0.943630298095521,4.75682775554185,216.080230533076
"BHLHE40",0.561357538296182,1.07812820604231,219.729129914816,0.463922220052916,0.165011306123445,221.894442879081,222.809626927851,0.579700458720377
"BIN1",0.638056139421174,0.472813493314788,0.0960702422114969,0.338659807350613,0.900316740770847,180.97640820884,2.11003161509334,0.296002287797976
"BMAL1",217.689309481434,220.910754496502,214.166274409204,219.058918130955,0.192122933991234,0.864623891428455,7.80070353154132,2.61475047836507
"BMP2K",1.89409130654464,1.62323811318955,1.31514531781133,1.09067413594014,0.217945729789891,0.468988164724879,0.614421079182018,221.49622934887
"BMPR1A",8.81095333578384,4.17601282118984,2.08123352572307,0.459973241586466,0.3880413579966,0.400754738441374,1.09521776756104,1.30226644030115
"BNIP3",0.667080662218245,191.974535908515,0.266099715909613,0.396125511441674,0.22342133885067,0.679269139874663,0.603339930145883,0.204766056456458
"BOK",0.7413098531964,3.83555536658954,0.0951129508461441,0.758565918961135,218.464985368148,2.1228428725776,0.867001001470715,218.328885745363
"BORCS5",2.09856464312793,219.948077712391,0.387802801392843,216.79983437855,214.575585735155,200.695301949532,0.536331039471831,0.414988539718306
"BORCS7",1.57111720915,4.38867847448577,0.278097838723611,0.441919352567314,0.28919775713509,0.655559612416948,205.230512313319,0.492669931546291
"BRCA1",240.82032419087,0.851402667565548,158.503870195573,49.1852127024833,0.32265353535269,0.69374263814119,163.570768493219,170.993783290805
"BRD10",0.953613037697198,0.727449998349337,0.427326307085721,1.1213825392418,0.241706382593334,0.304030433533707,0.587895730232133,0.764991703507445
"BRD9",2.40105221728984,0.680541074581836,173.893462980091,199.904875587806,0.196601967858589,0.709834833784533,211.949146936839,2.0436478045711
"BSG",0.147234403932093,1.51697662887433,0.291120920600264,0.909972117327574,0.125423626990836,0.302524909693757,0.678802498500684,0.354828698706144
"BST2",0.246118298805813,4.85538615000953,205.521003832985,215.71889922992,0.28222556422471,201.259930550734,1.52325703654563,233.451169254039
"BTAF1",2.9893955481476,5.06949083068193,0.427565593671659,1.18491739434141,0.493343367145138,1.14320531909787,130.80072373399,1.06795597307196
"BTG1",0.255928635978923,5.2725336348507,0.372917371128417,0.534970008007676,0.862035461406876,4.45999868637244,0.476972705721498,1.07484350979438
"BTG2",0.478187167924031,0.608475674594697,0.572037016429952,0.518874473244615,1.18970546533578,0.824399040024907,225.195128587584,221.732027773474
"BTG3",0.800655204703993,193.458910108068,0.538156064570711,3.40468852500753,0.541799133223848,195.213551566553,1.4400865185162,204.933579000274
"C11orf96",0.228120151163424,99.6608253175425,0.534246509319375,195.790487252651,0.671900300918355,69.4912061968805,1.71530123917326,218.876476473409
"C1QTNF1",0.408814326613865,0.501755728511975,147.93464304963,0.437317787264803,0.449393171328647,0.626315748376971,0.613168318754792,151.043801374227
"C1QTNF4",5.19971711456194,200.069976708204,199.292762684529,1.35709791895056,0.0711653051150764,0.251012733516491,221.710034141719,8.72130747030051
"C1orf198",0.567091005882737,0.842281076288053,0.174285397197374,0.50111080592419,0.267912576644337,0.715165231444736,2.73078608982974,200.556159071615
"C1orf21",2.04428810103492,5.1701233273016,0.570751151182397,200.060627180288,0.417532400234988,0.408842736177167,0.75750479056426,1.32718575031954
"C1orf52",0.976269327530751,1.47561670568859,0.375791096520184,207.984993929619,6.95041371994762,0.943810144186176,0.567947223483077,0.362209158080409
"C9orf72",0.805842963758342,1.05773404729604,4.62743227258076,1.33936710236504,1.33049279950618,2.10154528311764,151.337346095014,0.386829477323189
"CA11",1.34624228110145,220.148870432419,0.358358202833266,1.0582651694682,0.359379003491369,0.897647144105604,125.750417331868,212.725887425654
"CA2",1.14709336428935,3.54119182927935,0.108247302647054,0.352858683793529,0.259544675426878,0.856965291032077,2.38487596944868,11.7210536838723
"CABLES1",1.00962126932962,1.387579793951,1.60528119052268,189.571578992017,0.138744788901646,1.06106188032751,196.253094208444,0.398850826498135
"CACNA1A",6.03691497149154,0.8189760714236,1.68911856779108,0.615207287444947,0.52375625997626,1.18566882161131,7.80978411743746,0.246036406331001
"CACNB2",219.072489820668,219.881089062999,0.920215856374969,218.391642464156,0.624913754192465,1.61092362466084,221.72080273932,0.362736502697058
"CACNB4",1.74456641524926,199.585307147403,0.580559060676824,193.600084006924,0.605762857809559,0.565634838818757,195.762894501891,0.213762446181521
"CADM2",178.917850611882,0.432610151332649,0.164220211523801,0.982576472766497,0.133923901982204,0.309460399604885,1.26086705351122,0.184718704080424
"CADM3",2.49379127175337,3.69551872578644,160.670725485437,1.89070483596279,0.17285223173439,0.417343746174632,2.5973256142766,0.218064414977541
"CADPS",179.452209054008,52.2649859844247,0.790576124683098,175.156102855147,0.483507871150408,1.63696242775736,1.26748250472846,0.131552519161606
"CALCRL",0.470100690385311,0.85737976599667,10.9879319072808,175.332797234506,0.638168268694135,131.730277205114,0.940427381054903,9.4096617593716
"CALD1",0.187228802070071,3.89310818659847,0.726072919377337,0.885688748918397,0.279654443719143,0.333063536544039,2.29985595259015,204.814846789942
"CALN1",203.263291650845,199.547055861088,0.807868701905421,202.288422801236,3.23024839506989,0.354339718408261,213.287690231228,0.286528011714253
"CALY",0.904941813138089,177.019163558103,168.04161457572,1.81195071434593,166.405165886245,0.728766362921823,176.577765361321,0.135048168859704
"CAMK2D",0.815587360337584,0.900095795973249,1.54126434556942,0.961123787294752,0.40711651591026,194.387327509268,0.779849701933891,0.191572699438666
"CAMK4",205.678460113606,6.27461064147771,2.79848175949773,194.108590661838,0.655945238647329,1.33116666227723,999.990376533115,1.13427946159251
"CAMSAP2",0.291011454623992,0.480792663359054,0.303475478098564,0.389380123052607,0.569584799094228,1.10766724056883,2.39500544501798,0.275158315370453
"CAND1",0.911627449747592,43.2425547750481,0.386132919134598,0.668933632436285,0.255197913921715,0.580305756368599,209.388493700185,0.348147423788854
"CAP2",3.00991537438224,1.79167520992432,174.322416971887,1.70377453077044,0.608018126499158,174.125255804888,184.85567210791,0.226768502202527
"CAPRIN1",0.48073926393733,183.169181048267,0.444204763992549,0.532136650457732,0.260426378908975,0.464239090668974,0.481108517760132,0.393567060860567
"CARD19",0.796561245664193,225.490988140563,0.530361490295429,215.994221445537,2.32366053132233,0.600725973426,221.394176108949,0.737571131243108
"CASK",0.534392996285266,1.36722698003161,0.516607330537398,0.599697594135185,0.364450720154354,2.23646990845546,0.695240156205612,192.609319630087
"CASP8AP2",0.768247074820595,212.370144609688,0.861721485787893,210.96230459124,0.380360674305811,0.642818767538974,3.77822343043897,0.874531811732773
"CAV1",0.198533029278969,0.867040634734476,0.576755866763922,216.657595574759,1.64127744866434,0.88105232706172,210.047086851411,214.112384947746
"CAV2",0.231655549171028,0.969075616415226,0.339453802304988,0.613411283803835,0.918461675019281,0.978772291764123,201.905832031966,206.167871013501
"CBLB",0.867740099439595,209.559907905205,0.692972409904808,207.379359566608,4.62522516344797,0.530866642649541,0.579558009624821,206.207317840737
"CBX5",0.337522013602299,4.86573202560235,0.218731457761743,0.391414308751535,0.410589883753444,0.755711227117923,204.118313004801,0.550638683449976
"CBX7",0.425391599986829,1.230755965561,0.870997678326727,0.421965183945925,0.45750267345409,1.36851520992555,1.66511552168853,2.01531879932985
"CCDC102B",195.997775790589,0.818162904276226,0.294751813959176,0.792292029424635,197.984235710337,197.536984130912,2.13403979612066,1.4677115840425
"CCDC160",2.49832324200276,215.439601330139,0.499581645062275,999.998405202504,0.828123283175199,202.164534272306,0.812179582712091,5.04280933153981
"CCDC186",1.56758335815543,0.407555882944777,82.8739347624724,0.524423484490683,0.308827794840564,0.476939894093501,1.08077073200477,0.608388659423114
"CCDC50",0.897286504456258,1.2522368540313,0.320170504893956,1.92262600583776,0.340902660396649,6.52699697371203,81.9215430895759,3.22759244488965
"CCDC66",0.608356249048312,209.70353029503,0.576234310125935,1.37585520281113,0.550951156917884,194.63804406321,0.600092935623774,1.67722649320472
"CCDC7",205.348091375321,0.523323592068382,0.693791642890174,198.012750644043,0.477752194336356,0.824074798892714,1.12713124702399,208.499046870574
"CCDC91",0.954346625335618,2.01956565210283,0.322017408111424,0.319342089139424,0.283251614828954,0.910092868795158,200.375652770888,0.524845902814462
"CCN2",0.19151447261427,209.713966728348,1.64543742198878,1.09792403292742,0.927522785046915,276.679155233056,1.50456621285721,1.00776631933598
"CCND1",0.481706928756408,0.545946728098184,0.76336445354202,2.00184206937115,0.544443160781902,1.49642110373408,0.475363022069672,221.319980499663
"CCND2",0.693614130971281,1.72641306783763,1.50789885895225,2.25573358184763,0.460453176870031,1.8084082478269,205.27086397362,1.28456881291488
"CCNDBP1",0.787243464385125,191.360801879321,0.81685914462161,0.774922899966103,2.29573930116077,0.742105948077777,999.996983080916,0.485470569238312
"CCNG2",188.435844613144,0.55624440325662,3.39445387014857,8.35700721155172,0.236229741605069,0.618112146914131,3.59720564792564,189.975115358614
"CCNH",0.807855526729651,0.627480805849746,0.521496075293531,213.818037310865,0.5971893580367,1.06219348852679,207.066623870031,209.130310893052
"CCNT2",0.49834113500845,215.151958716727,1.23235303977923,119.430536935617,0.524495016704345,0.787311271411068,214.639030801191,1.29585852174555
"CCT2",1.18242439299076,4.85227506661594,0.638242658127974,0.695520501457464,0.524297987135369,0.505263790502943,1.70750567665118,0.313241508983859
"CD109",1.14972632576323,0.741138102884771,218.684910960771,3.26554224453822,0.247414146746548,0.531396683109464,221.964083738047,3.56373219059962
"CD14",6.38433916570725,218.022230919382,1.07316365218633,1.67963820838036,0.516297287993139,1.62527714224353,1.48054732092946,209.940646813438
"CD151",0.229825187453374,1.72789638351803,209.579534956209,0.727350353038373,0.478847479144083,1.34259349183584,1.91940519277876,0.450611816625652
"CD164",0.568602648066324,1.0085811424337,0.262828064669948,0.848089227966721,0.330656393075834,0.746748002629537,0.929952891420539,0.379002935674097
"CD200",217.99251615255,0.362438822490266,0.85480566893775,1.8388043748898,216.020769469467,0.547136776723297,302.513727489692,0.326916474313073
"CD24",194.388123214282,202.799769805789,0.352186346383512,1.28328040523324,195.667547398806,0.893825485464453,1.4212641991142,0.434278294981206
"CD2AP",0.355754490501874,0.701633365898673,11.7140638149532,0.590051713533465,0.808750043127111,2.47453703429663,0.953067304513424,1.06410212092331
"CD2BP2",0.675543470620895,221.142919559615,0.67350915968464,1.98980688375965,0.381105158891826,1.1827761418332,0.824792189317281,1.08602638761554
"CD302",0.786676583967132,201.037879670922,196.216492058993,232.152832452526,0.24804713681866,0.498944557547605,0.709997873256219,18.2812600722059
"CD320",0.20080210530696,220.058207567932,210.434594680692,0.846047295493495,0.616274428572625,0.857753758502485,1.16783626659192,0.373828065529539
"CD44",0.846653321546654,8.33855197194321,0.540107442553554,0.474022167561633,0.257316627796844,0.275123272851178,203.113024835995,204.851529568974
"CD46",0.182641358073629,150.194101338155,0.386248537014938,0.911103784352881,0.346365844725738,0.811374561122032,1.52668092366698,0.653481297010708
"CD47",1.25905731812318,0.920381286172322,0.161722829524226,0.334418658038636,0.48021837049025,10.7057881263774,2.56606644640751,0.346506663273334
"CD55",0.365411822268622,219.494210738534,0.333018409428708,1.40380180639135,213.655715273793,1.75588783483137,2.7866032138228,0.280830168243155
"CD59",0.152833705641323,0.488671959760463,0.397429498279618,1.77610594232068,0.133520997292595,0.273146739311113,156.677420509065,0.317067292806245
"CD63",0.191996584208803,0.873985801783618,0.216737280693161,0.463067423830155,0.165100681692867,0.572500369910581,0.846593187493993,0.310801568659778
"CD68",0.749997620075452,228.975712845419,212.924433073953,0.685080023175902,1.22203581076478,0.778479547651554,0.342138758483608,215.182403186067
"CD81",0.293384469261685,0.359276073128105,0.321562433629105,0.212200725302343,0.0562465502907787,0.112600837384032,0.292970541998607,0.449417633218588
"CD82",1.3566942569527,0.463066653693774,0.923856961532968,0.906456518298036,0.217264816455424,0.395995754480904,1.69237055247133,1.99174562500869
"CD9",0.333947857363251,1.10090871287301,0.126587361367761,0.445199968402968,1.09961844847225,0.322246944827607,2.74669281509056,232.12726001615
"CD99",0.343738258838174,0.513678309475291,8.98318267161513,0.606005570110335,0.0993983693963933,0.225641769148648,1.44187804177767,1.48421252690006
"CD99L2",0.63936256292322,225.797721663303,0.409974555813839,0.471699916281416,0.336439058352174,0.615395829675308,227.166136509844,0.325405231594637
"CDC14B",1.6853149720732,1.69551580927864,0.385274121312241,0.465822869910437,0.275528555390473,222.43474232314,0.735178840594113,221.637548610187
"CDC25B",1.83899754599457,148.743049978295,0.410248902380037,0.563745890194039,4.30767458083076,5.17451717116796,0.707001730460791,1.08174590452213
"CDC42EP1",1.00707434439959,208.975544601935,0.121613706125695,0.592186702474415,205.588294889678,0.686502642945941,232.283629942715,1.24130745678148
"CDC42SE1",0.567361383891727,7.55667752827007,0.679938926356758,0.885619949904578,0.541075809408861,1.02125039382648,220.023114516527,219.244696022566
"CDH2",217.509966068955,1.09192204342744,0.391005992576812,0.545642245402697,0.220682392610686,0.501426660603661,220.341046477351,1.81211558577312
"CDH20",208.879672871491,0.528244616276394,0.496688666464916,2.54736294751595,0.212960942222043,0.498283318533397,11.9856018891457,0.737621031577125
"CDH6",0.361574264432683,999.999997232703,211.116323348835,0.961293658047541,0.595437372270807,1.83636777781882,220.848490748625,0.403957338057815
"CDK14",0.503890203090543,0.995311299227966,3.19597545189528,2.35257744442272,0.986137942177508,0.75152959009328,3.50738672175612,0.210764411132869
"CDK5RAP3",0.589728613557339,221.788242123155,0.634896075371423,0.437979075312192,0.340243088050857,217.439632937016,0.634461580858507,218.944475487366
"CDK6",0.790933285272421,208.609181096639,0.24121311431348,0.622159933664548,205.333113865729,1.00429575017972,210.40430534087,207.430603111538
"CDKN1B",0.338476288747277,0.422909610657912,0.164470970615804,71.1960086688629,2.03329514763601,32.2234476525406,0.986757932139674,0.390670069277437
"CDKN1C",1.60996922303553,0.665577126805065,0.0921801261480475,2.03022059619179,1.27090349780242,205.755650269367,0.454784724606342,2.2041066708914
"CDKN2AIP",206.606746977191,1.05134236160814,0.851634432966771,196.400566363469,0.678236491485408,0.51317076988912,0.742643658444549,0.576766796870556
"CDO1",151.174341554905,4.81242745496237,0.770292064978298,1.06183785633362,0.5097020105891,149.502180525541,1.23524458680942,0.445774021935416
"CEBPB",0.527935868467986,183.808480603175,210.326003089491,0.875510408826228,0.216298450875409,0.436764878316995,0.766777499904306,4.44592089545744
"CEBPD",0.213386523257515,3.0136096987493,198.33172733139,6.16523606890443,0.430923579039233,0.482656101437307,0.415556187951541,62.7272787760952
"CELF4",0.509012723517847,201.764139448613,7.40695043256651,0.758371143121293,0.57050004169557,199.908167011659,2.50899320709352,0.0841785228730385
"CEMIP",0.26746606352074,9.83587488194988,201.166773544367,4.2152211858683,0.499261101792894,1.03475212485562,207.529551076631,205.972793595128
"CEP126",130.117032339625,136.742246982787,0.632122422801347,0.77108280190268,0.270220114253333,1.1788688654142,0.962679106941531,0.353158203577509
"CEP295",204.22281050998,208.624848750335,0.231371618692478,0.524840439375983,202.327354377514,0.694868263007497,207.427007245338,0.589174304161037
"CEP44",222.699426325406,224.722915579054,0.226295195502525,3.28494717696138,205.3072554342,0.872703013086206,224.260174044216,0.90943441270707
"CEP68",0.574984633341281,0.784295672489619,1.71393389016427,0.634381366268757,0.620539632750976,1.94285394613211,0.632311065358308,0.526379097927911
"CEP78",0.526728727753589,0.462070393400925,0.253457394574842,225.11249165218,2.25727034421452,1.74183179761791,201.973292996368,211.910433378453
"CERT1",0.328527017058382,0.539310685105895,0.871727221674829,0.699260929710062,0.384309279328157,1.05974851166825,75.3602991921886,0.338588990092645
"CFAP36",0.480375211159532,2.36401757480258,0.780935171322931,1.24037029792841,0.455282820187797,0.51730435406677,0.543244023601277,0.546390117829885
"CFAP97",3.26023207151899,1.40022083156434,2.27813435788826,0.916963052236864,0.307418218033377,0.37499824160594,0.883746005758068,0.480718314746143
"CFH",0.152043608285702,200.022731844104,204.469722025099,1.4465915908879,0.333278581927628,0.517793496617868,209.412587981477,999.999990441199
"CHCHD7",210.890211956041,2.32661945438854,0.411730283811274,211.421127990397,0.41441483150059,1.83466828425621,0.860995232866776,210.155710416255
"CHD6",0.424423938126276,1.16490023234087,0.326702565046197,0.57746855325272,0.348001492435302,0.637688257257864,0.931771668933582,0.874799950171092
"CHD7",0.388957086800671,0.952988036091241,0.309709415658307,0.669418911098011,0.44151070360274,1.4934032753572,20.5296334206607,2.52476097191581
"CHGB",1.10456975113538,2.42575965816293,1.21296009621588,193.017631071122,1.18665866496593,192.574626927507,196.246389035983,0.217429654473652
"CHI3L1",1.58354224035698,203.296095176017,201.27972792372,0.493129406690766,0.126702747166049,0.338119646116092,0.786182323889074,4.0104876348317
"CHI3L2",48.6975455697574,195.363107422579,0.348713342097094,0.967778815615596,99.6753390129707,166.378502298505,0.627080966979516,196.925033553269
"CHIC1",207.558097028182,0.468569430680371,1.09361918773763,2.7206942319305,0.828636787941998,7.89276451563068,216.029790023098,0.301693867686149
"CHMP3",0.367317631316754,204.409196150436,0.956496440817735,1.82036551219849,0.20242564709127,0.386116916382681,0.924744963648727,0.541692253242817
"CHN1",201.46355245015,156.778693072712,2.48627780528161,1.15834869695052,0.207376057403177,0.459530440963945,1.76541078811953,0.208684707670448
"CHST2",1.30083690023152,219.401477788969,0.290903103619153,1.98764161436179,2.68668579442631,219.152851400385,1.0290111435379,0.833012206131239
"CHSY1",0.302862778585498,1.79089188154529,205.955997014632,2.50121206138342,0.533223494462728,176.309267460899,6.50157652878953,212.984322623237
"CHTOP",1.20110874733813,0.831730191508995,0.449003474063977,1.10782899058709,0.422687678434321,0.906286023164413,0.965206080189886,0.431964667792539
"CIRSR",0.461793638535318,194.374190424546,0.364307928194127,0.772420800341106,0.214927910146701,1.05547113064651,216.275629355894,0.619086251195915
"CKAP4",0.456672441309343,0.647966423496928,212.543289285047,1.08458979176947,0.55462624101809,1.15754092921956,1.01613347296003,0.316044979041924
"CKB",0.922369505883124,148.931435322583,0.288981801557021,0.323399152465158,0.0418885822391536,0.126957195652441,0.575508025298889,0.195467918140385
"CLASP2",0.948056651083606,1.19233126881921,0.125523122750906,0.391932951338049,0.725315294708443,1.13415071956206,0.470560006818487,0.257461420642984
"CLCN4",4.73324613576751,2.87815958626832,0.276229678970008,1.0467547725283,0.777370049373831,0.958147124090064,1.26716340168089,0.300154916066829
"CLEC2B",0.351474660364193,2.41216605890178,2.6137324693396,208.942775748472,1.34330711767421,0.921256823961787,209.07840846328,1.19606565996868
"CLIC1",0.233891365616717,1.29029877006441,207.434078387809,2.77482949474764,0.388138187467314,5.2193236802412,0.57843457311074,206.743478173781
"CLIC4",0.187986499650266,0.402514244485686,0.180361772253741,0.393723646960074,0.21733855100969,0.2765784874586,0.780305757153514,192.717856036708
"CLMN",1.57341674491634,0.58310626529397,0.200197429059737,1.09966909042436,0.652810993285318,5.40389161740316,1.47157117005006,2.55642091713019
"CLSTN2",2.50148554592809,0.922691387923181,27.1141192003705,187.436370812716,0.60384246946715,197.815967123997,0.77768119507391,0.226579190673166
"CMC1",0.290014225527646,219.2501645369,1.97105527863184,0.701621842017755,3.38148335730754,214.392479738082,3.30128840304384,216.649296861053
"CMTM3",0.80072830506972,1.02046589716853,1.4639999439157,2.75487717798738,0.587259800661081,2.96190833596214,1.23065398327101,209.090555668013
"CMTM4",1.79236916542202,0.731467536021588,1.41763331032267,0.396498503907141,0.235205230434206,0.262184338615264,0.87289071638296,0.542860253414621
"CMTM5",220.45869619974,0.921245481705959,0.104025768107805,0.862404424141359,223.011829249313,220.965938376187,1.60632970578346,333.935997002363
"CMTM8",0.248801831468098,213.621583941258,209.647461864131,0.995262938905781,0.589091937738391,5.76746613642878,217.597946341707,215.902078861503
"CNKSR2",0.711845146616234,2.30169324328451,215.876944089765,0.613855838300412,0.224972492672074,0.659871181319878,221.025198477768,0.34249384418308
"CNOT9",217.793600076092,7.09936772593311,0.957672084016576,0.457027414195414,0.473008403807683,0.781179957382558,0.720413321447919,1.04405202582536
"CNPY3",3.27158384361868,222.889006390882,0.434714004896913,0.959238886099772,0.502446791600685,0.69593810934636,0.959689488702389,222.831294587833
"CNST",2.19174585930012,3.87898461863547,2.24764628021006,1.06962228249278,0.734459879466731,9.52476153297654,3.32726760261843,0.252312662265631
"CNTN1",0.565567672359171,0.736311683201523,1.19308327196301,0.45532515765504,0.109444094410264,0.290179849402422,0.4285892624919,0.143550993522503
"CNTN4",213.138641524957,214.144848333979,1.4891713820502,2.66324427783782,20.4462665417499,1.97668742364008,1.68030193075933,0.208118926143118
"CNTNAP2",183.836503254006,6.45350722289327,0.198974623772427,0.659201144707639,1.76656258233807,219.912526756431,1.09476625054524,0.342006271189492
"COBLL1",0.169828578713003,214.144823801031,2.73196254860342,207.864300305344,0.59987944399397,0.583637076877024,198.095026460796,221.360663368133
"COL18A1",0.205912127015126,1.72777079804479,0.363702732743878,0.702031781147717,208.726655827787,0.829198221244991,213.815669858348,211.604244733384
"COL1A2",0.196281889157729,200.38956086789,0.981056761131938,206.472773145025,2.1580727740835,1.28430377925742,1.01872508598871,210.6503841101
"COL21A1",1.64083802432416,197.398720141913,196.104532071986,203.429413004101,0.250251359875561,3.92372325884243,1.80952760102623,205.023565824758
"COL4A1",0.268641725466707,70.1359331505886,28.7361117272275,1.28031188267046,0.304787063178362,53.2456889726037,72.8133483908971,47.0572756139792
"COL5A3",0.614782406016043,158.57020504174,149.83330274075,0.558635302217675,0.266161808466586,14.335135645715,2.66918194422955,153.541131079163
"COLEC12",0.215490187028333,207.123142111687,207.520544239056,2.5264145123042,0.39280670125146,0.911329285325485,212.279433389919,0.56084778486685
"COLGALT2",1.68261089845614,218.839511614252,0.210614430293957,205.135959690713,0.346268229978976,208.801606306587,217.724242602614,217.676831634496
"CORO1C",0.696775973677267,0.975070614833393,0.545939955281448,1.41659283196571,0.585390654984283,1.71967580167183,2.42623259673073,0.810277568987083
"CP",0.15789074967733,2.76184054057139,1.10093549329402,0.942746449651007,1.53830655565675,0.922063649634673,1.80855551844366,0.51116151170201
"CPAMD8",1.08786150530767,1.96086739009989,0.559156738091916,150.719531083248,0.38955698938928,0.310668401163388,0.819235937394259,147.13293900179
"CPB2-AS1",1.06553164804755,210.037303441109,0.512922993735086,0.756825198621666,0.611611486115121,0.445358818185919,0.939775010482507,212.328849649872
"CPD",0.299474992446149,0.716934698087138,0.165364821724408,2.45939030736161,217.170518164604,0.644552179736871,1.67627886917197,0.81942934869416
"CPEB2",0.543586998328212,1.37400519180955,0.179618909075123,0.490164087544243,0.754621488674181,211.985630972508,14.0972851229673,1.67572257545627
"CPEB4",0.740320939738285,0.527534372646542,0.52530074656483,1.09259214051316,0.138504291791179,0.276709743585573,203.885155261973,0.447167352571717
"CPLX2",0.557406173528328,1.46940529620086,180.729172353304,0.491526921542745,180.755191025101,1.44680746811779,3.91313039244715,0.0895151575405111
"CPM",0.8511726761768,217.08831696801,0.250501305779784,208.898336852308,0.643157741681545,212.656508812821,0.656125681453894,214.367431964251
"CPNE1",0.454731030352161,0.689566511073868,0.347679067298438,1.17430280772325,144.160733096323,166.678931575702,157.622757829641,0.776082186486128
"CPNE2",0.708028815324658,9.37781729736966,0.30640902012494,0.958660844764525,0.548330124054845,218.849008488937,222.947505993158,4.22963104015488
"CPNE3",0.296249787929299,0.703926412031421,0.425518067639684,0.451811901088469,0.229910897351405,0.77153075426743,175.327756819624,216.785288089271
"CPNE5",41.3595594838448,225.537808414842,220.025335410674,1.53564754880033,0.324152558753577,1.21796732374806,0.542544956800437,225.749942509291
"CPSF7",213.802231080115,1.41907414133668,0.584667061923765,0.911769459342237,0.250583764182348,0.616500378000312,216.586967244319,217.558164283201
"CRBN",0.569496180093761,3.56197644125871,0.338306150830903,0.357194910700835,0.494092957053939,0.439566432085158,0.884716807118622,0.374740509764349
"CREB1",0.590618617894894,0.95029200528777,0.429757667028251,0.833381537481097,1.00868154976408,1.16384068627717,0.647852200724021,0.856047054531426
"CREB5",1.62461215289003,1.36567991801505,0.137699880997443,0.839670164020384,2.54265334103241,0.315330212522969,207.915649495169,207.653951440689
"CREG1",0.276942534233033,163.854022558685,0.383027021097201,0.659725479229448,0.822090885452532,1.59807763979288,0.981825529948103,217.350515167302
"CREM",0.664990428024265,0.998308304746004,0.52383566908489,0.879977054685295,0.689451144397175,221.275256731817,0.728176318255889,0.45913667143902
"CRIP2",0.25986455899134,2.84585231391616,2.13347556876134,2.15407707329464,0.205844393280482,0.308721075146734,23.1650099718123,0.570167997033699
"CRISPLD1",219.549215352227,222.65481351851,0.768656453830533,221.443924742385,0.381648391158563,217.112442172519,1.24959420130883,219.894675582558
"CROCC",1.12955108509202,1.35464856728866,0.672125233179191,1.66110986931896,202.684259375597,206.716015768163,0.645092542744057,0.481839993890347
"CRTAP",0.364212021458726,0.764669611865177,0.176638878195801,0.597895733694515,0.47884223483813,1.93441202433607,213.347860162131,1.43868141440182
"CRY1",106.282746306466,1.71456759802952,0.887682907467358,209.604443806718,0.401172941343713,206.682681940058,1.40783885541937,207.782465863505
"CRYBG3",0.6957107163923,222.443992510765,0.308751249115346,13.09674823645,0.277788195139409,0.608784444598599,223.551072175419,218.944839338663
"CSF1R",0.630927042357606,0.932278442123477,48.7719815135245,0.693309694924197,0.328513168217639,112.281548259251,0.279576354049126,1.65946300999671
"CSGALNACT1",0.80112834017409,2.28260031970862,1.02001166477296,2.05872532005431,0.377463569708115,0.44519149357328,211.688504118459,0.625646626707943
"CTDSPL",0.425024225709529,239.354743725536,0.355616147142283,154.831747525953,0.473858698537939,149.35867040343,0.731086747141985,148.441466178546
"CTNNA2",0.680283482244802,0.783164944235988,21.3031842982412,0.475601335722612,0.186503338701031,0.381250041838223,14.6821299700421,1.60991026760612
"CTNND2",0.561826928583447,0.700886993781875,0.247500297136977,0.27394351157051,0.0945307014801566,0.176839346638945,0.554489030984905,0.567272236340816
"CTSA",0.67614852299796,2.25831469974847,1.12898073943076,3.23389776687745,0.53108241307704,0.560312775694496,0.998838673366669,0.455746618597761
"CTSB",0.362143573688297,1.61550423793298,0.243144600602883,0.244074691444401,0.136452721015806,0.298323193505894,0.267948040662065,0.180847963622525
"CTSC",0.364977231141399,2.13426465383237,207.71947399768,214.741038000428,0.391917407601385,2.4741653421667,0.653131445783525,217.753030590469
"CTSS",0.754208543079246,2.01856503439724,2.27003275708311,1.05046132553779,0.693920966721336,1.0684594098784,0.613088391148393,220.135021072583
"CTSZ",0.304192965313286,221.845603737965,211.750710539868,1.51453548580627,0.298976168092275,0.588353357434346,0.452655848675673,1.46312094340471
"CTTN",0.620299216094345,48.1179715841843,0.275499503927908,4.40092142216091,0.553170790360188,0.572113651650773,142.000442204597,0.360442938648636
"CTTNBP2NL",0.389198617027274,220.938871072813,0.286098176271943,1.17547187708728,214.925743143306,2.52477531918403,220.625387425185,1.51076933031984
"CUL1",0.41741426307445,0.438415377877629,0.793432920735759,1.89549122490494,0.698699781139557,217.254563151315,1.03365607278771,0.369981842700545
"CX3CL1",0.227768469803053,9.65922286540537,171.355519097459,0.637006025449774,3.34740642996244,174.073800558856,177.651044268343,0.499323708458133
"CXADR",214.608695032224,214.897115915153,0.172240888752686,1.87435659365692,199.96190346439,0.650664220507294,1.05685845740246,1.13621926191534
"CXCL12",0.200402029971914,197.149115029778,1.1168678208658,1.94432938265547,1.27488410744159,0.354176641486928,2.81575549287561,3.12349895094995
"CXCL16",0.756190058013624,1.0377367236466,1.22043453572451,1.24294294011684,0.557771855936119,1.35648058511862,313.437785910408,209.693217973971
"CXXC4",205.359842839269,139.014056824245,1.97988066528969,0.740503697752306,0.314114382703278,0.816133845273488,0.635201551568798,0.309761629320043
"CYBA",0.422153955257155,1.22389646406992,221.062294942395,2.06301599956704,0.359432111215887,0.887735509476894,0.317193656457797,226.743319909656
"CYFIP1",0.392463254287515,220.395582260128,212.791574996531,0.693560841591587,0.188163568007171,0.465207206889479,0.439613307643031,9.87464745930471
"CYLD",0.429032491875106,1.3648719067362,0.236084083483795,0.666035482783522,0.543984773495274,210.152085907042,217.296474517183,0.406231290894457
"CYP1B1",0.253328693495221,0.532056311556446,2.13248051442099,0.52305601722835,193.791025441731,154.576501679544,0.653240355107167,188.237161623431
"CYP27A1",2.16908581475214,191.325159494929,0.368642072221167,0.71465304376859,0.309154202449054,0.690161653144703,0.675404176277352,187.799059329356
"CYRIB",3.08037037620163,224.695686078538,0.240057386803877,0.589331606963739,1.37511895962327,4.7378787307067,0.817324743661458,0.382029858213255
"DCLK1",188.943904514048,1.3676239067139,0.523948714821077,1.1108348484751,0.158904148156663,0.267599333844279,0.938029249273099,0.202390220224453
"DCLK2",1.26279382657652,211.205240100831,204.544046494319,0.686058051531379,0.13543906609536,0.469217730800519,279.414763600388,220.462908205391
"DCN",0.123093948984849,1.12356969775589,192.767167476258,1.80087885885298,0.21940802907185,0.457424239637301,1.71400060538498,216.084611967081
"DDAH1",0.459043910466068,7.29327659498577,0.77433512604212,0.298597013411589,0.0869020522451574,0.315757920174996,1.01653172039529,0.248139752694161
"DDHD2",209.961821733036,213.459200844146,0.266005841044229,208.578006381853,0.304639764324933,1.90100724898218,209.012414433929,0.310612921252279
"DDIT4",1.36209454713222,0.568981037557506,1.34378541044109,0.720956461669027,0.2693106691704,0.769841018039272,1.0531478083089,0.495990500978783
"DDR1",2.57848956829536,1.52129692063093,0.335318997301164,0.330109973586935,0.108889905557278,0.259692871336463,0.562650995162529,126.168153262718
"DDR2",0.618310256299041,0.710771058998215,2.05562280634381,1.66576663041282,0.181946715254102,0.362948678138179,194.87048057417,92.9036167931835
"DDX3Y",0.500115540320421,1.76542694614874,0.494442140403461,2.26330598164162,0.569051829105203,0.720428546328278,221.85176747452,0.745126629145834
"DENND10",0.657780476881854,0.63812935544196,0.558672353761159,0.999886779196221,0.596939301016206,1.41793176207883,218.15329642766,0.553808193446721
"DENND4A",2.68368288266844,1.30704040210594,0.498916268492967,0.848918083019107,0.586760344309498,0.462585135898146,211.330280059402,0.696542859847109
"DEPP1",0.188589147526152,204.964703008255,199.800055474887,0.634641948752887,0.224291752121033,0.506282521576371,0.917261832166997,208.55757838896
"DGCR6",2.8596968093267,154.513973864488,147.331666641576,0.902223371186265,0.242789579393953,0.96467764220848,0.923727918209098,0.461902413998226
"DGKB",2.70575634400847,205.68664398498,0.567705390507503,1.51906495672662,0.32315252973683,209.885165938238,206.878782760974,2.4988506639227
"DGKD",152.042527122645,3.50808449119623,0.471996727047988,0.944613591337223,7.60157581865759,0.606142541383338,158.72001001277,152.550714110852
"DGKH",1.45304890527075,325.421680214521,1.7864658282355,0.67677097698506,1.85893336687513,1.57405425851722,1.08388043715902,0.28234346932653
"DGKI",211.617155075215,214.09296948001,1.0662654571685,2.53577333066646,0.413402223155472,1.32554803192724,215.045325245862,1.65339294574852
"DHRS3",248.143462333623,221.169268301413,0.937811478852968,0.838303442016928,0.22900547305595,0.867996864334762,223.217128371662,1.36556041762591
"DHX57",1.56968790903826,214.406815931815,0.634617868782947,3.11555537235404,0.982866445949114,6.89507042986683,1.01665199251533,0.629053010221574
"DIP2A",0.40443033553257,224.672278956614,0.263062282130906,0.8012002820674,0.942530189972287,1.15257193310169,0.548133399366605,228.909460392218
"DIPK1A",218.206542624382,2.06836650419741,0.312426485080001,221.465685639602,0.383658095001592,1.31731869617529,2.53052034488432,221.16493866734
"DIPK2A",0.534000914868186,214.221024532092,0.504555774471462,1.04477527567883,0.400481062827958,16.1636287868439,0.844559298678259,220.798683825375
"DKK3",9.01254898437402,1.52524479658794,0.997249440110238,0.459535549509945,0.06760258963313,0.255507153004591,199.125217983757,0.143594269127537
"DLG5",219.53382270945,188.963622579191,0.635214797242287,0.687855143122979,0.466095416411813,0.906352254903181,2.43158400678559,1.07479755683284
"DMTN",1.37912665052635,5.038400877718,209.946934077376,211.784466457064,0.525343503699786,0.467444279484256,217.900840312183,0.230247226696901
"DNAAF11",199.744346330412,205.28630772366,0.73496247439216,1.09188784937061,0.712632555618074,0.47315187500572,206.370077453998,1.06573883815325
"DNAJA4",1.0633867974689,209.501383276553,0.524037134269436,0.484962831747315,3.12715919489646,9.4148907844368,0.931399040739741,0.235477023328464
"DNAJB9",0.706150665220684,206.003715689632,0.960555058511008,0.914631778048747,0.377074066282311,2.74915610453969,194.674236891211,0.408876968956269
"DNAJC16",1.99915308593076,3.18500226189231,3.18988785493698,0.380455305582374,0.595400288105851,0.676131737400596,206.828112058325,0.51821680841111
"DNAJC4",202.588094297664,214.419746818237,0.505694775618715,0.751912201147858,0.275484443025821,2.37381997106536,204.184342103749,211.596098500217
"DNER",177.720508607704,0.265882833730933,0.136502387680066,0.466395628562272,0.254962972384655,1.77517273785092,1.19609416561486,0.129418693357638
"DNM3",212.896347910422,2.72333790234913,0.133136115321429,0.567902416339236,210.794309474084,0.652264079268061,203.516226515836,0.20012739410603
"DNTTIP2",1.21146476690906,1.49687443072932,0.475672631155576,0.524719371213774,0.476317409770672,0.850052948008216,212.273415641753,0.626718482449293
"DOCK4",1.16130797059048,4.81278133986881,0.295997412076832,0.593269009358924,0.32576021881281,0.470298857681839,15.4100407387596,0.306092449683946
"DOCK9",0.453821889331608,0.480743161518088,0.132912320841144,0.744023413232655,198.262815923976,1.19191850453188,206.205436150308,0.546070148016596
"DOK6",0.623978980940927,0.982271205299502,1.53935842379489,204.29012123753,199.592499162597,156.387607655726,0.618751672495292,0.284876149592229
"DPP10",0.910602874734234,0.755135092666194,184.726736422777,182.695703234978,0.376623184755549,0.736343657856793,205.860046083769,0.75263603197148
"DRC8",211.623513987444,0.847608466771246,0.64699174744379,191.286011540501,0.56162185596995,3.47161287067674,0.717124910035681,0.915769360634042
"DSE",0.405527029084405,209.521276148304,0.753678646716901,193.72542455833,0.477395639902914,201.339805134446,207.17053053135,4.66757591103506
"DSEL",212.612623426961,0.4348705792801,0.187153412415792,208.367213175087,0.565652433150824,209.620184933822,221.827821483054,0.856511455236062
"DSTN",0.181495139619674,0.951536898162366,0.189766548464538,0.588752986376463,0.250659774835689,0.387875929629108,0.799443599097954,0.181470289601541
"DTNB",1.19278175966365,4.03286389025507,0.392046917552781,0.648024781876135,22.6757653365245,213.548469754163,207.136817818541,0.47434595101686
"DUSP1",0.146245540008635,2.85095324993903,0.924377414448908,0.476520642712975,0.465727075625674,198.879218955692,0.719559982682792,0.981239131280933
"DUSP16",219.355336178538,1.22745537665762,0.58262288753094,0.530515774738077,0.451979874463329,1.41233006630115,0.897671152274559,219.252690548668
"DUSP3",0.468621619619786,4.57216285878985,1.03220695218827,0.588486825577515,0.610180946788734,0.65068400031687,0.786997975361395,0.333946625666182
"DUSP6",0.365610717249516,0.474939850458712,199.431431670822,4.30641972798129,1.23988003024727,0.703421381617607,1.64874461584177,201.513280919168
"DYNC2H1",0.733092827736277,212.702044814216,0.886395823879166,209.601511258754,0.254137013748099,0.535107893437601,213.166527394262,204.326570457881
"DYNLL2",0.375582034380815,3.17552224854983,0.177656283896425,0.369934970487204,0.197241550316444,0.549329535441821,3.46573326630454,0.155405908954911
"DYNLT1",0.583966437458452,1.0019929268065,0.446498413190758,0.427664649330224,0.579702659637083,85.8893539509193,0.691030179842812,2.2881335750035
"DYSF",0.525018709083935,213.797968620273,0.378904993233998,211.703342884934,205.179735137261,212.536277956636,217.173992086924,0.498648301040373
"DZIP3",1.84487437948605,1.85875350087547,0.458238670851809,1.24956210494806,0.336476199568465,1.02647449317028,211.801945918437,0.337865522078944
"EAF1",0.63195129065522,1.43826399858717,3.70883985502515,2.39866706284972,0.892220179328126,185.875267549879,0.686212470638323,0.504191609836682
"EBF1",0.317305243681033,1.10617491240911,190.948499193524,37.0124641072937,0.41850509799723,193.082249848048,201.743344019552,204.498177366187
"EBF4",151.366953342615,0.536113005787533,0.458314606828566,1.6601483271089,147.23112900487,1.06276454914358,2.3004835531823,0.610163176565929
"ECE1",0.273633987138287,215.206613254221,0.509526176004783,1.00102778413568,0.583308185707582,1.27103312902302,7.71359943571994,2.59816472795896
"ECHDC2",214.332656197836,0.704725802991759,0.911162559327943,0.94417966024602,0.499092661230696,0.485230322881837,1.62566529897976,190.180150357557
"EDEM3",0.365750970663291,1.49452587510589,0.708664839512565,0.539550907231823,0.491320160125985,200.703116596154,0.947975346597301,0.71601507742704
"EEF1A2",177.275758617419,0.443293108730799,174.470942208094,6.469846768034,1.36955243803363,176.914648517328,2.51989002935075,0.120261849129099
"EEF1B2",0.440156064081319,209.941439714417,0.128269120632233,0.558481438273828,0.182833400905342,0.495401531421641,0.646884120263237,202.421612913089
"EEIG1",0.814096776771305,3.22313238268697,0.14354572940739,1.41959279809194,0.804281482285298,182.42679835947,1.57643768012608,0.747910786788982
"EEPD1",0.820399288350381,1.76488613288902,0.789498198986816,1.37714725798043,2.16624486707979,3.37459407238426,1.57075155295864,205.1431462275
"EFEMP1",5.75638403717587,193.865272290537,69.4988020949251,177.636153827195,0.972870139106162,0.911169295959339,178.644991404724,999.943661015419
"EFNB2",0.370535868537619,1.15732533216894,3.28713528556572,151.686459436369,1.46938383141257,0.598578741065203,0.820370797389829,203.666958135726
"EGFL7",0.12866229923533,211.82442940767,42.7092955077679,209.068654883847,1.52336531203471,0.464203848725297,221.110619862945,0.294757729349389
"EGLN3",15.1136897229869,217.814725559048,0.290899873425363,18.2408793482191,0.283508348317022,214.577161028437,217.024426019079,0.718454730240891
"EHD1",1.14085777006681,216.037845810573,0.327143449573646,0.474010444447525,0.349780595140337,6.30940247904817,212.087158869742,218.915560941887
"EHD3",4.58514971692969,0.57351118225897,1.70627001570004,213.327170848571,0.650785578813524,207.155497114438,4.55735979252027,0.360643133904284
"EIF2AK2",0.457506719495827,1.91964951435928,0.87480829324258,1.85819958904692,0.208498002563657,0.376055058383801,2.62177924857758,0.498452981382443
"EIF2AK3",0.508704766604577,223.819521569401,0.451122948573595,222.539751571238,220.48636181562,219.83176494777,1.07006933435751,0.636862714666257
"EIF4E3",161.818455603577,167.879694827732,0.368748261954862,161.37531306766,0.428925788739028,0.847215432161997,0.620894112040849,0.427366186114414
"ELAVL2",26.9807931368283,1.14920723743272,206.975481374775,0.507518060501518,0.712574407937621,0.859169489587738,208.789513330138,0.102527761910742
"ELAVL4",193.372119075285,0.702504672116292,2.40200826740613,0.899877237078364,3.53019993022547,1.18870422347638,0.660130871456024,0.140632881092695
"ELK3",0.464014929514198,206.819178778683,206.690676560038,0.61257417012984,0.309049855107075,0.491230825443821,2.58914936605769,2.58677230536081
"ELL2",0.906060705615199,219.209955419016,0.216981189366769,0.446416848280633,0.635850187717013,1.03583550277489,2.95075516052063,225.526184263245
"ELMO1",219.520601546328,0.863369245690889,0.10618218766862,0.930960581926778,214.443627653304,223.064103921294,203.069473387492,0.694606615580306
"ELOVL5",0.821142829608327,0.440785936447479,0.140772521420194,0.890687600392297,1.13592279453344,185.674188794505,212.458739161718,0.233231861625481
"ELOVL6",0.975694969208726,223.041512185277,0.588794712662787,0.704922510857715,229.353757671511,219.792279945282,1.73160075026729,0.332265293337693
"ELOVL7",0.166161794349477,0.578201441099078,0.305930273212933,8.91378148350229,2.41506640549022,219.883399630443,1.21970320663168,0.654061335517879
"EMCN",0.243051499680233,1.79228101796321,8.55371686127571,3.01499148453408,0.992145994030349,0.907847074031523,1.33283796282954,2.13384703827582
"EMD",0.520191837038418,1.70933077293416,39.7100593874795,0.415402440352819,0.291299550640007,1.24781796092533,176.20166330083,0.765861646611729
"EMP1",0.305600412310256,1.61532494270227,205.478255364986,202.197830559139,0.272744122645773,0.869752097909058,19.2828685707108,205.444764543806
"ENDOD1",1.04036419373579,197.88211919261,0.190965929635896,1.95939157643197,0.355616611638253,2.08551855094755,1.25201058817887,0.390712361890859
"ENG",0.147917652606308,31.0211734962364,0.363262931018194,0.671807234562552,207.957039977246,0.690535051540444,215.678346644822,215.418229970915
"ENKUR",182.162222225272,0.593370098932254,0.408683682310186,1.76527258021752,0.543124574458159,8.88791926521236,200.193659076609,214.719080168499
"ENO2",205.136243007367,2.24694674845676,0.251536826709452,1.99188285196135,0.880043744518515,1.47893417180169,1.29642351695563,0.150951365499913
"ENOSF1",0.705436727607727,1.83621726380768,0.387831813671664,1.18434053431696,1.64993067435346,0.671634715386931,204.175120465668,3.215410841078
"ENOX2",138.178910716945,3.09953547636779,0.747367704919596,0.928625892199622,0.658240271063891,8.93980282884595,202.91002609706,1.87074675674952
"ENPP5",228.7164194893,3.46263814878155,26.4496659807529,0.788045168954552,0.365458873045551,0.718255400869782,13.6127776199514,0.287242531806879
"ENTPD1",0.939619860461689,1.00254733948553,219.15863061778,0.737627755284202,0.39029855978912,1.88413945248043,0.371866648156191,2.18999880039456
"ENTPD1-AS1",1.12337082336026,1.16116474631236,0.491504491735282,190.721282124842,3.31429620527813,115.775845962997,192.265586859822,129.476150718615
"ENTPD2",212.921589206073,217.78430901157,209.621714998223,211.434653097072,0.131384780447783,0.490292447898923,212.832578694642,210.951450193969
"ENTPD5",2.67368119574745,2.66899722997642,0.313853341182643,210.971047789258,25.3690858192845,2.04125966451718,8.08464885705029,1.71561319875494
"ENTPD6",206.945001312546,206.975569275334,0.785054287126642,219.83264352724,0.464229107399024,7.87484733583404,0.6632518275504,0.438541487817499
"ENTREP1",0.673837475602059,1.65358106932583,213.587821618068,0.704834449143338,0.166673325030688,0.372108181120608,2.11651923287994,2.62216999629896
"EP300",0.801243585258981,1.21277262734295,0.214252657778319,209.130673743189,0.673388611566472,0.305360209022986,212.377339041792,0.954969427741594
"EPB41",0.266687840547452,2.32427660502206,213.364732000538,0.525258357504376,212.906467490749,217.083677034668,220.553988590413,0.28609701299502
"EPB41L3",0.484842554610502,197.681517178979,0.115673628115208,0.95386194311686,190.625052918407,1.19284035424752,1.89983249037949,0.251108853205165
"EPC2",0.401526393354552,0.732475283342629,0.475634533346794,0.716392790672399,0.851133717359679,214.905408913532,229.272049263637,6.55593604182426
"EPCIP",216.978283668439,213.41051024434,209.394972563207,1.30384457561928,0.309014989815485,0.443297017334925,0.850002813973588,0.987382640634305
"EPDR1",0.724754967953398,168.836202352945,0.724112775564603,6.29178674980696,0.998930049685167,166.462430559894,169.805152458431,0.133062551645143
"EPHB6",222.135946779921,235.584519903998,4.83069176606052,0.570454937746983,0.490574493799049,0.450362830536499,225.433403829447,7.48159651891602
"EPHX1",0.767307201065855,6.78280636724997,189.364829886125,0.459973797958126,0.0999270037157804,0.256713094490273,201.195605295091,0.512345077769616
"EPHX2",222.227190438297,223.174415179698,219.812928546963,0.759314730403622,0.172799546606169,0.604626446052806,0.96504665869872,219.907225397774
"ERBB2",223.940501659519,226.087923104402,201.418070502908,0.715597838557434,0.134041014149629,0.576802229043872,226.671546535872,225.383885324596
"ERBB4",0.586759433682456,0.758726020968146,0.642207151433085,0.485125774533193,0.330405087394313,0.88513450458636,2.59450454442662,1.16979557105114
"ERBIN",0.331325477740049,0.755560673332153,0.171706018240525,0.693057073089674,0.127885404646356,0.212848429714303,70.3951963174305,11.0393248971348
"ERC2",2.07708418424639,195.438765505753,1.08455320980528,192.944203535532,1.51674541731591,8.55573785135324,197.36156926895,0.235387316826454
"ERO1B",1.36098535424349,3.57347427572448,0.834407595108621,1.32245188505994,1.451267392263,0.529087271724123,199.476681616387,0.72404079416874
"ESRRG",10.3907921085346,1.73154434610784,0.860236535042193,1.65753527300238,2.01594182527585,164.013979430613,204.509761260069,1.01510392088029
"ESYT2",0.217061197171832,210.650177379013,198.30074538302,0.675250324612723,0.336572408743356,0.472525047403336,1.38047287556781,0.940222064733842
"ETFB",3.63971517740872,1.03488567305174,0.298148167326436,0.449553270243122,0.371009102775601,0.53343308328402,0.613137960841507,0.793172326615965
"ETNPPL",195.64295306864,191.307140851118,193.838438886676,0.383842682660126,0.0660079812667032,0.216651416895931,0.526882934655079,0.493622929182013
"ETS1",0.237760007541436,1.47779547833975,161.964873891444,207.694340487139,0.534310213393696,0.656980623559382,209.142396161329,210.606507903843
"ETS2",0.110475088416125,1.89707749407002,221.385213474882,0.417423026855801,0.364330199472341,2.09550550805683,216.799321348569,0.964680342466192
"ETV3",1.43255481418619,211.148569021738,0.402797434489657,215.444038404257,1.49455128256999,8.22118633381494,209.752705165574,220.154301652731
"ETV5",0.702716374146592,2.48058490449524,0.550031909193383,211.600721432535,2.24177281985173,0.665613305304464,0.485071386938721,213.389130916859
"EXOC4",0.899916476340429,214.482806994708,0.773432714999508,0.986073886593341,0.560815513057999,0.757728382542477,0.511998249842272,0.354247516236944
"EXTL3",165.285340558212,185.927284408783,0.629740719575691,167.692620337155,0.375962411065918,0.679444010209329,1.62559270397426,158.89883483191
"EYA1",215.711613621606,2.05407489986979,199.676380950086,2.70144171074222,0.478789205787304,1.99881439951776,200.690497556026,0.557000174342266
"F11R",0.304526515790014,209.254468905864,199.642320075968,0.70501006737231,0.53737275212281,0.858373129495598,210.759669923906,208.924671712736
"F3",0.465809416812112,74.2520661366928,204.775413954064,0.753661243801941,0.130462665105529,1.20027441748416,221.775069729351,225.997182406113
"F5",211.125037963092,213.787673557474,0.773005624009199,0.80557005799507,0.336270449095239,4.32533562103726,219.976116153834,213.959811466558
"FAIM2",162.092455795318,0.863245909073781,0.233382221183919,0.923179277275261,0.280748570473772,1.26662787696913,1.7256928932022,0.179658548746913
"FAM107B",29.00674482601,1.10351099196603,0.0817825288659366,0.903902080586584,0.890602018215993,0.726027120737103,1.56841247045429,200.40602016509
"FAM111A",1.10518550333539,1.32147760161977,144.468361474985,169.415752073605,1.62746664645654,0.475319674589097,0.593874900951192,172.497779761857
"FAM120AOS",1.12539778164672,0.885779044471268,0.413103338314394,1.18477357492108,0.494978778690692,0.433479692845493,25.4630455483439,1.20148385329464
"FAM13A",1.85467628893221,0.645704466435673,72.4016665157464,1.83216547862101,0.299608411665566,0.779842544843331,202.202989076681,207.759217413739
"FAM149A",0.880604897549958,201.763180999418,196.474485296108,1.5459731465286,0.247876755645472,186.910424534905,204.600698790477,204.369541992876
"FAM169A",1.72572518851198,3.17570723180788,1.61531022716726,0.667111970666201,0.234083001264896,0.71938191533064,207.187877213118,1.77655110056617
"FAM184A",0.664343338182181,286.740532549196,13.7140357512347,0.606998996224454,0.450989902358955,0.632872166568835,231.748980336527,1.26634176525134
"FAM222B",188.633549575239,2.01870534401828,0.907674317072415,0.845485750673322,1.19711917598984,0.614298281756323,1.19988076430084,1.28748745609399
"FAM241A",0.784282239966347,218.896851725338,0.2469848794283,217.767457491434,216.831840763464,214.682232825644,218.441952819414,215.674753589906
"FAM89A",0.892775451958965,208.852444267468,209.451818710769,0.791946177964555,0.167093810689549,0.304835651333532,1.08893045833778,8.30167540092238
"FAT3",206.957668711053,213.318995023586,1.03045135724967,0.836252404346093,0.119925274294938,0.309320175448135,2.57491096779971,6.27223363394748
"FAXDC2",0.757507915699925,0.735102077715734,0.15731260110839,1.04380227801861,0.460996472176152,198.993768862866,17.6529300042844,2.4428792057143
"FBLN1",0.31307599721477,245.930498245093,193.591594861207,4.01450027509136,0.219909988129707,2.3639452249642,210.466326962365,213.676275409898
"FBXO3",1.09276849650599,217.460431033688,0.451511470861735,1.47867937016824,0.251853327357335,214.827671474504,213.478137992941,0.400152660580554
"FBXO32",0.760969979121099,1.08546686546704,0.182566382940216,0.515910269453246,1.80318142952506,207.974613971349,222.259676683504,1.49196261414683
"FCGR3A",0.762502469961105,220.415817438411,218.229847318574,0.558771080369668,0.698571892252173,0.73003168425851,0.383216639146504,221.170710108656
"FER",0.919821522247489,220.438123473366,2.20208011322421,0.473926688342515,0.250613527776556,0.632584689689049,221.11005208588,1.77571873535202
"FEZ1",127.351130241823,0.973019544540569,0.0781478861909762,0.288993788567611,0.151095970870696,0.312975394178526,1.74980179731976,0.357703892084089
"FGF12",188.91211164045,0.504729619340382,2.74492780052259,8.4390955513475,180.273670483182,0.692950965567582,193.628371668316,0.158323172211586
"FGF2",198.270272051215,202.751249968931,1.24161545379781,0.756511486494639,0.141640101116266,0.466187049375333,0.897990678493569,0.546591672125769
"FGFR1",1.28299624950878,1.00228875885026,2.54502161639949,2.17321331067057,0.233247041703864,0.69290348266446,211.104790749509,0.364128734072335
"FGFR2",1.59533043096661,2.40107182609271,0.113636327037226,0.570553075131093,0.335237700263661,116.101682096726,85.8571108496579,200.973182198114
"FGFR3",1.55672193634373,1.08000611818651,182.765228711451,0.392575614707235,0.051363764909141,0.148080568999881,187.9303345728,1.12828948427025
"FGL2",0.487346691278712,216.76613570416,0.815051862754348,212.893043639742,210.336751269779,1.15728617940383,0.48928058063259,0.998441907062617
"FHL1",0.721096425131716,0.529567749301614,1.19393562161372,0.50648053857965,0.174886233994857,0.565708839220697,0.933384306176244,0.342334663116591
"FKBP10",4.10125035727048,210.86943776866,3.18527646302271,204.769452447807,0.467602736598448,0.805582662515286,9.08266349629521,0.919756176142569
"FKRP",1.51152991472801,0.624587899688031,2.26320622889966,3.15457322341607,0.516569857337103,0.799293893710811,172.750142579629,1.21400013513573
"FLI1",0.312210705725382,11.5860854309146,162.52860249111,171.661647563821,0.507758650597028,1.45757589276042,3.00284073062297,166.389498464675
"FLOT1",0.357819998630996,217.083007836855,0.140509425484595,5.28718006133445,217.627011504521,1.27990104044445,0.853166964080742,0.283670050919576
"FLRT2",0.93729468013597,206.397148469205,15.7049959737493,0.905793007582717,0.192385727228266,0.430704839276752,5.05869675032204,1.52812904548254
"FMN2",6.19452264496418,318.061457181768,2.84872237455668,1.02985931957572,0.122156403847238,0.319115872416986,203.358148289597,1.39696832541544
"FMNL2",2.84479360146623,4.44822547146871,0.0814881660044252,0.410534996047288,0.25645170270436,0.314258722838761,0.962980888858967,6.35464813585013
"FMNL3",0.497212296005535,154.733314804026,1.39925206811406,152.995597648984,0.734903976400334,1.09895394806793,0.657604825515387,149.451869366712
"FNBP1L",0.914414555903068,0.696013058182871,198.510145481234,73.9668393045939,0.221206304236902,0.478171476621542,10.0415695427603,0.631188731266067
"FNDC3B",0.788026864859559,1.04835890673368,1.22005325171951,0.900127851036426,0.409371912699964,1.39191484260476,1.89318479805651,0.830749229362932
"FNIP2",219.700943048457,3.93916773370875,0.163951462727062,0.507879751899953,1.08195965133026,204.949916719713,0.753531466093789,1.56746668903495
"FOSL2",0.318332054204848,185.678488488811,176.02927677829,185.529404584557,0.519168765441013,0.558882115316545,187.852394218709,183.985956580442
"FRMD3",0.460031217138218,1.2220821729313,45.366897067674,6.13967107819021,0.57504814852025,0.31458430933619,222.047019676253,219.395800317531
"FRMD4B",203.67551143946,1.41783514016371,0.157996413793151,0.965760827553908,2.2135886955659,0.831490333827548,2.72878467338616,209.398923516683
"FRZB",0.221856451242932,210.630041138966,3.8691388446225,205.72638677707,0.513807603833597,209.275292158027,0.928669760016611,219.026527699194
"FSCN1",1.7863926262412,1.23905529971489,0.166282758921698,0.430862196560353,1.75046089849512,0.847171309389453,1.92236112579372,0.491721517773356
"FSD1L",0.628123743387864,213.60493429979,8.52068482815669,1.9913948549368,0.379462760658484,6.51627799218232,216.302663825698,0.281679851484182
"FSTL1",0.259909291169253,0.910856497911622,205.642792805437,0.81065349496242,0.329723517377924,0.645213871148028,212.555065061892,218.112787669254
"FSTL5",212.378030315408,2.94706689668333,188.379042648829,0.930069030909678,0.209506403020747,204.262893506851,210.647615792061,0.868631665937178
"FURIN",0.319027070687501,220.133538281102,0.33044765713803,0.911725068961858,212.327637591318,1.97395702375885,1.37962849422409,1.58422120176579
"FUT8",1.18145314201031,1.881744407072,0.220255427520181,0.784448371676221,0.519869458034571,0.629183614193068,269.260607624225,216.543954314466
"FXYD5",0.435798191378071,0.819695996060728,0.976228752395416,0.832128293308977,1.95475301247583,190.703366198871,1.82372181977225,192.231222945733
"FXYD6",0.684905486375485,115.473210273307,0.556731358678118,88.1949189438105,1.75464557855551,0.753348384692473,0.990540890804508,0.585812094286923
"FYB1",202.127117133615,211.792599147563,0.535157954354375,0.543578067560085,1.07937687402537,0.571113803575694,0.594786538117539,211.354957667519
"FYN",0.541289721155731,2.62016851335028,0.263925870705569,1.15068192299139,0.194587978419109,0.556574462837083,200.919559545948,0.360435238494061
"FZD4",0.414124760818957,203.466890226904,0.923457959326379,200.259996985916,1.49339741703741,193.935345695601,1.66604271637043,201.412601059283
"G2E3",1.7874309407452,224.515933578501,0.22335113582571,209.013846248802,220.052203031866,1.080281878764,1.20672019935302,0.618977357499174
"GABARAPL1",0.585928330580655,0.588751164445161,1.02246437970596,0.413427708583194,0.648275716311806,0.637121135144876,216.823459707689,0.183976923248188
"GABBR2",0.779614939796621,206.630743534043,197.419608820911,1.54564643511602,200.020732686247,203.187455092033,208.352047302253,0.16331869865198
"GABPB1-AS1",0.718357326148865,1.13618317103932,0.397853784354231,2.33192818052473,0.523008493951898,0.56332705299839,0.620353262868046,226.010764051943
"GABRA2",1.25230731724817,8.61046587901656,0.685581164351641,170.312252928151,0.481159482350282,2.92024699151332,0.577561655221829,6.8700114279778
"GABRB1",1.12692067439913,0.727835150724391,202.288973167462,1.59738654202514,0.208052878268394,1.69875345980674,215.770737467634,0.482708785581468
"GABRD",177.498136909588,181.903545000521,174.094707057026,0.891626071894254,0.176469316778613,0.783261116704414,181.628912502177,3.22743619535609
"GADD45B",0.455484246657607,9.12496181887469,2.75964387756326,0.88569242852338,0.250506507969707,0.522213002946382,211.311211688814,231.319565445215
"GADD45GIP1",0.493474860789816,0.455696905996766,1.99426857590364,0.661031919460914,0.197283250600116,0.493131751253915,162.750119802488,1.11633264389891
"GAL3ST1",0.415185954295707,2.22662967790184,0.229484763868255,1.13636115203485,147.135871913555,8.44915000604634,158.717841571201,150.804409477502
"GALNT13",2.52123150070583,0.668529550698594,0.729255547577303,217.834344109219,0.57335232865637,4.04247344550509,15.3988500749405,1.44843896369089
"GALNT15",0.335172206043294,1.42689623018306,0.278669676852532,0.39090727760913,0.364962221746873,0.550844748902469,1.64414499302925,212.268685088703
"GALNT4",15.047095425856,0.550047081591226,210.46824833677,212.995765664851,0.303527888671909,0.641981065916722,215.584402060172,213.189506822593
"GAMT",0.684375521050086,226.93085067143,0.361255407333953,3.31196544890738,0.299793400002466,0.721374654537594,224.87523831041,0.410395532111984
"GAP43",0.435879544647039,195.354718248838,215.698335834173,1.06089484853521,0.713299275916545,0.685438628827167,1.83483395649074,0.205084437162206
"GAS2L1",1.01488107992762,0.79857769372427,0.715012313518977,1.99374485025697,0.30417071348597,0.438654425865275,212.114202093545,0.48017454633425
"GAS7",1.46466394779394,1.08526590587413,0.212084652379783,0.480599270967479,0.486484259901154,0.583441146941678,1.6879773307121,1.2074507709322
"GASK1B",1.3258921214841,1.55773540130525,197.809984979051,3.26974755152832,0.11163753463909,0.263136664735761,1.06998174756091,0.602975025072207
"GATA2",0.335215314065756,0.712397466833019,5.01002518281662,159.987829001103,147.942727234597,154.117662959584,163.030886431393,1.30278231810591
"GBE1",203.582386382887,202.950932838932,0.365768533078985,206.006179845478,1.22946885197993,205.242996132511,12.9737417649638,0.212939296127921
"GBP2",0.604551539824876,44.206153310979,192.043901182462,5.75559642334906,29.4488425090984,0.666049136984731,998.613735634065,2.04039707488775
"GBP4",0.273717427622841,191.177158863635,193.156875174344,192.778991851971,0.539537852746576,0.903526478452674,211.499973686018,200.378514280854
"GCC2",1.08098227410957,2.67891291774316,0.452939788889076,0.60271267180946,0.236843062396532,0.272824308811566,199.09460493341,0.36949872489892
"GCLM",0.33040232830638,153.559422441799,147.320553195227,4.84056605900667,0.265308920859887,152.197522451268,0.363978509893998,0.255129538408247
"GEM",0.896171574760949,1.59435462681738,180.660839743352,166.711178493154,0.577829243010272,181.656659799264,2.0995317561528,181.232204388428
"GET1",0.512221521482981,1.26886680109649,0.249284019923236,0.424964212533641,0.326665177249723,0.3476732493301,0.937967700983721,0.344486995621052
"GFRA1",194.78250670065,1.04257523983601,189.566194558638,194.640339081075,0.515809881106673,191.668167486967,197.384944352744,0.145354978728408
"GIGYF1",0.498005285423799,206.172605247391,191.278481030193,0.90072165807281,0.296216491651227,0.546765824670699,217.085146059049,208.083614507833
"GIGYF2",0.356834971700123,1.18021425523153,0.729019974681309,0.54022521339114,0.324779728089235,0.272568126322992,210.33231489284,1.3558179289845
"GIMAP1",0.247926733899821,1.9135798445881,203.102779305678,4.5517881218031,1.55207968210599,1.97498073322455,2.09275938242902,204.851482856732
"GIMAP4",0.176574038569595,48.9498778614178,15.835590032836,43.2322903057763,10.5886700541131,0.390651944590129,25.146440088917,13.9732813535089
"GIMAP5",0.224485635258835,50.9930167799796,15.8276396183198,1.50508871891085,10.5719183247288,0.975366034005762,0.769297335305475,28.9730123515346
"GIMAP7",0.207387637356655,216.48147675993,210.84157364698,213.617726156695,0.39705397604538,0.706866938316548,219.927387272608,216.763972850303
"GINS3",151.945008169627,158.092363315101,150.699307902806,152.366065704104,0.202332097772044,0.849598395971308,157.679397062021,151.318238908633
"GJA1",213.78353159344,219.097142706357,167.722286524319,0.226278631691982,0.0305391344423252,0.0950421561695707,181.171774870191,0.653864193857893
"GLCCI1",153.378527869082,0.701477792912766,0.45427450972709,2.71672061189595,1.44396614712455,154.139238544115,158.296286954221,151.211659142062
"GLCE",0.703283034419682,17.1856135404753,0.541711035457084,0.886249641029435,1.05346486996805,5.87360268835637,212.389403075799,0.818440663422133
"GLDN",205.129455495037,206.776131226466,0.0825975834828132,0.545076587702372,202.646676070038,202.575660056124,165.347801187411,216.133336170226
"GLS",0.835830704290509,208.232179555051,189.750432164993,1.52517606049872,0.428280201746096,0.963700156458604,1.16240568692054,0.228772737763814
"GLUL",0.335309475827383,0.296890725533729,0.0981940128354345,0.207881606154959,0.0600146116070663,0.18749010898734,0.819736486110589,0.307481675907091
"GM2A",223.255128892813,218.598683171545,0.503944744330063,0.482019645450408,0.283433752628396,0.403810669374427,0.365273569815122,221.179114168416
"GMPR",222.358828241469,2.42751660157025,0.647814225086336,1.43286258722404,0.209428579216569,4.19686536169111,0.794483828783807,223.310715662344
"GNAL",208.830452637084,225.496417607962,157.970909925161,205.392664837574,1.1894741812375,0.443420275446754,0.475667739481731,0.300707379615409
"GNAZ",2.01899615465559,0.941976661278398,0.287241849644869,215.457775944339,3.34684204737757,1.14017026874679,221.885824979798,0.396673601293199
"GNB4",0.688863878828927,2.01000662497982,204.5781373818,0.845809652431849,0.281543677372251,214.102545518143,1.95159483921253,219.509073616116
"GNB5",0.586901867179742,0.643946260190174,198.000125528365,1.45214715089584,0.701154132062873,1.4321828982797,209.0162602841,0.234701806323353
"GNG3",197.599510198012,3.08760331213843,198.180378623444,0.785197812293821,0.485031362402877,200.862156423229,203.018187190966,0.119975505049454
"GNG7",0.7907742763701,203.074675651686,0.142243269285801,0.745051972409992,0.288732876737984,0.474853116710699,6.37835845785868,210.131256556853
"GNS",0.470437067584757,212.23817272409,0.375930592538979,1.93925556433727,0.666724792680841,1.39940757878124,215.627447243505,0.809048961299637
"GOLGA4",0.319738799388558,0.824843611459115,0.236471776263443,0.443341757976032,0.188762250334534,0.286562733424465,0.563850070506672,0.586480549690931
"GOLGA8B",1.32662964108952,3.4484094886801,194.190821946092,197.690166227924,0.361570541091738,1.25242212030862,1.24190522457606,0.952857378353266
"GOLGB1",0.549177635757363,0.499685815481986,1.07962390352036,0.71216895031748,0.170450454312043,0.256695943707149,0.646468811417969,0.453781030417906
"GOLM1",0.732684372255473,0.692856304172745,0.317236266172186,1.63663025290257,0.230286675792856,0.466591245098561,1.61229560598351,1.02250301353344
"GPD2",219.700073758945,0.868364895178255,211.295800256272,0.592949299714686,0.175685477189657,0.407337409101794,0.585512529212877,230.62939419778
"GPHN",0.761623208972384,0.787352073869953,1.02951580422664,1.32445031469126,0.767493959214346,1.48445323685234,205.406312685466,0.883898280927213
"GPM6A",0.56101537422758,0.225978068366422,0.772502053363692,0.431088158796811,0.0745557698691897,0.248978722779695,0.590150553536227,0.183903023623983
"GPR155",1.77464345296667,0.920644563664511,178.373522475712,155.859950142345,0.153039716664335,0.331760943015808,0.990142765639896,0.402787581629356
"GPR158",0.814882467038751,3.43957166434445,0.583776206966581,1.21776755145704,0.725204216546655,161.764408424829,195.563793420832,0.269641728943931
"GPR27",0.819057672039029,2.65077345888125,0.290369206947528,0.9434195758908,215.360099456977,5.07644657895483,0.9283596935609,0.737795098459847
"GPRASP1",1.81226132332125,2.12538911862722,0.611409197021969,219.253727409326,0.674467472757735,0.70630369669957,0.634549899488202,0.289378494834062
"GPX3",0.636816647898939,217.561137176801,3.17820650221746,214.489425097724,1.14154048816521,2.21152406900428,0.898753508955323,0.135913195718939
"GRB10",0.758577392130127,0.803947766998314,0.342839941261432,1.36527150988633,212.614419865417,2.92034001145741,222.034322010419,0.377126581842531
"GRIA4",163.092879699628,1.16388837724306,0.265672724384141,0.434590391419106,15.2471656819157,163.584106226663,2.07413556680243,0.268273401791406
"GRID2",75.7343381210424,87.0439016870048,36.758101342112,0.511770487383802,0.386732840807874,64.3152292230581,85.629910040378,7.5398432792921
"GRIN1",0.772125715913737,203.654636845115,194.503921695267,1.0876805132217,193.467501468571,0.979489588209173,277.743058621966,0.135351623465411
"GRM5",153.286500705072,0.730498909361182,149.155338609929,1.77212163195901,0.334417545237211,0.551075529709947,158.164031492398,0.524424111657042
"GRN",0.428982102053167,146.959873294687,0.695599018364484,2.30836421084338,0.333100757405679,0.472905927094262,0.469833689600403,0.616076761276468
"GSTM3",1.05949986325542,0.635381168988588,1.28765806091738,173.719333323898,0.205075398193427,0.679941493340789,176.64769683947,2.55117945549549
"GUCY1A2",277.11443335912,0.984536291116596,0.679775121352017,198.66095373609,0.391469512805543,0.509318362867876,1.69634154765294,0.409322665694096
"GUCY1B1",0.355988893843421,225.137117462814,221.750187779752,0.988707824062165,0.517497639601543,1.33667215732835,1.83431178213421,0.143938026697532
"GZF1",0.44028563777136,1.19845072481706,0.958877042814701,242.440287609526,0.511255137945358,1.09438714050292,216.101908211601,1.26834591921802
"H1-0",0.638671979331965,1.94972821355896,0.536021625814949,6.61776073794843,0.556289989298885,0.454640858008956,0.832553700692763,211.757983526472
"H1-10",0.454077469706728,226.914317158249,0.309564767822491,230.788017372224,0.828534341074568,0.703849355283515,0.656497077181481,0.43809266264961
"H1-2",207.998427906183,4.68293408668881,0.488760021328292,8.85435511982917,0.635856655158127,25.5429513520434,223.4358005105,0.740885976213003
"H2AC6",214.853111210477,1.13285169242858,0.421566922603398,1.42457980649379,0.785986619289889,0.648821778572423,0.783601428313531,214.850258997694
"H2AJ",0.597441621479349,241.078128513659,0.337805270820257,216.284566939067,0.982814924697319,215.980195913925,221.746202884356,0.61808143117574
"H2BC21",205.084740591148,218.023367800457,0.264356172931372,0.651887719780412,202.4774039929,3.12106063526491,0.675278390426936,0.757480605572902
"H4C3",1.42728787411135,0.715989923056649,0.459845832812124,0.477550515428243,0.42642586813597,0.882120048438876,0.44639163635338,0.704804371254275
"HAGLR",0.745192366359055,201.237501453822,0.439785972312392,1.21705675423535,4.22429005008329,1.55046310349937,208.60608740722,201.805006961582
"HAPSTR1",0.383840936357901,2.02578168816006,2.12346884920306,193.600344982068,0.461960530747591,3.26242187242331,16.1071822986877,0.2995116648961
"HBA1",0.392137648670196,4.53240186961044,191.351266734642,0.89915938928406,0.544378841755472,0.515691554828209,31.1669759840539,0.67962506137578
"HBA2",0.421479299352104,0.815916976459899,19.5525445041558,0.481976845030972,0.288420392472146,0.431835495086819,7.95351496428084,1.44435374834228
"HBB",0.337012397884134,0.430840098846044,26.4606356089189,1.13717529429033,0.183757194450874,0.498940881274147,192.374571537226,0.523505067809336
"HBP1",0.53448815509784,0.90962126157073,0.322726010743883,210.324022910329,0.834643040838385,1.05039071944911,0.556860137232356,1.24997905295164
"HCG18",0.665394262663466,26.5985341983599,0.257822992555212,0.30419134069071,6.33411165321934,7.10801986837942,246.453169044365,0.721653696263057
"HDAC9",175.474888148684,1.57532916172915,0.248535444840281,40.5652357324741,191.000369116282,189.14523340598,196.556089852773,176.206847601814
"HDGF",0.4654504826816,1.88665758706637,0.457353099732069,0.733888352628034,0.529627805672668,0.372384944647817,27.1091543251415,0.593143095968988
"HEBP2",1.09086789563475,0.768634787906817,0.743973189624831,210.03299175801,0.394934789954645,1.31901865220333,0.824636005630933,0.372480033779598
"HECA",0.415498112918729,203.011319725193,1.43686177121147,29.6474126381794,0.447130047612057,0.625141910836781,2.15942048073502,1.52256882250545
"HECTD1",1.89011058615636,0.597690937300099,0.384806971493948,0.808014486218618,0.194965622925384,0.681500715202196,207.470911602036,0.549646133927102
"HECW2",185.056001222998,1.21968875225703,0.231625965197642,185.752224778131,182.097287324676,186.787798763174,1.00322250386082,0.543499850913619
"HELZ",0.695343948147069,0.935660747075531,0.517181617758762,211.844607036599,0.326034970657057,0.353284579485312,3.44643645330293,2.50209943578757
"HEPH",3.51006608052233,230.209670666639,204.784124846262,20.1385292905993,0.126136444208279,220.053757835969,1.54175796806436,2.59604135511517
"HES1",0.591547011986784,4.43750849167511,2.0002884853789,0.500352358563911,0.346250736580171,0.441072651028462,0.629905928463006,1.04206868904121
"HES4",0.206755498321627,157.754486892819,148.020986717554,0.670722964033585,4.08589242820702,0.899312922881765,158.008781880037,0.870312525066041
"HES6",1.36523241593855,219.841633740902,0.308609025270357,1.62970145628429,0.415864206086968,0.609237778324127,216.177248864777,218.069907180632
"HEXIM1",0.920157591256884,1.34347170087511,0.567676185106068,0.744025215602951,0.362730171953629,0.900649942390697,2.38520492008046,1.31512118061854
"HEY2",0.992329557381064,202.916335379463,1.4857189049025,1.03883953518843,0.453477023121326,1.23582397193798,8.07900481292261,219.96369703122
"HILPDA",215.944520533014,3.86719333683217,2.36849478214729,207.747482784588,0.354144468855384,0.572826861656382,209.538151301766,208.033209656176
"HINT3",0.494230998558011,999.999998189015,0.218032870657998,0.818902552381934,0.464341674763053,0.634797273835534,0.42156644095006,1.14816541252602
"HIP1",0.413178601425092,224.482129030123,0.161798971130894,0.379170839336585,114.393860286863,0.852367781815077,0.554830379534007,218.715450566867
"HIP1R",0.344846091067855,0.559814806365894,0.383987045876071,2.91441604758014,0.195171227844083,1.0903163089409,0.810874145713474,190.368212434592
"HIPK1",0.350103497512274,0.640035631465415,0.328628748702943,202.973091038305,0.357166667263864,0.637398500601467,201.461265487756,0.485837480574766
"HIPK3",0.439610461403899,1.43752020950733,0.163607590170341,1.24656669301267,202.060914459213,0.74667616087135,0.666135923029581,4.57540621492217
"HIVEP2",6.65859658442348,213.693301693778,0.530858672733715,0.496061151423162,0.382759521177693,1.13535467415205,212.286714041244,2.12088011097297
"HLA-B",0.08592644126841,383.342674830933,0.485141477954605,0.350681692191949,0.204212165600901,0.251641154207658,0.453494185544546,184.687775384284
"HLA-DQB1",192.033221977842,24.9308507964938,205.27378271485,0.479609759609879,0.381763654939304,0.864187569515083,0.510459674994883,1.66974903442994
"HMGB2",0.593589119042127,1.42631284130191,2.43224540218729,0.407484517688402,0.264116341597049,0.427284201385517,1.20531609717535,1.51262829009643
"HMGCR",205.259399036951,3.47330335165418,0.549604519586797,1.02272835280198,203.334174766355,1.16548730560706,2.92235697109642,0.199819166169062
"HNMT",0.667648627017352,1.17239090553687,0.975855266592309,0.782432805228973,0.226894745256723,192.808953200782,2.24123002506224,226.076230691082
"HNRNPH2",0.444828903075086,3.59603858322187,0.867653213019015,0.427375913476395,0.276708074713994,0.628259171416216,5.56298309067785,0.301864389701274
"HNRNPLL",1.63054813806135,1.19923636564054,0.552862432271176,0.841963494096434,0.575417258607645,2.03379958255053,1.00693519072511,0.736081651499342
"HOMER1",0.882417921395671,1.0652995858658,0.468606053274153,0.733851908948206,180.657703566663,198.843730084127,208.59796182827,0.982963444460572
"HOMER3",1.25116006457856,193.835141953347,0.287587821437409,186.353847182428,0.451518306245074,6.14965175667972,0.46765218125479,2.68548600027098
"HOPX",0.396702778173787,211.504634665583,205.161012893553,204.240807974857,0.104323085518147,0.49415756275347,211.121146265499,1.22144310473354
"HOXD1",219.068704793597,215.351479586439,0.203454761861138,214.445916221748,210.04836023441,2.43365314871137,218.027115215577,212.554546549125
"HPCAL4",203.20979192625,203.441625951121,0.542250704649011,201.02341449238,0.242675331255283,0.624686252268378,0.950116522728619,0.35083786742369
"HPSE2",245.039871549832,0.712408908390726,1.00581795229557,213.052762292197,0.15455335455747,0.381490499154077,4.1559371697555,213.745948314329
"HSBP1L1",0.809642420998452,0.742894759732175,1.28133740357695,0.612500789551536,0.78756751458123,149.961665930642,2.04539955889452,148.024832507558
"HSD11B1",0.4260014568401,2.20864855551202,0.571929761526053,0.956710655279266,0.788843290474374,2.64835932952565,222.547951354391,220.332329719288
"HSF2",214.799501611369,219.139277454919,0.26690724361092,0.956281623266227,213.216399266891,0.97046038211063,216.184408393398,0.587201727542813
"HSPA13",0.3635384279626,1.46935458661503,0.550152778796676,156.151597903811,1.68995583248183,2.60978941438344,1.25809181839158,0.183626449453246
"HSPA1A",0.290170608011661,1.32936751078919,0.387152396273588,0.527542902518701,0.244449171067199,0.719266957482501,0.69422597339268,2.50421870222286
"HSPA1B",0.491051561910762,8.55309422341041,0.978588979337988,1.08308200994744,0.334149780173807,1.02391754539623,0.436422684339224,0.383871205704764
"HSPB1",0.287212490252406,0.473351296063377,1.33195465491147,0.317099542460358,0.192770596436279,0.238355580334412,0.923411792773999,0.2166665818725
"HSPE1",0.306021364364168,0.461243738337957,0.203469616830684,0.428272996979692,0.621286286479543,0.556354592000802,0.724686291910896,0.402000998691298
"HSPH1",0.461317187885045,6.97859953398766,0.612896905674204,0.521107878485578,0.430140891592477,0.348174142812856,0.813173688402193,0.269637409148947
"HTT",1.13659758623091,219.369090948593,0.533445093295979,0.614832700954682,0.425536547460057,215.443642891427,207.695443870853,0.600209558633352
"ICOSLG",212.516299544394,224.259523088137,0.524808353731418,222.418508628564,0.476916701456598,0.751613510633861,224.569642698646,220.946995447201
"ID1",0.103860401382379,0.791373319075707,198.246579984013,206.074500036868,0.260062038387326,0.531413074143634,0.895826090246261,206.173329663693
"ID2",4.77781725455584,1.09501679770341,190.917561394055,0.559088021082798,0.105522105978704,0.405058365772764,4.45948531617941,1.23891968630581
"ID3",0.123306268223767,0.801819424880013,0.903494555569186,0.788502443766409,0.452725569702815,0.42397470549246,5.29875435049684,5.20113639663328
"IER2",0.222972086363094,0.708530340350367,1.99514249737137,146.904153908982,1.20496398174333,0.870216009343451,152.067758041035,0.864186748376722
"IER3",0.367532262828806,1.08829183632614,3.18580581861087,9.29502542760838,2.78753961689004,1.36472291501289,5.33954198130415,210.143653068859
"IFFO2",225.119679062444,227.41623064435,0.989902285305504,230.249024433545,0.633189345437591,0.649988503254142,1.45377453541813,0.905657691597801
"IFI44L",0.238379698762006,219.010179700753,0.424878123497747,0.940652093626558,1.15309854934222,0.876646063176038,210.400344177938,214.515881280619
"IFI6",0.156994774081337,0.512294224934545,8.72259479058091,0.988768407631396,0.273876788770716,170.174694531186,238.76851282896,0.875243123647019
"IFIT1",1.14110700133726,0.698015783655652,0.558053609900949,0.822974907742336,0.318643035564524,0.902794875124015,214.357665914917,219.28561685618
"IFIT2",1.38774651335951,222.231996581126,0.306557772875458,219.678689614466,0.448605019918883,1.01854995346681,2.62928547156185,220.478739549143
"IFIT3",0.661202564467978,29.6599794781673,210.204476984642,0.617009495836934,0.170686020048898,0.457441143853343,218.15168246038,2.22602055200491
"IFITM1",0.218191301503647,4.16156467959031,0.511275515614499,158.77506929151,149.341684517999,156.386007932305,167.133056206669,154.677403949288
"IFITM3",0.103517513540869,172.409664468315,0.851178849923034,0.691027216861597,0.208714172116594,0.247018315598653,0.355469667259488,168.446472299349
"IFNAR1",0.35009904681093,0.583888914469125,0.496107043967906,0.447469749257018,1.19658672423319,0.672747275900691,0.414521652464732,0.711746650888523
"IFNGR1",0.206830070508218,6.76354905303517,0.161775537809042,0.482541889388318,201.259007110927,2.46777392223662,1.21107240539717,0.700118830430268
"IFRD1",3.7982090574862,1.1822781851983,0.388272408415744,20.0526589986649,0.415271506232311,1.00264037467416,5.07872246667159,1.34658706993651
"IGF1R",0.636773375168868,1.02372743373834,0.541090363610864,0.836480369153408,0.490642614371834,0.489108679518565,213.995199656009,0.752430396418403
"IGF2R",2.47849780407422,1.95217572615851,1.27563976739516,1.21657193409154,0.427740507928994,0.784733600103736,1.71746784482397,1.58468986150808
"IGFBP5",0.226307261311281,0.543771012626479,0.813184270774585,0.544704978076566,0.462493920983922,0.600501814130539,2.44478186795533,228.211380159375
"IGFBP7",0.0789247785587629,0.90354662565336,176.007227820515,0.526353422296574,0.0936883586026358,0.252251052559364,0.666182329715959,3.25315225770376
"IGSF8",206.21465140255,2.43930877226683,0.172527936000717,1.24796693191119,0.908017565205559,210.411217467566,0.888025625845676,1.99845687890843
"IKZF2",154.118301501767,1.19104147501384,0.615810985081076,0.669294760295561,1.15710755660226,1.95634851739395,1.74449065837783,150.737752346771
"IKZF5",1.25393526048066,2.62001880378705,0.238418321379447,213.293023117442,1.06606667970187,0.499329652781735,213.804001468438,0.450969826814628
"IL13RA1",0.218957079845556,3.88724112281595,0.397911752714243,0.896396648763473,0.834117610963478,223.869049228537,625.848642764832,218.960719709729
"IL17RA",0.732885218137775,3.14655152133306,2.01408385857431,0.669113542585572,0.869307016294304,2.18182564578474,1.38325345651235,2.53068237805201
"IL17RB",151.27166788972,2.86012980136619,0.503453507272012,31.870283212834,0.475221538625381,1.6334967921074,0.860893091116432,150.774701682782
"IL1R1",0.413297448801436,6.58950597290798,207.369997661641,208.916853483439,0.655215245256528,2.46248644871844,207.819329984842,212.090372143647
"IL1RAP",0.941200925970333,0.454452077511393,2.36446908563104,210.437226406657,2.16622391793865,208.333962802769,211.634153432961,0.446608290254594
"IL6R",0.597975738474724,13.1333553421524,0.453392416293421,1.77672071646765,1.2592545434663,206.553596840969,0.643909692748164,215.402825306132
"IL6ST",0.318539705553147,0.56588573740921,0.24032089929372,0.597219021052739,0.177753585504731,0.273308795722798,0.665546818424249,0.693343222073116
"IMP3",0.7747927863434,2.82605657428041,0.630912281086883,201.656164503386,0.733818867687252,0.602715376860865,1.28251384779147,0.687130985889087
"INAFM2",1.7149728759313,0.758287433175308,0.698367837154471,0.660371615319601,0.726808357827118,7.53462891015496,149.483535564532,0.458797304232586
"ING3",29.8373402197968,198.01994986908,0.708231719013664,1.18443628670112,0.820371161911719,7.12448769594118,0.494673323649201,0.519811042820918
"INPP5D",3.07296059380161,224.891107354393,0.63301077525542,0.603969792378214,0.478855686474554,1.52546433995674,0.384287905096568,220.463594080072
"INPPL1",215.465956818566,0.790172163909688,210.336085950468,0.643212409050913,0.171845069284372,0.37018019893423,218.539864306343,276.002512642171
"INSIG1",0.85605164156027,1.47559209212855,0.235536331551402,0.926356298503893,227.293399995131,10.9316621476408,228.400465982563,0.237478035734724
"INSR",0.543773500064948,218.067530274618,0.244418093306806,0.492691152176189,0.33524164952381,0.519422849438673,13.2779704419039,0.532869366135454
"INTS1",209.398052430591,207.708158829482,0.39017682828293,0.499179222754653,0.251628236165855,23.3814086212434,0.908657840470141,0.591173735387122
"INTS6",3.72905857179038,3.65494130764444,1.20758394571611,2.8842318605073,0.386132852025508,0.311149376977394,48.0351581892239,1.03059269241309
"IPO8",4.21161439921306,9.47384606230585,8.09524443379875,1.77152406286821,8.54695945864838,3.12958394897292,208.172038547771,999.888022394087
"IRF9",0.556557267692927,457.93246758424,0.722571904361937,0.829770268850009,0.455323580626344,224.380708768304,1.66966927808922,1.76372448753805
"IRGQ",1.18471247959712,0.637416808954901,1.21261381592162,0.417976648015063,0.874874512959454,0.596929428378789,209.104081361364,0.860112666307583
"IRS2",204.701486073556,2.12720988114571,0.276268886968602,0.535251871309438,0.179949431092702,0.223766536462094,0.790064223162014,0.245306756068544
"IRX3",213.357832811522,1.05126460822748,207.250719525897,0.621128930064142,0.22363442089209,0.443930837344206,1.0224510958184,0.699050516580657
"ISCA1",0.934498130470795,999.995974975937,2.84474499140381,198.222318538464,0.446446867046796,205.780472355194,0.816174437481318,0.316475437198724
"ISG15",0.348627597751101,0.524307382299132,5.09656471006785,1.61094424658104,1.23655754322531,2.0887344658597,213.997760545311,0.895377940862171
"ITGA1",0.284124744308722,205.684718707558,1.67946105518988,202.412195605283,5.16264966885736,0.750500418220709,3.19745486223077,207.349040658693
"ITGA2",2.51894215130718,0.38187952956535,0.258678820513393,1.87316542541761,0.912040302666993,122.742697584315,1.07368207985239,214.992766789936
"ITGA6",0.209627514438092,2.12162038122371,0.742809223094616,1.98821277673857,0.40453078420766,2.09748365377794,219.454197628433,212.920926507847
"ITGAE",1.78227838895169,1.40012539740207,0.808942787249868,193.883826625977,0.459732214431592,2.43734901361857,1.75090157530905,0.457068595766092
"ITGAV",0.369324057108174,0.385239255457897,0.329561768768293,0.421486581529694,0.123888887880337,0.399353367636915,200.505328126564,0.610182205463235
"ITGB1",0.162788092243592,0.773667017263326,0.164103893242589,0.889113470491732,0.7681668788656,0.613272467430948,0.484724987561082,0.855934146223982
"ITGB2",218.281209776421,223.440771315105,0.374917074155343,1.06836577833654,1.06533039809824,219.02634708677,0.448777375609093,218.807092617334
"ITGB4",0.500068407880658,0.704132212190491,114.97481035994,0.612660516827129,0.114010044911025,0.651439904169811,213.463893960798,1.1531515371655
"ITGB5",1.76526989116901,1.31834610317341,0.391367033547859,15.8862259847055,0.260638944324065,0.382683207456893,1.03147118871742,3.56393323789079
"ITIH5",0.202222961406211,0.824497056300522,3.42549241483263,0.832094592040542,0.471686313590716,0.621144545358081,0.687689662461986,217.962968183563
"ITM2A",0.0811617876444147,0.624110349893691,0.491768182019255,0.416792977314255,0.308888420508841,0.89711748879346,0.692067829513417,197.868303370421
"ITM2C",0.363720530756421,0.824175749260367,74.7717523486607,0.320478491557241,0.0453017115824825,0.104298426899981,0.612053982450425,0.45987935607865
"ITPKB",0.555936953103512,1.34871096886321,0.267228468162651,0.262696674673654,0.0729703863724341,0.164556394253471,165.438434018709,153.885207187197
"ITPR1",0.378682489021333,213.182770079638,206.023687151444,3.1703442635755,0.288891550943821,0.478543903284622,214.848942492427,0.228994931759139
"ITPRIPL2",0.369178021129158,0.850863684660141,151.302696158581,1.24827366826137,0.276692717763502,152.332764856767,2.75016092838916,0.908205259162777
"IVNS1ABP",211.306459057189,213.650700611246,0.346715340645759,1.00996885275627,0.331788545897003,0.52023237822626,4.11176054177292,1.83459399651694
"JADE1",0.518910090838709,1.60573400207525,1.45873743876465,203.633705720174,0.27443154753299,0.319163794355997,214.966998437689,1.59879093799645
"JAG1",0.26705530226998,6.54707641058719,12.0568618736689,0.436478070121005,0.435346349336815,1.17151739389566,221.211431457477,217.208161261436
"JAKMIP1",159.792405607405,5.40425267239587,151.101377682854,1.16192015179352,0.538979083690273,158.195303178829,164.796259122941,0.315109919742012
"JAKMIP2",1.26119861153669,1.00406144410195,0.773369558870218,2.85566272681064,0.346976111765057,2.10234002140449,0.532639010748914,1.02472068521641
"JAM2",0.280981079334054,1.94594558057787,185.541000225385,1.37795457688353,0.130527529091833,0.644471716638025,3.51973715804489,1.06391115356074
"JAM3",1.75424727186924,216.079695112462,0.115048161397979,1.16000923628975,2.31917978263409,203.823147672749,0.545814096016911,0.565991026634735
"JARID2",1.82961858119044,209.153290486952,0.597339129865166,2.00223727921877,0.429933830544817,0.86598874486314,11.1053241236448,0.543499468813457
"JUN",0.306590749692727,0.534304108746256,0.674538626871216,0.665241633238029,0.250157109795179,2.66278149500859,0.783705689317706,104.942993133125
"JUNB",0.276707566731156,214.008953038156,2.63448611584102,3.133247384245,0.583496494410936,1.67711772541508,1.12545461354396,0.651755095918036
"KALRN",0.611329724666444,211.350447061978,4.63386258796876,209.955287967244,0.254110996005579,1.36977691620471,218.904594928218,1.13330308634873
"KANK1",0.702131915845961,212.223257715891,0.420430798552299,4.95695442194895,0.248287276553814,0.479164898295058,0.776314550336654,212.199666939757
"KAT7",0.91843721446064,159.935604242114,0.425094208526544,153.266422381191,147.556689350491,1.48542826589087,0.863141238171142,0.552285726306614
"KBTBD11",0.748672580913534,2.70136164702947,0.503883612569471,8.4924251584302,0.172747096014131,3.02675483079173,0.671822467882779,49.1863723251001
"KBTBD2",0.852311701214254,1.91500286609818,0.549383713167974,0.636272389090863,0.417203046376505,1.5894768865611,8.593928850102,0.469505238292054
"KBTBD7",1.97083312258954,212.753907958276,0.398207443574523,0.902741017732297,0.331207549995571,208.152703766148,212.224369673455,0.934212249996748
"KCND2",206.474328127204,0.910010950216212,1.70662399505045,999.999365126671,0.523831592362483,3.61941424102269,242.456512599983,0.599733176005029
"KCND3",165.521160020806,3.86469274937861,159.423696290586,1.40857743852996,0.208200668903059,0.259646572614116,7.35656425189206,0.109244330623813
"KCNJ2",0.700187495401753,3.92265327853729,0.231698445041871,3.06391465283066,1.78767054097878,213.026389104568,1.23930908247741,214.834066290078
"KCNJ3",202.52484967644,1.45611855916072,0.376345657082389,0.813956571738401,0.781503107303702,201.47697173166,9.18634716084578,202.849428648098
"KCNJ6",62.6857887365137,191.780063475186,0.495361283289899,0.376663827933049,0.834851483545941,190.934654066554,8.62337956464616,0.0820716576927729
"KCTD12",0.179269677411973,0.493438297467818,0.359965728236594,0.470778335042975,0.209212539599826,0.771240720248522,0.321082818129332,205.526295874533
"KDM5B",213.842530393817,211.308262360585,0.740417881206662,11.4051758559521,0.357293950794356,1.12922490171449,1.17592018424038,3.08720319013062
"KDM6A",0.981567412474322,0.592606787712697,3.7453788211137,208.637174033737,0.486421710283473,1.22974922834967,1.11680924425199,1.07202181585228
"KDM7A",1.09718900469897,206.525892841244,0.589912789246404,0.606667153415755,0.585768357636839,1.26757545705724,208.331411079015,211.758510218942
"KDR",0.371308278190687,150.970526410977,0.356698156107145,1.62192693862673,0.914753310397205,148.787668372812,1.49680924034878,0.585196583025813
"KHDRBS3",0.690180799863965,0.748104805939646,0.825712022907825,0.812619359336611,0.401948547358533,215.241189307743,1.11629077753504,0.971303741685144
"KIAA0319L",0.580551676225798,1.40662353016798,0.467433823546415,0.868066647090377,0.508213839716625,0.882402105002281,0.468318142811569,0.578666268672426
"KIAA1217",4.5676995333934,0.802673075202429,0.850115528751122,212.813844483703,0.281610595715429,1.55679507015761,226.837546897868,229.211438244748
"KIAA1671",0.475188406586684,214.649592619036,2.81069819542229,24.702183442298,0.329443872739038,0.474156596202952,227.458975767843,1.25968458087957
"KIAA1958",211.123264800566,38.9043541701655,0.471469089812579,1.04631450803722,0.409716848069034,178.814870025545,2.46459614492639,0.912817891437517
"KIF13A",12.6094374400734,4.41882664484277,0.284700907682766,2.85308616898089,0.408812748357535,0.597575452795608,207.128529045322,0.728766589783025
"KIF1A",0.698025675427807,156.518048883604,0.280094051187673,0.385874489494594,0.130253059361041,0.307779304979835,0.435940784977293,0.177725364430127
"KIF20B",264.635224649396,999.778240778574,15.8474593816712,3.74654700731755,10.3718984720006,8.67392818844954,188.55645355538,191.917744237023
"KIF21A",2.25953634348615,190.145952051528,0.276126681852604,0.43890823977998,0.240375387971273,0.35702449073863,188.043039416991,0.110172464348218
"KIF2A",1.51590059271994,214.586503873634,0.293062446796676,0.447485079004809,0.480859858018589,0.476425923428374,206.851805405524,0.37683705594229
"KIF3A",0.679558196232305,0.792239928347055,0.309979528712116,0.696159515372227,0.491760850748613,0.344271511005519,185.665644341549,0.127935511159222
"KIFC3",0.878329222708184,0.645988787124533,0.373364323996843,232.396213773359,0.54348452542288,213.839582157175,206.665998140938,5.25490593238379
"KIZ",221.648201828804,223.019651476033,0.407856548127383,1.42635344200475,0.416422661195449,219.116127012631,223.468756600366,219.808886175675
"KLF10",0.438189031669538,0.916866885064037,5.78871784462401,189.238940566097,0.901232837072148,3.9278990985079,1.79381035321887,195.457686707492
"KLF12",202.628752457325,210.891205845929,5.43848897971255,0.542188218227687,0.275304872209897,1.08086350789283,227.728921075358,162.998420665746
"KLF7",0.878654709113784,0.860974735114808,0.27695608374027,1.72734769518752,0.28638131358885,5.172278708543,226.298072185175,0.340138293953861
"KLF9",0.308758381384063,203.276498527412,0.27809593285242,0.64415580690617,0.284346043607207,0.896708514370735,184.100773943084,1.61056240843005
"KLHL9",0.452464214481454,1.35908848897915,0.595241832964209,0.627196998717197,1.13307309705242,196.963271504032,0.980255165748602,0.437676190630888
"KMT2A",0.944828229775737,0.397126653534529,0.195551584613312,0.407022498298369,0.275089970736981,0.472272440886335,50.7720200727381,1.03666874733311
"KRAS",214.463760022549,0.574879930176402,0.547533794017346,1.03577283845423,0.297410443761147,4.44631067945279,230.693523182378,0.457637879885496
"KRR1",0.676027220945036,0.411523809929948,0.376174468082745,1.01715301515019,0.427030634959537,0.670607731527003,0.65371172522409,0.713271059923891
"LACTB",0.843635314008111,213.398883558986,0.615603806598888,1.09680812438616,204.469286441191,0.448627448832934,0.90914240607626,0.45955468628916
"LAMA2",0.40818951527159,203.633744681271,0.241280078928616,1.27247816105474,187.365381541028,198.555250285536,197.583167927971,147.030504738215
"LAMP1",0.367653200465269,181.744730982803,0.120958681913379,0.489488891150324,0.216279500566563,0.365424328091733,1.45515911981937,0.469918453270247
"LAMP2",1.47936884278175,0.693918709279031,0.0700994455534917,0.331006327778429,0.330059160597055,0.824619351361745,0.455953010258811,0.553991907277351
"LAPTM5",0.88741053605405,0.800714385149543,0.300014209953444,0.405953609217888,0.758792914253261,56.8100922844058,0.34235482351877,1.78160715596709
"LARGE1",0.79853082410024,145.301887318231,14.6224995102968,2.33160955526688,0.461741653104601,128.840494729183,159.382578038123,0.812442549523534
"LBH",0.349668836562608,191.865635687302,238.041805024105,98.5752690582221,1.04579146536037,181.30119174054,48.8835933451557,0.402569271068282
"LBR",0.380563165089049,1.40853735281292,0.528856464145441,0.82225649944965,0.547619012477413,12.4948751208481,212.990628484588,2.41539685689007
"LCORL",5.79977842986252,0.683354800747886,0.68458978987248,81.3039556194848,0.321684942933286,181.083204240902,199.715029208119,191.090782536933
"LDLRAP1",1.62548078206622,218.260851772483,0.242284100516382,0.659447583458424,4.729699673071,4.14992483017435,5.87088042469953,220.108497520572
"LDOC1",0.907215951386702,215.133908504588,0.566494938671479,0.56364214103824,0.867246648593016,214.704427990645,8.16401122479311,0.333697981486338
"LEF1",0.258774449567912,213.273529390518,202.833920984282,1.5089351429907,1.41781114060337,3.48305195298692,1.08423728042563,1.18359448928359
"LEMD3",0.740529922775593,0.529302454422444,1.08770106456844,1.11516822550553,0.774057942713508,0.797333236105362,0.677840246897017,1.00917783652231
"LENG8",0.758033472300715,0.790067641629068,0.379900419572547,0.584931717830261,0.671034348053043,2.83938599683805,180.852156504394,0.822100776711624
"LEPR",0.294423752786326,206.225187889532,202.839989442752,205.595693884252,0.42922594041564,2.04883304956633,203.189660603763,205.403355224197
"LGALS1",0.230466984068024,190.230474367438,0.184667661254753,0.863044585441879,0.26338757474935,0.428023180623896,0.628504676321115,0.32128859210858
"LGALS3",0.208984176061672,210.626364926869,1.65355110345177,214.673353282947,0.343609274245362,211.075619799885,0.717339706066556,0.708794202069966
"LGR5",212.798885542308,214.881936228804,0.22596093796825,1.77902179306842,210.354643775144,212.845566394064,11.1276771624963,213.20187451611
"LGR6",152.695026916581,159.552395854629,150.890904007324,1.0127733237202,0.218862265951185,0.509276514915317,2.55702169483996,0.670983201973488
"LHFPL2",153.534299861192,155.724693346547,0.415678726760712,0.522936299195337,146.701700937185,1.3349434818663,0.271858667973835,1.26722818643832
"LHFPL6",0.220022580719558,0.469340416764471,209.177946883285,0.814764112650284,0.136941036707035,0.724229139780525,0.772246762010661,221.63830499959
"LIFR",189.870256116173,0.271323459199295,0.276972907282151,0.398792755237433,0.126872750170731,0.314630740291243,1.16068615189413,0.743310471738278
"LIMA1",0.730002328959208,3.8985896095579,0.335107471459354,209.096888688865,217.193312911997,216.085261892913,0.482174509724431,220.958163906004
"LIMK2",161.475657470358,0.720873458150199,0.698815208182446,1.10407932366558,0.401944864431508,1.01033226137871,1.12527433283359,0.431440778977211
"LIMS2",0.225732764428273,158.642919742134,149.114354062128,3.42982539058697,0.624936935371444,0.687630740498482,0.550202550718617,0.974881919627518
"LIN7A",999.996758236328,200.605349132063,70.9947769209061,0.635277369378438,0.535433385329389,3.66778939895602,193.193181422071,0.439119764294355
"LINC00623",189.246341327934,0.780356143986259,0.624299930229616,1.02147814483601,1.33424765017303,0.846050325094104,2.46490191927147,0.86336480705499
"LINC01088",1.04506921315376,202.681365744544,0.888406603563864,0.849491354135793,0.184093473590001,0.858480904156012,0.712085973191929,2.01853724788327
"LINC01102",104.647823559997,196.14295522986,0.251715410684808,180.492935003974,192.143366711691,175.686835246494,0.665143000296044,194.945700715715
"LINS1",185.425152577118,0.765988074307456,0.989738178600171,0.467575579710587,1.88409290500534,0.506900540161565,223.788047667534,219.821447454903
"LMAN1",0.347067617402872,214.339008783363,0.303800959864919,0.530641682922788,0.617724348140436,0.884405260698675,0.737310456818945,1.23914437581785
"LMBRD1",0.617522927543696,2.65780720825085,0.146131914032612,0.616742104762848,0.374511206160425,2.20025845199501,1.45929937412667,0.318866674447223
"LMNA",0.343843652535026,1.05245177264354,0.309390795652819,0.876812915627755,0.543211450312987,0.603349214286365,214.562183080954,0.858175525526673
"LMO2",0.151515456699704,215.777726679064,41.4956897354902,2.02246724825949,0.323715343217527,0.73617286455493,216.558453497124,4.99540240052533
"LMTK1",184.523206275551,185.235427694489,0.0881002909127103,0.325301066350876,179.368513905838,0.946267062971391,4.33823321938841,0.399137263893506
"LNPEP",2.60872918685033,1.30384963478036,0.499741435056332,0.573653650012984,0.240832345952306,0.739443443504998,4.11272319151608,0.303113596792288
"LONRF1",0.58015288392173,171.915486125114,6.65328833063883,0.531962812490992,20.5441484680675,3.47006749843774,185.2389629655,0.327043956490831
"LPAR6",0.317069727405418,1.85349319985947,228.134774431103,216.457702890372,0.470239158609308,0.682183248033013,216.768646609416,215.716261524518
"LPCAT2",1.15780951773744,2.07774931458967,0.219368514022842,0.791181471159295,208.263949273023,2.39147465927059,0.441349623928744,213.662609677521
"LPIN1",0.551039839305839,0.541081873706717,0.752256491898013,173.587465464816,0.0913527497856635,0.290571573757289,179.782674889568,0.473959391716771
"LPIN2",6.6855727541799,1.70136080699585,209.859582225171,0.498743355032507,0.288610041535733,0.390332252642018,1.45681900940571,0.375642248661709
"LPL",0.428277461138619,0.645392562373518,194.649507006348,195.82415605031,0.496074336141272,196.070997161323,0.96294848465452,1.87445361090843
"LRAT",1.84823021532647,215.177169932725,0.370027130490502,192.831035865473,192.60462757157,0.706366720915385,0.537051975717374,1.83383653310786
"LRATD2",0.394074058973145,0.576824040590271,0.620206982684096,227.557682830183,220.764821708971,0.976050669811325,6.24059741029136,226.316166647877
"LRBA",0.452377698914484,210.558942095035,0.637225807457545,0.554597632142242,0.642389570579878,1.97553010583727,204.925672576395,0.895702183613978
"LRIG1",203.141706739276,0.62944993188516,0.521054476865156,0.671296863164274,0.11518678611901,0.241243526916924,1.71891947756223,206.311952959351
"LRP1",0.996810025701984,0.309567471878341,1.02818202434046,0.683964805280974,0.11018706230296,0.204244669062428,1.19694619448618,0.867292972604611
"LRP12",0.633828791567737,204.855895903222,0.427572896088952,203.57541153955,162.854606745803,1.13840662611189,202.116951980876,0.779588234240491
"LRPPRC",0.87141580176308,192.551226318663,0.48978297989841,0.8822931719346,0.26087889923505,0.393926400636114,236.214636985207,0.309544372926141
"LRRC3B",0.621982067137527,8.56414479711868,150.434305827967,152.990809899339,0.996786678566708,1.14670756158428,4.56881370569139,0.368175281698515
"LRRC4C",2.96491347405354,53.3075606929848,231.111368027784,0.425084621673272,0.185866217198538,0.910929897333104,214.992465056505,1.15024238960609
"LRRC8C",0.452015534617168,0.858252852679061,0.278715838623578,22.2265974993005,208.415546845508,210.263788112367,214.338230940432,212.686323362189
"LRRK2",212.311498467583,0.306029659171644,0.502089325064273,0.989434522300074,1.07470889815632,1.21127887925284,0.529124664261768,1.21323979199775
"LRRN3",2.37955235952039,1.2235701328536,203.670194700102,0.618100289429521,0.272523585699391,0.521003736760335,1.57567590154249,0.381588658254144
"LTBP1",0.645647863991745,0.499069061635271,1.94710777974424,1.04050442051398,0.28971737064639,153.598146449491,154.782762779931,148.357596864622
"LUC7L",1.90248688738298,135.113531322657,0.348963825677174,0.546080490543794,0.71806161822404,1.76404162467044,146.974146019052,0.811272631790291
"LUC7L2",147.712338974809,7.11989745202571,0.20965946352482,1.27419080722096,0.530766549156823,0.486361169729021,0.378342447239165,1.50614378160861
"LY6E",0.216026663713585,159.928734935234,1.04654808014649,0.511146181024659,0.643528656847771,0.794269168786973,1.4062173707619,0.621325833715558
"LY6H",188.696223286252,179.053483078915,0.689716859931102,0.518474328330321,37.965011136218,200.107207363919,0.57726880797498,0.262917842561791
"LYAR",208.534772546483,0.384299881097366,0.314048732487024,1.50570710296844,183.72016217208,0.912650144782133,211.290446825374,1.21332133081664
"LZTS3",188.162922073283,1.64595702154896,1.16985120430853,190.852514820907,0.380165119105067,1.46909651315512,191.444924893791,0.580244693747887
"MAF",0.371924001894451,0.314984200766994,1.2413632079875,0.948647184900335,0.310453165690736,0.622021008214414,0.80692078182255,225.893395613611
"MAGI3",213.309988628684,0.546683176677535,211.571091271407,0.897327665379267,0.493689895140068,0.769450805599936,217.736050707185,0.432776862875279
"MAML2",2.6520394024359,1.86264140048692,3.03231651135723,0.735312233364096,0.382740988367535,0.786843059553799,224.093479495523,222.202960489303
"MAN2A1",0.518492247892517,1.93645449053581,0.141340039632596,2.31271633635512,0.986373728439371,0.50487652886746,0.904131650422822,206.212741207855
"MAOB",208.248083455774,0.82799210917973,7.91181747996035,0.792006037606171,0.120390462460853,0.222878086641873,1.32103635263034,0.966811720576578
"MAP1A",0.340969797214015,0.448122049605492,0.154135574610038,0.482256510355253,0.189445828069482,0.720760279384017,0.572966381241663,0.136163414470161
"MAP1LC3A",5.21240659809646,0.431033697888479,0.686178235969571,212.534748123548,0.270780482432367,1.42743833291948,217.276388106287,0.188198595075713
"MAP2",0.919377669971744,0.460259144930493,3.78566760766749,0.531379612539451,0.213150459428371,0.412442948565371,1.33436477991182,0.196482469875225
"MAP2K6",1.49794156070094,1.09498701524596,0.688389567133639,2.67407922123168,0.409695430849208,6.06857188339921,210.837950945444,0.768375328176551
"MAP3K12",1.18191630163785,0.92738313213655,0.932225635775123,218.26656909654,0.622665159674456,4.14458471968598,216.799109049892,0.589215453566448
"MAP3K2",1.03288550813796,0.767382122860065,0.755359406730611,0.707230355422093,0.281450640545874,0.335481462838785,2.01238171319376,0.813978996361623
"MAP7D1",178.608203009314,1.15696288750513,0.158331633464341,0.567141040770802,0.239074991432143,0.474286285602747,181.965594457223,0.249545303184482
"MAP9",0.65104408087139,1.87162010165137,0.484646952364417,0.499610387253488,0.226962868141414,0.538255566987998,0.549594150785464,0.187113407189134
"MAPK1",0.926864932184115,0.9564027186622,0.30403871315842,0.309126015328269,0.148753355184187,0.520785056365822,203.406856403112,0.380368937115645
"MAPK14",0.309208398410521,0.64278456892118,0.624479784143843,0.545906038755701,2.61868802503448,219.219996339639,1.41491623314813,0.912870377049842
"MAPK4",2.61344620056366,1.12456227079411,0.698586588039699,0.878914928174065,0.1241235119422,1.2056819175907,16.2821925295267,1.24435268427612
"MAPKAPK5-AS1",185.25041186378,155.578739776519,1.69988171742747,3.76789041664112,0.397554148873189,1.82130847932449,0.708968842005953,2.96899586693215
"MARCHF3",3.6902775952803,1.98808702551423,216.954555653787,220.446079038267,0.194135123038347,0.475205455512172,223.875118556988,227.636567464185
"MARCKS",0.331412971185449,0.238154911103745,0.315960947635859,0.390264011937067,0.0845735469510466,0.225002483102215,0.341585532300059,0.39950679824032
"MAST4",0.554346384200581,218.729203088035,7.47240649022902,0.783354272457647,0.199331780466757,0.27187776207413,207.150205765206,1.88538040426888
"MAX",0.380105590955632,1.03708609922862,0.465908965807911,0.819470893044692,0.525675154128182,0.767332426403398,0.719253703582514,0.792046555680051
"MBD2",0.533508728476013,0.481756987424835,2.43455414499644,0.757181719738853,0.845583608020553,0.719749405594354,3.98317363143691,0.546131310341667
"MBD5",212.493122317372,222.042691636231,0.712129053663742,1.07532414190783,0.463510615688671,210.713069280729,5.37485751246465,1.45119208304718
"MBD6",2.83896284774251,0.603509869369158,204.320382327917,3.72416549236363,0.344774239019524,0.459757313913356,208.62792268036,1.17908773020923
"MBTPS1",0.265744301507814,212.068494519629,58.1956518842765,0.548000146537089,0.43130597448091,0.730557015353168,1.04123136969391,0.630456501514123
"MCAM",0.251732506582445,212.153955367609,0.717910623929894,1.10359237806985,0.565681116477208,0.442805887377117,7.25173341122079,2.06452949990843
"MCF2L",0.68534213235356,1.14884826383311,0.3402554808241,1.28711842214085,216.054932316365,0.845667020841614,0.581334022462308,0.484961361183896
"MCF2L2",151.588472737102,0.345599876130879,1.64213369155413,152.838398690393,0.957005707026427,150.438051043625,158.173946551846,0.755603038055026
"MCM6",1.34048376413609,74.9271534065228,0.644820554314263,0.636117747959618,1.17326186191895,204.56014377355,1.1221019172967,1.30003225732471
"MDM2",0.568655169006782,219.47862617655,0.245983664969901,0.54306185176682,0.860321661114462,205.903884650617,0.734532646399073,0.662647137718511
"ME1",0.648661077557107,1.39523160046855,0.762511105992039,0.444962164355252,0.242144340711803,0.386243760937344,0.772327726854168,0.411671754132548
"MED13",1.13025657448315,0.793627923563267,0.185080777299319,242.041403542123,0.398406309878185,143.388554974645,2.23976747123255,0.925055287981611
"MEF2C",0.365709894192972,2.04927128572354,1.18767913114583,0.79685154124001,0.429098408320049,0.771542060960186,1.11297774165638,2.46741449043493
"MEGF10",195.805409143162,0.683205372916065,0.210288365368292,0.572517833818284,0.317427047635657,1.14644907526952,222.677355227204,203.164797490764
"MEGF9",0.569564352559731,179.558275997347,0.199160771071262,0.709296305155375,0.200144768659532,0.312551256405321,1.10226173518791,0.275203765920099
"MEIS1",0.460611340904905,210.760496386545,0.433432055918208,1.78354654886554,1.29767453759904,19.0949799273568,219.314649008491,1.90446695621556
"MEPCE",1.84800810860619,155.285934717008,146.645387180786,0.492579290284599,0.359594659282121,1.14825818604637,1.71771236407102,0.858917291357503
"MERTK",0.66229851258808,200.874711303325,197.660397040524,198.729195251174,0.296548299646512,2.3115364294656,202.715534867834,1.31459650748968
"METTL16",0.811067938673165,210.497080345347,0.51757241476487,5.61149595954588,0.355169724819575,1.3469035303678,211.303939253054,212.893476997652
"MFAP3L",197.041912889741,2.11612740634038,0.188744171272293,0.846342464378595,0.342055477662671,0.539561887755223,199.669489891814,0.736529220829356
"MFGE8",0.364184809559229,145.98475826902,0.337252163923277,0.879474833201779,0.734772730885677,0.715302714991156,0.831650223296733,1.30406476906559
"MFHAS1",0.576447528797999,1.68300577192803,0.842688154050558,4.89275166669718,0.467172538898878,0.870374340116588,213.001238173311,207.912051812944
"MFSD1",0.43032278270514,0.683256816592969,17.3605090223916,210.87073316718,0.350714964626238,3.01887642040121,3.897551028959,0.820167251957442
"MGA",211.99923831585,2.45379066435296,0.300776845640444,1.48437334219457,0.439363044084141,0.878783398933491,2.55182144025918,0.680688415530982
"MGAT1",0.231460400345003,1.26829651599291,1.27891137785799,0.898496767596605,0.678386542497969,3.25291927010503,0.664491257615696,0.501547560404576
"MGAT4A",149.579384684347,0.786390888891709,0.533234516409838,149.346690777748,1.29695721899657,2.60741295237383,0.866985675460169,0.435679053745853
"MGAT4C",0.836637418353719,0.652785174877855,206.297687992161,209.372812576576,0.2379187654788,0.701316333037236,211.346157552273,1.74214245838244
"MGP",0.286024582422696,0.742092010739512,4.14593924005391,0.861817821817564,0.768246213912447,155.474076201281,0.718950150370657,208.081629731827
"MGST1",1.28676041157887,440.60467287114,0.431963068918428,0.356269031721324,0.085346289914995,0.417573274426045,1.22437729442348,0.84080333316371
"MIB2",4.26979155529508,213.459859751232,199.988155364451,1.02279341741168,0.200363894231148,207.96677307181,215.637747161989,211.089543462799
"MICU1",1.30157547649414,2.40751067729003,0.384726219536868,4.35122440126396,0.574712941058329,213.941462047317,2.23442794414918,0.421556262055552
"MICU3",0.538104786162384,1.12103926433,0.38829669832273,0.937178702185397,232.455441998341,201.818661981617,211.19212166462,0.345125156904962
"MID1IP1",0.767909946613173,0.606661380214724,0.183078216787868,0.423258515037884,0.163744174781729,0.290656613870077,1.31068320613652,0.872044549206347
"MINDY1",152.071562583867,9.08363416860665,0.234268699529171,3.17843829368566,147.589705530722,152.733146140102,0.990965299625948,0.869770685996886
"MIR9-1HG",0.585197454615668,0.29690459452003,0.52645171340098,0.263718369008338,0.0491274721417677,0.151742646766061,0.280049270821844,0.228061109348098
"MIR9-2HG",0.716990064399744,0.710386696940286,0.565141197170021,0.623202178253798,0.149369290823596,0.339017136883764,4.74632592592718,1.3422265833516
"MIS18BP1",2.27200795404063,1.98191217048396,0.939938307111011,192.83126438349,0.944054296740967,3.69958091806676,0.562963585149224,201.732149168667
"MITF",0.59045395233196,216.924472160751,0.304589505668025,15.7644392834272,207.9626071726,2.6621183062948,217.36930982176,0.468579231017724
"MLC1",198.545512549853,206.253895823076,1.26873117006903,2.07643341426112,0.081522063587608,0.251459995540949,3.02666613222854,202.566313662146
"MLF1",210.98856554903,214.875750349427,11.7542989709238,0.560621106331553,0.306257585963918,0.435941675921844,248.853291555576,0.555971664324247
"MLH3",219.599363884012,0.709652772359758,0.789487364694907,2.67637360480311,0.401821583435734,0.534052927193152,222.464634285291,1.11282614001534
"MLLT11",0.976135634295717,1.14702524499181,0.865354539581644,189.973883958304,192.950165468976,196.624234303828,0.839604272827083,0.15650133218658
"MLLT3",1.00082353729835,163.817984588012,69.1620870561829,0.47534744248488,0.615837543173896,147.082127102961,154.282064102805,0.295501753625487
"MMD",0.482403146639657,1.26568357306528,0.8142514946126,0.554256098977514,1.03779556925097,2.37854536340411,0.609333163663633,0.46013562778581
"MMGT1",0.53004863061745,214.18799413267,1.46023417880257,2.04183732995362,0.548066079502221,1.18502498362263,0.775063981544182,1.97544635300894
"MMP16",12.8212778723598,0.365327252051681,215.365128940579,212.25473146233,0.763327878125615,0.879708046845537,0.845793547169626,3.7586740481192
"MOB1B",205.241816423515,1.63600723767426,0.708526285932005,1.32594979729538,0.247606218383993,0.69339875147861,0.776071967647286,0.797224734148405
"MOB2",0.426007972864295,0.945903283681821,0.645444113777593,2.65394712545878,2.2510954964739,212.782137103021,217.494043667165,0.85570671336776
"MOSPD2",0.662566664431816,2.13967542426736,0.194022214788467,2.29674945083119,1.09731599979674,1.55196781527277,4.48797075936378,216.515645316956
"MPP1",0.301589753050595,151.322925939885,1.01198161824999,151.437774916532,1.45776700158958,0.568087419498393,1.02237488200973,0.729026132226419
"MPRIP",0.391194658704218,191.429279788995,0.447044548316791,0.540753772173293,0.13760194399117,0.458070528588729,1.25599301947984,0.550218511909629
"MRC2",0.355987848104523,203.619182741462,200.42323156932,1.26340815575483,0.366531500976988,198.63664650366,2.07506831693589,205.106330204773
"MRFAP1L1",0.444122200863064,3.46007504487476,0.280540999333248,1.33126426814135,0.532200884796616,0.605552116534953,0.865892667780916,0.338380214295597
"MSI2",0.689673306063952,196.321107728317,0.446879343784276,0.565384956706014,0.124168940332221,0.181778957362691,0.729414390572558,0.24838258155382
"MSL1",0.859806220502029,1.21015657937502,0.278265417755256,0.955805644989122,1.3694688398191,27.1819240849186,3.31696855836278,0.414520261480324
"MT-ATP8",0.182717446244083,0.23047413845556,0.0915656542011651,0.114864590494639,0.032500662843423,0.0640609321109389,0.51769888382725,0.211416025711095
"MT-ND4L",0.147636859249499,0.370679124163791,0.0745408478438195,0.12029436816474,0.0301788948767225,0.0525702517913626,0.367372180281864,1.09359927944408
"MT-ND6",0.424145844248519,0.4297372524156,0.183527745396036,0.205369178628213,0.0581782919561693,0.101268630601622,2.47519382103272,2.50102674315989
"MT1E",0.274716805180583,0.345561198429357,0.746071416972894,0.21877859291166,0.0585324862532007,0.156676359677942,0.746117683966837,0.785364467346724
"MT1M",0.375382604920818,0.281857486720955,0.677201716578017,0.330737885711437,0.0917424551316936,0.264187959802874,0.671707539283215,21.4464692977299
"MT1X",0.721501811684081,0.315912131194869,163.774962483084,0.296366268026865,0.0507353317561203,0.207935030745059,0.488047461331766,0.740250279325429
"MT2A",0.189861282895498,0.358575178201782,0.272941688059083,0.273762087500464,0.0490743193444505,0.140264154641618,0.322089644858005,0.490280616803633
"MTA2",0.628951517186099,154.822111511147,151.394295149993,0.596146671261615,0.335740547320507,154.072978378566,1.27493072621817,3.48416703670433
"MTARC1",219.558672967213,222.203744433228,0.784946608487647,1.7256894700678,0.425529737518447,2.73902842184934,221.478884607182,160.832794593562
"MTCL3",200.444396855134,206.766684977879,0.472978650420934,205.694850644292,0.829014184712242,205.755341330664,1.38393557712095,1.04523342751204
"MTF2",388.998678783838,1.61973045842889,0.467483482659464,1.30377160894975,1.43661674623167,2.36440499049178,0.73739224500392,0.795075898115257
"MTMR3",0.284805493347489,3.87840104787166,1.03736979646534,2.46906164845744,0.298441949368618,0.666928514396208,216.285909851156,0.716311001477859
"MTMR6",0.545720799977932,229.759561320991,0.248821101641662,1.76224158342112,225.552373302679,1.41549782743065,0.482690526844723,0.286285791497643
"MTRFR",0.710647278558747,1.22533829799087,1.00313425098444,0.770793991553674,0.710193009016674,1.76557170270876,216.625257267433,0.633814663225249
"MTRNR2L1",0.406100149749409,61.8997786660433,0.847149478643019,0.663617416493017,0.133755211651992,0.19352859844513,1.09338065025572,1.47965154623701
"MTSS1",2.30183869811728,0.487844667874034,0.201602044538249,5.49820160815534,223.134969954621,0.724911682193518,1.64135297448156,2.06403306970287
"MTURN",0.332096446576183,4.41479905860988,0.0887128053516946,0.340015401250149,0.0784381063575495,0.11274215269413,158.387617128457,243.536771183913
"MX1",0.308334026569486,152.282156749517,147.842379341967,1.1871587689058,0.365937178981951,0.579450361222982,158.877021300364,0.384445241183888
"MXI1",0.67032835673762,1.06729997770804,0.202018175812642,0.435542296100795,0.201887095757705,0.318484757555053,3.62413669017226,1.18541288602272
"MYH11",0.36631084929648,0.494827400688383,2.42049180704606,0.967806040324392,3.60604962205442,3.75817425646697,1.28363294523128,1.36253286066423
"MYL9",0.211908424430149,5.86989989822612,0.914643007504574,0.629713183519184,0.427702957533198,1.1481062619698,205.584927592059,1.79532443573949
"MYLK",0.293424379130888,189.567050085461,0.256483831063778,0.58030821880831,0.171880145374369,0.342520297906701,189.425211124166,0.85977490634523
"MYO1B",0.223048187659214,171.507809267436,163.986614316129,167.918241362348,0.970505837498035,2.06201999012428,0.44818313828144,4.20500902069951
"MYO1D",0.745587326149758,3.44280237700799,0.264652962501137,0.533765112540737,2.50962913871333,209.055952301747,220.254807056725,217.57805163283
"MYO6",0.511826670137727,206.230174133206,0.202221776979576,1.02626172993952,0.178514206422194,0.281460506221349,243.435640896989,216.327027791882
"MYOF",0.307953250445371,0.780745867634833,0.719394992136555,1.80850248705236,212.141600817706,0.643190183289569,0.497102647200619,202.784544597013
"MYOM1",0.939266605164575,0.992827370196697,1.56104630142045,0.596778248688903,0.355860891871001,0.369309539344065,215.895889120592,1.08029993234873
"MYRF",0.940837568695946,0.70866613248329,0.090155860725982,0.720477956798207,202.222885237733,0.529183616033072,20.305581599172,207.449391447564
"MZT2A",5.1078703021235,192.618522289369,0.374454485517767,185.595878290568,0.535668599375015,1.10298977886316,4.85856475475215,0.612753813088484
"MZT2B",0.706136455515545,208.487808529122,0.277620140338469,0.357910018947051,0.219822017234813,0.385731544874431,0.619411587719149,0.955336460513913
"NAIP",0.987783408139358,152.666903260634,0.438753909741715,151.433917055129,0.819948664551401,5.24716224052355,1.50577816409372,147.846314194841
"NAMPT",0.250399210978179,0.978273874557802,0.828488942601837,2.42432976541224,0.307219019590986,0.616396558120027,1.47430903450134,3.24711716942446
"NAP1L2",225.134692812355,0.497262262368838,1.18977944496795,1.20042169131573,0.91367682899137,0.584430132515344,215.447064231392,0.187247155149339
"NAP1L3",205.989589155894,0.397865953365516,0.900583286483798,1.52111789376094,0.360644594182868,191.154300853332,1.65379518597847,0.202807813048668
"NBN",2.02199840481226,1.77061087832989,1.46362719139094,1.12257314783343,0.307672026780625,0.43558060445347,219.932249987257,0.692479973327235
"NCAM1",1.3569330846249,0.379391912616104,0.120541901914136,0.4804183245249,0.194199051421014,0.393876882442263,2.2188458358177,0.193782697364775
"NCAN",3.9149762087917,1.37273151577768,194.716692233516,2.30824685437265,0.310948413090708,196.070616867039,3.32700917261046,0.75048214147029
"NCK2",1.04678572970621,206.851840952482,0.788811919553397,0.607500994678298,0.388098354166281,0.717342174012233,0.822891786982703,200.284054632455
"NCKAP1",0.392498693500764,0.667262675137777,0.469023431762058,0.669939905659986,0.242066999137094,0.581335220980943,70.557268537034,0.21791599006795
"NCS1",6.43773397937724,1.04394688044508,1.73356325464798,188.749960732083,0.328829459450674,0.477104723309254,1.80396504755685,0.252474550483796
"NDFIP2",0.569943818705109,2.66885703775463,0.351796620253823,0.589740478307844,4.86249598590627,0.943128710391692,0.791992885915362,0.393270903651135
"NDP",219.286081122946,221.143847753581,0.452212884433174,1.69994689322619,0.498537791306905,0.483407448853173,221.359948261433,0.731307478745864
"NDUFB6",0.656642406853157,2.12676976376684,0.281785232787086,1.03925737253447,0.335534782326997,2.38532215554148,9.40809356969126,0.347211895929552
"NEBL",0.30736573110643,3.32845989233931,0.390337196807721,0.27422910835723,0.102540293407976,0.206348739456521,157.430388424955,0.518102800122635
"NECAP1",209.08611285256,211.030876719858,205.181480638601,300.831795157814,0.238211076686303,0.531766628289217,216.814783579592,0.403313498931757
"NECAP2",0.524190116635612,1.72021693038652,0.88445409744532,0.774022635658927,0.59403039921632,0.861511943906953,0.811490021574274,1.69400679555202
"NECTIN1",205.501660574223,1.24565415590948,0.375755979869284,2.09584440999072,0.668406844921976,0.87385990189737,1.17034343599842,209.724732318729
"NECTIN2",0.292522509291275,0.635005653390345,219.234890434634,0.623227969074803,1.04896434019258,218.490436311887,1.546839757567,0.90565206029189
"NECTIN3",1.4183875496888,1.16928525179429,0.516094508737829,190.479892070377,0.866537325774722,208.421395312615,2.86956784284301,3.57256133842423
"NEDD1",1.24638379937974,0.941593126380019,0.354623987044223,7.32628455068154,20.879283951888,150.293099645792,158.801550970063,155.444195517628
"NEDD9",0.271407225853748,1.20766612968861,2.88617507461447,44.0139344597486,1.38362511621811,169.831271551585,1.76010009380356,195.096735202605
"NEK4",1.21514965605332,198.306343383888,0.6465871406034,237.335540264675,0.519173841806903,0.555582105451026,5.29266461871248,0.997744115008897
"NEO1",185.400585050287,1.04778262001908,0.260125519348946,0.782110985026627,0.255255132901297,0.36173935322517,0.75098813702634,2.77479660727268
"NES",0.376210057109181,213.071393959365,0.609255290682679,0.643069036769661,0.447244773409317,0.737180293556885,221.058449049919,213.944705293844
"NFE2L2",0.56842995694834,211.824290250833,0.184537059660318,0.748094009524819,0.183211147635542,0.585504457875151,197.15506018125,0.635465308408253
"NFIA",0.398958150774671,0.911253924579727,0.198664775009853,0.477530366836795,0.0755442758535143,0.18159033495789,256.353592108002,183.371586731783
"NFIB",0.269851449733082,1.15490112964562,0.238948865240857,0.601467081068162,0.116302437268279,0.285013410740303,2.46742743418605,199.697417845216
"NFKBIA",0.155055669074362,220.368232643106,3.98850313586501,0.415714736749234,0.237947887076316,0.600840343431174,215.536528759914,3.72236304571879
"NFXL1",3.74094915131902,0.987367814545597,1.51855903884941,208.142415146819,0.526356777281949,0.618102513132905,2.42573036718014,215.732501863448
"NFYA",0.736181446167639,0.547478836387013,152.179771751176,0.956421095554137,0.478270990504445,6.65732976044263,1.06817363938305,152.330966887387
"NGLY1",159.731046617936,172.758664856517,0.510643282877726,9.40545684203329,0.447769828970466,170.040848480759,175.160448104187,2.13005765919632
"NHSL1",0.984858687577071,2.04872537130775,0.831584168048375,217.136936536246,0.245512706278806,0.632290790028356,208.455534462741,1.50923039734222
"NHSL2",1.96532797083784,1.00400457668327,1.14727087095655,1.3126401437623,1.62174202444604,0.812763476558904,207.540816777958,1.00662149043174
"NICN1",149.846188150939,153.679902002165,0.696443102884262,0.86553612396356,0.722235049702481,0.801564566272319,154.384196025743,1.80724621796713
"NID1",0.355436363316002,1.47279411859376,147.43666861941,2.10761592752057,3.68787412322998,1.2944856048574,1.04271103183693,1.0112053084584
"NINL",192.801882435192,237.811985933493,1.04122729292141,0.943571531491848,0.690490484294715,1.40510066213983,2.52051693226037,212.738808889358
"NIPAL3",194.220765442231,214.812832503711,0.162845078023252,188.794800340007,0.220867380646511,0.9093271953005,2.85078174522016,1.2423028916053
"NKAIN3",6.07202357060979,1.5052216648681,0.869271870639586,1.20894609677382,0.156499055838621,0.27528583203499,8.76962613479424,1.2057933279069
"NKAP",5.2660458845741,4.50206523342479,0.233619536558219,1.28903510940986,0.52927698047869,0.747581892130222,5.83924706128777,0.781099764146185
"NKD1",220.479105498184,220.815065648665,0.246266366600418,218.961073682381,1.42438668044838,217.947223959784,223.032587866493,1.65158131329434
"NLGN1",216.96814650591,5.01771844296845,0.343919940184525,1.61360807543532,0.642874511136664,9.31333798190616,5.16411995064522,28.0058766865291
"NLGN4Y",196.585241014557,0.374950306688131,0.586909967275725,197.030525959299,1.25862079506594,196.266126365534,3.98609866079797,0.89645474369568
"NLRP1",0.711431745083296,1.31648393402912,161.915159959967,0.520270403945067,0.275908698062302,1.4685807729848,2.77277525884696,0.968704220597547
"NME3",0.934119239768939,31.7425189040985,0.405941845455913,1.40433251016794,0.250031401216626,2.87113900376171,999.838003117118,0.441808245270804
"NMRK1",155.406443446635,0.85491348488715,0.590927565506657,152.004982305107,0.808821332864958,153.476116432376,158.324044871309,0.653625119859248
"NMT2",1.23493679784525,0.684912092736529,1.36400829007724,1.18519771480679,0.620599249294969,0.971041607680283,0.848235946829311,0.507286477396055
"NOL11",0.459059494299834,5.9203668151028,0.729354211973377,149.114666811098,0.674472625008645,2.22154658081963,154.394256154361,0.93770295119635
"NOL3",221.681009910134,0.767277618244563,218.522344145793,249.282349287755,0.228171134187779,0.862122429516768,0.670752787177584,2.02732000842448
"NOP53",0.476341009859407,0.696120285675593,0.670637814459346,0.26254000654704,0.225528973329792,0.533367985414157,0.683036918049306,4.35946846458419
"NORAD",0.206498720379717,1.48794227754135,0.151528722235793,0.313052530362168,0.111249024387,0.17839010096568,5.57891746516608,0.139227470468841
"NOSIP",1.05208655971954,133.891703953273,0.269519703305745,1.7563886733358,1.80515830563003,1.42020029973874,136.508785135398,128.468954681002
"NOTCH1",0.304650307135502,14.3124525622131,1.06779188836633,0.649301781536134,0.196829027970073,0.61559266957594,226.202338721773,224.901097416358
"NOTCH2",224.11259178471,0.784673333722488,221.7577709953,222.625585983305,0.100647619541937,0.293909258113914,216.676656264549,224.755322299182
"NPAT",0.577952418640343,2.62609578407842,0.752766888823579,0.763046146854466,2.91171832374571,5.16915479042023,160.163921469044,0.636849427986481
"NPHP3",1.05920908055324,4.07245092303647,0.4034744672352,0.7085185361955,0.364450805665938,0.947209016195424,212.027708978906,210.58618784681
"NPL",1.54436775507265,207.80387543633,1.47525261055776,0.699912842236052,0.215910443652495,0.96244825577307,0.53774845594862,0.537837473578922
"NPNT",1.13971510772827,212.070096687867,213.159253576067,216.97047899959,0.334937129305924,0.481996440642733,0.936306616474109,0.182985649191238
"NPTN",0.391462926568289,0.944232550467517,0.931427109720548,0.620906223789114,2.87638549263231,1.21207884383211,1.09319735648638,0.146437841366641
"NR1D2",201.671034241526,0.506372575287848,0.272402717014708,28.2073582894261,0.414181054775947,7.18087612657417,2.03519952385454,0.750465757036639
"NR3C2",215.402869765972,0.990510624879793,1.90463167328768,0.987917484366699,0.294691653213031,0.559988117879918,352.331094296533,0.944705081727475
"NR4A1",0.300998481587011,212.447136387175,8.44488519424516,17.7063566713291,1.96783683331791,2.78148817889818,10.5359434744812,213.070489911643
"NRAS",5.06670922137473,0.737258995879453,2.92018726566378,0.47368556570161,0.316052843658151,14.8476722952286,0.666946842262452,0.818699235225628
"NRG3",243.541290624232,226.855261917007,217.829737353813,0.791564737420774,0.282439127740871,0.692141975305098,2.07655992854039,1.0304232198725
"NRN1",0.491307690969402,198.936666898832,0.871486495752085,4.60655726504618,201.565151519497,206.029608875016,1.04980303542682,0.38146960967157
"NRXN1",3.01048525583144,0.342954703764232,209.453498230064,0.618809773030878,0.156349676483254,0.757815306232168,1.0822832083404,0.254818433221964
"NRXN2",6.89173862247198,199.678989741021,0.517041868242687,0.67404232658363,0.290108031901189,0.336377142859994,2.1575570943106,0.316164900712372
"NRXN3",2.11147897045828,0.80726192239274,0.209055422898902,0.893741114714622,217.726853120114,0.880494659430034,2.6019775878393,0.119539871822148
"NSD1",0.529090252679007,0.971176304373263,0.802548075531922,5.39335887141684,0.489858038270622,0.331442471882636,2.10636958044026,212.352271980392
"NSMCE3",217.575299010932,2.99664527820534,0.289890244242356,219.900050583322,1.11606534748179,194.079144348959,4.18694936393548,0.422942381119803
"NT5C3A",1.22426399075022,0.987362713507269,1.62331524413285,1.28802215765615,0.510046236601013,0.640457253038445,202.45456460138,203.647345369039
"NT5E",3.59367945076698,1.30787466084995,212.394037254031,1.33704537944402,0.137287283651706,1.01043423468221,216.232495832418,329.795011387146
"NTNG2",0.758282968777464,153.476560610553,7.78742678241399,1.21843994620114,0.652366679574274,0.377140858462913,0.919099062872141,147.904116823289
"NTRK2",5.0562609382777,0.624448344826693,1.34856560174412,0.227979810086217,0.045360693943481,0.0959877772216522,0.639581011123432,0.503726138876616
"NUAK1",0.818994941861853,205.805422099322,0.365263178702845,19.3047067611119,1.22398381880948,1.18034568972669,110.357743911837,0.43158063505967
"NUCB2",0.803003898763719,0.815056523475731,0.63190426433419,23.2324006290273,0.258070057850383,1.18662398516747,0.964857211566721,0.842249166605774
"NUDCD3",149.863493887152,154.134540613422,1.09584818502633,0.616238378851959,0.223055637701325,148.79406125,1.78936218903732,0.331629465906215
"NUFIP2",0.633357136114564,202.121524895681,0.239713674961072,2.05366040503859,0.325846913406443,0.443981134917533,82.3967081744251,0.359926582477301
"NUP50",1.03720511361292,6.4625342217906,0.445910935525684,0.499094110967306,0.574244791971676,1.66308027656912,212.667622865815,0.514143658700496
"NUP58",2.59385409558454,47.2740944180576,0.305079082353721,0.894006143107689,208.296487332606,0.689595719359078,1.41115475719775,0.33635677661796
"ODC1",3.57274334957275,1.41745812768686,0.83036987633487,0.886578910031112,0.249931986942033,1.003539020057,145.07407568124,0.834292887761317
"ODF2L",0.511649249211853,0.824666421057027,1.28774354870674,215.358667332916,0.379688689232958,2.07309152336659,218.489611113565,0.63638200801909
"OFD1",2.90928478031151,0.534657946261084,0.619973817612831,2.47624863358313,0.413229456547768,0.65417250117241,0.779240371402832,0.781842733609434
"OGFRL1",0.310781232732922,179.227299378574,0.74447567329671,0.35703286210863,0.0976508054427423,0.169154437420688,0.85678145177146,0.75572923791611
"OGT",0.696659536394588,210.829167655004,0.37393419111741,0.59721520252851,0.307844745831756,0.661763338879164,0.746483947150478,0.600096153814007
"OLFM1",1.36322774578151,0.668925726670184,0.971056208725852,1.08107318451249,0.205480651970228,0.631495848753593,0.583717142115257,0.206446189876861
"OLIG1",0.493840988774966,0.255128516219721,0.0987508293971314,0.450085569879257,0.777070071828148,0.672847450168678,0.496049260297702,184.607438616834
"OLR1",180.15877680796,1.48518806996525,1.71556989194235,0.579327692852587,7.27797798331206,1.29025684323673,0.627291321828125,201.899159357812
"OMD",0.267148190301137,2.48403879647614,216.909819621655,1.20508798407521,1.13646199876765,0.746922334087717,216.981827310451,217.102933699615
"OPALIN",2.57614912001306,219.959897084323,0.147337760785545,195.72353484044,0.676461644605351,0.592349938859976,211.127864882668,211.198082873549
"OPTN",0.967521723603243,1.12880027201844,0.253109675145676,0.468487761207047,0.198552139874891,0.500236026248328,0.921085851559974,0.195904640917598
"ORMDL3",0.718880584767107,2.21055603158838,0.675890923335732,1.2205282398956,0.544699214849933,0.405263126257902,0.523638823104469,2.17905629414591
"OSBP2",148.241465978395,1.17467374111975,0.708071301727512,7.07202710904347,1.4080424395527,0.478057537600446,153.004690729325,0.939931459977039
"OSBPL11",1.8890757263866,0.499347551485677,0.742773232207896,0.502867708620804,0.273071905586808,0.609879547022657,2.73404917581738,0.625689251945733
"OSBPL1A",0.420069290753098,1.46825029576547,0.141143111250306,0.463736126941013,0.49708079547478,0.531026261016726,0.778912730228995,0.799664461222491
"OSBPL9",0.696740319233789,207.058320890979,0.68974020983433,0.743079221248118,0.443341957945722,1.18654420056717,3.1893846230078,0.422177398816295
"OSER1",0.713127353059324,1.43966411415933,0.308953999231858,0.78395559652362,73.4291338605405,202.502717610529,2.07401034620067,0.469220746955768
"OSER1-DT",1.59593563975748,1.84803607275914,2.0642143209683,1.26190454948893,0.448428668148632,2.11057784467019,0.760186728726088,148.652408519411
"OSGIN2",220.631443003384,221.345229278294,0.477440249290426,0.921051166046412,0.476134356047996,3.11459187732278,0.806433239303633,0.833265614719863
"OSTF1",0.821710730379941,36.6381723192415,0.32329091338858,1.43789649726146,2.5379792494357,211.364711656631,1.19423007304463,0.665390230734778
"OTUD1",0.750225449304566,0.453547265990603,0.518402818421546,1.05544818091362,168.323431796818,0.772567077887866,8.01712743617966,0.563456882212959
"OTUD6B-AS1",1.10050209745953,1.24100329280313,0.500282352042239,0.440971595496291,0.192575706321454,0.551936304186829,209.347659803997,0.489002919401801
"OXCT1",221.787045367714,224.950331515167,1.74466560255667,0.537331009799577,0.206983845792147,0.558466516978223,1.85806241414662,0.539294490632495
"OXR1",0.435786346447565,0.904534705132899,0.306946056124561,3.06256617227864,0.46399393830012,0.523573957955708,210.854471265629,0.68312036423924
"PADI2",187.972476457428,0.801730854745877,0.136911867752087,0.398541368374164,0.173506115106753,0.376023861556243,190.994573429439,4.90470492213452
"PAG1",0.8064635136466,214.172371278046,0.4121674629319,0.914302498089783,0.621855298474673,15.2299753447315,2.37808716534036,0.912441954453336
"PAK3",7.06817644255409,1.93253291376699,215.319092609678,217.548368692374,0.294590065633454,208.169310764429,1.52059215712002,0.250901265611328
"PALD1",0.43014248655244,1.21900856958564,0.642055599192047,209.430206171083,204.610196102558,0.959317220770128,0.524950612531287,207.941306046074
"PALM2AKAP2",0.470531378235651,1.11515474143488,0.185466216039454,0.563971692073983,3.66795638388738,1.2758031291001,1.91127332697815,0.25000089162232
"PALMD",0.216605810269324,0.793238021386052,20.5191217591467,0.929362604506264,1.49839565248462,1.21799892421961,204.7495897882,207.564857295341
"PAM",0.248895046778726,1.05218197289638,1.3752611747877,0.542288343611456,2.71034633826916,192.307782761944,4.74138589727271,0.183048201433445
"PAMR1",204.436294059789,0.926561494127971,1.28408912519051,1.36993443174614,0.181186044377233,0.474598415793195,2.21563699788113,5.36496132846731
"PAPSS2",0.32174319000947,160.161821215312,20.6181554144428,153.776760188835,0.404952612292901,150.406918690915,3.88644220018139,0.807358321741962
"PARD3",72.3840303706537,1.64516146578224,1.13930268307164,0.955592459961626,0.240976231782339,0.424587639668392,205.580426204633,218.155363153056
"PARP14",0.372580383892818,0.876518652181881,169.921661943501,40.1264539402695,0.319074258015125,0.684350322104818,201.843065129963,202.310872340234
"PATJ",0.661298254332213,208.291782561461,1.5831137646214,1.14876663304611,0.438937652266169,1.08807267089632,215.343218423975,0.417218841676541
"PBX1",197.609696864113,0.623242874628056,0.39284762487777,0.634026238602414,0.183625884144071,0.38802754294266,6.18437319425544,0.218485731139595
"PBXIP1",1.33865488455231,175.062997215885,166.992565134208,0.434770346469078,0.0545427967703666,0.192860790799024,170.838267815819,169.877219801462
"PCDH1",0.296755750275219,0.940291574508179,150.114436787919,1.49810647886194,0.695406496871082,154.928578487495,159.828941152498,2.03601188990314
"PCDH10",1.6964924388029,1.66138044204508,0.333663799525123,0.490889921554258,0.225621135141325,0.914581645771649,3.66898278449036,0.187993949776506
"PCDH9",0.516241008628312,0.303453904199775,0.0785782528454758,0.299189584354231,0.123667608802135,0.199249486079958,1.80218207870711,0.875297273995505
"PCGF5",0.751750352654975,4.58601283940947,0.2947795517788,0.58437674238679,0.224595689588066,0.715558992058364,0.593973068930828,1.69335211041921
"PCMTD2",0.704744725818442,103.83775864443,0.310681841116983,1.19464429531452,0.96590497240694,0.713775760785291,1.38349900637527,0.482709386847242
"PCNX1",0.582185465815893,0.664388164236932,0.388975661746075,1.10873779760907,0.882772035515405,211.810911511473,204.034885028329,0.434106519506537
"PCSK1N",9.71109413045358,0.502290568374659,0.180304302937254,189.165066629055,0.643230326776938,7.07506399354861,0.431627555446555,0.382808054271461
"PCSK5",0.916460109539153,0.813743813106822,218.812955755676,222.698446246757,0.362326667799282,0.694046490084789,227.452009307327,222.558055914937
"PCSK6",210.640502316395,2.46239438936475,0.126220525639756,0.982520372788884,214.560328354195,213.608493672833,210.304126431328,210.612078530211
"PCYT1B",211.258507931868,215.264017439172,1.12603948993351,216.275749190672,0.392375310782723,205.103166835985,0.623915486666229,212.14922431944
"PDE4B",1.6148954434321,0.477833458870111,0.393820197053153,0.941545800965114,0.227042646023266,0.370659957591107,0.496807445455311,2.10593056218391
"PDE4D",200.525367579676,201.479647722299,1.17685046834049,1.68257741853021,0.504737463300432,203.176454679841,2.88231079214795,0.320300775120562
"PDE7A",31.0358733027415,0.634629981872141,0.620216562420364,0.926495758609381,0.602045345187927,149.210937243161,154.988358067962,148.53760626851
"PDE7B",1.12032383237308,225.394999625154,26.0876951736112,219.492096775458,0.307904117726204,1.27295644750286,221.640513069339,0.906064135218494
"PDE8B",0.477194810962786,3.03347856660206,0.65010500071771,0.69828319609181,0.379026295077234,0.644697349189657,222.605014678733,0.546402385981963
"PDGFA",187.341509410056,205.531837986002,0.298027642484328,1.19338403699132,0.751028784855369,1.9625675578141,1.42328474470428,1.07448706363696
"PDGFB",0.4908386545135,0.700899116363385,3.13759719913454,218.811961328648,0.673969525281139,205.441921974943,0.67652860463331,220.893452575186
"PDGFRB",0.180237947983672,1.06971122012357,2.90645588842528,0.99516531814317,0.468529404617608,0.736926756034205,207.48430723475,215.343446491687
"PDK4",0.930097918098819,200.070983137332,0.184299767521781,0.980260634474305,0.425368738972229,5.35587815884073,2.07508802591057,1.15481562728068
"PDLIM7",0.658361355425335,353.935226292168,145.960874788682,2.33816272534158,0.479630389703613,0.418691050025729,1.17643645558677,152.153160184546
"PDS5B",212.589648156697,0.595739003850846,0.493613774499719,0.790236578779012,0.468560360493179,2.31045912657669,0.371839882229274,0.618112267140452
"PDZD4",1.09146380453013,154.521732964731,0.690740817985536,0.513910866326196,1.19891108264484,148.028828008727,5.92075032141936,8.15335389445533
"PECAM1",0.145190105659032,67.2904758398127,206.007377282676,0.429052562738011,0.435348686354499,0.318786654404411,1.26073770517115,1.02701265202622
"PELI1",0.391387154076624,0.904659073332277,0.257133698167254,3.99736800451017,162.906647409281,163.498376412066,1.06237457917655,1.91093298078495
"PELI2",151.477479471539,0.616232248050991,0.559541230557785,153.528727532804,0.855827338373524,1.18879682304973,154.60557916048,147.945842723636
"PER1",1.37120974330282,0.897746453342741,1.42055733140949,1.29268229221573,0.534027522949367,0.889103232479509,148.456753670806,1.21352393306445
"PFN2",2.33812405649572,0.545046200643136,0.232062877903283,0.592876395923121,0.403862285320634,0.774537420400067,0.773408828034668,0.310900703333988
"PGAP1",204.197376799661,0.743017830628274,0.666688812515176,0.553985025567764,0.661319343040318,198.584490247378,1.19349891340504,0.493210736059863
"PGM5",0.405112190020898,225.228055083964,0.435402954779431,2.30453467143828,215.191788359133,222.997203923435,1.71666041467862,222.816254563217
"PGRMC1",0.523063427118526,0.628183392187817,0.159161929493435,0.326563083019927,3.4187617922452,220.13157781846,0.999947950028805,0.1422023421264
"PHACTR1",0.784859796826816,249.883437506393,0.51075399403677,1.02858760511168,154.98658797356,0.512118585482281,185.722759685296,191.039750871389
"PHACTR2",0.265057496882796,214.903706875801,0.745841476983055,209.155848210248,0.368660939795432,1.07854124050217,214.195735451395,0.825625139239187
"PHC3",2.87264058201364,0.795108617053545,0.366534440606768,213.225321496078,0.32724740751177,0.654488809320157,211.767854825111,2.85880978636382
"PHF1",0.640084375186224,225.216989079492,217.573206438826,0.588870170431348,0.671908691434475,0.432357131048622,0.721252054289338,0.553812715227434
"PHF14",0.458599409586378,213.893309087393,0.326384763016227,1.07708039574222,0.386336031259182,0.468638660838878,0.912681833764828,0.455275702420621
"PHF20L1",0.721172201536545,0.758589060054822,0.358432852004393,2.21292351779076,0.366457323875903,0.428062645713449,0.817350242233852,0.759046172158278
"PHKG1",191.446411083654,209.364130185239,205.693672045896,211.663370444853,0.144893187325621,0.309141841905572,212.811694776839,3.36617592720096
"PHLPP1",208.402066690077,0.67888264522401,0.301187984646685,210.667547829111,0.179789112336443,0.434559354767707,0.631711934908945,1.21306606687185
"PHTF2",208.069035200759,0.771596999683885,0.575438686543806,215.385278850036,0.653873203394661,2.61848563216161,210.993491500958,1.84005875291915
"PI16",0.442610256344913,0.876938078252808,0.450572830061306,213.648257333034,0.693893919420784,0.99906459703335,1.78826912517625,2.36130772843144
"PI4K2A",0.814364170442609,1.99328967840631,0.533692806643781,153.164414638655,3.58148544105758,149.433423886725,7.00825477643416,0.331826260112698
"PID1",220.255178680983,0.575863438332348,0.733149485991762,0.629564738597793,0.447674262524215,1.17238921461425,218.925316235754,0.340746215728703
"PIK3IP1",3.14702218551514,1.60468869555073,0.914618606843708,0.799483753167458,0.243793889003126,0.454816696771731,0.98569990093168,218.07334494366
"PIP4P2",217.131785305114,216.721391121322,0.275094246907816,0.758694713017801,0.332921241624629,196.037855040465,216.271704209428,0.466692076175488
"PKIA",1.61723195659794,0.423086980947139,1.0794286302166,0.676672024948449,0.311300936520119,0.827231811448004,0.651832422408046,0.365687267272673
"PKIG",0.385292749606028,213.2484329518,0.565439548236283,1.63854689681149,0.324364480147802,0.458135864766409,221.470714667259,218.497134170801
"PKN2",0.478777043330295,215.700129676546,0.349578820526844,1.21042489640186,0.458427551856948,0.647665069458101,0.868435027251668,0.917078316579927
"PLA2G12A",0.328882726652527,224.374985417043,0.502067783537058,0.643445168115305,0.288884822773566,0.38760248638312,1.37732502305451,0.700218024617595
"PLAAT3",0.621681924374117,0.607157412189961,0.110646812922396,0.974979122959173,0.27494623914269,0.374547764878115,0.705153263015731,2.30563350973794
"PLAT",0.16209183339974,1.10532452566534,210.142217105924,0.79742016778645,0.467518834903452,1.15490505994276,0.663895880924297,2.81990534741141
"PLCB1",206.749220428647,224.228235732416,169.109460792624,189.527976766387,0.0949650329163215,0.279164845781996,206.900193759285,0.345642881687794
"PLCB4",0.599986361320604,0.930647059399051,0.957397401463834,0.932300222112634,11.3804703457973,1.28596735336248,218.489778190585,0.284123708257632
"PLCE1",0.425179481323054,1.3642778658958,0.422882030309207,1.28754002946684,200.928732774547,1.35521903338491,1.32498037088155,3.0683371540766
"PLCG1",1.20671516705443,173.827185719734,1.06573217620651,0.920610970524326,0.324337438356469,1.03019077498722,1.57752457745361,0.887954686977074
"PLCG2",0.387559912919216,2.13967804391261,0.163773396195162,0.461673041885979,0.215183335805431,0.720286216114348,10.6568182658956,0.778433690322015
"PLCL1",0.752602603442448,6.76958963999585,0.159486335917943,0.471943518406968,0.502604407009771,1.32158610618389,215.057551930599,211.286666773962
"PLCXD3",0.552637338564364,0.639619555699477,215.191769333936,1.55654333186177,0.93379102411961,0.312694108327583,213.56416975743,0.291092206183402
"PLD1",214.415266016935,0.941308228946824,0.212369860724425,211.669411284436,9.817884926992,47.0084585943874,0.939857774886031,214.810065831363
"PLD4",3.52668756275205,136.843747241485,129.080876922185,0.886798979071907,0.416265627072008,0.652232693939894,0.790370947297755,130.593080850042
"PLEKHB1",0.533198098657612,158.196881253995,0.0841762696059824,0.282449090900239,0.0744789958531347,0.129698571390826,0.608440837362011,150.868721417282
"PLEKHG1",0.513205354507799,2.58233684955137,0.461989768193793,1.5446003367539,0.333396718402423,0.54144215987066,215.606612876375,214.830431684976
"PLEKHG3",0.722844530062217,0.768147856742518,0.263558604332184,0.52657210952565,0.450424565083338,7.65127146245026,3.17130574384831,1.5792046742416
"PLIN2",0.757442525961889,210.493768626028,3.21543488775148,204.102942415791,0.309585434165871,134.00685313276,208.784548687816,2.4106307887106
"PLK2",0.313475483714324,146.298832169777,135.138498428212,1.02487695678,1.06413671066216,110.047433922066,1.30855708923377,147.566178426457
"PLOD2",1.30638673415678,3.67380871113602,0.59058546823147,217.067202177008,0.294355044730805,2.95068989346988,220.071700164457,0.951824658785876
"PLSCR1",0.193492998234934,208.131591674189,1.29917597476159,0.396016527520594,1.48334847984207,0.646491191553176,1.02857672259333,382.752629078407
"PLXDC1",0.411078180736993,158.871141517207,149.623605079854,4.39941729347342,0.306646284913737,1.76449525914689,159.148781791937,150.846157619995
"PLXND1",0.564550949077475,187.908761111444,0.545832239632426,0.495051077382476,0.256482341763292,0.33944573552742,226.666310891072,228.137155577655
"PNMA1",192.371763508395,1.1883680952421,0.329785129368411,1.02637845552734,0.237463073023463,1.2181809899283,0.535591834126311,0.488084139565659
"PNPT1",1.31959593900575,217.271146774675,0.328918646848043,1.23487006430952,0.405766553754123,206.578572010476,219.427233154963,1.03880955373432
"POC1B",0.718647751483997,0.419446574731724,0.311930359755243,3.05030226530866,10.5591735659818,2.76790247275018,4.05515510446407,217.855407163153
"POLI",0.858468199416142,1.18170871375802,44.9568116633323,3.96337492981589,0.329537314086958,0.788700898869583,195.906796404512,5.0529409700608
"POLR2A",206.761132969824,209.308257651827,0.286067817771921,0.513947836789471,0.302203931110626,204.05819028964,1.44154389545702,0.383038897278158
"POU2F2",1.97773063370549,196.232315941544,999.999935894424,2.0901837508668,0.482518381734949,1.03616079235726,1.24206089392438,0.912860668729262
"POU6F1",1.40695352947393,197.599678133746,0.68682353926961,192.447177947428,1.36055815877398,0.84601040702254,2.70312088991335,0.728075887889508
"PPA1",0.279605071920553,17.823260740243,0.144833850798567,0.43583825789581,0.299928296889752,1.48295821760484,1.42272406329851,0.221940023620996
"PPARD",185.070719756168,0.549647214288441,191.081210200845,0.754443755210809,2.02625518366942,0.40229419342387,34.1079360155373,0.594808971658127
"PPFIA2",209.313318041991,1.45056114617071,0.275639477939358,1.18773422795355,0.663799653135157,0.860233055212361,1.09788508547335,0.440800202405336
"PPFIBP1",0.354421402228561,212.846837482222,0.403425701708472,0.717837296404773,0.581907836377682,4.62030378291175,243.660124027954,0.637411969205375
"PPIF",1.22071643513702,1.16552490966981,0.324275528767252,213.687424026069,0.457190597684153,7.05337047887511,4.68409518287494,2.06269473873532
"PPIL4",0.368546165725684,0.59115386174861,0.481615417359627,0.746154611968093,1.08580321358558,0.97259559245019,2.49619096283319,0.579175827503615
"PPM1A",0.424945877460534,0.533330582632648,0.325163710365164,0.309498031873725,0.534388932042758,1.66896439394469,1.13469831891641,0.340674821314263
"PPM1H",224.199857457927,10.2391964380719,0.268769071587021,3.80076418104236,219.130722080346,218.713034272495,226.955374772914,0.431939288692763
"PPM1K",0.550104721359953,0.974259194919542,0.278514549066912,0.492555934706476,0.132355416268005,0.369952062985982,189.863035832989,0.585421134083836
"PPP1R12B",2.22392201371083,10.2465643846887,0.272213750382262,1.35505111167229,0.360157120779104,0.450480024485253,2.31321770746854,1.11354200192772
"PPP1R12C",0.561557776760558,221.028586993754,0.402580081826916,214.048240089401,0.434619093776566,212.163211596564,212.745546008785,0.441191530184855
"PPP1R14A",0.925622118042821,0.672041705479756,0.0665323451772138,0.284238782232662,1.98493948778342,198.597725494991,2.53492422860023,188.43019847611
"PPP1R14B",0.627454623152421,0.798034580789373,220.110796193128,0.678720848665171,0.203263609192791,0.817355172224026,7.206835273673,0.385541670898117
"PPP1R15B",0.426800910532915,2.16593141763371,0.30898470974524,0.765696328546698,2.39671426963343,219.013113886245,5.45291764661572,0.699880760839176
"PPP1R16B",0.795136189376848,221.397917954485,0.151032559797219,21.1092108618735,6.06237062540302,218.04957690723,221.135406236731,218.971278094457
"PPP1R3C",0.515270904486495,160.058016666037,0.964169091561257,0.39170635504583,0.208715672758584,0.667693426754154,1.77804284288153,220.49127288719
"PPP1R9A",0.939647778645537,209.782093056839,0.261992304492678,1.21721979502524,0.361972962731323,5.9574004055555,9.22833169851015,2.0816006899062
"PPP2R2A",0.362562730900729,0.726162852967057,0.165130469842631,2.03412249977101,216.171060759305,1.2486792597175,0.707331688402627,0.48249558332671
"PPP2R2B",3.22893024013166,220.547242510867,0.280869108113234,218.81425871917,0.281293266082702,0.456122161986789,220.129377404112,0.418840597956553
"PPP3R1",1.02800663130777,0.662564756896419,209.951299480115,1.07765433405524,0.34407038849986,0.360367596223297,2.25055161771967,0.300747652310622
"PPP4R2",0.626738630611501,2.21819826337892,0.238709518583915,1.02005967778099,1.3536585454728,0.585153431524726,1.34775789196642,0.771602819728432
"PPP6R2",2.42477477553938,0.945548826895132,0.522889335194528,1.28739628686961,0.607746477568768,1.28111793491807,160.271989870298,0.379087947493127
"PPP6R3",213.011013079385,5.13266063518825,0.422947056883182,0.541967179872136,0.372745194060716,0.939464786846824,2.3513364135522,0.44776572551877
"PRELP",0.266895411755926,205.618063981308,1.13738977755824,0.820771289810239,0.661575855662733,0.948622619023959,207.561317325305,1.98233414839671
"PREPL",0.797171668667872,252.831199773465,0.257504937352623,0.402703476092352,0.68436016805584,0.558144504091346,0.865442170307467,0.137611596983923
"PRICKLE2",0.867786991930221,219.262923765549,211.551469982191,0.747178451653272,0.24802201554184,2.42365311836512,214.258098318187,0.795445634694299
"PRKACB",0.549998492216073,1.27506496581675,0.120986592388492,0.284642321800851,0.355488738682401,0.559516447269055,187.661973271613,0.21723859475334
"PRKAR1B",165.021030137241,166.959499202354,1.36499443626152,0.829409509979302,0.464991246776991,162.673595918344,168.81487481874,0.170412348354437
"PRKAR2B",0.423935195479824,3.09335066162352,194.681990980002,2.33891291866857,0.89998771628025,198.756292838858,0.80357716029494,0.158455972623093
"PRKCA",192.384386028194,202.694276012703,6.84659770014078,0.953101276354763,0.0967699703360249,0.333504245735307,0.660712345206046,0.686023712141254
"PRKCB",0.773871676146803,2.11673166991282,0.437638202014288,4.37366908236193,0.692273232356616,5.61453258291011,205.2388824642,0.399947666451338
"PRKD3",0.534454010239803,218.536209296576,2.38190029520299,219.882884805371,0.325140543087947,1.95594680487629,1.52261266365045,221.448309136046
"PRKDC",20.06771223212,168.596081268098,0.525444409102002,0.859111794948076,0.215294245940406,0.877761338024318,1.03872958462994,0.6736567979729
"PRKG1",0.764964462238518,229.624725037006,219.977533484895,223.639198607446,0.36610263161554,1.52325861227356,1.07296308291255,0.676360575577486
"PRKX",2.89473233177671,3.52781729488588,0.676237347291906,132.972111977765,0.180111054049686,0.402022781236008,220.358084681565,0.899278442335933
"PRNP",0.506869691726423,0.877658000437865,0.12317053501691,0.301638613911419,0.129577487647598,0.261252043226852,0.699970856676376,0.133687216152374
"PRPF6",1.01809862543786,216.679724043927,0.220907572057117,5.74441585824719,0.595846076417691,215.35247049325,220.307963333536,0.753666775821491
"PRPS1",0.598775356753893,214.373091211608,0.57486433526084,210.620891476507,0.733721810293773,88.880929390245,77.9190327824938,0.303441889828492
"PRR5L",2.088065334874,0.894907037077333,0.221182946540072,210.471706045879,209.542513823586,208.501686487743,0.613799536703557,211.5619962441
"PRSS23",0.207944013440542,2.35443571066186,1.16510814510854,0.625483370848641,1.16395649932817,21.7419845144573,210.427327494842,213.777080899388
"PRTFDC1",0.96197826912052,0.644221984765593,1.38021165579,0.550079786146742,0.246713295711774,0.347213665969314,215.358642645098,2.61172004229649
"PSAP",0.460780187622667,139.446452811448,0.15011354689682,0.210424715496821,0.0688127857779358,0.158194720388939,0.391819821501917,0.161300329683694
"PSD2",185.517740686848,0.347206033910456,5.38012938078878,0.585192570871982,0.0920540162100208,0.347802667133229,1.05654051053964,1.17061153514677
"PSIP1",1.01263838853691,1.6510074479287,0.166352335370289,0.687779083523035,0.240884947911408,0.571015608162655,188.309626413217,0.238319405308786
"PTBP2",3.19161787473995,1.72087333917478,0.437927214953127,0.681198058683755,0.344435011313445,151.48377396545,203.429729064345,0.457087094226838
"PTGDS",0.204965392896892,0.277474067777458,0.0774023390653351,0.134390669852064,0.0456303649396967,0.1326961768255,0.27664245508372,0.471927013240275
"PTMS",0.238722799425471,214.445132687581,208.096700613616,0.59040185838703,0.438855684561008,0.682055852745709,5.336587236704,0.610411728703521
"PTN",0.282340966435238,0.408078554308594,0.796027059107767,0.34911567876322,0.146281111428363,0.258529541704304,0.541148574622988,1.31344937665586
"PTPN4",1.89185101987895,1.68833470893008,0.466881112159628,210.735059803776,0.50646759067533,214.20145861175,1.1021512416338,0.74738501246098
"PTPRB",0.152488785029325,0.61900980219728,1.16978030899559,207.542556198229,183.677170840293,0.782810169431222,207.501442234263,1.34736941501678
"PTPRC",1.76143804940106,188.944115274428,1.08772137187844,0.738159566705604,3.26056994714136,6.67186123387892,0.556874955999302,197.473699644714
"PTPRF",14.0547425042753,2.17611396995176,0.305431876110547,0.400804173170156,0.174898630158128,0.437461855608968,1.11611721677457,0.462245661487471
"PTPRG",0.511091803575942,0.341986955126822,1.28717323831431,1.30759185714652,0.458371600798485,4.09495844095016,227.711603488876,0.487509598020289
"PTPRJ",217.199016213448,206.250272478456,1.06862739409945,201.348622449337,0.394152502556044,1.28289175454781,0.472850418525487,0.726809229503938
"PTPRN",197.182270546708,199.520769214673,194.348137745805,2.88439369271653,193.451767388935,0.516190055842272,198.997698610158,0.129817289372701
"PTPRN2",0.955944667869351,1.74391611576014,0.430186046181366,211.189118613745,1.31982003807975,0.649131235201016,43.7989510909648,0.248501655977194
"PUM1",1.1172878982565,1.85333215121795,0.28476877978959,2.29540270589877,0.271608270832822,0.362433151597592,17.5050780911066,0.320774607968072
"PYGL",4.90789810084087,193.164164458469,197.926442320754,8.18195253404106,1.28455933610667,1.38303370856899,0.496679593401975,0.31919650587007
"QSOX1",0.769276481424805,214.552104444991,0.362334885174137,1.06667395352956,0.849381833910213,3.61283633818051,6.60271574592237,0.365825933527708
"QTMAN",5.43114548727588,1.53520901993058,0.54296712523874,0.383085210507213,1.05772100281987,1.0430465181704,195.654876993429,0.83187555842999
"R3HDM2",0.538038295224985,213.001664462913,0.311489406634659,0.501004673867297,1.5008016631165,0.813719784654231,1.35914918475332,1.29286844167949
"RAB27A",0.388335472368465,1.48331752538695,14.1835346495701,2.04349336909025,0.954940845390859,107.254098503895,172.376033324807,1.99365660079198
"RAB30",0.53223680762901,191.942807602564,0.305986574979538,0.890143721487477,0.160684938766155,0.308622264783671,0.544965631005974,0.754771681049155
"RAB3C",0.850935762058946,204.894292264732,201.0990292975,1.30469534019774,201.919820375708,203.962805420149,3.32695987089187,0.108379045139398
"RAB3IP",59.4520014211873,1.84259237477543,0.295661261457308,0.711828325874253,0.577099230289396,6.79740608100949,218.936423875411,216.989696332913
"RAB6B",0.699149364027565,2.23079771669861,177.070308607173,1.08045558449949,0.200604134237482,0.45278183027855,186.114911128876,0.11406091092499
"RAMP1",62.6026554932575,0.629034389158774,106.04227693286,0.776010379304726,0.11199772552676,0.247531380484359,0.511862729024908,211.239543161584
"RANBP3L",8.2464327515454,3.13210585635256,172.208205979789,166.15883696398,0.193479032107518,23.9959228229157,8.02133433916073,1.89428864921121
"RAP2B",316.808035734835,0.852444168895577,0.52900847251123,217.032709560061,52.3855526356459,0.514137142564227,197.750633443494,0.56693763344734
"RAP2C",0.494852520313014,1.30682080487053,204.776438159133,2.76546912003277,0.3454632695449,209.663935042433,1.20135327152861,215.423461348897
"RAPGEF2",0.438854493194606,164.295587964183,0.62566669419358,3.2298576985185,0.449894799366213,0.497112510022091,7.38025016223649,0.651946431218451
"RAPGEF4",1.64156210343039,38.089757468822,1.17837910040511,0.530724655636542,0.860217446713858,1.04876042151756,213.907986998927,0.329796409471524
"RAPGEF6",0.402208517975656,1.19777082118421,1.02330499508911,0.410042874495863,0.424321790974542,1.75831293786327,1.0023699947419,1.10389986692875
"RARRES2",1.22744794120143,0.449506903506254,44.4045476440879,0.789692667041911,0.276065403291847,0.484337960701008,0.427903518903251,9.83442785192771
"RASA2",0.462616493417296,172.695816592361,0.633994781417516,198.970337347344,3.90121087155122,188.92952506637,2.07470428743015,0.918809376368034
"RASAL2",0.379270158555764,1.49569577082702,35.2086492015472,1.64001212274317,0.43711444307413,146.276203147958,0.920455963197949,2.51719250556282
"RASD1",215.674073312949,0.87086718591024,200.147033705329,0.569213901820894,0.294322953301808,0.621485364443564,26.0650796371186,0.362436821082943
"RASGEF1B",208.474339924384,0.778114939336797,0.357670277679339,0.413658154167703,205.751064968636,211.548328241643,1.17023138642111,178.712366220314
"RASGRF2",0.664053631998589,2.75185729635829,0.288355999863085,216.293399858036,212.565863965118,2.95638323936464,218.619223900087,4.03498580418438
"RASGRP3",12.5170634666773,3.52649336721748,0.164283210958765,0.582898224995673,1.20439054993366,0.786591184014365,6.2197148413019,208.229228323791
"RASSF2",1.35303090910089,0.512389665581643,0.131327119758564,0.369079293850941,0.243708155158365,0.228946803163021,1.51644538808516,1.0864249759872
"RASSF3",5.59567442364858,2.00504900671009,0.738872710644061,189.157848595153,0.763810789537743,183.64721598251,7.64612806965687,201.566373377932
"RB1CC1",0.503700501705334,196.838146382934,0.345784426169813,19.5641960636527,0.162675454223655,0.29089031512486,207.103123769744,0.38965665298177
"RBL2",0.687061096005661,0.866362124227644,0.293466855741282,217.977569019108,0.496032521012657,0.364837982906629,1.07055045276915,233.772980487379
"RBM12",1.0295028305384,208.687979388254,0.590021983581594,6.05779689001752,0.357625049877443,1.45094030676429,0.863753892812682,5.17276603532816
"RBM12B",0.481059379202775,1.61971492791656,0.603407142516294,202.607144379982,4.07058652731131,0.814118801677774,1.01625403146464,204.953012200527
"RBM5",0.958773739290747,0.918837897085019,0.281299409729963,0.738985142224927,0.443785506968457,0.771589550419269,220.421941293492,232.366001474739
"RBMS2",0.393188899604184,194.682323038555,0.48734223400279,1.77893750634718,208.147657624172,3.51686308585055,1.94965161228877,203.460863101586
"RBMS3",0.40925597309268,214.713616914895,213.663567350191,0.625087327516968,0.316366263432423,0.309882089414588,1.21350573015344,0.495823832804775
"RBP7",178.220556321913,1.12814038135475,0.195248155345962,179.91008042705,175.529056460257,3.62667040312643,4.94209829652407,177.080396941032
"RBPMS",0.694689389657032,212.327177956826,170.324466296031,0.554268531695491,0.327842563208261,0.644885688253579,208.186333472499,1.44545942731915
"RC3H1",1.82991996225783,204.267849856886,0.756295729826749,204.719408717076,0.445715252408274,0.636762120506384,204.718492881356,1.00458158654684
"RCAN2",1.01989425552916,1.44814109026122,0.488192932570975,2.14044184539284,1.54222108977755,178.860694601099,0.663071572085746,0.098400891409899
"RCBTB2",0.604964843920077,2.58975969655591,0.941529807322589,0.870932896178793,0.329782380470255,2.52481474710665,0.811486916153915,212.608608201954
"RCSD1",0.393996275028842,222.122876800404,0.681948357553908,0.802404568224486,5.18870396607936,13.3038769530588,1.30845060761949,220.350241810432
"RECK",1.13390248798062,0.966961338011093,6.35752403543935,1.20887016314641,0.82097944839601,0.841158863991703,153.422306315524,148.030302129462
"REEP1",200.735417428808,203.781082030084,0.975308848268108,201.674106801819,195.441131149126,199.585585949324,204.33751463526,0.0963512404752211
"REL",1.17397978176366,201.341623836114,191.207961435948,199.312988878802,0.414974329661645,0.744084836860591,0.566941958130885,325.719655769076
"RELL1",0.290160109959097,1.90763240611881,0.602528751799149,0.497788024130931,0.573210296827025,0.688873205029989,1.9419098134745,192.394936750874
"RERGL",0.252991453296077,4.59480479755338,207.253997434115,212.745423263003,0.326652349262329,2.47186913957244,174.981401077811,2.87135742900742
"RETREG1",1.98552301294404,3.38635922702899,0.134613323128341,1.23311121551994,0.713000683395132,2.57007422894201,224.558277091947,0.212990098446795
"RFX2",223.96705388654,1.00377326130497,1.9888994327744,219.834767668483,0.303158096443201,1.78790094345438,2.45304703699121,223.765009501396
"RFX3",205.343810220445,1.25262567080853,0.616368303877145,1.26852802339488,0.40061890777885,1.74798321539622,244.990053617813,0.573170732121798
"RFX4",295.274315235189,3.89838128290106,0.503807104789044,7.18748371537954,0.211908836213566,0.232307930941485,3.13858885822028,4.77615062140367
"RGCC",0.24202946338619,0.406398222817586,0.190220167088516,0.565268708781241,0.322175568501269,0.493741895221014,1.647558373941,199.521984688777
"RGN",213.946943207887,1.29790388640445,1.8365297768896,1.15427483276643,0.266919237404052,0.392503848971,215.005394483681,213.767928276791
"RGS2",0.858554895953456,0.749220497749918,170.34456817679,0.786474890761933,0.43738162218182,0.966244606645182,0.626836559917718,0.288632885894683
"RGS6",202.044552171066,203.130708076922,2.30122712574612,0.628213914820854,0.499481483243253,1.67178386711655,2.55833590140341,0.429945125867051
"RGS9",154.576824017862,0.619521619402336,155.8315100948,1.55398910375406,0.307218082806012,0.680335273938281,158.539684699207,0.631259645304706
"RHBDD2",0.383412769877262,1.02092411360812,0.673256028654104,0.853139038638978,0.261374644730752,1.13366893101831,1.69924071219039,0.131719329212962
"RHOB",0.246509189594368,0.286460204994062,0.151244945143975,0.257223045178821,0.10470147591614,0.325011182827875,0.822635212179935,0.718921742005159
"RHOBTB1",0.539920474223519,217.127834204603,0.397086405853747,213.168321855001,208.177928048343,214.190595373086,0.721919862039295,214.515076686432
"RHOBTB3",0.419394194138808,0.544957642661598,0.200769832776942,1.02940157147024,0.103491928451427,0.196386035690882,0.808940280483001,1.16537083904185
"RHOC",0.268215236994519,0.702433115876854,1.17801583674314,0.437880139047084,0.158423824149581,0.226142669209321,0.979150516262605,1.16183716508169
"RHOU",196.052704006016,0.624168463123556,0.127640639101882,0.439254304601963,0.477474697389432,194.887327043844,0.503498367830765,199.631902829997
"RIC3",214.670653614337,234.475890781848,11.8900830368721,0.427814920665955,0.195251377866604,0.660193950820141,216.543565143963,2.02451867004151
"RIF1",0.687463294254277,2.28518838831301,0.285296008074112,0.533939779661474,0.273738137068802,0.539488720095384,262.989896028571,1.79384131720988
"RIMBP2",153.573090070931,157.457993351194,150.031973172936,2.39194512234999,0.263360218077543,0.662759804945464,155.773316468478,0.298108928866016
"RIMKLB",0.586920600025704,0.953326064937476,0.549126768755412,1.68045155444466,0.464818938027777,215.699215268053,220.807596434688,0.507003070385632
"RIMS1",1.02821842299898,1.9505396117156,6.93718840985006,191.86006438282,4.33239431493792,189.922304563732,0.826032336721027,0.166177164525073
"RIMS2",0.427813391507572,212.285023232792,29.3551454498541,0.870454272994665,1.62867535288054,2.1723427591115,1.87881690643457,0.338466906695195
"RIN2",0.731447448389649,227.475890678361,0.425551027889745,0.409618791060758,0.292887587501901,211.458176782089,2.00304483708399,221.932501465175
"RIT1",0.841828010972145,6.26613866327289,149.829794297526,0.856245832423407,0.351671935459811,152.88953910303,157.961790597921,0.856239851908743
"RLF",0.812564055795135,3.48591780016387,1.19999011329097,1.10134351713589,0.98501750574705,3.20503850807231,1.12063723649485,0.923470603011745
"RNASEH2C",3.29209020735719,0.956747805208682,4.62997433776072,1.32284181732501,0.331136784138176,1.87393002351064,1.15771097712287,217.80736808281
"RNASET2",1.10595344542486,214.587452549879,0.384648009734548,0.369877956983986,10.62942153867,225.272866240813,0.543633117767376,1.03109691613875
"RNF103",0.461987758145021,0.684281459752978,1.12469259060604,1.63862301706328,0.308096753972549,0.75799464965656,198.145821725186,0.392361608872301
"RNF115",16.5762160007497,220.27416045766,0.302732267310658,0.505466666040798,0.48743094775664,0.646738005237134,220.283132943816,0.998630348099707
"RNF139",0.579957567147009,208.659013268917,0.33078431191748,1.1005445462062,2.00699882988199,3.69540069749871,207.368260422521,1.5429053938893
"RNF144A",0.839757914101618,0.959502595268108,0.16308249359041,1.35117202968686,4.4160778536003,217.251416169612,217.910426245071,0.659651338639516
"RNF144B",0.451581068433595,1.95443161537356,212.221644959255,210.686758487155,0.762527617804343,8.15403053801946,218.121960903294,0.425624474235867
"RNF146",0.489709993892501,2.2848679969431,0.382879265328372,218.985271845113,0.327202975636096,0.661128873435938,15.1918712509968,0.468774353555172
"RNF157",4.393100940529,0.797554127794324,0.507254697321287,1.54216749833315,0.379493264992237,1.25373231405444,216.195934941336,0.411907760987216
"RNF2",0.483382550828072,1.01684406188386,0.556485678067833,1.97577972544333,147.122445606571,152.27531982809,157.893508096972,0.523985114199332
"RNF217",0.676567123925187,3.10854518419734,1.00158094124081,215.612232768568,0.518833705625225,0.712846238819683,219.415014245795,1.59998258381661
"RNF4",0.425332983621513,3.50632848036553,0.480006696786567,9.69989065777875,0.970379240138024,0.746777827816885,1.28761369863926,0.367964627134078
"RNMT",0.666947072116938,1.66851808433074,2.98342276201058,0.549525733955455,0.52522431728766,0.69707028256575,0.514598273865937,0.244073289911621
"RORA",0.891735400631,207.827764277626,3.93925276509109,0.408941731587011,0.220390735573496,0.265505053191452,4.34302565499431,0.844771450260201
"RORB",0.794393461788666,211.191185023413,207.716809954032,0.548886095466323,0.171832465641588,0.498085291930741,214.273220929344,218.092867395303
"RPA1",209.00102275078,215.932566385488,0.350704059098517,1.17210004209874,0.526095282026667,0.43276949866196,0.554888803005558,0.595032748204585
"RPGR",1.08549942815564,3.04422120722364,1.39708650132722,211.055648724687,0.358948820106473,2.55702444711363,0.41737549750091,215.955667806329
"RPL10",0.172879537135169,0.321387653253159,0.109202363622964,0.21152766591028,0.152348797788158,0.231057214479934,0.36223110728931,0.561232186079608
"RPL13A",0.193697200877655,0.461422744107163,0.0963712032761342,0.194648674272142,0.0808633588736291,0.140106780694332,0.332261356542929,10.0971346361553
"RPL14",0.244350023130792,0.394387895417857,0.17375122601469,0.344104238477443,0.167763256990863,0.282931314008487,0.344050722962789,0.474668658194544
"RPL18A",0.288780451377105,0.549669228458784,0.161194010594179,0.364568326708069,0.122213220628227,0.233911388358802,0.477340578662416,162.784411726832
"RPL19",0.15959445317845,0.43980479269963,0.113533146770524,0.836605451530332,0.10687095689407,0.198839853818459,0.396171220664977,1.54505019247804
"RPL26",0.233415146995105,0.419866619648832,0.139031127535812,0.22518659724887,0.111905633205542,0.234393249683306,0.491771689871234,12.8252575210645
"RPL3",0.178011604821462,0.426432675487144,0.10423276612842,0.291154579827407,0.152920009995813,0.212532259418502,0.351310733288669,0.557650408903841
"RPL7A",0.189522321742422,1.78742365333791,0.160329374325817,0.246204360366037,0.140044505446026,0.211186280968513,0.462195593198811,0.482468775183149
"RPS18",0.239616749429475,1.06698556663765,0.111806565272657,0.170912289977487,0.0961324099823959,0.148726313644415,0.539268832047399,3.2258305136429
"RPS19",0.276137453420048,1.93130919652843,0.120456495896988,0.307203245042095,0.104866578014088,0.336133351036409,0.22701692044335,1.04544461563074
"RPS2",0.202128931211038,0.648622991577927,0.220955677053723,0.261096011647948,0.140588093670645,0.364511781645997,0.301401299637882,0.461991275109774
"RPS26",0.400837781401554,0.454617328339633,0.192483005324034,0.384969687153096,0.39354338928988,0.678357177847147,0.428599429701822,0.310369050507331
"RPS27A",0.214580322751506,0.447252937159123,0.0889024486241446,0.201745022003047,0.0801929723928267,0.139720601218422,0.881291057446008,1.41333170223666
"RPS28",0.129669018567405,0.676511810272551,0.111694884584838,0.263372782854077,0.0804581792073259,0.159416059773227,0.335604906983691,0.40690562221977
"RPS3A",0.211162403297705,1.35287387022492,0.140241929049836,0.335249315422046,0.0850345843353627,0.189573393684329,1.23694339493304,169.655946954546
"RPS4X",0.303764894661015,0.873131224758372,0.182423789801815,0.335568499048415,0.133572416672046,0.247640109358663,0.794272618920188,1.16146240253705
"RPS4Y1",2.25933026646951,0.811179554615191,1.07490826412345,0.514979319325047,0.260866181257578,0.268150783240599,0.463684718659142,1.22812946341426
"RPS6KA1",161.023319313928,165.615455986503,0.693086160522971,163.676170500942,4.68942068722624,1.13557451979437,0.903568619848989,0.550672064225866
"RPS6KA3",0.385784152618845,4.22114389045233,0.397988345949732,6.47584866389536,176.971903740774,3.297796140576,1.10951803196625,0.791467661302344
"RPS6KA5",0.594807832411824,0.725828348839003,0.240339333841567,1.85802026665903,0.589666938230285,1.41369154852314,214.839787275084,1.44929364955835
"RPSA",0.524558280777117,0.4487534588069,0.127334917162306,0.409613057405614,0.207355774745101,0.181732407654537,0.316278203296469,0.411926130620834
"RRAGD",0.746208054234783,226.350849440647,0.449082937958448,225.2887325272,0.544721587886959,1.25550088323814,0.826373517914845,221.464892537448
"RRM1",0.298815749883096,0.879371322689358,194.249125059236,0.918929903674175,4.25387956569898,1.16775934979115,0.382888485998258,0.531728579667787
"RSU1",0.750228654193881,0.943097666254461,0.596222910220675,221.036332450376,0.731923731135691,1.17379952327854,0.610957316967121,0.716691596931722
"RTL6",1.23772525079788,222.395022465585,1.35873299399195,1.76818699305616,0.310165691053032,0.45880010467446,1.7941916898162,0.506468474710751
"RTTN",197.323586618138,0.849053033320499,0.236950096775955,114.006832924364,190.207561450398,208.839032188652,206.248201201421,2.03481258200035
"RUFY1",0.9804679782545,216.168606925095,0.5512109863343,0.682358656002659,0.512422848673341,207.904570237444,0.533941790289569,215.667325125574
"RUSC2",15.6823378841715,14.1092838046373,0.315479783521604,0.981460795197531,13.1457536935368,212.516577237751,217.258681550112,0.307033148042582
"RYBP",0.482064039710091,224.434677368276,0.122214547553242,99.977672586264,184.605653969927,186.815414275784,0.942531398886154,218.153427875044
"RYR2",166.725337926196,170.987957323884,0.198682833227637,170.636097393054,163.572005319035,170.058106073173,172.765999155244,167.99435307021
"RYR3",0.44420463588735,0.616269265500069,0.49139114208868,206.012949564293,0.221405340681937,0.465422739039568,2.12240649171996,1.01189821546815
"S100A10",0.160323798244921,0.579379529608365,1.85704259179582,0.985057229903716,0.352202907935195,0.372367482698438,126.83180760809,3.29835929634038
"S100A11",0.26502341954453,1.00103967643616,0.5539385271928,1.74465095320442,1.60100871019305,2.06084114597952,2.21868985682574,209.71095197273
"S100A8",0.681140360230331,167.008605823812,150.677443959127,999.999949468972,0.477510704422797,1.43634072061581,174.349540420832,179.624247443651
"S100A9",0.433658613532831,1.30677014119476,166.685513139098,190.208161089031,0.711664017456256,188.205484214293,999.999906698715,2.2311144699761
"S100B",0.260673902811426,0.330529098438674,0.0583825439851813,0.204751367632852,0.0554807095025426,0.125076796428029,0.306349023481735,146.699735564281
"S1PR1",0.268825575896928,3.48260125939556,197.616868541996,0.426897456034836,0.103315186960456,0.500504974881123,195.847578007987,0.421723246320743
"S1PR3",0.939922111925572,213.821917556607,0.629678437308553,211.881000398208,0.404966319135783,1.17829484607848,0.571212294062484,1.47191018761079
"S1PR5",214.15106900634,2.39555917301813,0.157016339664279,221.292873754159,218.024733390609,0.697417391916667,0.719838836075822,220.545911888516
"SACM1L",1.14486349445232,212.44824691958,0.527558361579093,0.661137145104512,0.660640321398689,0.519922492946418,219.571043056864,0.239956905116602
"SAMD12",0.646496765121297,210.464610474588,1.73393815608336,1.07221235396532,1.23804439172608,0.511614727500049,211.925089677439,0.595853201055543
"SAMD14",154.082378129685,156.421158239138,149.231211430757,0.592876778724307,0.270472131041865,0.78096950730399,1.01944497400303,152.396286593088
"SAMTOR",1.21708797022941,0.997313393179167,0.71554067797135,225.080922561084,1.70054615308171,0.557561768465619,1.54138837229369,1.43911502836109
"SAP30",154.503599261167,157.814692345288,0.254425948524929,0.731052900602804,147.410530879989,0.803627011458865,0.674234498137245,0.472966173846409
"SASH1",0.305436274247955,0.388681234568334,0.39881647436711,0.553215747523423,0.116972535784858,0.267845655421695,1.11392724323869,1.33242368901013
"SAT1",0.329319556073089,1.66331659362796,1.12115300425032,0.575743019426711,0.182863424446059,0.253274116817617,1.85361222765306,0.49252575955813
"SATB1",212.844259347384,3.34257813741392,0.734885158822164,0.702192532848612,0.379047079947829,0.358573310703128,0.970252963630989,0.310181832810607
"SBDS",0.312732248755882,1.15276632545133,0.150734039604751,0.413849909576295,0.345106451317666,0.734663508142327,0.671085354545741,0.24645749567168
"SCAPER",0.913397288772361,18.8914923719249,0.946579777212422,0.856218845610235,0.182476103800648,1.47383574472676,214.190770088734,206.617443224203
"SCARB1",0.214251260844662,216.445094091442,0.564571458947742,0.973244624538989,0.810225381533308,1.01337170260016,1.3387537532198,0.744023871218406
"SCARB2",131.523463308435,0.602151825008515,0.0879058117663628,0.360859784194674,0.40647981966602,131.734663527678,135.564087274942,0.267562776190943
"SCG2",172.445753650174,0.94555850381027,27.4232801669598,32.513140351881,0.329472618340921,178.433496490817,179.494620401796,0.0896170396930545
"SCN1B",305.383398351698,217.70693619759,0.338667787717745,0.657873260365386,0.538895754291729,4.91304584110673,217.939777661772,0.716436248185614
"SCN2A",1.3675598377276,0.809471340998368,0.572996965338637,0.983120147711674,11.3881836753079,202.850241401155,0.614755237660958,0.197210770847782
"SCN3A",190.404547459803,0.48183761791247,0.523985553116874,1.50913727781848,13.1046669935749,1.01487685832012,0.813288275142118,0.220204861560974
"SCPEP1",0.361921412422358,216.249874019868,1.02068116789254,1.09315436116535,1.2885700278291,0.376806668993896,0.516165035059981,0.545875688962031
"SDC2",213.072337588865,173.408015222799,205.224952971648,0.567424445278675,0.122276011891035,0.266530668715497,209.532043986218,0.219551287075286
"SDC4",190.874310028634,0.962925177275756,2.09203814433029,0.536236179400531,0.0795347382163248,0.213006277680065,1.58188289372332,1.14090919568159
"SDCBP",0.197614249609605,0.853444628771897,0.394573510713499,0.551417754599041,0.264133779820029,0.652959010093479,0.432073395031048,0.204031415508812
"SEC14L2",65.3362576550779,212.093065406384,1.20296390860402,1.72766126659198,0.15302117374493,0.276083661328207,7.86420554334729,1.67519031869484
"SEC14L5",3.08914662038969,1.79307639455178,0.150903843839076,0.852121967264909,6.09042661812087,211.176578611032,215.048427559279,211.194536624131
"SEC22B",0.430410003853362,10.704756669888,0.238459470919687,23.1395406739344,2.32612061146475,206.179629718702,211.532018421224,0.414427743516257
"SEC24B",0.434692134084114,0.547224434878324,0.721233511990783,1.61908878909258,0.388186718301527,3.02090388948763,999.999953012537,2.10569409801399
"SECISBP2",1.65579795740203,1.72449811206785,0.465200340044686,1.38723080983669,0.468183272050614,0.472122539646214,0.708667025557546,0.771848804434217
"SECISBP2L",2.53678862085814,1.01623386175167,0.0894631892575962,0.345222770833174,0.322558444193577,0.482928581860319,189.95210835539,0.811478826949647
"SELENOI",207.468319018614,0.478521027323852,0.788371315374067,2.51332817673639,0.56491382865085,1.70709786907554,209.464682843773,0.592870531069774
"SELENON",162.777294252184,164.518201150817,0.558601708532916,0.966310344904022,0.348616727170508,0.725850512393745,164.422582580634,0.987283153542057
"SELENOS",0.454234306916519,212.309841778571,0.290489755020394,2.55955214661162,0.376273580972279,208.781280802318,1.04897264705393,1.62192134520956
"SEMA3C",205.269686734313,217.034099676704,0.167003675929635,212.989105545137,206.241910380114,0.8756847386299,214.252825893565,2.53836708614601
"SEMA3E",5.70818769580895,1.08989959385215,0.368181563495523,6.11209133161099,0.376546370843878,1.07971476238686,2.90098753775135,0.338400070660359
"SEMA4D",198.660862820955,0.864573501731685,0.0823084796861726,0.812291998019872,201.941895943104,0.710936986262284,0.784425864838106,5.31366726841897
"SEMA7A",225.747699208923,0.988782811409623,0.155727389806198,1.08554130717341,221.776288470132,225.856665196894,226.762932895692,223.857268970235
"SEPTIN10",0.464772685950362,217.990369289673,0.284739476431399,0.550069616826442,0.59432180025006,0.477220099428624,1.57790071583552,217.55042032284
"SEPTIN6",0.419948562648314,11.5342580870616,0.751470514122249,212.014955627861,208.164928840518,3.7665033827587,213.171383920105,0.263674875531857
"SERINC5",0.389700083718136,1.59560931314762,0.202328770383171,1.66043609740446,0.522174962076484,0.627114446365686,3.35026375978343,193.821619628164
"SERP2",208.702654153003,3.14262424680129,0.893927303683782,0.624199105234713,0.670372351947878,1.95072596878639,0.484584211008894,0.631513999220662
"SERPINB6",0.356669265444259,1.02677363071805,0.514751935439342,0.304756386627328,0.224584115122473,0.488503960030982,129.943128037313,1.09588558692391
"SERPINB9",0.467636286381124,211.52176324449,0.349035185885163,206.336843757494,165.958036180968,203.018931587323,2.78405251587728,0.533746399267204
"SERPING1",0.419499355509357,224.045668756205,217.153121708768,0.501184898563917,0.196634268584916,0.930765253531199,1.40091085193624,221.062260758001
"SERPINH1",0.330540664472342,208.046382484151,4.92036219087359,199.546541577423,0.429577749587708,0.815260023242663,1.12390226520558,202.483465515749
"SESN1",0.482063350296045,211.652368400659,0.321750523352226,0.912511322131806,0.689144579409921,207.880862000967,222.780416655284,2.99064346218223
"SESN3",0.752103965006801,211.745530667744,0.285276213940342,0.407702418249667,0.13485775312788,0.250351608019764,0.782255117449744,201.044457370714
"SESTD1",0.568993381336963,1.52751822989878,0.193075931543244,0.640563209286605,0.471015209054509,0.420033957275026,1.71892871884575,0.905447089110793
"SEZ6L",2.51981163236386,0.371835132098457,194.580468800494,197.13699143612,1.04040604312904,196.833108951601,2.2051782640698,0.143339910551547
"SF3A1",0.568654591556894,0.463606285332602,11.630387523305,3.60861347439176,0.33663996370113,0.713143343810899,0.973284066305449,0.721188666891032
"SFMBT1",1.70165353329817,0.746728309862865,3.76420074450671,161.749215131429,0.519351582417845,0.545299195546912,152.328231468625,3.06772415140527
"SFXN1",175.108651493409,179.003822257657,0.33602457902258,0.790206993352294,0.536913199081887,176.465756941613,2.22936842236739,0.247658100327239
"SGCD",1.40100139627299,0.65878765198841,0.495587613799104,3.64453040889239,0.828053404707053,5.12563745489754,207.11127528776,1.04076482091603
"SGCE",6.68371170173492,0.586651732396795,0.251132055870796,190.103155570757,0.613031914544827,1.61200189225784,216.64743422799,0.482260620377185
"SGK1",0.393910840204903,0.542135503519422,0.127075804816942,2.30343383285439,202.685515298098,1.1790703882547,0.796249160365257,203.965360863245
"SGMS1",0.683337356215732,1.65731406913876,0.315954865486288,0.624916869693134,0.700029395842866,3.48077477992133,1.44480446209142,0.437095685794435
"SGSM1",1.7033152310932,201.820375077037,0.854868530150162,70.9417280847775,1.2030425368798,203.36083267117,205.064982194375,0.31204994422816
"SH3BGRL2",0.490657518172379,166.084747488385,0.658420744419839,1.32913037294096,0.870551261856868,153.656737713689,170.923689985297,0.336762001268384
"SH3BP5",0.557251219574639,213.946759819539,0.171302467990153,215.113824552991,202.719997090945,0.69636079531026,215.326330291851,0.358972443921034
"SH3KBP1",0.948347608667458,5.73063430887234,0.216229110377889,0.37485372840647,207.13656997052,0.542569672086691,1.2520786625974,0.544424136304141
"SH3YL1",219.49473766034,1.27028858701383,0.312139213203019,3.0614313568402,0.599727294374981,0.948557958300616,1.88165576919591,0.731877143760258
"SHISA6",212.470538945964,28.7711663505794,211.295010652856,0.617435112297767,0.13890543570385,0.604380816277638,2.42409030419882,0.94621995529625
"SHPRH",1.39859265057301,0.572611786043462,2.22255105824784,0.577665466728546,0.442377371437259,1.00137332893758,215.062320479953,220.539732956926
"SHROOM2",151.51454493194,157.601583496913,0.57918407841855,149.064061557354,0.49126533800623,149.672277612594,0.835038124195189,1.12210065350214
"SHROOM4",0.890226819275835,1.09853934378592,0.277599094979432,4.16514723848755,0.584805411511404,212.055197803981,1.11833513778393,215.818975035023
"SHTN1",0.575871033833469,1.31648213753221,0.101388269689775,0.26557796515433,0.257598977324078,0.581229709031309,1.68224664177195,1.16377556664633
"SIAE",5.48735056561215,0.711642190296728,0.622828327124873,2.20573938868139,0.503035098579549,0.828416999018558,2.20383130198053,0.357824183355938
"SIRPA",0.831917543961904,1.39423250215729,0.494649430430857,0.948363260557904,0.13571201492673,0.341718033776494,213.603095395803,182.488921341894
"SIVA1",0.586275271137334,218.687098838253,0.776202553537632,0.761897800807579,0.317736962080447,3.43292232153198,2.32650230886413,2.16432591776728
"SKAP2",203.360339757044,2.96876809723998,0.60937346844906,121.212364191874,0.44285701707829,227.579156981867,0.490961270068558,0.538265919363837
"SKIL",1.82442569694602,210.257450466884,0.561186636001189,1.37949881269294,0.455002224907427,0.62495905485899,0.810301062296768,1.440658022835
"SLC12A6",212.263093821519,221.207699837762,0.288778582211887,0.77979064601316,2.16940593168972,2.50816652572945,1.13800108202633,1.56265188896121
"SLC14A1",0.934545927788961,192.687141170232,3.26935391466794,0.44814886068706,0.0727202877566364,0.143381252729915,0.907464424801227,205.323632492084
"SLC15A4",224.689363688145,226.372997844198,0.33422889363406,0.453229595366941,210.797381352025,0.681933959178939,1.77976317188878,0.578367337070972
"SLC16A1",0.230048333241583,0.885097602044402,0.847753412947707,7.30516562180032,0.365918691320919,0.738906688283512,2.20222692308045,1.43263863378545
"SLC16A1-AS1",223.913820710862,218.608447164844,1.11208715888817,0.934610629119742,0.279010641059204,0.685223505088536,194.86997156107,216.023740146732
"SLC18A2",0.964039129350762,1.04608077409877,4.58479700930084,1.19276101813543,1.07889031634906,195.276215574129,215.449364649197,0.0929793259345998
"SLC19A1",0.417860259591517,0.827632024716755,148.016830516971,0.502830687133683,1.46357497481766,0.964376840733884,1.25164481185729,0.524692071402556
"SLC1A2",0.992876111143766,0.366633573308326,169.579344715536,0.285239765989433,0.0428129205806382,0.163319047644682,0.307427475561911,0.29857058616754
"SLC20A1",8.34132532559051,211.752739115568,0.517874926438708,200.293582249864,0.479890154643577,1.34149926647868,14.9547000885083,0.382124007190967
"SLC22A15",153.645587768353,1.36049660708261,0.260628706691794,157.760566131835,147.497414038123,1.33487372930218,0.599175884442043,0.597617145517457
"SLC22A17",999.999996820235,0.904548267252294,0.339537823459767,0.470856887795595,0.244443606954962,0.28046173898323,207.67988627448,0.254783250674169
"SLC24A2",0.702930851382631,0.929396035840497,0.132424200734353,0.527356129772369,0.51835894634547,0.615273370851322,75.3330262824061,4.3716861371279
"SLC24A4",201.457708967102,2.76887043875551,0.75282192081011,0.642691675919837,0.159672883748097,0.358145340596531,206.343375943558,205.785569161592
"SLC25A37",233.965960651083,217.709856938501,0.628812077510821,0.545975465144883,0.193004720409156,0.388030512734647,210.017972323442,220.274470709417
"SLC2A11",148.892583679098,154.653991063662,0.726379252231958,0.491788355166299,0.484641081805778,0.42938273964658,151.955798728993,0.524744145712785
"SLC2A13",1.0261996280499,209.528258135293,0.890361181003829,0.863944645381873,211.10744168135,0.606444341083506,209.873372845333,0.143811350397923
"SLC2A3",0.450502559664342,221.957899126937,0.854286381711295,0.463696851550931,214.514540143114,1.02181615249856,222.609365105097,0.218367659994701
"SLC2A4RG",0.469918625894178,215.177167306871,0.750418952165405,0.725028000112389,0.590083930496855,0.396735925185131,214.682720859887,1.15065823795242
"SLC31A2",221.529736165115,0.909877357354522,0.120000255965269,0.570259529605492,50.9109598904336,222.353543564861,231.046679711705,222.973492164237
"SLC36A4",0.494353151040734,1.66498158422054,174.637716422012,2.08783621662997,0.322770564903643,2.67096925440509,198.069183689898,0.974899724704461
"SLC38A1",1.26996258878573,1.10519020218634,0.536720055660247,0.817783415840533,0.532710975249445,206.854618488967,1.27104481554479,0.247930495348292
"SLC39A10",0.242987779033647,29.2226670191056,140.689248493764,0.667238525661808,0.435677637260613,161.259512032734,1.49906246144627,0.430375999261944
"SLC39A12",208.943417935739,269.119949637012,210.053969955211,10.902720748794,0.102300039321698,0.36137779328575,213.199168948264,0.705464844590341
"SLC39A8",0.342019534783867,208.926836596048,2.00017368854733,2.72292773207609,0.752742997276606,0.767950618521314,1.32214150607281,0.871339837054762
"SLC3A2",0.484206012175641,31.3058208453557,205.475512694986,0.83657000841802,0.11768265765565,0.319115395024654,4.29761603048246,0.573454238636988
"SLC40A1",1.05595728272786,227.876356004974,223.296303286698,0.537246337513483,0.171122387263112,0.485593755573316,0.990251552972911,4.59887238891771
"SLC43A2",0.635806891769507,1.22984268019422,0.836297711668216,1.55188821963946,0.640140670693804,0.671498543344259,0.540582943469558,1.11381810164635
"SLC44A1",104.888661102151,1.51253013234785,0.0704434420852956,0.339524502137859,0.272531496894375,0.726407958143421,0.283803313103068,180.428561255349
"SLC49A4",220.702281169327,216.994228912226,0.958229373131299,0.836818317909303,0.331042739488267,0.862775062307621,215.311390288966,218.753974453416
"SLC4A4",0.422230433059644,0.932958000065956,188.11923278679,0.41644570253836,0.061454101727121,0.230618377245014,0.4584251017603,194.635821470926
"SLC4A7",0.771026155415041,151.981750403974,0.784759853742342,1.72665075955387,0.77137878573914,0.816618124059922,0.75141925484773,147.084975759957
"SLC6A11",193.870966467746,191.048124787923,188.235497272079,0.291625304374135,0.0598010330246878,0.176844274078317,197.686441273277,0.969451417666898
"SLC6A12",0.283397031150131,2.90058803619411,1.06156665905322,201.979396864846,1.27525026151697,188.261006353344,0.915734311348658,202.580466340298
"SLC6A6",0.164797692204154,207.007427785426,0.504853732007737,0.900274436187056,2.10400106781567,1.88930580217434,999.999160912949,0.923773989331775
"SLC71A1",0.9227612156961,0.96413677204501,0.172345456459389,0.448740036865462,167.730329270893,1.24606965749853,217.485454923665,0.44739227712626
"SLC7A11",0.733684259220449,190.540481216639,0.545336234892003,0.719152447395343,0.0945202466817225,0.263655470822752,0.352975022902697,192.483489383647
"SLC7A5",0.154304125631682,205.513789993949,199.287135029116,1.25598575721286,0.378702483058463,201.250020535352,1.25927101678492,0.727338480912526
"SLC8A1",1.03752032579796,197.053135557205,0.764151547751701,1.04623875610436,196.741295624999,2.1046103674163,0.905587238166556,0.149211090508925
"SLCO2B1",0.149234672887354,9.07577084972658,0.706806650792235,0.63167875904185,0.654788217744192,0.687752793147404,0.502953238826614,214.291047021579
"SLF1",2.58876329457402,200.470437235337,1.10408586298845,1.15942148401108,0.699456778693955,194.94016026378,1.84983076662418,201.461267145964
"SLFN5",0.382436332125369,1.23629067822486,0.511171740913331,0.95614509668965,2.48597046640471,201.394481778566,197.654386069515,0.967946791410109
"SLIT2",1.09203693876434,201.168960676563,0.590277598126313,177.052544502592,190.616645257398,0.683702451012448,0.860303458752935,0.552443992460483
"SLITRK4",30.6130646982405,1.28203477763483,22.7597223751544,48.8883375314021,15.9412132494975,0.471947555013022,80.0104254602364,0.14932732660925
"SLK",0.466466090688647,217.753122461713,0.406233973744358,0.759542536016231,0.479844006279772,0.380480848142301,224.602368278673,0.607141968934117
"SMAD4",2.51023080974887,223.322016683179,0.333225340010837,216.419523679366,0.366644248633842,1.0971009815158,219.948107979538,213.325033085416
"SMAD7",0.254506675428865,218.770650401265,0.17754025842266,1.10156960176547,212.902513823216,216.235502559604,1.24070063699076,217.234589805275
"SMAD9",0.794692979465349,221.999955637767,0.391888913937158,1.13592812176176,2.29838134735555,1.95053973911461,218.031289293721,219.63220175108
"SMAP2",0.608453390074588,1.58700801777851,0.785774378066402,203.400871012327,0.389367759316407,209.240843216032,204.840600846558,0.887744864136559
"SMARCA5",1.10724636632288,0.55993801699032,0.24178310482027,1.13681028151758,0.155486010784768,0.433635047261193,176.230078861422,0.513833560535281
"SMARCC2",208.025265139341,6.06075007494646,0.491589873525229,0.804806682874237,0.220155525707789,0.322598988448715,1.10098150902997,1.11775999186942
"SMARCD3",147.402946410082,5.39778872423725,0.985582230824914,0.85761529894342,2.04301937543712,0.712545170192732,999.983758286755,1.95247685362525
"SMARCE1",0.387910903554709,1.05907498673625,0.350317230548952,0.763221642099347,0.760403184209473,0.581600176557469,1.03701131805502,0.652242771767436
"SMG6",5.17137850045784,146.482152747529,0.886867490618919,1.20953561624303,0.454735718773541,0.375428220047914,1.00600428737808,4.19129858788794
"SMIM13",205.54030823351,0.741488349251999,0.243327936697436,1.61909458092135,6.18299468676592,223.801740573489,0.479236305960771,0.323808456019824
"SMOC2",0.346556228932821,5.88771055260182,0.535309083230085,14.1180789773392,202.555279255513,5.92876763670915,200.289867354152,0.98095798250376
"SMOX",4.73938450520623,228.90365437001,217.944079037168,0.584997551466121,0.140995986530837,0.402907786886956,232.576562407817,229.842657824905
"SMS",0.562937417515933,222.198751354825,4.49387418780995,0.608005214512325,0.334549569203086,0.60799833205465,4.28087897308186,0.615991400734459
"SMURF1",0.678936574891116,219.074211577282,0.40133437656343,13.5641861192044,2.24880605630568,314.740981253621,1.29780121684607,2.31869822959519
"SND1",0.734781148593715,0.356454700583066,148.771771019554,0.811534149997357,0.294225941210057,151.964030828519,1.12438388681678,0.387657932130134
"SNHG12",0.440838981707782,136.116582266346,1.18110895659933,1.45654416586708,0.670870219828276,0.730187920136942,5.40044108201527,129.173541828399
"SNHG9",1.96932926850831,240.311157357068,0.360859642348853,5.36091172520016,0.29878645579953,0.868636542307744,221.630142959422,223.108214100169
"SNPH",150.878862246729,1.06093698574254,146.404736075751,151.899269353706,0.385157878540417,89.9226121940066,1.27798270822242,0.196724578934631
"SNRPA",0.522116086433168,210.867899551989,267.473695083642,2.51948992939485,0.486698976595164,0.439113556829524,1.13540055129171,3.04498322990644
"SNRPN",1.05590159243212,4.72444080023932,0.210747282667369,0.675040804815608,0.206985190820879,0.755731258425385,0.502826176920533,0.191344993526643
"SNTB1",1.40716599088578,1.10469163951312,151.380660046304,1.47489680160008,0.176114759098409,157.221864469595,157.631730326806,153.573517775074
"SNX9",0.813822206247298,1.04444017500811,0.388549090945643,222.028276490071,0.814097148191065,0.964162364295788,8.52152029963526,0.788428149105501
"SOAT1",1.91022552793886,210.802691584768,1.77283073096691,0.660711300058974,0.602376025362821,206.612144255139,0.951169120497369,0.582185759352559
"SOCS6",209.158641156721,221.346580551693,0.302208556831464,192.406353519111,0.519519326668125,210.866532836524,0.664012744467029,2.6571162728265
"SOD2",0.317187623061943,1.80863205691591,0.282380316351455,0.633361634201903,0.250034995702802,0.396260261019707,0.539564903444538,0.279144218581358
"SORBS1",0.416068452493714,2.76765264625904,1.01881681734895,0.441233442687063,0.130290801364278,0.304244379256895,0.849283934705912,0.808715113896699
"SORL1",0.758979208290692,151.601385311497,0.238469232853205,0.379689623953673,0.108309906380488,0.236308490141773,0.48456940631849,0.416983593373544
"SOS2",0.788647635082057,0.8624720311668,0.273672056039454,0.54987197506305,0.396711060296002,214.861519379239,217.232971485391,0.904738093038126
"SOWAHA",3.15648825940238,202.151068630153,0.35500762605373,3.94810784228537,8.50280006025063,1.26461549061836,10.0353131686398,1.51983293561497
"SOWAHC",180.906627047607,180.822928642091,1.31731592083763,210.85178725086,0.341098475489257,70.9768054819617,1.47006312128338,2.79511152886838
"SOX13",0.47952686953246,5.11330820903573,2.64861437242653,5.04472236883116,0.38598063400673,0.678223096721123,184.682589698712,177.312791081968
"SOX5",212.858288896023,5.96070151469594,3.23735779989099,0.490583245193045,0.2697179611469,0.576138547459264,0.434413526850256,218.929233620573
"SP100",0.305880973850148,1.03177775004848,172.331814009138,0.904423799619254,0.389469463597887,0.607438637566763,207.481156507052,212.47453301404
"SP4",0.940505291020609,202.038739441999,0.290288252687453,0.600712426280028,204.984224706562,1.11268726290502,0.7583501613338,203.51915017507
"SPARC",0.140626670266456,0.258705352480075,0.143213684249454,0.168886128296404,0.0337547884070895,0.0795785569850672,0.41223813444407,1.28760841245062
"SPARCL1",0.117570161564067,0.557214031719047,131.726900705282,0.168085157343152,0.0294392955923006,0.085987744486072,0.483945033370402,0.332687896804418
"SPATA13",2.15327721638623,1.87424654624567,0.274437425760142,0.320887518874895,1.00364675618728,1.106464073986,201.945085793265,0.389552242496102
"SPEN",0.650925653137354,0.463150813147377,0.319210294798706,1.086309960496,0.336457258843826,0.488734808491076,203.032449806896,0.756622224133607
"SPIRE1",207.642680438538,0.893055689823653,0.527395828879435,1.06433543691545,0.18908196294685,0.86623741233277,0.880749927691185,0.962939240892873
"SPNS2",0.872395547582614,0.668860314229435,0.558605115275277,168.69488188107,0.556167230146753,1.18647958496762,184.737694310695,0.799201027271166
"SPOCK1",5.65528296666391,0.385200279754344,0.328765411136067,1.05001841647527,0.205960355582309,1.37999486927526,0.653733447736006,0.690726255617377
"SPOCK2",0.156571405566726,189.095669177231,179.53640442629,0.311956419888777,0.167181791051154,0.264930588654671,0.707175428221697,0.237586131991411
"SPOCK3",189.401377108897,0.685615595815866,0.10494822416663,0.421655099676398,0.491592164904795,1.62038818878542,9.01791358899252,0.245242262584421
"SPOPL",0.84035546142223,1.08035388292698,0.290199777296795,0.709575495220847,47.9210357514948,210.20834812546,181.906734425648,0.470027402402935
"SPSB1",99.6500179870921,0.857959364928874,0.631283410634831,0.763218937561086,1.53196498898998,0.708505003963938,3.93305723496461,148.177657082356
"SPSB3",3.6715234218646,4.30731100203723,0.542100309911489,3.92293748749149,0.450146039217393,1.2513192686645,146.573370002648,0.488069906073836
"SPTBN1",0.221346828132213,1.97813386887802,0.170686185584841,0.222977530896364,0.0703050615623501,0.150746990257771,1.18677856136294,0.302316051567295
"SPTLC2",0.452469292849236,6.64327657878991,0.152275042371599,1.19369392357808,212.382136424437,3.73598937896798,0.671148723310404,217.11081833926
"SPX",0.975799767325592,3.14487361451159,0.39646108354208,0.454996622526447,0.143699451969499,0.38349752468248,209.464484960978,203.518328452961
"SRA1",0.79144348264948,213.300536237497,1.47010601838997,0.705122952514741,1.06165115574474,1.57771354710698,214.934983650403,0.506735445539126
"SREK1",0.643882397080457,224.832840264218,0.36584799048337,225.589856560452,0.221469078920788,0.430511853684284,229.248225568915,1.0793392038546
"SRGAP2",1.19757893772565,0.378187329262155,0.486621531700132,4.91358566767017,1.05273758402338,1.62090996410303,147.536905364127,0.687466257777478
"SRGN",0.148578155988792,3.01489791921943,2.0208849862597,0.937235262756941,0.717712193270292,0.320060445525048,0.35940070434975,0.829283317469116
"SRP54",0.589575095727866,60.3992177293693,0.427514998465891,1.73307983561369,0.357657839651101,0.725865084556844,1.88877273567151,0.866315542999688
"SRPK2",190.948285660289,0.5631808614376,0.158473834561116,1.3686966994515,0.607176029076091,0.463380531570006,3.11336010735952,0.154581263614968
"SRPRA",0.490071859871132,0.616774220397633,0.706776532386487,0.75928923837466,159.570011030808,157.320303726275,1.02977148300382,0.45339897008232
"SRSF6",0.650180743887639,208.462463549525,0.369932446329503,2.98505241841651,0.673309840497147,0.84264583624337,0.767520838571184,0.874605332019544
"SRSF8",0.677361439394492,3.48414320827592,0.356759689284557,1.71823127648689,0.367882764334566,999.999848830918,2.78347570109805,0.932759911014562
"SSPN",1.70557002407454,0.797345775267263,0.518526865962663,2.20490259391829,0.114322069099075,0.255182273084407,1.53652798040196,0.990865672943473
"SSX2IP",2.00912647547204,1.46921532080524,192.184557508297,1.07559628895788,0.659963377955141,0.559195574014868,137.220793156623,0.646197299841493
"ST6GAL1",0.421261039866145,0.629789824802672,1.66360278441236,1.20515064283477,0.393045048360302,0.639935831021416,0.453906882176677,215.277784710026
"ST6GALNAC3",0.283661769858693,2.68358848113673,0.353910112987022,0.786798734953073,214.049686716661,218.069186995773,220.408630202747,1.26841197153384
"ST8SIA1",211.754903001538,1.16299261100679,208.713417976511,0.978497239096673,0.218577471451669,0.565250031724378,0.846130153254655,0.502147174228856
"ST8SIA6",0.310846504330585,188.475337754312,181.273839761719,1.28936662845397,1.29145434292797,14.4477473064363,189.173141912774,0.351245355053839
"STAM",0.732285869621326,9.76585095378342,0.493517898852649,220.001249220853,0.820872780838408,1.83367913219813,224.738009844943,0.275971946117807
"STARD10",207.11272084102,217.110523160154,7.16209658965141,0.791573583925893,0.520189238836611,0.859072247609537,0.831188945210544,0.956084267956446
"STARD13",0.751853088500129,203.96819659976,0.644984451607261,0.876115986899544,0.954084461570386,202.065569700315,0.503890659274278,202.471012927887
"STK11",0.441839813309613,0.91834771445543,0.86917273613837,214.067004974603,0.906481670432113,12.723128522983,219.677599078959,0.481369403071875
"STK17A",0.988380205158895,35.5791462688542,217.919515512407,1.74491728008923,0.358865602863571,220.235634074156,0.828030219729699,3.54252308758258
"STK32A",0.637041514262291,2.42582402280541,214.178580712412,1.5013699040463,0.160158835354597,0.794636002656653,243.518389860464,3.7712963360948
"STMN1",0.385967609635283,0.401667991556301,0.0573441526415318,0.519339687824105,170.209212655083,197.309349858807,0.399208754629433,0.176548455897774
"STMN3",0.980042729614902,194.892620713974,1.39687939379547,0.748375820388971,0.41599254299268,0.597012578447403,0.846148710254595,0.189161693302361
"STOM",0.150673094676955,1.6839523079804,4.9095183338959,0.422960727426068,0.120967623271674,0.550436735214639,1.61565200062496,7.93091309226222
"STON2",0.564293800292134,0.777770554250143,5.6428017940359,1.17597626311202,0.174069561077236,0.356576812973524,2.58415941329475,202.3591717376
"STRBP",2.08510855667843,1.08311150616413,0.365748746207823,97.0652059619075,88.8573197228642,0.90850162099122,1.00891463000115,0.339917633554894
"STRN3",214.463043183703,0.961623209711445,0.685700995969672,0.701816861495246,0.348922926502322,0.570759256611329,243.175561792414,0.435001602542857
"STT3B",2.57355326582919,11.0894802834308,0.388418563474994,1.22910762950307,0.290499308790947,0.578663153128281,0.651772971603121,0.631823510033719
"STX16",1.49620841335083,0.88321260852236,0.246423939208974,0.363215367369913,0.304021216760274,0.516432697563406,0.933177004820201,0.451590266550411
"STXBP1",0.723323962419461,3.27608563820814,1.00820876313472,0.821384756631427,0.689033007123949,0.95306875701902,169.108561643606,0.0998503762494605
"SUCLG2",2.91289487543225,1.15200152435106,0.555579017084587,0.524851631053365,0.161111293859358,0.62320700373525,203.389088000291,224.66980022484
"SUCO",0.729042189217614,0.771184117464566,0.457869130646636,0.422348491752094,1.78590009793922,1.05877639689322,195.891755130539,0.717478994287851
"SUN1",0.448143348770646,212.034543082625,0.272373671666773,0.718674170238376,0.659131486136854,0.811455416236293,1.95536419551774,1.28390647603983
"SUPT3H",173.7280744454,0.632695658878961,3.58636327470134,2.20444661989066,0.987389696257958,0.59014840014934,185.143165382309,187.060608185548
"SUSD6",0.364590478675385,0.680993509865719,0.56819643736396,214.01167061874,210.100414351569,1.51083665516289,0.721827717328995,210.559843638018
"SUZ12",0.646233285746048,4.17696665911006,0.390709700534164,207.531730109294,0.56266819977657,0.96211772343095,3.6087310587354,0.478015440559048
"SVIP",1.79476141335405,0.819378091511001,0.112390287576756,0.503017890035931,0.466913823196177,4.07139707422814,0.701980876969197,1.41042889779119
"SWAP70",0.267242170019528,227.32990192078,0.542639129969297,0.56583681654344,0.515264615800616,1.33512106912237,0.97480762822794,219.851348431822
"SYNC",0.542414922751706,2.30892163002014,210.972044203423,1.13185598268064,0.224023644356142,3.0879029642221,4.08461036277205,1.24177775519604
"SYNDIG1",1.09287748135447,193.477745940071,0.269168344244198,1.31122244317264,191.404346675721,0.488393777794028,167.253478984171,199.578236286726
"SYNE1",0.294782031608374,2.27481394221221,0.802991718595396,0.48968892566931,0.157090015263212,0.262163366848898,0.995154494947341,0.385325069620393
"SYNE2",0.32752621598741,0.725342632905961,0.675315657562941,14.4324136150568,0.455652513988318,0.617024746626815,209.153391374049,1.05500361740939
"SYNGAP1",219.678956903904,0.9375143807599,0.711284877822459,1.0978040613922,20.2726091875684,4.33704293588754,1.1860525241733,0.557700907843752
"SYNGR3",109.949486060584,61.3615778558138,15.9662029461942,1.59304964191368,13.398612373578,44.8554406911155,1.18189108540815,0.133036434627318
"SYNJ2",1.27286541134068,209.93277108955,0.1327994051102,0.829663383388391,0.387182504006782,0.675029378439456,213.059279508043,206.987991130093
"SYNM",0.487374826293626,187.85137629348,0.239679058163457,0.728843769548594,0.128569476003987,0.245994118215655,92.1362876128693,1.31608812572212
"SYNPO2",0.33511892200117,0.617787302884035,1.227179765759,3.59176816638427,1.19140911964519,0.524345984652316,2.72391189849425,206.856238070894
"SYT1",0.611901731224013,2.05595543752572,199.538489080515,0.408966949293588,0.207550629073259,744.598482971476,2.20932435032167,0.0838712929639023
"SYTL2",0.820307885656525,211.494158046398,0.42574574320935,0.772544794105167,4.54356046591107,2.27401175760388,19.164643114318,2.01100378266634
"SYTL4",0.562137208326653,217.741327459105,0.768977717400358,214.737512811102,0.314479832889712,0.970981943892382,2.5497381117188,221.251497141923
"TAF13",0.984107236237419,202.136906766335,0.234348284191661,26.8733709239389,0.861497980863206,0.373805727600621,0.666737360782685,0.315570577123922
"TAF7",0.370014218666424,0.792727604647922,0.314496429827843,0.358139596104628,0.500090242807411,0.899384317183453,0.5691137424175,0.413937938205332
"TAFA5",222.922262043193,223.962685260952,0.548284038148673,1.17977005689855,0.18921814085645,0.61325484757222,226.311103285147,0.331057142956956
"TAGLN3",214.378302407097,1.09427910297324,1.46845582262163,217.035679771849,3.47748229585365,215.936357087239,7.88624545379023,0.136135063725701
"TAMALIN",0.244662364104686,153.680321294508,0.924953352291492,16.4656170516854,1.08567319826906,147.386541786735,152.766526414245,1.56800993949384
"TARS3",1.00167361338635,1.10752942922013,0.359048886120454,235.057923521549,0.400818973037052,0.731471241125293,0.689772595673648,217.52021334212
"TBC1D4",0.170644102561884,217.622657213992,0.843067924459127,3.97831530480288,1.3386374917473,213.992093847812,2.07201763517934,2.33458744421634
"TBC1D9",0.50898196304877,0.552373855678448,200.497766251434,0.85550722619042,208.64923065715,206.834518330362,199.814922644129,0.321107387696784
"TBL1XR1",2.67324605989903,2.09814468937386,0.427052230130185,0.483587607481882,0.214135490691013,0.348956539018848,140.543871310472,0.460090808392964
"TCEAL2",2.36077289402666,0.66491881844973,0.456603507165577,4.09886914896628,0.178064040614,0.381993639295614,197.347340501759,0.42303093781851
"TCF4",0.244277532430046,0.405540631654778,0.227776223604741,0.645301615041484,0.161211020813197,0.232557282476213,178.378909315741,0.76451761875607
"TCF7L2",213.508862053853,5.12497563776571,0.869224780351666,36.1528107613909,0.254833201152466,0.344915482121283,0.636694327279705,209.49670313585
"TCOF1",2.57698838067775,0.899455353606598,0.997592412581066,0.525824191759243,0.350406081492241,0.690610362904531,214.621407497879,1.54438046251202
"TCP11L2",217.95658801444,217.38809219312,0.202886367578484,0.747580158621096,214.227688666982,19.667658988186,221.279851734187,217.386135557265
"TECR",0.875049539397187,218.061451727346,0.197618428441544,0.767325953041791,0.493691133046457,0.4106818164876,0.956964836818724,0.377038669976085
"TEK",0.219704251877745,2.657762267437,206.16681848775,211.288761841671,0.559947874326335,196.619698311729,220.416007006401,1.16491473972947
"TENM2",184.868618431412,205.121589039641,1.09962268662984,0.810265825802781,1.03863218285595,73.616701332731,1.12393511509748,0.179249836461892
"TFDP2",1.36972273763683,0.551968204058801,1.10911544645862,210.275000487912,0.42703963142427,0.507368810818102,1.10886852560479,0.48968798924609
"TFPI",0.436917715261259,3.38269035912261,1.02798299392835,1.05548232029282,205.474325538423,0.835181911232725,221.418273576225,2.028679608303
"TFRC",0.216645472754054,75.19621258019,207.245353758314,204.431692237862,0.484157146673297,0.783194759741637,208.205984829504,209.373693838619
"TGFA",211.976827227681,0.485710314687146,0.195890605583305,257.703499651673,209.219048911916,210.777251832728,216.523658863085,212.170617590226
"TGFBR1",0.74466922190622,0.543325961491836,195.72074698678,0.573826454670174,1.83657072811191,0.759666623543254,0.570066131740331,0.847513881917514
"TGFBR2",0.156540304250086,1.43894142999458,2.30374781291218,0.546569703054088,0.492984587921114,192.025124441585,16.901229017823,0.486511822621737
"TGFBR3",0.472058657996521,218.697419824139,0.644496205117194,161.349005590607,0.470176071473831,0.513880000666468,216.915944606458,215.560236576791
"TH",206.315029721389,0.994557332048017,206.192189080576,208.382671487221,0.938845410380916,199.98598024968,213.631343330475,0.151293734538379
"THAP2",1.12616190961865,1.45757158562776,0.811061619557651,1.0885691396384,1.00026047687494,2.42968878492293,3.39611730757553,200.283021829859
"THBD",0.220996877522151,159.345532594802,0.649256503797252,158.669454007678,150.254086749071,0.886024554135676,161.742234078681,154.499311396992
"THEM4",149.933069400239,153.622290903447,0.66176245169492,0.876686563051296,0.773040533709328,1.67534662169321,3.89737633441223,51.1735319795013
"THEMIS2",9.04302665725959,9.93636711760428,0.280268255340131,158.959326093162,149.841137284752,154.964942881368,1.08561958521727,154.479504866228
"THOC2",0.323536242859775,2.62320083695578,0.931897829147701,1.60438202633522,0.215745305972326,0.316386967675835,0.343198291984986,215.21211380919
"THRA",0.427902615448986,0.909787432261341,0.378110939074851,4.77393168005973,0.140797239040633,0.27986917737229,87.8412775337401,188.928985580186
"THRB",0.674224339593652,0.803994675888193,18.106994050526,0.853329131608706,0.265453297940839,77.7369630071159,129.297893337013,81.1595227872894
"THSD4",0.33811840634216,209.104665842124,2.0338932115884,5.40447935347128,0.900485468869351,205.495580294019,210.36467241062,209.522308400544
"THUMPD1",0.622881560270546,0.743267973542871,0.43813370831124,239.436714996097,0.525973941123391,0.333306263569847,213.860814794858,1.28667536880084
"THUMPD3-AS1",204.018369491473,206.925811545091,0.370935999835584,10.8858800685746,1.12724352433508,0.438786603559462,214.857833734178,208.608582534726
"THY1",1.04096100370399,0.738368254550785,1.0051080346296,0.50653202478468,170.332804294729,0.735818242935285,0.680031276822408,0.0979912824506978
"TIAL1",0.659758711094748,218.873046219728,0.270414899196251,1.11634872568525,0.559463409715532,0.707756908876675,2.12563748316808,217.677919694333
"TIAM1",0.884409662116596,0.576126218256771,0.510255986722576,67.2163323754792,0.265531345746425,4.17651702165009,1.43205062075346,188.172381953291
"TIMP2",0.274972186184996,143.012996147674,0.124272783214875,0.252088821390034,0.788513422520976,0.677177446728888,0.59846074764505,0.520260582236337
"TIMP3",0.12156163163147,4.26263672775684,190.27634420146,2.96519258916555,0.0813017457528131,0.283724987127872,200.379856757673,3.03861998476319
"TIPARP",0.836374138131927,207.493570295963,0.341154038313147,0.753099015331544,0.77495489327236,2.10676588164798,204.052964984495,1.40864821957575
"TLE1",0.43581165801061,0.407600229928714,212.147836807462,0.721034474926692,0.304522046593054,1.72044200959808,217.085314169115,1.17720535500493
"TLR4",4.32670229637403,0.605608101173555,1.34097270375905,2.8150884571442,0.141026532451731,0.485638030710451,1.80397756421897,217.023311797635
"TM4SF1",0.121458099592443,204.526616143611,205.190497711319,0.614732920930683,0.315073424502976,2.8125301196431,209.900485830037,218.011040451718
"TM9SF3",0.513365496494998,2.76042741832463,0.229947577007667,1.45541481806672,0.321567109520595,0.270750538424405,0.767319228519424,0.342599414709331
"TMC6",220.994104116212,0.936520697087,0.167548865643792,2.72338409929862,0.732301334041531,0.735585484195363,1.47121865811991,213.671590615458
"TMCC2",0.514473519761802,0.654799441098444,0.255591211919692,0.649361935133112,8.23304964062119,0.79494440586248,178.481578865503,0.624164702761092
"TMED3",0.579438228009202,149.102118558453,1.30016320876367,1.25807612059846,0.681260417818158,1.05611891254531,151.19714629142,0.49510346652234
"TMEM106B",0.748576825907542,1.50324494258124,0.218665921348901,1.24697304587273,0.313871892520726,0.407617427606833,0.824357475788513,0.365343683272464
"TMEM106C",207.209113102409,0.781180872407643,1.07148503902321,3.88950414958515,2.47471162929417,0.611208950270285,0.6747996503975,0.656870551318098
"TMEM107",1.09914777012604,1.41701542308492,1.69759118907522,0.694152148293653,0.666366595935728,0.97214009402455,199.617793007453,4.77074187705169
"TMEM108",201.559831559026,208.046461985963,175.573494008387,0.896148019670317,0.323821258279712,0.583317188521885,208.903056007638,2.10734211515477
"TMEM132B",223.015015426962,1.2640226835831,2.64780439145384,223.053268605988,1.07830562202195,218.931527574511,2.54856085322212,0.317580194452443
"TMEM140",0.493222959293203,224.478297900179,0.505577409435819,218.058747651274,4.15165092766664,1.63034493139192,0.721133629371125,219.550968331198
"TMEM14A",0.600533649758406,2.08813872448224,0.500311016665216,1.01093590266072,0.65013611094267,2.44645727579625,1.08717597886821,0.248610333783969
"TMEM161B-DT",7.45576967474442,199.00016847215,0.773786647927326,0.763312398869881,0.197257376266748,0.311835325592996,195.063274763325,0.908798016281084
"TMEM168",0.502124064438353,1.00890685346386,0.613446443197401,223.29316176066,0.506680632125937,0.670548848154948,1.09678231690672,223.518199230941
"TMEM170A",0.840394139853576,310.357821644952,0.392009794460243,0.616665476867142,0.220947461602542,0.565517063757487,2.56554130952557,211.157202731783
"TMEM170B",0.502036046043783,1.01765702856206,0.563439991587017,0.501916539834497,1.99625448896957,1.28584256473429,216.806637476951,0.360026243781153
"TMEM176A",0.647262064265129,1.43229494815778,183.897408459832,0.828781932767809,0.259291460484547,10.5412082951853,0.89528099102112,192.456274744621
"TMEM176B",217.33751568895,0.905465666391293,213.989393126204,1.09634377779256,0.191869624663822,0.408987638632364,216.900309124462,0.575273175395312
"TMEM204",0.213429972855118,18.6190447142866,150.246537012821,0.616291433429075,1.24720013531179,1.12918365410447,0.926154732150584,151.011293352552
"TMEM205",8.58631036339027,1.98100732718722,0.538579519219182,16.676711581635,0.481168820783988,0.440192231722372,210.726666335341,0.562763088907878
"TMEM25",0.569959146009069,2.85132197241811,0.744644705648359,150.958590767361,1.09878075862595,3.84451434933771,152.64061834322,0.291838068340675
"TMEM263",208.006454010992,1.10544480564738,2.18105424070323,204.537999608768,0.166049585232473,204.892528671759,0.834079605498379,0.909971788937748
"TMEM273",0.423888632043031,6.13854009491514,0.35222733186881,0.632990009422971,203.165721798476,203.580561186379,224.248783341073,0.933993591860063
"TMEM63A",0.645634753039568,8.91940331074098,0.121223234460269,0.677135126930222,6.60714123295167,1.1712237294054,0.86465841396431,223.249678704465
"TMEM64",1.61570824599175,205.971797710023,0.238435360369536,0.491351391849674,6.81511912279422,196.117316497401,214.00222187817,5.60216467076441
"TMOD2",0.587157498263191,1.93458572319232,0.641395230960883,1.31074402612977,0.159897256350314,0.527006323063828,0.878624794318761,0.397335878799584
"TMSB10",0.0636720649275086,171.606027859596,0.561932266909906,0.307598054708661,0.153317167678399,0.250396568096046,0.669331336567589,0.36914351561893
"TMSB4X",0.105052044155786,0.376412428157592,0.0578534081700074,0.148217054035392,0.0740794463432138,0.129094391877332,0.179308575408596,0.355221608006912
"TMTC1",0.622641015861898,7.06325249180666,1.33723506098043,1.25579946103465,0.510998207607339,0.667824453718331,3.43959772913345,0.708545998748111
"TMTC2",212.738326146941,0.832721271283357,0.263263996548006,0.559312307912875,0.548567015223001,1.69385133197254,0.769458578916846,215.737087510474
"TMX4",0.653688296216429,0.509368055505657,0.411023054001586,199.859953663287,0.249262983514762,0.494360132902685,199.82771088161,0.172934270381179
"TNC",2.29693017379058,0.638569273442597,168.107579588206,0.991018153448269,0.100759886934879,0.188845512175853,2.98622557197114,193.18640185133
"TNFAIP1",0.754385045670365,1.43011019197827,0.641514594468154,7.65522627096446,0.401153625076426,0.999122907964646,0.921712686422889,1.48546313931234
"TNFAIP2",216.743131165944,192.086663650966,0.596889710809961,3.22086550439257,0.590518547422162,5.69476264052389,0.796676591159496,221.262476796291
"TNFAIP6",1.31480841060852,0.971226399159966,0.696986831252003,215.304991778818,0.908566975916076,1.81103875232213,2.7589843668581,0.743305043183553
"TNFRSF1A",154.327624870828,157.279662380122,151.263773079145,154.959606646042,0.215809160537236,0.329064696110841,0.679834156690108,0.680464888630248
"TNFRSF1B",0.303485930456073,207.688712015756,0.778289611201479,2.02690907174536,203.375161419614,203.734039772326,1.12089896194045,206.658472990828
"TNFRSF21",11.1526340693247,1.64605428401094,0.155129943070154,0.707711182999957,224.086659948932,226.362452315227,228.51475430919,0.229599813724795
"TNFSF10",0.169745278895361,216.79068446168,2.58491390787759,0.773736497259054,1.4206961398679,1.63469610351588,215.035738813023,213.347038333692
"TNFSF13",1.6046250385459,223.139904377121,1.21533827387723,5.40240377134957,0.202422868855837,0.358394721869183,220.263204080782,225.847674550016
"TNIP1",2.42455597593441,210.145733450132,0.91446972204353,1.24145067989662,0.445860158135721,0.398458818406772,0.72682038282757,0.745683440830993
"TNKS",209.303175130648,22.9800122034369,0.263115993264859,0.622329741535925,1.3543958222014,0.914370166614161,0.756881948482964,0.405852428717066
"TNPO1",0.479289088122275,197.324202492363,0.398809359977075,0.663224063917159,0.192656756023592,1.46020355384618,1.58026502778445,5.29725330241961
"TNRC6A",4.23520207145362,0.767025353652467,0.603531063431872,0.538113575090357,0.162375291017183,0.217819712518066,1.38703276197843,0.789345222258704
"TNRC6C",193.145971318179,197.873296587175,0.186879683376787,0.442948405678051,0.229469654374068,0.287850555040696,207.613575176152,1.21984337335577
"TNS1",0.325251967950562,1.35273942335465,0.373242701083254,0.865797119076514,0.240801800708147,0.642177979813032,7.20388698041237,216.229535525371
"TOGARAM2",206.176147289595,206.577241441492,202.526485218615,206.091257729035,0.240489305871765,0.335949010358297,193.665660987697,211.930924257605
"TP53INP1",7.62288747361208,1.65282707499541,13.8633173160216,1.05136135743331,0.573211641224852,195.49855336088,0.630847026281818,2.43420609369561
"TP53INP2",0.792487319348903,0.781183532749663,0.194083138468528,0.490307737430149,0.192690917115805,0.185200065892919,1.03666601624037,189.485374714603
"TPCN1",0.426122216345938,2.84802286284421,0.616252073435335,8.78432795243003,0.243606963986547,7.94632716868308,218.396191862044,0.955934244205375
"TPD52",0.471424539586946,0.654689679365534,0.207381489419607,0.833051659847134,202.24385246541,2.68321864889309,208.9264123969,0.303672216791237
"TPD52L1",1.52536611950958,220.667331734256,211.530914930133,0.735767847871817,0.19126921710521,0.886085893369704,0.829475682273822,0.542602758240032
"TPM1",0.240450482458198,1.14972155966497,202.624420905555,0.572657683924313,0.25042478115779,0.401430164345974,210.564603979414,0.527778097454386
"TPM2",0.278843915206075,3.25371052862574,45.7572727863678,0.560242267758456,0.666317693333802,0.675663381992632,0.667234403624046,211.920857242833
"TPM4",0.22941025593056,199.245634895632,0.241121527731827,1.51143972245472,4.06803582166033,0.632906690840805,0.759082007241453,0.755391011942535
"TPPP3",2.10059325467275,0.84455060188745,0.264797001746296,0.684189484338914,0.542508496446682,0.512233220192794,223.575714396669,0.45396885016938
"TPST1",0.426599530937665,2.81831906182175,0.43221442308278,220.543795874804,2.65396278801667,211.126017150138,218.703315563558,0.541216220312361
"TPST2",0.237139243708915,213.798363190135,2.57237272364323,0.535689115668363,0.408996776387376,0.977241557085045,230.502721898943,221.188961342786
"TRAF3",0.494845378502277,0.645038219837761,0.541443521455355,1.3553697997943,162.605816879482,200.250045457877,0.620682005891079,0.571271800390439
"TRDN",214.029165509233,3.74457493070666,206.70626516134,0.778292685213532,0.169457592241456,0.320182437366073,0.694386750465375,218.281991766654
"TRIB2",0.408938462235516,0.963194142559029,216.377202347529,217.854115700224,0.534956046975859,0.527011156805692,264.289214942228,0.756301340757181
"TRIM22",0.303729167870656,41.1567289727722,1.36955200590216,0.843303962977467,2.40266534389514,0.861284943664141,168.990813773415,163.725489449625
"TRIM36",219.732513888724,222.080477092272,0.399102927805275,222.087682689457,214.001136025107,2.2582087698022,0.709979616424637,0.150962994117308
"TRIOBP",0.442265092086353,4.40822410675417,0.780166944621515,0.868839403309048,0.4233893613619,201.098256014248,1.18381217454489,2.41626804884755
"TRIP11",1.47366398734533,120.259321406477,0.271131920238942,0.636358244365426,0.315919458953924,0.375288425872769,1.07806665105669,0.841584734402932
"TRIQK",1.0622945360592,16.0799795815462,0.251149789616243,0.629662618899782,1.03589194604118,193.283671426925,2.3421088682289,0.915125774187065
"TRMT11",0.885096872518265,205.772877466564,0.663479532812078,192.275355783184,1.23889455425545,0.800333321214355,204.775313732647,0.743006600617916
"TRPC1",0.711369850360404,168.364405690285,3.39694057215079,2.32602812552608,0.469280148731844,1.49681641737917,202.298157666398,1.09082615443423
"TRPM3",0.544447246584797,1.2467771274107,5.42836785379189,0.572827808731477,0.083097197824074,0.17771664372538,0.722683687006589,193.141174183592
"TRPM7",0.619225620855179,221.788952409288,4.15457461943495,0.76433380431026,0.442312458124989,0.434564482270403,1.34487180573452,218.602401268822
"TRPS1",1.46909113150337,0.524702245252143,1.93328297756613,0.356470769824259,0.161430855280098,0.263896905728508,1.51665465699829,210.612590683595
"TSC22D1",0.110848706721479,0.66734600485529,0.30335222598474,0.367902236814101,0.134592341077768,0.294676650846387,1.03734439384812,0.249058011343154
"TSHZ2",1.38096690555213,218.785927750418,2.12666867323379,9.90408365465629,0.243626302771059,0.243478813831662,214.308066535376,2.11556528152257
"TSPAN13",2.53489215487455,0.823291022448532,150.995328095312,208.474367886031,0.386520696260802,203.233281857354,210.195336195752,0.422280956551695
"TSPAN7",196.10920236173,0.326757700526964,0.328519188595592,0.720114549500059,0.236202116355188,1.09703669005327,0.617312402478312,0.250543197554491
"TSPYL2",228.036739540125,100.12693819168,1.37742586188031,5.68197206333058,0.294985313267128,0.701728726721715,172.963651094973,0.628888532971782
"TSPYL4",0.703906405626001,0.65690304170982,0.780008704784249,207.061597414965,0.656285028112402,199.379327345757,0.534329490690385,0.203878748076205
"TTC32",157.181404051159,156.756641574219,0.198451827114898,1.37551316637058,151.138387655231,154.484145237789,159.35937550203,154.884393674553
"TTF1",8.15501688192741,213.321353122549,0.450265319285884,196.137071255044,0.472369181748407,0.824378823603318,208.331708283077,0.929598658143251
"TTLL4",9.71681895075945,212.408673461688,1.51837565534479,2.27320193833979,0.683808087987931,0.789038838565002,0.570783874279463,1.37146958076666
"TTN",0.616284615490325,217.246543244951,0.768349628895009,0.911010476324017,0.493442069792793,0.37650715067053,216.814801812308,0.754379990519253
"TTTY14",212.651673408884,1.51314662271047,0.689926582540246,212.747846293815,0.941094611671519,0.648354403793948,0.765808380805228,1.51717463357461
"TUBA4A",0.917885930074482,12.8232010611237,185.99315764244,186.959013561362,0.302519812471035,1.24783188417867,187.67479817854,0.191390542764211
"TUBGCP2",0.749196125215668,0.743414449694186,0.839158202944083,2.53857958419164,0.402720693030955,1.06073765030378,147.05906106189,0.470448674526701
"TUT4",216.622527398798,0.628872122741522,0.582843289280731,0.548273320965723,0.352832392336844,0.348712045307485,1.3034038570199,0.703461474926276
"TUT7",4.02090530429104,1.69064629972308,0.924995922182515,0.734045845305595,3.00250969482999,1.14024140280661,0.933999207065795,2.70388025137695
"TXNIP",0.339693737681257,20.6504395130739,0.1197761174133,0.342834010010235,0.233781500087743,0.233353267260485,0.85857970166722,189.345754309593
"TYK2",4.33988068898168,3.0104398905293,0.713733882078738,205.157011545201,0.732633923592668,1.05874978232654,1.7415451181845,23.3152134708443
"UBA6",213.101330486455,0.761152949335837,0.171822185916549,0.581581525855638,89.2470497764964,213.824387035947,0.594383588269304,0.499992497282926
"UBALD2",0.400725009970387,154.314489862092,0.44333295647228,151.074867752214,0.297099986108839,153.026574878062,155.029757737534,2.7702013867464
"UBE2F",0.798538802471583,0.670114750414179,0.355260639958233,6.13633505225334,206.694577929771,0.979320788102201,216.443833211646,0.439817110680452
"UBE2M",208.423743350203,210.740207839691,0.722595292133084,3.5640170594696,0.22533879013327,0.469808004647316,1.21400591608919,0.369816688513216
"UBE2Q2",0.247603379766727,182.29027294268,0.721477314329528,1.39045199500651,1.12200413551423,1.55633372376935,213.096693723693,0.340018060984175
"UBQLN2",0.423658898325062,1.0091706586245,1.10338208588291,0.812270080531249,0.328668731447447,0.575544308040619,1.23289915713082,0.268611656537917
"UBR1",213.317301879266,0.791613778659932,0.546079158176752,1.89769456345547,0.501284147446469,210.972927842882,217.317569138666,0.682390128921102
"UBR4",0.551490294366103,225.768506964759,213.024060995181,222.019385681424,0.299219510954089,0.324857689194082,0.967871899515025,11.3315866646778
"UBXN2A",205.729618663389,1.11359732053216,0.45134177658934,0.584185961227468,0.73610076318946,0.818401958747991,1.08001375660705,0.798364098473846
"UBXN2B",0.706766369551564,208.053712264359,0.311671754163923,1.6961574056763,201.596925721636,0.613365194269824,211.487008825169,1.10636939424205
"UGCG",1.20963969107077,213.83592021819,1.31816687203805,0.566400352374106,1.74517995917871,999.998719036172,0.576445451283531,1.05459566007207
"UHMK1",0.33939984596135,0.407615046025547,0.597833633536819,0.435548403178023,1.64695515154631,0.492734344983199,0.732116381845242,0.226649002699567
"UHRF2",197.974897007965,1.0158536940457,0.370582994841487,1.07537029937316,1.3454139018231,196.199328654329,4.3943273128524,0.972816634147417
"ULK1",2.03828136067169,206.386403359401,204.611305020023,188.943367918238,0.370644501356206,1.34648675856018,0.902042937781176,0.513576417817475
"UNC13C",0.975502599704407,207.454870079268,204.09063688938,0.855180368667601,0.796077885764886,0.642159397017317,1.50034936943687,0.227707474268714
"UPK3BL1",146.703073376684,1.19642749088784,0.528436562296979,0.655250398308303,0.380234430489257,0.511520216674399,2.9185027833186,0.433768801329352
"USP11",0.591126633392911,0.704343194723835,0.891089596547432,1.21600009699023,0.259288065955763,0.848549583435686,1.34266554621455,0.222619429665749
"USP12",0.880033048946518,6.52261121290728,0.733491401108522,0.582019074087579,0.539992178699653,0.428494276512836,0.974269757727775,0.316497425387534
"USP14",0.454996619013755,200.182954550573,0.47772242768319,36.4427461672992,0.429675368482938,0.725887031857715,0.837051909101069,0.30152747524909
"USP36",0.524746842529811,0.747623178339233,0.576427585325079,0.8822685895034,1.21130835455035,1.1587746701122,2.31878246292081,3.30744000431698
"USP4",0.659566826292376,1.55257973142661,0.715247186887378,0.707429227790735,0.573699556912614,0.980594420437654,197.403840190871,0.513470022968145
"USP53",0.677191676647028,6.10655394880162,0.809961629583232,0.768333566756637,0.147975005662689,0.941235625659082,0.991546135189068,0.79930135602022
"USP8",1.62902501554108,1.1468849313686,0.37705510432813,0.402095723766977,0.208927978040715,0.37446195672896,0.603028523407623,0.376953240278232
"USP9Y",0.798018731022928,1.21555934273336,1.55192984783154,1.10935255086607,0.414880081073969,0.753854208634361,0.986787156398522,0.516146590249986
"UTP23",213.276088815013,1.16653291417456,0.544748323606411,214.757029304726,0.469678210937121,0.500309581825652,1.88144961920376,1.55215582824198
"UTY",0.624908869840411,201.335210129768,1.14783214466922,1.01813797339136,0.773649664291375,0.850723788786482,200.658606437557,1.21051308095424
"UXS1",0.694684813799813,1.6207838465609,0.408927761498349,0.530944777085245,222.310683567858,216.059475734239,0.99360129229823,0.652572752065068
"VASH1",0.513321901259482,1.46194178923955,0.548244106962895,0.860236367480422,1.84007983006908,0.955047689483342,0.6041579522619,12.3823074618952
"VCAM1",0.424201604998722,19.9309037443026,149.015577556948,1.08134188017126,0.225217000615858,157.308411008693,158.643829541242,159.519777081642
"VCPIP1",0.769814102678591,0.640807371590253,0.405907990740623,0.521538291651723,3.07382137535034,0.776053555714667,208.804435629357,0.353643013678778
"VEGFA",1.97597728103122,1.34996125322594,209.945688275054,3.10097468400252,0.222897486765869,205.027993835386,1.23518601902868,0.67071038627833
"VIM",0.0947040465225051,194.093748039201,0.637859287769728,0.463786925825122,0.169913523480945,0.249046744363579,0.701616305322736,203.265495999734
"VLDLR",219.095882312685,239.119979927385,0.215000191696348,1.32631435640279,215.347132710667,0.504287388509472,219.925840239719,0.461385657465983
"VMA21",0.396088231765411,0.746644812715469,0.54285992586741,0.500091698765989,1.00163169080571,0.454376691346032,0.582961975159158,0.321739245866466
"VPS13A",1.01172556698851,211.807940808607,203.533619067589,0.692083346792411,0.277930079456116,0.990317898059207,1.09604120770158,2.00239655995589
"VPS37B",191.531457089857,1.56039515097456,0.414994797655577,199.337733411885,5.07480921757096,118.997236239016,204.572916532954,1.24685624818286
"VPS51",5.02124259983319,221.830903042721,0.565903728433386,0.863879543347013,0.451214519694996,1.58100178118344,1.37605251066129,0.391969954942822
"VPS54",999.999811516356,0.851417151775127,0.574572437978335,0.899582579932148,1.41318986423787,0.688854268479805,1.90445898288559,2.12347666689405
"VPS8",3.92766528178385,211.039938263391,0.731164747115289,209.734375528818,0.342554115722243,0.941938278017951,73.1109594181194,0.627221298710721
"VSNL1",195.869854649978,1.11154328755963,192.467733564651,0.920650456556284,194.205522494216,9.37403607126813,198.308230870637,0.156160037614742
"VSTM2B",225.472500883921,227.628361103732,0.171513968878567,0.77477794843034,222.292463710071,205.978996958724,229.229051212116,1.29215986960316
"WAPL",130.12684295382,0.473374634584309,0.350752602230179,1.0413548665178,0.74251314612305,1.68911642655017,1.61706089177066,0.89048449119488
"WASF3",0.293993931323246,13.1301800218186,0.277024056425149,0.969123645867408,0.268551127300939,0.599875712255849,208.649607160426,0.26340248066428
"WDFY3",0.476582770814461,201.516605050493,0.306425033659434,0.754578467033869,0.449342689597056,0.626236847902233,0.492680299316829,0.620400287033258
"WDR74",1.01667703213068,0.977475450850601,0.195791783887227,220.24293257575,212.518302299942,0.95391998196854,222.320939139374,0.460018985561013
"WHRN",217.360621946898,0.643473160393103,0.40894877386457,1.24625320617153,207.240854377003,1.95066378873588,216.043923537822,1.10375269064089
"WLS",1.3899346363988,218.382622843512,196.183645778226,0.366220142274658,0.0949986220669181,0.257314809668004,1.03641684053931,0.559174913538891
"WSB2",1.90779016229108,1.41728571962705,0.42631719131773,0.41389209344819,0.170075778908496,0.523583444985567,1.74458194946157,0.290213981371502
"WWC1",0.773376764097958,200.246753258106,0.655306065643049,2.76662657716365,0.143955950724518,1.61522098764113,197.745174569991,6.33681515042843
"WWC3",218.950976361737,222.329548915653,0.456716530208122,1.8615282613367,0.418292764929563,0.5312015019244,1.1700019736488,219.411696860501
"WWOX",0.402789965538677,1.35014788253498,1.00291728721876,3.04011161766131,0.373364072320609,0.743913073367907,0.410906158683708,223.435644994409
"XAF1",0.289208579432835,0.686284677025154,2.42997321777832,1.44220773988641,0.422190059883534,202.39166665105,4.97465264816582,1.43735518362444
"XBP1",0.409467259696969,5.68827556897584,152.774904959126,152.512664227565,1.46557062508266,153.306191248117,0.411408653084198,0.46690599800187
"YAP1",1.11502390454435,1.04428169169943,98.9620433338405,1.01186853593923,0.166692983678135,1.93020755001363,212.270024574128,2.76214995163541
"YBX3",0.202004944278397,207.939774845804,203.613889246518,204.325008776968,0.463742333678016,0.3645784642988,0.653994210663171,0.85211896558916
"YES1",0.310189440438103,220.124981115624,0.474555926063198,0.902060092479336,0.337596354503332,0.931500423088509,2.02117015036825,217.823776349012
"YLPM1",1.43681463342902,1.98429062709728,0.374791403137506,0.679807500404526,0.434466648132942,1.49514336433789,1.2081486105007,0.404773956771848
"YWHAH",0.310570256008012,199.014748591834,1.14561864255791,0.443187028041877,0.892947152844291,0.40946744426073,0.969602017057137,0.171831189338539
"ZBED11",4.20193557104631,0.866812080702611,0.225059940253619,0.938336657370042,0.837556517949778,0.763025748916488,1.64876777891136,0.673906476626828
"ZBTB10",0.582666662080679,174.282979367294,0.709509025207239,0.503414042557813,0.424469606067548,0.266095143175734,174.296358988253,1.15361690561653
"ZBTB16",0.461258223546586,0.406921910936006,0.432873856040303,0.394926128132565,0.265444826758169,0.305818365329146,207.343624986805,0.879651303251613
"ZBTB18",217.041035688144,0.819600983317892,0.58378392399299,0.677795755164314,0.554538757169118,0.398999476712864,0.699523718086498,0.539980459564688
"ZBTB20",0.539738887482665,1.21402084303093,0.183957576830219,0.397967937100212,0.121445160581181,0.178512861707208,0.609059510976418,181.663756671839
"ZBTB21",152.285272613588,153.457901624114,0.425448055203695,0.618155165903685,0.732161918911683,1.15132511338842,153.599481471913,150.094951152018
"ZBTB25",214.983261351402,4.39134182733279,0.61643003390672,0.505230522007689,0.62122347563747,0.849069384429181,3.10636133973373,0.881713915157603
"ZBTB34",0.965280571389252,153.469814628682,0.48879775021268,7.04990745927126,0.581088015391879,149.296938795704,159.961229870293,0.726512837103529
"ZBTB37",0.790834650743927,4.75222781709669,0.410133039278301,1.52024415218881,0.599287050172639,0.821109823057954,0.572686349999272,1.19990364549873
"ZBTB38",0.705768859330179,0.559539820596407,0.206191615379868,201.420824727707,0.408616117986401,1.0408377457525,1.75836241964068,1.01323156965427
"ZC3H12C",1.71966996592411,0.694708915492879,2.88308039538391,1.90033942914582,0.256816933145582,0.563506658944991,42.7672512771729,1.29796557442731
"ZC3H6",1.39128193529914,0.510416612677186,0.271122954383966,185.526898357047,0.338844455119523,0.350286782949212,0.507675263022802,1.03622720484593
"ZCCHC2",0.648049947453504,1.62068975763406,0.422103912586784,1.90934965929869,4.47955830660869,1.28530081182117,209.448048103883,1.11247365540813
"ZCCHC7",199.121151786298,2.1602049732398,3.55562199458134,203.661457725266,0.577425577317068,0.621223775680968,0.79428583908666,0.648636127794011
"ZDHHC2",213.625407603915,2.41485251080012,0.526828927496075,1.40139779830836,0.447748923292712,0.364273764972549,218.028269379969,0.820445498209309
"ZEB1",0.784926425359676,221.120861466118,0.391014743775894,0.413481962249434,0.239056512366901,0.409034406877789,222.299455647678,0.657971577787376
"ZFAND2A",0.925847175521945,5.2598232654873,0.941638927312605,219.12252319438,217.02937394693,0.558056831754872,221.578364568994,0.309547436407259
"ZFC3H1",0.693422274673407,218.455506669676,0.323117143943071,2.37658426157282,0.30107579395736,1.62762930474711,220.233416594053,0.937857511477033
"ZFHX3",1.2849299035028,0.543645598330019,0.882118021999525,0.69843182743932,0.365668172837007,0.388768041468205,0.52783922515119,0.503642886914034
"ZFP36",0.273361898792541,0.925311520854992,177.391251957268,0.548327499038443,0.837944484051341,188.246243246783,0.537003527689578,203.830741428902
"ZFP90",0.906634252107597,0.841442124175328,0.444221330976073,0.641295418838491,0.809264470464485,109.680423235153,212.724213707664,0.857263131710872
"ZFR",1.45790314674109,1.43624129341401,0.363157056910273,0.641441031251858,0.165979652633718,0.283645411996117,1.35230788943185,0.367312257699633
"ZFYVE16",1.20637082067744,0.996700847049881,0.143285602441209,0.352475506389596,0.385153666445105,0.585353291968395,0.384242504584656,1.79608555556654
"ZFYVE9",1.2996614104366,1.28317008062648,2.67706713318834,0.920374443162983,0.220962391326358,1.50400310278899,193.190782866808,0.706271566820283
"ZHX2",32.6763903670897,3.21295288850981,0.437355140935174,210.416558915207,0.571670013602007,0.491205213694847,2.07193955321172,1.04222590959656
"ZIC1",0.300496352469618,0.858848791086743,217.147674601835,219.787129311625,0.785204838234483,0.526218948191731,3.67277300400008,4.55257866843917
"ZIC2",0.49086076763314,221.899787428463,1.80986537820658,1.84591382443921,1.19545236354344,0.999754863895684,1.13966256225578,221.728062700675
"ZMAT3",0.209496215433237,0.841300429686471,1.27606494553777,0.451516786497483,0.261306193900318,0.39690816024135,2.00812832527461,0.276144881560883
"ZNF10",0.825873891984673,0.891099546164814,0.976870662527339,189.200261053969,177.127161165323,0.861096494421498,0.517800937374032,195.336294433503
"ZNF107",193.441102311414,8.88349867774184,1.39205991031943,206.578848055721,1.18546602371523,13.7530652954898,195.84076347257,197.014154030241
"ZNF160",2.97798296342479,1.01766204381569,0.886458690135677,4.17813031419544,0.370164178988401,1.32733052014748,217.869860255026,0.852553458716699
"ZNF208",0.78309683879486,206.196385969328,206.69895148021,209.707222706258,0.914440222930986,0.720224731975412,0.612890721422896,1.3066431104015
"ZNF281",225.768520245867,0.52327360857539,0.352112527833672,1.18422127963669,0.429968726194711,0.502794195556993,0.754280127086433,1.56860950923234
"ZNF292",0.474152752711858,0.992095723373487,0.265425856597647,0.854074490462418,0.298355935884924,0.282429671516054,1.15621937860551,0.559889214723312
"ZNF316",0.926803042471585,0.666291425510995,205.896391442596,209.178481990901,0.28507022866067,0.960672930874146,210.83901339971,2.39261895772144
"ZNF331",0.917393816492396,1.2342139488564,0.995402976518521,0.984730080561787,0.900530783702318,1.44536410493508,5.76456504429974,0.45975782705095
"ZNF358",0.830727211647126,158.23228223004,0.898640640299691,0.498127327550261,0.230482111644303,0.444223294606245,2.92767201772343,0.616682206985935
"ZNF365",0.734238841375144,0.529026803509754,0.341682939811375,2.08564794279815,3.76144905260603,148.387642499897,154.293365960311,0.446000713966712
"ZNF383",208.893070316926,205.999396444183,0.970219286297463,0.67517030833965,0.624868247762549,0.554663662323749,202.786404669137,4.28806257323064
"ZNF384",1.24143280429842,224.887141177937,0.513877073385248,3.58542970058282,2.458764789784,0.889975933977829,182.868608176499,2.86217418294408
"ZNF385D",1.58028795611055,175.16971319525,214.705327310125,208.01546622294,0.516937368309015,3.51475903935206,210.75953628556,0.211657774197486
"ZNF395",1.96185373809728,203.948415504738,0.556428812068702,214.571478902121,0.326671438376091,0.5145717245149,0.80782587274819,3.50718300159104
"ZNF429",206.575996459129,0.64932361905893,0.427134952972623,1.13462397347207,1.60721107822337,0.54448961355416,211.349458102498,202.652640371878
"ZNF451",3.00446130963467,12.4438041937217,0.229628341822164,0.413180358787118,0.434290172929341,2.32494864921949,0.665862483896154,4.82223938584891
"ZNF483",0.916328480387084,207.224915676622,0.241887229236051,0.708649405619325,0.283664523783788,0.845056149148905,216.455315415825,0.412010202092873
"ZNF493",0.29788861222324,2.69124118428305,0.388061169971353,2.68823681034943,2.84436893645607,7.42818812856751,210.848952166147,4.83529030209933
"ZNF506",1.45443427921151,1.15022950392315,0.41246111314262,2.19217257306337,1.757106462624,0.779493335523521,1.57749900767926,211.197302306452
"ZNF507",0.301251929088747,215.970610913008,0.227632456284508,5.49218581816014,217.704230417171,217.457284210383,1.05444939350751,206.341666313661
"ZNF516",192.26374883525,206.175468871518,0.702852958003563,0.948776075971207,0.359072649525092,3.87024086027299,201.046766987185,211.798546819329
"ZNF529",196.682455351983,58.7187106049564,0.281454802014886,1.34108461902181,175.767641337789,1.164896144026,187.634592119046,0.596935366075241
"ZNF638",0.682753096296095,202.953692480624,0.261781596231577,1.13073284453024,0.325720695638672,0.504073243619638,0.517825336298239,0.668475564570983
"ZNF708",155.708183564557,0.701617719695113,0.196929067317126,0.45571513925606,187.323578107101,0.74773375434579,244.35028374201,0.644637763991224
"ZNF721",0.949038523777613,272.469236593689,0.406976920434055,5.19995912032575,0.551961809200552,0.763505450335662,2.00512304700935,1.51160389787137
"ZNF727",1.23045282760859,1.34159567882502,0.538192473410569,224.066947926951,0.712520028844263,220.164170117598,227.822674477106,0.494671961716398
"ZNF737",2.36077793770621,195.924927153753,0.517055568154135,1.73081455818951,0.547973918926472,1.0341504693602,196.274792159665,191.064928141805
"ZNF766",153.723522483255,217.97178128276,0.722018473092407,207.26953814612,0.672745785918537,0.733083719274834,2.44715454714371,1.58308658024342
"ZNF770",0.679538723375264,218.802746375476,0.346404108372625,0.925500041199874,0.385443675908984,1.20407152222698,217.045234609298,0.976058550815567
"ZNF830",1.28506534492454,165.042655245168,0.528892935210866,147.752265028776,0.914400424136359,1.18544511955209,1.76803030952872,1.31352554111912
"ZNF91",0.852012487451236,1.15086031832101,0.323107534792024,1.72524980250109,0.27901962653089,0.504369754372295,2.24652670400073,0.629987419827053
"ZRANB2",1.48778754484462,2.37970997598093,0.185236303502731,0.657685388255109,0.326152020429886,0.672612901203771,206.421837550913,0.747014607404297
"ZSCAN16-AS1",0.386930587840451,0.609360102841697,0.472732647119714,0.474232481995502,0.327567622158431,225.298424935137,0.647490234681291,0.915240408672637
"ZSCAN18",1.31527678240953,1.00252100869748,0.385689316699905,0.744518168121115,0.280174051037948,1.40735416794273,0.345880873285261,0.516345176927018
