"","Endothelial","OPC","Oligo","Tcells","astro_fibrous","astro_protoplasmic","microglia_mhc2","neuron_dopaminergic"
"A1BG",-11.0632698005057,-19.617011905775,-10.8269302931476,-11.5147763228967,-21.6690413535443,-10.5994279895549,-20.3462345853729,-21.6347350758291
"A2M",-6.12257552693077,-9.91940380827537,-10.2492288686452,-8.46624608570585,-9.01794323801624,-9.4065589983314,-8.48618259461781,-11.85579370269
"AAK1",-8.89179399506138,-9.28311170840231,-10.5979128661873,-14.8701210631533,-10.1727446119347,-9.71544441527339,-10.6337261666166,-8.55980613424844
"ABCA1",-10.0542206060833,-19.4478537061163,-10.7560965861157,-10.1326301056471,-8.86513051781598,-9.64291102712739,-8.55448901580571,-10.7431662391463
"ABCA5",-10.4030068875954,-8.89613984053903,-10.3540462122929,-10.5023498501232,-22.1592931176472,-14.6009930929498,-10.5585694470671,-10.0608293739691
"ABCA8",-9.890414905856,-13.1943370334518,-9.00897244841576,-9.86414081651311,-15.1868379694945,-10.3827276049268,-11.5005499155054,-22.6314789506657
"ABCB1",-7.83673855019775,-10.5764081657997,-22.6074353718171,-11.2083939651162,-10.4181822173749,-10.6060087483696,-9.47203519245942,-18.9450862626227
"ABCC9",-10.5341627788228,-9.32242421761745,-21.6639310237722,-11.2607020809647,-11.2875217064694,-10.8020954794888,-20.8750527057507,-22.0234030561086
"ABCD2",-22.6165216667759,-10.7720145258493,-12.886435284332,-22.3941731138021,-11.2421929626668,-10.6436203591242,-20.8629173894604,-11.0160705355352
"ABCG1",-21.2993258323407,-18.7445945776818,-10.1244620818364,-9.49548289623417,-12.6723177088929,-11.6235190536707,-12.5584157325178,-11.1137125157475
"ABHD5",-11.222780757087,-21.2163405100306,-10.217675407502,-19.5043034812847,-10.6406191811646,-9.9720559423839,-9.75825393879047,-12.9555572233283
"ABLIM1",-8.76702849872945,-8.64793316567886,-9.87953747783473,-9.27007576128381,-9.34404616223228,-10.0513543451831,-8.02096919510095,-10.8046424511584
"ABLIM3",-11.0126054528905,-20.3406150836548,-10.9964718566265,-13.3432287296032,-10.912469804809,-13.4870169830471,-19.7744403050199,-10.5417170550024
"ABTB1",-19.6247902196731,-19.7155645914039,-11.8189118962113,-9.65011721420392,-10.9289629994044,-21.5245492573324,-9.05838355192196,-11.1480243792735
"ABTB2",-12.9572519775847,-21.232163830415,-10.2583869306792,-10.7799166671535,-22.706782451889,-21.9541737321039,-10.0678494066764,-13.9404540096278
"ACAP1",-18.5309621632577,-11.4580562762572,-14.0708388518709,-14.4899091026578,-11.1827845148606,-22.3245925648132,-11.7041654348187,-21.7402552379337
"ACBD6",-10.7337781576993,-9.69331270086654,-12.3226192859102,-9.96558196854897,-22.3735579267771,-10.5827835905177,-9.16310224855675,-10.6692408845202
"ACOX1",-9.34954554151779,-19.8546112410217,-10.7788082446706,-9.38576467444483,-9.50469092067974,-10.2082157605803,-9.19439216907977,-9.56396489122226
"ACP1",-10.1554030408407,-9.2831066387178,-11.7876198479108,-10.2424812271291,-11.1591651036626,-10.9732625651686,-9.79786287212287,-9.91409566989722
"ACSBG1",-10.1993341536584,-8.32243440996678,-9.26396954751425,-9.99602074777271,-7.90012870248028,-8.40411107620772,-7.69134064979095,-14.91168690743
"ACSL1",-14.7102400705936,-20.0701712558196,-9.86816396418468,-21.1524527735075,-12.3315116056693,-10.7770083961405,-21.0159029831447,-11.7109574828687
"ACSL6",-20.1815924488229,-8.87008226567614,-22.2364723832156,-11.5979555523361,-9.71803539508969,-10.1697013629586,-18.8384904167127,-8.36631069857102
"ACTN1",-8.98482935250139,-9.99806319855107,-22.4319340504668,-21.316930851271,-11.611360894363,-11.5808825299553,-9.58976368147768,-10.6580015047911
"ACVR1C",-11.5630894067438,-10.0355787906559,-11.3424097599628,-22.1244384288174,-12.6654825533071,-21.8125817133904,-9.61623498743815,-21.5655802666788
"ADA2",-10.140328740365,-21.1799528715703,-11.4841523252292,-21.190876831761,-11.7590093770913,-22.1720554406479,-9.12918435028535,-10.3065165586607
"ADAM10",-9.91741862504392,-8.85549003042772,-8.81843216904004,-9.36645073507329,-10.2047294692157,-9.33245970619535,-9.00350804782818,-21.0375190404928
"ADAM17",-9.1792287578395,-11.1423741736099,-10.6185176381372,-22.1587882689306,-10.4800644760503,-10.7550502140756,-20.6350086087568,-10.7365148674489
"ADAM9",-10.0129604106227,-10.3587230697383,-12.3946904501245,-11.3193869752418,-10.4016448639319,-10.7717819945851,-11.9850021939281,-11.1590279654313
"ADAMTS1",-9.24896802733426,-17.0988301370929,-10.4688385105536,-11.0782724397857,-22.7784092976433,-20.5310021555719,-11.4909354628591,-22.4281456561838
"ADCY2",-16.0974508660556,-19.0559010554402,-10.3938448683178,-10.0816616304711,-8.72736806866075,-9.08420555808308,-19.0091520301973,-8.87201367979814
"ADD3",-9.86064842889839,-9.80196502654066,-7.73046822187345,-7.29037490297902,-7.76674315146945,-7.61840621532404,-7.29876907382144,-8.84299604046988
"ADGRB2",-10.7474976764116,-9.725477137265,-20.1953162712076,-20.3829474217531,-9.97337982445563,-9.8381786528383,-19.8039146046857,-9.72321429680628
"ADGRB3",-11.428434876943,-19.9216400541622,-21.3984860913753,-20.2648342478244,-9.72284056640665,-9.9500853320016,-9.72098216395763,-8.94669460956607
"ADGRG1",-8.76903827398331,-8.46593209120609,-10.943900651487,-9.49917799900852,-8.82881747617977,-8.75023911842427,-7.53270179789916,-18.7589603863182
"ADGRL2",-9.21392371465311,-9.88859498033318,-21.1550327155169,-20.6150815239591,-12.2882922773105,-22.5742620031208,-20.5539053251629,-11.0615021959093
"ADM",-10.4298023300525,-10.3813817280712,-12.1501418202889,-22.0219749656933,-12.1587277047155,-12.8420103571708,-20.2318454061262,-12.1959155383559
"AEBP1",-13.4456440463744,-9.49310907510085,-21.171774780551,-9.55410905167927,-8.97346347442026,-8.59767997023214,-11.2684790416568,-21.7896811077006
"AFAP1L2",-9.64648653485732,-21.5717874792729,-12.0930777174165,-10.1502935308993,-15.3749687530742,-23.2677816392286,-20.9794790401926,-11.2799998398354
"AFF3",-19.7231521999894,-10.3618752833948,-21.5920264617547,-11.7375139930755,-11.1849823455155,-11.6682496098115,-18.187251306771,-10.160710857367
"AGAP1",-11.1401747337819,-20.7928330252058,-9.14966032968605,-9.83483444782891,-11.5662537707654,-11.4287203948287,-8.2001762349348,-10.6829361195874
"AGAP3",-10.3388296829153,-9.75732716994139,-20.7498535443446,-9.88235474088,-10.6233643153529,-10.1514104263529,-20.3482865364934,-9.46239805830207
"AGFG1",-9.86028782407393,-20.3754908975377,-10.0466182278238,-13.0182905237395,-10.7957472864964,-10.2898079495064,-20.3040492361503,-9.9476909597933
"AGFG2",-20.8070502793365,-18.5117707729019,-20.9180244856195,-10.4694210264311,-10.4001677950853,-11.2808024030065,-19.8764957967718,-18.0992861159531
"AGO3",-11.1449610034529,-9.15473964694088,-9.8410155081717,-21.5325246899747,-11.9083073765479,-10.4968739303647,-9.62286779351027,-21.7131454496455
"AGO4",-20.8875685264454,-10.0459809502107,-11.7953497493874,-10.2756123013386,-12.1183715947657,-12.1345938785966,-9.5296323012428,-22.3060613448986
"AGPAT4",-11.513384306296,-10.4520912815239,-9.12048439910413,-19.3923081799547,-21.9581403973042,-10.9502508727355,-20.1140558733348,-11.2178795917749
"AHR",-21.5977607131126,-10.0522627521772,-10.6602337612007,-22.4617871843741,-23.8028186158322,-12.6492116533677,-10.6080972855268,-13.1054965004548
"AIDA",-9.69166286896327,-10.4728623299637,-10.124232011728,-10.1675244799019,-10.5810277960482,-10.3870876252707,-20.9866359776122,-9.75342129201017
"AK5",-9.87791591410042,-10.0269381692671,-9.31389462141755,-10.0605044033462,-12.3184481597577,-19.4714073264688,-9.58332197155249,-9.3834372766679
"AKAP12",-9.31392051986335,-20.4384159732212,-11.5157239770787,-21.276966146135,-10.4808213365258,-10.0549074816177,-20.2852283637683,-8.1666445136091
"AKAP19",-21.7225617727356,-11.5142250766133,-10.475773499969,-21.1638811305366,-11.7004852737369,-11.4680599087249,-10.8029937316916,-20.9511672044577
"AKR1B1",-10.2545933608996,-19.520245668184,-9.9412341193542,-11.8219197412671,-8.95858592162588,-9.08331605913652,-17.1514524636906,-8.57494309380413
"AKR1C3",-11.7459796542699,-18.0956141304891,-12.7414641511865,-10.8918991933905,-11.2675486148356,-11.3724170864493,-10.8772758975652,-20.7976115676364
"AKT3",-19.5586126019702,-8.18034420943843,-9.66383694646807,-9.32508765636244,-9.76487367546252,-10.7774952940055,-10.0948274354606,-10.062794413759
"AKTIP",-10.8947353207948,-9.96929480695807,-9.45636325888527,-20.6089238865168,-10.7625426063801,-10.1814500603494,-8.44233844853186,-9.74691152842019
"AL627171.2",-6.83422563983521,-6.69199978276844,-6.1271619889119,-6.43860556446632,-6.31706682794776,-6.09447162264512,-14.7593896192039,-19.5577034537907
"ALCAM",-20.5743349092022,-8.1154579022654,-8.57402741998014,-9.03730403865084,-10.6808570537582,-9.32269922512736,-9.98090259292143,-9.45957440582583
"ALDH2",-8.39922684384569,-17.3340940497081,-12.4907513326991,-7.91048887383995,-7.55491540785433,-8.16351941192725,-7.61884694949415,-8.65537209312827
"ALG13",-10.2492629376916,-10.0513842333191,-10.6103829583889,-11.0908296979676,-12.3466657749555,-11.1115992689995,-10.4190226688143,-22.0775996299166
"AMFR",-9.96981287300086,-20.1535668284936,-9.55916709369833,-13.3981396527355,-10.2211787414669,-11.627074618286,-19.349849704794,-10.4604569785557
"AMMECR1L",-14.6061348780854,-10.1796878174654,-11.079755118858,-10.6991005648438,-12.9769749594257,-11.2100768226304,-11.7247194339352,-21.2397836908856
"ANGPT1",-21.7765739835557,-20.5767768431804,-11.1668170989603,-21.3714759848998,-11.6382221625808,-12.4979779972141,-12.2409323273654,-11.8088980534773
"ANGPTL4",-21.4031231273643,-20.0212979250724,-10.3483789217559,-19.9153973127593,-10.3768699462279,-10.7358712959321,-20.0192438954045,-11.9520700318981
"ANK3",-9.59901809832359,-18.2383072519945,-8.41508697367302,-8.58549397978009,-10.0285730217857,-10.6084733429703,-8.77238188961843,-8.86595728710563
"ANKH",-10.4254274003243,-11.2927798067931,-8.95643732234381,-9.80372247811152,-11.159258093031,-11.0878122242223,-7.7929806989934,-8.64585947835173
"ANKRD13A",-21.4391918215426,-21.4143858203564,-11.9214848239484,-20.4710920664496,-11.2124003717882,-10.4610412688133,-9.74928801336976,-21.2902019725085
"ANKRD28",-12.982566015217,-10.2729500694241,-9.93735123070118,-11.0740648783016,-11.4606363765924,-11.3618337734982,-19.6056087101348,-10.7203979341888
"ANKRD36",-10.3141464767946,-10.6855158553826,-10.4154257276943,-10.5466967396535,-10.9035495123115,-20.0863722267471,-9.21962091134248,-14.3975832072581
"ANKRD36B",-11.4549919178584,-11.4195555933675,-10.7678633190364,-11.6168124141038,-15.6889599000017,-12.6828853892982,-9.59452512837268,-19.7374057501505
"ANKRD36C",-10.1247318433152,-19.7373326076581,-10.0673490657221,-20.3829456016585,-10.0495912870618,-9.60588472806111,-19.8524313019189,-20.8253383485071
"ANKRD50",-22.1620961751727,-21.5089180863635,-11.6326865359957,-22.1438365310827,-23.1449520240983,-11.5929603731702,-21.2102146310475,-10.022392245385
"ANKRD6",-12.6651352378927,-10.3755576752511,-21.0413456878434,-14.7701140218961,-12.4252370675242,-11.4848484901044,-10.988714485875,-12.7295664120694
"ANKRD9",-10.1097228626109,-19.6683824059983,-10.533185887043,-20.4036794695763,-9.7938161360932,-12.0657078494883,-19.5864739777148,-10.852812902891
"ANO10",-10.9398821137409,-12.1048519230062,-11.1156186220908,-10.7958339872725,-12.2525566459207,-12.6807452775217,-20.0439199051259,-10.4235391612003
"ANO5",-20.6937089749672,-9.56123642616587,-12.5572325636329,-13.1708114234142,-11.4665689862778,-13.8375187478685,-11.0593741945635,-10.3398746668237
"ANTXR2",-9.99331722389114,-10.1471596109453,-21.540364680195,-20.7640886895768,-11.1115561967186,-13.7473579332344,-19.8005248793691,-21.4913949698611
"ANXA1",-10.028874417984,-19.5841483738398,-11.8413788143353,-10.8739219844441,-22.5925267148006,-11.7546304561056,-10.9405433854979,-22.9741026507454
"ANXA2",-8.87812504113732,-19.2037304051011,-22.7193586731257,-10.5587828312692,-10.9403777100665,-10.427834745627,-20.6308056595547,-10.4368011436167
"ANXA3",-8.91670560493555,-21.297399632279,-11.0090767049157,-20.9932885009907,-12.2183181394994,-11.8868187017107,-20.9162640059129,-22.741047343509
"AP1AR",-12.7980981943467,-9.47616424187348,-12.1519878575038,-10.1163210859249,-11.5557623092311,-10.604770291923,-21.2248322038611,-10.9795053706763
"AP1G1",-9.54083371654526,-19.5545853836499,-10.0269701051885,-11.4612925743853,-12.839743036908,-10.5380987526396,-8.86126294710305,-10.0145685920531
"AP1S2",-9.49663737709684,-9.81503603357524,-9.58197453111933,-10.9838828148085,-11.5109447776283,-10.8357180280825,-10.5789247259983,-21.2832619522919
"AP3M2",-9.67803699209298,-8.96970094725499,-14.2970751534905,-12.8031151257576,-10.581976183958,-10.8395986700571,-9.34744520584607,-8.83483927532533
"APBA2",-10.9317862137129,-9.17814218262521,-9.87089372457007,-10.0072590472009,-10.1375491545598,-10.4137781952573,-9.74286427373845,-10.9130098905741
"APBB1",-9.85040747826512,-8.36533788493311,-8.23570304069828,-8.53248965846871,-9.29210333149326,-18.2761510513586,-19.3540297303352,-7.91129031439708
"APBB1IP",-11.0125686299959,-10.0719239055002,-11.2480617500869,-12.3285757838774,-12.9416781569523,-10.0111687487056,-8.18681418425409,-21.2032236908205
"APMAP",-9.2637320735255,-19.5402679597233,-11.405705333974,-9.46010540369039,-10.1009069674863,-12.0223835338309,-15.9484013544138,-9.11906673701063
"APOD",-7.60145836959385,-6.14000305068079,-7.10073014014873,-7.94646411655157,-10.2272003378819,-9.76916071951452,-7.35357396652215,-9.68730058182513
"APP",-7.78665127496241,-8.84987240627696,-7.07306657495345,-7.72133667009251,-8.9134524837249,-8.29701416024874,-7.79069634645795,-7.75384416205685
"APPBP2",-20.4742932055413,-9.50605655986763,-9.953261948105,-9.60054853191645,-10.2239747454214,-10.4404160302797,-8.87169468472373,-9.68618454225911
"ARHGAP12",-10.008468910354,-20.2557786583494,-9.86019967587379,-9.88539599619827,-10.1443710000662,-10.0402643951079,-10.0026253324665,-9.45945466711867
"ARHGAP22",-20.8991517481932,-13.3841492843808,-10.1674531768544,-18.3158131019579,-11.5785849667616,-20.1208360302184,-9.41631576717461,-21.7222936821081
"ARHGAP24",-22.1261508203343,-10.6622763918336,-20.4506550567959,-10.9354927730062,-13.1543516979993,-13.8129796694704,-21.5016132641848,-11.4286922463226
"ARHGAP29",-8.88230875392867,-21.0099825375214,-12.0785953797117,-21.988946919853,-11.442276131808,-10.3556496235466,-20.3229452640666,-21.9031761670235
"ARHGAP5",-8.33787833739872,-17.7562732626926,-8.10376818327247,-8.13223904487888,-8.40328646436078,-8.47327995751783,-7.49294988854393,-8.02810348679965
"ARHGDIB",-9.41296348566467,-20.4264618393365,-13.1295988120856,-10.4628624416221,-12.2560413827507,-10.5148015136376,-8.72824592905977,-11.7487404503637
"ARHGEF11",-11.6925401508801,-9.4197986341472,-20.7452252747534,-9.97634286801392,-11.4194336454772,-11.2795343374956,-19.8406893173114,-9.19308296741072
"ARHGEF12",-8.64130060626546,-8.80915810216248,-9.26626001495971,-9.63237999695822,-9.22473622384354,-9.25326146768023,-10.2430452331743,-10.1799990795347
"ARHGEF3",-12.0099748367151,-10.3875346765692,-11.9191131667147,-20.0381005868907,-13.0314302064708,-12.5217545212967,-11.9574281372073,-11.656861408626
"ARHGEF40",-12.1623354363389,-10.2492344583813,-11.6846379703491,-9.93549827918209,-10.1101373870869,-10.2651546694286,-9.71522584235452,-10.3087243109846
"ARID5B",-10.7292925330988,-10.0587715921823,-10.2567984178656,-10.0856280460283,-12.294321232621,-11.718546654108,-9.44929473237762,-11.0584742580563
"ARL4C",-21.4154003881897,-10.5487901030432,-13.0128899108037,-10.2410524526248,-10.6157864641574,-11.2202473711649,-20.1219273129849,-10.7155003957261
"ARL5B",-12.8874679882495,-10.581687758793,-14.53225052393,-12.7041969991378,-11.4613472295878,-18.2063454161298,-20.8948749605063,-10.9907879917253
"ARL8B",-9.53888120915957,-16.4535870754437,-9.32959165904916,-10.2278589908696,-10.228050033573,-10.0894070074298,-8.60509015240241,-8.94419464286717
"ARMC8",-10.8961232435704,-21.101232761209,-12.0235974166815,-22.0527544635638,-10.6962482581477,-12.4663981353524,-19.4524921224167,-18.8103471995602
"ARPC1B",-9.20453137870361,-9.8161849702653,-21.9355631967636,-10.317572349676,-11.3218928566994,-10.5277825130897,-8.75510967350441,-10.8077963183319
"ARPP21",-10.2867052640677,-9.47476118878538,-22.1727868768378,-11.3753458430513,-12.0713491739514,-10.7407619983,-19.9144664907415,-14.5140106455515
"ARRB2",-11.6082730227685,-20.9504650695662,-23.1592052681924,-20.1062505579635,-11.0888501805661,-10.8757178285149,-12.8228239316113,-10.7257286483028
"ARRDC2",-22.1611620802605,-20.4641170029133,-10.2119824407664,-10.7564904856147,-22.3825877391226,-10.5336356886915,-20.8583698082571,-10.8979716300281
"ARRDC4",-22.0129202528839,-9.79562533563121,-10.9235662834568,-19.4430519491245,-23.2796184187386,-11.5548229476677,-11.4838917027734,-11.121449734028
"ARSD",-10.9698978143963,-9.35982382092801,-22.5182679400555,-10.6988921147202,-10.903961294556,-22.6218800430072,-20.1772983468798,-11.2390080537963
"ASAP2",-11.0510571481708,-10.5537935610462,-10.9648093552376,-10.5381544412689,-12.1114098347551,-11.8248221048949,-10.4663944682204,-10.279639337036
"ASH1L",-9.9005402779556,-9.19557389329614,-8.79395044184025,-8.88500331938169,-9.22749861540471,-8.83993082053316,-8.4116984275231,-11.6451336325891
"ASPH",-8.66224661081381,-7.98866299182032,-10.438785166555,-9.35998579163034,-8.70941550857659,-9.27987943649765,-9.4171088948378,-8.63327200747025
"ATF3",-22.1137021969944,-21.7987297077709,-11.2348882770702,-22.7088539869982,-14.0563880251714,-12.9352719829107,-21.3200951763722,-23.185907539811
"ATF7IP",-10.4681002816175,-9.25922943390869,-9.59728463869744,-9.09638797777641,-10.6153665911354,-10.4177502376254,-9.57080188645768,-10.2191283665606
"ATG5",-10.922863483371,-10.6156177961194,-11.7081257415983,-20.2028207905587,-22.7502222522496,-11.5028649371619,-10.3704135625965,-11.5142320307305
"ATMIN",-9.97234359983348,-19.398330857479,-9.75197667585454,-9.70112769886505,-10.3713720864548,-9.94657262612046,-19.9181791107094,-8.58200313900637
"ATP10A",-9.45202411234907,-20.4543140174308,-12.6458996720318,-11.3576066210748,-12.5107095244765,-16.3881074746167,-10.5979877593158,-14.2914247300098
"ATP11B",-11.1925963264911,-20.6587037637746,-11.8129772065954,-11.0082455761846,-12.0974683949868,-22.4089915159009,-10.5459542971547,-10.9320939371442
"ATP13A3",-10.7512731710598,-9.50548314525923,-11.3831126530924,-13.5840814031089,-10.9046801909954,-12.3573650859928,-20.2924528553856,-11.0196913436295
"ATP1A3",-21.2568396751896,-19.8672420295906,-21.475670359001,-20.2066432849026,-12.8655688264106,-19.0924367740157,-8.90766500261554,-8.16807162469493
"ATP1B3",-10.3820132579016,-8.85525222019394,-10.0746765372541,-9.47215003808677,-22.1536037427609,-11.3311052397952,-9.74067827034623,-9.22802059880167
"ATP2A2",-10.035083453025,-18.6387079378253,-9.09049517338754,-8.05947590297154,-9.03271923685311,-9.42538515911934,-18.745979037598,-8.26692023552769
"ATP2B2",-9.62322003026754,-19.3416459540805,-10.4981327166293,-9.2149993232713,-9.84254177690483,-11.4966101244975,-19.2516422007117,-8.69128888598347
"ATP2B4",-10.0205045356647,-8.51298625905624,-15.6067623823664,-10.8924747054079,-9.54515424154649,-10.1338389619994,-20.2348290969386,-13.178505194285
"ATP6V0E2",-8.90632784518194,-9.47298401486163,-9.14173488754154,-9.68654276265303,-9.15781676673398,-9.18768474482775,-9.51962888593078,-8.20060138074547
"ATP6V1B2",-13.2115386891559,-19.7968597422523,-10.1618056634166,-9.6725772331782,-11.1694236863672,-21.2667493061762,-8.67654508422959,-7.29654875421471
"ATP8A2",-21.4502284453295,-9.43271464655687,-20.1862375478673,-10.6926783053542,-11.6801969698666,-11.5260776143242,-18.2926596677084,-8.19381045917654
"ATP8B2",-11.0446278651005,-21.1496955958428,-11.2415664524574,-9.92590530885386,-12.6127333621255,-12.0344186209961,-12.5025857503655,-10.4082436056287
"ATP9A",-9.3679742052179,-19.7283171263751,-9.22292438074232,-9.28283156593623,-9.79180481633054,-9.27648499418127,-8.30529460884175,-9.16584455934051
"ATXN7",-21.236534400551,-10.0665906853634,-11.4729389082838,-10.986599031749,-11.8109505817103,-13.3495285093009,-12.6202462059425,-11.2807842381077
"AUTS2",-10.3258405856628,-9.29389412917728,-20.2064810187886,-9.67802246629799,-9.18557374633245,-8.94715450762923,-19.8620812038761,-21.3340855442664
"AXIN2",-9.15631559983115,-20.2662393124981,-11.5665191966843,-10.5320397061457,-11.2254962316,-20.619311711238,-20.1103299807605,-12.2302321736214
"AZI2",-9.99329411824868,-10.6109448901243,-10.8261789087253,-10.5469572667227,-10.6760694645892,-21.0430136686456,-9.22040886171423,-9.3528785970293
"AZIN1",-8.94660856204002,-9.16865363401209,-9.24182752165958,-9.78875202822892,-10.294548375372,-11.178671200601,-9.35677720961107,-8.83300465829288
"AZIN2",-11.089728504156,-21.4489968903709,-10.7132265874625,-11.1117911277705,-12.2291286413987,-15.5409241928088,-10.5902743202613,-11.2128796174094
"B2M",-5.37626314410709,-7.39470541178957,-7.17865334978673,-7.08560763402352,-7.81769243398718,-7.35362982017,-6.36699531775939,-9.19249934239964
"B3GAT1",-20.7579406037276,-19.6172837673108,-8.29750476528747,-8.91181770570471,-9.74802961179428,-11.9191543464528,-11.1897335926579,-20.8467165938073
"BACH1",-9.48898051445935,-20.7738750772535,-11.4914636654675,-9.82816809894918,-12.4886048557207,-11.4860150586034,-8.20576936484871,-20.6104170735755
"BAG3",-9.94963326840715,-9.56426843078414,-10.3144948141222,-8.91267620048423,-9.22774673537804,-11.3228757197901,-20.2977937215447,-9.96906088590597
"BAMBI",-9.42570469535659,-20.2528903309728,-21.436592319536,-9.50225630752087,-11.4209274517795,-11.058288147727,-21.1085658318289,-11.2168767529823
"BASP1",-10.2506852992521,-19.9065983661894,-20.2652116068136,-9.99307451859962,-10.2897422998099,-12.1367443235058,-16.5150173624959,-7.46610884851138
"BCAR1",-10.1679107811257,-12.2761257319514,-10.8778737053574,-9.94089984794581,-12.3208411093199,-10.880615720099,-9.9761853089298,-10.3925531785867
"BCAS1",-7.68818951792604,-7.26590123361339,-6.78579928643935,-7.62338417912546,-7.42153116764518,-6.92613366563248,-8.44571784540049,-20.6749159380168
"BCAS2",-9.72076082451324,-10.819340092759,-10.7407128860248,-10.9038798925827,-11.6213191927117,-20.8394557828202,-20.4782240668143,-9.50225269970022
"BCAT1",-22.2295257136946,-9.50031264634792,-10.4234289744093,-9.76507481549729,-12.9975639072755,-10.865202940609,-11.7548909487907,-8.03310764539003
"BCL2",-10.7261383872235,-9.72791819380584,-12.0212235073336,-14.0687103599349,-9.89368444134577,-9.83980437898209,-8.37579534387593,-10.7732827231315
"BCL6",-10.1322723609552,-8.51764279597065,-9.8682255390499,-9.67563048312252,-9.93002745260927,-11.3373225369843,-18.5373873067981,-21.3516637859877
"BCL7A",-22.3807366354053,-12.4238171290611,-21.9003211781869,-22.0970798906818,-11.93456998541,-11.268869000282,-9.75770473472984,-10.9190888402972
"BEX1",-10.9913070111207,-8.34856217378368,-9.59323352724971,-19.5926227327512,-9.45551573437477,-11.1278233690293,-8.11940441203275,-7.97896601599761
"BEX2",-19.0606692500075,-8.88113522066865,-9.79539740796376,-9.85764862706096,-10.5558028132161,-11.9331194865269,-9.46897821774823,-8.7062402903527
"BEX3",-8.52794873191643,-19.0675459251298,-9.12547839496342,-7.99831124105703,-8.05941413130378,-8.57425897767557,-8.81682616849136,-8.40139546352573
"BEX5",-17.9722827948755,-10.426699846618,-11.2125202154837,-10.2161102981647,-11.3167144225584,-10.5628730429875,-10.4864810040525,-8.61547343591858
"BGN",-9.15710868578511,-9.05671168092936,-22.5212740405322,-10.7464288833729,-12.4573113172764,-11.4936580517953,-11.7423624973951,-22.0147715625923
"BHLHE40",-9.72045700435148,-9.54854190466132,-21.8506123978057,-9.14647868841383,-9.74232859803115,-21.391807677224,-17.8500119111426,-9.99289478477779
"BIN1",-9.23329433139211,-7.86163862304218,-7.87829266737469,-8.1999593902641,-10.7915865200712,-19.740678239354,-9.27915267956813,-8.69417678788551
"BMAL1",-20.843071579333,-20.9262611901225,-21.4279219675549,-21.9315098686261,-10.6010317436837,-11.3092851111485,-12.0270720945554,-12.2828096771133
"BMP2K",-11.0429904395985,-10.1075839131013,-11.2108531000037,-10.5765994257048,-9.83794067116241,-9.82192153493042,-8.62966962939989,-20.8704852976364
"BMPR1A",-13.1693636681924,-11.5010816477625,-12.3435188892255,-9.75918137046507,-11.05537125091,-10.1592576610575,-9.85565452614574,-11.4371505961524
"BNIP3",-9.43082206884024,-18.9642815934052,-8.97651375774405,-8.7172022155935,-9.21644537662729,-9.7066610627648,-8.12896710962413,-8.04834218657246
"BOK",-9.90204149037284,-10.5466798260396,-8.3304876792195,-9.63666439962187,-22.5059226007646,-11.4152884037206,-8.97571374195889,-22.1122374558183
"BORCS5",-11.841808804288,-20.746480248524,-11.0004105586787,-21.3251061555122,-22.2184863006348,-20.8841472282233,-9.17312798709853,-10.1610598381033
"BORCS7",-10.7173313876684,-10.8915984604223,-9.56575544878513,-9.14154354383203,-9.99538302307059,-10.1808225913312,-20.2057115851684,-9.6129889417645
"BRCA1",-19.0167687428533,-10.7048157294987,-22.3987748688852,-17.0117013355177,-12.3198920703909,-12.0286229126006,-20.1409155472646,-22.7575190064547
"BRD10",-10.0202622673976,-8.7521352711671,-9.60061298362785,-10.0657674844895,-9.53557417846813,-9.04915397958805,-8.31136947585837,-10.1230510672933
"BRD9",-12.1669314444079,-9.56140438031593,-20.3300663052484,-21.404061382713,-10.5975730376457,-11.2445663880312,-20.3011610596487,-12.1140242520151
"BSG",-7.23993555197775,-8.79279802554963,-8.76672594520577,-9.10475843566492,-8.27645375812788,-8.5123634091494,-7.87230296526982,-8.56608553487249
"BST2",-9.10435525416603,-11.672984533007,-22.2061725605304,-20.2614953582736,-11.0701357276283,-20.9727756581702,-10.6571601940855,-20.4350466216081
"BTAF1",-11.5469195517693,-11.4642462631141,-10.2568767863162,-10.6462897590263,-10.8519727193746,-10.9714983199636,-18.9917814850401,-11.4780244306792
"BTG1",-8.84842018916006,-11.5793353187359,-10.0024692930979,-9.51871632141144,-11.322412489876,-12.5027565851674,-8.45153646784472,-10.886037715667
"BTG2",-9.75587239103053,-9.16564701269306,-10.7175706428494,-9.58690362836573,-12.0670433333633,-10.826151595806,-19.8138758401964,-21.4482244327946
"BTG3",-11.1600754137483,-17.8920186406072,-11.3906952382083,-12.5173935848149,-11.7879236062873,-21.0344512260969,-10.2214685074952,-22.6251686238904
"C11orf96",-9.20219300146577,-16.7693954777485,-11.0105535156892,-21.4762533086059,-11.7885947884672,-15.5960096302021,-10.4228743391089,-21.588781364762
"C1QTNF1",-9.355571979668,-8.7073527600172,-21.1633305619544,-9.23256294149454,-11.0658341837392,-10.295181303681,-8.66089713539855,-20.528536384486
"C1QTNF4",-11.4808574168605,-19.1548710537007,-20.5570559387421,-9.95532330559015,-8.22433426569337,-8.60602707548986,-17.0554284346151,-12.3762459745366
"C1orf198",-9.21677699520305,-8.65720696894058,-8.62540756924096,-8.95539840004154,-9.63825341909428,-9.86038851886236,-9.64582931121345,-21.6311782621758
"C1orf21",-11.4824955278554,-11.6314740460695,-10.6503036888626,-20.2021785012058,-10.8761855815855,-9.8577917248815,-9.16164544525139,-11.4819790433244
"C1orf52",-10.7242776579404,-9.96537370080394,-10.2506452505868,-21.682680869928,-13.8755250414988,-11.0262818537289,-8.68338371651448,-9.52604008763028
"C9orf72",-10.3343451984304,-9.88873076341752,-12.5842335668461,-10.819772959108,-11.8758119069956,-11.6847098040963,-18.0868767025787,-9.48061403380662
"CA11",-10.9034406203791,-18.9016258708739,-9.91591224102472,-10.4908065823627,-10.6506427560436,-10.5533179077169,-14.6465464315798,-21.0162684851003
"CA2",-9.87798632925148,-9.9947444363207,-7.83238116102085,-8.3148049162896,-9.37637453910268,-9.908387027987,-9.320883444037,-12.7377704750599
"CABLES1",-10.1111948624416,-9.66532038089242,-11.1978737303134,-20.2602936326252,-9.06097952298808,-10.4366563189466,-18.0869803294289,-9.16867520537807
"CACNA1A",-12.3075957123426,-9.31499589339994,-11.539925766669,-9.69506068708111,-10.7835944274748,-11.05561039733,-11.5937067127719,-8.81062773776318
"CACNB2",-21.5233893991831,-20.2673433001869,-11.5174993308071,-21.903491209833,-11.5916190453637,-11.9357123533068,-20.8783755854559,-9.8764439497235
"CACNB4",-11.4474841469367,-19.7763471733509,-10.8467248043127,-20.3929858342871,-11.3600432956973,-10.3572479813949,-18.8224792767211,-8.7318035721642
"CADM2",-20.2981764899561,-7.49618872499282,-8.07294948903763,-9.27855674125133,-8.27213258601439,-8.450655547525,-8.50226411688865,-7.33289819699833
"CADM3",-11.0552494047015,-10.5212176417799,-21.5707151493777,-11.0758517820443,-9.44597364393034,-9.52082082593774,-10.1752852361947,-8.39756425317355
"CADPS",-20.8516603254555,-14.0318967995229,-11.2789546327588,-18.6567006341559,-11.1037217565768,-11.6335916746172,-9.86350635148415,-8.00828171891337
"CALCRL",-10.138093372734,-9.87576615081619,-14.3776192553328,-21.4835071741816,-11.6883680159859,-20.1604840757084,-9.87058348530459,-13.8134800792855
"CALD1",-8.13293662384276,-10.7915644972255,-10.6461201982766,-10.0021841003362,-10.0530876180349,-9.33971491945102,-10.1492990393064,-21.6703571048607
"CALN1",-21.9348559888426,-20.6787573399164,-11.6555014515682,-21.368630279992,-13.518562061291,-10.1258257157053,-19.7328373535295,-9.36287915197468
"CALY",-11.4472616602465,-19.900876490035,-22.6044471550222,-11.2507678676809,-23.1577485327632,-11.10304059812,-19.5890542491141,-8.20448517154981
"CAMK2D",-10.5904742721543,-9.65557762192361,-12.1074904926934,-10.431598711017,-10.8633789083859,-20.6950643547581,-9.06396204899765,-8.46629552236511
"CAMK4",-21.6317730695401,-11.9067746975807,-13.139379003708,-20.9492401855007,-11.4121611976692,-11.3014050869827,-15.5116754031282,-11.7822032933182
"CAMSAP2",-8.65850978579267,-8.27597276844152,-9.3776280511002,-8.77668447732898,-10.5158311493326,-10.5094370635812,-10.0926545524279,-8.73311456070479
"CAND1",-10.0382138869203,-12.9448202261697,-9.70120260367082,-9.75533258992413,-9.73756797435488,-9.86896751248054,-18.9428121577532,-9.18447710296759
"CAP2",-12.1466030828909,-10.4196996080788,-21.2425819808589,-11.0478916453792,-11.7025775737787,-21.990410499749,-18.8104319202372,-8.89648169702232
"CAPRIN1",-9.29996688854449,-15.8301685235964,-9.82699528182355,-9.19496589727627,-9.61437074171196,-9.56549927242083,-8.0221526523659,-9.14711007264628
"CARD19",-10.3341517917959,-20.0741918836152,-10.7431293021112,-20.5028820646423,-12.6904696596807,-10.4600344596328,-19.5297472819263,-10.8688907612903
"CASK",-10.0978804187021,-10.1385563353003,-10.7359668024508,-9.93170471348669,-10.8965049799328,-11.8465542400794,-9.18308698035395,-19.5450297608264
"CASP8AP2",-10.7365972519878,-21.1899839682505,-11.454586534296,-21.4118379499321,-10.9571798659101,-10.8050962014017,-11.0973470410688,-10.9230107291561
"CAV1",-8.73130861781922,-9.71535254979806,-10.6902402076388,-20.689801608877,-12.4260612791871,-10.762885687908,-19.9172452389463,-22.8602592744373
"CAV2",-8.76566024417501,-9.64210561157666,-9.79886240255534,-9.66266103219156,-11.477603018289,-10.6771157477243,-18.1327143684979,-21.2654477756742
"CBLB",-10.7120265842656,-20.3633374162441,-11.3758839991622,-21.4432803197435,-13.7718582277647,-10.5585572417695,-9.28631732785787,-20.8605794928236
"CBX5",-8.87813069312174,-10.9001501504686,-8.98649446636119,-8.73153292105144,-10.1374089546798,-10.0678672103642,-19.5618983137928,-9.61667367031023
"CBX7",-9.70231134424933,-9.97534948506857,-11.2824836124013,-9.25202658246367,-10.8611594214134,-11.3170222965667,-10.5427043313569,-11.9225696712893
"CCDC102B",-21.6793996025172,-10.3933665362115,-11.4822881339918,-11.1364654044123,-22.564834375063,-23.1381746001925,-11.5964539733251,-12.9619627211709
"CCDC160",-11.9992171538668,-19.2964072740261,-11.1202713851999,-16.6721389668498,-12.048040084165,-20.7977557223402,-9.64153670864414,-12.9277793779204
"CCDC186",-11.3452497762189,-8.68792053061403,-17.7616523893068,-9.80582721681822,-10.8411633170368,-10.4854370644147,-9.8860443252847,-10.3925317445199
"CCDC50",-10.7095635342757,-9.87746077392513,-9.92095016318826,-11.2747722119747,-10.6103267818106,-12.8227395537374,-14.7093019672716,-12.3069282976082
"CCDC66",-10.4713100889729,-20.8408324783445,-11.1886410877792,-11.4937174055935,-11.6353987139609,-21.2203734897426,-9.35160276079119,-12.2544462003424
"CCDC7",-21.1839080094824,-9.52581260211467,-11.7006149402092,-21.7489458654583,-11.9280056292613,-11.4919735236806,-10.4217526173611,-22.0721419734084
"CCDC91",-10.2013742086614,-10.0569979361562,-9.59255500496684,-8.63334405378003,-9.93193267544321,-10.4520882192801,-18.367599240264,-9.73012512911054
"CCN2",-8.93388448351049,-21.3800337077965,-12.1773251242949,-10.9127429193673,-12.1825582932303,-20.0289838319312,-10.1489929260956,-11.5333553847341
"CCND1",-9.79488720434112,-8.85009029744216,-11.0918210025942,-11.2536627692821,-11.193440382126,-11.3222017407211,-8.51405933467981,-21.5610928341896
"CCND2",-10.7783499337085,-10.869716763964,-12.3890666505445,-11.9804943096595,-11.5859074323245,-12.110295107755,-20.447470702066,-11.8603238770912
"CCNDBP1",-10.5941673609795,-18.5675103103509,-10.6330386246926,-10.2351264696684,-11.3064552867398,-10.5850627834507,-14.6254393133034,-10.036192121432
"CCNG2",-20.7791420051102,-8.57957995258126,-12.4861616835313,-12.2924408584491,-10.0552221552425,-10.3628344929979,-10.6854392583612,-20.4533409585192
"CCNH",-11.1081603132517,-9.62204524528262,-11.2043812423783,-20.3527287559422,-11.7895087887324,-11.6964542603489,-20.6584859599718,-22.0343006581385
"CCNT2",-9.98302768537865,-20.8825703543797,-11.8085128149,-17.2494629469661,-11.3088894839434,-11.0367420086481,-20.6173881289446,-11.1279165267819
"CCT2",-10.7296886207411,-11.0608610587471,-10.657192920931,-9.89462865402789,-10.7794490935785,-10.0211671231052,-10.1312673579286,-9.00866277316102
"CD109",-11.0347857467915,-9.13575949237875,-22.2696677650775,-11.8855755472941,-10.4499252832882,-10.342699436967,-19.2310556149088,-12.148061836005
"CD14",-13.3998046768904,-19.9586070937931,-11.9349238962185,-11.6506815254365,-11.7356482644353,-11.9698517278,-10.4633016532397,-22.6317257981085
"CD151",-8.71379947522397,-10.2511749343032,-22.1088955990194,-9.9601346259203,-11.1424381242658,-11.2147031652496,-10.3457106310029,-9.79872071341866
"CD164",-9.55902985507178,-9.08237856468521,-9.34555061725089,-9.78733659291069,-10.0094404528265,-9.98316928552985,-8.85498826457194,-9.15549797381382
"CD200",-22.4422217945702,-8.91635898805776,-11.9070822830634,-11.7273829201776,-23.9529425855914,-10.6247241431494,-16.5708262345026,-9.83717547907616
"CD24",-22.7764138178576,-20.4896329507254,-11.4662884031743,-12.122701330045,-22.7943132008686,-11.6773911828198,-11.0305374401322,-10.6041200183695
"CD2AP",-9.48879517041513,-9.54122146456859,-14.0841624677886,-10.2203760605939,-11.7946768737099,-12.4577124381023,-9.67952191867483,-11.7593374086472
"CD2BP2",-10.1109760378458,-18.5140749760998,-10.8802489067154,-11.4721589404364,-10.6714897996126,-11.2064834956931,-9.39976074455653,-11.3410267932511
"CD302",-10.9649813979815,-19.896358337075,-21.5586530529556,-19.8795811370803,-11.0821258386212,-10.9023699993949,-9.42372375594351,-14.766092447384
"CD320",-8.58857880678867,-21.106669290388,-20.2124515153254,-10.2017978669755,-11.6268202575473,-10.9134628448977,-9.88973355035916,-9.60331440835174
"CD44",-10.2456482867284,-11.7415820844174,-10.2431169300031,-9.26152879468087,-9.94838660735311,-9.24829934416633,-19.5031495998577,-22.1259430113517
"CD46",-7.90718977252717,-16.7914098955135,-9.59800734639797,-9.75352489523865,-9.92156469703679,-10.0714946054753,-9.45030525822568,-10.0001974151618
"CD47",-10.5415189384841,-8.97929812290211,-8.70371131401532,-8.45171694319538,-10.3842163466541,-12.8719783529287,-9.76502320604035,-8.93573134850602
"CD55",-9.83870641579212,-20.4504871489649,-10.6292038720724,-10.8580228208315,-22.8434827283741,-11.827141264876,-11.10343513638,-9.29785455151707
"CD59",-7.35744751995419,-7.76414201678923,-9.19666001342967,-10.0311008049236,-8.47537847230721,-8.3959907153882,-17.8760108705577,-8.53326394554399
"CD63",-7.57587417436598,-8.4198441044307,-8.43880339309923,-8.48205190934356,-8.62476848490904,-9.18544928835799,-8.14828118174575,-8.35502606491047
"CD68",-10.4203763987794,-19.8412490748694,-22.7223264351527,-10.1760052254499,-12.5879618589425,-11.2229255967536,-8.23871681090603,-21.5223597095214
"CD81",-7.54902677813362,-6.78008984259214,-8.34657530280177,-7.03964295980104,-6.87374108528138,-6.84228222945215,-6.36882008279513,-8.36706608134302
"CD82",-10.3989692334625,-8.31019246739565,-10.7356742768607,-9.79523325421321,-9.6156539562853,-9.3799424602401,-9.48441725032342,-11.7285670509801
"CD9",-8.60865674781768,-8.92259030100088,-8.14001523896006,-8.82067098951195,-11.0787303690217,-8.87667604628769,-9.72454669164136,-18.3899494003268
"CD99",-8.39346112016426,-7.85545089999584,-12.4510016658214,-8.91435953347947,-8.14475397224206,-8.33070245884446,-8.8289296362012,-10.2317594561286
"CD99L2",-9.80428607041868,-20.5465131965882,-10.0993878449704,-9.19478776926139,-10.3814891670989,-10.1563614622655,-20.0210943165263,-9.29388554492425
"CDC14B",-11.1803398500756,-10.2496397468483,-10.4385007090485,-9.48302624949213,-10.4196707110619,-20.1928614691371,-9.23464974664125,-21.3620049985384
"CDC25B",-11.3782504130936,-20.1928812678207,-10.3191521227748,-9.76457120288285,-13.4420583929785,-12.6660487080779,-9.19291077669294,-11.3638866181649
"CDC42EP1",-10.5838803674524,-19.7100017923522,-8.98779938477602,-9.66299128034695,-22.0064466694729,-10.2872614581204,-18.7487820347769,-11.3447274358811
"CDC42SE1",-10.2214626515533,-11.7162904999412,-11.0056924509661,-10.4367544453358,-11.3455479297392,-11.3039196635281,-20.409286573819,-21.8452103437231
"CDH2",-20.5334420545289,-9.25748295715124,-9.65994494886027,-9.23683653166665,-9.62501187262161,-9.70456957113073,-19.1969034574558,-11.606989602963
"CDH20",-20.7909525867585,-8.57105407825172,-10.29923251542,-11.2013183792017,-9.91957247332408,-9.94161635926687,-11.7811923087733,-10.1106787003234
"CDH6",-9.75244512791737,-19.7816860576805,-22.9909832951785,-10.9058267918665,-11.8813259417748,-12.1633760292026,-19.3097101533891,-9.7960860091034
"CDK14",-10.0788155678429,-9.87087073366979,-12.7666761625418,-11.6487855618966,-12.1165708638238,-11.0014269352277,-10.8703762515905,-8.78014620517713
"CDK5RAP3",-9.81121180291286,-20.621922676343,-10.8156127521548,-9.27957962513456,-10.5563379372356,-19.027981489255,-8.85607754238678,-20.5561324220149
"CDK6",-10.9407685258421,-21.3338073461918,-10.5482315818804,-10.3356068071365,-23.2127370558693,-11.4340799038496,-20.7723045411979,-22.7526445282865
"CDKN1B",-8.74887097328766,-8.04416346450113,-8.74514095732698,-15.6903189656144,-11.8564097165325,-13.9166228563613,-8.81304217146325,-8.95904456111275
"CDKN1C",-10.3687084880718,-8.40304027622498,-7.86227994230785,-10.6653335823569,-11.2122856225433,-20.9703275538601,-7.69219354460249,-11.7458599882261
"CDKN2AIP",-22.2196359286201,-10.5385984456265,-11.9984805319889,-20.8615438462891,-12.3472275250836,-10.7520502643143,-9.82204979397195,-10.5636069908787
"CDO1",-20.8420515517824,-11.0548478153495,-11.047427068528,-10.488278471675,-10.9915513130989,-21.1392642434125,-9.48994910581176,-9.71394320103092
"CEBPB",-10.0526453275417,-16.6028507604966,-20.8604226178251,-10.4164253903752,-10.5281465401595,-10.2126641257312,-9.28658692479218,-12.875272494289
"CEBPD",-8.77497416900603,-11.3616443659252,-20.4976745038912,-12.5180584234812,-11.5458239992487,-10.3126437754768,-8.55381875723582,-17.9924428863386
"CELF4",-9.74562013257522,-20.3643225020547,-13.2811905792119,-9.72317796983766,-10.8622434296883,-21.6791751376285,-10.0753152986909,-6.9477049640412
"CEMIP",-9.93295930818523,-12.9719178824488,-23.2399112630241,-12.8669698605058,-12.511360990138,-11.6092058711091,-21.3211296384262,-23.0513000513614
"CEP126",-20.0827457927684,-18.5231503905591,-10.7006122606874,-9.8007991818946,-10.1408318523912,-10.9933212570536,-9.17590459106408,-9.10411195593881
"CEP295",-22.0174149045713,-20.2163948968299,-10.3232405122013,-9.74946163397776,-22.2183333290598,-10.8461528375459,-20.7829258561536,-10.8356312135559
"CEP44",-21.2522096314912,-20.8018228882118,-10.1823657610849,-11.9249162445846,-21.1603515022868,-10.9540656132851,-21.2489456087528,-11.0952083675875
"CEP68",-10.2107791456294,-9.86009831169073,-12.0911547913986,-10.162468856649,-11.5576251486316,-12.0699032101367,-9.22991409136769,-10.1629988578239
"CEP78",-10.0784590692074,-8.65181883075961,-9.72520164019645,-19.3318492409205,-12.483168198143,-11.6844188152871,-19.4914317734239,-22.3178630534479
"CERT1",-8.8806725339567,-8.62523215376326,-10.7663641664295,-9.60143821917369,-10.3102994684485,-10.748381159712,-13.8363034924787,-8.90148653343708
"CFAP36",-9.66625697018523,-10.6151451323834,-10.7488946034085,-10.4912489031746,-10.7052651251941,-10.0829600965205,-8.55437221437795,-9.9864822827733
"CFAP97",-12.123428631846,-10.114509118993,-12.1443312657424,-10.3472558392008,-10.4777305476509,-9.87968110639852,-9.34624508052858,-9.92983529821066
"CFH",-8.24393321146357,-19.5358353362699,-22.6575979527318,-10.9981380810158,-11.087893908331,-10.4049904989587,-19.2246639033552,-18.0917440901255
"CHCHD7",-19.9047494243607,-10.5281913260527,-10.3888290220913,-20.6326276671242,-10.9757314248966,-11.5832603530563,-9.20651225319171,-21.3864941967459
"CHD6",-9.30486208527991,-9.47513381493857,-9.62679913274299,-9.48669830489857,-10.1522533565242,-10.0219338729616,-8.96742607991316,-10.2541938198236
"CHD7",-9.27915159230325,-9.54808581176436,-9.63468353863971,-9.7218377572242,-10.5942385068073,-11.3819307384668,-12.6030572012463,-12.3796845132419
"CHGB",-11.5148668080657,-10.9934234182583,-12.3022022151212,-21.1116417867144,-12.5319525463186,-21.4770229967252,-20.0234487548607,-9.06126485867927
"CHI3L1",-10.917614132267,-20.1428648332952,-22.327690596225,-9.30744536608361,-9.5573865783039,-9.72803556541884,-9.00525573965015,-12.7377863191048
"CHI3L2",-17.4275445171059,-20.3778383166557,-11.2964448949491,-11.3942886350417,-17.753713256921,-20.995808992429,-9.99657338518713,-23.0731974005945
"CHIC1",-21.9351797860941,-8.88446787247489,-11.6298557546205,-11.8751884886654,-11.8913658969606,-13.3015779452979,-20.7257770098992,-9.39726966663127
"CHMP3",-9.12441510203184,-19.8514364438885,-10.6595639484098,-10.770039215028,-9.60788881699686,-9.37185668217372,-8.77915358012323,-9.61900428798399
"CHN1",-21.2411893169273,-16.1713866932403,-11.9281335610939,-10.4489441586888,-9.75228566809745,-9.95759515995031,-9.74203995191159,-8.34614899848252
"CHST2",-11.243763472289,-21.2617375880836,-10.3897258958989,-11.5508224422005,-13.08975170173,-21.2651445480655,-9.65119389420702,-10.9073096110882
"CHSY1",-9.69997009440765,-10.8170197055956,-22.9371306853727,-12.2349608418427,-11.780582879243,-20.830434466855,-12.3423750966991,-22.3912201103931
"CHTOP",-10.8305457659037,-9.48998654865576,-10.4105116433319,-10.5318545322866,-10.7596303635665,-10.6948937812348,-9.46039783683652,-9.73116373657295
"CIRSR",-9.44350269978135,-18.9705378671476,-9.81702301620163,-9.78378766226509,-9.72323937864095,-10.6440930075254,-19.3665233296538,-10.1623206588604
"CKAP4",-9.61602226511117,-9.12315048409086,-22.0855135291355,-10.9028909799608,-11.2959268601067,-11.3488707523834,-9.58572811833023,-9.43569939046318
"CKB",-8.68932439859133,-17.4783124370063,-8.15895724669294,-7.48957941884264,-6.45790321049915,-6.88734640722923,-7.05583051819903,-7.08532871994962
"CLASP2",-9.71590983548721,-8.85631082982538,-7.99614144835692,-8.52758466981699,-10.3989383660667,-10.0756999504218,-7.6753300428707,-8.4968554905906
"CLCN4",-12.0340108121041,-10.5052962879374,-9.50865883386644,-10.3932546350182,-11.0576512209942,-10.7212420780906,-9.59343388375834,-8.88437372601272
"CLEC2B",-10.0634718944022,-11.1954069917808,-13.1278667093406,-21.1941529405554,-12.7906815262741,-11.62782029159,-21.3585442142633,-12.0332079774601
"CLIC1",-9.05010170844259,-10.4667133790145,-21.4665805215079,-12.1595150783086,-11.6182654895867,-12.9687975523594,-9.07646763161151,-21.0860653210471
"CLIC4",-7.63277366357874,-7.64242354678727,-8.3784566955783,-8.44269193533406,-9.15973926916719,-8.44373032924344,-8.15256479005393,-20.8775331859778
"CLMN",-11.0438411576247,-8.85363419000454,-9.23683459537215,-10.5542660011689,-11.1226496706046,-12.4218917383561,-9.7528124128051,-12.6200922587526
"CLSTN2",-11.4896631666056,-10.2487274675836,-15.2268308458938,-18.0669381245837,-11.4537345581751,-21.9353405869693,-9.67829599682916,-9.00997132723589
"CMC1",-9.5498177795041,-20.9765535528902,-12.3069497137142,-10.5622103214164,-13.5699863978007,-22.2093463127851,-11.0961776505331,-22.6660399463414
"CMTM3",-11.1576062478927,-10.2455827501631,-12.5711570550178,-12.0635174001935,-12.0079532084418,-12.8002466006226,-10.5731056888263,-22.6281600392542
"CMTM4",-10.7356691443541,-8.87422875418377,-11.1997254919352,-8.99127835507119,-9.89687893054604,-8.98345915277967,-9.05104331132008,-9.7987600390183
"CMTM5",-20.572422239528,-9.42245687956485,-8.83220041510186,-10.0075210054413,-20.6644026965388,-21.0310266753835,-9.7768726847216,-17.662069496336
"CMTM8",-9.5967214906188,-21.4308231751512,-23.2948172336989,-11.1102017171463,-12.5578074909802,-13.6478872444073,-19.3285908890747,-21.7487021215463
"CNKSR2",-9.98103146681577,-10.2903520417272,-22.2917973583542,-9.66468729598451,-10.1744882438392,-10.6015322574892,-19.155060467743,-9.50367919350946
"CNOT9",-21.7928472371105,-11.97249315515,-11.3607189368233,-9.58135681239866,-10.9563182473499,-10.9605861331341,-9.09282247422035,-11.4831219811187
"CNPY3",-11.7952406310414,-20.3883771955773,-10.2444636995091,-10.3904984557139,-11.0297490636424,-10.3907481754126,-9.33811366818278,-19.3052058744999
"CNST",-11.4679758871335,-11.0930107924455,-12.4000480489179,-10.7536168594079,-11.5113000356133,-13.1974910330673,-10.6554202889371,-8.91612137966578
"CNTN1",-8.93954370041168,-8.17299141841201,-10.2477497512512,-8.50502863142172,-8.16307341787735,-8.48868362954898,-7.3390034731851,-7.20410737875062
"CNTN4",-22.4665529921381,-20.6818023040789,-12.2783635937477,-11.5538655777796,-14.9764451219547,-12.2403027306522,-11.1761011457139,-8.92640540337222
"CNTNAP2",-18.5724119967573,-11.6097155986516,-9.52136150731182,-9.70288454436994,-12.3919031504004,-22.1405112993177,-9.44154622280722,-9.40317218399669
"COBLL1",-8.70152044468772,-21.1074134046338,-12.9836255119811,-21.568964210416,-11.8307107813338,-10.5672731442954,-19.3548933212153,-21.0764914147357
"COL18A1",-8.70359577588082,-10.1498411412791,-10.3601968065626,-9.8371139051329,-22.9213807337201,-10.6910118625943,-20.8647715536178,-21.9908246048455
"COL1A2",-9.03860269086945,-19.9643180742133,-11.666699068271,-19.7138938041706,-13.3210612544409,-11.6306760223854,-9.8748164258669,-22.6015698396765
"COL21A1",-11.9013366079349,-19.4241800339823,-22.7147839195401,-22.3637860799078,-11.4052040487848,-13.3969235721738,-11.0966103130001,-22.7333281559363
"COL4A1",-9.128505577809,-14.4683057773082,-16.1398800553245,-10.7307006765551,-10.9225608918965,-17.6988975243859,-16.6120349085052,-18.8751227525823
"COL5A3",-10.1443042059178,-19.6787132568105,-21.4794996875989,-9.75336493328764,-10.7221668746654,-13.8140037889864,-10.9421711786094,-20.9265253439933
"COLEC12",-9.07219398065418,-19.8557995932646,-21.5793724145874,-12.0333310055492,-11.3302488249016,-11.2589291083701,-18.7807906586571,-10.1795896105422
"COLGALT2",-11.211250287203,-20.2192751636345,-9.63825762508928,-19.9318556317266,-10.6575771806686,-19.5382156522396,-19.0357455768803,-21.9796226362421
"CORO1C",-10.6047337537888,-9.91123648728151,-10.9988947291568,-11.0584501904552,-11.4689628565113,-11.8104601561261,-10.8380633016725,-11.070094261596
"CP",-8.47106275303795,-11.0465951965546,-11.6955649748137,-10.6867314583985,-12.2686207783762,-11.2855707835353,-10.4726830741384,-9.95429824520529
"CPAMD8",-10.5317848803619,-9.89752032417894,-10.2280139382671,-20.7161066982383,-10.3115667851421,-9.25738789512449,-8.84843423966118,-21.5372521308878
"CPB2-AS1",-11.2336067695376,-20.5774252566136,-10.9235189996658,-10.4894284943501,-11.6963502285,-10.4091777437292,-9.81470432580486,-20.7362595489123
"CPD",-8.97312035188027,-8.94802837408304,-9.15302963392925,-10.9941214655202,-21.7045161627135,-10.0320030811864,-9.52720761817752,-10.6704395363949
"CPEB2",-9.72062932323263,-9.67301764973441,-9.15526205141409,-9.2669950721048,-11.1734760925572,-21.2038353894588,-12.3036640287035,-11.3177106639201
"CPEB4",-9.51870123349756,-8.14357801127938,-9.67810450934562,-9.7109601118031,-8.76123880058681,-8.63673084081248,-19.4112893168156,-9.14759291870282
"CPLX2",-9.88924646318944,-9.98507583036695,-22.5661359926776,-9.49358336682471,-21.9733935946655,-11.3725233314947,-10.604879781955,-7.33155756465426
"CPM",-10.5067335365568,-20.0762776608854,-9.95209430611814,-21.2710698221242,-11.5086342251212,-21.5488119219723,-9.13023480782176,-22.0163733501386
"CPNE1",-9.79410386307041,-9.31115916872837,-10.576767691907,-10.5434811698379,-20.8133384079303,-19.5188119371824,-19.2684907769579,-10.68742346825
"CPNE2",-10.1903409015767,-12.0596903888636,-9.95158573288773,-10.3847817857769,-11.0654066257802,-21.5507657206552,-19.8709088059723,-12.7264917490563
"CPNE3",-8.79730404452924,-8.84743637581992,-9.94581115918002,-9.01784920668384,-9.81369893797774,-10.3221471669627,-17.0480729590498,-21.216792255094
"CPNE5",-14.8047775637609,-20.7575179150721,-21.142075896895,-11.4998456248941,-11.2085492593373,-11.5849751155817,-9.1076794910926,-21.2271506942237
"CPSF7",-22.1194349260555,-10.0711673625412,-10.8496103900666,-10.4013066559241,-10.4803948928968,-10.5894316645787,-20.5427470578651,-21.9728797501318
"CRBN",-9.75590982512937,-10.7548170169711,-9.96254209200741,-8.87350404355918,-10.7525372428255,-9.6533795811756,-9.04914598285654,-9.12443232021761
"CREB1",-10.4829810674532,-9.77470441867679,-10.7345649672622,-10.582536695412,-12.0577521267296,-11.4062055219063,-9.1743830146846,-10.9803353714394
"CREB5",-10.9023615639924,-9.65317184758847,-8.63078870777916,-10.3030066929086,-12.3569060783374,-9.09875120776121,-20.2536382509744,-21.1308462014972
"CREG1",-9.27966710553921,-16.8348377040562,-10.4155794221255,-10.1309714057203,-11.7055544421079,-11.7538707859939,-9.78817105199994,-20.8235306748375
"CREM",-10.0524502775466,-9.55377005733906,-10.8257971853349,-10.1871490636015,-11.3202046642328,-20.5642741522844,-9.32928582129279,-9.56111935750237
"CRIP2",-8.52308914581289,-10.5145945437149,-11.5296305673038,-10.8149095369043,-9.48917278856753,-9.07752851931188,-12.2194418327362,-9.95137843999288
"CRISPLD1",-22.7145307875608,-20.976168946625,-11.5045188077205,-21.2599646985191,-11.2170012099638,-21.6430863394081,-10.2317884217079,-22.6974768453166
"CROCC",-11.5557446512072,-10.4684482062764,-11.7952255183563,-12.0654667793799,-22.1835390335802,-21.8063958994503,-9.45605907299862,-10.7081452233501
"CRTAP",-8.81867059840426,-8.71458240425302,-8.70864051220485,-9.30359504732046,-10.2915531812235,-10.9643335431374,-19.8051764452657,-11.1760393636583
"CRY1",-17.7174313220642,-10.5558878895622,-11.6733753421249,-21.5062126450467,-11.3847827813493,-22.1758493706836,-10.2495498166371,-21.3929932487225
"CRYBG3",-10.2954334857953,-19.9668169085604,-9.91124986204489,-13.3103259517802,-10.3720520691559,-10.300807591484,-18.9420800074514,-21.533947432034
"CSF1R",-10.3762508952322,-9.70750050463501,-16.62457152077,-9.97926086737031,-11.0414486100753,-19.3042471557457,-8.07834539103457,-11.5883085406188
"CSGALNACT1",-10.6433105158558,-10.8918852034935,-11.4079462648855,-11.3515554796295,-10.8226498085166,-10.1529228041395,-20.462415628628,-10.6500698998152
"CTDSPL",-9.46156401417329,-15.9193154288684,-10.0550381181133,-19.5054484574054,-10.8795292354461,-21.072718874642,-8.69451740201643,-21.1909732824518
"CTNNA2",-9.82328555563475,-9.00001644851181,-14.0703742302592,-9.23890504283212,-9.58024332413301,-9.55828685815258,-11.871373431381,-11.4123775891823
"CTNND2",-8.6465202421821,-7.99470424474015,-8.41521520325333,-7.78536628145599,-7.81792731556916,-7.76324989876313,-7.4950168872609,-9.02826044177904
"CTSA",-10.1885791398272,-10.9186278656408,-11.5693479256535,-12.1633394868572,-11.0618893166902,-10.3198978468437,-9.28094827459023,-9.69717917656958
"CTSB",-8.36870390168678,-9.1008380333707,-8.64973780350898,-7.64523468154218,-8.4387964026612,-8.44390589190713,-6.78479116620191,-7.64796580636545
"CTSC",-9.82210008990494,-10.9603266609847,-21.7999319899782,-21.5949867509395,-11.5312497260505,-12.2907029361055,-9.43262722769291,-21.9995474327629
"CTSS",-11.2871265350624,-11.6835622874886,-12.8626179444258,-11.1651699056969,-12.1311238204481,-11.7658081906105,-9.47321254612628,-21.7520975546262
"CTSZ",-9.28956071965075,-20.2995539927491,-20.9638791880235,-10.8539056092054,-10.7335139251744,-10.4375510459481,-8.60576704690019,-11.399139104151
"CTTN",-9.62588762868673,-13.1711192407019,-9.36261270021981,-11.7163182398284,-10.5996894202881,-9.79183096420402,-18.1313412347864,-9.36018259939265
"CTTNBP2NL",-9.7472718131975,-19.7459016671362,-10.4381451769844,-10.9171287666273,-22.0660554351763,-12.1635107683469,-20.6308588135684,-11.7905352902208
"CUL1",-9.61565225377946,-8.71849490115118,-11.2607639492638,-11.1639935583784,-11.3151198495626,-21.4237908162821,-9.69370265757344,-9.47038140745006
"CX3CL1",-9.30598968267578,-12.8464538015483,-22.0220186510366,-10.7504266347058,-14.1880398839614,-22.7566861503067,-19.9878016910645,-10.307074478232
"CXADR",-21.7035197019774,-20.3921184736924,-9.63019186279991,-11.2247259081939,-22.1514375865315,-10.5325201585958,-9.64199300901394,-11.0947779872725
"CXCL12",-9.06059730450399,-20.6718817518879,-12.1876878960411,-11.7734268332129,-12.5815629284391,-10.2136785992137,-11.4346242832565,-12.5408125977384
"CXCL16",-10.2490720556296,-9.90400164795079,-11.6519337109339,-10.5943606835122,-11.3515250802237,-11.4971054556036,-15.8959468504949,-22.1008581057972
"CXXC4",-21.5330463133017,-15.4847281923358,-12.0677837426091,-10.1867930807162,-10.4661665643825,-10.7961554217927,-8.87962614315379,-9.23481797746449
"CYBA",-9.68794464529731,-10.0650692854189,-21.2236655397282,-11.2560210953666,-11.1021194554119,-10.9841565269033,-8.05071726245213,-21.2625316924829
"CYFIP1",-9.65875808708069,-20.3492352746468,-22.5106817498858,-10.2263170899205,-10.4292908354043,-10.4494205585574,-8.67564570557155,-13.553693337159
"CYLD",-9.37201019738278,-9.88028298363607,-9.44213624579488,-9.68022634637035,-10.7360548619374,-21.1429182858824,-19.9314348566958,-9.51763742397824
"CYP1B1",-9.59374385682264,-9.62960931782755,-13.9013081516523,-10.1137303636811,-21.8894163630338,-20.2948142386356,-9.54989105653908,-22.781266808753
"CYP27A1",-11.0414926282622,-19.0844832282645,-9.89573731026527,-9.75775134693464,-10.1513190749262,-10.3064077512377,-8.86599699217497,-20.2012599372722
"CYRIB",-11.6450200048561,-20.5324665069908,-9.52589974659127,-9.50882722660251,-11.9810828273952,-12.1412432182916,-9.18891735358198,-9.46100970813234
"DCLK1",-19.1869067265315,-9.24802269355273,-9.83016097761656,-9.83714201938312,-8.93982148013454,-8.72758548070618,-8.64242169893347,-8.09213576561123
"DCLK2",-10.9160539319614,-20.7476576716506,-20.7012066991815,-9.9048994429359,-9.77814919851471,-10.1082852486883,-17.3319224560105,-21.2098842960056
"DCN",-7.65102922754562,-9.87502295191887,-21.3125896610025,-11.1616079137369,-10.2350864779837,-10.1448233126523,-9.97402336262922,-22.1948640951388
"DDAH1",-8.6293327119705,-10.608444778668,-9.81407515910455,-7.97950468741721,-7.89580416140522,-8.56201378329803,-8.22850582217746,-7.95708699812566
"DDHD2",-20.4739690767362,-18.9853603379423,-9.54786022073794,-19.1354579043665,-10.1724959796036,-11.3738674552621,-20.3221352844137,-9.18098646134915
"DDIT4",-10.8489677398568,-8.720324029325,-11.1733101199175,-9.90142787854079,-9.93872067953695,-10.3399364998152,-9.22135249601234,-9.71332212110454
"DDR1",-10.5974982163981,-9.13040055405733,-9.07368635372711,-8.17613922773004,-8.31527237871384,-8.46520791843258,-7.80514663543275,-18.7578067052778
"DDR2",-9.77290334806399,-9.21753398921822,-11.7285356384132,-10.7999891186747,-9.60842372742164,-9.68926586847942,-18.5075123472735,-17.188047162221
"DDX3Y",-9.80327355564007,-10.3170754869752,-10.6524300691025,-11.4905636777776,-11.1426511805118,-10.5727609632957,-19.7852731580971,-10.4198260761898
"DENND10",-10.342426472665,-9.16642086952011,-10.4178441976907,-10.4192399568697,-10.9986395502826,-11.3942175627735,-20.661148615632,-9.90098218382316
"DENND4A",-11.9381404973273,-9.82032550448839,-10.4961377140637,-10.4385180820723,-11.2263129442212,-10.1273127456932,-20.5608716568948,-10.6663763765891
"DEPP1",-8.55204852752118,-19.728122790577,-21.9923270120882,-9.930370513875,-10.4003090477655,-10.2617054862374,-9.30388430642488,-21.3589550268431
"DGCR6",-11.569618512354,-19.7670668887136,-21.6904284013154,-10.3940490088749,-10.3302704786335,-10.9308532585432,-9.1899690340081,-9.6756036614004
"DGKB",-12.030943692115,-20.6126036438693,-11.3410153039956,-11.5409010709455,-11.1011918226878,-21.002918687172,-20.8030500813308,-12.6052375765549
"DGKD",-21.2902071297086,-10.9919537403155,-10.5223885623698,-10.6982106148747,-13.9376050756107,-10.3112388061868,-19.42020980575,-21.1378390612138
"DGKH",-11.4442107994576,-17.861772586932,-12.2991042132847,-10.3694597685977,-12.8956048641163,-11.829797831862,-9.82082101068777,-9.35272468954385
"DGKI",-21.3282088142882,-20.2245123613623,-11.8325808286683,-12.0630060121433,-11.2301370829825,-11.5354260316385,-21.0617471245556,-11.5749587477847
"DHRS3",-18.3490860601781,-20.3326187394757,-11.3373611155338,-10.1016219080438,-10.2453895168143,-10.753489751457,-19.8489983890405,-11.085445313844
"DHX57",-11.4754001137472,-21.5399505503379,-11.2579942336274,-12.2416683908256,-11.9466554557737,-13.4487816831335,-9.79681536355309,-10.8389255696307
"DIP2A",-9.56130848213484,-19.7105181897794,-9.87546952667459,-10.0458238445875,-11.7434838098702,-11.1996403894882,-8.70839896716778,-20.8146967855817
"DIPK1A",-20.6606245630648,-10.5713443928384,-10.1670896811195,-21.1199250626404,-10.8986471527503,-11.4630049760475,-10.4636904299987,-22.0963417878986
"DIPK2A",-9.99256054905126,-20.5722603436657,-10.6625310137874,-10.5331813537006,-10.9589325829085,-13.8471729279393,-9.25960298236202,-21.3824050129114
"DKK3",-11.5590324761039,-8.75073883929874,-9.81536033129989,-8.22574698822336,-7.37106571272937,-8.13585322021422,-16.3104052492935,-6.87680643175958
"DLG5",-20.0794469974433,-16.9055516131059,-10.9465284735365,-9.97240477864809,-11.0338141196422,-11.008936500902,-10.6657200234553,-11.0361761994984
"DMTN",-11.277687203754,-11.8146286810094,-22.1449115721592,-21.7392912853919,-11.5658177282867,-10.2489853906807,-19.9250320109314,-8.93413748678596
"DNAAF11",-22.618399261126,-21.341987305793,-11.6071241169555,-11.2822737560797,-12.0631134532386,-10.7417244323691,-20.8641077255872,-11.7202146768903
"DNAJA4",-10.6860727217634,-19.4787157225922,-10.4503229129641,-9.46549917317672,-12.7190903892915,-13.2408192690548,-9.28439077843348,-8.84217144972649
"DNAJB9",-10.5514904661762,-21.1710016739685,-11.8406667468893,-11.0523847225863,-11.0997750282023,-12.5563627433131,-19.0149836068621,-10.00334991607
"DNAJC16",-11.5844022393059,-11.2518118435472,-12.9637547317412,-9.38142168378758,-11.6450646766466,-10.7560720443502,-18.9225298527922,-9.9535230261488
"DNAJC4",-20.0940458588198,-20.9553912074238,-10.8309948742901,-10.2539893212549,-10.730349917751,-12.1713003035542,-18.7077750430814,-19.9912904100664
"DNER",-19.4807796939345,-7.07890962564481,-8.05221013092186,-8.61064784156559,-9.21022221014494,-10.5471737986455,-8.60968927662312,-7.24106054558192
"DNM3",-20.9895959605931,-10.4489992364576,-8.92877502872758,-9.28568345508986,-21.884273921379,-9.99812169782601,-18.2311170133556,-8.36146475452491
"DNTTIP2",-10.8507733244539,-10.4256654058388,-10.5495202286345,-9.82313010867781,-11.0759947031663,-10.8035524161512,-19.7086037602276,-10.6009162469837
"DOCK4",-10.1306026712074,-10.8924488963432,-9.362405189521,-9.37337484634024,-9.89035740561305,-9.65837375914957,-11.5904444320126,-8.76413966198039
"DOCK9",-9.4449741614562,-8.40901473125321,-8.86645498938114,-9.71394616500908,-21.1590412047766,-10.7471774791809,-19.1945036654857,-10.1705997550187
"DOK6",-11.1707295789433,-10.5039268793399,-13.1978087892905,-20.8500093019645,-22.8270392381751,-20.1170996443817,-9.64340623122738,-9.65691452463857
"DPP10",-11.0957310866912,-10.1305765786711,-21.0902359162372,-19.7413613738818,-11.7770122771826,-11.0738278137169,-20.5909260852754,-11.1412741600754
"DRC8",-22.3665511142341,-9.73559126014238,-11.0936158734647,-19.5550460424099,-11.5117073836639,-12.6010987867094,-9.38157607588451,-11.1874800038045
"DSE",-10.2588455174165,-20.7240708294309,-12.0370145864655,-20.9531299276018,-11.6893646365269,-21.834891678584,-19.9260143051456,-12.7082271755916
"DSEL",-21.4538834760715,-8.67981535820838,-9.59935063374444,-21.3479327135771,-11.3694696687966,-21.7313629847899,-20.0452930022079,-10.939137569083
"DSTN",-7.5214524631633,-8.50820069223694,-8.39329625178924,-8.86404437807193,-9.1291922793608,-8.74692893539883,-8.17871753363625,-7.58894737541219
"DTNB",-11.512934254253,-12.0377219867989,-10.884642845683,-10.4205693820984,-15.631200251902,-21.2480107262637,-19.6602115657686,-10.4059855530772
"DUSP1",-8.09871296834204,-10.5111209835072,-11.2322469513679,-9.42559209360975,-10.7740410735024,-21.7918433362451,-8.91629027066724,-10.7421216884854
"DUSP16",-21.5773447951478,-10.0284273602,-10.7435187420532,-9.67573748372432,-10.9927267214828,-11.8012471774608,-9.40113273609754,-22.4405612960759
"DUSP3",-9.45030048706299,-10.9595578503064,-10.9531459216463,-9.65800858298267,-10.857387455078,-10.3470207704049,-8.98746790870303,-9.02458511347615
"DUSP6",-10.4610692989644,-9.75094903005255,-21.5339700497039,-13.3311784375467,-13.67531672877,-11.9307965552312,-10.9364413598876,-23.0883860286578
"DYNC2H1",-10.2305652885897,-20.6965108851273,-11.1060439274437,-20.6315978047748,-10.2308439741251,-10.2324359568859,-21.1814069669928,-21.1398454947416
"DYNLL2",-8.43018271215716,-9.88717102242505,-8.26779022449502,-8.2357918785064,-8.83042885956813,-9.15020790505226,-9.62886078735443,-7.60466295083246
"DYNLT1",-10.344532664169,-9.73563933054467,-10.5283914943766,-9.42304239432195,-11.2127782570056,-18.177046043885,-9.30347424585105,-12.264784917967
"DYSF",-10.5203688504316,-21.6126054309065,-11.2853860466288,-21.5295351338007,-22.9489683526127,-21.0120726584818,-20.332618596865,-10.6159775880987
"DZIP3",-11.2917663165532,-10.2715855718896,-10.3330725675311,-10.6172389796385,-10.435726655608,-10.9694029403706,-19.4977601973419,-9.2762740513204
"EAF1",-10.5964272878722,-10.8489908495075,-13.2581566336528,-12.3111871859713,-12.2484173056356,-22.10178735443,-9.65415351961479,-10.5697223047527
"EBF1",-9.97949434509768,-10.5521674971186,-22.856193326781,-17.1089017788475,-12.0106629275053,-22.3194971945098,-20.7285114339375,-21.9291925896251
"EBF4",-20.4484718333514,-9.0157840240374,-10.7588745119085,-11.5171192785411,-22.2636177736812,-11.1182724064096,-10.6161796707036,-10.6380044628314
"ECE1",-9.24379137979883,-20.9657970304482,-10.5278313916189,-10.5923281036607,-11.2631938659789,-11.3215994430229,-11.6743494784493,-12.159958490974
"ECHDC2",-21.1941229963675,-9.47743206978951,-11.1542261837069,-10.4756284490585,-10.9529086572758,-10.271999551471,-10.3993080734833,-18.4065288042795
"EDEM3",-9.36281744040617,-10.1927979620806,-10.9961339526919,-9.87692117846385,-10.9508716391795,-20.4260247472124,-9.82017185643606,-10.8237700558714
"EEF1A2",-21.4369479122933,-8.66332387660155,-22.080630199527,-12.6834350824498,-12.7350292659928,-21.8553047272382,-10.85483839876,-7.87572142513454
"EEF1B2",-8.65337022179355,-18.2521922078101,-7.90729398386854,-8.93087049170637,-8.86458169226396,-9.11609288321467,-7.96683299413137,-21.0309293234184
"EEIG1",-10.1852306370276,-10.3401024455268,-8.76442018304291,-10.2046110557603,-11.1136776228707,-20.1296998400951,-9.53477841412116,-10.5125862027264
"EEPD1",-10.9292442339009,-10.6519700389538,-11.800911028806,-12.0014849178455,-13.2755565139208,-13.1092197464468,-10.6358452876217,-21.9567801802496
"EFEMP1",-10.6531256797495,-19.088384869446,-15.1942523523387,-18.3982400204392,-8.00681876708388,-8.53589142846442,-18.0928579429123,-13.1536016723511
"EFNB2",-10.2161943728938,-10.7307661015698,-13.2835510282475,-20.4873282586972,-13.0817494510216,-11.489478728663,-10.083122830273,-21.9601941376369
"EGFL7",-7.92752125655001,-20.6378149576797,-14.9264997440988,-21.8306607630222,-12.7176910043515,-9.88213542405797,-19.0316618604767,-9.32253599714566
"EGLN3",-13.1896329340352,-20.5405721662376,-9.56593246862206,-13.308069897196,-9.96364274469898,-21.3650744922608,-19.8780672982688,-10.3133139277137
"EHD1",-10.7669757007052,-19.567650213454,-9.96476593809538,-9.49788717286236,-10.6380017601128,-12.8996598818073,-18.8524337534763,-22.2085965871222
"EHD3",-12.4596512217857,-9.2955474353343,-12.0320077757461,-21.1986265146895,-11.5995804365275,-21.3094810139855,-11.3588160577012,-9.67077536250804
"EIF2AK2",-9.14415870746421,-10.0419507701329,-10.6989167742631,-10.7501718145138,-9.5340659043548,-9.45912845786472,-9.86158464967391,-9.47912994079007
"EIF2AK3",-10.2501790036199,-21.4157077003378,-11.3158419570189,-22.0031114002996,-23.6057318264593,-22.1796191292334,-10.3163587189719,-10.8474097608051
"EIF4E3",-19.2875605578434,-17.405850540094,-9.89262833338625,-20.6059544243754,-10.6462380248152,-10.469812981725,-8.66569910238858,-9.64887257139805
"ELAVL2",-13.9211006193522,-10.1004797557663,-22.3997702205419,-9.47972927267088,-11.6357090063544,-10.9916732468418,-18.1651336960568,-7.50178970022228
"ELAVL4",-21.0716298207282,-9.54543715741138,-12.2881086329322,-10.7285098803179,-13.1379945438328,-11.5433972686862,-9.19462472863346,-7.99862675865764
"ELK3",-10.0111653193961,-20.0379592984611,-22.2063840210174,-10.2884904967102,-10.9997970019911,-10.434140351527,-10.8472688403098,-12.3163796822472
"ELL2",-10.2881070006341,-20.7503820073528,-9.36457042987606,-9.2754723027687,-11.1352437385578,-10.7845631264696,-10.3897005682968,-20.0249534792488
"ELMO1",-19.7317785855297,-9.1647502093342,-8.78793005509743,-10.2144660246183,-20.6920136480636,-19.9847089020563,-17.1465935607807,-10.2434401190082
"ELOVL5",-9.7687679803345,-8.15561747199811,-8.65133462864892,-9.81245526297829,-11.28620637098,-19.0725734032588,-18.7911973650784,-8.49896898959522
"ELOVL6",-10.9575458104199,-21.2400628340138,-11.3915077952457,-10.5437517336878,-22.0415703225666,-23.0636664724348,-10.4728863997084,-9.8826222341745
"ELOVL7",-8.38962011453938,-8.88787198656583,-9.96545929015312,-12.4707896049683,-12.7243278883029,-20.2362839302714,-9.57848459034616,-10.2213281453535
"EMCN",-9.33374305043867,-10.8007776161407,-14.2161379203162,-12.3811376740621,-12.2443995892095,-11.2756368143309,-10.4779772508831,-13.0792120657901
"EMD",-9.62263804044887,-9.82138308293183,-14.6190871091291,-9.02622014416435,-10.0838643975304,-10.8198429077004,-20.1887965516573,-10.34867362622
"EMP1",-9.39905485019316,-10.8409657088476,-22.7133978063943,-20.6563173473721,-10.7837720163675,-11.2842314322958,-12.4160263472034,-21.6443113615125
"ENDOD1",-10.1936285436003,-19.2786929600692,-8.95936460312981,-10.7612478589685,-10.025008768955,-11.4168475201874,-9.08079919337698,-9.08806642221584
"ENG",-8.40128156277746,-13.5907877894865,-10.961572125442,-10.1493518793345,-21.6398298861558,-10.5982612098519,-20.5471895276266,-22.6108467449674
"ENKUR",-19.0761209453074,-9.17983812571398,-10.5113817567012,-11.1629281995329,-11.2969691475134,-13.5620345347375,-18.8296565969941,-22.1158235360149
"ENO2",-19.0782989380534,-9.90537394063474,-9.34384144598896,-10.7449273628219,-11.2491789224647,-10.9754011917006,-9.42256809754322,-7.91032805142878
"ENOSF1",-10.6566400446013,-10.5449565525016,-10.54661418356,-10.8882506660881,-12.6525367352827,-10.779643155346,-18.3473546129936,-12.4668540678887
"ENOX2",-18.7893353995044,-11.6945122335692,-11.7736960358444,-11.218357339615,-12.2536703464438,-13.8967575699692,-20.3341221981814,-12.8578046415884
"ENPP5",-19.8789171304077,-11.4726652154961,-15.0452554739182,-10.1799832463853,-10.9624237211821,-10.9435764723944,-12.3668668729045,-9.35038714283268
"ENTPD1",-10.3682231006289,-9.5525702675556,-22.0063990741401,-9.90361497636255,-10.8643948260992,-11.6366451302073,-8.1913966615968,-11.9848989388664
"ENTPD1-AS1",-11.7416799257934,-11.1571605078563,-11.6506314770547,-22.2631577682792,-14.1117988059974,-19.3422517230642,-21.8297601340658,-20.2495117884691
"ENTPD2",-21.0015375140171,-18.4950011550939,-21.464722488783,-19.5290519183894,-9.88208705262433,-10.209982271124,-20.2058042118713,-22.2157881411753
"ENTPD5",-12.445273305474,-11.4713968157991,-10.4435643565842,-21.7641976196993,-15.3612169619864,-12.1584330958441,-12.396851213063,-12.1826140865383
"ENTPD6",-21.276149979088,-19.562756129788,-11.3816227707252,-20.6547327121506,-11.2625472906667,-13.4755153539785,-9.34362411446445,-9.9194716749315
"ENTREP1",-10.1814660039174,-10.0021074568094,-22.0839427089604,-10.0643114930384,-9.969841187192,-9.87557067191078,-10.0626532616259,-12.5667774706119
"EP300",-10.15756226148,-9.7244938840688,-9.28803081884829,-20.2198130459902,-11.0785854231634,-9.19910956720376,-20.2129715288167,-10.9176430798265
"EPB41",-9.50381108532871,-11.5314756013753,-22.7065823850867,-9.90535370968139,-23.3481344145342,-22.7378790245603,-20.6603864936183,-9.56607113433178
"EPB41L3",-9.39166897694874,-18.595921630177,-8.53279196002728,-9.86957184912195,-20.8586748831041,-10.5626931807244,-9.49155974347935,-8.67292621830007
"EPC2",-9.72507628444055,-9.5112779747243,-11.0059616806422,-10.1342919197339,-11.8624172155849,-21.3434982657462,-17.2529637971816,-13.0625151951761
"EPCIP",-21.0707429124516,-21.292704749978,-22.5509334075613,-11.189848884087,-11.4647622832265,-10.592708431176,-9.79277782556769,-11.5940513778306
"EPDR1",-10.1423387649647,-19.6151491265775,-10.7720714959246,-12.3918413084351,-11.5917847941843,-19.5550371435983,-19.5861075895448,-7.82836566729959
"EPHB6",-21.6587969717269,-19.4249120081815,-13.0833707986855,-9.76984795738507,-11.2059622032208,-10.3118511640998,-21.4531632557028,-13.9339783212444
"EPHX1",-9.61677880158934,-10.8291608947424,-19.768608314479,-8.92080247446069,-8.65045661127689,-8.86020213244897,-18.1315901326319,-9.20239691987046
"EPHX2",-20.3295853427032,-21.1490863367021,-22.3458968535017,-10.1302000616813,-10.3215579701764,-10.7631295199608,-9.63273005035479,-20.892759522849
"ERBB2",-21.621816226405,-20.5767045533853,-20.2272818552249,-10.0003127526844,-9.92145637832937,-10.4266073901178,-21.1301256573356,-22.263381683231
"ERBB4",-9.6875631172452,-9.10994518657146,-10.5194938448101,-9.30298774869462,-10.2338263647248,-10.4488315271834,-10.0401421758989,-10.5919186291268
"ERBIN",-8.0455816807238,-8.01519135986603,-8.00197909595209,-8.73582728829166,-8.18256792943981,-7.8689055299436,-13.9115509752543,-12.4468371853064
"ERC2",-11.5940066987178,-20.214222982341,-11.6020882512025,-20.1912304482484,-12.4064982617244,-13.4641745760116,-18.6060296957705,-9.02844366418563
"ERO1B",-12.0055226827422,-12.0195754708937,-11.8643459894382,-11.4612632407031,-13.0357298927791,-10.8323226877734,-21.2503855807207,-10.9760208034085
"ESRRG",-13.7311778302025,-11.0895413964035,-11.6189740750191,-11.6927052855317,-13.1224667088797,-20.780326854262,-21.0813029580733,-12.07653559231
"ESYT2",-8.79168393460013,-20.1121578534461,-21.2201680026576,-9.96891858135015,-10.8945229351787,-10.0410146609758,-9.90898537827739,-10.8596132103003
"ETFB",-11.3663794224999,-9.30229792157871,-9.55926695772898,-9.02444915464736,-10.235256702604,-9.79554237475622,-8.44383064795312,-10.3975140550702
"ETNPPL",-19.7100127596504,-19.1036547060631,-20.591927861299,-8.45674673224173,-7.96042320015387,-8.41032148810248,-7.63000536786002,-8.74039281851779
"ETS1",-9.45963183508501,-10.5655597246262,-19.3632464247734,-21.3579907701242,-12.1664316391032,-11.4097262730001,-20.5522775049928,-22.5915691186183
"ETS2",-7.57214773990597,-10.1942820583359,-21.4214210246452,-9.11656319503296,-10.8209421478581,-11.5693674446604,-19.5133948470654,-10.5848682657519
"ETV3",-11.5596305918957,-20.9506987611098,-10.9202891112466,-20.4115619446308,-12.9327921541573,-13.8873823615686,-20.4619800300964,-21.1947662459314
"ETV5",-10.516720353491,-11.1549499262958,-10.7781925896204,-20.1565205421726,-12.8809308764996,-10.8388710721821,-8.88882780201306,-22.5093871546368
"EXOC4",-10.6042927515966,-19.3762188376731,-10.8546194889316,-10.286221639982,-10.8895759156329,-10.7876030919688,-8.71718015448302,-9.31238364447099
"EXTL3",-20.8434384261251,-17.8943770290894,-10.9297905877917,-19.1471764639055,-10.8215559002795,-10.53452694398,-9.75394178000333,-19.9345028042544
"EYA1",-20.4877090769929,-11.3389390779669,-23.4068364351683,-12.4345912938309,-11.9311264229981,-12.6891327615643,-19.9270864728726,-10.3403325683909
"F11R",-10.085640736935,-21.0954419553328,-21.8870975592741,-10.728456166739,-12.6270681721756,-12.2314035110968,-20.9131268680064,-22.6872176563545
"F3",-9.81061157903212,-14.0884965165363,-21.0845189655512,-9.91624716533531,-9.79478673838343,-11.4793840003203,-20.0951430817388,-21.1927163949778
"F5",-21.4017058441709,-21.5912470145457,-11.9590234169759,-10.7192678027644,-11.5088676366978,-13.2568690711062,-18.1784698541293,-22.2554624962788
"FAIM2",-20.4360818313298,-8.82197246614901,-8.92175407306697,-9.6724576572597,-9.62657497009545,-10.591350532045,-9.46397891830579,-8.08435184621627
"FAM107B",-13.0612114178997,-8.7772737623343,-7.63650558108918,-9.55169977635664,-10.9144936298331,-9.69631609740184,-9.0434365582993,-20.4537362292344
"FAM111A",-12.5183882633465,-12.269418965468,-22.1752685023643,-22.4062016378543,-14.6648222874296,-11.6508400678448,-10.3716487175663,-22.3135784727351
"FAM120AOS",-10.4587799851667,-9.70386981266189,-10.2945899985034,-10.6875267969789,-11.0753680257977,-10.0466779487574,-12.7778007809102,-11.1534222328863
"FAM13A",-11.640244620132,-9.51702776741831,-17.9476994577517,-11.5833736361917,-11.1611996475662,-11.5971817898314,-18.4060177984883,-22.6516603778884
"FAM149A",-11.6665214039616,-21.2253240453388,-22.6107605429073,-11.6949723299258,-11.5300815543779,-21.5839088094975,-21.2695511930692,-22.6597841743618
"FAM169A",-11.3824605677997,-11.2260131895558,-12.1044909862268,-10.0330113228652,-10.3830008509375,-10.8386087214406,-20.2443281744075,-11.6349066834781
"FAM184A",-10.9879752560705,-19.267825628656,-14.7276233955199,-10.1578360820075,-11.5900808238929,-11.2180870790766,-19.773088124163,-11.6413634154447
"FAM222B",-20.917575636828,-11.4260966594401,-11.7812942792487,-11.0250810326952,-12.7483936958662,-10.9534229950355,-10.4315957876475,-12.1680542043245
"FAM241A",-11.2856446279305,-21.2836671545194,-10.7991457734874,-21.5129115671286,-22.8313860940158,-22.448329597203,-20.2664748634062,-22.8429585691822
"FAM89A",-10.2204082117084,-18.8632684133775,-22.348065491131,-9.98180541501365,-9.78527064158349,-9.54024221787981,-9.33460663976735,-12.9762717595445
"FAT3",-21.0943417711994,-18.6497530981046,-10.69469529963,-9.77745549616465,-8.86556584725769,-9.14054701590487,-9.88778350996835,-12.3906598650496
"FAXDC2",-9.79148845879219,-8.88737575800707,-8.89030297458111,-10.1191506136965,-10.4961157102765,-20.2846001235816,-11.8601794521675,-11.8500928758536
"FBLN1",-9.34908036240239,-18.3812139787087,-20.094413191266,-12.4549333267079,-10.5823471940764,-11.9364152937489,-20.6651965815391,-21.6513573118809
"FBXO3",-10.7281129855975,-19.5461361404726,-10.4011143118293,-10.7569214059741,-10.0781905873666,-20.1696617065802,-19.7768662439632,-9.61172520982751
"FBXO32",-10.2576258773467,-9.93324893810797,-9.46027419459879,-9.67904664015314,-12.4476836945935,-21.1090099964631,-19.6907070383595,-11.6157127296625
"FCGR3A",-10.8681244862324,-20.832673632041,-22.259669509608,-10.0718125166872,-12.3865464925524,-11.2336323678861,-8.62938485977675,-22.3397687290564
"FER",-10.6548886176277,-18.9473749958256,-12.3596604933552,-9.61685099990533,-10.414205953665,-10.7614187722707,-19.8707895524983,-11.5322446885877
"FEZ1",-19.1138810191492,-8.23048970742577,-7.0697097930339,-7.71381485706776,-8.32920113546554,-8.31305378357524,-8.69503705910512,-8.60233764820987
"FGF12",-21.2257825614253,-8.86210249660273,-12.7922977910044,-12.7079078114209,-20.1180849992118,-10.5631849534978,-19.209320988982,-8.36597055104814
"FGF2",-20.2186402433716,-19.5710314019433,-11.0438342571254,-9.78607868893827,-9.1723753808023,-9.71507187706771,-8.90576565729843,-9.22979937227258
"FGFR1",-10.7075882677931,-9.62230392755978,-12.0186031947046,-11.7730905003328,-10.0325457192488,-10.5720827479052,-18.6646749187367,-9.31140460989233
"FGFR2",-10.8589582195555,-9.80790931963736,-8.25175789757081,-9.23282601109696,-9.98854887883286,-16.432459158989,-14.1921119925488,-21.2798050156859
"FGFR3",-9.81614433062162,-8.37880719412597,-19.9705242059222,-8.13139504043316,-7.38680567009954,-7.59886167283624,-17.9669230619329,-9.78784918971995
"FGL2",-10.3242364373673,-21.2372731381683,-12.2581027326326,-20.5322548864148,-23.5859386399498,-11.7963308665834,-9.09331283486541,-11.4199071321701
"FHL1",-9.663641048053,-8.08914755172579,-10.687137782358,-8.91174042770274,-8.97481247777792,-9.7052767895003,-8.59451678261282,-8.68604767246774
"FKBP10",-13.4749454163108,-20.982130597527,-13.2795771550858,-22.0484844484705,-11.7415622458154,-11.4104772856937,-12.5741651098276,-11.3633412106006
"FKRP",-11.1102758627354,-9.20380164793187,-12.4887705765934,-12.1748705543071,-11.2821063485651,-10.9457220209126,-19.9311712898183,-11.8274657117476
"FLI1",-9.25082755820466,-12.3710698789379,-22.0476644827621,-19.7008502958288,-11.6312012360537,-11.3075640862992,-10.907807022588,-21.2568774435919
"FLOT1",-9.07582284353029,-20.427864861217,-8.97658509264783,-11.9213716561461,-20.6123599045879,-10.8370376600016,-8.87311204495679,-9.08717640457927
"FLRT2",-10.4079387401572,-19.9705281267217,-13.9733907782855,-10.2630753380212,-9.80632979664618,-9.98192233267854,-10.9823353524787,-11.1952882174421
"FMN2",-12.0377339295716,-18.1426059201273,-12.1517414227973,-10.2345752613974,-9.29749525404182,-9.41336653899842,-19.2226290774695,-11.3551232211423
"FMNL2",-10.3620763680729,-9.91292186419961,-7.19242165974985,-8.24954600452483,-8.97316421284959,-8.3995971598288,-8.11115991060252,-12.1744457112044
"FMNL3",-9.71241407358389,-19.725319473281,-11.736697893337,-19.9769082919403,-11.41885062767,-11.3736188117661,-8.88300026456661,-21.1530691783205
"FNBP1L",-10.450036263085,-9.44442747535162,-21.0753487987838,-15.1055244633168,-10.3301791657875,-10.474855113198,-11.9964283171877,-10.2748954376792
"FNDC3B",-10.2199408546004,-9.63134830486393,-11.6918986736684,-10.2654911270131,-10.7235223927296,-11.4308877583273,-10.1696940780154,-10.788881895108
"FNIP2",-22.0070611025544,-10.8213302566184,-9.25041392199386,-9.52438868033911,-11.8089954473935,-20.1389696167274,-9.24606186622828,-11.8814493927589
"FOSL2",-9.55239123530347,-21.2129586845234,-19.2023964556302,-21.0109646598492,-11.8205583973833,-10.6240483509581,-20.4571597314548,-21.6380722109156
"FRMD3",-10.1716306503823,-10.6802170057042,-15.431574712967,-12.6828224653206,-11.6417810275502,-9.87507626993752,-20.7123302806285,-22.5250213613563
"FRMD4B",-21.1612784322942,-9.70835501750126,-8.96056974030374,-10.3419424907849,-12.5357712662246,-10.5068320093537,-10.487926248637,-22.5663538578084
"FRZB",-9.17456660780342,-20.58076483397,-13.5389816013642,-21.4960957022366,-11.7279491125873,-21.1201987549458,-9.84396087988152,-21.5107710383453
"FSCN1",-10.9314708262935,-9.61624538349531,-8.86918785717749,-9.07825518822847,-11.9437587138284,-10.3472979678513,-9.80491547189328,-9.88467085339806
"FSD1L",-10.1646815794963,-19.2071870754596,-13.7101671946425,-11.4475523745891,-10.928120569479,-13.3401805354561,-20.8427185704933,-9.19716963881046
"FSTL1",-9.17210858297222,-9.69916183768724,-22.5070019909404,-10.4027558473922,-11.1123130188717,-10.8601454347386,-20.6044643963435,-21.7031748096368
"FSTL5",-21.433297975406,-10.9838278464525,-20.4264010689257,-10.7757678698404,-10.7136521854483,-22.4943637578467,-20.7589808766036,-11.4095295639891
"FURIN",-9.65050603887974,-20.5373672253299,-10.7653607949834,-10.8357051601238,-21.2740870211408,-12.1754142602849,-10.2564317571191,-11.3749614329572
"FUT8",-10.622559456631,-10.2424599990722,-9.43179146768627,-9.98761715766213,-10.9887562736577,-10.0812883022986,-17.2198528213792,-20.8159095998459
"FXYD5",-10.0137477359906,-9.84994332023507,-12.1146051750781,-10.6257409684337,-13.1350317881,-21.5708566147557,-10.6859982841646,-21.7191320123884
"FXYD6",-10.5137460167721,-16.7959630200696,-10.8395466823166,-16.0112068489559,-12.5059828368706,-10.9908105523508,-9.83407155531559,-10.305931293975
"FYB1",-20.3018769016212,-20.8475871304851,-10.978988892306,-10.0473547661999,-12.2444449625101,-10.6404145318447,-9.25349286662318,-22.7842883805171
"FYN",-9.2718778658659,-9.90096318284243,-9.08491388088188,-10.1091756386382,-9.23452965347414,-9.6285174974086,-17.9804183372022,-8.95989127644912
"FZD4",-10.3795130635537,-21.2869710977381,-12.0819161936849,-22.3678740302164,-12.9732368777847,-18.8260020896008,-11.0627505979229,-22.5596590761039
"G2E3",-11.8294977632483,-20.7992899404117,-10.1522769680926,-18.4341510304238,-23.0787735759322,-11.3820498747303,-9.92679125264489,-10.5242107149579
"GABARAPL1",-9.78730018466899,-8.54991270011946,-10.7964549443266,-9.14434497499643,-10.8942114279001,-10.1495461754555,-20.5400919289282,-8.26982611138153
"GABBR2",-11.009616263585,-21.0665259940241,-22.4121629827509,-11.7636478944081,-23.2005714748754,-22.7635759862106,-20.2600974735639,-8.62377544834369
"GABPB1-AS1",-10.0667136746873,-9.41944643110207,-10.1444819728758,-11.3508788842292,-10.9620913761466,-10.0237594970782,-8.89205361552902,-20.4732995511146
"GABRA2",-10.8116344365718,-12.0421515081478,-10.7077453648335,-21.207314396002,-10.710675891973,-12.3140551275918,-8.6086235709866,-13.1254658350677
"GABRB1",-10.9385868308599,-9.3057603125282,-21.4827753429356,-11.0600883678514,-10.3864587520272,-11.7961582810419,-20.8836505290477,-9.98405989374936
"GABRD",-21.5397686270871,-19.6404007926324,-20.7962354712803,-10.4189977643336,-10.2667941695943,-10.8366231501383,-20.2255292378882,-12.318554791989
"GADD45B",-10.0993453250756,-12.3380983845512,-12.5902774789453,-10.5815313996332,-10.5413344886191,-10.4820851614435,-21.1035405445992,-21.1343587822141
"GADD45GIP1",-9.25943392523988,-8.24607979565269,-11.5033683644003,-9.5559701272184,-9.47973103817405,-9.59179651064098,-17.0288583842823,-10.8104635369699
"GAL3ST1",-9.48045702833824,-10.4008039448264,-9.7866760760884,-10.5640479049949,-21.782879306527,-13.028685379985,-17.8464939551245,-21.6386991738255
"GALNT13",-11.8312590354066,-9.22696419717806,-11.0484928357095,-21.2255318069458,-11.3707125409607,-13.090007010334,-12.565244023448,-11.5262281876389
"GALNT15",-8.92959182422315,-9.68221064053372,-9.34437599184846,-8.969026906206,-10.2389816168134,-9.79230909330234,-9.72206808740582,-21.1936682031171
"GALNT4",-14.2644853235593,-9.342041084424,-22.1757094705861,-22.3992773727156,-11.2257525024174,-11.0246077517364,-20.4934265360347,-20.4061013919077
"GAMT",-9.94493393410965,-20.0862098478179,-9.76091432569,-11.4836140674608,-10.0631891511728,-10.2121850403952,-19.4504570042143,-9.49632578784577
"GAP43",-9.86158145546734,-17.7299027990021,-22.122334172602,-10.533950013791,-11.7477000248679,-10.8551519599984,-10.5451607095867,-8.61885836347188
"GAS2L1",-10.5640816818019,-9.26771633324912,-10.7255671903687,-11.074197262039,-10.2388287963303,-9.77256811638608,-19.6575082391013,-9.78980031479663
"GAS7",-10.4003290751598,-9.35607702890358,-9.11157230709949,-9.22003671812366,-10.4878549327804,-9.72780252490391,-9.71796132545414,-10.8096167919245
"GASK1B",-10.287552457424,-9.61525954452481,-20.9797840933598,-11.215861175235,-8.92351704862852,-8.97116019331597,-8.93864488584481,-9.48775776802306
"GATA2",-10.4616325352717,-10.6941307565799,-14.5563106139327,-22.6308010917588,-23.0038668511981,-22.6565985911589,-21.8274094712177,-11.8591655920877
"GBE1",-21.1043293703997,-19.7564732644237,-10.7381667267265,-21.3337115417532,-12.3429970571547,-21.1633749155971,-12.5958163633695,-8.92453593868532
"GBP2",-10.7093155129046,-13.3741698336895,-23.0076817037278,-12.5533823305156,-14.2899945817864,-11.1472301237271,-15.3437401069137,-11.8204500637011
"GBP4",-10.1529392592003,-20.939922554239,-23.5328694546557,-22.4986134155797,-13.017735068118,-12.1629172589199,-21.2312155723598,-22.5438005480531
"GCC2",-10.1842868309159,-10.2579472993089,-9.8771476231797,-9.29686799794398,-9.64651492297561,-8.9244005767488,-19.4446906383695,-9.00551058946872
"GCLM",-9.21003647754492,-18.5229201540674,-20.2403715969838,-11.7305347030839,-10.3905408687571,-20.6778124240419,-8.00469202836683,-8.95349810420903
"GEM",-11.539790609989,-11.6702573268783,-23.3916511826028,-20.3372154797456,-12.6058897537399,-22.7140268262869,-12.1086822846177,-21.7448747497594
"GET1",-9.22056387907291,-9.28880608461993,-9.07504530445387,-8.76276096854428,-9.77826518306827,-9.07695828132101,-8.68352099574863,-8.85978820818374
"GFRA1",-21.4107635934794,-10.1152122764518,-21.521210310953,-21.1129625503851,-11.9715762530401,-22.7754591942796,-20.1413101710749,-8.31275543499718
"GIGYF1",-10.5410997150551,-20.7047023573757,-22.1631364369795,-10.9572165970553,-11.5923749202517,-11.1950072077447,-19.244244791084,-22.4392136354402
"GIGYF2",-9.23173548596321,-9.52161352640668,-10.6371173158711,-9.52492565617084,-10.320701795218,-9.1228957683881,-20.7651149973639,-11.1013264602895
"GIMAP1",-9.58801420499651,-10.557074189657,-23.1689941622836,-12.7260753301597,-13.4843230545404,-12.5149467099024,-11.1112809977654,-22.5243228542652
"GIMAP4",-9.02262722201794,-18.6833095065696,-17.8183838239265,-18.6635450484271,-17.0895854507643,-10.5600393685017,-14.9061249628274,-14.7525471898134
"GIMAP5",-9.51966525545308,-18.7950720964222,-18.7269268147427,-11.8686602979913,-17.4328784143742,-12.1638202495663,-9.95383324515511,-17.2831658499332
"GIMAP7",-8.89889958188543,-21.3037406136152,-22.3714684223003,-22.0285104291776,-11.4972042159749,-10.9947622686526,-21.0679198909157,-21.2300423389212
"GINS3",-21.2725158879858,-19.6686354939459,-19.4079736161141,-18.6711935139218,-10.5693207323954,-10.9107376068481,-19.1390875137112,-21.4353750806334
"GJA1",-17.980981311518,-16.8001386733054,-20.0533751716492,-6.86284895446022,-6.193683556601,-6.52852241333334,-16.4288502887174,-8.15406200493613
"GLCCI1",-20.1681554652777,-9.30364995896213,-10.7506383959557,-12.3171257911344,-12.5820349265072,-19.8859572658047,-19.13672044028,-21.6998283788955
"GLCE",-10.7771524663823,-13.3034404361436,-11.2198924573664,-10.8955514942828,-12.4602389580157,-13.5030648064549,-21.2110416804125,-11.0611816772474
"GLDN",-20.6135985683501,-18.8284473549468,-8.61153267774045,-9.46720289297743,-22.6092338733965,-21.6032444670727,-16.6979595609146,-20.5000849884113
"GLS",-10.7466556114891,-21.3528336570677,-21.5401734645558,-11.4726862993143,-11.33126702858,-11.3411743511731,-9.98531099891011,-8.79897133383262
"GLUL",-7.42966398697238,-6.30085226766207,-6.73384815612922,-6.78203650365669,-6.66183321171173,-7.17378313967855,-7.2428363830723,-7.50230787835058
"GM2A",-20.3142295292212,-20.2079997146679,-10.4428619582502,-9.56389513636329,-10.3460432724557,-9.90819579823573,-8.14418306278161,-21.9800710764213
"GMPR",-20.3022957408855,-10.4436099238152,-10.619844721774,-10.796450185393,-9.91948322385801,-12.4663347899763,-8.92406467582562,-22.0915012178411
"GNAL",-22.4038284712442,-20.5937221130061,-19.7822403064355,-21.5507022230663,-12.9812760790737,-10.576265043026,-9.12305397120603,-9.47451605275197
"GNAZ",-11.7428127978703,-9.8316269473535,-10.1006058931742,-21.1575940229765,-13.1510876048782,-11.4842012767419,-19.1416387042121,-9.94326102133191
"GNB4",-10.4269435083007,-10.8122979914656,-21.4384053004559,-10.7609217095821,-10.8678186410245,-23.1170362802065,-10.1796743680517,-22.1357233135289
"GNB5",-10.2608359200081,-9.18149883850013,-21.016755481584,-10.8613545887898,-11.622741083649,-11.6169211817062,-21.0439140123135,-8.71559332179701
"GNG3",-20.1154140555152,-11.0562815880482,-22.0964666147322,-10.0808648912017,-11.5319253470565,-21.989495395556,-19.8398148689695,-7.80573159770801
"GNG7",-9.60947082487017,-18.5643861748549,-8.45168553508113,-9.35552857054491,-9.88053756122491,-9.4752295344585,-10.755409178218,-20.3520220547565
"GNS",-9.74598575507213,-21.0071386772628,-10.3395626891762,-11.3243396084006,-11.3388702327517,-11.1723488700015,-19.5676181251751,-10.9071347670881
"GOLGA4",-8.36158570427944,-8.36977740667461,-8.61385354362243,-8.56433428263905,-8.88662596470147,-8.55629123588992,-7.72002501467353,-9.63023296458039
"GOLGA8B",-11.5521134664997,-11.6421847416026,-22.0149835467201,-21.8515682404573,-11.733141743427,-12.4778386192294,-10.5059772194328,-11.6029514396074
"GOLGB1",-9.27372011985097,-8.1305818569505,-10.5453911494284,-9.3367892561919,-9.02314153425766,-8.67995005685705,-8.18631121808613,-9.14552056419236
"GOLM1",-9.57320589108328,-8.74844260631739,-9.45245836242111,-10.4764211926986,-9.52793493907261,-9.56841035252135,-9.26436980972525,-10.4494228992429
"GPD2",-21.2190521839523,-9.64803745143307,-20.5390448836412,-10.0151019264356,-10.320532248587,-10.1600187868553,-8.92360656740865,-19.9546828948452
"GPHN",-11.2041811232248,-9.95172845767367,-12.480573872132,-11.5044678761156,-12.1935886798652,-12.5323085610475,-21.2783750892717,-11.3183903267112
"GPM6A",-8.55991969642008,-6.56966825346573,-9.57089119651761,-8.07518550062974,-7.44267521562081,-8.10826572186801,-7.44141403014714,-7.26754240038224
"GPR155",-10.9022713374926,-9.47603187809425,-19.481602842076,-17.5582468210724,-9.5538971508189,-9.48952467712163,-9.22242866560202,-9.39598587685717
"GPR158",-10.353611082323,-10.6526073481526,-10.678331624401,-10.8344324291881,-11.2565946183007,-20.2636342966067,-16.658043901777,-8.9853837598718
"GPR27",-10.811502944605,-10.9258063859025,-10.5110329459287,-10.8093045059245,-21.3104466297359,-12.9697279757721,-9.73103031150043,-11.1614586392494
"GPRASP1",-11.3414298396691,-10.6596105686992,-10.9593812130553,-21.8345258628467,-11.3873573930258,-10.7562166435291,-9.00705510717148,-9.2947755874625
"GPX3",-9.97135130782912,-19.8534077052569,-12.6602990811317,-21.1649439074552,-11.9689131929156,-11.8564226167092,-9.31042776113467,-7.94097053324675
"GRB10",-10.6124079020496,-9.61881252272252,-10.6193822093032,-10.9898466339006,-22.5424219751461,-12.0784523520631,-20.1058458736472,-9.89388719168958
"GRIA4",-20.8066141973914,-9.60831882236236,-9.62518090453227,-9.22728521711795,-14.3905003843563,-18.7820552755237,-9.95068321808349,-8.93741978544774
"GRID2",-19.5899583823041,-19.0722082103237,-14.8325668783023,-9.67890606186685,-10.7387861659205,-20.2729919799305,-19.1544802830206,-13.1074664825638
"GRIN1",-11.1256382730918,-21.4424984761259,-22.6841055203241,-11.3910929527744,-22.7025002385891,-11.8781073424669,-17.6902799637827,-8.26906498506843
"GRM5",-20.4663025901322,-9.3184259779711,-21.9337370114234,-10.8902987733474,-10.9636389638908,-10.3351283695798,-18.233589378744,-10.2482386602681
"GRN",-9.29882445150134,-19.7399859014394,-10.3817031205425,-10.9833251508633,-10.1277817559399,-9.64003235464571,-8.18655594447836,-10.037584817392
"GSTM3",-10.4027865676977,-8.81522613617075,-11.2517803109699,-20.6484716153473,-9.705844958053,-10.2013983750961,-18.7575108561439,-11.6427816948446
"GUCY1A2",-17.9383873827529,-10.0446233273382,-11.4582947235678,-21.5388814947373,-11.0339297980482,-10.6289573979727,-10.3195151786804,-9.59601685083519
"GUCY1B1",-9.18905324221192,-20.9093592750174,-22.1943555887927,-10.0847386611437,-11.1559009171129,-11.0823611167215,-9.73052453604692,-8.00065872970791
"GZF1",-9.95009522873011,-9.80957428843545,-11.4175630550645,-19.2260300529235,-11.1709705977284,-11.3661788919884,-21.1748137766735,-11.214596032529
"H1-0",-10.3276818549127,-10.5573737205268,-10.7673177714279,-12.5836538997309,-11.3884686641158,-10.1104242408299,-9.5626254375354,-22.579614756895
"H1-10",-9.32482967315117,-19.4400945642183,-9.45817160978884,-19.4867118118915,-10.9375160793819,-10.3486482976927,-8.68119153888446,-9.61703523862184
"H1-2",-22.6177793307095,-11.629045710654,-11.0035651420152,-13.2184092410257,-11.6958558287044,-15.0852292295421,-18.610457549347,-10.7013956225192
"H2AC6",-22.0580766615424,-9.96508172833353,-10.3638594128171,-11.057216305638,-11.4781842678564,-10.5964960782007,-9.39714638073225,-22.4203437962158
"H2AJ",-10.3261826815713,-18.4809779724151,-10.2570934181965,-21.2809874262606,-11.9454142339273,-22.2570270355358,-20.2889020099934,-10.7175810820728
"H2BC21",-22.1323157921771,-19.1057784194385,-10.0750883063914,-9.71309955356089,-21.9466643088899,-11.9839269060441,-8.86629119454589,-10.6647948671413
"H4C3",-11.0399721449545,-8.92087414310296,-10.1078149306989,-9.38770257503808,-10.5394047503292,-10.70991529717,-8.33110597860395,-10.5365192218122
"HAGLR",-11.0561810689868,-20.7081164539069,-11.1108809335759,-11.4108436630375,-14.074325061925,-12.0548998027571,-20.8913179188679,-22.652748745855
"HAPSTR1",-9.46308364433436,-10.3078532712555,-12.0909531445174,-19.2522320236356,-10.7969962864617,-12.2684169305812,-12.1737483627266,-9.20051650536254
"HBA1",-10.1529551496855,-12.1004696128686,-23.2952185192851,-11.3955080840435,-12.0040249193608,-11.1496136608194,-14.0750160442054,-10.6388614987255
"HBA2",-9.83659458975659,-9.98413363524762,-15.1416815023729,-9.86848615513784,-10.8767442085816,-10.5340123997304,-12.2483802749044,-11.1441424999977
"HBB",-8.86897642833006,-8.29546513235632,-15.5157279000159,-10.3306688614812,-9.70745572808839,-10.1960847344052,-19.6815787753369,-9.12778331461684
"HBP1",-10.1508011951399,-9.52119266743612,-10.0192965576396,-20.7317757290729,-11.6165667802542,-10.9407125894424,-8.82824095491514,-11.5049562897296
"HCG18",-10.1381901758756,-13.507542671888,-9.93789490665878,-9.01963290566338,-13.7914181087383,-13.2325096917386,-18.9921531159361,-10.9524341427036
"HDAC9",-21.4732112374845,-10.6988054270834,-10.967991821777,-15.268875126615,-23.8383346121814,-22.9620107545216,-20.8226151292983,-21.6812601100288
"HDGF",-9.62305195836319,-10.2170177071864,-10.2531522584655,-10.0082334560372,-10.8161418055125,-9.5094844752592,-13.1480089204529,-9.95247414792246
"HEBP2",-10.6648324726679,-9.37455232066698,-11.0828613054075,-20.8151948417365,-10.6749951608125,-11.2717388140957,-9.31514079185869,-9.43198590294384
"HECA",-9.74861161307865,-20.2440708233668,-11.8561526696187,-14.2208457499833,-11.1027224222086,-10.8074375208424,-10.3929026409882,-11.8642902650799
"HECTD1",-10.8547216860643,-8.48607442644469,-9.70032173860093,-9.91992158355856,-9.49814650976023,-10.2043545281616,-20.358870660561,-9.73838702790045
"HECW2",-21.9102939516872,-9.94871041204263,-10.0249557886344,-21.7032491576216,-22.5473293931703,-19.9102079898679,-9.40526519613927,-10.3814594815039
"HELZ",-9.96137875564526,-9.40607818088022,-10.5067755522793,-21.8796527531154,-10.4777389879441,-9.63183769240576,-10.6345860128171,-12.1276950589038
"HEPH",-11.6308204544515,-19.8514249960727,-19.6339916931676,-13.1111195186645,-9.3215466412409,-20.5318357117676,-9.51442940512995,-11.7881180159009
"HES1",-10.1267903100817,-11.0598239768859,-12.1674407458304,-9.73043203967248,-10.8467171566816,-10.1457910502233,-9.09233951872188,-11.6813091749141
"HES4",-8.71653121632259,-19.3379712261421,-22.3912550670819,-10.0236811460819,-13.8038389060952,-10.9441315356191,-20.0054895861305,-10.732191318035
"HES6",-11.1661587362097,-20.7247582988725,-10.1920640960242,-10.9914936226699,-11.0586200756207,-10.5053421340784,-20.2225570208895,-22.2165570747382
"HEXIM1",-10.3265702571326,-9.91587929488204,-10.4304364571349,-9.98111199981149,-10.4576335705992,-10.7482836756816,-10.4964763820387,-11.2407755518457
"HEY2",-10.8084697445687,-19.7461402520957,-11.8345768981534,-10.7565424603874,-11.2244741498778,-11.4117723767532,-11.8958159755524,-22.0840137160916
"HILPDA",-21.1940822353898,-11.550321405407,-13.0341823091104,-21.81165470918,-11.3068470642322,-10.9213263089673,-21.2005226143399,-22.5878984586692
"HINT3",-9.49493078473988,-16.6143807777007,-9.22620334531186,-10.2114134724949,-10.5951348858503,-10.0255431709188,-8.09364475432107,-10.884684860205
"HIP1",-9.57720505018341,-19.62992136898,-9.31332705212981,-8.92694607654241,-17.7400506492317,-10.5054942981475,-8.60134000406813,-22.4312621461469
"HIP1R",-8.76043978303577,-8.24300712918304,-9.584332447125,-11.2043023010686,-9.41184299940657,-10.4268595668679,-8.50352534209519,-20.4338806306414
"HIPK1",-8.97460798856395,-8.77735664890061,-9.64088218430903,-21.2764842265841,-10.1562847019852,-10.1752161881716,-18.7065021509135,-9.63528449572814
"HIPK3",-9.62330929751182,-10.0106492385088,-9.32632325543831,-10.4960662509433,-19.7074374494602,-10.4554953690973,-8.6245745280395,-12.5633020654788
"HIVEP2",-13.085516516078,-20.208152339427,-10.8351431162963,-9.72780655125827,-11.0243091523173,-11.3605363850644,-20.4993310873741,-12.2174713961103
"HLA-B",-6.63477726059278,-16.3387229425778,-9.44187770115626,-8.22596040430448,-9.02108166107457,-8.37463470452404,-7.64266786070737,-20.4323029815539
"HLA-DQB1",-19.8672661989199,-13.8449242983941,-21.1987481548083,-10.0307467118136,-11.6722727474184,-11.9529902023019,-9.19646190209104,-12.1150756493944
"HMGB2",-9.6294082903088,-9.9050863403185,-11.9401556026596,-9.08634424928258,-9.97913505254043,-9.90825630121267,-9.42562853968032,-11.5108350788013
"HMGCR",-22.3096704982053,-11.3437180582002,-11.2110883833209,-11.0982888317197,-23.0804492238698,-11.3662453307755,-10.7935968150862,-8.8720875043401
"HNMT",-10.3014745653923,-9.85648000188182,-11.4618340793534,-10.1160104407331,-10.2158521478723,-19.7917707569608,-10.1702800369716,-21.0441302442273
"HNRNPH2",-9.38830113754848,-10.5288635741161,-10.7948830494346,-9.18036378254074,-10.0247284122347,-10.2883446195099,-10.8754481226263,-8.970002851001
"HNRNPLL",-11.4153779521588,-10.0691456579685,-10.8668889422738,-10.5254105617336,-11.3035136381709,-12.1628334739397,-9.89011412063469,-10.8368959915122
"HOMER1",-11.2351193789998,-10.9452734079889,-11.6789583204249,-11.0917509367817,-22.1874406234113,-21.4812342430604,-20.8940812527636,-11.9064891910518
"HOMER3",-10.682415997109,-17.277302847565,-9.82252263103484,-19.0365228058688,-10.6477221232241,-13.0251026351268,-8.29243373443239,-11.9478066220233
"HOPX",-8.91037075882625,-18.9886464741597,-20.7326563842151,-20.1214588772722,-8.78833021757556,-9.70388580882775,-19.4562387328135,-10.2736171479214
"HOXD1",-19.4908743011505,-20.3328606327775,-10.1760404724463,-21.5634986360813,-22.6554912184521,-12.2097188194878,-19.1948793731203,-22.3398077754238
"HPCAL4",-20.5272385118512,-20.4087024601779,-10.4120827573633,-20.5489297080945,-10.0024308940754,-10.13693180638,-9.32946569256246,-9.28140336398111
"HPSE2",-19.2743735669603,-8.90531117810922,-10.8369925127914,-21.1314366975167,-9.39823640339655,-9.51489516255419,-10.6100679389974,-21.5069059818378
"HSBP1L1",-10.7635147868123,-9.32212643981483,-12.1430226940543,-9.95040354640885,-11.8943367935451,-21.0391427096238,-10.4551610043141,-21.456855974564
"HSD11B1",-9.67197845814007,-10.9608635525974,-10.7456641637522,-10.4643591530336,-11.7268778573528,-12.1360489397316,-21.0040960346521,-22.4344438623124
"HSF2",-22.5320462968878,-20.8921546003437,-10.6893178264719,-10.8383070998087,-22.8773552866198,-11.3761359154844,-20.8557318931553,-10.8036333579744
"HSPA13",-9.065915410832,-9.8620560050951,-10.2098710286275,-16.89381667057,-11.8657053284536,-11.9955920828953,-9.45442894759326,-8.27283423636183
"HSPA1A",-8.5942735359329,-9.47290694724805,-9.66096014259005,-9.20096731093813,-9.64421925470473,-10.1380344925314,-8.50166754552211,-11.9261142975922
"HSPA1B",-9.47630909768415,-11.6288922694238,-11.1134050458749,-10.458143040768,-10.2698626100372,-10.7120227200918,-8.20231101961941,-9.36401451092138
"HSPB1",-8.25228848901481,-7.90274575425495,-10.6556889163311,-8.33850626347655,-8.96719977783285,-8.45786587459662,-8.45220024111965,-8.08781300872168
"HSPE1",-8.64216148390692,-8.08350173284515,-8.71577367384732,-8.68936205596514,-10.4316967175125,-9.52631407223435,-8.3862107328213,-8.97548839252984
"HSPH1",-9.33575790854411,-11.3319805563267,-10.4029736600811,-9.28960722685032,-10.4981863751906,-9.31671636082719,-8.9739764134492,-8.81042882866779
"HTT",-11.0707114372417,-20.4624491993035,-10.8974849036645,-10.0003332721136,-11.0321416710414,-21.3430910356971,-17.1783154170357,-10.3442674000418
"ICOSLG",-20.8483308689018,-20.0569867340309,-10.8005285775071,-20.3232572915599,-11.251105831538,-11.0449541239334,-19.799851142433,-22.0385473973459
"ID1",-7.40142130492622,-9.14121022948613,-20.2193002254231,-20.0602198679299,-10.3580784381263,-9.94752656286333,-9.04328054527578,-21.2462236435369
"ID2",-12.1476695536969,-9.38622918845966,-21.0916373435226,-9.62086163729438,-9.07038936305798,-9.91663002403979,-10.4824462640469,-10.8240432250874
"ID3",-7.70068869908642,-9.16575586465397,-10.9477212950781,-9.81432891704356,-10.6567373908897,-9.71337730100788,-10.9097810881349,-13.0479393076931
"IER2",-8.72724210248033,-9.47124977111541,-11.9616486102685,-20.9015276591204,-11.831317096595,-10.6155289570241,-19.3345574586673,-10.6166620891008
"IER3",-10.02225668958,-10.3958916260771,-12.8115859718271,-13.3778096942939,-13.1196540921435,-11.8148595757687,-11.8719750482546,-23.0884582910265
"IFFO2",-20.8685225557942,-19.6670495017388,-11.9588736852983,-19.1078363250664,-11.8108449266815,-10.7864341871394,-10.2440373114199,-10.7686867623814
"IFI44L",-9.13317089446353,-20.2675387490959,-10.5474344828154,-10.8861041073997,-12.2879804437944,-11.1462779377784,-21.1320256326563,-21.8523779382722
"IFI6",-8.09211275820619,-8.65223581608379,-13.2551814627528,-10.3249705934766,-10.0982216577886,-20.1395457297878,-16.9238265171957,-10.6146263964332
"IFIT1",-11.1684451787866,-9.42997609763393,-10.8561121167525,-10.3237843935735,-10.8906174306294,-11.0770029753399,-20.7894911078727,-20.4655063373718
"IFIT2",-10.5776950131932,-20.1427870637057,-9.65596298897859,-21.7312532990111,-10.614586014782,-10.7898450704375,-10.2034148267691,-21.7210887844575
"IFIT3",-10.3617030677919,-13.3185041418738,-20.9690277774339,-9.94789094365725,-10.1999839876039,-10.2337860700414,-20.7724922549195,-11.7860763739711
"IFITM1",-9.07665707962571,-12.148384474957,-11.4764455423297,-20.5027326322169,-21.4669005269016,-20.3666986090404,-15.465951381081,-21.3571699898423
"IFITM3",-6.98812896134701,-18.6983931334119,-10.1808130382052,-9.26685042055018,-9.13039904949626,-8.43397304428077,-7.39322911424494,-20.1803904337128
"IFNAR1",-9.385245001574,-9.07132070244102,-10.4755493058466,-9.51846541895685,-11.9315370724648,-10.4065711587486,-8.31336673574876,-10.3984633197554
"IFNGR1",-8.36523589490141,-11.5098331856837,-9.27792108201957,-9.27650884013726,-19.9902338895643,-11.7718037656297,-9.44455830805259,-10.5317086449811
"IFRD1",-12.281836151206,-9.84667230963474,-10.298845750508,-13.5892952016265,-10.8828965597675,-11.0529575093511,-11.1573798018153,-11.5414764912146
"IGF1R",-10.0934235386567,-9.90338679216414,-10.6536676459312,-10.5879656829145,-11.0511606059301,-10.2194495881366,-20.0946203283883,-10.3871478512468
"IGF2R",-11.5134140721334,-10.2196716535291,-11.4352771033023,-10.5584858584038,-10.7748952926171,-10.7796017636739,-9.9079183068023,-11.5397908527162
"IGFBP5",-8.811404149342,-8.99036058159216,-11.0121646859449,-9.63390008905969,-11.0392884842623,-10.3487729168706,-10.3565391172306,-21.10128031283
"IGFBP7",-6.27691243652455,-8.32397107790853,-19.9287708859449,-8.6418646258654,-8.20387086010671,-8.45206760529196,-7.70123295045903,-11.0850695918366
"IGSF8",-18.6114300123589,-10.464962018784,-9.20506461503903,-10.5734025791233,-11.5493913843997,-21.4459890092756,-9.17450587647921,-11.9371174963973
"IKZF2",-20.7940747003371,-9.71204914311455,-10.8314976785738,-10.1236465923731,-12.0024633382615,-11.6951379908412,-10.3031609371811,-21.9271069425488
"IKZF5",-10.87236766913,-10.656894050648,-9.62816646766534,-20.7086469126698,-11.6522338453822,-9.99918947793004,-20.1391919812782,-9.67832349888421
"IL13RA1",-8.67274053099368,-10.8908659087972,-10.0987352184796,-10.1211379086188,-11.0259627533968,-20.2280972874103,-15.2267817166774,-22.1496398263608
"IL17RA",-10.728464441763,-11.3372509639697,-12.5244744727318,-10.3294394594003,-12.1798300540285,-12.3009795083881,-10.692890581074,-12.8943506288383
"IL17RB",-20.1089436882131,-10.812363439991,-10.5256967651902,-14.127766705698,-11.0184303863677,-11.5288797981842,-9.31627930396199,-20.6389057472428
"IL1R1",-10.3438035992654,-12.5150938627581,-22.2716969036723,-22.6247935579647,-12.3429213981792,-12.7821156458615,-18.6648669017369,-22.0129741237874
"IL1RAP",-11.0806583980005,-9.04218706781463,-12.6616462492744,-21.8128492944488,-12.7638202623221,-22.5747636054372,-20.5687525073909,-10.2456903629981
"IL6R",-10.3164992682219,-12.6549660448333,-10.8281698238826,-11.410025867201,-12.2771299259361,-20.4003119814588,-9.18938719692314,-22.3122933343547
"IL6ST",-8.31096985294727,-8.13671730614995,-8.71382366331508,-8.94549580024912,-8.88182742600951,-8.4651419270055,-8.07720927292294,-9.56281659281962
"IMP3",-10.3564155915743,-10.5033863116322,-10.8241391916499,-20.2783512573942,-11.5161735219934,-10.403491010006,-9.80581393966442,-10.4054211208173
"INAFM2",-11.0963380780221,-9.44859552099624,-10.8387036454798,-9.87413136526929,-11.2790081949648,-13.0794031887385,-19.2181210816408,-9.76498010435446
"ING3",-14.6818270256577,-20.7382074995142,-11.5380569476204,-11.2571278236548,-12.1246556937803,-13.6513070659959,-9.20489853110228,-10.6699875841608
"INPP5D",-11.6883944453186,-20.045246693846,-10.8060801640725,-9.65046486309686,-11.0997938594015,-11.3673482757178,-8.29663446902262,-22.3140591325788
"INPPL1",-22.2070778083318,-9.43354416164845,-22.7035566034167,-10.1125301987313,-10.4223997730247,-10.1991409227395,-20.3892318802561,-19.560551923204
"INSIG1",-10.4703143265456,-9.7611264744406,-9.76249650569472,-10.5054499602717,-20.5182723815802,-13.3687325843842,-20.1929570640469,-8.80644035819194
"INSR",-9.46025989393282,-19.4306641428276,-9.17549650446047,-9.17961895637642,-9.98369457095708,-9.73567644784437,-11.6258797908495,-9.3463566836199
"INTS1",-21.5470767878404,-20.159073794815,-10.0885197330904,-9.45473889480297,-10.1560870776108,-14.1366542893176,-9.12263801142635,-10.1740687902411
"INTS6",-12.3744913729609,-10.988929776533,-11.6221469042445,-11.73896975151,-10.9746482722878,-9.67751884554519,-13.4433772076144,-11.4980177980056
"IPO8",-11.0736453787946,-11.6330586275138,-12.1588178234579,-10.5622489190116,-10.8172623210163,-10.4358083178482,-20.997439305101,-13.8316760246402
"IRF9",-9.7230502280828,-15.6686263447821,-10.8078644757744,-10.5775812773965,-10.7854103691988,-18.3018175133355,-10.3078180530265,-11.3051263946179
"IRGQ",-11.5167412529761,-9.51940355694557,-12.0146892491313,-9.68249093917306,-12.1591685308416,-10.6862134270788,-20.5153047894931,-11.0866201312862
"IRS2",-20.3013166462555,-9.63030774520953,-9.04741306310845,-8.89270694138879,-9.07320033390038,-8.44513824786632,-8.36583569918131,-8.21935840114598
"IRX3",-21.2617340110853,-9.80519715674553,-21.1809062836077,-10.1601511397211,-10.4934997041997,-10.2506640365957,-9.44437786755282,-10.4848279898618
"ISCA1",-10.3471963044785,-13.9083401256128,-10.9041911395934,-20.662479039127,-10.2612127470702,-20.9818590576365,-9.06304767936227,-9.25576454287276
"ISG15",-9.83055906689919,-9.28803441371224,-13.6658455753557,-11.4561028236019,-12.5895761305725,-12.2038445182809,-20.5939665409062,-11.1506232631687
"ITGA1",-9.82775443192905,-20.273051999304,-12.2136321149511,-21.9756322386913,-13.8729065741274,-11.2824579334821,-11.5544885698074,-22.5212422174419
"ITGA2",-12.0190327105148,-8.45432248763355,-9.9668800407285,-11.4595631476907,-11.9958649474565,-17.5457972583099,-9.7073414981401,-22.5631885109046
"ITGA6",-8.70911110856372,-10.4045719041645,-10.9462378333888,-11.5632153706522,-10.9232807686162,-11.8459776607272,-20.1152718438057,-21.5822884463901
"ITGAE",-11.1020667668353,-9.83592669524598,-10.9757181679565,-20.3115764565682,-10.6766222975103,-11.9557097923979,-10.0984607330688,-9.83798123217117
"ITGAV",-8.53655190376896,-7.52776080683565,-9.04289873260898,-8.49613908898197,-8.46018543627337,-8.97998655754389,-18.8395000936525,-9.39844981877077
"ITGB1",-7.76523055871366,-8.6320307880124,-8.55568119178987,-9.68702309807117,-10.7086629785338,-9.66467017278078,-7.9000201517303,-10.4005830151438
"ITGB2",-22.0084973143512,-20.3594513097678,-10.7918049394993,-10.7687660587319,-12.493008245107,-22.2196074539427,-8.82274269982923,-22.1106763591072
"ITGB4",-9.37463259651897,-8.62548049525139,-16.6006223636002,-9.36997112470566,-9.01823484481203,-10.1788598790523,-17.5072536338254,-10.6560374433185
"ITGB5",-10.8947316653744,-9.53659326182071,-9.88761555501864,-13.2309403144073,-9.94860841578195,-9.60722220039415,-9.24965009895349,-12.3384922646969
"ITIH5",-8.57116969848236,-9.62961600389993,-12.7343070309244,-10.2678118386139,-10.9558685253924,-10.4817305795299,-8.97368648979924,-21.7253289604025
"ITM2A",-6.6217389829551,-8.42312244302114,-9.75634656223419,-8.63775467500883,-9.74094825865599,-10.1184094063069,-8.46009706174552,-20.1522164371707
"ITM2C",-7.77278760423059,-7.84858951107916,-14.28368678924,-7.62538144867658,-6.72678085195383,-6.82634990158569,-7.26846854644937,-8.26687580635112
"ITPKB",-8.55048369557692,-8.59639986241437,-8.50221415629868,-7.61703313736572,-7.57815401473069,-7.65494178366811,-16.973828092365,-20.1096488063342
"ITPR1",-9.66149160413062,-20.4752888039694,-21.7157284407919,-11.6628918462802,-10.7250931782293,-10.3404252675603,-19.8106209924825,-8.65674345772003
"ITPRIPL2",-9.37758045551911,-9.49508039086477,-21.6866598808546,-10.782457910843,-10.5434790758233,-21.0646894040063,-10.6686325231006,-10.7943563794376
"IVNS1ABP",-21.767491355659,-20.7722249170415,-9.94878232566889,-10.4456682727025,-10.4808344978061,-10.1142411517048,-10.9955465386527,-11.5213036564395
"JADE1",-9.70404287065639,-9.90131149054531,-11.3589622245356,-19.8265377809498,-10.0463927855728,-9.45381156542504,-19.3376562488505,-11.3316796537748
"JAG1",-9.0923378729684,-11.5477679226045,-14.1470739610922,-9.31555299010047,-11.1300069274605,-11.0700232100908,-20.085331877837,-22.530836441919
"JAKMIP1",-21.0587126486782,-12.6710230152908,-21.1892166002583,-11.9684837988138,-12.467770763929,-22.6247342357154,-21.5702514942502,-9.85481716041926
"JAKMIP2",-11.4026925830127,-10.0668495162211,-11.4782222454479,-12.1857678062801,-11.0647351923607,-12.1944399388672,-8.89549816042115,-11.2425307914624
"JAM2",-8.67228553100471,-10.1845279561193,-20.4958833010802,-10.2615359843476,-9.17235891511871,-10.227624253621,-10.1389128074147,-10.6964502085126
"JAM3",-10.6449924783071,-19.0794815296443,-8.5154750165266,-10.1365432168463,-12.2245422645802,-19.9016395466086,-8.33062400139616,-10.0093449748903
"JARID2",-11.8793398735625,-20.7675326934748,-11.0976052934238,-11.7252172646838,-11.1300449448155,-11.3303187112732,-12.1804910701718,-10.2550301713441
"JUN",-8.86588206884121,-8.54514499425231,-10.4287726968058,-9.70462592769753,-9.86609384100964,-11.6708947468166,-8.74467723069735,-15.8488581468389
"JUNB",-8.93993247660286,-20.5739290772282,-12.5545055694857,-11.5194492528617,-11.1348414605312,-11.5388117574868,-9.41037827387062,-10.1075141626461
"KALRN",-10.221800213313,-21.0250935769339,-13.1114856249023,-21.5399028632356,-10.3622427985584,-11.6054649645496,-19.6404409933796,-10.9750592657073
"KANK1",-10.0992195679468,-20.7873112229934,-10.0945018280815,-11.9406312287048,-10.0084048567504,-9.98000046785813,-9.04107247851696,-21.470717791167
"KAT7",-10.2168233485726,-17.0417352927825,-10.5120857108874,-21.1340865959671,-20.4164442241827,-11.4510207828769,-9.29507246438496,-10.241338282992
"KBTBD11",-9.62563450823524,-10.0241919893141,-9.9795845411243,-12.2095610263282,-9.2825418700257,-11.3812597696691,-8.59927596372827,-14.5780617513025
"KBTBD2",-10.4589631104037,-10.3224301527671,-10.5627924065701,-9.83846256428146,-10.7356196449411,-11.6610790915609,-11.7002865523095,-9.92478562051256
"KBTBD7",-11.5812281750416,-20.4165540929419,-10.7260225587572,-10.4282841710012,-10.860940467893,-21.3000155904914,-21.1550483932388,-11.3715758485097
"KCND2",-22.4224381685599,-10.0805939201992,-12.3607521774034,-17.9351392759283,-11.4681035049391,-12.9598639386396,-18.9523139089232,-10.5012325731615
"KCND3",-20.4347921253203,-10.4800177000655,-21.1464073142066,-10.3178464138615,-9.6684128955632,-8.88395110340278,-10.8027436540577,-7.28415298897218
"KCNJ2",-10.4522862451774,-10.9322083245879,-9.83937445874081,-11.8066173323885,-12.9755031056178,-22.7185974340685,-10.187024421838,-22.5935357859712
"KCNJ3",-22.8245715182739,-10.7124814711887,-10.9825364214051,-10.6243631267954,-12.2332065020608,-22.1679305981008,-12.6316840288387,-22.1351707759433
"KCNJ6",-16.3075035533792,-19.5080501895722,-10.2214664993053,-8.90010609206022,-11.0736786505969,-19.6233023543952,-11.6095253114571,-6.7106036430428
"KCTD12",-7.76018158417056,-7.97134827136851,-9.29649062392447,-8.84860672305129,-9.24956016499408,-9.83228320999601,-7.32568044695515,-20.7786122125912
"KDM5B",-19.9853947412977,-21.3834279526845,-11.5021438840364,-13.4658418917578,-11.1611057344657,-11.4068759070056,-10.1291412791249,-12.3128011207861
"KDM6A",-10.9642420097994,-9.4833480103824,-12.8796301397663,-21.9637315592089,-11.3018346922763,-11.5181621813782,-9.72731306341625,-11.3276663057578
"KDM7A",-11.6237891231601,-21.5512395132269,-11.3554305891857,-10.4055976698799,-11.9812635525808,-11.5845886015652,-20.8661619052213,-21.1969270596389
"KDR",-9.26524165869234,-19.7106282466434,-10.0786193578611,-10.8263085465639,-11.5647567056763,-20.1887129375215,-9.76593541401322,-10.2295409232234
"KHDRBS3",-10.456896396082,-9.6292437200813,-11.3743941237028,-10.3781710426249,-10.9744872373647,-21.9703075153003,-9.96285447092873,-10.7412253725878
"KIAA0319L",-9.67583394218878,-9.90896563602525,-10.3721650637922,-10.2047768524083,-10.8175276935797,-10.647745530485,-8.30830796273046,-10.0722958949909
"KIAA1217",-12.5895602466957,-9.44652370955311,-11.0635300299906,-21.45270054292,-10.4424164508147,-11.6421993724625,-18.3058615897478,-20.2614338015507
"KIAA1671",-9.65886752354665,-20.414952386369,-12.0068929937158,-13.5672776356315,-10.3941572301249,-10.1248832371667,-19.0531760157038,-10.8688986000126
"KIAA1958",-21.7169779934713,-13.8925734534546,-11.267230162578,-11.0643050472885,-11.4366515894615,-20.0004174984531,-10.7359004274953,-11.5170205571004
"KIF13A",-12.9902676364366,-11.2106075912912,-9.83633704875938,-11.7580043179443,-10.8190446851617,-10.2317459586723,-19.5961294553713,-10.6859227508538
"KIF1A",-8.98490236732427,-18.8374136787701,-8.70912902296207,-8.32638868761586,-8.33392436253554,-8.53103132392803,-7.39312054396815,-7.68903671001913
"KIF20B",-21.155274447461,-14.9120164537422,-13.4135425868102,-12.0893006297554,-13.6432024730373,-11.5921151987721,-21.2886762157144,-22.7628024476107
"KIF21A",-10.5538791117307,-18.677497234347,-8.91846720092207,-8.57448491988653,-9.18678706514647,-8.92503701817002,-17.7739532983002,-6.79597327694706
"KIF2A",-11.1220538322541,-18.9788897013367,-9.83536909690529,-9.37363235676732,-10.8513399836437,-10.0314990038192,-17.942251272363,-9.32473243619017
"KIF3A",-9.5338706308839,-8.88174866707828,-9.39264716988853,-9.35117123186585,-10.3160729065082,-9.13289854918163,-18.8502735881383,-7.34143956643722
"KIFC3",-10.5161791154382,-9.26942089893923,-10.4794193927133,-20.8413808331227,-11.386763762618,-22.3665956552247,-17.638627178706,-13.3787703759528
"KIZ",-21.8556400821898,-20.5506868205259,-10.7569820489694,-11.2931599368316,-11.2674492052889,-22.3433772766072,-20.9874582297325,-22.4266158810372
"KLF10",-10.7077023565431,-10.77471618712,-14.1612254842812,-21.8826592512614,-12.6372340203092,-13.4482739127927,-11.3482034775686,-20.7756747204755
"KLF12",-21.4980032559311,-21.370273916626,-13.810216694096,-10.0961602082539,-11.0787309088212,-11.6094528419883,-19.0199015693109,-17.4027287861467
"KLF7",-10.3148496481953,-8.96620580598766,-9.46905165111459,-10.5839482041887,-9.94697982489789,-12.1866069450984,-19.4022154037337,-9.14983584417557
"KLF9",-8.94115983102358,-20.4203171613913,-9.57741628226413,-9.68419117588254,-10.0882926971186,-10.5802383259776,-18.8740315716278,-11.2104337250707
"KLHL9",-9.8968439686668,-10.3659496460427,-10.9548096621852,-9.97087528697321,-12.1211074831874,-21.5227387341055,-9.38968187888168,-9.92809470646887
"KMT2A",-9.91217871395472,-7.86341981500234,-8.70967505539791,-8.74743467847281,-9.59999193068997,-9.40654339630813,-12.75764250223,-10.2709111549863
"KRAS",-21.5431896322953,-9.12924222582934,-10.6878471851947,-10.6158154284635,-10.466819850683,-12.4799282172244,-19.4479918953573,-9.59542004512633
"KRR1",-9.92239561358262,-8.5098067885711,-10.0114440980396,-10.3607412133124,-10.5790542873384,-10.3682312163149,-8.75657025810827,-10.1007595498374
"LACTB",-10.5318873207892,-20.8779372087226,-11.5076228816224,-10.7732290622141,-22.9125203140604,-10.1295513546872,-9.84133451764171,-10.0282192921801
"LAMA2",-10.0526919577951,-19.803501083885,-10.6439787607431,-11.2123649387733,-21.956112927455,-21.6130863437884,-20.1948009318401,-18.3193569685522
"LAMP1",-8.42350282867575,-15.9286660704772,-7.87805240097628,-8.64832149748478,-9.02366146362533,-8.67915979497417,-8.90365006319124,-9.10797272367318
"LAMP2",-9.73263062562219,-7.83317048385079,-6.95850695098029,-7.79103613875179,-9.19617860370393,-9.40331913493424,-7.17747959565948,-9.13792084875629
"LAPTM5",-10.2651752213188,-9.1234134553372,-9.65437081119309,-9.18667703489604,-11.0808809779482,-14.8611737319772,-8.09355463670437,-11.3208884275231
"LARGE1",-11.5064045342372,-20.7529420479216,-15.3875557055318,-12.4360999991731,-11.9794365843972,-20.8115187432181,-20.2144514363149,-11.3663212881067
"LBH",-10.0426798905672,-20.7044757622173,-21.6147387795972,-17.4281068097761,-12.7246757800971,-20.9067776116786,-14.5523203419784,-9.7548055330802
"LBR",-9.8354011868446,-10.3624969111247,-11.0025594159729,-10.6317861083463,-11.4352583151538,-13.705815380794,-20.5556585115229,-12.1982124346065
"LCORL",-12.7930497415063,-9.57206218097225,-11.4733919910674,-16.7960076819714,-11.1801002381065,-21.4016908843009,-20.3647393851913,-22.1220736381289
"LDLRAP1",-11.1300396723306,-20.1787410365701,-9.76348899666712,-10.3003333527813,-13.5013862163637,-12.6818627152821,-11.829014712863,-22.3607965250421
"LDOC1",-10.4588000583998,-20.6425102234373,-10.8824795517967,-9.77922262525509,-11.7100230500149,-21.2214609273858,-11.53097025514,-9.52339774239226
"LEF1",-9.4457711512693,-21.5778144810116,-21.5156370555138,-11.6728299147038,-13.1437651797792,-12.6854464661132,-10.3737899121838,-11.761753942093
"LEMD3",-10.7485348349234,-9.25755220438241,-11.7502984732266,-10.7818946094224,-11.8527764494388,-10.9542003548816,-9.15575457150151,-10.9135857316831
"LENG8",-10.3709202452567,-9.18675167618243,-9.92206666539743,-9.60004492953073,-11.1094093628052,-11.746431072745,-19.21138537512,-10.7000956842543
"LEPR",-9.81904601757856,-21.8761011955088,-22.6932538262862,-22.2428877930497,-12.0001934983585,-12.8281199565262,-20.0250863841283,-22.9425448940968
"LGALS1",-7.98065087174541,-19.4116910405691,-8.47888918039081,-9.45340998853407,-9.32486665448534,-9.08644889872236,-7.93789766537593,-8.45455517057819
"LGALS3",-8.63018937630785,-19.9486788966856,-11.8496860897411,-20.8313460974444,-10.5468251802346,-21.1447285079709,-9.0637215444595,-10.2548130864591
"LGR5",-22.3191182426097,-21.6719583352185,-10.7768968757107,-11.8878682363234,-23.6190876622262,-21.822505310184,-13.0637527960711,-22.813497831893
"LGR6",-21.1733640917028,-19.4791120896462,-21.8035332867969,-10.2826022490565,-10.2133486131241,-10.2296558360015,-10.2749378371097,-10.162462959652
"LHFPL2",-20.6974466123985,-20.3453560435689,-10.9129285522136,-9.74228392850437,-20.9543739952601,-11.5508441152384,-7.86397408600613,-11.7466626300673
"LHFPL6",-8.4764442205373,-8.45442013957192,-21.5618757353685,-9.93709579682454,-9.46395866431964,-10.4426496772198,-8.60465749998947,-21.2206308866892
"LIFR",-20.1677049598019,-7.06688765777713,-8.77098893910502,-8.42468937335862,-8.36018152011692,-8.70372984763894,-8.41948079744617,-9.57234901715434
"LIMA1",-10.3082041956471,-11.3958758488003,-10.4590956607484,-16.5031933494581,-23.1206097996701,-21.6512145991053,-8.80148857724475,-22.3444412232628
"LIMK2",-20.4632712874222,-8.98772823723965,-10.5125141235611,-10.3664035169214,-10.4039711441403,-10.9023281606851,-9.32414988592113,-9.33508290134754
"LIMS2",-8.91892516191476,-19.63092369276,-22.0890037798935,-11.8273937277449,-11.9957855141474,-10.8286258879751,-8.78518177075591,-11.0420947691068
"LIN7A",-19.9189283171074,-21.1426783923125,-18.4570750612162,-10.7149640664354,-12.4419721510661,-13.5077084470321,-21.2667900738465,-10.3454464267235
"LINC00623",-18.3706144292721,-9.61615456907848,-10.9714357464738,-10.5274288257238,-12.1486922870703,-10.8590135099135,-10.5064616813357,-11.0815236040121
"LINC01088",-10.2790860751559,-19.8944371350589,-10.8054049590945,-9.90822397255591,-9.49434650075797,-10.5830192748582,-8.78951738559174,-11.3723014937627
"LINC01102",-19.2665377664888,-22.2090597428778,-11.3913890197827,-21.2047500514207,-23.8606915494921,-21.0305564412788,-10.1217099360216,-23.1408053235442
"LINS1",-19.2189976666568,-9.730630903636,-11.6109076148234,-9.65875110691646,-12.8025295271702,-10.5419165777807,-20.7995146829884,-22.7128975328734
"LMAN1",-9.3058889757415,-20.5651510531673,-9.94193354529354,-9.61280021555028,-11.1362138837959,-10.8252247140272,-9.04548608015189,-11.2164213126005
"LMBRD1",-9.40889356731791,-9.99460601119124,-8.37139053822788,-9.21278632542281,-9.87975968233153,-10.9797572634029,-9.09851869128705,-8.8844350596553
"LMNA",-9.11605217628753,-9.37369903108583,-9.62797783025847,-10.0602575527989,-10.7266608319134,-10.1086036730725,-19.2594048576181,-10.3967127469957
"LMO2",-8.10698353619206,-19.0692670567382,-15.2954166484671,-10.9780995196521,-10.5323877291355,-10.4332712887251,-20.2822713886001,-12.3913243853793
"LMTK1",-19.0293629498914,-19.7979374258392,-8.04339137112319,-8.35990536819366,-20.9364145188356,-9.95856587238289,-10.2324488864902,-9.43381215687746
"LNPEP",-11.2057822319212,-9.71428533168852,-10.1321930334533,-9.44532249485255,-9.80799923482192,-10.2786445738157,-10.4034642299136,-8.88782442219782
"LONRF1",-11.5403698434859,-19.8291761638806,-14.9245043105865,-10.7052202032744,-18.2687048913133,-13.535772927041,-21.8307692698899,-9.89962747742284
"LPAR6",-9.64648673513272,-10.6460385099586,-20.1177874883099,-21.6032718353004,-11.8500485933718,-10.8734691410835,-20.6870290095467,-22.4689567755997
"LPCAT2",-11.4333263958469,-11.4042515979699,-10.5189787963714,-10.810709298317,-22.5441295156261,-12.7908881516346,-9.06269010588599,-21.8161614333842
"LPIN1",-8.89342179406515,-7.90162261999756,-9.97184121985329,-17.5741488276314,-8.10399713742816,-8.64115808676209,-18.5424817545127,-9.11105187977895
"LPIN2",-12.5227837888245,-10.3546530107476,-21.055883173642,-9.60714690195203,-10.5956859276364,-10.0411544635515,-9.94814048526621,-9.62398330551003
"LPL",-10.5643337906149,-9.92670421862647,-23.1770836767615,-22.6242328782901,-12.3401915637046,-23.4712643634875,-10.3074760840503,-12.7038327977124
"LRAT",-11.6852268631317,-20.7790829738795,-10.9622384880619,-20.7069798802636,-21.0323384384882,-11.0091671004359,-9.1169854154021,-12.711154963511
"LRATD2",-9.92615656682013,-9.26948141133667,-11.2253308435012,-21.8585440596595,-22.3685199968422,-11.1522975405613,-11.8197883412089,-22.4073439954196
"LRBA",-9.9013334101081,-18.6556797973384,-10.937916565682,-9.941087990815,-11.4543209603736,-11.7677307713576,-19.6370483187056,-10.9199521135815
"LRIG1",-20.2652062325118,-8.19715076827297,-9.79243256134298,-9.24013134419978,-8.59653513116969,-8.58430226078376,-9.2270090742169,-20.5086687346441
"LRP1",-9.51205198624892,-7.2730328130608,-10.3095760866243,-9.18136767795618,-8.30981448162457,-8.24166796480507,-8.68340885884788,-9.75284394291979
"LRP12",-10.7391965652026,-21.5164636507078,-11.5104842214893,-21.3426844392543,-20.8029831349194,-11.6137489668758,-19.7073975572525,-11.0521075813288
"LRPPRC",-10.2080182328032,-17.5695271437403,-10.126134459834,-10.0130577222982,-9.86401456566858,-9.46506969388281,-17.6117427280218,-8.91614559628811
"LRRC3B",-10.0782568308398,-11.9499282422628,-21.2944840307358,-21.215936082726,-11.9106790452307,-11.7255952276445,-11.4306078942176,-9.62568942697704
"LRRC4C",-12.2749515906597,-13.7596179515916,-21.8291561460239,-9.5244590750496,-10.372484969082,-11.2422270407068,-20.1656898962738,-11.0653902463102
"LRRC8C",-10.4668414975206,-9.97511135180037,-10.7097758075029,-14.3191619125675,-22.2638088617014,-21.6628860619775,-20.8777831631582,-22.6822622033205
"LRRK2",-21.8088051822204,-8.42764256267995,-10.9640681696912,-10.8482917672645,-12.3386862068872,-11.7264007512093,-9.1100769599172,-11.8006309878012
"LRRN3",-11.9309827308203,-10.0025771368391,-21.8269203619105,-10.0865656946396,-10.6890717959991,-10.5079680757413,-10.2222693561257,-9.65320497597517
"LTBP1",-10.0245522340017,-8.68001698706189,-11.7553054444368,-10.6319833863891,-10.3313671042105,-18.0031125766548,-19.4842362042511,-21.1559875100639
"LUC7L",-11.5181222483554,-15.6908240429066,-9.99056820963385,-9.56086273619229,-11.3100622233226,-11.5424679141835,-19.6533450762907,-10.6662965431269
"LUC7L2",-19.2471927096644,-11.0519223124749,-8.92105796295687,-10.2280177761944,-10.5408728727048,-9.62749360969034,-7.72899806180309,-10.9467034559668
"LY6E",-8.58751484335543,-20.163138527873,-10.9164119788818,-9.31727131614007,-10.8966558962731,-10.5887534188447,-9.8232440958134,-10.058336434234
"LY6H",-21.2263702572712,-18.1356921828511,-11.9403372209018,-9.97743299372397,-17.3966447713869,-22.7335470248209,-9.16861146302012,-9.39545760555351
"LYAR",-21.1853626746811,-8.9430916517924,-11.0060216856148,-11.5717818011936,-21.5729547292748,-11.4687060827648,-20.2693813241828,-11.9835416656607
"LZTS3",-21.4490761502106,-10.2864228659636,-11.3194634659015,-20.1862543320627,-10.6388173723216,-11.4844385290681,-19.9274283630481,-10.0975493173071
"MAF",-9.12769049904951,-7.94162494400019,-11.1589132065315,-10.1816613086053,-10.2318034442684,-10.193520434846,-9.08204338980533,-19.9551094229417
"MAGI3",-22.2998975356364,-9.22530763450653,-22.6343712911068,-10.5969394523691,-11.6851678721401,-11.2414821080456,-21.1518586846767,-9.95021717173712
"MAML2",-11.5667871604569,-10.7132754694715,-12.6586811980098,-10.2567022082446,-10.9063756552495,-10.7653598107583,-21.2880074217716,-22.2748356284102
"MAN2A1",-9.31947790864495,-9.93905601116991,-8.48118341214693,-10.6863253495627,-11.2179939252381,-9.55472337703586,-8.75322060547655,-21.7619583290537
"MAOB",-19.4257457945502,-8.86259944854998,-12.5412015451966,-9.62080954619911,-8.61946199848682,-8.55319961858839,-9.09507105791373,-10.2944141380149
"MAP1A",-8.17076085986032,-7.45085932335237,-7.9506396156696,-8.45228393285487,-8.59574797414115,-9.39309700537489,-7.50955527096223,-6.96598320876074
"MAP1LC3A",-11.8734292404494,-8.47184797216858,-10.5976248743236,-20.6252983898434,-10.0416523434945,-11.103399767517,-19.055030642373,-8.2405919261926
"MAP2",-9.79941255956292,-8.24378173973118,-12.1151509123451,-9.17523784146129,-9.47217242223697,-9.53407786841609,-9.28244212037435,-7.88212997646601
"MAP2K6",-11.2580971488788,-9.97683992163063,-11.1166035471097,-11.8382462208224,-10.9949685765854,-12.9329454429603,-18.4958554720095,-10.7885559084814
"MAP3K12",-11.4004859722742,-9.65114943179212,-11.6073798831885,-20.8143117465348,-11.727975219311,-12.823156016354,-18.901479477469,-10.561923930259
"MAP3K2",-10.5475541774768,-9.1956297499799,-10.8323787621863,-9.89006824031366,-10.2181691886824,-9.60927600409505,-9.99820411799838,-10.5957165884904
"MAP7D1",-17.5357223061476,-8.9279437391239,-8.42818954871868,-8.94788449526124,-9.38900453609052,-9.32397243715369,-18.8446684565585,-8.37971565047405
"MAP9",-9.41393324734,-9.65668222484919,-9.60346903459273,-8.77755596375257,-9.1771163882155,-9.49394283811564,-7.86443131808675,-7.54918451954261
"MAPK1",-9.7086333908401,-8.81776752428884,-9.19531635229629,-8.13164457990814,-8.84498010284783,-9.41787048320589,-18.8667361057705,-8.80264351301056
"MAPK14",-9.29643005745984,-9.1790296452238,-10.7415643768833,-9.73219319376658,-12.7119411856283,-22.3648265405744,-9.90136209322707,-11.0107320415489
"MAPK4",-11.1943623243889,-9.09364335677638,-10.1697054201799,-9.46067957903755,-8.66434132242598,-10.4717202846838,-11.6570294359993,-10.5477074116328
"MAPKAPK5-AS1",-19.1727808135769,-19.2169631310503,-11.9691473730684,-12.1762697703919,-10.9822460300686,-11.406510285993,-9.07301362672728,-12.5807429767578
"MARCHF3",-12.1230353185384,-11.1358799477386,-21.7779257263754,-22.0233990946935,-10.5088583676419,-10.4814494460464,-19.1196686758748,-20.3356190549164
"MARCKS",-8.05495751294579,-6.67391422853643,-8.61959692548082,-8.03691058425763,-7.6502086195042,-7.94884177694452,-6.92794770856407,-8.49168707685746
"MAST4",-9.46388893599162,-19.2455205872487,-13.2502881630689,-10.1959489526165,-9.8225160412767,-9.22467784965196,-20.1232994593775,-11.8966319430445
"MAX",-9.43544153004902,-9.49161017467309,-10.3608573829881,-10.1648391043093,-10.8746834048205,-10.4221745008417,-8.93575684457395,-10.5671092065073
"MBD2",-9.87968405169685,-8.66414683466552,-12.1920319220019,-10.0315082219183,-11.5197292263628,-10.5599427656117,-11.0228681297305,-10.1586423194695
"MBD5",-20.9994458634384,-18.6792653317541,-11.0597386329243,-10.7077762260087,-10.9183154685431,-20.2782521167514,-11.0443780754033,-12.0435541017185
"MBD6",-12.5834196790609,-9.70020905201846,-21.1827031276996,-12.3323608999725,-11.3276169059372,-10.6446922508488,-21.1515777814409,-11.4820016403687
"MBTPS1",-9.34843210318779,-20.7272460321805,-18.165390218267,-10.0041868865609,-11.7006666593565,-11.3279880146912,-10.0768664695801,-10.9093598228238
"MCAM",-8.82437574351224,-20.2909435295764,-10.9317993936459,-10.4274785131072,-11.1514152677408,-9.99005625744977,-11.4510887045254,-11.9258922198896
"MCF2L",-10.3986553155834,-10.1010429135391,-10.359573392619,-10.944378200249,-21.4473205309793,-10.8487472393695,-9.07944396009777,-10.066179540468
"MCF2L2",-21.5816753840779,-8.63090272849719,-12.3759084631054,-21.2920062553993,-12.1230004663385,-22.0320764514617,-19.944685140134,-11.0834389469164
"MCM6",-11.7093049256668,-14.7162645980594,-11.7818344575381,-10.6194352189099,-12.7826876881121,-21.97339756676,-10.3950063122318,-12.7822504750223
"MDM2",-9.86711257800008,-20.2349001444749,-9.64131062430874,-9.54063364366636,-11.4352551712777,-19.5945378421083,-8.84153878487358,-10.4053586927686
"ME1",-9.7551311174726,-9.52075757562774,-10.5420352690328,-9.18211465817218,-9.80534118146932,-9.60673441496737,-8.72017230532903,-9.28774854754633
"MED13",-10.8264198541414,-9.12936941499672,-9.1603266226795,-17.6736706966102,-10.4402121916976,-18.9444424076414,-10.2149495623919,-10.8004716710863
"MEF2C",-9.79222658894938,-11.2059616528039,-11.7120135347576,-10.4012401767681,-11.1809599575675,-10.9067339126658,-9.81571808156292,-12.9993870459487
"MEGF10",-19.6850325917883,-8.69050919122085,-9.25193649771006,-9.5942547620317,-10.3286744277539,-10.717887517532,-18.5151267395408,-21.5438420481447
"MEGF9",-9.06549101175668,-16.7802583799461,-8.5679506585241,-9.28027970045193,-9.0387420716373,-8.69970518834978,-8.7386576747129,-8.4847331388414
"MEIS1",-10.0733136522789,-20.4880265771059,-10.8572842926231,-11.4591755607958,-12.6405514796972,-14.3338475082269,-18.9073943030332,-12.1334900279586
"MEPCE",-11.1473377778248,-19.3461428122546,-20.9114662039761,-9.38943918810417,-10.8396282808389,-11.1608012826636,-9.94339239508141,-10.4190745309368
"MERTK",-10.9671118507792,-20.7564565845497,-23.7318988060785,-22.4845787458311,-11.565986754397,-12.5333336681885,-21.3419654156543,-12.1095177139829
"METTL16",-10.5393174422055,-19.6012148884729,-11.0109051206854,-12.4232138737711,-11.0144227204998,-11.5749179118835,-20.4064452885702,-21.9283388571192
"MFAP3L",-20.830578109079,-9.9621972665165,-8.83345385917118,-9.90460689305928,-10.0347013195645,-9.75435094990836,-18.9754225931593,-10.2396407476259
"MFGE8",-9.0441570356305,-17.3454212367451,-9.84087336774953,-9.82258805183542,-11.0917039541562,-10.1006117677805,-8.9113918109066,-10.9094970096263
"MFHAS1",-10.3732349379325,-10.5714739615311,-11.7175222936372,-12.454135417842,-11.506691622309,-11.2770811155935,-20.249309222388,-22.2199822961736
"MFSD1",-9.77829555607608,-9.5580140660941,-14.4267441314535,-21.5483034313004,-10.8173481188526,-12.2746144224731,-10.965634997544,-10.4571903430819
"MGA",-20.0397764777377,-10.6489473280507,-10.0729863264172,-11.0341308072197,-11.109516209617,-10.8994518930621,-10.6514244559296,-10.6122651356494
"MGAT1",-8.78725404990751,-10.0138444067237,-11.3629590551603,-10.1012183731965,-11.1156204273281,-12.3317562499059,-8.92808376912878,-10.0377393818403
"MGAT4A",-20.6650018628969,-9.59664528794113,-10.6666587591918,-21.1261799034957,-12.078566889621,-12.1547198000959,-9.37960419767783,-9.97550048972781
"MGAT4C",-10.8320354748832,-9.67778181470493,-23.3419877873925,-21.8755586524381,-10.825336375035,-11.0645313027111,-21.3166051665343,-12.6234948414974
"MGP",-9.85759052561561,-10.2167251350395,-13.8772221500829,-10.9150123294928,-12.3352962471914,-22.0488975056784,-9.90024897937003,-20.8961075637819
"MGST1",-9.73912344680924,-15.4155538853854,-9.33713038627359,-8.28537161972132,-7.97818707172522,-9.0090201264523,-8.55603275021875,-9.65600403444174
"MIB2",-12.3789898111063,-20.3999498989276,-20.8636531438724,-10.7688744795354,-10.4917240162603,-22.1674683251411,-19.2513926237937,-21.0121228486584
"MICU1",-11.1146917608549,-10.8222974231257,-10.2602744107972,-12.1915769294849,-11.1737099241903,-21.0255858818858,-10.5289098540147,-9.82393271432601
"MICU3",-10.6409968484076,-10.4674435257219,-11.1634175828802,-11.0744996782044,-22.3309897427877,-21.9722837071555,-21.5882327798582,-10.1442867774667
"MID1IP1",-9.31406552856247,-8.07499633375195,-8.3502056145995,-8.43965555283087,-8.74288804747949,-8.53477932843394,-8.7066588354404,-9.90849056775962
"MINDY1",-21.1634806094977,-12.0628029429826,-9.97710287052099,-12.0143885358726,-21.2132144413897,-20.4296564498424,-9.43566039404777,-11.2513310122796
"MIR9-1HG",-8.18699075880136,-6.42887624079322,-8.66334205954832,-7.28109832024691,-6.51402214698363,-7.10643075290487,-6.14091451730986,-7.0129550490555
"MIR9-2HG",-9.7484348665598,-8.69432352145133,-10.0846506475693,-9.39898841029225,-9.1127415927858,-9.18199808137446,-10.4904505482701,-10.8076974107834
"MIS18BP1",-12.5882827975091,-11.6361301678112,-12.2073057583417,-22.6913976289674,-12.632961780841,-13.8299546569243,-9.88020255428003,-22.2198239445027
"MITF",-10.2800857050065,-20.4822226352556,-10.3675861675486,-13.7823234513348,-22.7108097236866,-11.9379806564844,-20.76100927934,-10.052558292202
"MLC1",-20.637718344237,-18.6023130028063,-10.5949898459907,-10.4744354169537,-8.20970587375161,-8.53742135979324,-10.0264572102224,-20.2907390135112
"MLF1",-21.3808554370452,-21.447927535283,-14.1739645903865,-10.0320632222924,-10.8092211535274,-10.2630996553479,-18.4393260859652,-10.4309850224231
"MLH3",-20.3554038227046,-9.5547786894994,-11.2697227336249,-11.9796674588796,-11.2099071357383,-10.616371622002,-19.5151673359986,-11.5645836109988
"MLLT11",-11.2197483958015,-10.4236568608479,-12.0707775729546,-20.9468365324571,-22.4648955471185,-22.0666629758986,-9.68989159731095,-8.48415651432262
"MLLT3",-10.8457805522062,-18.3614460316346,-15.5861858694562,-9.57180169907878,-11.2019854423441,-21.1838867531338,-19.0345155246306,-9.33892710016108
"MMD",-10.0838725575912,-10.228468870402,-11.3061216323368,-9.64081259541091,-11.8713544709777,-12.041257144525,-8.91580716262928,-9.99882767432571
"MMGT1",-10.1312203054821,-21.1705563235291,-11.8568849658029,-11.808384625625,-11.0821057788333,-11.692784063292,-9.3741878580283,-11.3608378486108
"MMP16",-13.6979801169942,-8.92773948392976,-21.6004236301925,-21.0909262814496,-12.3025507751699,-11.5960139583771,-9.75969379973829,-12.5097778026739
"MOB1B",-20.8000583542463,-10.1979875784786,-11.0986017968588,-10.8132068108576,-10.3434612750183,-10.8557022776478,-9.17070084925247,-10.4952795166599
"MOB2",-9.82077534497172,-10.0450159979143,-11.1818202358885,-11.9628466063645,-13.1257365582667,-22.1424773622263,-20.9776285413655,-11.4689902361114
"MOSPD2",-9.95078048265454,-10.2315688500111,-9.22401900004995,-11.4726232555327,-11.6441127698624,-11.3094412903008,-10.7944967882522,-21.9055341050754
"MPP1",-9.145648839638,-18.5817903175953,-11.2887640450258,-19.4529708214519,-12.0501881084526,-10.2136031323354,-9.40465596312453,-10.5879632554684
"MPRIP",-8.74848593105533,-20.0212552279399,-9.63063937951447,-9.06842190010991,-8.75321558880224,-9.43389701293465,-8.93846112827265,-9.32849877245255
"MRC2",-10.1483681226829,-20.7830007676331,-22.9018468895311,-11.6909175055755,-11.8287424479605,-21.6648644880578,-11.0921778883757,-21.924023948601
"MRFAP1L1",-9.24234215073971,-10.5720134519673,-9.48420082859635,-10.5803156806138,-10.6503861105328,-9.86276001375428,-8.9884007631818,-9.14791136798075
"MSI2",-9.17822459558331,-18.9041770311995,-9.33967325017516,-8.81248825798905,-8.35079365890619,-7.96600518502424,-8.06137609690804,-8.00625240189885
"MSL1",-10.460721839014,-9.73550873126275,-9.82386184033928,-10.4611895277091,-12.0227777767584,-14.303646686479,-10.8223453007893,-9.71043506955429
"MT-ATP8",-6.21003830364223,-5.51273582245088,-6.07118113363663,-5.57755873185899,-5.38255351393588,-5.40583784104993,-6.18688280739283,-6.57977630654773
"MT-ND4L",-5.82377752498688,-5.89288077900753,-5.70675103194584,-5.50213861149877,-5.18709632900729,-5.03555817182766,-5.6976956283349,-8.52875396496124
"MT-ND6",-7.86622156025423,-6.96994750616133,-7.56051452111567,-7.03389740033689,-6.80521580040862,-6.61473502870924,-8.57458729445936,-10.1789955970067
"MT1E",-7.51037487586025,-6.82269596735931,-9.23169415476261,-7.14521693099723,-6.94704330509794,-7.33347760544473,-7.42941987262577,-8.99765747589283
"MT1M",-8.37142280005236,-6.91845858633321,-9.61858527642698,-8.06137129840863,-7.87707816527811,-8.33635540906469,-7.78750843547137,-12.7768453806805
"MT1X",-8.80819423234416,-7.02630155648209,-18.8594535319877,-7.78482567075141,-7.25502917560493,-8.10511434602764,-7.28609733586032,-9.27178797442262
"MT2A",-6.82652640288224,-6.63836202816355,-7.94480967525091,-7.2124213234303,-6.48970418967792,-6.93978638175532,-6.26547559333955,-8.12704329242118
"MTA2",-10.1998864817673,-20.7340003231757,-20.8516520797111,-9.92479189496323,-10.9762588732183,-20.3998311017786,-9.76136428609251,-12.6629744854792
"MTARC1",-21.2683417427478,-18.7827430260128,-11.0357057903054,-11.079983932939,-10.9633266889639,-12.3938935925275,-20.8574874106734,-16.8952925422353
"MTCL3",-20.7803570347037,-20.9570195225704,-11.3080301077492,-22.4150116121602,-12.4185424631894,-23.0503095589976,-10.4848669367797,-11.5912211675021
"MTF2",-18.4269214251189,-10.9357914499442,-11.1163123551903,-11.4060663542627,-12.6852640434007,-12.7488863909634,-9.70624736625821,-11.1476864361901
"MTMR3",-8.92046429675685,-10.9315541190118,-11.3064062214993,-11.2811297707569,-10.3344680660538,-10.4044095019174,-18.1136365506264,-10.5759513883227
"MTMR6",-9.6800800231853,-20.5706592437802,-9.98490277601486,-10.9452544051906,-20.8225003249925,-11.0650757917527,-8.51520470508252,-9.17050175588308
"MTRFR",-10.476759037982,-10.0037062529151,-11.2578888670824,-10.424113570086,-11.3268241429882,-11.8505799363105,-20.9548584715356,-10.2859417726566
"MTRNR2L1",-8.742389638949,-12.8589728314351,-10.2236087045923,-9.30163266192309,-8.71643928488768,-8.20741193021708,-8.85391372197877,-10.5566697520713
"MTSS1",-11.4370578289756,-9.15685858363176,-9.80410524095644,-12.7017181980249,-22.533768806226,-10.759079382769,-10.3354771753997,-12.7788246033065
"MTURN",-7.45755885636977,-9.17202545737958,-6.604675174827,-7.50925867922152,-7.024415963778,-6.60103123041696,-16.6527704937138,-17.124697159581
"MX1",-9.22488266004997,-20.2688647466657,-20.0941547651615,-10.4707237967329,-11.0088870946851,-10.3643010022233,-18.7172868397389,-9.66605157685423
"MXI1",-9.38914578292567,-8.89084121944828,-8.7747647552761,-8.84107830306053,-9.18135315081462,-8.94252354739933,-10.0325768184846,-10.206335199914
"MYH11",-10.4465904476343,-9.93625964882106,-13.8801689711902,-11.9126937547554,-14.1084771405654,-13.8232197886687,-11.0232582182237,-11.7837701100647
"MYL9",-8.93621408246355,-11.6314354136423,-11.5197452056966,-10.0974204773435,-11.1609637103727,-11.3354655506988,-20.8078855057008,-12.1287228020239
"MYLK",-8.47023519866302,-19.6023107412581,-9.00961610449756,-9.09878954068605,-9.06110981890974,-8.99490785331304,-19.5043221430485,-10.1092754317783
"MYO1B",-8.89067258077037,-19.8649729706815,-21.0571464775757,-20.9798180666123,-12.0851598290849,-12.0266147515553,-8.39302688951551,-12.543804880739
"MYO1D",-10.612465107502,-11.3102983634121,-10.0576975524395,-9.64070937266231,-13.2389602582515,-20.3215541888293,-19.6848868093089,-21.4700576624839
"MYO6",-8.98071832351223,-18.5171611238505,-8.67004407541261,-9.64701842110602,-9.0004772900817,-8.72732375588824,-16.5330496763559,-19.4256891759058
"MYOF",-9.85365393373209,-10.0891833915918,-12.0509995824389,-11.7831375440223,-22.717514602499,-11.0255127635487,-9.14556111399726,-21.9268703058473
"MYOM1",-10.4311213305075,-9.52660198605815,-11.7688101092435,-9.75615490043758,-10.5926483569801,-9.82124698287411,-19.8378740542591,-11.3036259246443
"MYRF",-10.0472009721799,-8.64727103505007,-8.10295890307617,-9.41536877153285,-20.1906937390912,-9.54810947930705,-12.0426044616586,-21.7951664646947
"MZT2A",-12.3996004847665,-18.2787988353511,-9.87428303460794,-21.3175256577986,-10.8125410933028,-10.9636544716572,-10.8404992827238,-10.0995730025677
"MZT2B",-9.39572189592486,-18.5903440543598,-9.06237857653393,-8.57770353632792,-9.31720622977008,-9.15785305999348,-8.19712316693275,-10.1022851484534
"NAIP",-10.8503812810331,-20.136136596234,-10.4954478217663,-19.1586798741176,-11.6802605471255,-12.7957553345161,-10.0211813398114,-21.3692325147211
"NAMPT",-8.82584733010142,-9.51687028015769,-10.9173215741252,-11.3284191514181,-10.2741587778023,-10.2510904999208,-9.43397950307314,-11.9115883060108
"NAP1L2",-20.0727723932953,-9.23079143915742,-12.4025815018838,-11.0516545813291,-12.2268664561564,-10.8527967100489,-20.7367301086301,-8.66808182043513
"NAP1L3",-19.9408131404895,-8.66355702965833,-11.1076262260906,-11.1007657497641,-10.5919702020931,-19.181269107616,-10.0592237967926,-8.59088435230179
"NBN",-11.6041921512973,-10.0710336265078,-11.7939784093288,-10.8636898786416,-10.579976756967,-9.93548208362537,-20.1920956613959,-10.5057310553682
"NCAM1",-9.71199795128619,-7.29032509288543,-7.64963937911256,-8.42474828013662,-8.64243536812803,-8.74920773093828,-9.04394247873058,-7.60645582149611
"NCAN",-12.6878030853284,-10.6265092250543,-22.4726238542524,-11.8863412329755,-11.1072698854145,-22.0433227515394,-11.4409468141981,-10.6696981913695
"NCK2",-10.9926482581154,-20.9974866388595,-11.3917046563346,-9.90439771032313,-11.0924889307617,-10.9513351065515,-9.39434820946392,-21.723425138584
"NCKAP1",-8.89798258064821,-8.37763786736604,-9.78947182761021,-9.44547161851437,-9.48020787431225,-9.76390823577754,-13.2286946011784,-7.968724686888
"NCS1",-12.3862439165172,-9.5115811383109,-11.8356963228903,-20.9089833537082,-10.3456600088424,-9.97635057817126,-10.0124369119487,-8.78106033121967
"NDFIP2",-9.97934340653736,-10.5463380408744,-10.1092427636634,-9.8182507945383,-13.3303415232063,-10.8026234701921,-9.05598286759676,-9.68179531802563
"NDP",-21.9247453384802,-20.3787279666817,-10.4149762570515,-11.162285401812,-11.0063116271537,-10.1083208822838,-20.9378762838952,-10.6144117422621
"NDUFB6",-10.0099433691697,-10.3281604425856,-9.62488281319491,-10.2040881410741,-10.2025948194578,-11.3742124591191,-11.6047470454779,-9.09726409299243
"NEBL",-8.06602697275357,-9.65088209993544,-9.031466832786,-7.85263284160429,-8.04838856442831,-8.05593655191455,-16.5940922984314,-9.10563947129218
"NECAP1",-21.1361837984045,-20.9607299201035,-22.0052635155096,-20.3080837230996,-10.9341992620235,-11.0056538167082,-20.4043681898668,-9.83047016972744
"NECAP2",-10.0494871990543,-10.3204027324473,-11.3109744300891,-10.3041717534409,-11.5487576572112,-11.0429989682949,-9.37128163999982,-11.8166466259118
"NECTIN1",-22.7923650994824,-10.1896891888711,-10.551571259943,-11.5735096184554,-11.8922856281445,-11.2966660503943,-9.94175694282781,-21.7009764193321
"NECTIN2",-9.10761184159025,-9.35524845391856,-22.7305037631163,-9.90138400936444,-12.0376546839153,-20.8376553144711,-10.6500286651412,-11.0576199380528
"NECTIN3",-11.3876669318009,-10.0795494964508,-10.9392389219841,-19.1354104793185,-12.1568702989421,-22.2491446501808,-10.8006638178014,-13.1803137868426
"NEDD1",-11.8296600068169,-10.544340235689,-11.2455728155407,-14.0238563190173,-16.2138554435507,-22.0026136681103,-20.4144921783469,-22.4803934272486
"NEDD9",-9.74576349152068,-11.0578527240949,-13.4697499588825,-16.2398775980437,-12.7395157130358,-22.5538285923334,-10.7495766272395,-20.7084763154754
"NEK4",-11.2085921170654,-20.2165626598125,-11.3705180692779,-18.4660458209964,-11.4407923925047,-10.788318573714,-11.8255916797477,-11.0777369850241
"NEO1",-17.757113917008,-9.08492073648784,-9.19119077742016,-9.65543379804406,-9.67687745006132,-9.18377887957248,-8.41049374172161,-11.6741456188343
"NES",-9.73956593363974,-21.3243082909725,-10.8143110842927,-9.99121029050286,-11.0169540452816,-10.7076378600377,-19.6064921633773,-22.6113339618162
"NFE2L2",-9.17327975834588,-18.6352544309502,-8.6649318363818,-9.5702502059093,-9.13925450670937,-9.71906610459643,-19.2077338533052,-9.84565835565271
"NFIA",-8.1312047941891,-8.02177073301993,-7.93037588123349,-8.30062421879175,-7.39426977299722,-7.58424498501981,-17.4795368699129,-20.5703049026063
"NFIB",-8.04960349633882,-8.67194117530679,-8.65408822683333,-8.90707968048862,-8.33329927415953,-8.47933607648597,-9.28747461742203,-20.0894889436227
"NFKBIA",-7.96818701578144,-19.0471535975185,-12.6178750658948,-8.93878439949455,-9.95664127427591,-10.0630654143486,-20.041122034952,-12.0304069012554
"NFXL1",-12.3885938532967,-10.3589504939038,-12.2303602547715,-21.3707857892684,-11.5800327884644,-10.9293071861871,-10.9773294277702,-21.2601244200172
"NFYA",-10.1454541492879,-9.0309718284149,-19.6994519534291,-10.9863753371033,-11.4903564702039,-13.2240010842525,-9.78514823269835,-21.0176164757244
"NGLY1",-18.4064577112815,-20.3784094130052,-10.7428490746938,-12.9528657598813,-10.9260408245594,-21.1799554471745,-18.2443043861205,-11.8590085260652
"NHSL1",-10.4084884880559,-10.2236609564683,-11.1592228085944,-19.143501237253,-10.2808361436889,-10.4259175005607,-19.3225718255024,-11.8214436394698
"NHSL2",-12.107597063773,-10.2112002271187,-11.8495909263769,-11.4991839697229,-12.7804912943438,-11.3832808901964,-21.2190524916537,-11.3972784577925
"NICN1",-20.8230552475087,-20.0761330709713,-11.1675073698584,-10.2851066689569,-11.7091836209129,-10.8735480150317,-19.1264418702983,-11.7270473080392
"NID1",-9.39720294636896,-10.3876635660448,-21.3798744759057,-11.2952010785922,-13.547761922232,-11.4914567821675,-9.54063801252958,-11.419880883912
"NINL",-21.401606623673,-19.4650983772484,-12.2741515483657,-11.124806784415,-12.552004756707,-12.2184307558943,-11.3558546793795,-21.6108352804927
"NIPAL3",-20.6150417448305,-18.2143792482834,-8.63228683038152,-19.2221782626073,-9.49979411553359,-10.2569571889932,-9.81391361369551,-10.8787551324066
"NKAIN3",-11.9840711099853,-9.7392327113729,-10.4958199904662,-10.1431214169295,-9.1621511057356,-9.00776412296548,-10.9784250341075,-10.9342409226472
"NKAP",-12.2829835620472,-11.2456809664742,-9.81257481662332,-10.6578803297874,-11.1315171968045,-10.6315404434092,-11.2328893293063,-10.5862287378383
"NKD1",-20.2071295858603,-20.9725162238168,-9.96108249060274,-20.9344745202879,-12.4128386151004,-21.615687648611,-20.0674673499946,-12.3315569863251
"NLGN1",-21.6999131311625,-11.7726117454792,-10.1000792092029,-11.1019048696613,-11.4091793166004,-13.2513359301921,-11.5023251998237,-14.4658639218076
"NLGN4Y",-22.5508709696365,-9.21246132977598,-11.9510003435801,-22.6398645328645,-13.1553745345377,-23.3647465809884,-12.0426127101465,-11.5465186416915
"NLRP1",-10.0641863597482,-9.76796695978535,-19.5705724944583,-9.50604913565127,-10.3705140566405,-11.5398797174061,-10.5078314143978,-10.8225838740476
"NME3",-9.79918883947784,-12.4851139878571,-9.68640684129087,-10.3132970613538,-9.62424509616927,-11.6716031156423,-14.528618477859,-9.63342207740089
"NMRK1",-19.7834244433094,-9.55567131683692,-10.7945358862577,-21.4070071607943,-11.6168304986324,-20.0348527370011,-19.7727464470983,-10.6194380631696
"NMT2",-11.2423122661131,-9.62451529195851,-12.1049829503781,-11.2884975834545,-11.5985978074224,-11.3835569761096,-9.54302204539997,-10.2122917113214
"NOL11",-9.82734656229933,-11.3800739143512,-10.7901090626558,-21.1754847487054,-11.236229027022,-11.8216339252846,-19.6750569872427,-10.8705045859249
"NOL3",-21.8292356083304,-9.16720023055412,-21.5520270008846,-17.9709502691011,-10.3882872461802,-11.1272687082,-8.83847311135938,-11.5803758584583
"NOP53",-9.19708946744652,-8.65492389726552,-10.1714667347445,-8.17664202887174,-9.4892625231953,-9.65332808108256,-8.54479216618417,-12.5082338183843
"NORAD",-7.28537421018001,-8.51224065050719,-7.60826785640108,-7.65242283512016,-7.72002808901127,-7.48141573102785,-9.64572367734018,-6.92145492668886
"NOSIP",-10.5711433282967,-19.1411691353239,-9.75637178482745,-10.7658322804882,-12.3239693592076,-11.516053000213,-17.995224946546,-20.0336470202489
"NOTCH1",-8.94923691173519,-11.8150163488091,-11.0042562071541,-9.57780971882394,-9.61499816624422,-10.2349862368821,-20.967712630769,-22.0343766823724
"NOTCH2",-21.5869492315592,-9.00645215577284,-21.3577082321345,-21.4336235144297,-9.24908246783894,-9.33247497780411,-16.6691986973645,-21.7979410632635
"NPAT",-10.7157965897721,-11.2905242808425,-12.2503297393334,-11.0736896087344,-13.6646612539294,-13.6223193150681,-18.5171482286871,-10.7417700431726
"NPHP3",-10.7962287538131,-11.4651594766106,-10.2009350750706,-9.88140524604412,-10.6055672118925,-10.970389325573,-18.8123624038099,-21.3727437479113
"NPL",-11.0144080800715,-19.8029180046141,-11.6341812843525,-9.84244477524115,-9.99283404003222,-10.6935091379206,-8.5660976500597,-9.80683565480146
"NPNT",-11.0643813031414,-18.9940943629642,-22.4334883179397,-18.7714594863461,-10.9271112010658,-10.2785979716475,-9.44995835498276,-8.49487384821013
"NPTN",-9.36979695213914,-9.4022798140141,-11.1279906722913,-9.84284957470008,-12.6166051889243,-11.0136944445798,-9.3066442151753,-7.77311007784659
"NR1D2",-19.7281465726597,-8.78095580204132,-9.77258487729492,-13.7780974777926,-10.7506425025182,-12.960394738138,-10.1454101633999,-10.5408053162365
"NR3C2",-20.7654693809637,-10.0031046621935,-12.4086694554337,-10.8726617435173,-10.979748515693,-10.7792305572331,-18.6381622577398,-11.2667450993884
"NR4A1",-9.62933648421843,-20.6309497149912,-13.7045944168425,-14.1678778347793,-13.0733370482469,-12.4492338867682,-12.4408166624119,-22.7183084932581
"NRAS",-12.703177280437,-9.64752755919509,-12.6003540877645,-9.73490330362358,-10.8612930245526,-13.8435746558537,-9.3800686904955,-11.0696325020833
"NRG3",-19.670111263961,-20.7234707268274,-21.8886767033849,-10.248771908262,-10.8883134897447,-11.0101193077771,-10.4540133500623,-11.093711746215
"NRN1",-10.7624994586999,-20.8116657380871,-12.500348914451,-13.0144206097207,-23.9813596637864,-21.9595701997848,-10.7335721847199,-10.2655775684903
"NRXN1",-11.1366540582911,-7.83051388329643,-19.9800227185318,-9.51418486229512,-9.19341161968502,-10.2312194205079,-8.88467621464708,-8.40261575654944
"NRXN2",-12.0007962311029,-20.6459842531575,-10.139775986629,-9.57222549642889,-9.88835552942183,-9.33542867398749,-9.78348626472847,-8.96565536033466
"NRXN3",-11.0239204998385,-8.90555280631802,-9.27337712994321,-9.94725664452503,-20.538585483015,-10.329048114573,-9.94198054460743,-7.42951396365302
"NSD1",-10.0204055783155,-9.62466696391317,-11.2471606862458,-12.4474760674675,-11.1884703102582,-9.85950541200473,-10.6684701769381,-20.6178264505659
"NSMCE3",-22.1619675989026,-11.015648070401,-10.2045650408773,-21.2079386478605,-12.0353777940199,-20.1537115052597,-11.2205669343586,-9.86096890608313
"NT5C3A",-11.9092820290814,-10.7758311006347,-12.8401163335863,-12.0756109904875,-12.0100222689731,-11.2867002349031,-21.0921854614554,-22.5998539151327
"NT5E",-12.5292937806718,-10.0511071133526,-22.8152182921017,-10.9698223795241,-9.9494729916463,-11.3321834584718,-20.1037835855454,-19.3279168487975
"NTNG2",-10.5258701555608,-20.0480455657277,-13.5293712987669,-10.888184667582,-11.4448913139314,-9.81469298876339,-9.55947843120381,-21.4193853519882
"NTRK2",-10.4818811988959,-7.41600978304297,-9.78026443647449,-7.11775103859971,-6.58381368774974,-6.68242510318631,-7.14717842861264,-8.46831956695956
"NUAK1",-10.6867979001078,-20.7361384549298,-10.2229717589656,-13.8656754063871,-11.8972538462084,-11.292153485587,-14.8296628189195,-9.79933005052767
"NUCB2",-10.4276635602125,-9.50376024817595,-10.7801825038862,-14.0207328146095,-10.4072371599802,-11.1615906084377,-9.56294433417981,-10.7589899246977
"NUDCD3",-19.7379797120055,-18.9818672744296,-11.1176039604542,-9.46113821430466,-9.86389046294507,-20.257323511534,-9.68893176106177,-9.2155845480017
"NUFIP2",-9.57688001346824,-20.0190376448541,-9.21014870286942,-10.8494136976062,-9.94613459282415,-9.61114611362658,-15.7511146483058,-9.16432253424867
"NUP50",-10.8312946171386,-11.9561401793364,-10.8597942415826,-9.82413764952083,-11.5481011378146,-11.9196439557847,-19.9371212654623,-10.299692823479
"NUP58",-12.3485446064517,-14.0656859896343,-10.4943690263099,-10.7326648318908,-22.4773816355287,-10.6044796220208,-10.0449579582835,-9.59290757532668
"ODC1",-11.5758854149012,-9.73856288290404,-10.7713783056698,-10.0057022854937,-9.97988974487904,-10.7010240966796,-19.0058843492229,-10.6126638431939
"ODF2L",-9.95551757337299,-9.57716566911445,-11.8549132840233,-20.8392036315834,-10.7986561648519,-12.1990547195569,-19.4317879309953,-10.6427673521939
"OFD1",-11.9420154088274,-9.07900549670827,-11.0697230366269,-11.9502014233959,-11.0241083119521,-10.9614763673671,-9.4761451317987,-10.8678783833069
"OGFRL1",-8.10218355582222,-18.988502648343,-9.78534553683601,-8.1161004454176,-8.01206907581997,-7.82811901997632,-8.13047953509989,-9.60258873145459
"OGT",-9.8433250426357,-19.3666174337175,-9.95603768791268,-9.77025714009201,-10.1804015657693,-10.1795274365444,-8.72295910949877,-10.1152618243449
"OLFM1",-10.4316468328015,-8.58384169864938,-10.4973669792017,-9.94719344702329,-9.26857403869525,-9.94898811675331,-8.15122535025089,-8.18140330444567
"OLIG1",-8.80660971442253,-7.11396334160888,-7.61642317860638,-8.56502542627637,-10.4091449117342,-9.5594536565091,-7.56129863447931,-20.4734234790201
"OLR1",-18.6207330842611,-11.3181768090071,-13.0729749721397,-10.563964581429,-14.9264098868693,-12.5847903278786,-10.0184392707902,-21.7313590009556
"OMD",-9.6788568854824,-11.3429169630413,-21.1863603157145,-11.4534930459078,-12.8003498865897,-11.5360188578184,-21.6376983112629,-22.356876212583
"OPALIN",-11.3491027705692,-19.1772460957385,-8.74823204980605,-19.1214716008154,-11.0986432505603,-10.0157700284965,-19.900266957798,-21.3142556929212
"OPTN",-9.65907481941349,-8.91907251503419,-8.92391979566451,-8.84143240542298,-9.0495481294314,-9.32286066739376,-8.4607812888524,-7.90356952510624
"ORMDL3",-10.5597592165175,-10.5893950050838,-11.149465236958,-11.2865683578828,-11.4158960150238,-10.1942646736377,-8.79288665568997,-11.9126425377181
"OSBP2",-21.3206964939356,-9.89756102420743,-10.9488391747424,-12.5643732870653,-12.3930171355044,-10.1949638446131,-20.2244391297501,-10.7795206876546
"OSBPL11",-11.323840229535,-8.76980298741493,-10.7916428940229,-9.46366199941101,-10.0921502601679,-10.3076233263385,-10.3509647421639,-10.2311220481087
"OSBPL1A",-8.77714513582972,-9.35241549632897,-8.33642117773922,-8.84073158745285,-10.2780157237695,-9.4558850179503,-8.49787544806258,-10.0945887230293
"OSBPL9",-10.1795565044446,-19.1312772572373,-11.061340484804,-10.105128049959,-11.0071714230516,-11.3245296460322,-11.1505581934431,-10.0074415660424
"OSER1",-10.8750466952626,-10.7708978490718,-10.721917746701,-10.5199795205088,-18.6623458901588,-21.6423636023936,-11.1459068817035,-10.1285800553238
"OSER1-DT",-10.9741600201662,-10.2166353729407,-11.9526747832616,-10.7032874858458,-10.8240558807455,-11.6534375395754,-9.0337831823062,-21.2025253150902
"OSGIN2",-21.0150408259426,-20.8841813212778,-10.3140094427264,-10.448074475348,-10.8792784483065,-11.8397978306144,-9.13836089724811,-10.5976107535222
"OSTF1",-10.8090712543122,-13.8660047705856,-10.4369593735879,-11.3852407347132,-13.038886455473,-21.4560621089707,-9.79551908440898,-10.9557310328622
"OTUD1",-10.7588848428827,-9.05974485170562,-11.1923628184216,-11.0832700151466,-18.3819531875334,-10.9626153965216,-11.7989333699653,-10.5012012015282
"OTUD6B-AS1",-10.0935660637061,-9.47888821665675,-10.1729438028371,-8.994798452825,-9.63613062488291,-9.95951574544268,-19.5912821001388,-9.59647704050574
"OXCT1",-21.2025699960334,-19.215389020999,-11.6524801127036,-9.56335895651201,-9.86269079882207,-10.1189482237979,-9.95593839810964,-9.9369651834805
"OXR1",-9.43653562247324,-9.37054924854721,-9.75716975218704,-11.5394147237103,-10.6223154106425,-9.94381881535101,-20.1605924271043,-10.2290807492956
"PADI2",-19.4954121668914,-8.36735006122723,-8.05525588933273,-8.41660602309314,-8.84568532166113,-8.85049112502904,-18.1105098987272,-11.9553117834502
"PAG1",-10.0559019215359,-19.1565323415015,-10.1626550860343,-10.3187972619762,-10.9805178839295,-13.4743752538631,-10.2132987611352,-10.6005308936028
"PAK3",-13.2386450559441,-11.073165741981,-21.7895969861961,-21.1216330952891,-10.7163483638634,-20.2835524224861,-10.0178568054022,-8.98407408042345
"PALD1",-10.3588785164818,-10.8734511721995,-12.0873958140733,-22.452695520488,-23.003691900649,-11.6182884621076,-9.3340918368704,-22.1387583291964
"PALM2AKAP2",-9.13388442345447,-9.19722377668776,-8.91069587091657,-9.17381501721065,-12.4791225801391,-10.6534133971454,-9.70377303949837,-8.67399215572009
"PALMD",-9.45148493032857,-10.1003740642293,-15.5116053261379,-11.1212517221825,-12.9622600622323,-11.7989558689303,-21.7388215491581,-22.9163936523313
"PAM",-8.84305921301918,-9.66193131424907,-11.523383122683,-9.58722504528126,-12.4865919217064,-21.3502930717336,-10.8726509324043,-8.3541221157559
"PAMR1",-18.994127904046,-9.17146209045216,-11.2015637271651,-10.9045689911952,-9.56623711176044,-9.92482859097966,-10.0538522346642,-12.6226594913393
"PAPSS2",-9.97046425359555,-20.0404024500393,-15.9004769937343,-20.6161470328814,-11.8371574449909,-21.7108449749333,-11.734590794756,-11.5397975455315
"PARD3",-14.9652396478817,-10.3581963371981,-11.2638790108579,-10.3607382804353,-10.1313663188178,-10.0022668203927,-18.6026407979019,-21.6773023365513
"PARP14",-10.0609988030875,-10.3864812599223,-21.4888835888521,-14.95623907842,-11.6646652227228,-11.2430706246778,-19.5627392550333,-22.4054370004869
"PATJ",-10.5622271156093,-18.8643325733056,-12.2408114398825,-10.8423469824191,-11.2736556820437,-11.249239749498,-20.2059836958769,-9.79196236930869
"PBX1",-20.5388829962289,-8.3500112557783,-9.54620087640086,-9.18581683467587,-9.09720038701168,-9.23874964424202,-10.6644796479092,-8.01997766030059
"PBXIP1",-9.93340345954192,-17.921358823849,-20.3057825882055,-8.4410322394616,-7.78916407664171,-8.15419184898678,-19.3351507663208,-19.6576393466005
"PCDH1",-9.26874627867869,-9.77406515343113,-20.8041086855191,-11.4032943235118,-11.8200645028107,-20.4984257624835,-18.4747302191398,-11.6617917474393
"PCDH10",-10.5098705395503,-9.56490941014246,-9.5129139850684,-8.99306818245551,-9.48155184341714,-10.2247146313687,-10.5019615592054,-7.9147519600763
"PCDH9",-8.17829359234285,-6.51324724218551,-6.69290653381187,-7.55176352412893,-7.74412587897417,-7.42757478366588,-8.39403195580946,-9.46621782385444
"PCGF5",-9.68240562022268,-10.826449997604,-9.32039973881007,-9.34812782275561,-9.47530203345616,-10.0481954272647,-8.31821555743232,-10.7356534283663
"PCMTD2",-9.74509085559252,-14.4917261672927,-9.77270940686488,-10.4047992947847,-11.4165855836152,-10.2744453135262,-9.55801340249603,-9.70693471608998
"PCNX1",-9.89913866851201,-8.90997761966566,-10.2452556464326,-10.6165593429391,-11.4471878398412,-21.6180325054159,-18.4709481345158,-9.56632175679461
"PCSK1N",-12.314917629072,-8.35075203700515,-8.87477701545449,-20.0359443301671,-10.6371989540296,-12.4901329955733,-7.94490955247743,-9.22772527037355
"PCSK5",-10.6411396869988,-9.67365406071164,-22.7642888201219,-22.1835753057613,-11.311360220786,-10.8674936666849,-19.8568612324658,-22.4934219224971
"PCSK6",-20.5279009509497,-10.9020683324515,-9.56186436819291,-10.5829653678072,-23.1702951758866,-20.9196632871878,-19.8171772743451,-23.0057445532354
"PCYT1B",-22.388927147143,-20.2083154749727,-12.2521344930615,-20.6887962685694,-11.5307275186919,-22.2514420624939,-9.64357321790739,-22.1923210229451
"PDE4B",-10.6847541481023,-8.42649067914101,-9.92163019280675,-9.92495903514181,-9.80882849401403,-9.50088026472329,-8.2308369002759,-11.7294522690475
"PDE4D",-21.0828153486801,-20.0279117535154,-11.6143642712992,-11.4578392239111,-11.0607840599635,-22.0153876637621,-11.2093597169704,-9.5557562361466
"PDE7A",-14.0692501727644,-9.39805780725945,-10.7096955493965,-10.2269340313698,-11.3123642909191,-19.489935439381,-19.3717213972668,-21.186254643824
"PDE7B",-10.8988137870268,-19.121936528107,-14.8189326893532,-21.5500015154839,-10.7111281257441,-11.5187642047997,-20.4064007644295,-11.0863635273842
"PDE8B",-9.57785354718105,-10.5628620040695,-10.6582000297998,-9.77638877771141,-10.4467667521285,-10.3344949446887,-19.823825171585,-10.0441982764755
"PDGFA",-18.6755223542376,-19.9832358020398,-10.338380718626,-11.1325325519195,-11.8410942227558,-11.8904991754108,-10.1330652520076,-11.6183315155789
"PDGFB",-10.3803341074362,-9.65874116561134,-13.2802703632446,-21.0665870010604,-12.0705111688277,-21.4028416577707,-9.35964830584415,-21.8231089206522
"PDGFRB",-8.6064030635578,-9.84883322628976,-12.3696881471812,-10.518093086901,-11.0918878991649,-10.7990042030898,-19.4803720175492,-22.1132593849909
"PDK4",-10.2103406064665,-17.9611848194411,-8.96366731874519,-10.1031239567809,-10.4373502945668,-12.3103469694746,-9.73144754695254,-10.6089534824805
"PDLIM7",-10.103173474004,-16.632771116321,-20.7925041038989,-11.4976947546819,-11.4161677038801,-10.0525953109205,-9.933830851148,-20.2137847655722
"PDS5B",-21.0130591871762,-9.04911866205434,-10.5931752434664,-10.0736040730694,-11.0067714402694,-11.8708398236264,-8.34866323558782,-10.3933916309305
"PDZD4",-11.1976512385924,-19.692572151809,-10.7995529637284,-9.62184480657378,-11.8127055341811,-21.4649869804464,-11.3664013178775,-13.5121466854515
"PECAM1",-8.20545321855373,-14.0174511078557,-21.3806544407425,-9.37113102568312,-11.2150724133294,-9.59865289312696,-10.2126883049056,-11.3234538537724
"PELI1",-9.41537158923811,-9.48262003954573,-10.0319142909626,-12.1683723496699,-21.0922820732166,-22.1418911094493,-9.36297746595887,-11.944294784576
"PELI2",-19.659067802718,-9.1502502160699,-10.6822464985333,-19.313673461631,-11.6459481428825,-11.3490966425116,-19.7514468263519,-21.3678348132669
"PER1",-10.7838732000274,-9.52221489789152,-11.7217804229235,-10.970008556642,-11.0612996133786,-10.7507160107869,-19.2033571827115,-11.1903078987058
"PFN2",-10.7100295872211,-8.27464154017209,-8.93864155529195,-9.23863731999804,-9.96069750390071,-10.0252755928514,-8.50516662437741,-8.69982511594987
"PGAP1",-22.1775399048495,-10.0981242492986,-11.5175024672578,-10.0747566611983,-11.9226731075718,-22.5386754887284,-10.4660288405685,-10.5685765767239
"PGM5",-9.97980347809057,-21.7112066456191,-11.0636941077574,-11.9712022548203,-22.6566336976814,-22.7822712585386,-10.151406187436,-22.5513636354404
"PGRMC1",-9.3675696351329,-8.61311158211655,-8.68678499466986,-8.42556510863315,-12.3172718180075,-18.6722407859372,-8.85283693173559,-7.54664793481248
"PHACTR1",-11.7702712215599,-20.7589074470957,-12.5523342162424,-11.5645938889655,-22.0211298538919,-11.6052918280683,-20.5853145286358,-22.8021447399334
"PHACTR2",-9.26487245128295,-19.8785976132027,-11.5279008200192,-21.3626498024006,-11.0687209466579,-11.4393602696586,-20.3312853539596,-10.9978402101324
"PHC3",-11.5882850287917,-9.50826044647513,-10.3394021070108,-20.925192372898,-10.7181475915284,-10.5926833076091,-20.0751631573617,-12.5249726236286
"PHF1",-10.1664654108129,-21.0237110466377,-21.0023321351568,-9.96876516689511,-11.8116472480157,-10.1775178669765,-9.38591851395584,-10.4163969697366
"PHF14",-9.55553869147356,-19.9184244002456,-9.90444014618015,-10.4136410441819,-10.5131398522281,-9.97614828674083,-9.30803261334161,-9.67526300771669
"PHF20L1",-10.1320995355107,-9.24377205191106,-10.0517865134119,-11.1525372913909,-10.5149944307215,-9.85053230371173,-9.15334265047535,-10.5390453757351
"PHKG1",-18.9961859564271,-19.9094562012597,-21.8614285813376,-20.3142836216679,-10.2312254754786,-9.86331822721062,-20.1842168738169,-12.7943680072627
"PHLPP1",-20.3521787655421,-8.55993931289771,-9.28602696149404,-17.7504204328979,-9.26393990403663,-9.31859941914578,-8.17349390274868,-10.4994206739381
"PHTF2",-22.4505937278067,-10.0452512293087,-11.2587463452956,-21.120459598082,-11.8867331006729,-12.5915232055684,-20.546877241281,-12.1108608931181
"PI16",-9.82004493150507,-9.51263682294426,-10.7208958439467,-20.6534845577249,-11.3985230395641,-11.0512649800195,-10.3921337698822,-11.8164551577108
"PI4K2A",-10.5873908089172,-10.4579441876939,-10.6764444555244,-20.1546398315935,-12.9224200342176,-20.0260594124971,-11.2508551262384,-9.5393486122208
"PID1",-19.9899852499905,-9.09100176468782,-10.9886287039657,-9.85404913117918,-10.8831092239901,-11.2999807395392,-20.9398517383775,-9.39414057726738
"PIK3IP1",-11.9359617381619,-10.1600170769817,-11.184857465709,-10.2823582565129,-10.4068819597816,-10.1335430028143,-9.470517445324,-21.869116161827
"PIP4P2",-21.3193311397681,-18.1039795075646,-10.017695869444,-10.1418888395439,-10.6210855184749,-19.5767819915167,-19.6501755263237,-9.85745533433344
"PKIA",-11.1199046574132,-8.50598150750174,-11.3010182591256,-9.77977651961882,-10.3226289292136,-10.5825095248503,-8.97637394250194,-9.14804359244809
"PKIG",-9.57877351591273,-19.9168067862329,-10.7420479173457,-11.0077575100604,-10.6100196581192,-10.0619236007492,-19.6329199639396,-21.9574588703298
"PKN2",-9.6288754277605,-20.7701156338377,-9.92947610971579,-10.803114558858,-10.725240186995,-10.391667282137,-9.07169598870198,-10.9361309726791
"PLA2G12A",-8.80538355409923,-20.6674098551316,-10.0437047986591,-9.36230624432713,-9.82873010184585,-9.3842374221557,-9.25619755708358,-9.98766694592202
"PLAAT3",-9.03485944743108,-7.97983917168547,-7.76076651419063,-9.5070025417289,-9.24744299496513,-8.77895816500843,-7.99934005314072,-11.2812143973142
"PLAT",-8.56937254817323,-9.99661849759656,-22.7654687144751,-10.561977427891,-11.3996983175413,-11.4161933694995,-9.43657315713655,-12.9231156903163
"PLCB1",-21.3858968556084,-18.8097287474866,-19.3511876141459,-17.6381671595514,-8.98332391907821,-9.21287243688667,-19.6540424957862,-8.85219312253097
"PLCB4",-10.4847549688892,-10.1162436866471,-12.4201689944835,-11.0409153813728,-15.0695019275463,-11.7180531192359,-20.0582352596147,-9.65923401755042
"PLCE1",-10.302608181543,-10.1713759449429,-11.2025711527249,-11.3129980755024,-22.5135030055471,-12.0894545246602,-10.5360583596712,-12.6137827198113
"PLCG1",-10.3746234875703,-20.782339973955,-11.1829713739026,-10.1943718635143,-10.3339567769351,-10.9695854998824,-9.56234943463879,-10.5056712667353
"PLCG2",-8.69345918121174,-9.55045010137137,-8.3149202226689,-8.71571312989009,-9.09047197673245,-9.68188340033951,-10.9965835396529,-9.99036114455934
"PLCL1",-10.0046103524087,-11.3704400530299,-8.9829449828167,-9.27792551967125,-10.7986187249877,-10.9867413461839,-18.6162972698302,-21.8978299451154
"PLCXD3",-10.1772728244275,-9.43738463821491,-20.5551716751761,-11.3492161732145,-12.6169194395449,-9.79276578941537,-20.7079885586151,-9.48018170842406
"PLD1",-22.051941028542,-9.95866257209733,-10.1367641291079,-21.3223039681765,-14.9511611163004,-17.2330054898837,-9.83802353909816,-22.3190319831828
"PLD4",-12.2131149311691,-19.1688221597374,-17.5014035960586,-10.7165773980454,-11.4351959173478,-10.7065206214757,-9.55655964425752,-20.8975049122548
"PLEKHB1",-8.12412541640449,-17.3034654362391,-6.75730385390027,-7.40140910893039,-7.15905726446101,-6.93963636661361,-7.11166554514203,-19.9419926557226
"PLEKHG1",-10.247847563964,-10.7886427237895,-10.7436328944151,-11.3315111002428,-11.0656134277324,-10.4361574250532,-20.4596117134214,-21.893227023193
"PLEKHG3",-9.89609468743825,-9.07390066380081,-9.41975272695835,-9.43145141443865,-10.5069564356535,-12.7266769886907,-10.6952841357564,-11.6949437092678
"PLIN2",-10.7075043505519,-21.0080813141699,-13.0518945283878,-19.0043047131228,-10.7548501229596,-17.5240807295224,-21.1483769517184,-11.787635269484
"PLK2",-10.4484114078655,-21.80817885832,-22.5831082973285,-11.6647373508897,-14.1334402983842,-20.6811005253535,-11.1771851613393,-22.799129702923
"PLOD2",-11.1126964649716,-11.0262784786619,-10.5979522635071,-20.5568347093153,-10.4576311412409,-12.0675475707129,-17.7195953331817,-10.8653109333568
"PLSCR1",-8.90664563046244,-20.75780829655,-11.9609157821142,-9.4128728367767,-12.6175650371319,-10.746092872807,-9.90313240183828,-18.430947399949
"PLXDC1",-9.52201817453431,-19.7788640270998,-21.8810261818286,-12.5735530681114,-10.7832424948519,-11.6301057167714,-19.2940430319322,-21.5856533323072
"PLXND1",-9.72753200528833,-17.2337014083223,-10.3356296166494,-9.3266853468002,-10.0808135877807,-9.40139105287551,-20.3046926080934,-20.4830143662677
"PNMA1",-19.4333084962888,-9.70681240235418,-9.89432170513566,-10.0638592747,-9.89236539955995,-11.1469658966886,-8.38437679776643,-9.5279369453904
"PNPT1",-10.8323000054092,-20.3507732035688,-10.0685078393635,-10.7256550242813,-10.6653159081529,-19.9590490982561,-20.7595603107208,-10.8225176154125
"POC1B",-10.4991971128758,-8.62980838357527,-10.2463192777093,-11.8265081924102,-14.3198473244308,-12.5467015746434,-11.246173864068,-22.0913917239757
"POLI",-11.0600358664485,-10.8870934450974,-16.9573196275763,-12.4566028203299,-11.4357731249173,-11.38766677219,-19.9657946701342,-13.4873413180177
"POLR2A",-20.614456490852,-19.2475365036519,-9.4586874858774,-9.20777837412145,-9.94947256281101,-21.052569740182,-9.36710518025887,-9.39103497974565
"POU2F2",-12.3115982161187,-19.4940171002175,-19.5577939881219,-11.772279865148,-11.5551574946643,-11.6378467922091,-10.4296692684957,-10.9672667909256
"POU6F1",-11.5919169931225,-21.6562146341127,-11.8967457316933,-20.8058053901441,-12.8167979575453,-11.6833010571277,-11.4156271041809,-11.1505848594841
"PPA1",-8.36085766538476,-11.7698109123937,-8.27578527192086,-8.67593307619472,-9.58253251073395,-10.5323540802106,-9.00425973481199,-8.06125560688233
"PPARD",-20.1825911557087,-9.79091083543597,-22.1684649136457,-10.4685922585943,-13.3842598666767,-10.6545692428893,-13.337734329646,-10.4400171794047
"PPFIA2",-20.4237284152886,-9.88077200550086,-9.81239738606708,-10.6947993344079,-11.356030140012,-10.8557579677524,-9.50198450898987,-9.83541213485383
"PPFIBP1",-9.32398206590662,-20.0149583758315,-10.320845051897,-10.1847484002931,-11.362767613763,-12.4155110844511,-18.6309538526274,-10.4905225062118
"PPIF",-10.9809828746792,-9.83821219063307,-10.02991600677,-20.0815348711386,-10.9814162879675,-12.9625465859775,-11.0785215959271,-11.8899006721257
"PPIL4",-9.35331601853746,-9.07320266347921,-10.5258023239782,-10.2138702417499,-11.9901142358195,-10.9957001610151,-10.2654172677644,-10.2882341289766
"PPM1A",-9.31608825269222,-8.4658424232987,-9.71185082867725,-8.59667911436281,-10.5378017117909,-11.167348582547,-9.13977762486392,-9.03478898452953
"PPM1H",-22.0145208287377,-12.7745911270047,-10.4925938229662,-12.1998374219273,-22.5770105953433,-21.307314234745,-20.7900337035041,-10.0710682756252
"PPM1K",-8.99023143387994,-8.68372784470789,-8.92482641066845,-8.81838940140606,-8.62847651677001,-8.99530578443645,-18.9676121445712,-9.56465100593755
"PPP1R12B",-11.4509098712313,-11.6607141261024,-9.55233174595674,-10.7034052231586,-10.4923112450497,-9.75835260257037,-10.2377580218375,-11.1216472574994
"PPP1R12C",-9.90645867276252,-18.3133933692506,-10.2372916235756,-18.940269801518,-10.8063592249164,-16.7531158517264,-20.7262599649176,-9.7368701261955
"PPP1R14A",-9.8908812934231,-8.10418410058333,-7.32030089971884,-7.90371700046827,-11.6471563687959,-18.0905278067337,-9.35689243645521,-21.2945944569696
"PPP1R14B",-10.077110167439,-9.3128557669381,-21.7845657235051,-9.89301454052434,-10.1050278415461,-10.8974674581408,-11.2760649023397,-9.40326624258809
"PPP1R15B",-9.61525573684849,-10.7980973300637,-10.1193687715325,-9.93968928499189,-12.6041976854257,-21.8868960751564,-11.457932886759,-10.4233385752278
"PPP1R16B",-10.3296882406255,-19.7875042404596,-9.15236352900796,-13.533754939502,-13.521870925381,-20.9185589369488,-20.9799088533736,-22.0152212141146
"PPP1R3C",-9.61448441342284,-16.4779422230797,-11.1422442528561,-9.03786783504781,-9.95711211407875,-10.5367512303329,-9.88321234580814,-21.9193434923234
"PPP1R9A",-10.5819884369645,-20.0225782196679,-9.78420752429891,-10.7146298739214,-10.6916949240968,-12.714410074636,-11.6719225174396,-11.7746385387014
"PPP2R2A",-9.31926535595328,-9.19897643175989,-9.31507389405499,-11.2981975875344,-21.0692742395521,-11.0433784946078,-8.77520680656657,-9.84455067679361
"PPP2R2B",-11.561006210188,-19.8376257731363,-9.556614121951,-20.2547931557024,-10.0517433045165,-9.72086044504897,-20.1926114935991,-9.64416686426138
"PPP3R1",-10.5747479133523,-9.04600238333512,-21.9730679184638,-10.4924155884074,-10.7074025441525,-9.75670158117878,-10.4578293086106,-9.0658002936674
"PPP4R2",-9.71358957047012,-10.3417021995111,-9.24381628552312,-10.1339985917212,-11.5261201482251,-9.96922897900444,-9.43046575534455,-10.2514561101206
"PPP6R2",-11.2977349555401,-9.40900960503081,-10.3697102414821,-10.6868257911585,-10.9651234149668,-10.9656614278917,-18.826068832149,-9.49656880818614
"PPP6R3",-19.4492005502338,-11.1943145918498,-9.76654151946419,-9.44949721305029,-10.2139974907825,-10.7513986322639,-9.9660906746594,-9.67855506189248
"PRELP",-9.37185837180489,-20.8697012405099,-11.9205652855096,-10.5973790849453,-11.7132754662269,-11.3500896521321,-20.17336374937,-11.839579155681
"PREPL",-9.77161784964469,-16.9012793631325,-9.14896150759292,-8.76266180246309,-10.6043672446654,-9.68908457088876,-8.6886662666328,-7.39309824314256
"PRICKLE2",-10.8884541862621,-19.2263678785122,-22.4149513389194,-10.6260918947004,-10.7645357282515,-12.2357013134009,-20.507675948362,-10.7676399186513
"PRKACB",-9.08508157132565,-8.96329406248301,-8.00176612888215,-8.00586284480151,-9.66431237985674,-9.39743833740499,-19.006743323081,-8.10835072200147
"PRKAR1B",-20.798724846767,-19.6423596689372,-11.5711959391937,-9.99308656325453,-10.8087109274225,-21.2035573807193,-19.0492776704638,-8.40037027062496
"PRKAR2B",-9.54227160508917,-10.8605078995393,-22.2551823209086,-11.3472849419719,-11.7680394901349,-20.8786106381115,-9.17775575983356,-8.20122982278267
"PRKCA",-20.8679019145805,-18.5719479082522,-12.4872770766474,-9.66041490029401,-8.48519960635844,-9.11143490250291,-8.32582273961237,-9.77396618509516
"PRKCB",-10.7077748691603,-10.6602059497898,-10.6670896093216,-12.5028554166822,-11.7065138351239,-13.0867589238372,-19.9258026968777,-9.96455642114299
"PRKD3",-10.0486270968802,-21.2542215505992,-12.1808100135075,-21.890424710385,-10.7772916396886,-11.774835505642,-10.0835345313333,-21.6324693316659
"PRKDC",-13.5086283285649,-16.8259746840466,-10.2425682534517,-10.016932466251,-9.69155151831625,-10.4714825572818,-9.34740941644568,-9.97624293687653
"PRKG1",-10.5320655358569,-19.2110739457845,-22.471378107468,-21.402829029987,-11.0557066296166,-12.028046738357,-9.7724923472179,-10.2630379472301
"PRKX",-11.3693356324701,-10.7317419555741,-10.5767172679832,-17.7393173370382,-9.62749455565543,-9.67880614191137,-19.7432023400765,-10.7533152484999
"PRNP",-8.45102453563278,-7.99256774226972,-7.5491785496198,-7.71005254173426,-8.04039045218115,-8.01739585702476,-7.66326838789432,-6.85590135704309
"PRPF6",-10.2942871768156,-21.0617940015421,-9.38019635904596,-12.2214521249717,-10.8841595241558,-20.6452291304368,-19.5764206010147,-10.2145485306697
"PRPS1",-10.5009072670579,-19.1213985989095,-11.0346260163039,-20.4763839902714,-11.5507937536632,-17.8724078714579,-15.4632767715327,-9.12421508123596
"PRR5L",-12.0404946614873,-10.1199503316598,-10.4387529776197,-21.4281816688499,-23.4884605890713,-22.7394433220133,-9.29434838503746,-22.6055851647992
"PRSS23",-8.98409382061142,-10.8302422363743,-11.6080007481578,-10.0135993820874,-12.1747581191847,-14.3783406962121,-20.2963185959554,-22.5044962504638
"PRTFDC1",-10.2791562421883,-8.9315173501721,-11.3099280112006,-9.53442640297119,-10.0212776540422,-9.57110803667324,-19.9784877155384,-12.2559135532496
"PSAP",-8.07311171615605,-14.9063795657452,-7.49904705558344,-7.02033115577853,-7.06414953728615,-7.25467623323277,-6.68681805636848,-6.90576781924978
"PSD2",-19.6893373035474,-7.53901779298377,-12.1397579505142,-9.05740519553965,-8.31150568273301,-9.0564741177199,-8.67494648287917,-10.3764210530766
"PSIP1",-9.83003040366915,-9.38799140519021,-8.39681530980141,-9.23051371564475,-9.31891214575723,-9.45049685411524,-19.5345900364323,-8.30935667248795
"PTBP2",-11.8558544626658,-10.1460284083135,-10.4857748693684,-10.0569196775424,-10.4245673928029,-17.5302864224281,-18.5845507139501,-9.64020667827968
"PTGDS",-6.66901165554949,-6.03177102899176,-6.26723903036714,-6.05937076589624,-6.1492973713998,-6.58612366182664,-5.83907467381202,-7.944641619201
"PTMS",-9.14894044055033,-19.9756914278687,-22.8250376673757,-10.0520768373677,-11.4824529615856,-10.8990534367361,-11.7975573289261,-10.3655734945269
"PTN",-8.17762605067574,-7.82323225886696,-10.1516304758934,-8.3642709277673,-8.77333524502466,-8.63701049869444,-7.75956866212746,-10.2690059225229
"PTPN4",-11.7426994814772,-10.3864089769509,-10.7236160980371,-21.5979452184831,-11.3142935400583,-21.3356346141122,-9.84506646730633,-11.0097879559253
"PTPRB",-8.53492929230379,-9.7214392333521,-12.187767454352,-21.287220519748,-21.7855072309379,-11.1405968496153,-20.0237208258117,-10.9512106089518
"PTPRC",-12.5963665511689,-20.4079928168114,-12.2934676660898,-11.1293278734304,-13.7714051773207,-14.0346870552435,-9.80222065320787,-22.8424975290102
"PTPRF",-12.6799566458859,-9.82788710640988,-9.25379078570553,-8.56939053107622,-9.07243315852792,-9.30851457333976,-8.83133945766534,-9.33887333079745
"PTPRG",-9.82286464667262,-8.34376962793618,-11.7541171500359,-10.9999179938214,-11.1538615827969,-12.4977162711175,-20.3064319410184,-10.3217497140459
"PTPRJ",-21.3531585529113,-19.4469796335732,-11.7432869617249,-19.8528785553989,-11.0707207081232,-11.8953720901986,-8.70788749049484,-10.6551641212656
"PTPRN",-22.1848777742957,-20.1620950646083,-23.3685173133349,-11.9399166158907,-23.8130909669629,-10.6580338188522,-21.2836021644192,-8.12973870371006
"PTPRN2",-10.6424799424009,-10.3292720936539,-10.4740076407072,-21.1398427585431,-12.0219191114984,-10.531240566315,-13.4345683741234,-8.78841376083367
"PUM1",-10.0158691953549,-9.7017274359184,-9.35547550501744,-10.9582904956653,-9.64626452676798,-9.23321368443846,-11.6487965648927,-8.87479617431939
"PYGL",-12.5797434133572,-19.3437102513719,-22.6821911779035,-13.5753743220808,-12.9909630377155,-11.901769627767,-9.23916529620623,-9.82418132495075
"QSOX1",-10.3784989235977,-20.9329131674008,-10.2485072585198,-10.6856846870589,-11.6613419577027,-12.3355404360774,-12.1023114539903,-9.68389013840901
"QTMAN",-12.7354911054763,-10.7340520182569,-10.8076569193557,-9.42547352750361,-12.1602312282492,-11.4667997612752,-19.915773957815,-11.1231312251739
"R3HDM2",-9.89883867720768,-18.3584875445209,-10.2024697599752,-9.59396709800016,-12.5675181053254,-10.8477547874649,-10.1254908478651,-11.7195677871536
"RAB27A",-10.0818278684089,-10.8265808535519,-14.6112634528055,-12.1121362030525,-12.4320042387784,-19.2608167009083,-20.7141557456507,-12.3314202928297
"RAB30",-9.07406554205913,-19.3352922334535,-9.13131869179961,-9.46602046885815,-8.89895877201557,-8.87980724863866,-8.06225269732332,-9.64042306255235
"RAB3C",-11.1150671353722,-21.3366081067632,-22.5330123755362,-11.3643585653771,-22.1389938515129,-22.4777021337045,-11.2907596813508,-7.76118515724376
"RAB3IP",-16.3115743380024,-10.487362000177,-10.0391013255699,-10.2927376044036,-11.4586868983633,-12.9695806712346,-19.9115095585562,-21.8111971537093
"RAB6B",-9.64435359276931,-10.0238247966289,-19.6300150316125,-10.0078771159613,-9.5893028092253,-9.53998577132513,-17.8951301940346,-7.29683459790428
"RAMP1",-14.4413444462052,-8.49664766366165,-15.7575829004815,-9.48235223186799,-8.86746204895604,-8.89109101708751,-8.18611528525361,-20.7270231456132
"RANBP3L",-13.0811173253443,-10.9573923963315,-22.0552489258138,-20.6911187956546,-10.3763113712485,-15.1075322497723,-12.1727755835368,-11.5885032390786
"RAP2B",-19.1006633793168,-10.1659610625391,-11.8783695042772,-21.535832154082,-18.2349174181305,-11.0208060748629,-20.3000226500229,-11.065752937892
"RAP2C",-10.3617453792202,-10.8434022699138,-21.4811344813476,-12.2553406645502,-11.430581510006,-23.1129121566246,-9.96746340698194,-21.9010028338961
"RAPGEF2",-9.77618245692133,-17.6188945624957,-10.7356521974833,-11.9380433017029,-10.809700805616,-10.2190913859579,-11.4325034685161,-10.3737098603408
"RAPGEF4",-11.5400188293781,-14.0049079775374,-11.5057039943604,-9.66344860991089,-11.8215710570101,-10.9114720092693,-21.0977463485743,-9.46498095772242
"RAPGEF6",-9.97667432879963,-10.4400812522518,-11.726457512563,-9.58353999025532,-11.2153713525403,-12.0099960379638,-9.78375113657077,-11.110086641545
"RARRES2",-10.3789114386218,-8.29996528455711,-14.5760654978499,-9.79356552068059,-9.77907984826732,-9.79311387329762,-8.00445506511225,-12.9581365833914
"RASA2",-10.2684525050731,-18.9447903689867,-11.885321901507,-20.6252109386335,-14.0719589763002,-19.0184663033928,-11.6698890819468,-11.5471297939849
"RASAL2",-9.56182930664544,-10.3115038016122,-15.4262013442718,-11.1191606953924,-11.182051650708,-20.4402523652436,-9.51827282710291,-12.0191175004813
"RASD1",-21.9579984143018,-9.66979685939257,-20.600064150952,-9.98274168038917,-10.7755474202797,-10.6284154543173,-12.7346036703714,-9.35362401971286
"RASGEF1B",-22.8310591266406,-9.92785401485841,-11.2040952184898,-9.7086513867252,-23.8081921204104,-21.2660967009645,-10.2815322501118,-20.3191503299
"RASGRF2",-10.3950920130783,-11.3008371314471,-10.6156689005134,-22.1413037275104,-22.9963885162236,-12.5656272033739,-20.1920357388504,-12.9022795669963
"RASGRP3",-13.2364829399022,-11.0393992311947,-9.19778001197706,-9.77205729312134,-11.930633270695,-10.7445110886288,-11.2919347225617,-21.2452332777164
"RASSF2",-9.94542049049223,-7.81674331161277,-7.89329655717033,-8.27951308125646,-9.16382133599874,-8.16938511997387,-8.82082384256918,-10.575194696201
"RASSF3",-13.5656338650627,-11.8434164108773,-12.2638956901979,-22.4873424547029,-12.8752467883972,-21.8181150128392,-12.8568817267706,-21.3917676802222
"RB1CC1",-9.2127695225126,-19.0729070159148,-9.68120518891707,-13.05301502665,-9.17310867892876,-8.93786650185526,-19.337708472251,-8.93309846277894
"RBL2",-10.0713314023448,-9.50643854435326,-9.82934694979745,-20.2592695165864,-10.93145135409,-9.79766012222023,-9.40078030236784,-19.1809793180101
"RBM12",-11.1294242897737,-19.3386937388169,-10.9882185892381,-12.7898315543457,-10.9455945822665,-11.7146310211264,-9.60038589703594,-13.0896648061483
"RBM12B",-10.2228398929914,-10.9153998205754,-11.608495499464,-21.0769807684087,-14.2325983681956,-11.3339311386271,-10.1032783726722,-22.6154523786479
"RBM5",-10.5316287072929,-9.49890580758905,-9.88131319411938,-10.0339452940345,-10.8988136832183,-10.5418785281566,-20.1982238944589,-20.1308855948129
"RBMS2",-10.375719019446,-20.5133214660201,-11.5235623151449,-12.2516562044749,-22.2608385608083,-13.067733345946,-10.9638105887164,-22.335139739763
"RBMS3",-9.72194078225486,-20.8242382229624,-21.5509801151704,-10.0417442719751,-11.0089047831023,-9.72076571214773,-10.046615073435,-10.0664764182019
"RBP7",-21.6491465254221,-9.79705379996761,-9.77743275874016,-20.7930703489855,-22.3783921566286,-12.3106071516603,-11.5103002260078,-21.8947123624209
"RBPMS",-10.7488041715744,-20.7122569863176,-20.8343803236962,-10.1508885613537,-11.3901581164277,-11.0932393845955,-21.0541435688954,-12.4806616855594
"RC3H1",-11.9129517293108,-21.6145253589783,-11.4031975142405,-22.1148014349637,-11.3665581317459,-10.8862073000922,-21.0729498470293,-11.3387379143517
"RCAN2",-10.6763744254823,-9.64333274835769,-10.0562225480686,-10.9193845084732,-11.4915967358939,-21.2841189195164,-8.56874217217169,-7.14666545265523
"RCBTB2",-10.2638747980414,-11.202534426408,-11.5491031152255,-10.4388188921698,-10.881375112609,-12.2105799071799,-9.42495188422244,-22.4527555622072
"RCSD1",-10.0519314088406,-21.2441268886063,-11.3460845215854,-10.5494510571932,-14.0029871148499,-13.9799000844191,-10.151523373634,-21.9053088231259
"RECK",-10.7951784818149,-9.62219813429641,-13.1610810841028,-10.8328475401403,-11.5529947854229,-10.8739974044938,-20.0804424186033,-21.3826288708788
"REEP1",-21.6891094409559,-20.3448468231054,-12.6888384395611,-21.846404269642,-22.7794502918685,-22.5394874118005,-20.5973605252027,-7.59766983148231
"REL",-12.3873272748501,-21.924252416867,-22.6961636695336,-22.4649723658563,-12.4253944302812,-11.8103494596051,-9.84875840315267,-21.6618169134676
"RELL1",-9.13128964441157,-10.457190768982,-10.7398007707521,-9.54301619832515,-11.2489351197764,-10.5799921495876,-10.2892688791795,-18.8441898633278
"RERGL",-9.42050803377373,-11.8622844775053,-22.287547954656,-22.4031756481893,-11.3819062040622,-12.1952469815928,-18.2045568061051,-12.7408799127732
"RETREG1",-11.2065774983735,-10.2924833230245,-8.47976137725542,-10.0478373415515,-10.7662765338275,-11.229475206458,-17.5359920237824,-8.17379315457415
"RFX2",-20.7879876587143,-9.71666505161373,-12.1937017989681,-21.3179182382711,-10.7566547938573,-12.0140702369221,-10.6173521199438,-21.0256589087128
"RFX3",-21.5979189327344,-10.0913955614018,-10.9439422973937,-10.9996679409703,-10.9309039058103,-11.9395540246709,-19.5030178767435,-10.0475964799688
"RFX4",-18.6444712200199,-10.7462377231675,-10.3733843098852,-12.4210982834279,-9.88882964383894,-9.01837551721536,-10.6916384024013,-12.2941085698316
"RGCC",-8.21031628265068,-7.97879096797853,-8.71761358121173,-9.07972242656088,-9.85253200194521,-9.55342662478231,-9.32469073914947,-20.6661206977767
"RGN",-21.5268977092554,-10.3410671998382,-12.2127423079331,-10.8154077622931,-10.6816939686824,-10.3206157465936,-20.0673935499899,-22.2450386047639
"RGS2",-10.154628817558,-9.19228071432229,-20.0560328761334,-10.0550834886978,-10.8974034599565,-10.7537674270831,-8.73536312598742,-9.16110200151203
"RGS6",-21.9312256260808,-20.1999367599622,-12.7253685248736,-10.0713622615966,-11.3472591533076,-11.8351659030358,-10.6029864031355,-10.0050802493754
"RGS9",-19.2794749147874,-9.26166726605289,-19.3588056710074,-10.8429746581714,-10.9643667275755,-10.7216034128101,-19.3297693882238,-10.5236218717707
"RHBDD2",-8.75083599459987,-9.18920584492357,-10.2685193026806,-9.70430246338505,-9.60905310216735,-10.3475502440999,-9.51108934514008,-7.43239955407158
"RHOB",-7.67741316732001,-6.89721390912228,-7.79403611520478,-7.53740975375928,-7.87544276409193,-8.29992648700719,-7.83203390174986,-9.3046610825324
"RHOBTB1",-10.6394373858615,-21.2092070065354,-11.5026155483015,-21.9917582764753,-23.1644486215274,-22.6614236204815,-9.62206913488603,-21.966605534271
"RHOBTB3",-8.28747520182046,-7.62511827124115,-8.19068638332353,-9.23098600510765,-7.95020085304748,-7.8721455803138,-7.96060805249866,-10.1266742557075
"RHOC",-8.39587727564052,-8.47267629146048,-10.5787585208719,-8.71774433083432,-8.93675133015418,-8.51352333818188,-8.50136633009876,-10.5262053548716
"RHOU",-21.4087390184162,-8.5012102189798,-8.43655908412569,-8.84746820469409,-10.4808845567409,-21.3487294431887,-8.01856490731966,-21.1547605241886
"RIC3",-20.8990284471114,-18.0772528888926,-13.6228220869733,-9.29452996516537,-9.96516281245337,-10.3230141014002,-17.8670993685057,-11.7874004727112
"RIF1",-9.85044035391324,-10.2185375759805,-9.55717214543433,-9.35590846713738,-10.0638841614762,-9.88388732436495,-17.5391000401682,-11.534919192146
"RIMBP2",-20.8957005621533,-19.8451986012964,-21.5575906060575,-11.2166980046714,-10.5498715963168,-10.5991886978138,-20.313192822254,-9.1500602688164
"RIMKLB",-10.027213697223,-9.69500161747503,-10.8221510260867,-11.2199705141065,-10.9483030903523,-20.9249371785289,-20.0381079125721,-9.94181113029986
"RIMS1",-11.274819554202,-10.6078394423246,-13.1920462475338,-21.8004007896278,-13.3447169401877,-21.7928195718175,-9.37933824692847,-8.52494911544254
"RIMS2",-9.94159306077448,-20.9582278984218,-15.0002912898518,-10.7728545887999,-12.6751731950231,-12.0832505177034,-10.533233095277,-9.75650308490954
"RIN2",-10.131654583961,-19.2774131304726,-10.3624518085596,-9.26795925427756,-10.3236572193168,-21.3066332981387,-10.0586779248575,-21.3409449528979
"RIT1",-10.2293244390607,-11.8643241097484,-21.4118566145859,-10.2301914773286,-10.8175735371532,-21.3788339320147,-19.7602017217703,-10.5568199554141
"RLF",-10.849982172363,-11.5842571485046,-11.6066751346171,-10.907161551905,-12.3306723868063,-12.2120015688312,-10.1913017582578,-11.0530093969871
"RNASEH2C",-12.4978558180839,-10.3150525005478,-13.2632489690381,-11.3652972668651,-11.1916354350579,-12.3858758752753,-10.0751535619188,-21.3980279762625
"RNASET2",-10.6634176166479,-18.9781840004933,-10.403895594658,-9.1258203859624,-13.9836470847949,-19.4514700303385,-8.97447822766294,-10.5122527464789
"RNF103",-9.66689582939648,-9.13564390700499,-11.4071064051935,-10.9932986824861,-10.4124677507611,-10.653194263586,-19.7932069210113,-9.34328433198732
"RNF115",-13.1227023484525,-20.0415795668943,-9.75313098289832,-9.45206203839531,-10.8574992400169,-10.1203684518824,-20.0248455664278,-10.8581858837232
"RNF139",-10.2501882892944,-20.741531212262,-10.4278214360207,-11.1039255935711,-12.8956990340532,-12.4681933283253,-20.1845327548617,-12.0909993816666
"RNF144A",-10.4594045581644,-9.24481510406962,-9.08033114978506,-10.4102026354612,-13.0083970117226,-20.5496870874698,-20.6276086921146,-10.6251234921481
"RNF144B",-10.1199264401398,-10.909854427811,-21.3979471231254,-21.431871857381,-12.4356265267209,-13.5147219886179,-20.7982805599668,-10.0693822879676
"RNF146",-9.5216207064882,-10.2860545658478,-9.87164334841422,-20.6615770048508,-10.1767567397858,-10.2073505885266,-11.870560504764,-9.80917310291075
"RNF157",-12.199185014924,-9.17122146464907,-10.509959162075,-11.1436862065825,-10.5789174776392,-11.1746941977736,-20.0705238000325,-9.7188877361786
"RNF2",-10.1188584425401,-10.049331961346,-11.1750588722821,-11.3910367747551,-21.3250372473229,-21.2163772592978,-19.4923271433548,-10.2110946464917
"RNF217",-10.2715151715188,-11.274526921329,-11.3658966911512,-22.2204766792341,-11.2597224060729,-10.663596248082,-20.7668038562957,-11.7287939139627
"RNF4",-9.54751379050007,-11.447997829776,-10.5001626893819,-12.8534594528098,-11.7026300717554,-10.6257371489017,-9.6520594829442,-9.54454597497978
"RNMT",-9.95610442348334,-9.8273989304215,-12.1390816720286,-9.5392554362242,-10.7531496740905,-10.4905687646301,-8.44948335787459,-8.82017625451603
"RORA",-10.4977576447096,-20.3490343468635,-12.8278567400558,-9.32411523659215,-10.1333619923813,-9.45370409986757,-10.9425451676732,-10.6889922042402
"RORB",-10.6727839877833,-20.76415913164,-22.9357222489109,-10.1492198023904,-10.5097667937168,-10.5410658745152,-20.457940469003,-21.8159405691873
"RPA1",-21.8744122328838,-19.4162327139097,-10.0799069000671,-10.6534572990797,-10.9250744199735,-9.86733803215278,-8.59172279435083,-9.98838875520441
"RPGR",-10.8860723536308,-11.3181951712063,-11.9638821600163,-21.2827159822511,-10.9150866901456,-12.5333575562842,-8.54542647485452,-21.4600104684795
"RPL10",-7.1496969390004,-6.91620926059738,-7.28091377440757,-7.25596968417545,-8.16448280072048,-7.80178149850107,-6.81128998257486,-9.17859972577827
"RPL13A",-6.96309419685108,-7.01772882452884,-6.85960677015101,-6.8883047472859,-7.19118980916593,-7.00648362070105,-6.45662052176573,-11.9642837048608
"RPL14",-7.77756515134246,-7.35627789311769,-7.98744590239792,-8.00007273391156,-8.48594829915975,-8.31647804651554,-6.91790951031493,-8.93970833248964
"RPL18A",-7.9475007507276,-7.65918613908436,-7.90984634379702,-8.13010413479566,-8.14216230152761,-8.07217956119292,-7.29693890491622,-19.3765477880978
"RPL19",-6.96834256053706,-7.22584088773746,-7.28168638895293,-8.7527717915758,-7.71331086752175,-7.60153608145489,-6.91430867964143,-10.0348913961227
"RPL26",-7.48635657639868,-7.20636524564501,-7.48023419780907,-7.18143858191335,-7.79369611914555,-7.80712988399252,-7.16397644814188,-12.4157041537135
"RPL3",-7.17162502299275,-7.17578258384969,-7.19530531606549,-7.62240482099491,-8.12255973815708,-7.67301212249144,-6.82190532892611,-9.05167462779985
"RPL7A",-7.3610773615895,-8.95778220627618,-7.95106894433499,-7.61257870659287,-8.23990131222563,-7.90933111403534,-7.31174069556216,-8.93746688135233
"RPS18",-7.37638571161513,-8.10637383234392,-7.1395990321251,-6.79441477166035,-7.5288219609991,-7.16525148437246,-7.11433393984627,-10.9083313165429
"RPS19",-7.70641352190585,-8.90529892725005,-7.41657391379038,-7.75308726608731,-7.81278669319612,-8.29330010011732,-6.32279722186525,-9.87003437877116
"RPS2",-7.51395005591831,-7.95413165279696,-8.42063606469292,-7.77192504440981,-8.34390241610488,-8.63882172841987,-6.89259033974067,-8.86075391644083
"RPS26",-8.69572191804219,-7.88591674847424,-8.63270361912782,-8.60488849789944,-9.85398486145744,-9.74982109429609,-7.64343165881097,-8.53132466503645
"RPS27A",-7.052640810828,-6.93837663689279,-6.73041847662004,-6.90338777180646,-7.1220612429998,-6.97511595293877,-7.52779595946589,-9.80683475049257
"RPS28",-6.49571976450331,-7.45073559820177,-7.016355522388,-7.1873619586723,-7.17769374429286,-7.09889329708951,-6.50326829133491,-8.34661906966907
"RPS3A",-7.33248160586994,-8.38703726639077,-7.50195169043886,-7.7292479444158,-7.49813955220037,-7.5441933051376,-8.17736764985307,-19.749398134778
"RPS4X",-8.0073345808897,-8.30964300501958,-8.16372042825475,-8.09639231114664,-8.31554094999504,-8.17267532020236,-8.02533017874524,-10.1622274658451
"RPS4Y1",-11.2087685417392,-9.24878267762709,-11.1194999710772,-9.59237927293026,-10.0984728198593,-9.22097718072192,-8.29730254480369,-11.1089960558922
"RPS6KA1",-19.8015624780629,-20.3871217508533,-11.0314409676379,-20.7713591877071,-13.4512138759913,-11.3710431859387,-9.72958804014808,-10.4261129196533
"RPS6KA3",-9.95634441638971,-11.5090318913007,-10.9114616114008,-12.8562679451689,-19.3279365978879,-12.7158214173863,-9.94794210418666,-10.9938913668851
"RPS6KA5",-9.88951852249626,-9.03556129038354,-9.44905584323519,-10.8283825927164,-10.9686652948642,-11.0441170475378,-20.7070992659417,-11.5825565739146
"RPSA",-8.65835473469604,-7.44463053651571,-7.66652775250544,-8.21772741294246,-8.7096274348708,-7.76078919970999,-6.91564586630884,-8.80386040343397
"RRAGD",-10.3911157593628,-20.1536312464508,-10.4437100288095,-20.1688924382296,-11.1973541781503,-11.2726346976621,-9.21177852665183,-22.1461161802806
"RRM1",-9.46807556069084,-10.0264354851069,-21.8485815266403,-11.0820427214292,-13.6792563585665,-11.6032995696756,-8.66852933053229,-10.2469806887862
"RSU1",-10.3758077803495,-9.73776530826536,-10.8234151295333,-19.3330321754302,-11.5787011584399,-11.3264682343312,-8.98082546702145,-10.3345570994138
"RTL6",-10.5321313688698,-20.9781418945688,-11.2091010797868,-10.8523730889735,-10.1466808828107,-9.84617808122809,-10.0339611300352,-9.81880104853777
"RTTN",-20.2666072944429,-10.2782442353207,-10.8198464664663,-17.2750432547861,-22.6040518958044,-21.324138400949,-20.8172586459572,-12.362640056157
"RUFY1",-10.5951995678616,-20.4484874706361,-10.8943677503338,-10.2291028286526,-11.1685621869919,-21.1737034714697,-8.9050065935408,-22.4006347967388
"RUSC2",-13.7595440907524,-12.9345081029556,-10.2189293878434,-10.7883433360931,-14.5266148557582,-22.8611142833812,-20.5740168499101,-9.6217434539786
"RYBP",-9.99800914563054,-18.2982476182741,-9.32023152751256,-18.1452396464765,-20.11966307856,-20.8478805230817,-9.41156152298251,-21.9155910201742
"RYR2",-16.9226131635679,-20.7679348435814,-10.2119073731376,-21.0906319533835,-22.5008028275436,-21.3203810488593,-20.2141970545577,-20.9878385858418
"RYR3",-9.16546699394791,-8.52913808200405,-9.82739304005162,-19.3418810452823,-9.4440956065969,-9.50595322992936,-9.65722281989814,-10.3026442246669
"S100A10",-8.17801498829987,-8.74174202745714,-11.6509338307582,-10.2005653372788,-10.399923411159,-9.62216117506068,-15.972201112893,-12.2758665611881
"S100A11",-9.1142612199834,-9.76818150756786,-11.0637245689393,-11.3803953233325,-12.6838659904232,-11.7775838614312,-10.5089961134904,-21.8239983752359
"S100A8",-12.1543762216469,-22.3518008953209,-23.0045407049884,-19.3669108674056,-13.338248748373,-13.3415935183159,-21.0297678708292,-23.255360461604
"S100A9",-11.2472044493785,-12.0885614117885,-21.7194491781551,-23.0738144107801,-13.3510513304098,-23.4264416307904,-18.1384713478748,-12.9974276387052
"S100B",-7.00107480455719,-6.29595984838504,-6.02020137047887,-6.64863438199028,-6.49460718703312,-6.56494042978275,-6.02038669247715,-18.532152926706
"S1PR1",-8.30980358712915,-10.0894528626721,-21.1604165643723,-8.62355199998093,-8.63220231193524,-9.55656748887635,-18.1218764859728,-8.87432952459913
"S1PR3",-10.7755712700332,-21.0496035545743,-11.2930694689995,-21.5275340783427,-11.0402481511855,-11.5827130804046,-9.07777821009955,-11.789725732091
"S1PR5",-19.3357988591774,-10.6084699522803,-9.54994416454496,-22.0906883005278,-23.298920911105,-10.5766669509712,-9.58114293782367,-22.3163627721399
"SACM1L",-11.0119385646349,-20.3302870712529,-10.777951558791,-9.80616218270433,-11.3346893932027,-10.3875126770684,-19.6978172774155,-8.7219684146909
"SAMD12",-10.4941360985806,-21.1578411642839,-12.5019229450256,-11.0923593924138,-12.7629290005576,-10.6349187601,-19.6368191578282,-10.5546714343223
"SAMD14",-19.9800919817467,-20.1593795685438,-20.8551057318707,-9.8576073553248,-10.8607233547763,-11.103695977553,-9.62905439367786,-21.0652660322787
"SAMTOR",-10.8234747351392,-10.289616513368,-11.4799316280347,-21.2757755309096,-12.7820350776976,-10.6436950353472,-10.4357382242141,-11.6866725312297
"SAP30",-20.817114556594,-19.7253257751606,-10.0644479630789,-9.93324549238713,-21.9095859903698,-10.5361932901284,-9.07300068221993,-10.0718769610422
"SASH1",-8.09649573357822,-7.53660657702037,-9.17023833441013,-8.81031760281576,-8.31667623820113,-8.47342059861336,-8.4244668644242,-10.3039532021388
"SAT1",-8.72788764604081,-9.70293140562065,-10.8762143399943,-9.39868611743586,-9.33540848408313,-8.87370933871331,-9.43743252176584,-9.3840336803664
"SATB1",-22.0668197214218,-10.7882852597559,-10.9396731401377,-10.0110409893106,-10.6756494387228,-9.78560789810951,-9.30839569996601,-9.16223301443242
"SBDS",-8.40111774589507,-8.74394383668487,-8.23655911045249,-8.43954467225563,-9.51917778087863,-9.65127796024332,-8.04618602591397,-8.19692725873284
"SCAPER",-10.5721516642606,-12.6459930698057,-11.0283208839051,-10.3192127292404,-9.86672792134398,-11.3680351275793,-20.0064778987956,-19.4848920109498
"SCARB1",-8.86808006182501,-20.8782141626529,-10.9226911277504,-10.6290673361459,-11.5673317155277,-11.1249641206796,-9.73249495841707,-10.5342105199365
"SCARB2",-19.4508151088209,-8.05284598765153,-7.67986172894432,-8.29966750319364,-9.83814741980436,-19.3259909503701,-18.3984766784115,-8.48092016813243
"SCG2",-20.0557269683119,-9.93992264704713,-15.3783903150963,-15.3654115932278,-10.8178053290196,-21.2771532115017,-20.3141116612364,-7.08442832933645
"SCN1B",-18.302115147169,-20.8509125427357,-10.2599868764031,-10.0977682236,-11.20971238375,-12.672552964701,-20.2378217791218,-10.4921531481891
"SCN2A",-10.7855192494409,-9.38150714682165,-10.8495244128941,-10.4078499310818,-14.3189445697873,-18.3771508059027,-8.87445027575852,-8.48140948980421
"SCN3A",-18.8786060757246,-8.74000896106359,-10.5687291493701,-11.185940564928,-14.2225086886792,-11.0873803704616,-9.2364878089187,-8.74447267079933
"SCPEP1",-9.47071899566579,-20.0790312850523,-11.5082673892012,-10.7863793056573,-12.1972208609028,-9.86844533967923,-8.73588262033387,-10.2974093798067
"SDC2",-20.1629220798799,-17.2023264835462,-21.8999062105644,-9.42998029457354,-9.28893619134154,-9.08966924847823,-20.4825019683018,-8.30487641823776
"SDC4",-19.7230181149299,-8.52383642923087,-10.9728410391765,-8.74442712995656,-7.87345824574675,-8.20020319168762,-8.84769608879616,-10.1085547864717
"SDCBP",-7.95847979276646,-8.62586251757316,-9.41658564584853,-8.96915896697757,-9.46995185333296,-9.62038603595448,-7.79653748778613,-7.87865155372492
"SEC14L2",-14.6946830677993,-19.8268176148732,-11.2728529832251,-10.6723549837918,-9.42817574977185,-9.20683615247642,-11.3442180248711,-11.174957998099
"SEC14L5",-11.5524849223606,-10.0187103214205,-9.06332154476501,-10.0323326697471,-13.3312429514315,-20.4691034535297,-17.8049072353047,-21.417730875408
"SEC22B",-9.43010660068974,-11.892525552153,-9.41196265851984,-13.7025563542141,-12.25503635288,-20.8064075467856,-20.2247451884651,-9.53754809663481
"SEC24B",-9.7821832179702,-9.27316687736843,-11.3008440317148,-11.3183637289788,-11.0167994902117,-12.397192349341,-17.0195537919607,-12.1890614809919
"SECISBP2",-11.5861673474802,-10.4428844429379,-10.4984443051905,-10.9216848330896,-10.9103841903327,-10.177679717882,-8.98538863452114,-10.735539405809
"SECISBP2L",-10.4854895854572,-8.50529607986777,-7.40334202053843,-8.1937718176158,-9.36920209437633,-9.05011762489243,-19.4330658680935,-9.80440667398058
"SELENOI",-22.1073589263862,-9.16752828874754,-11.4397991724714,-11.7680282871496,-11.524707895275,-11.9618506615137,-20.3867774331595,-10.6049749906022
"SELENON",-19.9312097476397,-19.654217761905,-10.3743665770327,-10.2975597478089,-10.416410478562,-10.2726212492013,-19.8439953047222,-10.7456209969419
"SELENOS",-9.50183925510579,-20.7421081738701,-9.92919156268609,-11.5455403004431,-10.5382799060566,-21.3302285766441,-9.30125981493884,-11.6804471040276
"SEMA3C",-20.7363725360262,-19.5711582029577,-9.92917517565383,-20.2365809322002,-23.383377943844,-10.9882066556717,-20.2188945583187,-12.7391523730139
"SEMA3E",-11.9915017198411,-9.41479721387154,-9.7279112917178,-12.394997229142,-10.2691897634549,-10.6205305297559,-10.3135772076827,-9.21543589938171
"SEMA4D",-21.0717945866026,-8.82776357006329,-8.02814428940151,-9.53230342494733,-20.7591047172174,-9.91429762581278,-8.53152300405276,-12.871992720052
"SEMA7A",-21.0194710360006,-10.0555533394938,-9.75218040079798,-10.7320011380213,-23.6601212075737,-21.130981882256,-21.1749119012711,-22.614721011449
"SEPTIN10",-9.87627062921266,-21.0681437626071,-9.86647923604383,-9.75997557457139,-11.2521414088604,-10.1724542062079,-10.2028567057407,-22.5787886239537
"SEPTIN6",-10.2439711570419,-12.8502384228908,-12.1899286713065,-20.7932421165219,-23.5147033857068,-12.9904067243191,-21.1837679539905,-9.46679001164148
"SERINC5",-8.87767321841821,-9.5880804490715,-8.95798126896551,-10.5030539436392,-10.5545591154024,-9.89229236440685,-10.1300860393837,-21.0181767501134
"SERP2",-21.8002875648938,-10.9942894443998,-11.559531516076,-10.3289178251759,-11.75605109788,-12.1395177090164,-9.01284473756358,-10.6289625313057
"SERPINB6",-8.91817431826954,-9.18113199419145,-9.92500031839261,-8.37939832642316,-9.44417339958003,-9.57317721357887,-18.0977882690194,-10.4045005337536
"SERPINB9",-10.6959110330882,-21.2461901718513,-11.3920626084297,-21.7635469933378,-19.965097095496,-21.904184806483,-11.6716590572848,-10.9807308396057
"SERPING1",-9.39795221868363,-18.5196719382787,-21.109940410622,-9.29026860199401,-10.1206600153808,-11.0031585238106,-9.64164179074935,-21.8432429807134
"SERPINH1",-9.79840197618823,-21.5708172504882,-13.2487753429364,-20.7276504678272,-11.3132506225477,-11.5640276187779,-9.99456063072932,-19.7668270048753
"SESN1",-9.86375178928687,-19.6707379204914,-10.3616867545583,-10.2722585817568,-11.6041427937064,-20.9483207707408,-18.7974039509665,-12.4565398770425
"SESN3",-9.39573198637525,-18.6247231573704,-9.02989804527123,-8.6032951478703,-8.69408237494728,-8.50724720260998,-8.23188436696096,-20.8702311461305
"SESTD1",-9.57372155811772,-9.48016798323838,-8.93618314683774,-9.41929906295185,-10.3797879409584,-9.44562741410302,-9.91946136526246,-10.4483210420271
"SEZ6L",-11.8578636326601,-8.65005983618967,-22.2123796565647,-21.7993130744769,-13.2081571834569,-22.1002704884793,-9.83435041445798,-8.25611651197504
"SF3A1",-9.90998554400387,-8.76034353511951,-13.6527626863516,-11.693160083407,-10.5772243270859,-10.6732619777446,-9.43951484683961,-10.436678942718
"SFMBT1",-11.7403105788573,-9.49536172992565,-12.8380799916962,-17.6590168842733,-11.207812012026,-10.5271403660773,-20.2897148780235,-12.7375104213626
"SFXN1",-21.3325050030975,-20.1828250517104,-9.79535923318684,-9.82318246340252,-10.6908211156161,-20.8366546151524,-10.068356404458,-8.7897794544399
"SGCD",-11.8279654896214,-9.59495430969879,-10.9466610812954,-12.3383655434588,-12.0399772820104,-13.4134471184516,-20.7939522153564,-11.814750502704
"SGCE",-12.6259791807872,-9.12492778946977,-9.88263784464919,-19.7952302749776,-11.3524098406427,-11.6606115857141,-20.3009722267713,-10.0619560781258
"SGK1",-9.35258560719693,-8.56298054215721,-8.89871519456591,-10.9966855334819,-22.2421998579447,-10.7670323623471,-9.08317520059679,-22.3814641820236
"SGMS1",-10.2683917670122,-10.3347469962013,-10.187405150017,-9.89858018460007,-11.4769592024126,-12.1671906041396,-9.79114111874484,-9.6321784156437
"SGSM1",-12.1795919870728,-21.4248913013104,-12.295455864316,-18.3457791334686,-13.0774677992806,-22.3643521000469,-21.2263878949337,-9.85340977090671
"SH3BGRL2",-9.78452243719553,-18.9740808179309,-10.9271860797501,-10.8663283982809,-11.4516203304683,-18.5862279813122,-16.7365934473951,-9.24083162165987
"SH3BP5",-9.90924112276285,-21.2536684216072,-9.51251913775135,-20.8122850474622,-20.4058665383428,-10.5174546777803,-20.9989453808679,-9.57882926804609
"SH3KBP1",-10.7567853752579,-11.1786763271068,-9.70380957761103,-9.13462635360374,-19.6276931745909,-10.1056573920494,-9.39356889629158,-10.1103151812466
"SH3YL1",-21.3696104238807,-10.1101233790706,-10.0118514890676,-11.6485074107568,-11.3491911076599,-10.9133395068381,-10.1626929381795,-10.9428744502621
"SHISA6",-21.2252912700302,-12.9050816321637,-23.1268987401452,-9.63241588192457,-9.50668800725285,-10.2021275577545,-10.1069040262377,-10.2473657889233
"SHPRH",-11.3366441496532,-9.2413274636793,-12.1578913231765,-9.96387171825175,-11.158156706377,-11.1722410491759,-18.8440363328995,-21.0011269420307
"SHROOM2",-20.2630520926761,-19.5168655733454,-11.0358045269415,-21.1934480668508,-11.1856454105428,-21.1199334558493,-9.47858411846257,-11.112525560373
"SHROOM4",-10.7144752641899,-9.81865444258289,-10.0798524793431,-12.1815391886103,-11.4513213181666,-21.896941822465,-9.53112777272383,-22.1684188215646
"SHTN1",-8.69878503187203,-8.63007044115228,-7.39333535550421,-7.73372622005847,-8.95451616724669,-9.04993040067308,-8.91719552208224,-10.2720581532556
"SIAE",-12.5225383392139,-9.22768054821339,-10.7719541881763,-11.679357278416,-10.9841635909433,-10.904159691668,-10.2748854621795,-9.53088270000951
"SIRPA",-9.75020838741519,-9.13564113548272,-9.8091539245125,-9.81792700349903,-8.85729268894686,-9.13118714505299,-18.4352267959029,-16.1870667594021
"SIVA1",-9.60045459182585,-19.8898947830563,-11.0433241104611,-10.1469099444515,-10.3852666930429,-12.0311519840854,-10.1462074472796,-11.4204862751717
"SKAP2",-21.3948898573554,-11.2169323652858,-11.1855192022721,-16.9387778368832,-11.2575647885603,-20.5429138976091,-9.03239628490861,-10.3092012089433
"SKIL",-11.494209646899,-21.0912001974726,-10.8068883649973,-11.1057945501487,-11.1150038853801,-10.6582726156426,-9.46431891152823,-11.9031737245088
"SLC12A6",-19.8269092941058,-20.8237660123264,-9.66394922643563,-10.0011336320626,-12.4042503830325,-11.8748309393819,-9.39249699779977,-11.4102681770346
"SLC14A1",-9.39026109974735,-18.5419032950725,-11.2998524694124,-8.30900494523894,-7.71144383598863,-7.59777990648861,-8.13181613309881,-20.0568308993854
"SLC15A4",-21.5162521651541,-21.2094057361566,-10.7550100573426,-9.61368568771595,-20.8824192521785,-10.956658355884,-10.388020186842,-10.3751689491818
"SLC16A1",-9.02685312025412,-9.63409552247673,-11.3593631817666,-12.7157667800941,-10.8966256480494,-10.9096262240251,-10.7235969776702,-11.7274123829825
"SLC16A1-AS1",-20.8477482186401,-20.5522868188862,-11.5874399367355,-10.5154937640581,-10.70298292784,-10.8696296063297,-17.7535699698558,-22.255893793232
"SLC18A2",-10.6059806626636,-9.79815257173139,-13.0198833844375,-10.7049857006852,-11.7994339984051,-19.8157878817354,-19.3486881367715,-7.30807690525005
"SLC19A1",-9.73991532415448,-9.64317522484074,-21.2007623898671,-9.51745484017142,-12.4489657738219,-11.3498507503263,-9.859652249033,-10.1598570050803
"SLC1A2",-8.80413259906754,-6.74753095372715,-19.4786574061007,-7.28754966773131,-6.55961026700817,-7.42442407225655,-6.24128673220294,-7.23204161045773
"SLC20A1",-13.109558129575,-20.0188745118489,-11.0095040660731,-20.5957666673563,-11.3437778033489,-11.9151532537116,-12.554112040456,-10.0499516445041
"SLC22A15",-20.9110366877209,-9.90219798108157,-10.0170915618011,-17.5760019309115,-21.6636847758461,-11.2215483103159,-8.67646602533262,-10.4208296822288
"SLC22A17",-17.1885752399661,-9.03822485935427,-9.44445227461257,-8.89214578187757,-9.50075762225923,-8.98221434142598,-19.1034145990373,-8.40645734421443
"SLC24A2",-9.60213362885934,-8.69392640877707,-8.32502096308664,-9.1178033739079,-10.3177503558176,-9.71215503309011,-13.3493397855019,-12.1285265373425
"SLC24A4",-21.061970607315,-10.2616853800068,-10.6124722453263,-9.53708476036612,-9.48694028026784,-9.49440689500076,-20.1789407966475,-21.9460505481838
"SLC25A37",-20.1590798610801,-20.1650051986816,-10.7402012726309,-9.63969296577521,-10.0498612883455,-9.85116285878882,-19.5971270999387,-21.5783990436742
"SLC2A11",-21.1942875650954,-19.5069669940301,-10.7607274683455,-9.51478128337191,-10.8090187066034,-9.79494299008303,-20.3129407753992,-9.86003679345029
"SLC2A13",-11.5916767852356,-20.1006733706605,-12.1774383824735,-10.6178723182631,-22.6949959055534,-10.8649418414481,-20.3110174842941,-8.26558344156793
"SLC2A3",-9.66333344380545,-19.852476616947,-11.6005069703863,-9.39749358088814,-23.0649787500703,-11.2843480481604,-19.8813394383668,-8.9733910985194
"SLC2A4RG",-10.030150603137,-21.0838105209507,-11.4128717238266,-10.1336548636603,-11.6360154903003,-10.0512320974337,-20.3897364651125,-11.5179928310572
"SLC31A2",-19.2177982706536,-9.2747762627247,-8.50360190572318,-9.5064130625831,-15.3324103859051,-22.0294709159732,-19.3869369895093,-22.0969585414405
"SLC36A4",-10.475746337664,-11.2788882471835,-21.8301051988025,-12.0256490687489,-11.4808921576741,-12.9638321111134,-19.1970271541227,-11.4548063347824
"SLC38A1",-10.8981650029856,-9.67985579444179,-10.8901956103367,-10.038832944137,-11.1286181620812,-21.9871107114229,-9.87681488079575,-8.9959183198084
"SLC39A10",-9.2170791885328,-14.362356950972,-20.4812713852911,-10.188709045892,-11.5717921224134,-21.8696134862447,-10.2092820269491,-9.85448804041131
"SLC39A12",-20.0767754754069,-18.2194359953894,-22.899744031953,-12.7033072637511,-9.32880799772199,-9.77835377857727,-20.1587715695655,-10.2153825401329
"SLC39A8",-9.79243189023536,-20.8572300815611,-12.47276376915,-12.560161330762,-11.7960622298965,-11.0626751659962,-10.2951135804835,-10.9364432022342
"SLC3A2",-9.17121134245848,-12.4203773436894,-22.0030679084237,-9.830399330229,-8.94390829908178,-9.08719991661237,-10.2585007558516,-9.48962594651422
"SLC40A1",-10.3949459847625,-20.8020908211697,-21.8235618656949,-9.53335783309889,-9.84615300748457,-10.3217023690938,-9.30522691669278,-12.3935224828396
"SLC43A2",-10.5159544066279,-10.1634064466349,-11.4230280963304,-10.9568352142579,-11.517305431579,-10.7319803137539,-8.93253354096579,-11.4181230089959
"SLC44A1",-14.896977980073,-8.68992918747837,-6.91546298403837,-7.87221935050961,-8.99209977726422,-9.31479211294286,-6.64977733533381,-19.9234896910618
"SLC49A4",-20.7354913680513,-21.2171530977043,-11.7339723020355,-10.540639465542,-11.0327687285817,-11.0729650454076,-20.3340778172378,-21.8535473691658
"SLC4A4",-8.54461657517378,-8.53320124431341,-19.7816309366229,-8.32633754279416,-7.75949119269786,-8.27115179665191,-7.43409693250602,-19.9687688798895
"SLC4A7",-10.564112464413,-19.2132282566418,-11.3029206374078,-11.0060475238084,-11.6780091667479,-10.7501727035193,-9.33043919044519,-20.6854044732608
"SLC6A11",-20.7361308317189,-18.712792148398,-22.0356970823772,-7.99166595222101,-7.92183493997985,-8.19651247037916,-19.8945600331943,-9.56568803982822
"SLC6A12",-9.84297535226806,-11.6999330890587,-12.19904322568,-21.7578262371666,-12.9396873082686,-20.9778219705193,-10.292608726407,-22.0998036660205
"SLC6A6",-8.96558422887317,-20.3800235275567,-11.5581120581281,-10.9608940850214,-13.4302690687392,-12.228376247488,-16.6358566794873,-11.3274209024682
"SLC71A1",-10.8019901931866,-9.7438479787235,-9.51518099171641,-9.33620118338878,-20.2343601256964,-11.0816868009569,-18.8504727103799,-9.80746669594287
"SLC7A11",-9.12006414810768,-19.1941669816413,-9.65087229730147,-9.11592950963484,-8.18993473906611,-8.49841870429684,-7.2378836291105,-19.8760579135646
"SLC7A5",-8.25132635244624,-20.5283476052842,-22.3755382315309,-11.1011513604997,-11.0354521843487,-21.8467613191917,-9.88168139978433,-10.5014249058362
"SLC8A1",-11.5452047270054,-20.512279167586,-11.6798271935114,-10.9679976664261,-22.1514626917628,-12.1654631593654,-9.45005124692699,-8.22221602008057
"SLCO2B1",-8.08526325915257,-11.795962758849,-10.5558790509544,-9.59040746269491,-11.0386661777859,-10.1912491863871,-8.43093851012257,-21.8348831045916
"SLF1",-12.5475731434275,-20.9450754973219,-12.1821317395225,-11.7926079590359,-12.1724636503323,-22.9518621079906,-11.2249797578822,-23.0669166117379
"SLFN5",-10.5375878208,-10.4925214789283,-11.897143558921,-11.5967877476802,-13.8805382097763,-21.7700545110336,-21.2546301239911,-12.0412148284273
"SLIT2",-12.1753580235392,-20.5606953816766,-12.3156138800288,-21.565127279477,-22.0877488533203,-11.579435466291,-10.6672057854194,-10.9320325919501
"SLITRK4",-16.4932637287838,-10.1816450252958,-18.4032080360605,-18.84683591459,-16.7998880807855,-10.218595184675,-18.6078995941497,-8.32275804031425
"SLK",-9.61978365491657,-20.5155587794088,-10.0058664312064,-10.0261390732592,-10.7109693763713,-9.64323816552981,-18.8367694772377,-10.2082228996905
"SMAD4",-11.6960963837947,-20.1354725260704,-10.0574439925779,-20.1563728515268,-10.8077553982733,-11.1355606266609,-20.1927898973542,-22.246153925618
"SMAD7",-9.09461402841155,-20.2944332942492,-9.8384859779807,-10.8622045727687,-22.338439690058,-22.0515658739575,-10.0092042209942,-22.5860217850806
"SMAD9",-10.3526632445388,-21.0200003289158,-10.3923086477478,-10.7008558622227,-13.0027405690634,-11.7993080898288,-20.1286060817197,-22.4630335874924
"SMAP2",-10.3453614243277,-10.7303308443578,-11.5490029921457,-20.5018241125245,-10.9446236420737,-22.5386786999523,-19.2978774275547,-11.1473231994268
"SMARCA5",-9.85171932724872,-8.20674670585309,-8.84576457099967,-9.82675411994787,-8.89378892556857,-9.22993810495281,-14.3736005906313,-9.43690345494216
"SMARCC2",-21.0379254317208,-11.2741330927557,-10.1093039436987,-9.95521636028418,-9.84473210059733,-9.40001177674989,-9.12046952332016,-10.7694694364722
"SMARCD3",-20.1348082003543,-10.7423961469809,-10.7348900231189,-10.0024557190221,-10.9154678161832,-10.3096345439689,-13.4517933467638,-9.81215092649922
"SMARCE1",-9.28512839477272,-9.65279001397303,-10.0001218443367,-10.1898204434949,-11.1557296546854,-10.2485790692359,-9.18620012706906,-10.171900913918
"SMG6",-12.1711825639145,-20.0216931061692,-11.1737412578353,-10.5452871508028,-10.8856440063776,-9.65292953502441,-9.39680740907207,-12.4645330705031
"SMIM13",-20.5067322756076,-9.29556716972622,-9.80496319218261,-10.859420174238,-13.6880722867802,-20.7529099909467,-8.6149530615929,-9.39787237327672
"SMOC2",-9.80980737577213,-12.4396250441374,-11.4153440810511,-13.8289328671852,-23.0457381402873,-13.5661157678638,-19.7485349062121,-11.3784463564216
"SMOX",-11.6841436107751,-19.8217678691895,-21.5203643578951,-9.5597832523767,-9.60645106175426,-9.81173302909574,-20.186044233869,-21.0938578857065
"SMS",-9.88993170442966,-20.2701912761145,-12.8295941167374,-9.65861320833939,-10.4426026066823,-10.5073795604353,-10.9963258557102,-9.90634150612067
"SMURF1",-10.4969836397769,-20.9009269339155,-10.6402597829728,-13.5067367255228,-12.7327212946229,-17.4725810675414,-10.0823183736056,-11.9987198696558
"SND1",-10.0454169550184,-8.18702852937095,-20.7345170130352,-9.93488624895052,-10.2293219920077,-20.5344842646034,-9.17354658923743,-9.30723116826263
"SNHG12",-9.53623476105221,-19.839581956835,-11.864546753637,-10.9691919377553,-11.7836604699646,-10.7445155306193,-11.4062191618741,-21.5162983012801
"SNHG9",-11.092678667799,-18.656725119339,-10.0670809870562,-11.9660917369518,-10.425267327259,-10.7382171820681,-20.1190281034018,-20.4096147172537
"SNPH",-20.9050305490082,-10.1089011569127,-22.2465811072502,-20.6610780700195,-11.2294371540022,-16.321572308353,-10.0609642473162,-8.67124774053428
"SNRPA",-10.1743597181781,-19.8787670512288,-18.5444879211645,-11.9374942884206,-11.3665957861351,-10.3006472352373,-10.0166632466696,-11.8827910543024
"SNRPN",-9.68015606913281,-10.4133704137358,-8.59883543108993,-9.23554885045761,-9.0456614046513,-9.75165573973235,-7.76807538714952,-7.91772648864283
"SNTB1",-11.051379749204,-9.65116894487166,-20.2836148306065,-10.9300326109884,-9.9971752880878,-20.4878330954957,-19.846431336932,-20.3569708454439
"SNX9",-10.4283879705452,-9.90174077652161,-10.3997815293895,-21.8228855916486,-11.7183254073027,-10.9757255929911,-11.7075336708156,-11.117853066813
"SOAT1",-12.2535256223733,-21.2978325097812,-13.0145883058104,-10.330097647212,-12.0106167843561,-21.370094805413,-10.042335763546,-10.546601237441
"SOCS6",-21.0314300389896,-17.9731575738424,-10.1676292966507,-19.2735836991838,-11.1576879129052,-21.3635063535514,-9.0790993917723,-12.1703299383247
"SOD2",-8.27492352239315,-9.43831335311465,-8.88587417388663,-9.13192827844428,-9.20570536651006,-8.98492780616043,-7.83255707120492,-8.21791313699359
"SORBS1",-8.69605920485327,-9.98322508450481,-10.5396223807402,-8.78280232522478,-8.70875673363534,-8.86693357384347,-8.44623047645426,-9.93074042618727
"SORL1",-9.23287280396573,-16.6201428385647,-8.46032424001299,-8.18681975209817,-8.0629234206787,-8.12998537523853,-7.52042919208854,-8.80754461653437
"SOS2",-10.1312438891093,-9.3252709470887,-9.88170143987306,-9.67420173656886,-10.6133766885516,-22.0429695179247,-20.682036657779,-11.0799676451373
"SOWAHA",-12.1286624005066,-20.2236212932576,-10.6353291361774,-12.4546867572756,-14.4459524015161,-12.0060913114962,-12.5157457355168,-12.0487247007138
"SOWAHC",-20.2984914155128,-19.9574069965469,-12.593605913479,-21.088731285041,-11.3982538363284,-18.6953646488092,-10.6384421974869,-12.8508455002066
"SOX13",-9.71618551838037,-11.4253195406128,-12.2063461212943,-12.1346138729734,-10.7625257494081,-10.312847910884,-19.5678265976477,-21.7662930666657
"SOX5",-21.885875873921,-11.5389761078245,-12.7494186682647,-9.71514028553334,-10.7301231156283,-10.6960538090865,-8.65334966128969,-20.639865824549
"SP100",-9.63273278249646,-10.4904915222071,-20.203508732832,-10.7426089229504,-11.7087679223776,-10.9243338062998,-19.577667609822,-22.2980548134443
"SP4",-11.7457531714804,-21.3536754442119,-11.1138050456836,-10.5754793076954,-22.3546916551696,-11.7928291646218,-9.90320997856682,-22.4742143359893
"SPARC",-6.07605910253765,-5.88392409015009,-6.81764360872119,-6.26133805419897,-5.68689841553294,-5.91444958282127,-6.14264656491438,-9.07742134696553
"SPARCL1",-5.88749645091088,-6.78494607515229,-19.1896438991305,-6.31044726195383,-5.74756036851663,-6.15161076413996,-6.38179832723545,-7.24531023899803
"SPATA13",-11.1812118067523,-10.4908589006983,-9.61416345934453,-8.71514161841368,-11.3434404592006,-10.8316085367011,-18.7309172895479,-9.32999394259395
"SPEN",-9.71994629115365,-8.36002345966569,-9.52034089348377,-10.1156166777611,-10.0605602884734,-9.76256287550763,-20.1371853268016,-10.0499181164713
"SPIRE1",-20.1313524626339,-9.16055999704407,-10.1807207180369,-10.253607375538,-9.52949362387505,-10.5226473902992,-8.99784999198396,-10.6739811438131
"SPNS2",-10.3888677099422,-9.05203524442794,-10.5637305327355,-17.1240000079478,-11.0225006280061,-11.1052264560268,-18.7252792594614,-10.8392594224774
"SPOCK1",-12.3049899521787,-8.03385660329152,-9.63899815876481,-10.2321394525069,-9.57314113044661,-10.809901750992,-8.56952196457693,-9.88538439351357
"SPOCK2",-7.5336435006262,-18.5270188896536,-20.4670686521176,-8.12303552226278,-9.11709110385945,-8.67944021958374,-8.23247924205299,-8.07612060340047
"SPOCK3",-19.1659873471277,-8.22272710627159,-7.78178650210957,-8.52517511393157,-10.0584016230318,-10.4385053462828,-10.7148214155491,-8.25363743845284
"SPOPL",-11.0189112396862,-10.1627010643437,-10.3948017091551,-10.4215192787128,-16.1319935173449,-22.4576445349482,-18.967697576946,-10.2615419550452
"SPSB1",-15.9855317523835,-9.77911060607905,-11.0561981621055,-10.3412101531033,-12.772275337214,-10.8156314268642,-11.1280176298769,-21.2898042591994
"SPSB3",-11.884591964224,-10.958758195427,-10.3726092532613,-11.8127737621193,-10.6631117354362,-11.0065469482558,-18.8428173603328,-9.92474424966252
"SPTBN1",-7.18415954704147,-8.65665192797538,-7.55014793419992,-7.0913329556764,-7.05549205821889,-7.12424908032611,-7.87158848734328,-7.86915610766247
"SPTLC2",-9.42330318375948,-11.4318650394222,-9.13488240871067,-10.3661485474941,-21.1663802062532,-12.0784305495276,-8.69095931330351,-22.0662920561051
"SPX",-10.0680477696459,-10.2723845636717,-9.58608562690038,-8.95845553262118,-9.01493241310735,-9.1624549428996,-19.649955615722,-21.0281619190574
"SRA1",-10.9588841695751,-21.2414882757533,-12.023018497097,-10.2029335151275,-12.2013099358417,-11.713602105729,-19.7132553675485,-10.2776958203865
"SREK1",-9.7767553413944,-18.9144483284553,-9.68522214294005,-21.1066112214758,-9.68917394775935,-9.49366777080268,-18.5339301194543,-10.7446612685118
"SRGAP2",-10.915556824811,-8.40128670041781,-10.3190314666649,-11.9555174994842,-11.7914862804073,-11.200117328126,-19.4852848952306,-10.3760656823485
"SRGN",-8.0514298883933,-10.7598429478258,-11.7913785451329,-10.1203871963291,-11.1494674210534,-9.49063452761617,-7.94233552631546,-10.1002440693802
"SRP54",-9.87760186877591,-13.6411840520465,-10.32707111392,-10.8327782049603,-10.6071632791958,-10.4920618272674,-9.93117365848579,-10.5646419250017
"SRPK2",-20.0219243384034,-8.2591446527213,-8.40479442298262,-10.2274015289143,-10.3489101980959,-9.28406120257375,-9.85634009990931,-7.68333685056407
"SRPRA",-9.88564167644455,-9.24469612287604,-11.3916345617272,-10.3107453031526,-21.1307699237355,-18.2469412418384,-9.51165695083311,-10.1212618157671
"SRSF6",-10.1047097155655,-20.276721316836,-10.2269998576904,-11.9167409040077,-11.4253241503581,-10.89478161024,-9.36826174004551,-11.3347637275684
"SRSF8",-10.060404997975,-10.9399960788865,-9.96062037959797,-11.1059315757997,-10.5018995094862,-17.8754187189741,-10.5017948157631,-10.8495826036322
"SSPN",-10.2598837141459,-8.45879658178065,-9.67779390398176,-10.7862138886407,-8.42300316900648,-8.64711678848709,-8.88068862269196,-10.2178681178789
"SSX2IP",-12.4382142077535,-11.00714002438,-22.1961802083819,-11.5040981940586,-12.3644259440912,-11.1907079736924,-15.511160410671,-11.1706124531986
"ST6GAL1",-9.70622842896412,-9.28639840661988,-12.2288022105445,-10.9858971759514,-11.1377348006974,-10.6237466620415,-8.75119006743759,-21.8994526775063
"ST6GALNAC3",-9.3550685954189,-10.9661843989625,-10.8270742903005,-10.4594887750072,-22.4195663379093,-22.2044814606794,-21.2092426625403,-11.7760147930445
"ST8SIA1",-21.7491161188219,-9.85220853173553,-22.2618918853539,-10.3963884027576,-10.4631468511204,-10.5786194608774,-9.42601446828553,-9.87180281231632
"ST8SIA6",-9.66846057282999,-20.7820107770012,-21.9968528455587,-11.3869535714556,-13.057100524069,-13.9582565612392,-20.883743665258,-9.86528742296543
"STAM",-10.1493317502721,-11.8942282792298,-10.4461943074597,-21.6329568647958,-11.4623951325095,-11.8919157513583,-20.1372929621889,-9.18679726927751
"STARD10",-20.0265529732315,-20.7512433388286,-14.14088843813,-10.6436651995671,-11.9833781743448,-11.1708203078239,-9.75423049487415,-11.2209631225219
"STARD13",-11.1060288704223,-21.3434172660105,-11.4603165454488,-11.0813694014781,-12.3165654406517,-21.9190020507886,-9.13505715716124,-22.8972941749604
"STK11",-9.67184559253055,-9.81149764926222,-11.2422173066494,-21.3257820487392,-11.6551019613123,-13.7113093062773,-19.9333626513611,-10.0882475042158
"STK17A",-10.7816561945402,-14.1737419552938,-22.0273902653669,-11.1471583921177,-10.9790236332018,-21.4570702186095,-9.39307536408838,-12.40119105719
"STK32A",-9.96427660608687,-10.5750320454486,-21.3053006257019,-11.1807185264049,-9.8498265125081,-10.5550835424457,-17.4502747867467,-12.3622988908011
"STMN1",-8.32562271393951,-7.3448626626174,-7.02381775409491,-8.42440252152157,-20.6159951644324,-17.5746595848126,-7.0883015021258,-7.72568280786665
"STMN3",-10.3994225743567,-20.2301291162048,-11.4907774326606,-9.85981188826596,-10.4427154038495,-10.2372062387164,-9.05675076564311,-8.40786225515954
"STOM",-7.54739414009226,-9.26801460626675,-12.1541522468274,-8.65017040298176,-8.60473138790077,-9.54725524959809,-9.07431229345118,-12.2190883756012
"STON2",-9.65204945476673,-9.01334332397507,-12.7254846442278,-10.2433389611915,-9.52506060415543,-9.45724792389871,-10.244124682074,-21.6620001069316
"STRBP",-11.8905694744704,-10.3797149397251,-10.7170186545731,-16.8095853722887,-17.0361223343226,-11.2357248244183,-9.91387200243031,-9.74044845206614
"STRN3",-21.8174546586002,-9.90647048195551,-11.0067629326878,-10.0346807737918,-10.7520808722932,-10.5281305482076,-19.2511902819287,-9.90859583391308
"STT3B",-11.4129722811546,-12.1676750651541,-10.1979637427836,-10.9614378500915,-10.4098559825972,-10.2779516992189,-8.7818762663799,-10.2044358983407
"STX16",-10.505280565607,-8.89257873713426,-9.11653933516928,-8.77089186165643,-9.79547546851009,-9.62885555483593,-8.85133701164561,-9.26440605185518
"STXBP1",-9.91593064122279,-10.8093780563527,-11.1139573470745,-10.0750906492116,-10.9000398535107,-10.7839217336979,-18.6841298165202,-7.27670764147514
"SUCLG2",-11.3643184889574,-9.64766688053239,-10.3432131947285,-9.43686973014779,-9.55014001427077,-10.0416450852283,-18.964738310521,-21.0837386149697
"SUCO",-10.5943970810121,-9.72447504638104,-10.7375969804241,-9.65011546550276,-12.7582243046329,-11.2223928364818,-18.6819685622126,-10.5039289545432
"SUN1",-9.39263029613178,-20.4170707221455,-9.59333499663775,-9.78437461136588,-10.9100815213986,-10.453778870046,-10.3681961947567,-10.6340332074926
"SUPT3H",-22.1642982737704,-10.9580886901965,-14.9299715729834,-13.0437940640053,-13.7889956607393,-12.0830378726727,-22.0260781051896,-23.4145818701734
"SUSD6",-10.0747165971808,-9.63884842609467,-11.5490822781017,-20.7133884165228,-22.5999242487676,-11.9752762234372,-9.5250386635632,-21.5948891913718
"SUZ12",-10.1933881684657,-11.3997372024089,-10.2670406597604,-20.3055203703012,-10.9695003013409,-11.102577745717,-10.5898455697176,-9.80342461240285
"SVIP",-10.4322302722954,-8.58308477139979,-8.04675797081681,-8.81697326827235,-10.0550328815557,-11.6922082446539,-8.25862024321185,-10.3265485817225
"SWAP70",-8.99597597804252,-20.0812518295715,-10.7478503779388,-9.73885563438543,-11.0839259995458,-11.2656201389159,-9.23223460577449,-22.3455905449692
"SYNC",-10.0942378497796,-11.1206186007986,-22.3039542530046,-11.1477623314288,-10.5088369692296,-12.4186982143305,-11.2688210739052,-11.0743242829034
"SYNDIG1",-11.4330130418675,-20.9284401219817,-10.9903789140522,-11.5288280768895,-23.5011642587064,-10.9037117021375,-17.6081803457826,-23.113807199079
"SYNE1",-8.32340362173889,-9.63491379739895,-10.1637127291924,-8.7858595598756,-8.80209212812297,-8.59547816847119,-8.70092236893532,-8.85249095704822
"SYNE2",-9.37229146977573,-9.2285943988576,-11.1512123986491,-13.3143308938197,-11.0973917586753,-10.5011254673768,-20.1724880151565,-11.1759294325259
"SYNGAP1",-21.4328019610995,-9.9651325260788,-11.4710765364022,-11.1376798785572,-15.3948368411335,-13.3449268777192,-10.083421092458,-10.4828645162939
"SYNGR3",-16.4199214571425,-18.0005964841218,-17.9545552015999,-11.2051892032101,-16.7189832155599,-15.3499683079586,-9.97843719199765,-8.18166928422825
"SYNJ2",-10.5032122469287,-20.0753704508743,-8.46027329071229,-9.8199220399871,-10.2528410876882,-10.0283585860608,-19.9150454049649,-21.9799151300337
"SYNM",-8.87046501141626,-19.3533203693322,-8.70963460963923,-9.1528548696292,-8.58527372521825,-8.39586866756696,-14.2601416497173,-10.6158139176074
"SYNPO2",-9.72419601675253,-9.86662622731791,-12.3502110501048,-12.9632157247939,-12.7959465774615,-10.9514385361028,-11.0524308679571,-22.6920874560773
"SYT1",-9.6155076452524,-10.0836861007715,-21.6846824195123,-8.78010390255994,-9.58979136554955,-18.6771894461881,-10.1018494761791,-6.52526446746959
"SYTL2",-10.7896798525035,-20.4445674057018,-10.6489201046107,-10.5537578725609,-13.6288828912913,-12.1687144599959,-12.9597615098658,-12.3826662211008
"SYTL4",-10.0210219912941,-20.8268373119913,-11.1297268837774,-20.7401512450081,-10.6156002242986,-10.9623467966087,-10.4813402915532,-21.2154452034811
"TAF13",-10.4445157951688,-19.6335723187643,-9.41122787603239,-13.4066412980159,-11.2491515298159,-9.49779871776942,-8.65399186449685,-9.09471501983569
"TAF7",-9.23041609830981,-9.00565771030707,-9.65578305845345,-8.72120308119043,-10.648456782421,-10.5804395076013,-8.30474539648176,-9.37124908302914
"TAFA5",-21.3855875163717,-20.3213712712887,-10.2541928836103,-10.3215351595531,-9.59542177557958,-10.1491485728592,-20.2117931051488,-9.16435440120828
"TAGLN3",-22.1185923944673,-10.2654292800435,-12.4820290301147,-21.51659695594,-13.2045551409861,-22.3621417908775,-11.8752441124853,-8.07459316340414
"TAMALIN",-8.98805232922445,-20.081916080945,-11.4168033871711,-13.4164558606566,-12.056537265263,-21.8324000021824,-20.2234993189785,-11.4909807774604
"TARS3",-10.5680383563068,-9.74074155414096,-9.95741657392164,-19.3462397659434,-10.5563902354839,-10.6043447321007,-8.73420500398041,-22.0647080360304
"TBC1D4",-8.77335869134552,-18.9614056542314,-11.547409707757,-12.3251777064743,-12.3011427762036,-21.9214981813075,-10.4884088494213,-12.1579073945588
"TBC1D9",-10.6892323349691,-9.58251012448148,-22.7660729447601,-11.0967608894453,-23.3743345899437,-22.7009497492062,-20.368288913564,-9.97087298522612
"TBL1XR1",-11.2050690224709,-9.94483763611946,-9.77692219898725,-9.18658448335191,-9.55275691460226,-9.29944230578278,-14.7516832502844,-9.31650403509581
"TCEAL2",-10.9630553956097,-8.57590074884502,-9.75749422392757,-11.6029365026111,-9.25626311662944,-9.3241650261475,-19.0947108165632,-9.36644027503718
"TCF4",-7.87383289718531,-7.43381112078046,-8.48944468341012,-8.92982046927977,-8.59109227413698,-8.24818629761287,-17.8654349314925,-9.74147982883715
"TCF7L2",-21.3814085791398,-11.290689071843,-11.104478510156,-14.2058854121135,-10.3374293104913,-9.64029498192271,-8.94042214927968,-20.1537829876789
"TCOF1",-11.6975834072773,-9.6930852720779,-11.7071594789054,-9.72943206411024,-10.7633053090263,-10.8581576419758,-20.3700718857304,-11.3891266446988
"TCP11L2",-22.2313634655253,-19.8553468883552,-10.3057230325495,-10.3326535198682,-22.3476408079424,-14.5572895620826,-20.8328791645297,-22.70427555834
"TECR",-9.91783804088343,-19.3989912213084,-8.81951069364349,-9.53803527486568,-10.3293795660529,-9.286666529832,-8.74572617363252,-9.19195819099226
"TEK",-9.20064462281669,-11.4479490547973,-22.7229767722686,-20.1524387750766,-12.2072788522514,-20.9864004927715,-20.9658329679785,-11.729185625359
"TENM2",-19.4318922946054,-20.9081665062305,-11.8604889887545,-10.486943390442,-12.2758034506897,-16.0656533074252,-9.51705607774247,-8.52492543739636
"TFDP2",-11.1798254942062,-9.07634180812166,-11.3472820630987,-21.1623955065446,-10.7473240726886,-10.1363656627527,-9.73637654564803,-9.79514458615307
"TFPI",-10.1905733444054,-11.3486306236527,-12.092412620246,-10.9072692272544,-20.0013523461848,-11.4021076647919,-20.0607699463332,-12.2436876966375
"TFRC",-9.37290101689939,-14.9813527840428,-22.9516520670231,-19.0217769361168,-11.9995025266741,-11.3733599888031,-20.3061176063584,-22.7306347279861
"TGFA",-22.5492953779426,-9.18332223314211,-10.4112403117938,-19.1067726949046,-23.4751773604588,-21.924913088572,-19.9958072437073,-22.7786817971912
"TGFBR1",-10.7679408274974,-9.60070492924106,-22.4400670588094,-10.3834961675146,-13.2911689320148,-11.398503238236,-9.42473363694343,-11.0479686233987
"TGFBR2",-8.30441809605797,-10.0452763922667,-12.3606382116692,-9.66967543402154,-11.1107846931066,-20.1295880471252,-12.2113117581475,-9.52630546616725
"TGFBR3",-9.8525095029439,-20.5962781481604,-10.8269683932012,-17.6120241632259,-11.0142845059215,-10.4535908882135,-21.145721460069,-22.1319287481009
"TH",-21.5346823963188,-10.4148342766136,-22.7766989808012,-21.2569817252114,-13.0241841785588,-21.0592127640975,-21.0214060079718,-8.49103998509862
"THAP2",-12.0166393470133,-10.917601220876,-11.8165780594356,-11.5350033462809,-12.6712713718592,-12.6956786828878,-11.8003681423858,-22.8705381194268
"THBD",-8.99020033162044,-20.3516842184727,-11.8056346566098,-20.5624465640986,-22.7740627562368,-11.2004572577011,-17.9743651437472,-21.8915144556521
"THEM4",-21.0114393450084,-20.0603143727004,-10.9213080778696,-10.3503986068447,-11.268914314166,-11.580816113567,-11.0781268934968,-14.6911831526981
"THEMIS2",-13.6508764420229,-12.6128955630065,-10.5189142602626,-20.6507625274633,-22.7779408939655,-19.7250251508536,-9.86262299528256,-21.8624543099283
"THOC2",-8.80791409551473,-10.209087831712,-10.6764129213267,-10.5796334454487,-9.67451600060832,-9.20263389966272,-7.85197608278135,-21.523548569324
"THRA",-8.87728510207305,-8.92058377422753,-9.46173107253588,-11.6175454166546,-8.86125948949751,-8.75784815005334,-13.2746256712246,-19.8224385084139
"THRB",-10.6703059013193,-9.81206617795232,-16.0317481595067,-10.6344113697949,-11.1149702856929,-20.0528763161743,-17.8107350325252,-18.9560858553194
"THSD4",-9.96092469823712,-21.3653657885943,-12.6670739290004,-13.1148936769294,-12.3508181312894,-23.1623634340349,-20.8460428561288,-22.6746909999363
"THUMPD1",-10.0767296026422,-9.38955805050547,-10.3457250177226,-19.2184120321799,-11.0325259948379,-9.69028653437328,-20.3546452111717,-11.4024694396579
"THUMPD3-AS1",-20.7746494523086,-20.0182431398412,-10.7113414362444,-13.5618135775059,-12.5281478451376,-10.3185698675925,-20.4020676512077,-22.2744012987422
"THY1",-10.8986720548651,-9.18456731242392,-11.6557106925277,-9.30702676146873,-20.0447729291514,-10.5861048656513,-8.80872461940684,-7.40496386313718
"TIAL1",-10.0615169260239,-19.9101765021257,-9.82713017836,-10.3631972412429,-11.1404437521916,-10.4613739008597,-10.0402451749749,-21.9057958933146
"TIAM1",-10.4908933602506,-8.66688459734094,-10.3211047113015,-15.7904281701687,-10.1952306794179,-12.1097624913653,-9.6688489195663,-21.173369184358
"TIMP2",-8.32407266815337,-17.66498451428,-8.0996259878683,-7.94181811179482,-10.5541744961806,-9.59026887686168,-8.05460493387858,-9.48357257061727
"TIMP3",-7.03966528165805,-10.1702069400966,-20.2272698131615,-10.7028462639777,-8.21688279627585,-8.66449968032543,-18.9207878821585,-11.3405385780371
"TIPARP",-10.6482323858959,-20.2086341488478,-10.5720747662372,-10.712463871628,-11.8688369933235,-11.8721673083781,-21.1042452805786,-11.7136895110432
"TLE1",-9.81490142059214,-8.7083729440163,-22.4763835332508,-10.2261971201613,-10.9267843397789,-12.1795075839398,-21.0270457690754,-11.2225420263936
"TLR4",-11.9521443757886,-8.62029753514253,-11.0702637802681,-11.1154056625753,-9.17632349477495,-9.7001363077762,-9.5827217135454,-22.1295461284698
"TM4SF1",-7.96074700245539,-20.4101024228197,-23.0145902844986,-10.0682932917231,-11.1419010266219,-12.0871466877591,-20.2515798005507,-21.9980954714724
"TM9SF3",-9.24447169039166,-9.98743287450777,-8.99350250331644,-10.2002621803038,-9.79475616010604,-8.82495546645489,-8.48365823276748,-8.97914498511959
"TMC6",-20.1644467895749,-9.24955257529494,-9.00847040556901,-11.421781339517,-11.2949672572186,-10.2595592212409,-9.8334576484771,-21.7370299348132
"TMCC2",-9.60131667365252,-8.76167097399955,-9.31315091912679,-9.65409729766902,-13.496232049655,-10.3601650673813,-18.214211393241,-10.2294736401377
"TMED3",-10.041127935975,-20.1651691577029,-11.5708602015539,-10.9559058037182,-11.4644308766311,-11.0264766960057,-19.4879779352446,-10.1042817489298
"TMEM106B",-9.71083518674457,-9.52185611720085,-8.97083488200838,-10.210787051387,-9.86453258953163,-9.36031311692329,-8.76289154947519,-9.08807705879943
"TMEM106C",-20.3832560246156,-9.92891711949796,-11.7814853540069,-12.5773749792429,-13.1719252949969,-10.7339718222227,-9.44463061542756,-11.0162100852696
"TMEM107",-11.8028082019186,-11.2898837197627,-12.6453541299305,-10.8484740844167,-12.1389541148202,-11.793685877887,-21.0960185175523,-13.6308097611368
"TMEM108",-18.9538393788676,-19.5234188895466,-19.0558255341466,-10.8009142167653,-11.543380917793,-11.0446973132969,-21.5428037897706,-12.2967041392103
"TMEM132B",-20.7465924208614,-10.7502617018622,-12.9937390405753,-21.5616246500651,-12.0780922924287,-23.2555435687556,-10.7354085186981,-9.48445158864887
"TMEM140",-9.86202498209767,-20.3567643967837,-10.8651536043159,-20.9877812033249,-13.5972295108529,-11.5862872547252,-9.29728364278129,-22.4857046751344
"TMEM14A",-9.96626120025384,-10.2160213151568,-10.5687174744442,-10.4494396011209,-11.2172757840423,-11.9230275801019,-9.66491793574494,-8.8156013453171
"TMEM161B-DT",-12.287289685,-19.4999659356367,-10.5670129880742,-9.79562867144028,-9.6190263766865,-9.28475788563908,-18.8917449930497,-10.7209665563557
"TMEM168",-9.7711375404442,-9.67086527080876,-10.6761481259821,-20.75831816407,-10.9896036928635,-10.4014816697245,-9.64536649811133,-21.9006415064708
"TMEM170A",-10.3678644539983,-17.8677111364379,-10.0861560332309,-9.68236907419106,-9.9616488879121,-10.1882097694704,-10.252525620006,-21.5261975224241
"TMEM170B",-9.77051913356474,-9.72151487557975,-10.8111452665301,-9.55234508770077,-12.5267129788522,-11.2673141523478,-19.8527421681658,-9.59674068538796
"TMEM176A",-10.1891889681348,-10.2624826837385,-22.4017535765218,-10.3632153271699,-10.6790908066489,-13.6847360108033,-9.50626733031292,-21.755521938318
"TMEM176B",-21.8805307738576,-9.65719100683395,-22.273632350219,-10.5889859609177,-10.3660762935752,-10.1218886815996,-19.8271993118094,-10.2778178604445
"TMEM204",-8.85236084993664,-12.570375203658,-21.2225210438046,-9.66077323739229,-13.3372961374949,-10.8421038345096,-9.96282958586509,-21.6959212807209
"TMEM205",-13.0849647945466,-10.591826702925,-10.8202264834253,-13.6107981666467,-11.2181270062327,-10.1017818762311,-21.4042351132767,-10.3906361695333
"TMEM25",-9.9625607507655,-10.5550003139675,-10.9688491933943,-20.7547947497896,-11.8173348823887,-12.5389100452234,-20.2168519386993,-9.29473786313789
"TMEM263",-20.9123828105221,-10.4360963778619,-13.279879674242,-20.0645481056033,-10.4161650921648,-21.3299261137007,-9.81209468350511,-11.3594429725988
"TMEM273",-10.1787100556541,-12.3031037105254,-11.1549569915755,-10.1813368756349,-22.066300148034,-20.655345931693,-18.8388737821998,-11.5471858503434
"TMEM63A",-9.38413446368213,-11.209835196905,-8.16130289655474,-9.326989644186,-13.0929532802788,-10.2294530318027,-8.63707202687516,-22.0431999516057
"TMEM64",-11.7953547327291,-21.235438411632,-10.4682980827095,-10.0637950265128,-14.529460228311,-22.31511942144,-19.8171337237727,-13.8692043769976
"TMOD2",-9.27146871192756,-9.63843317405808,-10.0579512841395,-10.2004115854701,-8.95950136280063,-9.71316214291214,-8.54955266295708,-8.89625485266687
"TMSB10",-5.92874234739799,-17.4668142927244,-9.34740673726153,-7.85522301783842,-8.38515252583663,-8.14754854002922,-7.83262675221406,-8.553507302899
"TMSB4X",-5.75966808491822,-6.25850467702581,-5.72830990192487,-6.02647747911829,-6.52787910752243,-6.34801990313751,-5.23900948666357,-7.62347982827202
"TMTC1",-9.77606507399149,-11.6394963957437,-11.3406095827529,-10.5285678609506,-10.7740837934661,-10.2462985463331,-10.466336628323,-10.0790252417673
"TMTC2",-19.8259963566143,-9.30126634698057,-9.78498531589399,-9.86392113582421,-11.2424526638646,-11.5384635957792,-9.18268345006349,-22.294845904978
"TMX4",-9.42404335661473,-8.31400229661145,-9.71262575805057,-20.2037611657054,-9.55739097453729,-9.61377071158576,-19.8517906927214,-7.90597550172413
"TNC",-10.8182900658754,-8.46206284140988,-18.8837686075366,-10.019162231539,-8.77360214593396,-8.43556721684803,-9.89940586714778,-21.2691794648829
"TNFAIP1",-10.1773821813584,-10.0231089010842,-10.929809454651,-12.5579248486591,-10.8249662982624,-11.203473228572,-9.34316513287487,-11.8952141525266
"TNFAIP2",-21.9905554916132,-17.594810079191,-11.3849368712018,-12.1993439791056,-11.9047059090413,-13.3544429175975,-10.0045037907324,-21.7750640562341
"TNFAIP6",-11.7289860421585,-9.8884839141436,-11.4481788828731,-20.9849174893971,-12.257977388938,-12.128772220841,-10.7608909221866,-10.9333539792649
"TNFRSF1A",-19.3946720969227,-19.9263096328723,-20.8365341092816,-20.4871142327176,-10.1924435267275,-9.52866579067155,-8.76124476622944,-10.3399380845756
"TNFRSF1B",-9.99682157141092,-21.6088311945994,-12.2874213147655,-11.9478419868136,-23.1375734519003,-22.7663010659954,-10.4569298027518,-23.06746360452
"TNFRSF21",-13.1360160117394,-9.76340363444285,-9.23056100301772,-9.79478284165689,-23.0117900272617,-21.4893994346009,-20.722485462056,-8.73207775704178
"TNFSF10",-8.8588405524965,-21.0371487714666,-12.5609633375195,-10.5240925017385,-12.9122714320854,-11.4829611924881,-21.1098456884963,-22.0859426314746
"TNFSF13",-11.0569395984,-19.6774741534235,-11.4953943791428,-12.2709912839238,-10.0255024394646,-9.68031900114564,-20.5120089789514,-21.3712543154265
"TNIP1",-11.657858759131,-21.3941359342981,-11.6774197811168,-11.058301039649,-11.1732465917274,-10.1544947431027,-9.21349286759991,-10.8278371093562
"TNKS",-19.629993565632,-12.9791475466837,-9.7410713917548,-10.086430196918,-12.0696225151771,-10.6739238068733,-9.11938548165866,-9.58401512548834
"TNPO1",-9.485904244786,-19.2103307452125,-9.82470563505806,-9.56616822406732,-9.5531901303841,-10.9214115151099,-9.53455938415872,-12.3240905448316
"TNRC6A",-11.2935948513565,-8.83079757341724,-10.0812053742143,-9.19305878517064,-9.15376895136776,-8.66183431842823,-9.24080680945204,-9.94670501638498
"TNRC6C",-19.247164611882,-19.9346007087201,-8.69484872325673,-8.95611942278044,-9.52141243826472,-8.77202782237839,-18.557426990175,-11.0145247243934
"TNS1",-8.79422944748698,-9.46464413905726,-9.62278239226138,-9.99162137262841,-9.71967924034152,-9.8173056313775,-11.0672546460283,-21.1019113241624
"TOGARAM2",-21.2138107876131,-21.4573206540867,-23.3562661927231,-21.390603210782,-11.4761476833363,-10.3379971469959,-19.4422540793207,-21.3940157646294
"TP53INP1",-12.6394991496341,-10.662607456819,-14.2536714707748,-10.9083630962785,-11.1952370456738,-22.4880847053539,-9.11633623905791,-12.0510960647276
"TP53INP2",-9.34677927318874,-8.36993731204684,-8.29843951077745,-8.6891824603767,-8.87591009378677,-7.99312439648684,-8.5792939644056,-21.5056817291305
"TPCN1",-9.09969535351918,-10.6556420125974,-10.2339352305807,-12.4694584440738,-9.74725806154938,-12.8702029277872,-20.0628953697444,-10.7111082146737
"TPD52",-9.63824663120025,-9.06886530420968,-9.64463401890712,-10.3204784186577,-21.1265028401836,-11.8512768920592,-19.9472308109085,-9.31112382113658
"TPD52L1",-10.9957917879169,-20.6875772789176,-22.2851945923896,-10.1518029711308,-10.0769411146684,-11.0252577615804,-9.16294898744538,-9.90767532161863
"TPM1",-8.62599041201013,-9.56635382516428,-21.6036295892644,-9.46069807393457,-10.3027116665907,-9.80032011988327,-19.1643287210455,-9.90387845154017
"TPM2",-9.62976296658782,-11.6668574840235,-18.2384747448261,-10.206775664512,-12.2898160886864,-11.1718630189718,-9.66126919050499,-22.1426995259162
"TPM4",-8.47571276933557,-20.0036882194189,-9.19020689882203,-10.7170011540477,-12.6735295621701,-9.99221584893996,-8.7495339994794,-10.4886870600316
"TPPP3",-11.0968173038823,-9.04544030283248,-9.5049345400668,-9.66250549108564,-10.7668333827303,-9.92725453488819,-20.2870574162039,-9.67190728787305
"TPST1",-9.82858839248116,-10.8360674631073,-10.6274638974564,-20.9502718299902,-12.9749140303325,-20.8553749662649,-17.7125841552647,-10.002088169739
"TPST2",-9.06358624732475,-19.2238402186178,-12.3430988654737,-9.78091086845777,-10.8770278268065,-11.334876739571,-18.3561103407339,-21.1482641764553
"TRAF3",-10.6746069377906,-9.92895446388425,-12.0065264621057,-11.6984450282085,-21.6732143785597,-23.0463264279747,-9.65418794763167,-10.8542669745984
"TRDN",-21.7935211986301,-11.8343420480051,-22.3001491566557,-10.3172711078886,-10.4467986293729,-9.88642518437468,-9.26020832853027,-22.1420905899991
"TRIB2",-9.85112628529511,-9.90824548658679,-22.9894140747874,-22.0524347357048,-11.5650977227496,-10.6845911151021,-17.4349747096016,-10.5150565261474
"TRIM22",-9.24863521075076,-13.8151415493102,-11.8824324627707,-10.459420600842,-12.9651540243053,-10.9255234100517,-20.4531345354239,-20.6813635758353
"TRIM36",-21.3574103132605,-19.0799431413803,-10.8501596036027,-20.2340626499279,-21.8227599560498,-12.5830463472166,-9.29203054240443,-8.30523250691989
"TRIOBP",-9.94895641098189,-11.4670469079711,-11.3837794325955,-10.5150518009922,-11.06108582234,-21.6977950307223,-9.97172194620212,-12.0323207156755
"TRIP11",-10.7938959604278,-16.1204427632742,-9.39833009067926,-9.6602820794973,-10.0549304599711,-9.43609226158707,-9.11703472456979,-10.3737751510471
"TRIQK",-11.5073055331748,-12.8483956060748,-10.2030738376868,-10.2482189310345,-12.1021901663979,-20.0557737608222,-10.8545232342555,-11.1278391855164
"TRMT11",-10.9933464874945,-20.7065430264265,-11.5355597813802,-19.8846188308907,-12.706273180066,-11.322800732388,-21.0325306350532,-11.2521980477053
"TRPC1",-10.7175768666659,-18.8064435901015,-12.9191309588542,-12.1751595329612,-11.424387506652,-11.9687954357724,-19.8489257536671,-11.4457007962109
"TRPM3",-8.9058146367444,-8.87013639560984,-11.9639944594875,-8.81994245362236,-8.00263825909817,-8.01345280793924,-7.98403499513623,-20.2596299041904
"TRPM7",-10.1033788245921,-20.3677503737215,-12.7403378966198,-10.2189066726118,-10.8440133059907,-10.1163555823743,-9.75397675542375,-21.4598763437188
"TRPS1",-10.4771175934261,-8.26799137108725,-11.1239892852604,-8.55180102647328,-9.05290397381115,-8.79956235891313,-9.33573270132218,-19.1369516112662
"TSC22D1",-6.70064153620016,-7.91452172081104,-8.67961566928283,-8.153158438086,-8.2111992638675,-8.31821182920546,-8.26989048490596,-7.87730626914299
"TSHZ2",-10.9093801919381,-19.6279516361626,-11.7217523054453,-12.8919303154578,-9.98496344436265,-9.14134274272107,-20.0453184097859,-11.5804885922751
"TSPAN13",-12.7775449025594,-10.2044001334599,-21.0424455303379,-21.7027882161968,-11.8649298049192,-22.8393778542631,-21.4925740353507,-10.3773867628929
"TSPAN7",-20.5506354226709,-7.69388072329753,-9.36354715005472,-9.49466613028751,-9.48329758310092,-10.5655652979142,-8.2897593185645,-8.37765505105908
"TSPYL2",-21.4253528348426,-14.5458150730524,-11.9066277867802,-12.6853939672025,-10.7162853975396,-10.9274052191867,-17.3207599300342,-10.3670912302182
"TSPYL4",-10.0118328469783,-9.02286865428743,-10.847940695173,-19.5831246737412,-10.9958076582573,-18.9386207358774,-8.48008802618528,-8.53778799232455
"TTC32",-21.2272409476133,-18.0445222301303,-10.1712952638195,-10.9245194439985,-22.3087940190582,-21.9176360062541,-20.2379907679424,-21.8488787427193
"TTF1",-13.0024421085656,-19.9058977588993,-10.6174488302233,-20.1944845478957,-11.2627573863553,-10.9930761191349,-20.6955525740332,-11.3141063065012
"TTLL4",-13.3609740943839,-20.9584632997957,-12.1209876857068,-11.8061090536762,-11.8460107939955,-11.1868000460982,-9.13830599594631,-11.5742390756606
"TTN",-10.2895439392037,-20.4816760804576,-11.0184890855038,-10.5384551665151,-11.0539527547168,-9.83893577518477,-20.293945996446,-10.56190174503
"TTTY14",-21.8790419864608,-10.6862699657161,-11.3188997287703,-22.0500761281424,-12.3510149941244,-10.915817883658,-9.77726050339462,-12.5852100389774
"TUBA4A",-10.3823857058252,-12.1025837843267,-18.9210868272416,-17.1650104861158,-10.6862941038353,-11.4100793882521,-20.1454897236825,-8.55782729079992
"TUBGCP2",-10.1408562299306,-9.04560665355917,-10.6751073729045,-11.1286817440884,-10.4263514929465,-10.697488185943,-19.8468539321275,-9.6716660600192
"TUT4",-21.7269972258724,-9.08183529864302,-10.6698879941409,-9.63723594851899,-10.5521796869341,-9.69164668182282,-9.65598593542809,-10.1652334655223
"TUT7",-12.9647325312758,-10.9960482677029,-11.6321756860422,-10.7833779316092,-13.2016621779126,-11.8631172868012,-10.1490503948267,-12.5500983404366
"TXNIP",-8.3363839251703,-11.5873961364718,-7.85775232351184,-8.1894713496059,-9.12721159455519,-8.20932077175427,-8.27788331434999,-21.6856221757403
"TYK2",-12.6114443017625,-11.4362136407452,-11.5946884921246,-20.9633678766671,-11.9357386481346,-11.5536694411705,-10.8095551151265,-14.6132130981677
"UBA6",-21.7054279759474,-9.25380527164654,-9.67376690813677,-9.73901522396212,-17.4114643558956,-22.1162460503706,-8.73793323231066,-10.095574153111
"UBALD2",-9.25162350789419,-19.4310228996161,-10.0316260881407,-20.5487522883621,-10.0568051176801,-19.4963452137667,-19.3217946254773,-11.819368002221
"UBE2F",-10.5660310227005,-9.33070269207928,-10.6086266837634,-12.5942095953577,-22.0552926005987,-11.0348126898103,-20.9024880012479,-10.1659196978073
"UBE2M",-21.1064665386971,-19.8671099755883,-10.6190981842618,-11.4175044728881,-9.68162712848737,-9.87380937344579,-9.24278761638356,-9.16972834529628
"UBE2Q2",-9.05147439078244,-18.3827927741302,-11.0749334200582,-11.0149992277988,-12.0103803835721,-11.5948330675157,-20.3504785115248,-9.47116504183719
"UBQLN2",-9.28829116133211,-9.45162100330737,-10.9285878367847,-9.87446322196658,-10.196149727551,-10.1370708474713,-9.27078162724402,-8.67480210800073
"UBR1",-21.6131595242481,-9.49015124340906,-10.962885231733,-11.4457877851477,-11.1977710320389,-20.3046042409582,-21.0572931665531,-10.5650071170994
"UBR4",-10.0595094053179,-20.2580569030604,-20.6385226774655,-21.914802074872,-10.8190532746179,-9.80912604877631,-9.69411397932404,-13.496570625127
"UBXN2A",-21.4797411852084,-9.9790803143099,-10.9293743278501,-10.0661575208055,-11.8589945195843,-11.2371018063764,-9.94374473127931,-10.8723803385329
"UBXN2B",-10.8798991925802,-20.3026413391856,-10.9400096699231,-11.855916635655,-23.1217309076264,-10.9367222802869,-18.284933426672,-11.8316370140005
"UGCG",-11.1474901082565,-20.5149626575161,-11.5207932053202,-10.1255624614464,-12.6647710157421,-17.3943051642871,-8.96362236356075,-11.1556095571808
"UHMK1",-8.92476471665562,-8.27046414407727,-10.3419398117925,-9.05661254395096,-11.773590911056,-9.71672762435488,-8.78671173091442,-8.43145137212392
"UHRF2",-22.2307886797818,-10.3294920808106,-11.0847503904921,-11.4589792670019,-12.9221803503973,-22.767526092697,-11.8158065711487,-11.8631845860959
"ULK1",-11.8176899773043,-21.5850474509389,-22.5182722176609,-21.1123246282312,-11.4155380708348,-12.120119296832,-9.85822308654779,-10.2035191638789
"UNC13C",-10.76017531724,-21.247860804683,-21.9533856351876,-10.1926885751694,-11.9997965453928,-10.7235511678714,-10.9784218259702,-8.74356474899515
"UPK3BL1",-18.8619771847896,-9.49503390531035,-10.2551594745057,-9.61405664694704,-10.4210273609778,-9.8353182186787,-10.4114423038694,-9.62474810468809
"USP11",-9.66684582309012,-8.86630316805709,-10.7661551587971,-10.1472139340515,-9.87221586500255,-10.4167687339073,-9.31465589552541,-8.51875071810408
"USP12",-10.1289107996707,-11.302967486516,-10.7085256569698,-9.66057491881189,-10.7991613974784,-9.8206953759589,-9.17349235287608,-9.09813797456246
"USP14",-9.49503139746612,-20.2495292085538,-10.2250682558213,-13.8672722362175,-10.4491054480624,-10.5497694880851,-8.9664270171335,-8.93950579966488
"USP36",-10.6329422340824,-9.90993239424868,-11.4285513086899,-11.0314175337099,-12.7116077047838,-11.9515757428893,-11.181937126376,-13.4012325827946
"USP4",-10.1458287497194,-10.1084464987618,-11.0571867926411,-10.0508914455939,-11.0741080591202,-10.939299787041,-19.3753564118179,-9.9167967075714
"USP53",-9.70263344664398,-11.0209051048785,-10.8521943736454,-9.86426119428085,-9.30421462182066,-10.584920832852,-9.16191841909015,-10.1408634506935
"USP8",-10.5412718603779,-9.22738180813221,-9.50961204682851,-8.70877988128337,-9.36794233410734,-9.18007166836727,-8.22961813129152,-8.89119017453134
"USP9Y",-10.6448595547984,-10.3472589894833,-12.0562175376828,-11.0509149001593,-11.1111322855714,-10.8829895608432,-9.64231066829423,-10.225204240539
"UTP23",-21.1299230199077,-10.0552063068759,-10.9244028084201,-21.0763898180972,-11.2674043840985,-10.4514515140805,-10.3673238398234,-11.765871273941
"UTY",-10.769281412344,-20.2305554136125,-12.2086796645816,-10.9920669537795,-12.1666500352262,-11.4106165115678,-19.7187326277695,-12.1583845757715
"UXS1",-10.6520735560299,-10.8577530106258,-11.1910727587883,-9.93159492739982,-21.6594246497481,-22.3439547127993,-9.85683562376419,-10.9817279503752
"VASH1",-9.81903589132362,-10.2430721186039,-10.7543508864339,-10.641164114922,-12.5672085276678,-10.9188983356087,-8.89761303859484,-14.2093564625633
"VCAM1",-10.2352803407811,-13.3966688606814,-22.1195299807584,-11.0780308770661,-10.9727805311528,-21.548974570887,-20.9792578568944,-22.0350695986886
"VCPIP1",-10.7770461926769,-9.46606189042014,-10.440637318997,-9.95910415967151,-12.9684551897785,-10.7992200972935,-19.9228361823082,-9.41356759633554
"VEGFA",-11.8455265919094,-10.3953655393545,-22.1965295920368,-12.0781446400161,-10.6180443126732,-21.1723589383431,-9.79827568256006,-10.4986262971277
"VIM",-6.65933414238916,-19.3128622548546,-9.84474109386873,-8.62919676022494,-8.88508803198849,-8.38101238113885,-8.13253731296233,-20.7934260982199
"VLDLR",-21.9343508459735,-18.4791675999496,-10.1811677912378,-11.0188076354729,-23.6651547305922,-10.3572694191129,-20.1579723600781,-10.3556412927962
"VMA21",-9.42617587043509,-9.35421082186258,-10.5084195066105,-9.45786735025809,-11.6952432714916,-9.90564563366399,-8.7331444700938,-9.12700991421012
"VPS13A",-11.0531713153868,-20.5753519304823,-22.9138074179505,-10.5046569460744,-10.9128588440094,-12.0487525045072,-9.92571971617978,-11.70149507703
"VPS37B",-20.0872111619118,-11.1748540465663,-11.2610819519393,-20.1208531399426,-14.5593955337048,-16.7735660212738,-20.9270335792891,-12.0789333519725
"VPS51",-12.2559494537454,-20.3528688450248,-10.5522530931088,-10.1518878180182,-10.7010869342132,-11.2278706705298,-9.5471000149879,-9.50277392052309
"VPS54",-18.1948143721868,-9.99670628298052,-11.3433916579777,-10.6953693017113,-12.7463454205929,-11.0117018530454,-10.7478674098792,-12.6038227770688
"VPS8",-12.615078679373,-21.633917963664,-11.4359471250149,-21.7720221530829,-10.8413334587452,-11.112483696362,-14.8923424975068,-10.3466489585147
"VSNL1",-21.9730357339934,-10.5847866567818,-23.3575502668763,-11.03554475456,-23.8427485509569,-14.340302285962,-21.4771351498938,-8.55623680465781
"VSTM2B",-22.0398329130895,-21.1565002848928,-9.89293387569788,-10.186225095548,-23.1449470521851,-18.6106555379103,-20.4511254334102,-11.7338544533301
"WAPL",-18.0211974670839,-8.87538006329601,-10.2562553901018,-10.8033233911572,-11.446534502476,-11.710806070144,-10.0724260026096,-10.5885551537071
"WASF3",-8.46445649884639,-11.6352198421643,-9.16781159778095,-9.85236174509261,-9.54368150545989,-9.6160479022718,-19.9825244736285,-8.22995854908369
"WDFY3",-9.37943057715148,-19.8540808474899,-9.49047475655549,-9.86943224353523,-10.3858332076574,-10.0763128651024,-8.27327808487846,-9.92006135074826
"WDR74",-10.6819073798885,-9.53702804306808,-9.58392656007221,-21.6513815711736,-20.3750273781152,-10.643844214261,-20.5057003170296,-9.93629705378657
"WHRN",-21.2948739379513,-9.61119758298706,-11.1989707216732,-11.2992075313611,-22.6593386334563,-12.4474089694207,-21.4979721262108,-11.8945073248058
"WLS",-10.1185516880725,-17.6592141616165,-21.6302903807015,-8.59552205869768,-8.59105810513433,-8.7548562405827,-8.58401947028174,-9.43742287789047
"WSB2",-10.6993452422348,-9.29418795907283,-9.63999833243991,-8.73862453045678,-9.06773732281822,-9.63618721534972,-9.32089028108473,-8.46797106396039
"WWC1",-10.1640053286336,-18.8391480842635,-10.458176564747,-11.1192218274161,-9.19140427831444,-11.0894268180474,-19.9786798991377,-12.5006527111403
"WWC3",-21.1407882225389,-20.6459494182573,-10.3991884773226,-11.1751391286844,-10.9726139415809,-10.1747795174942,-9.81143113642933,-22.3121501610586
"WWOX",-9.35968229649191,-10.0052236603656,-11.290478860395,-11.4762863375377,-10.7072892137848,-10.5205508449977,-8.30642947881454,-20.945617502867
"XAF1",-9.48982475378835,-9.68029208294008,-12.834501873051,-11.1918701389494,-11.1535770071549,-22.0336273562475,-11.7056563234211,-11.7630335256116
"XBP1",-9.42197877813765,-11.3152902930242,-20.5726792376123,-21.3014085010768,-12.2544946517197,-20.5620566645989,-8.42153128706845,-9.80220826901836
"YAP1",-10.698792378574,-9.55244252648793,-17.9158944702977,-10.5385180519567,-9.80898131740742,-11.9229943702495,-20.5387536088668,-11.6585550270743
"YBX3",-8.76541602505466,-20.0710072275979,-22.5205821249776,-21.3590107227908,-11.5395904345516,-10.1944977245989,-9.1747327739673,-11.135078443985
"YES1",-9.14876735890705,-20.628430743144,-10.3909292009415,-10.2341547020264,-10.5463015938385,-10.6896378006705,-10.1447402232729,-22.1663212061124
"YLPM1",-10.9892345430878,-10.0522232446874,-9.88892031066402,-9.62336479679219,-10.5982019855308,-11.0097122093516,-9.54640731777665,-9.63439167506271
"YWHAH",-8.93582044707222,-20.1213332817441,-11.0650266092951,-9.10162919748166,-11.1977236716339,-9.54375498266428,-9.0196500408663,-8.04917133569713
"ZBED11",-12.0530959333989,-9.4133643316581,-9.50245114311587,-10.2962368431499,-11.4152984602464,-10.4875613595043,-9.81106905927922,-10.2793190540166
"ZBTB10",-9.78011567638461,-19.601169118865,-10.5990878477873,-9.30393071228618,-10.5242222582428,-9.13024121851162,-19.5774757294326,-10.8568394205197
"ZBTB16",-9.31775384659847,-8.12961406064326,-9.88128067286933,-8.91962476840931,-9.83455275986086,-9.19370361969388,-18.7827917270946,-10.4668195704808
"ZBTB18",-20.7245834626228,-9.43512237709809,-10.7009270862067,-9.96523609456666,-11.1756452034769,-9.83288217900926,-8.9881923230755,-10.1347332874709
"ZBTB20",-8.74358210696255,-8.62055428492966,-8.15801585964002,-8.31255378200072,-8.18980399382365,-7.82413234649361,-7.62499807903499,-20.9280927383122
"ZBTB21",-19.2835451543723,-20.0934564734348,-10.4841205632429,-10.0587743452375,-11.6988901527552,-11.2040281831577,-20.0717731071907,-20.4060532336853
"ZBTB25",-20.158850811144,-11.9291802516601,-11.3790861626866,-9.88360167305463,-11.8926580816875,-11.1338580904101,-10.9979221300245,-11.2736662080518
"ZBTB34",-10.6571051984447,-20.0761584985841,-10.7323616657985,-13.1180566133427,-11.333987746166,-20.7956819922091,-18.4008452327183,-10.5638555839137
"ZBTB37",-10.5138203327816,-11.6691673223459,-10.4065530585987,-10.9564490173031,-11.3463914113722,-10.767648345547,-8.9525121526702,-11.1452989312411
"ZBTB38",-10.0019244742514,-8.59052006223298,-9.13952320535372,-21.1497741183359,-10.3931968107194,-10.5674349130448,-9.49278106614577,-10.5221412692319
"ZC3H12C",-11.5563610163771,-9.26921854104436,-12.7929561371971,-11.487065001567,-10.5909455575265,-10.6545207268883,-13.8966287779653,-11.6600152489247
"ZC3H6",-10.5954435068814,-8.36594271815276,-9.26895430377153,-19.1842125346076,-10.0579207159609,-9.26853124748041,-8.17642045258196,-10.8490976912901
"ZCCHC2",-10.5735015345009,-10.2020016098806,-10.655377975331,-11.5687962918515,-13.6638052869119,-11.5696161051522,-20.3596247315188,-11.59572855055
"ZCCHC7",-20.7893705872561,-11.9773168281229,-13.5718913496349,-22.058149533115,-12.2787927168771,-11.1300595922983,-10.0416753719078,-10.8544007679349
"ZDHHC2",-18.7290317690422,-11.0338492645558,-10.65387141856,-11.0885767857705,-10.9927603094896,-9.99398193093974,-19.772794323816,-10.9234306419929
"ZEB1",-10.1096414704887,-18.5542273185175,-9.99203504031595,-9.12288154751153,-9.89703881125285,-9.72772157227838,-20.4725300166293,-10.1804342030041
"ZFAND2A",-10.9858714803553,-11.699520169698,-11.6680576122977,-22.3134023797767,-22.9752278710413,-10.4294126969264,-21.1395847207144,-9.61498419122121
"ZFC3H1",-10.270716883237,-19.6545815466247,-10.1190885467958,-11.4182047177899,-10.592055837449,-11.4418546030132,-19.5513033042923,-11.0208681821864
"ZFHX3",-10.7547119305358,-8.73117951717196,-10.9459540676028,-9.75178318835361,-10.3923146225687,-9.73576840337708,-8.62932150521313,-9.82624822541558
"ZFP36",-9.83779329478153,-10.5710126526212,-22.7624114738127,-10.6843464992517,-13.0651794427751,-22.5997291552443,-9.50825239132557,-22.6643622815278
"ZFP90",-10.700413078707,-9.42544782131029,-10.3283251257566,-9.93004271624617,-11.4385612041723,-15.9528973682326,-20.6550125071734,-10.6414783001157
"ZFR",-10.2410006887889,-9.20082184594288,-9.24070608797125,-9.31526179429008,-8.84343592473846,-8.76099415302142,-8.91955347244196,-8.77920406958749
"ZFYVE16",-10.3523822294113,-8.9709938672327,-8.33282344441202,-8.47662572111941,-9.96418897311218,-9.52950062968819,-7.6541712761382,-11.4053911412093
"ZFYVE9",-10.7755419390083,-9.71785170153036,-12.3745231558225,-10.6760684940629,-10.1330759513747,-11.2557356819012,-20.4379440283503,-10.5185700303611
"ZHX2",-14.7371371595633,-11.0430222058492,-10.5767132912436,-21.9212894252497,-11.3433508693775,-10.2212188411414,-10.6373815341472,-11.1764735548431
"ZIC1",-9.36149945027943,-9.73935546155633,-23.1694204423146,-21.5092209093993,-11.9322797682138,-10.473254970964,-11.0811905612032,-12.5554635884322
"ZIC2",-10.1258950864952,-20.920441955871,-12.5434119317094,-11.7014133806392,-12.3477740871428,-11.2879654805384,-10.105855075944,-21.2523967621428
"ZMAT3",-8.0556044105489,-8.86828025134633,-10.7763446152446,-8.89008019501112,-9.52862139330112,-9.26335599378277,-9.39580892331027,-8.50521560870402
"ZNF10",-11.4695988918086,-10.7448644838313,-12.7133576532637,-21.0860655830638,-20.6302435386434,-11.7609451055833,-9.69800160706509,-22.8047348349017
"ZNF107",-23.2407545806714,-12.9295247443489,-12.4778178626577,-21.944244771432,-12.5559663319606,-14.7484331049664,-21.3851307691967,-23.1096256385368
"ZNF160",-11.9605672551308,-9.97096431249217,-11.3988145355375,-12.3182257366096,-10.9061288392408,-11.4645878469896,-19.5259552013322,-10.9981960832736
"ZNF208",-11.1122377887725,-20.8092010256658,-22.9346570258719,-21.5453955185721,-12.4724119273293,-11.2167394022581,-9.59793447562843,-11.3315487965086
"ZNF281",-20.2622149229946,-8.54859266834597,-9.76599855526626,-10.4792168187617,-10.5271570696554,-9.95066788643016,-8.84221491408025,-11.2721380329859
"ZNF292",-9.32044331686497,-9.19770312754188,-9.25935295235358,-9.75523277990778,-9.81103169695475,-8.93171849787865,-9.25171520108138,-9.85409526875013
"ZNF316",-10.9286412263541,-9.56862610584057,-22.2233657011738,-22.4479524748954,-11.0785237092101,-11.4339724621275,-19.5190328859539,-12.4901894914782
"ZNF331",-10.9158932240399,-10.1957440757123,-11.6436460982779,-10.5190720315666,-11.9891898131949,-11.5153025706638,-11.4567513379996,-10.0856684143863
"ZNF358",-9.8018460834896,-17.8012868521538,-10.6962235461978,-9.15233257515733,-9.67292777548123,-9.70792069196983,-10.2447064618383,-9.99494622045212
"ZNF365",-10.2203527790083,-8.66212787213895,-9.80844070167106,-11.0299050582215,-12.6838803458145,-21.2250919931927,-19.6812641291248,-9.62855190804304
"ZNF383",-21.846672015062,-21.2754420049632,-12.2232487014171,-10.526244576103,-12.3014100767663,-11.0008927867775,-20.3123469581051,-13.789788355823
"ZNF384",-11.3725475779923,-21.1898768544845,-10.7036525545203,-12.3277208123644,-12.6835269546577,-10.9167537323336,-15.8856897754385,-12.6104928196135
"ZNF385D",-11.4077393444376,-19.6765179517856,-22.97276566977,-22.2048432581945,-11.5989504453648,-12.966401417232,-21.1742533700815,-8.7557805978928
"ZNF395",-11.0841485418061,-18.6855940638753,-10.5395303899201,-20.5439281957191,-10.4256072940532,-10.2304477348905,-9.21190817365859,-12.4509398011034
"ZNF429",-21.3452959719197,-9.54392540550126,-10.8586153860502,-11.3988119433533,-12.92819230822,-10.6850927847353,-20.6548085265404,-20.3990538759995
"ZNF451",-11.5490441801135,-12.1276313630649,-9.40094923378845,-9.07583559502582,-10.5484756225007,-11.666715652743,-8.68206865021116,-12.3541326847706
"ZNF483",-10.0991189367824,-19.8969262704871,-9.20676917332802,-9.6493792148776,-9.84574760185258,-10.3241327538831,-19.2790739471782,-9.24204211993736
"ZNF493",-9.30469531860461,-11.0260290257994,-10.345731308738,-11.8460586987786,-12.8604245536724,-13.2146489182223,-20.5000163683549,-12.9625902813749
"ZNF506",-11.8576178349609,-10.6994758488758,-10.7686599150542,-12.0139764340202,-12.9123753741845,-11.0022018074882,-10.50284083484,-21.731963296738
"ZNF507",-9.49854414648626,-18.8785519685329,-10.2387268947104,-12.6282881627885,-22.5338974890279,-21.7671693542904,-9.91938894231314,-19.2745947410064
"ZNF516",-21.7567018138906,-20.6863478531553,-11.5571353264657,-10.9699454561459,-11.5556327916828,-12.9033286995541,-20.07385343232,-21.1178984022894
"ZNF529",-21.6844281739901,-14.4439243183204,-10.9205954358514,-11.3428829450057,-22.5816165014199,-12.0618197089743,-20.5930699128185,-10.6744134424418
"ZNF638",-9.96897996062687,-20.4635342477533,-9.22509643913014,-10.1227317327181,-9.97527140197685,-9.67158485113911,-8.09105924496775,-10.2138922745446
"ZNF708",-18.5858382622059,-9.59062516698862,-10.2373949428972,-9.81331344144303,-22.1106332850585,-11.0293874698274,-19.1255289386408,-11.0150726473559
"ZNF721",-11.0045493116182,-18.4352995208711,-10.6968033755188,-12.878365944416,-11.4870657605507,-11.0153944291223,-10.5933142056858,-11.6469702014807
"ZNF727",-11.3244700864131,-10.2691882505746,-10.9943568101947,-19.6931373169166,-11.7540012521729,-21.6387328605416,-19.8838271455198,-10.1872678135195
"ZNF737",-11.6867290644724,-20.096879484345,-10.638099197373,-11.0978409325475,-11.2461065205068,-11.140858453315,-18.4898708063323,-22.212275405231
"ZNF766",-17.2154486297401,-19.7797693055254,-11.3923091419026,-21.5278966980163,-11.8274917090902,-11.1387046503204,-10.9598570391278,-12.2068349929206
"ZNF770",-10.3523562704618,-20.0186561196035,-10.0270340216319,-10.3250723647391,-10.6710811393318,-11.0093831433467,-20.4045977711765,-10.9503537455977
"ZNF830",-10.8624831892565,-16.5636113678192,-10.8881722815912,-20.669345004509,-11.967221760708,-11.3095640549472,-10.0025029847491,-11.5782188947067
"ZNF91",-10.2316376118059,-9.52512144311953,-9.80655809446851,-10.7722505957776,-10.1065233306514,-9.80404146752528,-9.98387266089681,-9.93791774728677
"ZRANB2",-10.6862098756645,-10.0258006701175,-8.94120061451151,-9.43547772830088,-10.0648413900737,-9.93100768335603,-19.2751012627789,-10.1750309440008
"ZSCAN16-AS1",-9.10312561465729,-8.51132012429865,-10.1567585054335,-9.11105134763178,-10.0433972095332,-21.5389306696289,-8.55473570982709,-10.1853482420657
"ZSCAN18",-10.5673777661983,-9.036656059408,-9.8864229730593,-9.73836756653823,-10.0010978691043,-11.0299891144494,-7.76466040950816,-9.72477584231419
