"","Oligo","astro_fibrous","astro_protoplasmic","neuron_dopaminergic"
"A1BG",-19.8206282239646,-13.7736488263862,-20.2897783799534,-10.052294263748
"A2M",-7.76504848924811,-17.5766992780941,-9.03426538556633,-9.7189401414209
"AAK1",-19.2301779436611,-10.3874176903996,-8.87592710010799,-8.22044397967489
"ABCA1",-17.038609843473,-9.11512721917762,-10.643519043211,-10.3486068036173
"ABCA5",-19.320721886331,-9.75303064112323,-20.0592752526476,-11.0389978191841
"ABCA8",-8.73166637875079,-11.5907712919221,-19.1575015491239,-11.3813177992081
"ABCD2",-18.574887025012,-11.2186445298043,-10.6472960106342,-11.5402295737699
"ABCG1",-10.439773703573,-12.4154764790043,-20.8836900784413,-9.45550078817207
"ABHD5",-10.9475993325148,-11.3028897344113,-21.3219994492349,-15.307907512298
"ABLIM1",-8.21397720361319,-9.78499936303819,-9.31670547133227,-11.4856589404031
"ABLIM3",-20.7621950712842,-22.3301334051188,-11.4181885772162,-12.7330917705011
"ABTB2",-15.85247091653,-15.854756990782,-10.3819477359242,-15.8516740823337
"ABTB3",-10.2660569275364,-10.6414148363019,-20.3775508149834,-9.23926597623855
"ACAP1",-19.3463252044665,-19.9014859155334,-18.2707068399013,-10.0097733099801
"ACBD6",-10.2256386004076,-18.4179127657313,-20.0270153779553,-10.2778633802406
"ACOX1",-8.40427382122361,-19.5580677580787,-9.10144438507337,-9.00949627799453
"ACP1",-7.6463952195783,-15.2470097682059,-19.0711146105108,-9.06631868907256
"ACSBG1",-8.22412875675102,-8.58976475997284,-9.86535523266578,-18.6855488716873
"ACSL1",-7.57147798261772,-16.8604701843507,-16.9351605807613,-16.9243559343927
"ACSL6",-9.21274115777186,-9.17674760026675,-11.0043271106001,-9.28106596428046
"ACTN1",-18.2690711664054,-10.1775198402339,-10.5719846037739,-10.1286571150975
"ADA2",-21.1333238229347,-12.5829733082279,-12.0688393726403,-22.366885923614
"ADAM10",-16.4479389379322,-9.37557081298208,-12.4617626362944,-10.533908999339
"ADAM17",-8.92689589689578,-16.6735545372073,-9.12818482332139,-16.8567955483066
"ADAM9",-19.0799185641164,-20.8894473720753,-20.1867991554124,-9.31558960903312
"ADAMTS1",-8.1755973289685,-10.7588305484962,-19.1988896829692,-18.7224505315941
"ADAMTS9",-19.6601905173568,-10.9973191065649,-20.1088425473833,-21.0874140748915
"ADCY2",-8.34154205331757,-10.3930609618538,-10.4869538783806,-9.03114242760608
"ADD3",-17.8491663163573,-8.42910325221528,-7.86368847638996,-9.63849814823618
"ADGRB2",-8.66812902467191,-19.4286312743133,-19.5618842465142,-10.6017865396712
"ADGRB3",-9.5281538613351,-10.399244054992,-20.9363667213262,-9.85018933803843
"ADGRG1",-8.78271307942689,-8.72116523977411,-10.83771300816,-9.72756565864754
"ADM",-18.716651727451,-21.0569481414,-9.833107959017,-9.26510397926408
"ADRA1A",-15.8645109942438,-15.866831983354,-9.67459027602239,-15.863275284347
"AEBP1",-7.75685746419375,-9.52575268544702,-9.11087527706682,-21.0189197614339
"AFAP1L2",-15.8765817055039,-15.8861483667373,-8.97231663462581,-15.8785078720626
"AFF3",-15.8621795361107,-15.8616792791952,-15.860802909164,-15.8570346399304
"AGAP1",-18.8758987733859,-9.33827286019336,-9.28992195433155,-8.74488634008902
"AGAP3",-8.65759831133847,-12.2873658887348,-9.84502905545614,-9.29530089761734
"AGFG1",-7.84916698840557,-10.0632982233818,-19.2005301417821,-10.2548479232737
"AGO3",-9.31832930303913,-9.71954690355414,-9.60140285794048,-10.4305164136772
"AGO4",-17.9187119723022,-10.3031868416064,-20.4366963778866,-20.5080962634548
"AIDA",-9.07893075659379,-10.3324321386987,-10.4704899308778,-10.4087529326083
"AK5",-8.65777021009129,-20.603445219285,-17.3390856502562,-8.57111884262761
"AKAP12",-7.45768554573216,-8.840217889689,-9.18496131259957,-7.01491649443075
"AKAP19",-18.7483855955429,-9.49142735910375,-19.7098381984043,-20.2718165594497
"AKR1B1",-8.00908874105174,-17.9150553491069,-9.18074747899446,-8.09568921308951
"AKR1C2",-16.4850027689115,-11.3659506778329,-19.1354708609284,-9.57799903560391
"AKT3",-19.1208396667146,-9.31707588579958,-7.84696588262319,-18.9572536308022
"AKTIP",-8.13489920494146,-17.618851917436,-12.0014854888109,-9.01317459851565
"AL365361.1",-18.5405292186648,-9.89724555917564,-20.2544777123015,-19.7703546135683
"AL627171.2",-6.33723967118236,-7.78703585150872,-6.76237455166646,-20.6885640439331
"ALCAM",-8.86427977028443,-9.08282388829562,-10.1722760667253,-10.1426233632394
"ALDH2",-7.6110893130866,-7.99468003143045,-7.32694025076264,-9.08933784969773
"AMFR",-8.64655277861036,-20.9355538661958,-11.0152924110605,-8.92389555935545
"AMMECR1L",-18.6043806040573,-11.2447326787749,-10.3569498772179,-10.2163247107761
"ANK3",-7.82658222964382,-11.0782152867018,-9.13873044104773,-8.21423243294152
"ANKH",-7.61602481771402,-10.9284093165712,-10.301608874766,-8.40410418215813
"ANKRD13A",-9.97209637367378,-10.9516539105079,-20.3613407699068,-20.0787967267672
"ANKRD33B",-15.8847027632452,-15.8667276175377,-9.67418376624492,-15.8638853833801
"ANKRD36",-17.0155652085306,-10.059862634844,-9.96570144554958,-10.7552020562651
"ANKRD36B",-8.6400279353502,-12.2696220851317,-16.3651397781112,-20.6361663246308
"ANKRD36C",-10.2003652943112,-9.44093157326504,-9.76046125706899,-20.2229012659155
"ANKRD50",-18.982991763926,-10.2861156226626,-20.3177497548856,-9.73794750943718
"ANKRD9",-10.256575999634,-10.2753697556952,-9.14193391446275,-10.3591091542927
"ANO10",-18.5972293933615,-10.3910899556961,-20.8642274668117,-10.3276620290088
"ANO5",-18.6629323005067,-10.8319452936893,-9.86122064899188,-20.335746002522
"ANTXR2",-18.3268564898624,-10.5912867333438,-20.3918537375003,-19.9567598925542
"ANXA1",-9.81859418224011,-11.3082432552544,-9.10994270175756,-19.8628465025433
"ANXA2",-8.90440215535978,-19.3396984673912,-18.6065502883163,-8.87021513632902
"ANXA3",-15.8678441717078,-15.867572700249,-9.67418454062402,-15.8634332118554
"AP1G1",-19.7470115185356,-21.191659559109,-20.3487672881615,-9.1620825638387
"AP1S2",-19.9588995933018,-10.5434579028008,-9.47193603582661,-22.1894727428025
"AP3M2",-16.2995233657782,-10.0863491460385,-18.3786143810934,-8.39653375565236
"APBA2",-16.1057697232135,-8.9293630561375,-8.96637348108166,-10.9209281588477
"APBB1",-8.10176433364742,-15.7069497196652,-17.301991128846,-7.4928502882113
"APMAP",-9.51862714354456,-9.86821302079623,-9.89007173890013,-8.7036457767509
"APOD",-7.74154037062936,-7.73391263220002,-7.42272326331579,-19.6639073126055
"APP",-8.11451417574609,-8.02305838666837,-7.37031808232738,-7.16858948222988
"APPBP2",-18.0037264891821,-10.5553196772261,-20.3817171028946,-10.4702479998745
"ARG2",-9.04294234826819,-13.0019238427507,-20.1441581197327,-10.7480852690377
"ARHGAP10",-10.528837597857,-14.9937926745376,-22.2086518561987,-22.4709206403818
"ARHGAP12",-10.6613465526139,-10.032022940156,-10.84209866441,-11.4839301297298
"ARHGAP22",-18.8368010245402,-10.0798674610983,-19.8737319448675,-19.6242553940147
"ARHGAP24",-21.5412476345119,-22.8740039554388,-11.5888647153004,-10.8663405710591
"ARHGAP29",-19.2417165197793,-10.0797902775671,-20.1043246585647,-19.4514989906886
"ARHGAP5",-7.51926201263545,-7.86481434534675,-8.66459970035191,-8.34022328824266
"ARHGAP6",-20.5822100231718,-11.6789127566865,-15.8072855662988,-12.3836136428381
"ARHGDIB",-19.0352932477957,-10.8459145666652,-9.84122633602508,-20.9028749501071
"ARHGEF11",-7.91277460606072,-11.0008293324212,-18.48522721988,-9.74461713739383
"ARHGEF12",-19.3183663777873,-21.24233978281,-8.27499842533526,-8.88132682746871
"ARHGEF25",-19.5215862642395,-21.1038082245115,-20.4300443280356,-9.721476994173
"ARHGEF3",-15.7440644993707,-15.5023753293137,-10.9727832976498,-9.87303430116286
"ARHGEF40",-19.1075805121191,-10.4854780589871,-11.0686422947781,-10.9456223401243
"ARID3A",-18.910657650431,-10.6750806189007,-10.3568723304972,-12.5298493892137
"ARID5B",-7.67691472464344,-16.9225601876929,-16.6961448224718,-16.9378711731197
"ARL4C",-9.40593297579228,-10.9435369623146,-9.7300915632542,-10.2215419236361
"ARL8B",-8.29313958624672,-9.71683582255611,-18.1480521385681,-8.62468458210121
"ARMC8",-7.47046507825901,-18.9174478958661,-17.7875191796991,-11.1707695050482
"ARPC1B",-21.1518659526348,-12.4737111714361,-11.250862791971,-22.3459160232912
"ARPP21",-9.10074931304163,-15.3606665129357,-9.76437074765421,-16.7416382775452
"ARRB2",-17.663048160429,-9.98111202348132,-9.61453196690537,-10.238203308012
"ARRDC2",-8.00039026033151,-15.7022716779342,-8.70430958132082,-10.2905543573274
"ARSD",-20.7980377421204,-12.9792698038744,-22.0459905501782,-16.0774224580799
"ASAP2",-9.44043808594146,-11.1836706694671,-9.96406895017259,-10.7276532540895
"ASH1L",-17.7358666500939,-8.3268325746123,-8.68910535823638,-11.9013441002541
"ASPH",-18.627076132722,-8.27056134809705,-10.2295809913374,-8.86891955320979
"ATAD2",-19.4725682890537,-10.9976389652404,-10.3567082286743,-20.2490389086074
"ATF3",-11.2487829122236,-10.9663646748292,-20.7333385239318,-21.611957438147
"ATF7IP",-15.8863875738495,-15.8814742863077,-8.97136422130895,-15.8752612176342
"ATG16L1",-9.52186007866737,-19.9810096328173,-11.5113482574629,-10.8767583689503
"ATG5",-18.104886067162,-11.0357377232602,-21.1533030201069,-13.5735130640631
"ATMIN",-9.82871434115688,-10.6236956243929,-20.6858010138756,-10.2710323596537
"ATP10A",-9.31744446887668,-11.4638279181119,-19.7099049888986,-19.8473935989919
"ATP11B",-19.9452482664593,-21.1980169517121,-20.3976500183762,-11.1097706940452
"ATP13A3",-17.8907755061569,-21.2796402426932,-9.65724274388988,-10.4219114663514
"ATP1A3",-18.7343210722946,-9.29235737808459,-19.3246050577624,-7.23569844168215
"ATP1B3",-8.43515120238302,-9.1614843092558,-19.1705440161499,-9.27033027594848
"ATP2A2",-10.8684696161422,-8.75926999573464,-8.86489495759264,-8.36761053589244
"ATP2A3",-19.6854703033479,-20.9724904377745,-20.087579211178,-8.90991284954415
"ATP2B2",-19.3818507242329,-9.68576489904696,-20.2128451583127,-8.84798143852673
"ATP2B3",-11.8128117111826,-20.1991336009337,-20.1295812064058,-8.81908240161279
"ATP2B4",-9.54488944742797,-9.47453150722104,-9.44689303538735,-20.669811432
"ATP6V0E2",-9.05343028036892,-9.27422561175879,-8.24445485810441,-7.29246821374056
"ATP6V1B2",-19.1494848518014,-20.2402849340366,-18.5617748231335,-6.65338235828673
"ATP8A2",-11.0691459746733,-14.7343092329541,-9.28331756184096,-8.29009324851376
"ATP8B2",-18.5539770122372,-10.6351815850159,-17.4353958132334,-9.96683126341622
"ATP9A",-18.4516871139301,-9.63404301723713,-9.77022953263921,-8.04305086404341
"ATRNL1",-12.1355624838207,-22.141667821412,-9.44117785480901,-10.8952070916106
"ATXN7",-19.030739944511,-11.6918017888753,-20.4005718444203,-20.9495394520572
"AUTS2",-17.8541602280632,-9.73616169932149,-8.1177198672509,-10.1595808058645
"AZI2",-19.1212941611151,-9.79028671453085,-10.3233328194302,-10.0971079799906
"AZIN1",-19.4964316684684,-10.0991003798663,-9.31641156470165,-8.85305209489074
"AZIN2",-16.4985879152646,-10.3036048743269,-16.7364505405669,-18.4537799720824
"B2M",-7.15545633720868,-7.28506916686534,-7.04202063947629,-19.3583630804556
"B3GALT1",-9.18212919733473,-21.4917163875955,-19.9558518690454,-20.3898870636709
"B3GAT1",-16.5954875007756,-9.67088921109479,-10.3097914092876,-10.7498575082494
"B4GALNT1",-19.8036795166821,-20.9545055688457,-20.4350082556726,-10.4154967673583
"B4GALT1",-11.6448405755106,-18.0388673645822,-11.3819193959663,-19.3586588505157
"BACH1",-8.79163807543065,-11.1805194252793,-19.9015847447234,-10.2381640326955
"BAG3",-19.2672754279445,-7.84426436536061,-7.88520626033326,-10.4126203928505
"BAMBI",-9.08564581430321,-10.3593275206713,-20.696355807527,-10.886695063033
"BASP1",-18.6438268910648,-9.02159745376091,-15.2731929958311,-6.58932046118024
"BCAM",-16.8580005959503,-10.7379582963321,-9.50978552376701,-13.6730957859636
"BCAR1",-19.3018435770429,-10.2598943579564,-10.2538340668051,-10.0918787814506
"BCAS1",-6.64724430276534,-7.73071215034695,-7.2263335981843,-15.8850092638383
"BCAS2",-9.82928378176623,-21.6387562342018,-9.81701520805346,-9.84779269113359
"BCAT1",-19.8062210724857,-10.1679438568957,-12.1881789828508,-8.01638810173255
"BCL2",-18.515083338859,-10.8282556393948,-9.12462101725294,-9.94174432298367
"BCL3",-8.75435072322514,-14.5878595969103,-10.4843057131535,-18.8265690190721
"BCL6",-8.77508042588829,-8.87927031900327,-8.47324576881833,-10.0639821164523
"BDNF",-19.6068535065415,-10.9274317034117,-20.3817268986767,-10.057665154873
"BEX1",-17.4611205253394,-9.26464634441125,-9.23309289139807,-7.00168032554801
"BEX2",-7.4602182087254,-8.83274716583989,-8.94338226549551,-7.82870514463624
"BEX3",-17.9640626448777,-7.98644001741627,-8.04407262851081,-6.96258837757457
"BEX5",-16.4709535069204,-9.34168855295953,-9.07626513672371,-7.64592109284392
"BGN",-19.0844941057573,-12.7318306951289,-11.7855678903985,-11.7546946938617
"BHLHE40",-10.7341556908572,-9.86896775091787,-9.8083768065482,-11.0317795740592
"BIN1",-7.42310668640651,-9.97654080943082,-19.2616923411771,-9.05657393256268
"BLNK",-18.7119479310616,-11.048574894201,-10.2619469533138,-20.9653769404837
"BMAL1",-9.87642304160986,-21.265990874547,-20.3921818118261,-20.9914802731959
"BMP2K",-16.7039394595494,-9.8198038596538,-10.3520247584751,-21.0104192679726
"BMP6",-15.852744402628,-15.8556868222805,-10.3820527148916,-15.850457741875
"BMPR1A",-9.07985804032712,-10.6644258836373,-20.0655236178909,-19.9622520381975
"BNC2",-10.7490427524319,-11.0578642678088,-19.1332165832052,-10.5765332441672
"BNIP3",-9.09614762017999,-8.53543644030959,-15.9314045897524,-7.33579980163152
"BOK",-19.5545320173221,-9.85500880168923,-10.248957579636,-19.2665297033375
"BORCS5",-17.5664595030021,-12.2965187051777,-11.1124253018709,-22.2545117232534
"BORCS7",-8.54903120290281,-9.44227070794524,-19.137434490219,-10.0808222673375
"BRCA1",-19.3871934884376,-11.6922023325982,-10.357386915613,-20.3972665376595
"BRD10",-8.91538953121017,-8.67940248634974,-8.60899855916544,-13.2149609470662
"BRD9",-19.1430676110924,-10.2618275777183,-10.543288235463,-18.6996002961408
"BSG",-8.59346025261235,-7.82000233297152,-7.64139964590662,-8.73828818489302
"BSN",-8.89295517624755,-22.2835091782855,-11.1339858467201,-21.5472972473882
"BST2",-8.72272535521427,-11.2081328888531,-10.158772372912,-18.7002654498916
"BTAF1",-8.08466610719715,-16.9399502751952,-16.9315912536542,-15.3844507002951
"BTBD9",-18.9634058596373,-19.5344429868634,-10.0360149325151,-10.144551932237
"BTG1",-18.8482086640083,-9.70939138739382,-9.41363628556961,-21.5918706661453
"BTG2",-9.74550056122027,-11.5080125901436,-9.87761675523955,-11.0606684392039
"BTG3",-19.3592124632692,-10.2369176053322,-21.4564082402712,-11.1711637688904
"C11orf96",-8.21320129512518,-10.7623085010447,-20.1647413987805,-9.83064310562658
"C12orf75",-19.0711781774805,-17.1009885755235,-11.0980048731242,-11.0960430627275
"C1QTNF1",-15.6558840238634,-10.3037768514617,-18.9341554545176,-18.6576243194711
"C1QTNF4",-9.00689319354343,-10.5173894733526,-10.0255413240778,-20.8400712361884
"C1orf198",-8.58784140031012,-9.68236102533354,-9.3215868863796,-10.9800189961776
"C1orf21",-9.97199089558176,-8.93448422074622,-8.50108898210998,-18.7509825583547
"C1orf52",-19.5426160108919,-21.220774651891,-20.2120509756794,-9.72169656206637
"C3AR1",-17.7799233213511,-11.5831950396453,-9.29675588945537,-20.1651862882765
"C9orf72",-19.4711460453499,-11.681021545096,-19.0121262645819,-9.02890980144192
"CA10",-20.4208609889966,-12.414090525333,-11.6945254920201,-20.4136163573005
"CA11",-8.01443330591109,-10.9696727703074,-9.19147748896101,-9.26304802853175
"CA12",-19.2746102002369,-11.7080581741514,-20.3827522249183,-10.0033916848183
"CA2",-8.11887203530504,-9.19570958905675,-8.38475443987423,-9.73266544167667
"CA8",-17.1094934644826,-15.2141010788006,-17.9398991371678,-9.50400622860737
"CABLES1",-17.3924612542978,-9.53206106230295,-8.75289283223359,-9.62660886691825
"CACNA1A",-16.992995809847,-11.3604248339372,-10.7074049274431,-9.92657062469771
"CACNA2D2",-19.7970368109643,-11.2484313042117,-21.3711091339734,-11.68975965981
"CACNA2D3",-19.8448463694569,-10.3031243434836,-19.1854814074288,-18.9323801995296
"CACNB4",-19.3282248316384,-20.8235046062721,-19.4023526713523,-8.54190204659896
"CADM2",-6.95085188851865,-9.23676919365916,-9.74631428686279,-7.59643007744923
"CADM3",-7.75778483160501,-19.5474568467665,-9.87128930895118,-8.26864184135907
"CADPS",-11.9860477824962,-18.8385135209476,-18.2591676856361,-7.85346985278199
"CALB2",-20.5270342352073,-9.60256492572373,-10.3319069491326,-20.7290448856324
"CALD1",-7.44216114630543,-8.53706150391134,-8.12925070881947,-18.1343732186531
"CALN1",-13.6334202908923,-9.10824045551005,-10.6064646563021,-20.2379622299665
"CALY",-15.9172429813599,-15.5963370461656,-15.9120017494271,-6.96365948499023
"CAMK2D",-8.78044660173193,-15.8069710273531,-17.3800944633816,-8.80450500591439
"CAMSAP2",-8.10596941519229,-9.35599775144919,-8.63854612881054,-9.4240905276558
"CAND1",-17.8966088554902,-9.43192964135658,-8.90689998365486,-9.67473941661462
"CAP2",-20.8932822106152,-20.7388497141396,-21.0576543699527,-9.44569427489952
"CAPRIN1",-10.5379861242606,-9.52496258096638,-9.67040751740531,-11.4903384484793
"CARD16",-20.4697071601348,-13.8797398159337,-21.8190783561838,-22.4844590408776
"CARD19",-19.6529017473185,-10.9816318957982,-10.3895953172034,-19.7302056212261
"CASK",-18.6342643014444,-10.1555554806187,-8.11868930814633,-20.2828062047518
"CASP4",-8.9006655855685,-11.6080281779986,-9.49923602629833,-11.2001509013821
"CASP8AP2",-9.59141957376426,-9.82205508748228,-8.91928585857712,-19.5755841670994
"CAV1",-18.887910167811,-10.3118830807994,-9.64588331758969,-20.3621874033771
"CAV2",-9.45789577013754,-18.3731521191409,-20.4254609667047,-10.1991147914886
"CBX5",-8.57426019469663,-8.93442371278917,-8.1067605767516,-9.28874233155935
"CBX7",-20.0262202786918,-9.6850946587724,-9.12839402347105,-21.0271968872182
"CCDC102B",-15.9468035994292,-16.2815084121122,-12.102234579779,-16.2779351512511
"CCDC148",-10.8576318397441,-20.2490450029066,-19.2984193064471,-10.1432046491442
"CCDC160",-13.9062070731179,-9.90008806202709,-18.1393364834325,-18.1633662459839
"CCDC184",-19.8129981038167,-20.9692014731296,-20.4320120741014,-10.0096538793418
"CCDC186",-8.71117911003451,-15.5572900618693,-19.4227704264901,-9.87786188595207
"CCDC50",-7.83865114626933,-9.84114307771219,-18.7949893954985,-20.2210405124312
"CCDC66",-19.1690969864016,-9.98880280673677,-9.09629893706464,-20.1636778064644
"CCDC7",-18.6337572662841,-8.89428335220585,-9.75672939662073,-10.4996883499086
"CCDC91",-19.6375505676061,-10.5435055613568,-10.1582083900695,-9.11509352646796
"CCK",-19.3210633942207,-21.0396103054738,-20.2099952618354,-8.91003826398787
"CCN1",-19.2387908636184,-9.51741053555538,-10.1485819617513,-20.3292493773269
"CCN2",-11.3122557234592,-10.9249850627932,-10.6823521524087,-20.7675828568457
"CCND1",-9.87159620759563,-20.5720687593742,-9.66617469791472,-20.8536537069504
"CCND2",-8.49446077406409,-12.0872856880384,-9.14573544072139,-20.5976522358119
"CCNDBP1",-9.77774670862933,-10.936200400964,-9.10675561969347,-12.3593557362809
"CCNG2",-18.5839214465034,-10.8791217823339,-9.79701440499431,-20.4456477003759
"CCNH",-18.7066548175274,-9.92314243292194,-19.3219804777624,-12.9706643275112
"CCT2",-19.1317029676533,-9.66860843782317,-9.85791897065503,-8.81424703019157
"CD14",-18.2212947978733,-11.0241375848237,-8.95672492726301,-20.2364099656683
"CD151",-9.18709726191494,-9.13497867830512,-9.05902703698603,-10.703875136745
"CD164",-9.64264037576526,-11.0556321066107,-11.1197581974042,-12.1861284827545
"CD200",-20.8027025841184,-22.4328656292867,-18.969000769139,-11.7607788756248
"CD24",-19.6621055442498,-20.8092964290522,-9.53267175902218,-9.20214206234384
"CD2BP2",-16.9318554146819,-9.91347032086768,-16.2494195300529,-13.4532392455405
"CD302",-19.4604909465716,-10.0798100229387,-19.1986611206764,-19.8285002341412
"CD320",-19.6296048565652,-13.8541614833851,-20.8750560567893,-8.9379853445816
"CD37",-8.78729568699626,-15.0524101102407,-18.5235495061321,-18.6980083449769
"CD44",-16.8589922695113,-9.10057805323989,-9.82589727236774,-18.8334483583734
"CD46",-17.9611023740024,-10.535754879578,-10.3884156810681,-10.6774147607484
"CD47",-18.5305665999342,-10.1613020452772,-18.3603475926058,-8.97931205236103
"CD55",-9.42718732607086,-18.78676507489,-9.85523937233016,-9.05481146353941
"CD59",-17.6016595828605,-7.8585758663382,-8.07374436188256,-7.75799490665205
"CD63",-16.6026751128206,-7.52913645280234,-7.81920991021997,-8.4481319000156
"CD68",-19.0296076471727,-11.5651159312421,-19.9479332036279,-11.2533947215099
"CD81",-8.32017784591702,-7.25702930921223,-6.65342342440284,-8.07130783628586
"CD82",-7.58028693247639,-10.0602462190288,-19.4097600744872,-19.7309043638116
"CD83",-18.9291005773881,-10.9934266445457,-20.3524407785379,-9.72275358192334
"CD9",-10.1784327632915,-11.2452563485903,-10.7439469562476,-11.5846584568965
"CD99",-7.31744237730277,-8.7594284945307,-8.88020953716704,-10.3867503045799
"CD99L2",-9.10223472840056,-10.4959950579506,-8.85312751969484,-8.53810590046877
"CDC14B",-20.660818024425,-12.307166781829,-21.9036241284642,-12.6815421542432
"CDC25B",-9.01712547428777,-20.9735187852776,-10.799970803692,-21.0040895365595
"CDC42EP1",-8.77781770679113,-16.8726358951846,-16.9371006487342,-16.7565626592476
"CDC42SE1",-19.5774114656632,-20.7659943432743,-19.2163254609133,-9.72178016276557
"CDH2",-8.9812052139653,-9.41551135421699,-10.5172560339676,-20.0733318013017
"CDH20",-9.39705456606718,-9.76707675154122,-10.595784805528,-9.35354531083127
"CDH6",-19.4434923950763,-11.5330397711701,-9.96782336750958,-9.63627243908179
"CDK14",-9.07933284032623,-20.7256195148251,-20.1241450408381,-8.48398719146761
"CDK5R2",-18.8175652152401,-20.9986502513964,-9.35208300368648,-8.8808159680657
"CDK5RAP3",-20.7020190120659,-10.5574831656011,-20.3489102836991,-21.5610563683045
"CDKN1A",-10.7523358054445,-18.8582356259359,-9.87435389789013,-9.50536707305578
"CDKN1B",-8.60512602263998,-9.69140712991369,-9.66790331782527,-8.79501889739311
"CDKN1C",-8.00324907221586,-9.80444252260903,-10.3125174717295,-9.52010596676423
"CDKN2AIP",-19.7960048916139,-11.4545273866243,-9.80715768651048,-18.6846790417068
"CDO1",-19.5915350084326,-10.7309106747357,-9.9699491365514,-10.4549644513233
"CDR2",-16.6524480675263,-15.1153390954319,-9.07838660103496,-9.88979509766039
"CEBPB",-10.0403928242854,-9.92124380173564,-10.7477035616732,-11.0072490262743
"CEBPD",-17.1689325603821,-9.13423814334866,-7.94828933120794,-11.0812593440698
"CELF4",-17.2169636512701,-9.96470310874302,-19.1197450883391,-6.82516034968388
"CENPP",-18.0478031204087,-18.0463461914952,-12.0857309564018,-18.043951158316
"CEP126",-9.13237008051096,-19.9368119335461,-9.8521067005405,-8.0043854291833
"CEP135",-17.8320379770457,-10.3710422577411,-10.1361138890363,-15.1828602205456
"CEP295",-19.0908923842942,-10.5913570934546,-20.4381239171881,-20.5796010834697
"CEP68",-14.8542017992193,-10.579007523859,-19.9463724441074,-9.5060047515314
"CEP78",-9.89075815083394,-10.1181236222795,-9.25079468809905,-12.7873526870727
"CERT1",-19.1156235996789,-9.18606812590485,-10.1726896524331,-9.41491769808534
"CFAP36",-11.8069553082351,-9.6948741014082,-8.58629601084853,-7.90233467288577
"CFAP97",-19.2979850870236,-9.63617113066603,-21.2636831545819,-10.6943975197592
"CFD",-20.3341126228755,-13.6397120880494,-20.764781131473,-11.7691205979037
"CFH",-18.5617885442789,-21.1297355269395,-9.0107179419049,-10.9614144160896
"CHD6",-17.4648179142449,-9.6743392619228,-8.21880154931264,-10.2315088275153
"CHD7",-19.1371190740704,-9.95950635360384,-10.0471763024739,-20.3577078692004
"CHGA",-18.4969410343655,-21.0980321046395,-10.8368009305812,-8.37385011490397
"CHGB",-19.0901856119809,-11.0053296709739,-9.94291100487591,-7.59521041190661
"CHI3L1",-10.1801003971236,-8.99189256961681,-8.50154021322197,-9.9913594847749
"CHIC1",-18.6009832713408,-10.7417856903508,-19.5481668835719,-10.2237904176866
"CHIT1",-19.7493547635825,-10.9973202126228,-20.4396053447639,-20.9182175335725
"CHMP3",-17.0128446748432,-8.27309192928041,-10.1196906904315,-8.81824027835604
"CHN1",-18.7082219988554,-9.02547705294744,-18.7182532664482,-8.17613291334436
"CHRNA4",-18.113833952204,-9.77585467611715,-10.3169993718286,-9.28433258594151
"CHST2",-9.35043909567884,-11.7171400573918,-10.0865516325623,-21.5268119002301
"CHSY1",-18.7710690617328,-10.8078258625894,-9.89672051870886,-20.1506198797492
"CHTOP",-18.4220776619198,-10.2436414572872,-18.874421483171,-9.19622613893746
"CIRSR",-9.57713044608228,-9.31835358018232,-8.61857652839551,-8.68449490013122
"CITED2",-8.77601275454628,-20.7369928980875,-20.1873538304632,-20.9902258544766
"CKAP4",-18.862978986233,-9.94027432748199,-11.162278473814,-9.77025715981582
"CKB",-7.90893807199935,-6.66381677873829,-7.36009367481696,-6.32029943703538
"CLASP2",-8.84290005437272,-10.6050553168661,-9.78656574701181,-9.49970307051999
"CLCN4",-8.36385763012169,-20.6784073628966,-20.853537588935,-9.13030153412499
"CLEC2L",-21.2040912540933,-22.3510150453133,-22.0436894073618,-11.2106819843881
"CLIC1",-19.6215270545757,-19.9868339422236,-10.3958021180817,-11.0737477193949
"CLIC4",-19.0459718490615,-9.48759540000219,-8.90840937536246,-15.8239263242672
"CLMN",-14.0242054297999,-10.3072932566234,-19.4435685309723,-18.7708193674979
"CLSTN2",-19.6485829068775,-20.5202217525865,-9.65480989867413,-8.54342375744029
"CLSTN3",-19.6796637437717,-20.6630006804983,-20.0391479074851,-8.4678129779508
"CMC1",-8.81774151002329,-10.5712815013929,-10.5060646251328,-9.00171964763697
"CMTM4",-18.5072424287447,-10.2069328535788,-9.57175425609403,-9.10424875386353
"CMTM5",-19.4382556414145,-21.3709652711546,-11.4096113478878,-10.6080666036764
"CMTM7",-15.8530576123578,-15.8539794497125,-10.383793431991,-15.8511882213934
"CNKSR2",-8.48252394522808,-9.88187564479136,-9.2948337077749,-18.0007958502112
"CNOT9",-9.90115569215974,-15.6257003460826,-16.3823218645589,-16.8320763759807
"CNPY3",-18.1692200112215,-10.1564821038055,-9.14133407690825,-19.5769538193689
"CNST",-20.8445903886646,-22.3918778699886,-21.1450837882118,-10.0911067727207
"CNTN1",-9.23390243376031,-8.56861051712462,-8.52789312458478,-8.24961198806741
"CNTN4",-16.0016314652923,-16.0864284609609,-16.6266601958619,-8.80593049289864
"CNTNAP2",-9.12417927015911,-19.8173885182963,-9.71729294245389,-9.06347278858218
"COBLL1",-15.8647373730979,-15.8669590603802,-9.67440337002775,-15.8634793654167
"COL11A1",-20.3477495855712,-21.6440628804494,-21.6283561351805,-10.1570637892469
"COL18A1",-9.29136649121626,-10.5510284930077,-12.7960490580744,-20.1875050945419
"COL21A1",-18.1791994807314,-10.6579477404408,-9.57080692176045,-20.0677084718253
"COL4A2",-17.570116418962,-11.3680665395429,-10.838668832822,-20.4742404125716
"COL5A3",-19.2950289155264,-10.5912650761149,-20.3821909115682,-19.2293191937437
"COL6A2",-15.8171650388706,-15.8542647953944,-10.3823014133781,-15.8494205341499
"COL8A1",-19.7195005871225,-11.6925707154219,-9.66337932006011,-20.0902700499992
"COLEC12",-19.9516300917169,-10.9848356500945,-9.8393087031884,-20.6821571056567
"COLGALT2",-8.03310755292337,-11.5482880827476,-19.0323378245013,-11.7094548206956
"CORO1A",-19.3303240428735,-10.762938087627,-20.3883154117497,-11.8573971800853
"CORO1C",-10.7113311087018,-11.7330173907279,-20.3976305817178,-21.6693839906601
"CP",-20.0358806165041,-11.7086680869589,-11.7764217023392,-22.345044954333
"CPAMD8",-17.3427102332808,-10.3951994894779,-9.50119237347041,-20.9939114880272
"CPB2-AS1",-9.39095781916705,-12.4159215943678,-11.6425229599788,-21.9786697974862
"CPD",-16.9950120020094,-11.6957620489993,-10.3542840098764,-20.4003961952825
"CPEB2",-10.9966726213013,-11.4486671481155,-10.961666099172,-9.33975057338178
"CPEB4",-16.7159534936374,-9.20670563779356,-9.00175927739958,-8.45567200286419
"CPLX2",-7.4142272296494,-10.6123073561999,-18.3666094613697,-6.92887429649627
"CPM",-9.90672534754948,-10.8554257681758,-21.5368643236658,-21.626512339777
"CPNE1",-11.6687786458031,-10.1352717443707,-10.2577092589327,-20.4642109176175
"CPNE2",-9.66985623913337,-11.117593379917,-20.0534232761363,-20.226880027085
"CPNE3",-18.7117447224867,-9.70348303925663,-10.6871017812655,-19.5990031295184
"CPSF7",-19.9336404917406,-11.1380442835204,-21.8485512579397,-21.5960852472876
"CRBN",-20.4478259698206,-11.4468526222201,-21.4397128792055,-9.15440405106912
"CREB1",-9.1475053052809,-21.028649244544,-19.3797539039069,-10.0326395911193
"CREB5",-16.5294419147379,-10.773189224056,-9.10386884327598,-20.5442888084232
"CREG1",-9.96328507979905,-9.41073308348156,-18.6237244993582,-12.2130627007922
"CREM",-9.01321466387933,-20.239108975296,-9.49210176488933,-9.92529877178347
"CRIP2",-8.30442496431376,-10.4820798031234,-9.81688129320303,-9.14295492307652
"CRISPLD1",-18.9156239384765,-10.9015565964132,-20.385933986641,-11.331472232416
"CRISPLD2",-18.446863935429,-10.6451510983684,-9.20648032572846,-18.5069492608358
"CROCC",-21.8194136595539,-14.5426214877426,-12.3787354964026,-23.0304516495913
"CRTAP",-7.79525012852811,-11.680519619158,-8.47211281931576,-9.27527406155429
"CRYBG3",-8.98920542887568,-19.1879755404941,-19.6162998279971,-10.1614659487725
"CSF1R",-18.8089896023808,-10.5911873262152,-20.1261643689164,-20.4457263669081
"CSGALNACT1",-18.820609651504,-9.75371902595989,-18.4702396309492,-9.48219559022771
"CSMD2",-10.1134539080511,-10.8415504922951,-20.2864525387528,-11.2385927170762
"CTDSPL",-18.5298069224088,-10.1686710022743,-9.8852627306205,-10.6390594717872
"CTNNA2",-18.0563071986896,-8.79277602107538,-9.28822550352697,-18.4146730540744
"CTNNAL1",-18.7349897516102,-21.2072319643686,-9.29979357001087,-9.96902775833018
"CTNND2",-7.51910522204884,-8.21281258323192,-8.90687774334706,-8.57402598443003
"CTSA",-19.174081926618,-10.8732345544868,-9.87174138153963,-9.29639536262933
"CTSB",-18.1927230644672,-8.34706031470995,-8.02071081757479,-8.67033487008271
"CTSS",-9.11824491038344,-10.6350300089051,-18.3989555708198,-20.2952117105351
"CTSZ",-19.5695470340393,-9.89727224975788,-20.1160038002234,-20.7719339098085
"CTTN",-18.4576990930935,-9.58758172122172,-9.31228258638205,-9.50143103047348
"CUL1",-19.4812880669498,-10.6874179106021,-18.1002117089264,-9.92075290674424
"CUX2",-19.5604782934901,-21.4168610470959,-20.4349786529181,-10.4155523243164
"CX3CL1",-20.7730413875783,-22.5248255200007,-10.4557295548928,-9.79525114959028
"CXCL12",-19.5626768194461,-10.3031922716961,-20.3777155462529,-19.9419876483461
"CXCL16",-17.8967629062758,-10.3032574398828,-20.3863364011572,-20.5966028879602
"CXCR4",-8.60683409958076,-10.7304781339211,-20.031506278004,-11.2805294895252
"CXXC4",-9.46514487263929,-15.4809275524883,-10.2866063589016,-8.97772553741006
"CYBA",-8.76627206372648,-14.7490157956071,-10.5076803941139,-21.5248618471654
"CYBB",-8.70124965276042,-19.5796052439249,-20.2036387577616,-11.373463259747
"CYFIP1",-20.1523350050404,-10.3866004604913,-8.92217201444188,-9.66961237532664
"CYLD",-17.9088929804128,-9.66066778304486,-10.0521119307945,-8.33337433198368
"CYP1B1",-19.5023137596882,-21.2869731250785,-20.2383256766403,-10.4155436864852
"CYP27A1",-8.466002328317,-20.0248888088634,-19.7676067871127,-10.4597612844126
"CYRIB",-19.6555061562739,-10.434180491536,-20.38717722235,-11.8191284987759
"CYTOR",-19.4934180514915,-11.537559224411,-9.01235344604359,-19.9946713324478
"DCLK1",-7.50431628863272,-19.4977874127921,-9.09260572932008,-7.99549052405908
"DCLK2",-14.6297631815102,-9.36075056749701,-9.03755010536122,-20.3949197652828
"DCN",-9.57025199989005,-9.94771921465586,-8.50893720757648,-9.38489883797711
"DDAH1",-9.30635319207526,-8.2981289568544,-7.98084640500547,-8.29496289267184
"DDHD2",-18.0810979517519,-10.714296444654,-9.68503495800477,-9.88581743810716
"DDIT4",-8.37130414727453,-7.18286013590734,-7.45536582208725,-9.74162924835787
"DDR1",-7.79843514010038,-9.02390448488418,-9.28153980844099,-10.5465937019774
"DDR2",-11.4109880281997,-9.35827949139199,-9.94738286871395,-18.7889524377488
"DENND10",-10.5728706804243,-10.5899357844665,-20.0858537281948,-9.60273291784435
"DENND4A",-8.5681488505085,-20.2363531382308,-19.3020172939139,-9.43762437829774
"DEPP1",-9.94938322485483,-11.6778174270244,-11.3980547899744,-9.41443932503315
"DGCR6",-8.85843760133085,-15.9896809675603,-19.5198558818329,-10.9056692714926
"DGKH",-9.51973380193199,-11.3305013567439,-9.1423802151613,-9.54323777680927
"DGKI",-17.2486433909573,-17.6613607070123,-11.1312276466546,-17.6609716293116
"DHRS3",-10.0344685798407,-15.1895367369259,-9.37446151848401,-11.5111892276858
"DIAPH2",-9.51956066188148,-10.9597104224427,-9.95215749301709,-20.6539928402012
"DIP2A",-19.1444024723626,-10.7501811389052,-19.5235433676834,-10.7421664733972
"DIPK1A",-10.1913530305305,-10.2909875335081,-10.1546460423652,-19.2657412997981
"DIPK2A",-21.2167286489644,-22.9274326006628,-16.4008064956552,-11.884486870344
"DKK3",-8.18155063628421,-7.57220715120711,-7.71127367207361,-7.152813337263
"DLG5",-19.6844378041656,-20.1451868007342,-19.3820442425049,-10.0097944510276
"DMKN",-15.7302432087439,-10.677762922104,-11.7639641316348,-20.0554494111531
"DMTN",-17.054790266797,-15.6548185673266,-9.85313199892977,-8.11155589403473
"DNAAF11",-18.3691692798695,-9.8972680698859,-20.3439935072706,-19.8167869477501
"DNAJA4",-8.4042901304367,-9.3218650312751,-19.0571027753267,-7.27691523745093
"DNAJB9",-19.3936481151584,-12.2412012653235,-9.38525085466414,-9.47090218921825
"DNAJC16",-11.0423684337556,-20.9030998972534,-12.6080605157514,-10.7120469383277
"DNAJC4",-20.6030292935137,-11.9704287001696,-10.0600788600024,-10.6179505074357
"DNER",-17.3188188052643,-9.20456688679225,-8.7040261713555,-7.16035324616512
"DNM3",-18.7347872859026,-20.3703754732351,-9.59121978769765,-7.64564284298546
"DNTTIP2",-17.9465639886734,-9.61024560186976,-17.48592291654,-8.21560489214105
"DOCK4",-9.51350598603709,-10.7206968061749,-20.5061763905183,-9.81405954954557
"DOCK9",-8.64048033545381,-10.2201502902127,-9.33521369968352,-10.21087086604
"DOK6",-11.9314082270801,-10.0010327990432,-8.8909749767609,-8.15498429426942
"DPP10",-19.7350435376525,-11.279032149729,-11.6331062009982,-9.66910855552399
"DRC8",-18.3621355638398,-10.5132956085312,-10.6943709252269,-14.2344228954304
"DSEL",-9.88447062119057,-20.8963398444586,-9.09348779506488,-9.86213025116581
"DSTN",-7.25307159794654,-7.74179352993781,-8.5040208445224,-7.10236267692082
"DTNB",-16.9586766754014,-11.5978929843773,-9.62144744211723,-10.511022482398
"DUSP1",-8.43429169256185,-8.99807628114888,-8.70409549958611,-19.3251854285545
"DUSP16",-9.47083238568266,-10.6707877857281,-10.6668787057525,-19.3653991331294
"DUSP3",-19.6195836488362,-9.44481870690109,-19.6167381213173,-8.22725914538378
"DYNC2H1",-9.96397283606344,-9.88315059350062,-20.1817517150083,-17.5855601424222
"DYNLL2",-6.90237827180376,-8.96494358233747,-7.71465795495105,-6.97473927776489
"DYNLT1",-10.6147215892444,-21.8950452361681,-11.2993503678019,-10.2012077740117
"DYSF",-9.28529080288469,-21.0956682470214,-20.2811159386849,-9.67297726155085
"DZIP3",-18.9766677708047,-20.37020869305,-19.766796404545,-8.46776876412304
"E2F3",-18.4113736054823,-10.5728195313245,-9.54546018150261,-11.4712676251824
"EAF1",-10.7497101139509,-21.3823395219735,-9.50945119316127,-10.2970273065006
"EBF1",-9.92339877646209,-22.1734619679757,-9.94734863878961,-11.7538247051091
"EBF4",-19.8761307032178,-12.0802522860238,-22.4105602623275,-22.5667001475331
"ECE1",-17.8571711720784,-9.89734645376325,-16.3926547831763,-18.6122214517215
"ECHDC2",-10.0610834702355,-12.4249185884272,-21.5677915204859,-22.5533660868708
"EDEM3",-9.1700281575584,-20.3096684252508,-19.0796818656953,-9.16453825862912
"EEF1A2",-18.7081849878522,-10.9118882106881,-10.1324720850492,-7.20256093186441
"EEF1B2",-7.87224685476109,-7.77783901717074,-8.07110638499618,-9.51851978526444
"EEIG1",-9.75417596799642,-9.62594988131565,-10.3134013030393,-19.8357426082397
"EFEMP1",-8.57153428625185,-8.76017058976305,-8.32309557593107,-17.4680174700771
"EFHD2",-19.0734130079978,-20.799039415387,-20.4343054774994,-10.4156569860509
"EGFL7",-15.9391552325884,-10.8133048439089,-9.41970607674672,-8.53839468703242
"EGLN3",-9.90833723992861,-10.2174166312125,-19.7158998621715,-10.5902113348298
"EHBP1L1",-9.87665794010016,-20.5840871712167,-20.391814345842,-21.060270699857
"EHD1",-9.01417600426491,-9.67395141922584,-9.59492038001519,-19.6710907382817
"EHD3",-19.877794382166,-11.3955376264217,-21.1564878685285,-9.69010272132814
"EIF2AK2",-8.19859535323491,-18.4685899597532,-9.12767682728701,-8.99803999468018
"EIF4E3",-18.4093452999657,-9.59690536815801,-10.2996824961464,-11.2782536818478
"ELAPOR1",-19.9745106097791,-11.4339201368066,-10.7046773586818,-21.0237951341205
"ELAVL2",-19.3545377088435,-10.0135425019235,-20.1277405149831,-7.7246553029575
"ELAVL4",-18.0719980983012,-19.9247479164439,-18.7634648297638,-7.70496534249468
"ELFN1",-10.5177458427558,-11.8422946417299,-19.8675869985905,-10.6294389416201
"ELK3",-9.23029691868177,-20.9067093812139,-8.54838654342294,-20.6340506305581
"ELL2",-18.4195911362795,-9.84960018594908,-20.0103180032114,-10.1109184590248
"ELMO1",-20.1743353306506,-10.4819883259768,-10.9894997495182,-11.1090829149366
"ELOVL5",-18.0939824132367,-8.78870698781743,-10.6794185745341,-9.47643305896868
"ELOVL6",-19.5000640656901,-10.8398199704105,-9.37792055180247,-20.0506531338186
"ELOVL7",-19.1750893768863,-11.1714425677157,-8.89287162127365,-18.9529489838038
"EMD",-18.3547604532314,-10.568618462913,-20.2146131691552,-11.1782524071857
"EMP1",-17.4538535160138,-11.4563170705798,-19.8321831192844,-9.36045022683721
"ENC1",-9.8765785531178,-21.1717808406298,-20.3921710655905,-20.9748431398557
"ENDOD1",-17.8899405191158,-9.26119620057822,-16.4804659665159,-9.3711353690613
"ENG",-9.78392422928986,-10.9009937460102,-9.52557841726407,-10.7641448739873
"ENKUR",-19.1802986378906,-10.2049676015839,-10.4813814303841,-13.3692902827693
"ENO2",-8.87879167940375,-11.559910385669,-8.95651187071226,-7.27554374512593
"ENPP5",-19.5194618682059,-10.5388233593336,-9.34183897512445,-10.3122192551023
"ENTPD5",-18.1156384764131,-10.9668632671554,-9.69496682706365,-20.3443155642016
"ENTPD6",-17.10810892509,-10.3229434710303,-19.4813917142095,-9.01763419170264
"ENTREP1",-17.1295407762102,-10.7730190061005,-9.44606300518556,-15.3836227184202
"EP300",-9.16415450956025,-9.86828643320776,-8.65567482738573,-9.64349909764648
"EPB41",-8.96061193436411,-16.6267709367197,-9.96534952881144,-14.8691164448003
"EPB41L3",-10.1514012534964,-9.04219481338902,-9.13668755929631,-7.78333920811237
"EPC2",-20.8224096193469,-12.1759851183627,-11.0506770637734,-21.968664321616
"EPCIP",-20.81732058118,-21.9976417465386,-10.9467375304772,-12.4954381689872
"EPDR1",-9.18917080858859,-11.5976189114222,-15.5209921776374,-7.58286379223418
"EPHA3",-19.2040631704012,-10.8327860098861,-9.86038714801358,-20.802136806345
"EPHA5",-19.2072391369537,-21.3457309119881,-9.78399868037933,-12.598781013657
"EPHA7",-19.3689820571429,-20.8218420727038,-19.4936104172363,-10.0096295199268
"EPHX1",-17.9344085241017,-7.97284686559719,-7.8761397302662,-19.8400885117973
"EPHX2",-17.5070780567264,-16.4123442891291,-17.7421948024675,-9.40015561206123
"ERBB2",-20.7605004155688,-22.4958006620985,-21.9619608351246,-11.2925355351675
"ERBB4",-8.59590072427548,-10.1439154333606,-10.4531490440127,-9.05707495559268
"ERBIN",-16.8899817056384,-7.90338521829462,-8.74827130305764,-18.028000951024
"ERC2",-10.34400598076,-17.3684175372016,-18.4659072796282,-8.76829830896934
"ERLIN1",-19.4864161448331,-11.4592954609766,-20.388337095715,-11.4103325696102
"ERO1B",-10.8532833239642,-11.4984566348233,-19.4426725259818,-10.7631068929565
"ESYT2",-18.6067438171729,-10.4776785076215,-8.77770685916061,-10.5226698486071
"ETFB",-13.7840086034828,-8.98853924091151,-19.7426674628056,-8.65350842591289
"ETNPPL",-17.4765391493377,-8.42481203962516,-7.97087430062127,-20.0886733629353
"ETS1",-15.8663116597465,-15.8665904054609,-9.67484131147621,-15.8629137686116
"ETS2",-17.2571509723584,-9.38708075187202,-14.7681696467445,-17.5667944004362
"ETV3",-10.6308674965315,-10.6157091876168,-10.88227900687,-11.0950452707063
"ETV5",-15.863853270822,-15.8625817728404,-9.68065216529769,-15.85785730698
"EXOC4",-9.28465053453843,-20.6845665693061,-9.16377617951766,-9.74582356029827
"EXTL3",-8.90304041143206,-16.9246482800006,-10.0550767443989,-16.27295247819
"EYA1",-20.7578622925246,-11.9736711628884,-21.5385040786311,-12.3283362978397
"F3",-20.4098981446017,-10.6263023675801,-10.5476620133207,-9.87503899821044
"FAIM2",-7.89850177077281,-9.47915776815317,-10.1153173107041,-7.90562800972188
"FAM107B",-8.04340440982014,-8.92925378860248,-10.3748224976931,-9.49674800774867
"FAM120AOS",-10.2873642215633,-10.6382593859409,-21.081754806528,-20.9930744983978
"FAM13A",-9.2593994822712,-9.37075103131332,-19.8574744296758,-19.7974680053334
"FAM153CP",-19.3383240945391,-21.0870980974611,-20.2877309221634,-9.31579008325722
"FAM169A",-8.79244606250409,-10.6217997035041,-18.3264644030055,-9.96180849300103
"FAM184A",-19.0746174784426,-10.1324635052369,-10.1961923901821,-9.98089762410345
"FAM234B",-8.92879394821015,-19.8755169339811,-10.3757136399128,-10.7402242233206
"FAM241B",-20.6068666699594,-22.8942610041928,-11.5069004929189,-9.79742378922285
"FAM89A",-8.89929230849422,-10.6325706784559,-10.3478328195139,-10.2049020252917
"FAT3",-18.367090782688,-10.6945144640648,-9.31456791066826,-9.61130334897945
"FAXDC2",-9.13745069957924,-10.2742957984503,-21.0517775302003,-21.3149443380363
"FBLL1",-19.0572145204737,-9.34810160053285,-11.6775693308667,-9.11313333269756
"FBLN1",-19.6583875876036,-9.5909540645241,-10.4241105963477,-20.5492440429144
"FBLN5",-19.6240900895199,-10.9976016752805,-20.4403164200619,-20.8174367121761
"FBXO3",-17.8959520353872,-9.87956475002404,-10.4693752996612,-19.0642609648751
"FBXO32",-8.16265356863253,-10.9072633331678,-8.90174101914893,-20.4585508963542
"FCER1G",-20.9588321687426,-12.0420561693057,-21.4095865755913,-22.8186106303698
"FCGR1A",-18.7844199393142,-10.7904885022788,-10.9725803715087,-19.6854425429869
"FCGR2A",-19.2054406170257,-10.5912792130277,-19.3314662328119,-20.4151456828703
"FCGR3A",-15.2502097051072,-12.2310810929779,-10.8602921637817,-22.2639571538155
"FER",-19.179039066664,-9.983651743657,-16.7937642505791,-10.1928621962457
"FEZ1",-6.78724844766643,-8.62386606463211,-8.56059472449663,-9.21923088825307
"FGF12",-17.9293275689117,-9.44987211300895,-9.36411753695169,-7.77683282164442
"FGF13",-15.875833511684,-19.9141520983603,-18.3814388807362,-8.65472625936113
"FGF14",-9.19611520712338,-15.7229604894014,-17.8976223440488,-15.4062902452335
"FGF2",-18.1013040980827,-19.9056055120019,-8.77783572428343,-8.69484787197551
"FGFR1",-9.09292704771406,-10.1427287118368,-10.1512771652271,-10.0434863571946
"FGFR2",-15.7343279784601,-9.12344307301487,-17.2547845371978,-18.3279107886342
"FGFR3",-19.3809966025913,-8.46256551988031,-7.98176703304376,-9.19853648143105
"FGL2",-15.8511361391854,-15.8564910879678,-10.3832801082032,-15.8502462669155
"FHL1",-19.4813450479345,-10.7851796845,-11.1731756170808,-7.55399338968075
"FKBP10",-19.2954766201961,-21.9314352676563,-21.6598219561944,-12.4875003712847
"FKBP1B",-17.9177117392978,-15.9238624568119,-9.74647657035397,-10.973419187632
"FLI1",-20.1667060152361,-13.8046881473126,-21.290672121617,-18.3830047557267
"FLOT1",-9.04775906693759,-10.1873079755404,-9.93184075498186,-8.7174744578276
"FLRT2",-8.2990949504495,-15.2864744914274,-10.1253948966562,-9.17732081333502
"FLT3LG",-19.708695553005,-11.6922209850113,-20.3444726957903,-20.6743739798244
"FMN1",-19.7150002647867,-10.7823023244971,-20.3877922211403,-11.7583527030555
"FMN2",-9.16572886126512,-10.2495005460249,-9.03386060123978,-20.2764715588404
"FMNL2",-9.02472280758163,-8.62137657875727,-7.97306615161337,-19.1335386498079
"FNBP1L",-20.547078536858,-16.1530826086016,-12.3283272752352,-12.2408916394441
"FNDC10",-18.6640643682036,-20.2150492496395,-20.4299453815942,-9.72170259614227
"FNDC3B",-19.2283363983161,-20.0841054386885,-20.3975007096784,-11.1107338320924
"FNIP2",-10.3568542831441,-10.3910810732674,-9.3556374298096,-20.2070578273229
"FOCAD",-19.5822762987983,-21.0372010858716,-19.5609417891746,-9.3156164659396
"FOSL2",-20.7777018782174,-11.47048212109,-10.5501118296511,-22.3108440996089
"FOXP4",-18.6859862805285,-21.1388790406513,-9.88789808833339,-10.232104802422
"FRMD4B",-8.63196883463716,-11.4829872300915,-12.4822028042201,-10.3239365581963
"FRMPD4",-19.7636024222945,-21.3623158013198,-20.382345241743,-9.3160799668045
"FSCN1",-8.90184566039182,-17.7907737679859,-9.84366193757633,-17.8618918195198
"FSD1L",-10.8618790281794,-19.7392178467109,-20.1349482141513,-8.74396018431683
"FSTL1",-17.5431533832065,-10.4504468583065,-19.887985645061,-10.4374684742995
"FURIN",-19.3205231401826,-11.5916050322867,-10.4687391568452,-20.8060908062461
"FUT8",-17.6021798248646,-10.2968076999973,-18.7187475295559,-9.50258649118946
"FXYD5",-18.6969274353896,-10.5911838254094,-20.4373593034989,-20.6950449895386
"FXYD6",-18.2070924787136,-9.57125724676132,-9.63153425829237,-8.74303961232848
"FXYD7",-19.7410537775332,-21.1502756287793,-20.2806322694083,-9.02807216272972
"FYB1",-8.77988704153747,-16.1594900621397,-16.1640782738207,-16.8743991636317
"FYN",-8.61614882157949,-8.94035071559029,-9.0026096240129,-19.7182027592211
"G0S2",-21.2950716164324,-11.5374806368283,-12.1552821417048,-22.7550354743066
"G2E3",-18.338104849087,-10.5912342583185,-20.2624793032883,-10.413944806212
"GABARAPL1",-7.80802834165836,-8.81776841528811,-8.34087700241241,-7.74058808710341
"GABBR2",-20.6292651001505,-21.4860839699887,-20.8411651191107,-8.62295085115762
"GABPB1-AS1",-11.1817734390721,-9.64369782791343,-19.616623350032,-19.4058635146624
"GABRA1",-8.76519321024702,-9.52204622459509,-20.2624128108232,-11.8820254833351
"GABRA2",-9.90989010737144,-19.4407657814688,-10.6686249781446,-10.8455991037113
"GABRB1",-9.80696814785551,-21.3112038784494,-21.466439953059,-11.3882194602888
"GABRB2",-13.6956139571756,-10.4971082031477,-20.7342140293588,-9.60127502006444
"GABRG2",-20.067975510617,-22.0734744873052,-9.8056211691692,-9.0202491840198
"GADD45B",-16.1900250280379,-8.4674084197888,-8.75808259822448,-18.0246790196974
"GADD45G",-19.4006496032472,-8.75321299621013,-9.17086348347342,-18.6553710340786
"GADD45GIP1",-8.01021287130359,-9.87982542116636,-18.5786623484427,-8.19341308817786
"GALNT13",-19.0587783877159,-10.3031813633474,-20.3910253771583,-19.8739809697146
"GALNT15",-8.28547264095949,-10.1203782105177,-12.8293483326173,-10.905823836406
"GALNTL6",-10.0490297007481,-17.986159998492,-10.2763734188412,-9.98476617110946
"GAMT",-8.64063251110226,-11.2953958800298,-11.4306128355025,-9.19824507705109
"GAP43",-18.82673833426,-8.68361332785943,-7.86669048741765,-5.93896737615796
"GAS2L1",-8.80420554146466,-11.6772895335123,-9.2338911186508,-17.9565213287304
"GAS7",-18.2667793432541,-10.3035866441534,-16.312184223304,-18.5820252503386
"GASK1B",-18.2759326239139,-10.3212844601002,-9.95386890966943,-9.18242564058396
"GBE1",-19.8748437415009,-10.9468682003531,-20.0685783820283,-8.62719022915872
"GBP2",-19.0272809640684,-10.0797284486549,-20.3916746419808,-20.4882071079026
"GCC2",-8.82342322244258,-8.82001078681664,-8.33967748733926,-7.70454934273697
"GCHFR",-19.3644061856871,-21.4109193124472,-10.0030547088552,-11.6614598925637
"GCLM",-17.0372531919702,-10.6262209893383,-9.935461164254,-9.58525201091117
"GEM",-10.3094619794827,-10.3975221727868,-9.81789586682177,-20.3131666226017
"GET1",-8.62089628337656,-9.67920925184726,-9.8713007421002,-8.58698161119515
"GFRA1",-19.433327877018,-20.9641837231671,-19.650238961926,-7.88813281763064
"GIGYF2",-18.4047233313337,-9.35860741343052,-9.54827883767815,-10.0897350773607
"GIMAP1",-10.1843540857479,-11.4559505037648,-18.9066425022101,-20.2502815916166
"GIMAP8",-9.07198361308409,-13.5392281399561,-10.8516329946793,-20.9339220034051
"GJA1",-17.6728273839499,-6.41918042689742,-6.36996460712958,-16.6910784098419
"GLDN",-10.6851347929164,-14.4629051873961,-10.8939141315736,-22.4587920074372
"GLRA3",-19.5576238680506,-21.1100860483402,-20.225297102678,-9.02779745488006
"GLS",-8.70496811340297,-19.6541429966703,-9.42811801587643,-8.3335733321002
"GLUL",-6.53683447602923,-6.78497748140791,-7.25931056824208,-7.58631883459403
"GM2A",-19.5669400392201,-21.3436439295801,-11.5730887891591,-10.113784088102
"GMPR",-20.308270131426,-10.9304252255339,-10.2549445267033,-21.7442817011209
"GNAL",-19.9934788356799,-11.9769874267032,-10.5647571774977,-9.86509026490222
"GNAZ",-18.6096469245137,-16.0309156539944,-11.0672756372226,-8.88097980509868
"GNB5",-17.8666072880476,-10.4996726900637,-18.5343802494677,-8.29034523672506
"GNG2",-19.5386927695277,-20.8636148784751,-9.37637423694645,-8.98687549343805
"GNG3",-8.54684083316928,-8.92977231888489,-10.5850225583261,-7.78655667008993
"GNG7",-8.79730084507326,-9.55780347700123,-9.06866783585486,-9.82209777590231
"GNS",-19.4828838155565,-10.8684925966278,-10.8758352331651,-9.68842088735362
"GOLGA4",-8.68804333747837,-8.15108554477503,-8.46032146695198,-8.44090600214787
"GOLGA8B",-9.62575041717338,-22.0651732443101,-21.8307344630253,-11.8624488771749
"GOLGB1",-7.89549069781854,-8.04270249818903,-8.65808913393319,-8.39919326338108
"GOLM1",-19.2907514259213,-9.65154717786828,-9.09829045179518,-21.2984593326099
"GPD2",-10.8210320697545,-22.911507226773,-21.8626452435387,-10.8462655089549
"GPM6A",-7.76995115948659,-8.9721160583688,-7.50580286754796,-7.50590093020385
"GPR155",-19.1734584868165,-10.1333674551969,-9.89404770204807,-9.20933711837256
"GPR158",-15.7703205314664,-15.7297461762317,-17.9371921727919,-8.80630596308379
"GPR162",-18.1415138048638,-11.0700402540416,-19.8784424870467,-10.9772108115733
"GPR183",-19.4406499818948,-10.303211643259,-20.3250479264294,-18.8101599677733
"GPRASP1",-18.5036389362972,-20.1596070665594,-9.33341619390826,-9.93890450619308
"GPRIN3",-15.8658457929765,-15.8695192940978,-9.2675430653076,-15.8677904708753
"GPX3",-9.55815139699839,-9.43037303506653,-8.46969631138628,-7.83038949801936
"GRB10",-9.88126724600518,-11.6149181361834,-10.8175300287197,-8.59743672948438
"GRIA1",-19.1953071430658,-20.9291987960456,-20.0887728865836,-8.62213542613021
"GRIA4",-18.968157327041,-11.1469184506136,-9.77217523388914,-10.7124041281929
"GRIN1",-18.5930126532072,-10.6357055993788,-10.5801347049971,-8.065244865901
"GRIN2A",-19.5660507724208,-21.3781739673941,-10.0704377552292,-9.80808717221149
"GRIN2B",-9.19980316296667,-19.5131588335551,-11.5614535844798,-9.06115106784944
"GRK5",-19.3352394527067,-11.8900845913855,-10.8623662341288,-10.1611336183993
"GRM5",-19.1738874402144,-10.1635786064035,-20.2398299030514,-12.0158281178244
"GRN",-19.197138245497,-9.80116800832576,-10.0228212419354,-20.0761349667253
"GSTM3",-9.53424579222788,-9.41562250014876,-9.32444258492152,-13.5821752711609
"GUCY1A2",-9.542572238377,-12.8996781433627,-11.7282159634696,-10.9202559824633
"GUCY1B1",-9.17030613748569,-9.54205838957136,-8.80667378787271,-8.56342422902948
"GYPC",-19.9482020927563,-10.514331503587,-10.8305051600987,-10.9454032119232
"GZF1",-15.6215352683611,-15.8668953791645,-9.26754788259052,-15.8612237050701
"H1-0",-10.5839548740903,-9.78770021979481,-9.81748958925851,-21.0887562130563
"H1-10",-9.24968155932627,-20.2196025147145,-10.3392798944263,-10.186818648844
"H1-2",-19.1210830378336,-10.1004091909707,-10.7097275846254,-10.7706564175877
"H2AC6",-9.72399693049874,-10.1921507975744,-21.4411400273089,-21.868212074271
"H2AJ",-18.9936803255035,-21.1506514154197,-9.82234921584831,-10.2783526256237
"H2BC21",-9.38709170413124,-21.5918833080554,-21.0096799745603,-12.0383183481142
"H4C3",-8.04985167196586,-8.86636198943085,-19.0896413489261,-19.5529150387689
"HAGLR",-8.98371790050279,-19.4946130546555,-20.4270740923559,-11.6846887992316
"HAPSTR1",-8.44388422253158,-20.2822778344222,-19.8712767174925,-11.3061728642903
"HBA1",-9.07855205510372,-10.0934903144377,-8.68541648636039,-9.78739727953226
"HBA2",-19.9665424935144,-9.78114924326584,-9.06038810763468,-9.13208122715102
"HBB",-19.9498484170941,-9.5486315825072,-9.21269659988504,-20.1165363063185
"HBP1",-9.29617328759069,-10.1631087109111,-9.87449118485223,-20.8311119445222
"HCG18",-8.43723565080142,-19.5534234492869,-9.41085361225447,-9.45458282049898
"HCLS1",-11.1173791992834,-18.4605859202487,-10.7693552784639,-19.5901042664595
"HDAC9",-18.9800695901811,-20.9063193063023,-9.2875279279568,-11.0259953982893
"HDGF",-18.2243463208521,-9.30331617248946,-16.0471196904392,-10.3476957772029
"HEBP2",-9.84608847101146,-9.72447667971204,-14.1033447188424,-9.93391600556751
"HECA",-18.4511128709073,-9.92185685798945,-9.95597436481461,-20.9968294098283
"HECTD1",-9.0746624974918,-10.898409307499,-10.580816917228,-8.2287734619277
"HECW1",-19.5428396576038,-21.2782155029846,-20.4319229985886,-10.0097383913229
"HELZ",-9.75496121675079,-20.7423297594706,-10.79607781352,-11.0573718720306
"HEPH",-10.6178857793088,-9.69784195186999,-20.2598969425336,-12.704278022202
"HES1",-19.0914807248815,-9.33166261216903,-16.0861665456415,-9.61586553349926
"HES4",-20.2192108869995,-10.9044207044576,-9.93666901647595,-9.90612538603167
"HEXIM1",-9.00825750645844,-9.84860588617318,-9.05073907298759,-10.1346094316859
"HEY2",-19.5849889597461,-13.9209755339562,-8.9532838377617,-10.5068942730363
"HILPDA",-19.5675538513317,-10.2361340659148,-10.6803339468489,-20.9452040910989
"HINT3",-8.81931606422485,-18.8353937368811,-10.1767954701349,-9.17099668124429
"HIP1",-8.5311748997344,-17.0520474120973,-9.70036682897883,-17.8637241152708
"HIP1R",-9.57644675277474,-8.97701433556574,-9.15602795360873,-9.55186025938508
"HIPK1",-18.1369845095187,-9.3252881210141,-10.0377487896612,-19.8542568690209
"HIPK3",-19.0945563790809,-10.5912312780366,-10.3564378291662,-20.4402001472892
"HIVEP2",-8.77619097010921,-21.5429665663327,-20.4307812070995,-20.0018896973729
"HLA-B",-7.34927126392765,-8.64794234898479,-8.21891584904774,-20.4440213352019
"HMGB2",-9.1737692521609,-9.57443782440458,-16.9763091970283,-11.4590987539163
"HMGCR",-16.9586810522528,-11.4707296144724,-19.9839894794406,-8.64259666221614
"HMOX1",-9.88825603758257,-20.3386979530451,-10.0505728283172,-10.6046890336955
"HNRNPH2",-9.13683741206344,-20.2330145650776,-9.95241704422232,-8.95187412368955
"HNRNPLL",-10.3320806922951,-19.0289471923458,-20.2358722669658,-9.63420258182533
"HOMER1",-19.4748109424978,-20.04911817456,-11.5868112799648,-9.79764122039201
"HOMER3",-18.0370983179167,-10.1115847303911,-9.13593053580017,-19.5950964373138
"HOPX",-9.08928133859733,-8.83839812055288,-9.93696478784467,-19.9847862533031
"HPCAL4",-19.3318935672666,-10.4293528038771,-20.2283729935429,-10.2013501689144
"HPN",-15.865999784449,-15.8706297772132,-9.2673943021825,-15.8628405819774
"HPR",-19.8896087768967,-12.2365270613969,-10.4161304165,-10.718087474502
"HPSE2",-16.8505772128863,-8.96479726151232,-9.03227913605758,-19.6538986711286
"HS3ST4",-9.78170877911213,-21.351452536689,-10.4620059314055,-21.0853094827501
"HS6ST3",-16.9069960318641,-15.3803752132805,-9.73127025175267,-9.47665064902146
"HSBP1L1",-18.2233962484863,-9.7804858517396,-19.8165922255598,-10.2924721819975
"HSF2",-16.8854690297423,-10.9900502341166,-20.0889146748447,-9.7245041112819
"HSPA13",-19.4027962273477,-20.1004798779468,-10.9217863738053,-9.24625934250195
"HSPA1A",-5.84302555392822,-5.94078253246514,-6.11143863881892,-9.72377573027706
"HSPA1B",-6.69870367156302,-6.24774004673362,-6.460930221365,-10.1303013260554
"HSPA6",-9.47577641192371,-8.42838829950824,-17.3444843416341,-20.8084965154854
"HSPB1",-6.05720550250887,-5.97452964987351,-5.95749162759385,-18.9530850666413
"HSPE1",-7.46869907091264,-7.62587262134506,-8.53062867475499,-8.56824470855648
"HSPH1",-7.56265403092278,-7.31228265426808,-7.28235607130404,-7.6249302152943
"HTT",-8.00426975028366,-14.5184525201965,-9.85976001302524,-19.5985008615747
"ICOSLG",-19.4671095319629,-14.2192141419809,-20.3884830509801,-10.4567292919147
"ID1",-15.4343848962455,-9.78933764050037,-9.5044656487268,-9.72760684632403
"ID2",-9.1465600458737,-8.6495587492315,-9.0458326569809,-20.9029346410024
"ID3",-19.301455342563,-8.59452480885362,-8.66574302756473,-21.0687210872517
"IER3",-19.8860477291975,-11.4718175020151,-10.3948748104363,-11.3424350900339
"IER5",-8.39478978909347,-10.9272564409275,-8.91553590422451,-10.8852527675505
"IFFO2",-19.370236148465,-10.5280956212533,-8.9242518058583,-11.4463468179094
"IFI44L",-8.78240105499498,-16.6341297376818,-16.9441390959668,-15.3103538237491
"IFI6",-10.3676223887729,-10.1721258316479,-9.03132432799971,-9.70284766705251
"IFIT1",-18.1182103205099,-11.5326875467711,-9.60288648095253,-10.5749421658154
"IFIT2",-17.968613561035,-10.8754909286689,-19.6493797247175,-10.5526216852412
"IFIT3",-9.74516951429981,-10.3380399915625,-20.3811274932917,-20.0900365442292
"IFITM10",-19.3854007712312,-10.7585380226833,-19.8333499269979,-9.40910196541288
"IFITM3",-16.547231286193,-8.49498643770196,-17.8429161728458,-18.8477401168241
"IFNAR1",-8.97944498548144,-9.4323105792675,-19.802476652312,-15.8917541559638
"IFNGR1",-19.9760780641799,-12.3443196839148,-10.1601550723472,-12.1729570775034
"IFRD1",-17.5113996510612,-9.65126624288545,-10.2091986031289,-9.46341008710086
"IGF1R",-18.9179434574771,-9.86844413086565,-10.5491304253788,-19.7567822879859
"IGF2R",-11.8835067714269,-10.0998231832386,-9.68051720589055,-20.5383097393131
"IGFBP4",-10.4332029209486,-19.2701969573701,-19.5219940726817,-8.97561544907942
"IGFBP5",-18.9242683270588,-9.48847962764824,-8.97635338825125,-19.5223331472486
"IGFBP6",-18.1381217008989,-9.7729856923447,-18.212603909969,-9.66998853541566
"IGFBP7",-7.7015964628782,-9.15777558177748,-8.9295708111513,-20.7942091573788
"IGSF21",-9.18189892453201,-20.9322445375635,-20.4326148091889,-21.0928326832651
"IGSF8",-10.0313474124742,-10.7580999539181,-10.0880965441931,-9.91323163787905
"IKZF5",-19.0809272637599,-20.6328581347097,-20.0279985326315,-9.31577821609543
"IL13RA1",-17.2146852407485,-9.8973310980792,-10.3565433255835,-19.8250968474821
"IL16",-19.1324480270478,-10.9972447299981,-20.4399186540488,-20.590228469464
"IL17RA",-16.5056627551568,-11.2389739125559,-19.345809531892,-9.87512670179596
"IL17RB",-18.4377916340091,-10.552596897717,-9.44840341085248,-10.7679883318863
"IL1RAP",-19.570524796773,-20.7207168064055,-19.4936157547017,-10.0097984124828
"IL32",-19.0402807134968,-11.4019848251008,-9.37618477800303,-20.5904446719899
"IL6ST",-9.181537978566,-8.72164021955526,-9.29953908557621,-12.3600542560891
"IMP3",-19.2108187339041,-20.8950546819701,-9.78600589317042,-9.12952711341581
"INAFM2",-18.7116044854314,-19.9749776624916,-10.0771636226842,-9.56487372200817
"ING3",-8.74297300103987,-20.6212298650423,-12.3527426760598,-9.7817763177069
"INKA2",-18.29164181972,-11.5534960478056,-11.197323975835,-10.7569445880988
"INPP5D",-8.05628091925535,-20.2920994369434,-20.1742282969416,-11.27915668135
"INPPL1",-9.51750878379487,-20.9738112255164,-20.424876673322,-9.83487188926311
"INSIG1",-15.0912770122802,-9.64286239480057,-9.61133214235288,-8.78876246909684
"INSR",-18.7297569364956,-9.76726390794772,-9.46841905816832,-9.19857220806231
"INTS1",-18.5757001304397,-10.4911965235329,-20.3798763907716,-9.80258375210855
"INTS6",-9.012056070579,-11.2961437513768,-8.71675023414499,-19.1759832050627
"INTS6-AS1",-15.8621795361107,-15.8616792791952,-15.860802909164,-15.8570346399304
"IPO8",-15.896867052436,-15.2649497216152,-9.67580550182712,-15.9064071367496
"IQSEC3",-18.5761749281653,-10.5913923665348,-20.3867483978701,-19.452128546323
"IRAK3",-19.9378457064873,-11.692214544302,-20.1755973639362,-20.6400442865978
"IRGQ",-19.4889013927194,-20.3243709936149,-10.0861892731791,-9.36908677537836
"IRS2",-6.96765622791305,-9.52674075696441,-18.3387326283428,-8.70431676952113
"IRX3",-8.87552189982051,-10.2337727224275,-17.9479700824214,-19.1443767701403
"ISCA1",-8.58604253748748,-17.6212266648199,-18.4869965896612,-9.10927489409874
"ITGA1",-12.0821888576129,-10.6148078626497,-9.14943057394196,-9.57658634732468
"ITGA6",-9.61105219477477,-21.0319784565689,-10.7191745293661,-20.7964949047872
"ITGAE",-19.3968284940757,-20.9561652025063,-20.3752167674501,-9.31567580095602
"ITGAV",-8.56062839590487,-9.27921383846851,-8.5117594441641,-12.2241019861501
"ITGB1",-7.07653963368769,-9.31023980487061,-9.01289065941739,-19.2274950921798
"ITGB2",-10.3286133208002,-17.0525988757637,-10.4572476409585,-18.6976589059959
"ITGB4",-8.81960772970581,-12.933002857879,-9.31268337031413,-20.7056180980059
"ITGB5",-19.1943718033152,-9.92717065712868,-21.313809420796,-20.1125786501702
"ITM2A",-8.55416659799847,-10.2700294848758,-9.22578943438233,-14.5877462339205
"ITM2C",-8.51442549139192,-7.10756435917387,-7.3672445445008,-8.77555706590766
"ITPKB",-8.79760925111433,-7.67890015803803,-7.66438915514761,-9.10726698412442
"ITPR1",-16.9178737568558,-9.61374023068689,-19.4766911804344,-8.33162033000705
"ITPRIP",-10.3716879866806,-10.4682048294476,-19.6474089566405,-20.255944105585
"ITPRIPL2",-10.2117303803997,-22.5756174969465,-21.3597319593429,-12.5542273048096
"IVNS1ABP",-7.67904356805136,-9.89231399926866,-19.8408172755386,-19.5282076227339
"JADE1",-20.0901019959098,-11.0307613496245,-10.1234346130256,-9.56196175967802
"JAKMIP1",-19.1935865190099,-12.2193339298859,-9.70327432752396,-8.85799167728725
"JAKMIP2",-15.4727524619457,-9.55785480988739,-8.07890066844987,-10.5024926164425
"JAM2",-18.8042496491295,-10.2861077785773,-9.28074045254184,-18.6198044995575
"JAM3",-7.85591730597239,-10.4419027416568,-17.9378932544885,-19.9901583421905
"JARID2",-18.9822191093991,-11.4369895504861,-20.3885594767238,-11.4499388741363
"JDP2",-9.09930512379213,-18.8677749125865,-18.3327194758852,-10.5052825689094
"JUN",-10.6061766990667,-7.50549345184054,-7.44379557577696,-8.3204813970975
"JUNB",-8.50466409170535,-9.72812115634144,-19.211004908138,-9.72875564797818
"KALRN",-18.3396647415327,-9.62925555323362,-9.20606985288193,-19.6580589372802
"KANK1",-9.6039235492171,-21.0073126420858,-9.36765782440679,-21.030391578735
"KBTBD11",-18.9762944372736,-9.95124692284512,-9.75414085567317,-9.74958514554472
"KBTBD2",-8.19510769597493,-19.8778138101602,-10.7724265315198,-11.127258022311
"KBTBD7",-10.0590241202284,-10.6478749736812,-21.572145457822,-21.4273571799875
"KCNA1",-15.6889733595841,-12.310732633309,-10.0786683102731,-9.96403679540007
"KCNAB2",-19.3078616898009,-20.6634097885718,-9.58236653254341,-8.4800342415906
"KCNC2",-15.8633379600433,-15.8669912514551,-9.6741949025884,-15.8631682312797
"KCND2",-8.50785960982558,-14.9401150680344,-13.5401068685443,-18.0274405205901
"KCND3",-8.29456395585756,-9.91757381645488,-8.76251922020011,-7.43395819197459
"KCNE4",-8.87720108654428,-10.63338924955,-9.12741448761724,-20.034201663495
"KCNIP4",-18.2647204342027,-9.37147385350535,-17.4723859274188,-9.75905425664673
"KCNJ3",-14.25407934943,-15.9054478048064,-9.26360496049481,-15.9023354841198
"KCNJ6",-19.2915048403983,-9.95005923374288,-20.4667170487476,-7.05310106789308
"KCNQ3",-8.93423275876262,-9.75227583284127,-10.3729836999131,-8.75259524616376
"KCTD12",-9.30707970612064,-9.32780995205583,-8.82067786428378,-19.4591687794065
"KDM5B",-19.3003140701556,-11.0750166003575,-20.2626108123924,-9.95971952491675
"KDM6A",-9.85679973992053,-15.7679458141237,-11.9404560487201,-22.1369174895405
"KDM6B",-18.1427773271629,-10.7809749909972,-9.4327194195989,-20.6427215634893
"KDR",-19.6533935754647,-13.0284803385624,-9.8054080509757,-20.9549340205729
"KHDRBS3",-18.1646793015202,-9.49148089065214,-19.358487701495,-19.2430394747924
"KIAA0319L",-17.9765275164476,-10.9601386542135,-8.7071306171135,-9.20096590206385
"KIAA1217",-8.81333613207815,-12.4518325003584,-11.1429602758422,-12.7847737743725
"KIAA1671",-19.0512311434664,-20.0316893682548,-9.7800885339713,-9.93884391311488
"KIF13A",-8.05633264769595,-10.8907571349204,-9.25881706665007,-21.5689933211107
"KIF19",-19.8526469005732,-12.0231327058134,-10.1091857330528,-21.0118855428017
"KIF1A",-17.883560828557,-8.86413442242881,-8.57829024239609,-7.67588864006759
"KIF21A",-7.88681892860896,-8.64595308112087,-8.27016435453984,-6.59010017870118
"KIF26B",-18.7567763235115,-19.9711252822972,-9.52237320119976,-9.3676530528567
"KIF2A",-7.69613523762256,-15.3473504743301,-10.076998299357,-8.17064784886277
"KIF3A",-16.8678051276736,-12.6856980120619,-8.88364248717886,-6.7880874738873
"KIFC2",-9.36584215429771,-12.9388461230468,-19.2287143135095,-9.99279554475931
"KIFC3",-19.0974863282661,-11.6557137058185,-9.48507599167449,-11.6655603713944
"KIZ",-19.6479101478267,-11.4038747570454,-20.3845873900385,-10.596420163589
"KLF12",-9.04308237246501,-12.0441832212548,-19.4867004545438,-20.4193770372335
"KLF7",-9.93207483542611,-10.4454431362981,-9.22520159674395,-9.23632879425828
"KLF9",-8.07755565963018,-10.7708359050234,-8.72280814275678,-9.26015394171064
"KLHDC8B",-21.0640554128718,-22.2072320211836,-21.8095703048338,-12.1669603829514
"KLHL1",-17.6832519798311,-20.4369209986325,-9.25104509774311,-8.76784588863316
"KLHL9",-7.89968085262624,-11.0271166545928,-10.5039312562502,-20.0658019865404
"KMT2A",-9.69952941064444,-9.05251873786517,-8.79203825127094,-20.1677121539898
"KRAS",-10.1161653177241,-21.7215578637211,-10.6775853147174,-10.8153081202302
"KRR1",-17.9123186127766,-9.95586015236,-20.790229329522,-19.7578287199787
"KSR2",-9.36801938562828,-20.7909265424575,-9.79247701104708,-11.6505734517357
"L1CAM",-19.4065338570159,-20.5901994782215,-20.2029704838638,-9.31587276647645
"L3MBTL4",-20.9355236705144,-12.1845858356726,-11.5039825121131,-12.184629422068
"LACTB",-17.9489325426961,-20.1305615081441,-9.4793377229696,-10.1543102470368
"LAMA2",-15.8777043647773,-15.8794490639505,-9.25843054901507,-15.8752369314758
"LAMP1",-7.43805181288167,-20.1225866673948,-9.39033252737902,-8.86595529115105
"LAMP2",-8.77798655714282,-8.9352262574648,-8.38338192216345,-9.28145669729503
"LAPTM5",-9.00907834860025,-9.67568278394046,-17.9711865493236,-13.0687131476483
"LARGE1",-9.16786981832268,-20.7469907504888,-16.3749114314697,-10.0190865869194
"LBH",-9.23456281952691,-10.5566137654464,-19.7078920930147,-20.2677215627423
"LBR",-9.33001649093638,-20.195159913634,-9.34103743453539,-10.6923245228822
"LCORL",-10.4493732185692,-11.4373274103118,-20.9582269456952,-22.0418538031567
"LCP1",-9.43490974770427,-21.04272015153,-9.98767670240282,-21.0102406861227
"LDLR",-17.0816657347424,-10.7680656175943,-9.44594133913758,-20.71273664904
"LDLRAP1",-18.1788288988874,-11.0976700952984,-9.57210865158932,-20.9363706798667
"LDOC1",-18.8975985977666,-10.6511395770097,-8.74616165613491,-8.89054681985665
"LEMD3",-9.17737514233461,-12.5016068709282,-20.2349851675085,-10.1725903355395
"LENG8",-18.0451071365997,-10.9392029824543,-9.72513044249254,-20.6756535959387
"LEPR",-16.2861206848875,-15.8490428446746,-17.943498981101,-10.0150385917321
"LGALS1",-8.61245038660668,-7.7878255674871,-7.74889478616097,-8.22825803610215
"LGALS3",-18.6580116514059,-9.57566375728976,-10.675452795545,-20.8173179228038
"LGALS9",-19.0054103009984,-11.601295170142,-10.4575004571906,-20.0600003151776
"LGALSL",-15.8643751491904,-15.8663233713552,-9.26779318827283,-15.6518101650592
"LGI2",-8.92651570105718,-20.1674673562065,-19.0731727639459,-9.41744693259806
"LGR6",-19.4982525137794,-20.7303547363359,-20.427717098217,-9.31560436851465
"LHFPL2",-21.4642837340639,-22.5446663549836,-12.3300237156946,-12.7266776068522
"LHFPL6",-19.0094571589214,-9.0890399029744,-9.37745107727939,-12.7460711112747
"LIFR",-16.5224174127709,-9.2884441375717,-8.09274819919235,-11.2170735915057
"LIMA1",-18.9624921345566,-10.085253954288,-10.3976206427352,-11.0412723963061
"LIMK2",-21.4028520942473,-12.8906769901907,-10.6507805916449,-12.2476506319803
"LIMS2",-8.83771783538079,-10.8043007291547,-10.6340786193151,-19.9780738265294
"LIN7A",-17.7384041238548,-10.6235737450764,-10.257594029105,-10.4181353884691
"LINC00499",-17.7027776568691,-10.8806506460683,-10.4133401935698,-11.3220406790784
"LINC00511",-9.46370512987198,-11.1507376259904,-19.2932050978637,-10.5321995957979
"LINC00623",-19.4235469368759,-20.3589477872212,-10.0083382609489,-9.83173842955101
"LINC01088",-7.65058167744212,-9.43287072940359,-19.664461218976,-12.608377473705
"LINGO2",-9.04390415803283,-20.5998888834415,-19.7026454650418,-10.1125024657874
"LMAN1",-10.282176492311,-9.59653741274899,-10.3175178274226,-9.94537255263713
"LMBRD1",-19.4667887174653,-9.39380727550364,-20.7877762222895,-9.47936984429719
"LMNA",-9.49363509645152,-9.93208109794381,-8.18806519506709,-19.640956532131
"LMO1",-9.20716838633974,-14.6923867434442,-17.8469883810886,-17.3531510904706
"LMO7",-20.8667684401125,-22.0778282199983,-21.8331280912786,-11.0433435295823
"LMOD1",-19.541739781463,-10.997456723874,-10.3571053534723,-19.9695271104876
"LMTK1",-17.085817116017,-10.6323910139822,-9.41418552346694,-8.96053570670202
"LMTK2",-9.70872016062826,-11.2716457114143,-18.9667271212908,-9.91316976120574
"LNPEP",-9.37940435984545,-20.4814992989353,-9.41753154499732,-8.93234819314932
"LONRF1",-17.4221158365733,-10.9255793087342,-20.2296718723299,-9.52752519557954
"LPAR6",-11.5265162898662,-23.3507927628362,-22.0881482803532,-22.7519990982745
"LPCAT2",-9.49355973964304,-21.0430638983716,-18.916034307813,-11.7351741025963
"LPIN1",-7.88069965650296,-9.99156265763549,-9.50111754982165,-8.63372264009648
"LPIN2",-9.00818384557282,-9.75443123475639,-18.2340086720416,-9.36507367829611
"LPL",-18.3719655064862,-11.5462038059368,-16.9389008910173,-11.2803947495816
"LRIG1",-8.82585347279668,-9.89595224662673,-9.32885172248118,-20.3579203917631
"LRP1",-8.33935843015753,-8.6742479845425,-19.4784554221467,-18.5600709076423
"LRPPRC",-11.3521898303877,-20.4769948957422,-9.87733598463591,-8.32474328031454
"LRRC3B",-17.2487226552688,-15.1327751657711,-9.48737001406456,-8.65687748691479
"LRRC4C",-19.8368133685417,-9.49335303681485,-9.87812195840994,-21.6543600948004
"LRRC75A",-18.334470011973,-9.89724995354232,-19.7353080391328,-20.3368329459549
"LRRC8C",-9.41791286474913,-18.4809959214055,-19.6399680930175,-9.62144378069574
"LRRK2",-9.73727728908743,-20.5292641519958,-10.6694027445632,-10.3566950782582
"LRRN3",-16.1905871999333,-16.1816720646067,-9.04166053605116,-8.96095016830695
"LRRTM4",-21.1938754624075,-22.5887361520696,-20.7335648547903,-10.599960794667
"LTBP1",-18.9031671660888,-11.3529987274486,-20.3844791043953,-10.638738625891
"LUC7L",-18.9026503042725,-11.5244549425069,-9.31366270226469,-9.16355590913467
"LUC7L2",-18.7346850059138,-9.66511319283163,-9.38330116255755,-13.8405757425863
"LY6E",-17.3178575925403,-10.9641280070226,-8.66553612555588,-11.7787978805573
"LY6H",-19.3587904330676,-14.4401512300997,-20.0007197150598,-8.91790738780166
"LY86",-17.3611626450788,-11.0700991683677,-9.59564773342306,-20.4868031397045
"LYAR",-18.6409341153577,-10.0384121071945,-19.4318651175332,-10.5255458425513
"LZTS3",-7.85065013969332,-10.6862960360119,-19.9194146915503,-9.55591969279833
"MACROD2",-20.0737308613155,-12.6698626129819,-10.5562880833668,-11.3701787878496
"MAF",-19.3694721487267,-9.93214052045062,-9.19099860842315,-19.4966512012894
"MAFF",-17.3464063491882,-10.1132614407456,-16.2422794140997,-16.2251835571069
"MAGI3",-10.2552259187243,-10.2802363830654,-10.0887794081946,-20.0929917819998
"MAN2A1",-8.04788838549222,-14.5456279318522,-10.3460222990499,-21.4936985860566
"MAOB",-7.86553541519419,-10.6595671869612,-9.79418731408254,-20.3627877865166
"MAP1A",-6.97962977920621,-8.03728199478992,-7.35087801292017,-6.35104764171874
"MAP1LC3A",-7.96083789131646,-9.6583925294524,-10.2321529686583,-7.62527991111052
"MAP2",-17.9618154392383,-7.77438898275298,-7.48707459611149,-6.57657654621646
"MAP2K6",-21.1631643855885,-15.2049410540134,-22.1765039515724,-11.6015018118594
"MAP3K12",-19.2515102937426,-21.1949323767042,-19.7891796677966,-9.72160746152697
"MAP3K2",-16.4354617269647,-10.0765434108423,-20.1063710848866,-11.1247312486569
"MAP7D1",-18.0606630258841,-8.65254990210886,-18.0107986954411,-8.3859699349814
"MAP9",-18.8000966915806,-8.76582947135152,-8.55344722160208,-7.89588431194943
"MAPK1",-7.58820549363899,-10.3747551360422,-10.2899672654525,-8.76677588210822
"MAPK14",-9.89948567216222,-15.4622202799264,-16.9100290113921,-16.0340970727983
"MAPK4",-8.42021262439328,-9.4436400887609,-11.1633012670262,-9.18405496632441
"MAPKAPK5-AS1",-20.9372944185966,-22.9887552104155,-12.1956350794466,-10.905455449234
"MARCHF3",-19.6973610153657,-12.5905946508732,-22.5584489700662,-13.473850143049
"MARCKS",-8.72232524776039,-7.40874098553618,-8.48867401907217,-9.10248792256819
"MAST4",-19.5203477543178,-10.4545167785243,-11.987657268181,-20.8457505072141
"MAX",-8.06158848770836,-9.98578638933751,-9.24993972456115,-21.2228873714379
"MBD2",-17.112778740634,-10.7365406609018,-9.91769319185051,-10.4897160642069
"MBD5",-16.8930041557405,-10.4813564064483,-9.38123232211067,-18.4958574039027
"MBTPS1",-14.9646275684868,-15.6084809230202,-10.3844923472108,-15.7942492824082
"MCAM",-9.39650037779257,-10.7491958362586,-9.47135055910305,-21.7107352248933
"MCF2L",-19.2903984043198,-9.77479955392455,-8.91611828442637,-18.8861216589518
"MCU",-18.9428551554633,-10.3347153953373,-18.5559770571252,-10.9897628253227
"ME1",-19.5043690062483,-10.4646625765121,-21.3679766853723,-9.12148057483159
"MED13",-18.5188268055747,-9.4453081219218,-9.49557461901295,-18.7861922336745
"MEF2C",-16.1716848076915,-16.2482619896151,-8.83289111292434,-9.62474589197546
"MEGF10",-19.7453978568328,-11.5220539944893,-10.7712424555483,-10.9639106369511
"MEGF6",-15.8575958414914,-15.8552813945396,-10.3839784962638,-15.8502785229224
"MEGF9",-10.5632488485899,-10.9340862339695,-9.06139221733901,-8.53072536374521
"MEPCE",-16.507890563981,-10.0581280936671,-19.4889966280795,-9.74847262142402
"METTL16",-8.54653142662595,-10.8880521095522,-20.2914462094808,-19.7308963871521
"METTL23",-18.7022318459605,-10.0797533418268,-20.3501512379858,-20.6364533714522
"MFAP3L",-18.0156464541849,-10.4643136160125,-8.91011403388148,-10.4077167207581
"MFGE8",-8.64981709747017,-17.7861288346141,-20.3256551388508,-9.82757071760642
"MFHAS1",-20.7819789403065,-12.3073530690974,-21.9253715657367,-11.0408658662601
"MFSD1",-18.2186046820204,-11.3529992190793,-20.1050146443458,-10.1525160632013
"MGA",-18.3980952773434,-9.92052373767693,-8.93564897922994,-19.4819140079932
"MGAT1",-19.1032325214244,-10.3032408260549,-20.3901191580435,-18.9772484891886
"MGAT4A",-9.22405487628203,-10.9558269216404,-20.1024854404473,-18.9287418274786
"MGAT4C",-9.76728699488814,-18.0774095369103,-20.3925401568657,-10.4748362324424
"MGP",-8.2092304463144,-10.3759311021603,-20.2850943470455,-20.709715365434
"MGST1",-18.5553160463057,-8.0380023801604,-8.31218427442783,-9.8013548158131
"MIB2",-8.49221301841921,-16.5133807417533,-16.9152408176669,-15.5627287138281
"MICU1",-8.57664953613651,-20.168535145104,-11.4383877729335,-10.008511763124
"MICU3",-11.4270690812694,-22.2196470080329,-12.1202607320537,-10.0096919880272
"MID1IP1",-7.22194580347479,-7.71921040639238,-8.76106483444183,-19.5195428147559
"MINDY1",-9.12035742225633,-10.3344981337566,-19.0468855495005,-20.8115161786033
"MIR9-1HG",-7.05993598521412,-6.87796795930929,-7.39999502046608,-7.2469038123969
"MIR9-2HG",-17.7107463763678,-9.37392222561181,-9.7254426782972,-19.5759706084898
"MITF",-18.022595942497,-10.0798045441872,-20.2764918261049,-20.6835424390619
"MLC1",-8.81906183683461,-8.6891015329926,-8.95372551231706,-19.8535923159494
"MLF1",-19.1460857136248,-10.8365802835781,-10.785004581606,-19.8059475633188
"MLH3",-10.1568726703293,-10.1701475170347,-20.2793033703809,-10.1214808451147
"MLLT11",-11.9022822685586,-9.58507102701216,-19.7168691518166,-7.50838678273882
"MLLT3",-19.5789586115568,-20.9425309202194,-9.47832828995318,-9.82870613087849
"MMD",-19.6300797168576,-21.1690330564885,-20.1238127600692,-9.49825534858605
"MMGT1",-9.54962635853357,-11.2008248078908,-20.3788179969295,-10.0133624657634
"MMP16",-8.94122119144645,-12.0837809662978,-10.6030282276966,-20.2159032007653
"MOB1B",-10.5375381501179,-10.4412195049806,-20.3828029677916,-19.6413420805906
"MOB2",-8.19368601069419,-10.720525867131,-20.0706676094564,-19.5375997941571
"MOB3C",-8.61029258996156,-19.8907901873314,-10.9808858370913,-11.1861600882897
"MOSPD2",-8.48812218555773,-21.2579252881683,-20.1956189556665,-21.0786605160894
"MPP1",-16.903966861178,-15.8537649287663,-10.4355920087932,-9.30550625858401
"MPRIP",-8.86840013866187,-9.30570011169451,-8.86406270902628,-8.91022794181201
"MRAP2",-19.39444133404,-21.3172222461442,-10.8269034347929,-9.42589830194423
"MRC2",-9.70991014555709,-20.8886948458578,-9.31980874754744,-20.9148624317322
"MRFAP1L1",-17.3613978561719,-9.1460235487658,-9.9036287233081,-9.55649352317586
"MRNIP",-15.8785429460945,-15.8808031483112,-9.25956625179031,-15.8765629466794
"MS4A6A",-20.2579152188375,-11.9554154092093,-22.2157559319886,-22.7395522731496
"MSI2",-10.0640092096298,-8.61627307343365,-7.9361608177763,-8.86985756086606
"MSL1",-10.0169345601036,-20.5363708175509,-8.63196039414502,-9.23142861844803
"MT-ATP8",-4.9346215256737,-5.48607725611919,-5.59773874368929,-6.77667098355773
"MT-ND4L",-5.26243038156277,-5.55274423264518,-5.53210057356646,-6.67748408135374
"MT-ND6",-6.74776793909981,-7.13772970569644,-7.15093488748252,-19.594335178334
"MT1E",-17.2178279206932,-6.39198474853598,-7.51284659822014,-9.35161282746447
"MT1M",-17.9094834025694,-6.99802293501152,-7.12957829507966,-17.79446752451
"MT1X",-18.1671462600424,-7.40189352538136,-7.46699625275311,-8.51333991427999
"MT2A",-6.10224381238912,-5.80303579691386,-5.90118250517421,-7.6349863368787
"MTA2",-9.46587260183965,-11.1949089354896,-10.5151468518207,-18.1490472151405
"MTARC1",-8.60631231036097,-16.3164657553124,-9.99524563097496,-16.3233115117103
"MTCL3",-9.2493670013087,-10.6405071011263,-10.277504441005,-9.94507225133158
"MTFP1",-18.328597953668,-10.5911269803752,-20.3911273954883,-19.9091266979659
"MTMR3",-20.3359347293116,-10.8873344790779,-21.6701950988316,-22.2155773581451
"MTMR6",-9.68567658401007,-10.8682953874501,-11.6625118617105,-9.3845319595709
"MTRFR",-18.9523163748023,-10.0797660354988,-20.1444253623733,-20.0831909348837
"MTRNR2L1",-7.49686046712432,-8.18995657280481,-8.68876065049535,-8.92034884484832
"MTSS1",-8.40847559686522,-10.3768805624246,-10.3999326450769,-20.0585902986272
"MTURN",-6.37126889552146,-7.29039798188873,-7.15720182586762,-17.7307096239826
"MX1",-20.4307100679314,-12.2175064343784,-22.2785776766152,-12.6818846928699
"MXI1",-18.2245410139697,-8.88326288787555,-9.15607305266846,-12.34458593576
"MYBL1",-19.9300779116267,-10.9322962203411,-20.3861489746732,-11.2516315500236
"MYH11",-18.0752861091348,-10.709134551801,-8.96606239358367,-12.2497006103687
"MYL9",-8.59509524747107,-9.93026434228114,-8.32763319466167,-20.6243427752561
"MYLK",-19.2576582131966,-9.04468088873279,-8.85363388388101,-20.7646191358588
"MYO6",-8.7291757022533,-10.2993048846685,-10.1741901659553,-21.5674893873404
"MYOM1",-8.98336910903867,-11.8130848938973,-10.9145608699416,-10.667256539809
"MYRF",-8.86931842346062,-10.2557608142551,-8.730893139595,-19.1261636677378
"MYRIP",-20.7858912197447,-22.6118437680962,-21.7234978010084,-10.1049936094617
"MYT1L",-10.3953800684142,-20.9031537627718,-10.0818271172089,-9.1782389063592
"MZT2A",-8.79275233766203,-10.3440015802486,-9.45551893854947,-9.07728247934071
"MZT2B",-8.57769278282206,-8.91493424927111,-9.8068661624773,-7.80594459606535
"NABP1",-19.8813057219231,-20.1375110718946,-20.4317825426358,-10.0098728035056
"NAIP",-19.1395124520141,-10.0799290628915,-20.2939759481553,-18.6456269121649
"NAMPT",-19.4752511593439,-10.97285251417,-18.2719277327864,-10.4390748614989
"NANOS3",-17.3435450753497,-10.6706540510944,-9.81580730974865,-10.6942350755806
"NAP1L2",-19.9740598022933,-21.7644016097056,-10.6388315528905,-8.46010505733214
"NAP1L3",-8.49259141228669,-19.2267598752241,-11.9384174672301,-8.17226137002893
"NBEAL2",-20.8930195077802,-12.8166018342107,-22.0462333899561,-19.9663769530842
"NBN",-9.60600564346711,-10.6441211606519,-11.992375881711,-10.6044293497586
"NCALD",-17.9377492334289,-20.6975994982026,-9.08611132181718,-10.2165752807961
"NCAM1",-17.8762176401944,-8.04216168519055,-8.79704253250244,-7.49686892733644
"NCAN",-18.0197767870695,-10.8595696572536,-9.76147906128955,-9.74772694109254
"NCK2",-14.8420124150657,-10.9932659066302,-10.7876633468869,-21.9660112427144
"NCKAP1",-17.5643859748188,-8.76623358427161,-9.39672084256114,-7.61486030098431
"NCS1",-18.1186143697586,-9.11631132457167,-9.52941231761461,-9.82124240005407
"NDFIP2",-18.0812614331756,-9.71172529042447,-10.6942592447203,-10.381611359728
"NDP",-18.7537603962564,-10.3032985357891,-19.4345396190299,-20.3103941628361
"NDUFB6",-8.19654984145187,-9.48836503998273,-20.4817843938627,-9.66379997567286
"NEBL",-9.78371600714105,-8.29232590652665,-9.02701403683705,-18.5465031919409
"NECAP1",-17.6918267207052,-10.5035229072961,-17.7311952719766,-8.12465159635438
"NECAP2",-16.2553359977978,-12.0189674286121,-20.7930999470393,-11.4681908169086
"NECTIN2",-18.8488699678199,-11.6097736617134,-9.30943805143599,-10.3814765090293
"NEDD9",-19.0584352106891,-10.5560470292892,-9.5767812648257,-11.4470799332906
"NEK4",-18.3305842825501,-10.0111271183208,-10.802364004239,-16.1614449209813
"NELL2",-19.2880214345456,-20.4740544649729,-20.4251424635234,-8.80478728472066
"NEO1",-9.57121116212848,-9.24949217774677,-19.1524349440722,-10.3281987160448
"NES",-8.48808540692183,-21.2489453020416,-19.4712054930848,-20.4433688223565
"NETO2",-18.5949373438044,-10.2003256743849,-20.0087951289583,-10.1641776773407
"NEXN",-10.463137947492,-11.3233969703961,-20.3843468253971,-19.8095576358358
"NFE2L2",-14.4508219207095,-8.34863410209492,-8.65164241981065,-8.94615858001739
"NFIA",-7.64999008826097,-7.95744757481044,-7.71176707943139,-18.8161312472104
"NFIB",-9.39679788740887,-8.72351216172241,-8.09437472778936,-20.4252001995319
"NFIL3",-9.73365087586799,-10.3413855696792,-20.0048685071307,-20.6424653951131
"NFKBIA",-8.66667398695509,-8.72096060693158,-10.0104219992158,-11.3143183742339
"NHSL1",-8.12242228052253,-16.0374890910819,-11.8531312691712,-16.9184039748347
"NHSL2",-19.6247699635977,-21.3924662653975,-9.81585823738135,-10.8602430570758
"NID1",-15.8830383706007,-15.8690455271193,-9.26760398224701,-15.8628242359645
"NINL",-17.734447431974,-10.3404679508711,-20.179066375421,-10.970673394087
"NIPAL3",-15.2465348513766,-10.5568122776813,-9.25642688879372,-8.34012770398152
"NKAIN3",-8.63025766899266,-10.1504138566246,-9.82969926858251,-21.5984988309448
"NKAP",-9.03032132575436,-21.1214850511592,-9.10556060501271,-10.1980332471979
"NKD1",-9.82435997184153,-10.6083518220993,-19.4212286691982,-20.5576572865962
"NLGN1",-19.3757830179973,-20.1491561675254,-20.2637402007147,-9.49825772576588
"NLRP1",-17.6234924609638,-10.4088748733145,-9.13229996013578,-19.0611810814583
"NME3",-9.37854429828024,-9.51322629532424,-18.7949070914901,-9.22620298207501
"NMRK1",-19.5804610535416,-11.6939501181268,-10.356193670833,-20.8205500642294
"NMT2",-20.1191331231325,-9.76764552803115,-9.74627287625029,-10.0319217331838
"NNAT",-19.4295986763654,-10.7957254077541,-10.6289450224777,-11.3394110236804
"NOL3",-19.0206963881096,-20.3651860004886,-9.94990088460925,-9.23578212279802
"NOP53",-10.6197640844733,-9.67774794346716,-10.4207338945025,-10.4240292388128
"NORAD",-7.16673098081219,-8.39959908903406,-7.63904424326241,-7.01769316653159
"NOSIP",-9.48365085192013,-9.95020106632407,-9.83751426663845,-10.9638644165283
"NOTCH1",-7.7949628022463,-16.9175479426167,-16.5145507148507,-16.9293329701406
"NOTCH2",-18.620829780991,-20.2212799066533,-8.76893026093379,-9.47612324664968
"NPB",-19.6293616754574,-11.6296477820295,-10.4242282042696,-20.4652926427408
"NPL",-8.50489374194772,-10.5680877406011,-19.8007954080752,-19.8088521652382
"NPNT",-19.5743392888423,-12.2078843273322,-20.1984595134194,-8.19487902818646
"NPTN",-19.8868515372735,-11.4053765000764,-20.3556841992194,-7.95440528886501
"NR1D2",-9.71869919710659,-10.6510704070052,-21.6419262722755,-21.9427425825403
"NR4A1",-10.3724456009423,-16.3595619510794,-10.0050296592512,-9.9630636077358
"NR4A2",-17.7077174908713,-9.82317416870716,-10.5301085772825,-9.06555409133593
"NR4A3",-10.9550350902792,-9.79279259435006,-18.2271922608515,-18.1358179762843
"NRAS",-20.4879422013913,-22.3111810231655,-9.72356777886436,-9.70755811583405
"NRG1",-10.1183222126941,-20.978015694979,-10.3426361691289,-10.3190478829854
"NRN1",-18.6167289896987,-11.3041345561892,-19.326708319945,-10.1799954923125
"NRXN1",-19.0387364537089,-10.9001206945895,-18.2995190560622,-7.5818719729336
"NRXN2",-8.82965271402728,-10.1281603851171,-18.9265690443303,-9.42093720699721
"NRXN3",-18.1048991115309,-10.2661960116268,-18.7462390782698,-7.42176236702342
"NSD1",-14.3713403385066,-9.49236691477895,-18.9823345144799,-19.4357663692971
"NSMCE3",-19.0578623700104,-20.3540057665359,-20.4263580269138,-9.02791219984579
"NSUN6",-19.1953997454982,-10.9983838532743,-10.3546125284381,-20.1172030092597
"NT5E",-7.79642119835992,-15.8744524381274,-15.9049335347868,-15.9283034597283
"NTRK2",-7.3145645293147,-6.69766110232386,-6.42951569009186,-9.84962314968879
"NTSR1",-19.6928777055423,-20.4153741193321,-20.1394946153463,-9.02805036413646
"NUAK1",-19.1211495148912,-11.6773224396826,-8.86163023778818,-9.84583842764066
"NUCB2",-18.2504697651892,-9.22978853574717,-8.74301848536777,-9.2675601584934
"NUDCD3",-18.5161658505745,-10.5741017728745,-19.8675251417137,-8.54606749875688
"NUFIP2",-11.8635018523638,-9.49052265147039,-9.28997860714632,-9.60642849379987
"NUP50",-19.1121155448211,-10.0798025327394,-19.7990654253504,-20.1739893996062
"NUP58",-19.5079678417304,-12.4007849111993,-20.1329695573883,-9.85257828389607
"NXPH1",-9.94972146175782,-19.3360192474071,-19.8638147182936,-11.0407148760303
"OCIAD2",-19.9286742618659,-21.2313450861687,-20.4301167240121,-9.72146451262009
"ODC1",-19.0455797322423,-20.4521973412393,-10.9197643652573,-8.97523708919806
"ODF2L",-9.70964551468294,-10.0116121084867,-10.5023441578338,-9.82405464159178
"OFD1",-11.0779832159167,-10.4785799430127,-10.1384234785939,-21.3251768993128
"OGFRL1",-15.760172737017,-7.92846981412834,-8.64292125528705,-20.4887493289327
"OGT",-8.31490428882208,-20.31341484302,-20.0023935639405,-9.44991436792604
"OLFM1",-8.37224756156862,-8.64471613432386,-10.9968198439597,-8.29913257147681
"OLFM3",-21.388597190608,-22.2603169566773,-11.5231338603555,-11.021434367994
"OLIG1",-8.23665243327473,-8.92548437784978,-9.18318668473556,-9.54319190525393
"OLR1",-19.4784526522793,-21.066746367726,-10.9551781257728,-10.2122113863411
"OMD",-9.25480564023509,-21.1710098294455,-10.2252893505127,-21.0602669193799
"OPCML",-15.8528966149002,-15.8095522208581,-9.68575707636939,-15.6719045349875
"OPTN",-18.6564389762194,-8.87523906303398,-7.94829922230694,-7.22135344238686
"OSBP2",-19.1359981044394,-10.0797348584501,-19.3457555661343,-19.6128618556568
"OSBPL11",-8.10876979066617,-12.5264082462406,-13.0393816162887,-21.4082688259411
"OSBPL1A",-17.8513848819866,-9.2111308340582,-9.8683320404294,-11.5159020950264
"OSBPL9",-18.0177266148022,-9.93656647678195,-15.2359418707512,-9.27831842533567
"OSER1",-17.9625246532779,-11.2352168670076,-9.95097169440462,-9.74021139822782
"OSER1-DT",-9.14721240736297,-20.3016609989882,-9.7603995139903,-10.9989185559174
"OSGIN2",-15.3702896680823,-9.96215906612075,-20.3819425985237,-10.7901186273263
"OSTF1",-9.15504013640159,-19.9669410529592,-20.1312486972143,-9.7347965163347
"OTUD1",-19.9378867469044,-11.6923782486034,-20.355533291241,-20.5040054848176
"OTUD6B-AS1",-19.4611785296368,-9.68374884912815,-10.3496969284503,-9.74047366532981
"OXCT1",-8.9314365880772,-19.9755648568375,-20.0517305991749,-9.24586043957169
"OXNAD1",-10.4440215985993,-10.5270247972538,-20.3818390943405,-12.5520600451155
"OXR1",-8.30418362031621,-19.4198779715101,-9.23362746657387,-9.59729934569485
"P4HA2",-9.72117253974885,-20.7316992021076,-10.5409384536017,-20.9470477881149
"PACSIN1",-9.84616948317251,-21.1432254579204,-9.73188820648304,-9.19926437379625
"PADI2",-17.5520065205342,-8.53439213483325,-9.4892842657244,-12.7121147478257
"PAG1",-8.9206092289187,-20.8654658382629,-17.5117668898655,-10.7695196935508
"PAK3",-15.9113225616894,-9.16342488595404,-9.7303762846229,-8.74206354032095
"PALM2AKAP2",-9.51524873713023,-11.4059859458232,-9.16818417518857,-9.2638076044126
"PAM",-20.059581498625,-10.6035592508893,-20.821478223,-8.97596963847879
"PAMR1",-13.0304717176503,-11.2003030781444,-9.47455571269484,-21.4488075853629
"PARD3",-7.87685272059898,-10.531300585376,-19.9165548574825,-11.8339313488094
"PARM1",-19.4417456491279,-20.4777854982549,-11.2491911012394,-10.6458612849313
"PARP14",-15.8571328908894,-15.8615548426369,-9.68026249086272,-15.8588606452901
"PARP8",-18.7611450006447,-10.9845046719441,-20.2866069239358,-11.1331834212997
"PATJ",-18.6828435465702,-20.9826212272991,-9.95058661892318,-10.1926404423286
"PAX5",-19.334381263476,-19.5819890248339,-9.75485797687792,-9.95279070133244
"PBX1",-8.24827427473602,-9.99319594084637,-9.70311155971538,-7.50527232490194
"PBXIP1",-7.9557567830293,-8.33682501373726,-8.78344784154105,-20.0709118478464
"PCDH1",-19.3944723040842,-10.6336209389971,-12.4491102045997,-20.3387637089297
"PCDH10",-18.3695149266588,-9.289099635818,-8.54453151152438,-7.86086094160384
"PCDH9",-6.81915338763097,-8.07987840871205,-7.67509409053555,-12.1864171910129
"PCGF5",-20.0426205391839,-10.7726837652101,-10.3365235924474,-9.42863949342445
"PCMTD2",-19.398149747203,-9.74309629331659,-20.1363270958827,-17.8110906284818
"PCP4L1",-11.9159784405973,-10.6354800313899,-18.8583228313651,-19.9741932879013
"PCSK1N",-13.3902691706813,-8.43428016291752,-8.013294765419,-7.82379371429236
"PCSK5",-9.03590703396504,-12.0667146905761,-20.3814320036468,-20.027198124298
"PCSK6",-8.22957762682918,-11.0891604369441,-20.048073741352,-19.7752324124825
"PCYT1B",-9.95345959702514,-20.5474666068386,-19.4125112776145,-9.98462655934683
"PDE4A",-19.5732562596513,-10.5114325807807,-20.3853816157777,-11.3932028137375
"PDE4B",-9.01526974926924,-20.4043560561743,-9.24158474186942,-8.95593532308815
"PDE4D",-13.2910560481411,-20.1305123602496,-21.2486224571432,-10.2112677682008
"PDE8B",-18.0478698723411,-11.201564624378,-8.67512514984555,-20.3015864105431
"PDGFA",-18.187897213653,-9.68736752561722,-10.8669562923625,-20.6051275938454
"PDGFB",-21.2735623899329,-23.1908774368679,-11.5567265052821,-11.1778860243634
"PDGFRB",-18.5997925142443,-10.188853242636,-9.94081525156512,-18.3107640361709
"PDK4",-7.53048474779856,-9.34977069920822,-9.18831685760425,-20.9781430911623
"PDLIM7",-11.5932887900941,-11.2681576941258,-9.97889366001816,-11.2867817362989
"PDS5B",-8.69272338514156,-10.234160137939,-9.28715158921779,-10.4256430504409
"PDZD4",-17.5421301745824,-9.68519271224037,-18.7470286623584,-11.6449192066001
"PDZRN4",-9.3573138139504,-11.6895180475671,-16.4930633941419,-10.8308325534137
"PEAR1",-9.07245862592028,-20.3541095923895,-9.41028015467369,-10.9308489227935
"PECAM1",-10.2313067485753,-12.7596055319266,-10.4021608833469,-10.8218562900169
"PECR",-12.339013775742,-13.4505622745877,-20.5763475174946,-21.4412798153569
"PELI1",-15.8478356971497,-15.4798244879341,-10.3854621454303,-15.847257706798
"PER1",-13.8572024328872,-10.205537443628,-20.9023796272131,-11.0895087057228
"PFN2",-8.47501794404596,-10.0097257467566,-9.47958715806198,-7.84089277500775
"PGAP1",-18.2568121056338,-20.7562122995342,-20.4301028228156,-9.72156042326618
"PGRMC1",-8.52247277354272,-10.6272980583509,-9.06364389079246,-7.65392050145196
"PHACTR2",-9.98435352834844,-13.3028373829051,-9.67369247298925,-10.233656790996
"PHC3",-11.2643647405485,-10.1308706452525,-20.029696977411,-20.4829405535931
"PHF1",-9.80769121306959,-19.107377032011,-19.9937232032562,-9.5189134006926
"PHF14",-9.38136401064979,-9.04502877537178,-8.87506761158972,-9.514790441177
"PHF20L1",-8.64131490167278,-12.2566764994386,-19.7167722208271,-19.8327988448065
"PHKG1",-14.6988047604682,-12.9438041409046,-21.0306700426354,-22.3636880109122
"PHLPP1",-8.84177936264431,-9.20428013139343,-9.56520047184329,-20.0764407819222
"PI16",-17.3461845549418,-13.1272001928589,-11.110915166291,-22.4142817864834
"PI4K2A",-18.7725535490444,-21.2189390993956,-18.8234213145241,-8.90996150886665
"PIANP",-19.2647938424749,-20.8167186350464,-20.1288037069717,-9.31587214248818
"PID1",-19.6027298248369,-20.7934389491903,-20.0188392931838,-8.39932440925548
"PIK3CD",-18.7603605297586,-10.5914469054461,-18.9797678788709,-20.5359236981869
"PIM1",-19.6487573280235,-21.3396383638314,-20.4319301076843,-10.00959470613
"PIM2",-20.6215187194424,-11.479459564632,-13.4144058728538,-20.6790592245816
"PIP4P2",-18.7874798897554,-9.38979071056305,-10.4300769336484,-10.8393018947698
"PIP5K1B",-19.9076288194715,-21.044885003729,-20.1980610274013,-9.72168721545406
"PITPNA-AS1",-20.929176925297,-22.5536782396023,-21.6937056621617,-11.8932835143065
"PKIA",-16.5054457356689,-9.04932792487548,-19.8073964657732,-19.3726045257411
"PKIB",-19.0779386473309,-9.98937887668026,-13.6641125135062,-8.66516870440311
"PKIG",-8.92967525598531,-10.6762772480264,-20.4043473903668,-17.2497312263402
"PKN2",-8.77606052533094,-21.0313955174887,-20.194482063076,-20.5828942439791
"PLA2G12A",-8.43920028586129,-19.6342953096366,-10.4099240406704,-10.5193159049556
"PLAAT3",-7.64722138461783,-8.70051797377352,-8.10301021473173,-9.44372764635615
"PLAUR",-19.0376015701459,-10.5914993627342,-19.7334199017806,-19.2707090159107
"PLCB1",-18.3535286604169,-9.65042830480333,-10.9697158084618,-8.93456625899313
"PLCB4",-19.9920969194831,-21.0439897837977,-10.6078995475881,-8.45286336943857
"PLCG1",-19.2090969624617,-21.17968696553,-20.1448056297272,-9.31563215317079
"PLCG2",-10.1347496089448,-8.68019093730841,-9.4611328655423,-9.2444515084519
"PLCL1",-7.78189123833619,-10.8495358230727,-10.8880849527152,-20.5160022943937
"PLCL2",-19.3588443967587,-20.6406748059124,-20.3617040333233,-9.72169018522036
"PLCXD3",-11.0886399348472,-19.5180285970265,-20.3652952497438,-9.20492600948141
"PLD6",-17.3156072918281,-17.3189833649156,-10.7384844475936,-17.3137579735886
"PLEKHB1",-6.21049317681509,-7.29865917444105,-6.9053134053165,-9.99979096957281
"PLEKHG3",-18.681144774849,-10.4839956295984,-9.79206241440462,-11.2090871365674
"PLOD2",-9.26346901540271,-10.1022798737529,-10.0446544168571,-9.51620653981005
"PLXNA4",-12.379665033022,-10.3666950827567,-19.8652764183224,-9.68036367968113
"PLXND1",-19.2220705895604,-10.7246466507133,-9.49156801990144,-18.568972720871
"PNMA1",-17.6810997298435,-9.24086528528653,-19.4272459893151,-7.75873861746882
"PNPT1",-19.3779239760753,-10.7541450122469,-9.82378678516445,-9.78575501188768
"POC1B",-19.6020550762539,-10.9331743258743,-10.4990249609401,-18.8492287042186
"POLI",-20.4416047297823,-22.4357430130429,-10.9899884187119,-10.6704952559905
"POLR2A",-9.35724835228045,-9.50064731997725,-9.76570546916178,-9.82593917389552
"POU6F1",-18.1247546569941,-11.1943499481379,-12.055271194553,-9.28662752081646
"PPA1",-7.89393518982931,-8.44430416271679,-9.65771371646732,-7.52901249284355
"PPFIA2",-10.2595471017239,-20.2516635092871,-9.68737619636347,-8.19627264618524
"PPFIBP1",-9.69023765741559,-10.5010607883216,-8.64801482141651,-18.2819642636354
"PPIF",-18.9469596536152,-9.10552459028997,-9.68042175865719,-11.044867911519
"PPIL4",-13.4715479989302,-9.97562012843856,-10.4679295242105,-10.4968202168542
"PPM1A",-19.927909054373,-9.37242963565625,-18.8183473612577,-8.88120719876676
"PPM1E",-9.12484133830469,-20.7765203570487,-20.1757747354193,-8.81608558063416
"PPM1H",-9.63076256293404,-21.0362149127612,-17.4237419211202,-10.106287181008
"PPM1K",-8.06128842666954,-9.07935616012525,-9.66868161534444,-9.40342662578918
"PPP1R12B",-9.10074787994121,-19.01348191707,-20.4244559722543,-10.0671088358607
"PPP1R12C",-9.39437585275955,-10.0641182035865,-11.3506751640814,-9.0364216374303
"PPP1R14A",-7.86250335799729,-9.14917246083629,-8.81875985829256,-9.66880114366401
"PPP1R14B",-8.01337450006135,-20.2533642059433,-10.1661820691969,-9.63341413305539
"PPP1R15A",-19.5822523163847,-8.71339512062505,-9.56308165165493,-10.8721955161476
"PPP1R15B",-8.59221869352188,-10.903978013869,-11.6464935643746,-10.0323935367142
"PPP1R16B",-8.96071496504363,-9.98262354594518,-19.7024120511742,-18.9941308840217
"PPP1R3C",-18.7298252044293,-8.53726479308223,-19.931023821828,-10.6115967854102
"PPP1R9A",-7.57261175314633,-20.6383909062407,-9.57942924792007,-8.82005518510124
"PPP2R2A",-9.02608468918655,-19.9666836524517,-10.1411074822572,-9.24717298224099
"PPP2R2B",-18.7668948302688,-9.39976724947184,-8.65650227606585,-9.06948240372329
"PPP3R1",-17.7464194201651,-14.8292935791196,-10.0688696907121,-9.39919620834548
"PPP4R2",-10.7178871532942,-11.2285517403922,-21.4801167347934,-11.886350339876
"PPP6R2",-8.20766295021249,-18.8207965751443,-9.81134492925582,-10.42283890759
"PPP6R3",-20.0252746166539,-10.7211804849417,-11.7323057415427,-11.277221706247
"PRELP",-8.5206564775156,-10.7780675258414,-9.09276061589251,-13.345624702425
"PREPL",-18.5474553968479,-9.01459458778696,-9.84697099060534,-7.08341778106424
"PRICKLE2",-10.1585065128419,-10.7123641332331,-20.0238556464798,-9.58290638472511
"PRKACB",-16.2590875116576,-8.75107919941881,-8.39671101004128,-7.88603425376627
"PRKAR1B",-19.7696885512067,-10.3490456605387,-10.0885695361919,-8.39553768320534
"PRKAR2B",-17.8164679750434,-15.8520719200584,-11.2850253599266,-8.49663516377236
"PRKCA",-7.22686997508266,-10.1104492947574,-9.7592587685876,-12.5545569324913
"PRKCB",-8.39475899841145,-11.9929943602635,-19.239875756895,-8.92375825590933
"PRKD3",-11.4644165753623,-22.1833813375493,-21.2608013713292,-10.7757411513218
"PRKDC",-19.0454237827391,-9.53295594981934,-9.27368806949544,-9.41867604735873
"PRKG1",-19.2381013619668,-11.0205277081639,-10.3121027079722,-19.2210003456083
"PRKN",-20.6780111960485,-12.1243270628255,-21.8151259337306,-10.742325308183
"PRKX",-10.6767988745434,-11.8618575155128,-9.96867879738545,-22.4247349249373
"PRNP",-6.87412980975874,-8.65034797993429,-7.63088160354147,-7.93580619898172
"PROS1",-21.3643301466661,-13.6635057349323,-12.1960845815951,-11.635531848784
"PRPF6",-10.1246488391941,-19.8373713940435,-8.99605894727845,-10.8277607368021
"PRPS1",-20.3856615456032,-22.096037620587,-11.0891502729008,-8.22873236204824
"PRSS23",-17.855621665799,-10.1927596419284,-18.3598448183404,-10.679524018278
"PRTFDC1",-10.7842467228738,-12.1943354062869,-14.9833990910428,-21.7671166047826
"PSAP",-6.63196852805515,-7.27916687683348,-7.03410634261278,-6.52140291061231
"PSD2",-15.4740956115116,-8.52531572530559,-8.88439824865749,-19.5398564230784
"PSIP1",-10.0370272475712,-8.49470106000019,-8.8993835322739,-8.74819755894717
"PTBP2",-18.6523235934912,-10.2072146544899,-9.29384330082572,-9.36517905667688
"PTGDS",-5.88501125659776,-5.65852146669214,-6.11012077040272,-7.79302371883396
"PTMS",-7.94103195621954,-8.93815564605091,-8.0860370847494,-10.0879791709094
"PTN",-8.43202043713989,-8.0983061619606,-8.21138766395435,-17.8808243517574
"PTPN4",-9.55077612860935,-10.6490928915115,-10.3947942764938,-11.2987644724995
"PTPRF",-9.88867920390458,-13.2844192402179,-20.3158448849149,-8.26392019115885
"PTPRG",-18.1986275381239,-10.8925644506828,-19.779322654038,-9.77737656639767
"PTPRJ",-19.6873516886129,-12.2778925213422,-20.2469825432903,-9.6161556293183
"PTPRN",-19.2389575302495,-20.5488752091601,-19.9244319486185,-7.84887558435035
"PTPRN2",-17.5090533623589,-16.956078430302,-17.6692196241363,-8.35842870300083
"PTPRO",-18.8496242850572,-21.1799934342509,-9.93439197210691,-9.24012416167645
"PUM1",-9.45125973604327,-10.2006779280818,-9.79190652659709,-9.04646377138899
"PYGL",-21.1723949916075,-22.1672024901118,-11.4021957245685,-10.7851652162
"QPCT",-19.3757745459282,-20.714890809297,-19.5512000812079,-9.49823939379426
"QSOX1",-14.5772783759367,-15.9838566827338,-17.6949801424871,-8.8064644707047
"QTMAN",-8.7925176741724,-14.7245311312061,-18.7144623562542,-19.2919488467214
"R3HDM2",-20.2690887989528,-12.1985337126524,-20.5835204623664,-9.44860346673341
"R3HDM4",-17.610701729671,-10.9973076510747,-10.3573140936259,-20.021401913887
"RAB27A",-10.4701968909609,-21.1638139188371,-9.98736566698587,-20.9482704394962
"RAB30",-18.2665489006844,-10.468586850629,-19.5234986724249,-8.84419421590803
"RAB3C",-18.939466199085,-10.757428849872,-11.6033201556647,-7.19049549579975
"RAB3D",-18.3935378691272,-10.822056095441,-20.3085859680462,-11.5895526630344
"RAB3IP",-18.6197849588567,-11.0287379840144,-11.0617050335644,-10.2042588558462
"RAB6B",-18.5770592042193,-9.44982656073621,-8.57572436075802,-7.02622566068364
"RALGPS2",-19.5022831872959,-10.0796922767207,-20.4358093757511,-20.4367992734718
"RALYL",-17.8126160576174,-9.85446432541277,-10.6869256692469,-9.31153639311025
"RAMP1",-8.60829911929918,-8.35709748773353,-9.03094496012727,-9.78920758818135
"RANBP3L",-20.0575379702968,-10.0503378289286,-10.994173449789,-10.3140553796794
"RAP2C",-17.8004807054525,-9.95992244461983,-19.5417509983291,-12.1181426163298
"RAPGEF2",-8.72090578696724,-20.681964667451,-20.1833607990736,-9.76419799364279
"RAPGEF4",-11.2184139170621,-10.3706192824695,-20.4294363907397,-20.9054289191106
"RAPGEF6",-9.30982667517004,-19.0687425594825,-9.75555967283852,-10.2255579470274
"RARRES2",-8.90969036746988,-9.68540619213215,-20.1074114136366,-20.3515899425679
"RASD1",-7.96698730152216,-19.3464862003547,-9.95415899851067,-10.0868739165535
"RASGEF1B",-9.15519420752749,-22.0074346486009,-20.1745555199886,-10.8101428513082
"RASSF2",-8.30669666890472,-9.16811823071492,-10.0589738353341,-11.9391025980605
"RASSF3",-15.8779676382587,-15.8805600803851,-9.2598024512793,-15.8753342396153
"RB1CC1",-7.75787587449545,-9.13527059807339,-9.36028180960784,-7.96261866180528
"RBL2",-18.9425500866056,-9.78079945287877,-19.5191689247337,-9.92507221696002
"RBM12",-19.450491625628,-11.630766555965,-10.1559710978658,-10.1082728039561
"RBM43",-19.9806182123584,-11.6925768773546,-20.4445002371401,-21.0664702018245
"RBM5",-10.4904234046801,-9.93566778471908,-21.3883286768815,-21.7282013896123
"RBMS2",-18.9092784488425,-10.7064348514088,-10.0742974970083,-20.1501269543556
"RBMS3",-7.80900847133353,-9.87702056888749,-19.2029956062417,-19.6772461937961
"RBPMS",-16.8742726032196,-11.1158378151797,-8.52778628374965,-20.61644061973
"RBPMS2",-9.87660728502271,-20.9189256361052,-20.3921327212342,-20.9221957111308
"RC3H1",-17.8596068661605,-10.5895470916284,-9.30916675896493,-9.68466080049081
"RCAN2",-19.3093847068682,-9.37153311243381,-8.04448155897619,-6.79158390424098
"RCBTB2",-19.424220927809,-10.5911482828027,-10.357588452734,-19.8221088743494
"REEP1",-19.3451956576562,-21.0982136572619,-9.56864850407915,-7.81465623193518
"RELL1",-8.83577755173479,-20.5713006682628,-10.3162403933103,-14.4819323497055
"RERG",-19.3144407484392,-20.9267774636073,-20.3750274928617,-9.31575917191881
"RETREG1",-7.57158990323652,-16.9362727255759,-16.9302466607468,-16.4461165646874
"RFLNB",-17.6293286900524,-11.3766703956747,-9.86799968778034,-20.6080091162545
"RFTN1",-9.05679902845813,-11.5835147061861,-18.2765057879404,-10.6235249593896
"RFX2",-19.4726762056623,-10.664024328878,-9.91517182632227,-11.528986399825
"RFX3",-17.9509817789995,-9.94178222620643,-11.7018359034982,-19.5220475824816
"RFX4",-18.0154726823473,-10.0780261884406,-8.76716082170653,-13.4679006142168
"RGCC",-8.58544817056188,-8.6948564827957,-7.93248609910264,-13.7594677260304
"RGMB",-11.3428241920833,-20.5041848055638,-12.05780477678,-9.58460735654033
"RGN",-10.3215126099412,-11.1946025285394,-9.81545609732125,-19.9587443105471
"RGS16",-19.8338232626316,-10.1916768334957,-20.2730658971416,-9.49950461471377
"RGS2",-18.4769025025243,-9.40284708780782,-8.91787484835626,-9.03253328108178
"RGS6",-9.30242626520206,-20.5534790009526,-18.8890479310709,-8.88483031431959
"RGS9",-19.4467957816997,-10.0798441726362,-19.8075974860358,-19.9585946326326
"RHBDD2",-8.15382422360373,-20.6508164031693,-19.0913962658029,-7.90752081979181
"RHOB",-7.60293156733552,-7.65002002042112,-9.89627558395282,-8.6165199300906
"RHOBTB1",-17.8351029067369,-10.9976488080395,-20.0839713110436,-20.9465903222196
"RHOBTB3",-8.60408957067733,-8.50762556679903,-8.19527522472042,-9.4954287379741
"RHOC",-19.1134941047411,-8.69279373664138,-9.3340687636202,-12.2487901441927
"RHOU",-8.102931522062,-10.5062668928052,-18.6352326760674,-9.75531206778824
"RIC3",-8.74814641630598,-10.0939500627499,-15.062003447943,-10.4233892968767
"RIF1",-8.31098032449813,-9.89345298162309,-8.30439759887426,-8.86298350121828
"RIMBP2",-8.39923214139569,-19.9376704223129,-18.2427493581522,-9.81817079709318
"RIMKLB",-17.9577403198798,-10.3185483415182,-8.95432589695847,-20.4605706501892
"RIMS1",-17.6197878142255,-9.62351064841095,-8.80215238642411,-8.19506167126406
"RIMS2",-9.61926745347827,-18.8180606590461,-9.25116442044905,-8.64803738908555
"RIN2",-16.1512043543136,-10.3263974089237,-18.9902838915725,-11.0210438502661
"RIT1",-18.4633077282741,-10.1373497575296,-10.1098219740349,-19.8153417006457
"RLF",-17.930749612585,-9.8972833434921,-20.3896726340631,-19.7244844496589
"RNASEH2C",-8.79575604986991,-9.96429468208988,-10.1713276211894,-16.5368890528656
"RNASET2",-7.92153166098233,-11.2114215077505,-10.827625354239,-9.79263802948857
"RNF103",-19.6902772594048,-10.8735853162051,-9.16510047199962,-10.7377859110508
"RNF115",-18.5764474853753,-9.71387074674588,-9.98929475472164,-9.42923074034763
"RNF139",-15.6270312314946,-10.8070811899639,-19.2616982805118,-10.6508887815907
"RNF144A",-8.52897437714615,-19.0406195261681,-20.0414744173402,-10.9596643794998
"RNF144B",-19.788992764613,-21.4114245932386,-20.3048062379075,-10.0095447205013
"RNF146",-9.12984022106802,-9.58373235470726,-9.86821764333235,-10.3826528660358
"RNF157",-19.2124960657722,-10.659607315078,-9.26581221470927,-9.45416675215033
"RNF4",-16.4650351319254,-11.4538971770406,-17.3086933537569,-16.6411733469761
"RNMT",-19.3141509537829,-11.0756870061761,-10.7745289682733,-9.95105073547315
"ROBO2",-19.9488473230071,-21.5540673863071,-11.7521992588115,-8.10271996384841
"RORA",-20.9415492386514,-13.0777125877881,-10.157183144363,-11.1777589159541
"RORB",-17.1562215805685,-10.9914967166173,-9.55436481103058,-10.5430778707124
"RPA1",-8.60436906488074,-10.5616249972829,-11.3981397760919,-19.9048094998748
"RPH3A",-19.1560887455318,-10.4891378025672,-19.8482667903351,-9.3698958713142
"RPL10",-6.75674986424984,-7.59667732792055,-8.21731930081639,-8.38942837172918
"RPL13A",-18.0884253398397,-6.89163944514512,-6.97267367442186,-8.79789312459608
"RPL14",-7.58297020225823,-7.1285619377609,-8.54053670408115,-8.85485494956995
"RPL18A",-6.58398527478007,-7.81380860015299,-7.61421179976371,-9.56395477485403
"RPL19",-6.87795662710581,-7.02677085505662,-7.77454002510511,-7.99919592576444
"RPL26",-7.11145508681069,-7.03658960778933,-7.38460218607724,-18.5256889461477
"RPL3",-8.0924188040653,-7.09453544415725,-7.71148826881975,-7.91916318527538
"RPL7A",-6.84029936443549,-7.81635285084892,-7.56295470979326,-8.10968323307042
"RPS18",-7.72615747534493,-7.17011135306732,-7.17909618453907,-9.89445738541907
"RPS19",-6.96835731028071,-7.5257321448695,-6.92524355868606,-8.13122550260164
"RPS2",-7.14499281879294,-7.76068127774187,-7.70786187376323,-7.9788615514127
"RPS26",-6.75241647641771,-6.68829364943014,-7.13012424421353,-9.56180189655994
"RPS27A",-6.6058730028437,-6.56421353922707,-6.98489078635193,-7.15747695969183
"RPS28",-6.4362145999326,-6.26229594213908,-6.36872697939903,-7.86715644944387
"RPS3A",-7.35345061677845,-7.17757560131799,-7.25511649004472,-8.57577417126493
"RPS4X",-7.51726649382428,-7.78132464251388,-7.77528359515851,-9.03608927762921
"RPS6KA3",-18.5690513126574,-10.1488994698642,-20.0180651781847,-10.2594179309405
"RPS6KA5",-7.56067190089178,-11.6662971374444,-19.3429120426405,-10.4791115053052
"RPSA",-16.7790826816963,-7.97125622565254,-7.95815308345655,-8.34860937533248
"RRAD",-8.41136247285561,-21.6003170655939,-10.5782585322611,-10.8860358618063
"RRAGD",-19.1925635087444,-10.524173739356,-8.78879464905028,-19.4330957668907
"RRP12",-19.3458881586771,-21.4455887992399,-19.2686955799816,-9.49821420344528
"RSPO2",-20.2704331334508,-22.0576249000692,-20.6552979066051,-8.88828518049839
"RSU1",-17.2694959232858,-15.6510959189051,-9.88400174370177,-10.2417574063327
"RTL6",-8.48818109879908,-21.0505188301693,-20.3036003582877,-20.5617693027729
"RUFY1",-18.9464911942243,-10.0797257791529,-20.3262044333159,-19.429504400871
"RUSC2",-9.20391371961024,-10.2510690519114,-19.3317738827304,-11.2892190035903
"RYBP",-10.6048778625005,-12.1053284223459,-9.59820914357946,-21.8611996232932
"RYR2",-18.8062714067842,-20.5948526442403,-20.123069173581,-9.72167565205287
"RYR3",-7.56766430669904,-11.7898091471804,-8.95505221805433,-20.1877750199614
"S100A10",-10.5280048231668,-9.64663745221208,-8.46249146159849,-10.5579965103036
"S100A11",-11.2125302355088,-11.5420932977277,-21.8493982783615,-20.9425909251754
"S100A4",-9.72414207341441,-10.8251621938703,-9.52224560561336,-12.9295926008548
"S100A9",-10.8721747923657,-12.8435439434597,-21.6712168236222,-21.8865609608756
"S100B",-5.76745108573319,-6.59566638093932,-6.74299614043926,-19.7964342866219
"S1PR1",-9.76702357233688,-9.43797723785398,-9.55092538067442,-10.0010361207518
"S1PR3",-18.9087587796528,-20.6192451478441,-18.8181036368875,-9.49825809877445
"S1PR5",-9.63084698789754,-21.3566520599918,-9.81279532806711,-20.2421434660541
"SACM1L",-9.40947461923135,-10.4670606537,-19.5128840432517,-9.4945127770322
"SAMD12",-8.18559985985234,-18.9084803943406,-19.4257247747446,-10.6448229556067
"SAP30",-8.99907126548594,-16.9681540652087,-9.88934848033494,-17.9158298542795
"SASH1",-6.83162066034911,-9.64717842148555,-8.22255293329922,-9.51144766810352
"SAT1",-7.7321089260058,-8.9582669436425,-9.63328510746325,-8.82848396468722
"SATB1",-8.89833855882053,-9.91797082707015,-11.1748343081766,-8.27157496602945
"SBDS",-17.2035723537823,-8.44806076371412,-9.18875342261661,-8.7792153908819
"SCAPER",-14.8793839160965,-9.44593468462671,-9.61372203144119,-9.45118748174277
"SCARB1",-19.6636787761135,-11.0489898104791,-20.3798831966268,-10.3652394639658
"SCARB2",-7.31496016831806,-10.1541528061432,-9.82502271837102,-10.620202191607
"SCG2",-18.8089895805306,-9.37457974763992,-18.9691823206746,-6.43623433299184
"SCN1A",-20.7749342603257,-12.0197241277775,-21.5677954615313,-22.524909578641
"SCN1B",-8.25399665518199,-16.7040984163812,-10.4188286249869,-16.6672587853464
"SCN2A",-20.231067168411,-20.8781762821135,-10.237385023213,-8.46177035862904
"SCN3A",-9.19473052855624,-13.4394344578184,-20.2346672535245,-8.22135709247544
"SCN9A",-18.9863246712825,-20.5676114160082,-20.2933564432226,-10.4157060546157
"SCPEP1",-11.273093350285,-10.5224539919965,-20.1048564531858,-9.84289212806588
"SCRT1",-19.4947504202941,-11.1775632343781,-9.49005814056281,-10.2518862584094
"SDC1",-20.6546984876202,-22.0481736335076,-21.431864421378,-9.06375164796132
"SDC2",-18.0019285685819,-8.97450449491873,-9.03234726968772,-8.60886249253398
"SDC4",-7.62801548870954,-8.19551941984305,-8.87756090476307,-8.98839905883915
"SDCBP",-8.90891395519074,-8.62632685459816,-19.8041441782099,-9.11171344088033
"SEC14L2",-16.5162101695449,-9.343858929371,-9.08355914425793,-16.5072260560756
"SEC22B",-10.7792938679066,-9.50383627540201,-9.98674829313434,-10.8750923781038
"SEC24B",-21.067356681417,-11.6334933677158,-22.1462172601673,-21.6576419160489
"SECISBP2",-19.6123459662688,-12.2944430986247,-9.36575798952089,-9.7829273165413
"SECISBP2L",-8.73070504468101,-9.57605884302782,-8.29995463697531,-18.7655847859403
"SELENOI",-8.5383675626178,-20.6643275706589,-19.1702507813792,-9.45909963485419
"SELENON",-8.7964152798741,-10.4329054059881,-10.9531662292976,-19.8617940530492
"SELENOS",-7.96771876840678,-9.77624396102138,-8.8509680413011,-20.5998063693225
"SEMA3C",-19.6197141393944,-21.4009299710186,-9.46582253445801,-11.6854938638985
"SEMA3E",-9.83821653483527,-19.6335312721685,-11.8984993689027,-9.05961155216933
"SEMA4D",-19.6182227372837,-10.4890190492953,-9.98171256200356,-21.6427468445059
"SEMA6B",-15.8634376729486,-15.8673320048764,-9.67407338538707,-15.8629651778096
"SEPTIN1",-18.9048985831684,-11.0330898631845,-19.7966490188947,-10.3794070632522
"SEPTIN10",-18.8684073739147,-20.5007311256704,-20.431706727651,-10.0095584118756
"SEPTIN6",-16.1140769965836,-15.5256912123683,-10.3894568441218,-10.4101220987391
"SERINC5",-9.87381690093545,-19.9268396168501,-9.33569724071225,-10.9064306356636
"SERP2",-19.4209812884461,-21.014170902806,-20.1405361930108,-9.16147286544028
"SERPINA1",-9.76321191620857,-20.3689133150608,-10.4846433745222,-21.1522773494744
"SERPINB6",-14.9067550271395,-10.8666451671149,-9.33058911953297,-11.0641384809314
"SERPINE1",-8.26779769682194,-15.9588262793876,-16.7639231477922,-16.5941875467325
"SERPING1",-19.6420847707448,-10.2251716065052,-19.9079129220405,-10.5903818877421
"SERPINH1",-8.26284590200073,-7.88487823366903,-7.24998159682315,-20.1852917231888
"SERPINI2",-19.7614838604597,-11.6414327268729,-9.68951435317429,-21.0868114691461
"SESN1",-8.77577491486261,-21.3033708889415,-19.3034222945541,-11.1083976564392
"SESN3",-7.50838209665005,-9.94022191014516,-9.0164337736613,-9.18954259269908
"SESTD1",-9.58137307424049,-20.3530704850115,-11.4427289176008,-9.45437675380234
"SEZ6L",-20.083499639313,-9.72019301293024,-19.7361264129805,-8.51823790638848
"SF3A1",-8.56055065457858,-11.4719930456119,-19.2555991448466,-9.15540682807937
"SFI1",-10.2848837173882,-21.5563628783771,-10.068366288772,-20.0307870472408
"SFXN1",-9.47869434140092,-20.6897041166235,-10.3627039689741,-9.53729676442372
"SGCD",-19.9880464793282,-19.8764810434624,-20.441697784908,-11.1123998469027
"SGCE",-18.4599360399493,-20.9349999943316,-14.9640778939298,-9.31746145901334
"SGK1",-7.63811247851796,-9.4063259274784,-9.73681966545927,-20.1931436026819
"SGMS1",-20.2248380208853,-21.8086208013032,-11.2267438914721,-11.4156063054688
"SGSM1",-21.447994651362,-23.3380310046036,-21.0202359956369,-10.9203374537997
"SH2B3",-8.59118804238978,-16.0704316640296,-10.0341594584236,-16.8857405752557
"SH3BGRL2",-19.3692281361536,-20.5491723826931,-9.76358665827258,-8.52726542227763
"SH3BP5",-18.0230104431481,-17.5221245415169,-10.2132170021052,-9.67651495786396
"SH3KBP1",-8.55429181520723,-10.5416370437411,-10.5572519512387,-9.66297629430574
"SH3YL1",-8.7479343584554,-10.0234178815593,-10.8078226086522,-10.8297802727487
"SHISA6",-8.66248909920873,-11.2174427413873,-10.7464171021263,-9.25636277115381
"SHISA9",-18.3436389326558,-10.858596581012,-18.8841744681237,-10.1129486564735
"SHTN1",-8.94667887401772,-8.25053428814636,-8.21224645257876,-8.72371791777276
"SIAE",-19.7731256012882,-12.4042163690523,-9.82682057043698,-10.2369898275954
"SIAH2",-18.3253828484422,-9.99248422837415,-9.92187320400232,-20.2393431076052
"SIRPA",-9.58854469924338,-9.07969278610753,-9.61832796263645,-20.1631041731583
"SIVA1",-19.0309619291458,-9.68348738290817,-10.9159251590912,-20.3887007416558
"SKAP2",-8.89475031650357,-11.2266333761288,-10.3859939649171,-10.5320282211203
"SKIL",-18.3422488005444,-9.4905883679914,-9.25973530441891,-19.6505791693139
"SLC11A1",-9.80696092351427,-21.4504026917777,-10.4310783004919,-21.043609413416
"SLC12A6",-8.30303997346959,-21.0748537338349,-18.7843898868681,-10.935286869659
"SLC14A1",-7.70349074211477,-7.71301546454914,-7.77944648850722,-10.4839792505466
"SLC15A3",-8.77620358299099,-20.5088859770757,-20.3690468927959,-20.8930075840119
"SLC15A4",-18.4346166013715,-10.5623678947371,-10.4483202129291,-20.0308182023169
"SLC16A1",-19.4490718270077,-21.299901589442,-20.2248730823272,-9.72154015060477
"SLC16A1-AS1",-18.9935133016644,-19.5709575783315,-9.32636068607855,-10.9280999086515
"SLC18A2",-19.1586028023646,-10.451981507367,-9.55912327416607,-7.06420602691172
"SLC1A2",-13.139613942185,-7.36534121377887,-7.93906491418771,-8.65336774146109
"SLC20A1",-9.64912589828529,-14.0503474381239,-11.7800315887594,-9.34276718834112
"SLC22A17",-17.8456160890884,-8.9188513688748,-17.8948936421973,-7.60803257078904
"SLC24A2",-19.9037015543301,-10.540372600034,-9.27836276295059,-10.8316197782826
"SLC24A4",-8.88999706530776,-19.8753360226762,-9.32515308254544,-10.689621246831
"SLC25A37",-9.2243655333812,-10.0626605602589,-19.6789961575483,-19.7559804109517
"SLC29A1",-19.981406377194,-20.9045033501856,-10.3583189403015,-11.1104104026327
"SLC2A13",-20.1034546130595,-21.7052691278769,-10.7619835765715,-8.2080903531973
"SLC2A3",-18.9038735183185,-9.5773022902813,-9.80350240218177,-9.36775499519472
"SLC2A4RG",-11.0689068623689,-10.69785066981,-19.4378066446503,-19.94651556507
"SLC31A2",-9.0256556460137,-10.7098088419697,-18.1888971145677,-19.6572203063457
"SLC35F1",-20.3357063600206,-21.1714406553769,-21.7444911698991,-9.75606096559446
"SLC36A4",-18.7403410769792,-9.62902393152748,-18.6260262780851,-9.46655928347187
"SLC38A1",-18.3175488884171,-9.47927403879942,-9.38850765002073,-7.96042921092393
"SLC39A10",-17.7301806013777,-11.0285409127677,-18.6450092722579,-9.48546605487621
"SLC39A12",-10.2472957774348,-9.46255864409291,-10.0502425348237,-20.796446244702
"SLC39A8",-19.7511267243951,-20.6115106938059,-20.434979162812,-10.415743188838
"SLC3A2",-8.98749354638645,-8.73363433051268,-9.02765631361955,-20.1893831387938
"SLC40A1",-9.68737531811023,-20.0574771864914,-10.4301139314728,-10.5850092069768
"SLC43A2",-19.3179928974807,-10.5915237545788,-20.0603819244338,-20.0406489244583
"SLC44A1",-7.66023184143825,-8.95675436998304,-8.19094698071863,-12.6502535611564
"SLC45A4",-15.8621795361107,-15.8616792791952,-15.860802909164,-15.8570346399304
"SLC4A4",-13.6190801180759,-8.8162736174278,-8.69278013580788,-20.3900340599317
"SLC4A7",-10.2506266613719,-20.99113447184,-8.87826790746005,-10.4506322885232
"SLC6A11",-8.9240745810554,-9.34276882892045,-9.12343692728135,-9.88557552147107
"SLC71A1",-11.5007532820175,-10.2564568939384,-9.81961327305186,-10.4635872283537
"SLC7A11",-9.45423459558436,-9.81117476409983,-9.69274800107434,-20.218373894209
"SLC7A5",-19.055042181988,-11.1389142794172,-11.7810185884505,-9.25863653478782
"SLC8A1",-16.0459618777802,-10.503103725442,-10.5014219330899,-7.60269125858091
"SLC8A3",-19.4356769671488,-21.5429898502282,-20.397887052195,-11.109830133954
"SLCO2B1",-19.1425560696032,-10.3499181698289,-9.5755272366452,-20.6785253968892
"SLF1",-8.61505837543288,-20.3113339559246,-20.1726642958687,-10.2004415371387
"SLITRK4",-9.81192929575962,-21.8911738927998,-9.66877853295766,-9.69774933163226
"SLK",-17.3561728190021,-10.3297571845977,-10.2705430569976,-11.1472960623451
"SMAD3",-17.0891610128224,-10.8928926614067,-9.78009259384488,-20.3973416544876
"SMAD4",-18.7492710721295,-10.3031624544872,-20.436811737404,-20.6659682521735
"SMAD7",-10.2452673718749,-9.98109328026997,-10.5894907830784,-18.6872782285308
"SMAD9",-9.19074166558088,-10.5845573486685,-19.9737153089494,-20.1553363872521
"SMAP2",-9.23427107052702,-9.34212299862946,-19.9737925781113,-9.56806901467584
"SMARCA5",-7.1477260586756,-8.96184938781123,-20.5903197076371,-11.0232810587377
"SMARCC2",-18.2792825818269,-8.51993994791917,-8.37983562393634,-10.4035672183818
"SMARCD3",-18.1859861908482,-10.1536630865703,-10.5431474321538,-9.3973005386912
"SMARCE1",-9.38774912470037,-9.04624200202404,-9.68563301841091,-12.1093184244598
"SMG6",-18.6533636582626,-13.8295445614363,-18.8680935685144,-10.5499456920004
"SMIM1",-15.8691182767988,-15.867410905566,-9.67428198272916,-15.8636038435368
"SMIM13",-8.71536956997155,-11.8840560251019,-10.3116974589609,-9.25654550735699
"SMOC2",-18.6293642024635,-12.3668614949018,-11.5512158032935,-11.9513262778015
"SMOX",-8.56402267532359,-11.5254847790735,-9.2924325890674,-19.6375186753372
"SMS",-19.077320664182,-9.70458911619258,-10.4073394556027,-9.31214671116461
"SMURF1",-18.5095724407821,-19.8960742903438,-20.2771856498383,-10.0097897068448
"SNCB",-19.0033371710436,-19.9421929548674,-9.58029706005404,-7.50042568446364
"SND1",-9.10512953901564,-10.2512000579261,-9.18669006997498,-20.2598610302769
"SNHG12",-11.3387694186618,-11.9397776341603,-20.7984392150132,-20.1207382871978
"SNHG9",-8.01824971708868,-10.4062162030823,-17.8166524684825,-20.0433174646625
"SNPH",-18.7246537195083,-10.3748483403534,-18.5800007349262,-8.68432880203679
"SNRPA",-19.2469130179477,-13.0854270930453,-20.3805522083176,-9.19740008660736
"SNRPN",-8.18002416836198,-7.93847870173868,-8.11216205583782,-7.62009661533478
"SNTB1",-8.27085090403579,-15.1061833761084,-16.9663216943164,-16.9786189101223
"SNX9",-20.9899934543758,-13.017918964862,-20.8721506720838,-11.3756678132737
"SOAT1",-16.8436132723453,-10.4580470311221,-20.2528593976211,-10.1619599515564
"SOCS3",-10.4813232664922,-20.0314018187331,-8.91191572467636,-12.6459772240076
"SOD2",-10.5445654997203,-8.57615317085135,-9.77453593916107,-7.8017034289249
"SORBS1",-7.55411210855154,-9.35369122922556,-11.0294376881394,-19.4805872300873
"SORL1",-17.7234403008707,-8.90315201393855,-8.82864277890577,-8.611687264114
"SOS2",-10.0513705291137,-17.9517382328112,-10.7375638914947,-18.2955864142034
"SOWAHA",-19.0428166126512,-10.947954483735,-9.82265664231859,-12.7516398676595
"SOWAHC",-8.77608328560942,-20.9694059286546,-20.4306282983719,-20.6395409363271
"SOX1",-19.511345262605,-11.4898715289059,-20.3883351153225,-11.3606605901441
"SOX5",-9.53671590457374,-10.5729242262664,-10.9652870199804,-21.009991706451
"SP100",-18.1810236855085,-10.682952895162,-15.7793216172508,-12.4615345520376
"SPARC",-5.31694566795835,-5.43303160375653,-5.53284371739217,-8.89709286008632
"SPARCL1",-6.07109149626946,-5.65892037062518,-5.74329536496894,-8.49218632186805
"SPATA13",-16.9071016351517,-15.8626892792943,-16.9337185047181,-9.50106764228346
"SPEN",-8.42377830113034,-9.13667856823618,-10.4574498605541,-17.7674803275851
"SPIRE1",-7.25672902274815,-16.6697484778262,-8.68686162825793,-16.9381021228279
"SPNS2",-17.0038050469744,-15.2245785997083,-10.6259087109876,-10.3167351023019
"SPOCK1",-18.8051994938555,-9.65614623734114,-8.90291515446095,-21.5430293696369
"SPOCK2",-9.81818001920229,-9.73226080188777,-8.62528082522135,-8.00156506185492
"SPOCK3",-9.24474505560817,-10.358458238833,-10.1986405645841,-8.44708504039879
"SPOPL",-20.7963042552514,-12.1198704649728,-11.2025953645348,-10.7316364682637
"SPSB1",-19.8797878234655,-20.7897015361704,-9.69237928437635,-11.0544232776092
"SPSB3",-9.99517746209272,-19.0164577766253,-20.4258216269927,-10.3606759799173
"SPTB",-19.862318311796,-21.1952071993618,-19.9673570579665,-9.72145337432611
"SPTBN1",-6.73088190794027,-7.8606249257445,-7.45564015814624,-7.75808072703722
"SPTLC2",-9.12105931723238,-12.217031704737,-19.6528479955793,-10.7228392814963
"SPX",-16.8423247422497,-10.4787518987643,-10.3572356364681,-9.81384477869858
"SRA1",-19.1617052152168,-11.6035471200883,-9.900236395414,-10.241790166762
"SREK1",-7.95933219947166,-13.8385272550499,-11.2762112025681,-8.48910658790784
"SRGAP2",-20.4625454721657,-22.50330969756,-9.50451841277433,-10.4972874574682
"SRGN",-7.97954014429669,-10.0887856694692,-9.48133755334303,-19.7183846795903
"SRP54",-18.9736636322204,-10.0797487912133,-20.0011229705021,-19.9740400353797
"SRPK2",-9.80063484268075,-8.87603431169735,-8.63333654709632,-7.45065839698287
"SRPRA",-18.9873739147833,-21.7422598721751,-21.4732733649387,-9.53760171482659
"SRSF6",-10.2885362482066,-9.88316313571853,-10.1293358121611,-19.6488586744134
"SRSF8",-8.70259351662104,-10.7670562765366,-10.108479891629,-11.4292383614171
"SSPN",-18.5641480031248,-8.99854223185352,-9.248466285539,-9.92856150588474
"SSX2IP",-19.2792760697954,-10.5853351047422,-10.4155595057653,-9.71047860356801
"ST6GAL1",-16.9046988569786,-10.0975270409848,-9.22858978239092,-20.0825344283844
"ST6GALNAC3",-10.1565209164851,-11.4727733101303,-20.4295932037892,-17.5192816916102
"ST6GALNAC5",-19.7540567284703,-21.2860430507848,-20.0922689123976,-9.02795450787342
"ST8SIA1",-7.98400385954494,-10.456232138199,-9.62347018554352,-9.75242600310321
"ST8SIA6",-16.0214181410023,-15.9703274924141,-16.507986124774,-8.54364498438212
"STAM",-18.9317271091827,-11.1373985847326,-9.43279924660941,-10.5041060373357
"STARD10",-18.4796093521628,-11.0413490567162,-9.87989599513531,-8.97043549290803
"STARD13",-19.4280059030697,-19.0848893008326,-20.4292147868186,-9.72179806281879
"STK11",-19.5101910114188,-21.367688208708,-9.71984044023268,-9.97334620987647
"STK17A",-16.8893183989616,-10.0713850579709,-10.2947726905772,-9.51870317548615
"STK32A",-16.5541822753163,-10.1840934247314,-8.34168729766688,-19.8725734861389
"STMN1",-6.34635071465583,-8.16315917646114,-8.19458253911749,-7.49293968378503
"STMN3",-19.4252257631714,-9.36476948515319,-10.5277650157048,-8.09810847712516
"STOM",-7.80983028583754,-8.1987344861306,-10.0116571312416,-19.6786213101013
"STON2",-8.78337372175074,-11.6682278408588,-19.7970383233999,-19.0182579966513
"STRBP",-21.1653948812645,-12.3304697900771,-21.7701109600444,-11.5724468236891
"STRN3",-8.87242739480891,-12.7370842819976,-10.0862904836308,-9.57760357155987
"STT3B",-18.9177462232529,-11.3262068273666,-17.8965540980261,-8.6589721889893
"STX16",-18.8043216655529,-9.92572322880411,-20.6510316299373,-10.110949805065
"STX3",-18.4589096021842,-10.474014923077,-20.3816427275488,-10.6198868837341
"STXBP1",-17.9349055828778,-9.57964061020243,-8.97944052746416,-7.28215916087692
"STXBP5L",-9.63107896150117,-21.3715442379229,-10.6819391359856,-19.4297242372706
"SUCLG2",-8.23266653502924,-10.7915518796679,-8.87871490836518,-20.0145169082936
"SUCO",-8.87453363160254,-15.5189510652478,-11.697351646361,-16.8120908097991
"SULT4A1",-13.866312529137,-17.7217685991486,-10.080889172619,-7.61970260764348
"SUN1",-17.1751155708834,-11.8014402965772,-8.96385645360422,-10.3750610396155
"SUSD4",-18.2198503297398,-11.6919680919263,-10.3577842147306,-21.0307640735115
"SUZ12",-19.1574456821124,-9.43763554854545,-9.45028695922334,-10.3985399009875
"SV2B",-20.4830230958057,-21.7279954748897,-9.33727686059707,-9.09494092250141
"SVIP",-7.12060882436414,-10.1689142148014,-9.19689514743549,-8.67351172170934
"SVOP",-19.5409466702245,-20.9147318447594,-20.2639118542868,-9.49817516699483
"SWAP70",-10.7842756259668,-11.9222931127861,-10.2911221076462,-11.2001936546272
"SYNC",-20.4929501630356,-22.3591829005758,-20.3295604976757,-9.34089576167267
"SYNE1",-9.86445467114875,-9.72601728472155,-8.94374009974763,-10.1054736456931
"SYNE2",-18.6200659765607,-10.1319052233771,-8.69699723609872,-20.6081875618954
"SYNGR3",-19.4538907445081,-20.9869893916799,-10.4883081951861,-7.84090310690105
"SYNJ2",-8.15495231513509,-16.7641473542999,-10.3803695297659,-17.5393782421296
"SYNM",-9.07835028214633,-8.05507112531606,-8.03390128938489,-10.5228694850212
"SYNPO2",-8.66667577694433,-11.1859009949648,-19.1967552127817,-20.5137660142019
"SYT1",-8.03315100192651,-9.99271730311288,-17.8318251746086,-5.79365731518263
"SYT13",-19.5075047508829,-20.9861439318445,-20.0009044308834,-8.11158616028159
"SYT4",-9.88346772527993,-21.0803197754654,-11.4063762156049,-9.14489279918721
"SYTL2",-19.9358600702377,-11.6929010582989,-20.3985193407689,-19.6174787975701
"SYTL4",-8.46919522585565,-9.55927947715203,-8.82141406749383,-9.52072791557368
"TAC1",-19.405368320046,-12.0241386425406,-20.3871595489325,-10.8595131434915
"TAF13",-8.04971282970293,-10.489791914457,-8.15313207813627,-9.41375310025608
"TAF7",-17.7502908896796,-8.87753976287751,-19.4677762123626,-8.2518726908823
"TAFA5",-18.5563823393021,-9.60363745063581,-8.89573178334575,-8.74116277379018
"TAFAZZIN",-17.0348507621708,-11.4105601150847,-20.3815074349025,-9.80544018870951
"TAGLN3",-18.4194607886793,-9.01930478282472,-9.92507520929315,-7.15392206267476
"TARS3",-9.73267909422575,-9.48035079427368,-20.9918681551189,-19.9570113208462
"TBC1D4",-18.5070263884438,-11.2642798283252,-19.3466136332779,-9.86360164528908
"TBC1D9",-18.3067026186367,-9.96523589965242,-18.5807298236957,-9.42154888300694
"TBL1XR1",-9.26145425515713,-11.070704226545,-10.39674386611,-9.48833892440826
"TCEA3",-19.337402109295,-10.9974730736033,-20.4399384287845,-20.5841679157466
"TCEAL2",-8.40012883009529,-9.15693967834588,-8.53241344105153,-8.7005005279479
"TCF4",-17.5802327210367,-8.8947690264097,-9.10283339279697,-10.2696332830479
"TCF7L2",-9.32984240866256,-9.31718037680518,-19.3830327683,-10.1640564721457
"TCOF1",-17.0323889843515,-10.214184104701,-20.2655667227226,-11.5724632882789
"TCP11L2",-19.1405435478633,-11.3797316799022,-9.86514260967034,-20.4644222700446
"TDRP",-19.505277404535,-20.9967999275977,-10.0710905096975,-10.1263096495621
"TECR",-7.94054782195492,-8.11409439959274,-10.5656731806976,-13.395697531161
"TENM2",-19.0880003269058,-10.5868479440226,-20.3287481325736,-9.50021782568167
"TFDP2",-17.6782333162655,-9.61859563219291,-10.2825202469041,-9.16107460375408
"TFRC",-19.0865927799172,-11.78647579335,-10.6307602280134,-10.2618037439348
"TGFB1I1",-8.98276665271272,-15.0123246853987,-9.93467091600018,-17.5695141930758
"TGFB2",-11.1472096071728,-10.3758102641133,-19.1235755170639,-20.9915266167272
"TGFBR1",-9.67329333880826,-20.4175693188164,-20.1871994458428,-9.54375097805869
"TGFBR2",-19.2320477199464,-10.9468759725696,-10.2398101894444,-10.0871043958159
"TGFBR3",-17.3887790233832,-9.70578689003506,-10.6652636654122,-18.117165573048
"TH",-20.1166467691651,-21.2580909633027,-9.75175715231261,-7.3167067468631
"THAP2",-8.84844591371637,-21.4850991662885,-11.9235440278092,-20.7102676964062
"THEM4",-8.6943622606973,-20.2952163830843,-11.5029265480039,-11.9593966257
"THOC2",-10.7444247468263,-8.4870177675904,-8.01079409479645,-10.1549600062545
"THRA",-8.24332719279618,-9.39413782182173,-8.62082993858973,-8.88968035936064
"THRB",-8.71256630790803,-21.0164149803132,-10.5753356524775,-20.6000575384779
"THUMPD1",-8.34002709530337,-20.174618808658,-11.7890473325356,-9.01191874982919
"THUMPD3-AS1",-17.2743887397823,-9.74302608598244,-20.3847266034119,-18.7048618388823
"THY1",-18.4192077608534,-10.373204861692,-19.3302509373522,-6.72154578562339
"TIAL1",-18.0576509698191,-9.2986477138075,-8.95748409779591,-10.6905554194682
"TIAM1",-9.1956661738259,-9.78235201774444,-10.0929144306492,-19.6942906898756
"TIMP2",-17.9088065701085,-9.00891347551021,-19.0924954925925,-8.5875458501795
"TIMP3",-8.58407995135466,-8.27312237909132,-8.07208037996003,-9.14008340003591
"TIPARP",-20.0950249148456,-10.899160122503,-15.9236654550777,-13.5846549883929
"TLE1",-19.7724888187786,-21.1306698624161,-10.3884016820378,-11.079203582711
"TLR4",-19.2055753673243,-9.57993557071912,-20.0416516871181,-10.5401113542494
"TM4SF1",-19.3245194597071,-20.3617685808973,-20.4281927868557,-9.49814874144585
"TM6SF1",-9.8752732795038,-20.9685241658274,-20.4285181774414,-11.1090108445981
"TM9SF3",-8.74890908274898,-9.56655258615775,-10.3095590220697,-10.1797370299526
"TMC6",-9.74096800652838,-19.134874197389,-9.78369242362102,-9.98172655712914
"TMCC2",-18.981533293482,-10.3934622138007,-8.2581688593073,-9.94317447079736
"TMED3",-19.7378705474712,-21.4342150914973,-20.4301622086606,-9.72155276750061
"TMEM106B",-19.6471489836577,-11.4606296789228,-9.7354856821759,-9.91444598877611
"TMEM106C",-9.58198379357972,-20.5318411270185,-20.0055209496516,-9.5683586333456
"TMEM132B",-8.86649448001824,-17.7316056374183,-17.1112445642628,-8.44927822609478
"TMEM132C",-20.8423949869571,-12.1869536965346,-21.7458159761635,-11.0259297536881
"TMEM140",-9.24739998490682,-16.543647896818,-9.60468312458787,-16.9346745259244
"TMEM14A",-20.1573330395105,-11.6456688673234,-19.3662132203219,-9.06196898458913
"TMEM161B-DT",-17.1952286517532,-10.1267319099783,-8.63352259763374,-11.4075020267815
"TMEM164",-17.415461707627,-10.3043963922133,-19.0838178839175,-16.2325337596664
"TMEM168",-16.8645985483031,-10.9233350951119,-9.74339160917498,-20.4369468419282
"TMEM170A",-17.1889179460917,-10.0627106569678,-9.59582125474754,-11.3629430547395
"TMEM170B",-18.9420673147036,-11.7549349685108,-9.64723543341162,-10.399992533036
"TMEM176A",-18.3969082021321,-9.37243846287537,-9.73349521922041,-20.071061169734
"TMEM176B",-21.3247840661853,-12.1327549977956,-22.4063557134277,-22.4131636768863
"TMEM179",-19.2751155303731,-20.6928167968862,-20.3500769205169,-9.72145297708043
"TMEM204",-19.3920879804949,-10.5914191356017,-20.4194497425829,-20.9242850978601
"TMEM205",-9.57323180212307,-9.69624315018473,-9.72455747657491,-8.61697363105927
"TMEM238",-21.2887333374612,-13.1236811802717,-22.0067983732053,-11.8302206073027
"TMEM25",-9.92088171445742,-10.7547455069892,-9.47145971094569,-9.98304139557987
"TMEM263",-9.54522240536095,-11.1547165922332,-20.8896011486246,-10.6245439546422
"TMEM273",-15.8671611770919,-15.8667538358649,-9.67478739997742,-15.8623638645527
"TMEM63A",-9.74452019869864,-22.6460123211297,-10.2770898293185,-11.6051628809933
"TMEM91",-18.8988157476472,-19.8337189146073,-20.251655638309,-9.72162171334362
"TMOD2",-9.8489284705319,-9.18813544071699,-9.08825399861061,-8.0990514609688
"TMSB10",-17.0505287723421,-7.24050589594384,-6.88509815210785,-7.14598263923299
"TMSB4X",-7.00260343683447,-6.47128513629177,-6.66121557436788,-6.80319194019794
"TMTC1",-18.6394821862329,-10.5562631642453,-8.68203034030282,-10.6616096611619
"TMTC2",-9.83303931765125,-14.3802942531371,-21.0988641631116,-21.9100166246004
"TMX4",-18.9559466940256,-8.78903719368158,-9.8484189292635,-9.19002672661456
"TNC",-8.71135674491849,-11.0333184039983,-11.2622012569298,-20.6860170471556
"TNFAIP1",-19.093696149195,-10.0079923991184,-19.974703815188,-10.1402277865998
"TNFAIP2",-9.45059839001619,-20.5347005973124,-19.8642103678537,-9.86319426752635
"TNFRSF12A",-18.4621277161482,-11.4338153637001,-9.82261510478085,-20.4157552718096
"TNFRSF14",-19.8733414590879,-11.6818460175297,-10.3682475152069,-18.7173091208146
"TNFRSF1A",-9.12458820428547,-20.6392961869035,-10.4829372545624,-20.8413992989075
"TNFRSF1B",-9.68844092331843,-10.9319135360774,-20.1163249470435,-10.599184255356
"TNFRSF21",-17.5115774531103,-10.0027058065515,-19.3074798048342,-11.6182177597339
"TNFSF13",-18.5121175866879,-10.4828100104465,-9.23051596625048,-11.660054739996
"TNIP1",-18.8214320391097,-19.5855469261204,-8.79300893633275,-9.93674255178529
"TNKS",-9.33330759516293,-11.3753145843859,-20.6719765255704,-9.49942239518348
"TNPO1",-18.8394049278538,-9.85394344956353,-20.7657244471882,-9.69718711137033
"TNRC6A",-7.86496103514027,-10.9293317218209,-8.62518327365738,-9.19547026886564
"TNRC6C",-8.35291403146941,-10.5703195366869,-8.88249136042945,-20.4444570782579
"TNS1",-7.98269961150538,-9.87727455560471,-9.45530252298234,-19.5741365186143
"TNXB",-17.2685617513769,-10.8202254857529,-9.39591498717172,-20.9916051015254
"TP53INP2",-9.06088593588188,-8.58055151359269,-8.36900526574146,-10.1793986374648
"TPCN1",-9.7713086130383,-10.0790565982462,-9.29487973157059,-19.9508181940432
"TPD52",-8.34001467938053,-11.8613105674378,-10.1690472933915,-8.3778849060024
"TPD52L1",-9.9674457936903,-9.0816012380991,-21.2272531069992,-13.2544035699794
"TPK1",-9.86222221851839,-12.0887307532927,-21.8014600681744,-19.3679589573231
"TPM1",-18.5920269278901,-8.60664711414011,-9.65058098950804,-9.80751223021765
"TPM2",-8.44505581864479,-21.995983039257,-9.86787182676859,-21.7058229674257
"TPM4",-8.72619650813486,-11.0179469888631,-13.8956055817856,-21.5470257981413
"TPPP3",-19.5777801271453,-11.752048862566,-21.10858962595,-11.3504760463809
"TPST1",-19.4601182960537,-20.6840572938753,-20.4270576884213,-9.16153221507775
"TPST2",-10.5877237616444,-22.5062634270172,-13.2102577177248,-21.5272463894594
"TRDN",-18.4464554644216,-10.3032383371132,-20.0999440781699,-20.4383155582029
"TRIB2",-17.6580748330148,-10.5632343252925,-10.0416959502884,-11.7140232710329
"TRIM22",-9.42618011251476,-12.5314988344224,-17.2903014699529,-20.9375793938338
"TRIM36",-19.5976329152523,-21.0356684701678,-20.2897149202918,-9.02789383966792
"TRIOBP",-18.5937978264779,-9.95977865517094,-10.0464784784405,-20.5428728098987
"TRIP11",-9.97014262913066,-9.38510958573263,-20.0426387920995,-9.30138392668415
"TRIQK",-9.7073681349823,-11.0925788965745,-18.7659451222549,-20.3330516310441
"TRMO",-15.8566282755567,-15.8539813522214,-10.3819344783431,-15.8504046061338
"TRMT1",-21.0396073226906,-12.7430241111162,-11.2978376213726,-12.6825216351897
"TRMT11",-20.3656072181436,-12.0598540936897,-16.3856129405975,-12.3700314857592
"TRPM3",-8.37336547101753,-8.49652318211769,-8.72885037592264,-9.69378923211245
"TRPM7",-9.76092851928782,-19.3934738034385,-17.4999247709769,-10.0509007472574
"TRPS1",-18.5235922122052,-9.57306892631476,-9.82221345957684,-20.8403555728944
"TSC22D1",-7.86336098407777,-8.06036393454124,-7.92949095871223,-8.47344836751662
"TSHZ2",-12.302842228214,-9.54734359541971,-10.3086268100475,-21.6452017483511
"TSPAN13",-15.9884403931663,-10.4065192098611,-9.17220668452477,-9.01171301151275
"TSPAN7",-17.3065872827718,-8.58285529475193,-10.5275560137723,-8.4106782304674
"TSPOAP1",-19.6935374105179,-21.2265056729878,-10.0564904593617,-9.81317013428914
"TSPYL2",-18.1298013884711,-8.88084430076461,-11.6767107895237,-9.28826858949875
"TSPYL4",-16.8857384054832,-15.2814403272541,-17.017020343546,-8.11259008757733
"TTC6",-19.3698706705769,-11.6638357159017,-10.3871901989805,-19.3766531816622
"TTC9B",-17.9633241993424,-11.3611114188232,-20.3252517148587,-9.21855952783817
"TTF1",-9.65972041688604,-22.6345820323346,-10.1079788077582,-21.7465398925009
"TTN",-17.6281902451692,-10.5130281355603,-10.6365385668702,-20.5814668088079
"TUBA4A",-19.1623457679136,-10.5398520307184,-19.2318963885546,-7.58442903585047
"TUBGCP2",-9.47147493627546,-20.0073785075089,-19.7780918821307,-9.40190144550941
"TUT4",-8.65260260079715,-21.0730944136396,-10.4137223433068,-9.97269281208989
"TUT7",-8.57826054069479,-21.2698990204898,-11.4214995633234,-20.8135107403094
"TXNIP",-18.758184740925,-9.45803251889444,-8.47463350668604,-20.8714338079129
"UBA6",-18.1770749225356,-11.4047482562993,-9.78080814479185,-10.0459869696078
"UBALD2",-8.23743786495993,-9.82265354171061,-11.2637762766405,-20.4221320192826
"UBASH3B",-9.15908073965344,-19.9927208552347,-9.22050496878941,-10.4972411109715
"UBE2F",-20.7557650443643,-10.3913719545441,-21.6428817522659,-9.83791953124062
"UBE2M",-18.6622686407582,-9.44584465477648,-20.0607966278455,-8.95712432920996
"UBE2Q2",-20.9759217094798,-11.9603107257197,-22.208899269989,-20.3579029076441
"UBQLN2",-8.05479319730174,-19.5816523636283,-8.69247381481534,-10.1680445906681
"UBR1",-15.8033877173319,-10.7077109586681,-20.2830627879821,-8.98706370160942
"UBR4",-9.74392684255016,-11.7045565197094,-19.5892898759692,-11.244179175069
"UBXN2A",-9.71063763424232,-9.53188462589846,-19.8979173922789,-12.8180615797651
"UGCG",-9.6176522562119,-12.066312471135,-9.03545456911651,-10.28542266085
"UHMK1",-20.030908840304,-20.9481320689307,-9.37653440425564,-7.91711076530967
"UHRF2",-8.64252258545228,-15.935110213073,-9.9128190990008,-16.5067088813455
"ULK1",-18.1825425669681,-12.0195926465575,-9.7404095376131,-10.2203794189776
"UNC13C",-20.4441160687769,-11.5290343781193,-10.528674400795,-8.91760615642404
"UPK3BL1",-17.0305175154675,-10.3931521261377,-10.3231661510079,-10.2696863668097
"USP11",-9.44858711426929,-15.2423520318769,-8.79711355152483,-7.94137541906941
"USP12",-8.17925039074193,-10.6392610762259,-10.0402227023677,-10.2615576571319
"USP14",-18.5375795629063,-10.0175108915884,-19.7515880728448,-8.83774126541327
"USP36",-9.00323094360625,-10.4050980526629,-20.2107609968938,-20.6976579183061
"USP4",-18.0186380888551,-11.5195407744345,-9.72310342062778,-10.032495541183
"USP53",-9.05381939147062,-9.32390487046902,-18.5544090149291,-10.0393954818767
"USP8",-17.1229263035147,-8.58500870183844,-8.85475979967868,-9.7917862409142
"UXS1",-19.4555926045367,-20.552109748628,-10.3152394716655,-10.0239695044054
"VASH1",-19.0328100696481,-11.4786883407612,-10.6281838780641,-21.0140068627724
"VAV3",-18.0294555019009,-11.8265101745459,-20.381491056998,-9.68994418019354
"VCPIP1",-16.8851885763979,-15.9781696446273,-9.05590382389016,-9.90852527674308
"VEGFA",-19.5487980929086,-10.0820609336041,-20.0962128227728,-9.07014100547901
"VGF",-18.9063472893887,-10.2464532082549,-20.3343688413119,-11.3724697742544
"VIM",-9.77826334291168,-9.51871740893966,-8.9809075232049,-20.5719293348003
"VLDLR",-10.0718999107306,-10.5750775436502,-20.3814302734531,-13.1381817952102
"VMA21",-10.7845204119994,-10.3058850954879,-9.72912887104988,-10.6096051588738
"VPS13A",-9.40717645684003,-10.4251243918911,-19.9147000589212,-9.75493350863174
"VPS37B",-11.2339692708061,-21.1129280124691,-21.9507572981401,-13.8783645686012
"VPS51",-16.9306879729935,-9.74424601621582,-15.7282956801753,-16.0886411191472
"VPS8",-19.5243994706837,-10.4005163031263,-20.6533973876457,-11.2156519453847
"VSIG4",-18.5689323646187,-10.7223635513089,-10.0436481445096,-20.8088781734707
"VSNL1",-8.97789424770449,-14.5750419514136,-20.0332677473099,-7.33381099534254
"VSTM2B",-18.4171921079674,-10.5914517077623,-20.3928507988685,-18.3301085569428
"VWC2",-19.7171073520264,-20.0631206771309,-11.2499650233093,-10.6452886840635
"WAPL",-19.1339439858581,-12.2996918390008,-9.20771918925356,-10.2741559462509
"WASF3",-8.53835687494212,-8.87637972627024,-8.32123911909564,-8.81293699356605
"WDFY3",-8.21136768906451,-10.3855869350994,-10.7869736400411,-20.5709579418825
"WDR74",-19.5650619043424,-10.3031500984159,-20.3911791956402,-19.5042569974599
"WHRN",-19.5384783311017,-10.3796168232497,-20.0251152347165,-12.3277007299923
"WIPF3",-19.0146396688211,-21.5614883333975,-18.9841482279966,-8.37729411993005
"WLS",-7.93992834413824,-8.89554161104275,-9.50713414248561,-19.6558122926695
"WNT3",-20.5708832781037,-21.906321574826,-21.3919187528228,-9.41598637424707
"WSB2",-7.93662702017908,-8.46848886115328,-8.07715867155094,-8.31646958027627
"WWC1",-8.9474545865729,-9.55138444534482,-20.016133169942,-20.3544584309156
"WWC3",-8.60566056465406,-13.0797893056163,-10.1786117975856,-20.6394375643022
"WWOX",-13.948982411442,-21.3579374746562,-9.59600101724613,-10.2622851628519
"XAF1",-8.7524291177963,-19.2758962305295,-19.346138391365,-10.0328988533956
"XBP1",-8.9294622005977,-10.4571252635657,-20.099202480599,-18.8923949323107
"XIST",-10.9431449542436,-8.85079494775106,-8.2060930282945,-19.1616165602516
"XKR4",-19.5041635800029,-21.4700560948921,-9.95424113008115,-11.7933712017154
"YAP1",-19.1691296638511,-20.5172076597101,-19.6877706628225,-9.31570590315894
"YBX3",-19.9053083062872,-9.80329293597682,-21.1309598923037,-10.5621302851298
"YES1",-8.42789904168372,-9.54739497968132,-11.75198564609,-19.6487754097118
"YLPM1",-19.7816035860231,-10.8888937604323,-9.05184198980717,-9.45979172965376
"YWHAH",-8.41295131189349,-8.89888747610832,-8.11304379588833,-6.94615849034657
"ZBED11",-18.059292407744,-9.11725129015107,-10.9887325875695,-21.0513487660316
"ZBTB10",-9.53525129178715,-11.4995895120786,-19.844308323318,-9.88744283320152
"ZBTB16",-8.77604325575254,-9.57303245908741,-9.79511990264707,-9.37158426195582
"ZBTB18",-18.047549281007,-10.8281928792635,-9.89152880001425,-10.3938725423711
"ZBTB20",-16.4382661972886,-8.37753288796129,-8.34519278348227,-20.9961952266991
"ZBTB25",-20.2813244737151,-11.9561040467989,-11.9620678293362,-20.1045201427007
"ZBTB34",-19.1931015210625,-11.7086935964,-10.3409703244029,-20.5120587913313
"ZBTB38",-15.0691773228104,-10.186267625304,-9.60695085601426,-11.5601921870154
"ZC3H12C",-11.1245602907718,-10.3605192173133,-10.422531997329,-19.7917821683269
"ZC3H6",-18.7868384424631,-9.18648994138803,-8.71538360572325,-17.9947123737894
"ZCCHC7",-19.0233982264207,-10.2424752059724,-18.1070634914383,-11.3952732712227
"ZDBF2",-19.4042022929755,-11.3569358293371,-20.2676624648005,-10.1507655772564
"ZDHHC2",-19.3517241199892,-10.2839847839641,-9.28358126762652,-20.238550477324
"ZEB1",-9.96382524609898,-8.78354395919203,-9.75737994006944,-19.1332366549199
"ZFAND2A",-11.3368066203944,-8.95231826551892,-17.5315337921111,-10.7494097117172
"ZFC3H1",-10.1362819284407,-9.52303003988833,-20.0990695825411,-11.7774708624783
"ZFHX3",-18.5762185864568,-10.1292520309343,-8.70997964881299,-8.79828898666111
"ZFP36",-8.47211047049598,-15.7159355775312,-10.440950706985,-17.8822266888788
"ZFP90",-8.46621377732153,-11.1917564705264,-10.5835636157815,-10.2020063343973
"ZFR",-8.56195299370822,-8.62511472426128,-8.30166047815634,-8.45989248270799
"ZFYVE16",-8.02983817767485,-10.5729982152781,-9.86935730436268,-18.40538739943
"ZFYVE9",-17.9692484657926,-10.976466792044,-20.3822430076628,-10.435403230051
"ZMAT3",-18.3654737300488,-9.54716834049096,-8.72387251362406,-8.59103715718849
"ZNF10",-9.87692168621638,-20.5657904241581,-20.3908476486494,-20.9411387213887
"ZNF107",-18.1828573131247,-11.5270657597851,-10.4950235278822,-11.1587245818099
"ZNF208",-19.4670632585801,-10.5912505365309,-20.3906496611923,-19.7944320597652
"ZNF281",-8.71905912608857,-14.5859786180563,-20.4886146837166,-19.420172521521
"ZNF292",-7.94168778885188,-9.78035569614756,-9.20305374963344,-15.9988936709612
"ZNF316",-19.2600838239453,-19.5665852866173,-10.4849427253393,-10.3577592065059
"ZNF331",-10.0028840742646,-22.0494855226041,-9.81725200360158,-13.0730185829802
"ZNF335",-8.78751815080675,-15.1284114440662,-17.950701760128,-16.6110773866608
"ZNF358",-18.6463369402958,-9.23040772142619,-9.55656958286274,-10.3416923081977
"ZNF365",-8.96982863018836,-21.0706973671081,-16.2955990156139,-10.6855233464892
"ZNF366",-19.0524998237139,-10.8207784298741,-10.8451765772109,-20.333481061493
"ZNF384",-15.7718503910373,-11.0575847530087,-10.4898653477512,-9.66263265874338
"ZNF385D",-9.19518416544559,-20.2624931505252,-9.65066182982498,-8.98209541979852
"ZNF395",-8.67452105268309,-13.1780064525325,-11.150865089926,-18.670637985113
"ZNF429",-10.173489272308,-11.0120951622111,-10.1040067004635,-17.9197402596504
"ZNF451",-8.46622934833024,-19.3054213307955,-19.3967186999469,-9.17340690368799
"ZNF483",-19.349449916399,-10.433054119918,-9.72438222613835,-9.84816870196596
"ZNF493",-17.7981658821613,-14.9179475227645,-9.1202408712954,-10.1836427067349
"ZNF507",-8.72552127872726,-16.6796797751749,-18.0976156489225,-15.9526226689497
"ZNF516",-19.8705079451896,-11.7730052288195,-9.62516547175074,-21.0473635746436
"ZNF529",-20.2269785337801,-11.658710676696,-10.9051773209999,-12.6998060925502
"ZNF582-DT",-10.5433989351923,-11.8656459700335,-20.3805414518593,-10.1338441101889
"ZNF618",-10.6680390876372,-12.3128276775303,-11.2419684882501,-12.7353919635441
"ZNF638",-9.78467387206941,-8.79608021248869,-9.72927908143145,-19.8714481725933
"ZNF708",-9.52916990593986,-22.8744172193028,-11.3470517404447,-22.2134188057087
"ZNF721",-10.3966284633596,-10.1950092717007,-16.6670191743082,-10.4392721896362
"ZNF766",-18.1492466565236,-10.3817931339273,-18.8806246679613,-10.843244017305
"ZNF770",-8.32056969318177,-20.9299214126931,-19.2430388416134,-9.90224319504634
"ZNF830",-8.51565904883869,-11.2328222722696,-12.6271033510996,-11.9583092638494
"ZNF91",-18.60546081572,-10.0404445049777,-16.8494617350002,-10.1537797275315
"ZRANB2",-8.61170243304618,-8.77194385767691,-18.7719072171658,-19.8534161574846
"ZSCAN16-AS1",-18.2425087160435,-8.7981394296741,-20.2328003936325,-20.0409732477303
"ZSCAN18",-20.1996649542473,-20.8266565906469,-10.2805768253664,-8.59701368452055
