combo,protein,axis,response_direction,n_genes,p_gene_decoy,p_protein_decoy,protein_selectivity,isotype_max_selectivity,above_isotype_controls,protein_percentile,signed_program_slope,confirmation_positive_fraction,confirmation_monotonic_fraction,all_seed_positive_fraction,gene_selectivity,null_gene_mean,null_gene_sd,n_confirmation_seeds,n_protein_decoys,q_gene_decoy,q_protein_decoy,genes,mapping,blood_state,brain_state,blood_observed_RNA_effect,blood_observed_RNA_q,blood_inferred_ADT_effect,blood_inferred_ADT_q,Olink_gene_level_coverage,Olink_covered_genes,n_drug_names,n_approved_drug_names,spatial_median_moran_I,spatial_positive_FDR_sections,spatial_n_sections,spatial_context_rho,spatial_context_rho_excluding_shared_genes,protein_rho,protein_mse,positive_protein_donors,n_protein_donors,dose_iqr,brain_meta_q,competitive_direction,disease_direction,ma_donor_score_effect,kamath_donor_score_effect,ma_relative_effect,kamath_relative_effect,ma_q,kamath_q,independent_effect,independent_p,independent_q,mapping_pass,protein_prediction_pass,measured_dose_pass,historical_strict_tier,technical_pass,reproducible_pass,specificity_pass,brain_pass,independent_direction_pass,unmet_nomination_criteria,confirmation_disease_projection_mean,confirmation_disease_projection_sd,confirmation_response_disease_cosine,confirmation_response_to_disease_norm_ratio,confirmation_projection_direction_fraction,predicted_restorative_protein_change,brain_observed_program_mean_PD_minus_control,confirmation_high_minus_low_program_mean,effect_size_n_PD,effect_size_n_control,program_definition,source_combo,tier_branch,q_gene_decoy_within_branch,q_protein_decoy_within_branch,brain_meta_q_within_branch,independent_q_within_branch,ma_test_status,kamath_test_status,independent_test_available,unassessed_evidence,heldout_observed_RNA_fraction_any_detected,heldout_observed_RNA_fraction_all_detected,heldout_observed_RNA_mean_log1p_CP10k,heldout_observed_ADT_mapped_RNA_rho,heldout_observed_ADT_mapped_RNA_partial_rho_isotype,heldout_observed_ADT_isotype_rho,heldout_observed_median_ADT_CLR,heldout_observed_ADT_CLR_IQR,heldout_observed_fraction_ADT_counts_positive,heldout_identity_n_donors,n_fold_A,n_fold_B,n_shared,n_union,jaccard,present_both_folds,cell_state_sensitivity_brain_state,cell_state_sensitivity_kamath_status,cell_state_sensitivity_gse157783_status,cell_state_sensitivity_both_available,cell_state_sensitivity_kamath_effect,cell_state_sensitivity_kamath_relative_effect,cell_state_sensitivity_kamath_p_up,cell_state_sensitivity_kamath_p_down,cell_state_sensitivity_gse157783_effect,cell_state_sensitivity_gse157783_relative_effect,cell_state_sensitivity_gse157783_p_up,cell_state_sensitivity_gse157783_p_down,cell_state_sensitivity_actual_directions_agree,cell_state_sensitivity_relative_directions_agree,cell_state_sensitivity_meta_p_up,cell_state_sensitivity_meta_p_down,cell_state_sensitivity_kamath_q_up,cell_state_sensitivity_kamath_q_down,cell_state_sensitivity_gse157783_q_up,cell_state_sensitivity_gse157783_q_down,cell_state_sensitivity_meta_q_up,cell_state_sensitivity_meta_q_down,cell_state_sensitivity_matched_state_support,brain_meta_p_up,brain_meta_p_down,brain_meta_q_up,brain_meta_q_down,spatial_positive_FDR_sections_within_branch,cell_state_sensitivity_kamath_q_up_within_branch,cell_state_sensitivity_kamath_q_down_within_branch,cell_state_sensitivity_gse157783_q_up_within_branch,cell_state_sensitivity_gse157783_q_down_within_branch,cell_state_sensitivity_meta_q_up_within_branch,cell_state_sensitivity_meta_q_down_within_branch,cell_state_sensitivity_matched_state_support_within_branch,unmet_A_criteria,availability_status,all_nonbrain_gates_pass,identity_mapping,identity_interpretable,surface_accessible,subcellular_location,tissue_context,uniprot_accessions,direct_clinical_drug_count,approved_not_flagged_withdrawn_count,drug_examples,approved_examples,C1,C1_note,C2,C3,matched_brain_q,C4,C5,C5_note,C6,C6_note,six_criteria_pass,criteria_pass_prefix_length,five_criteria_pass,six_criteria_approved_subset,status,unmet_six_criteria,matched_brain_disease_direction,matched_program_abundance_hypothesis,drug_response_predicted
raw::CD22__cDC__x__microglia_mhc2__down,CD22,cDC__x__microglia_mhc2,down,45,0.0001999600079984,0.380281690140845,0.1219288676315621,0.2542669268227803,False,0.6226415094339622,0.0002378311085554,0.6,0.6,0.6,1.182582519690628,0.2843487270503306,0.2487092103145997,5,212,0.00042204193984,0.6730101539469373,CD22,unique,cDC,microglia_mhc2,0.0481255416067377,0.761966589491438,-0.004623714430678,0.9270833168227528,True,CD22,19,2,0.2752217207038456,10,10,0.2381203401743964,0.2381203401743964,0.5737049941489504,0.3133793239792188,3,3,0.8496200853828979,0.4663498448572491,lower_than_matched_background,unresolved,0.4214508426368725,-0.4360686338481789,0.013902685411982,-0.3066642713130531,1.0,0.0697119763668156,-0.1967279802969929,0.4285714285714285,0.8594986408939896,True,True,True,D,True,False,True,False,False,specificity;brain_disease_support;independent_direction,0.0007769085350446,0.0114331990480422,-0.0521721355617046,0.0207999441772699,0.8,increase,-0.0717987045645713,-0.0005037532537244,3.0,2.0,raw,CD22__cDC__x__microglia_mhc2__down,D,0.0003804024610953,0.6926658130601793,0.4498045560600671,0.844574780058651,ok,ok,True,,0.1028056780097743,0.1028056780097743,0.0508687858625004,0.2311207507197037,0.2318386570480041,0.0337607562634151,0.6989190777142843,0.8341660996278127,1.0,3,21,28,4,45,0.0888888888888888,True,microglia_mhc2,ok,ok,True,-0.4360686338481789,-0.3066642713130531,0.9788042391521696,0.0213957208558288,-0.0093880511330568,-0.4374379478425488,0.997000599880024,0.0031993601279744,True,True,0.999678747967338,0.0003453873746181,1.0,0.1033058104628632,1.0,0.0266736670925096,1.0,0.0030347121600505,True,0.8459729330614694,0.1546632733685654,1.0,0.4663498448572491,10,1.0,0.1036471622503352,1.0,0.0247117885597899,1.0,0.0029003275095759,True,specificity;brain_disease_support;independent_direction;primary_genetic_enrichment,tested_below_requirements,False,unique,True,True,Cell membrane,B-lymphocytes,P20273,12,2,INOTUZUMAB OZOGAMICIN;MOXETUMOMAB PASUDOTOX;BECTUMOMAB;EPRATUZUMAB;EPRATUZUMAB 90Y;INOTUZUMAB,INOTUZUMAB OZOGAMICIN;MOXETUMOMAB PASUDOTOX,pass,Resolved assay object and directly measured ADT in matched source-cell context; RNA/ADT context retained.,pass,pass,0.0030347121600505,pass,pass,Extracellular/cell-surface route supported by UniProt; specific clinical route is recorded under C6.,pass,Direct molecular target with documented clinical development; stages and withdrawal flags kept separately.,True,6,True,True,A6_drug_supported,,down,decrease,False
raw::CD22__pDC__x__astro__up,CD22,pDC__x__astro,up,47,0.0001999600079984,0.1126760563380281,0.8753384792958512,1.1753934108579769,False,0.8915094339622641,0.0002528406275929,0.6,0.6,0.6,1.0012854192157226,-0.4702450353930256,0.2377876523157157,5,212,0.00042204193984,0.5705274942772317,CD22,unique,pDC,astro,-0.0079334685578943,0.9694663374143332,-0.0033336699008957,0.9694477562323878,True,CD22,19,2,0.1794467542967002,9,10,0.325040009281614,0.325040009281614,0.0679207588257913,0.2915778651833534,3,3,0.5567894202502464,0.6074613809260881,lower_than_matched_background,unresolved,0.4614477318245893,-0.3573073419161495,0.1135124053077004,-0.689590655045295,1.0,0.004829141698542,-0.0946447615983506,0.1363636363636363,0.8041883116883116,True,False,True,D,True,False,True,False,False,held_out_protein_prediction;confirmation_seeds;specificity;brain_disease_support;independent_direction,-0.0030392776243388,0.0078119863756,-0.051388818770647,0.0370941758155822,0.6,unresolved,-0.0624411106109619,0.0004082722880411,3.0,2.0,raw,CD22__pDC__x__astro__up,D,0.0003804024610953,0.6047747082561309,0.5928569756205854,0.7846320346320346,ok,ok,True,,0.0310838950079456,0.0310838950079456,0.0168289722253878,-0.0897823228357149,-0.0817748562920023,-0.0232210218929495,0.3896509607632955,0.5681356191635132,1.0,3,18,29,0,47,0.0,True,astro,ok,ok,True,-0.3573073419161495,-0.689590655045295,0.9996000799840032,0.0005998800239952,-0.1411909640510168,-0.1937790634812574,0.8618276344731054,0.138372325534893,True,True,0.9972559340686588,0.003339271549054,1.0,0.0088261617279121,1.0,0.5891899643074183,1.0,0.0209822668252026,True,0.7931429402104822,0.226458516849186,1.0,0.6074613809260881,9,1.0,0.007179926021964,1.0,0.5792787117461589,1.0,0.0199480157295309,True,held_out_protein_prediction;confirmation_seeds;specificity;brain_disease_support;independent_direction;primary_genetic_enrichment,tested_below_requirements,False,unique,True,True,Cell membrane,B-lymphocytes,P20273,12,2,INOTUZUMAB OZOGAMICIN;MOXETUMOMAB PASUDOTOX;BECTUMOMAB;EPRATUZUMAB;EPRATUZUMAB 90Y;INOTUZUMAB,INOTUZUMAB OZOGAMICIN;MOXETUMOMAB PASUDOTOX,pass,Resolved assay object and directly measured ADT in matched source-cell context; RNA/ADT context retained.,pass,pass,0.0209822668252026,pass,pass,Extracellular/cell-surface route supported by UniProt; specific clinical route is recorded under C6.,pass,Direct molecular target with documented clinical development; stages and withdrawal flags kept separately.,True,6,True,True,A6_drug_supported,,down,increase,False
raw::CD22__cDC__x__astro__up,CD22,cDC__x__astro,up,43,0.0055988802239552,0.2394366197183098,0.4324095661121957,1.0588275751109315,False,0.7641509433962265,7.460198821237032e-05,0.4,0.35,0.6,0.2961594315466354,-0.4643658975941714,0.2590634613859178,5,212,0.0103249140155813,0.6503525235426562,CD22,unique,cDC,astro,0.0481255416067377,0.761966589491438,-0.004623714430678,0.9270833168227528,True,CD22,19,2,0.1359200833825501,9,10,0.2941399305991128,0.2941399305991128,0.5737049941489504,0.3133793239792188,3,3,0.8496200853828979,0.0665821350162651,lower_than_matched_background,unresolved,0.359083615108112,-0.4477053425240829,-0.0251644804950745,-0.8398054539172338,0.931534725918666,0.0026679812552341,-0.1125364325646717,0.277056277056277,0.8041883116883116,True,True,True,D,True,False,True,False,False,confirmation_seeds;specificity;brain_disease_support;independent_direction,0.0020668643992394,0.0123448874801397,-0.0101066883653402,0.0325454175472259,0.6,unresolved,-0.0492597632110118,0.0001610612816875,3.0,2.0,raw,CD22__cDC__x__astro__up,D,0.0097007232935979,0.6763575553616685,0.0639459364228878,0.7846320346320346,ok,ok,True,,0.1028056780097743,0.1028056780097743,0.0508687858625004,0.2311207507197037,0.2318386570480041,0.0337607562634151,0.6989190777142843,0.8341660996278127,1.0,3,16,28,1,43,0.0232558139534883,True,astro,ok,ok,True,-0.4477053425240829,-0.8398054539172338,1.0,0.0001999600079984,-0.1968513122741578,-0.2888480484700141,0.9418116376724656,0.0583883223355328,True,True,0.9999999980827884,0.0005199840844132,1.0,0.0051875988438675,1.0,0.3029557724818668,1.0,0.0043141986603828,True,0.999999638845976,0.0119427876868859,1.0,0.0665821350162651,9,1.0,0.003966731406194,1.0,0.2954213197764487,1.0,0.0041408589488486,True,confirmation_seeds;specificity;brain_disease_support;independent_direction;primary_genetic_enrichment,tested_below_requirements,False,unique,True,True,Cell membrane,B-lymphocytes,P20273,12,2,INOTUZUMAB OZOGAMICIN;MOXETUMOMAB PASUDOTOX;BECTUMOMAB;EPRATUZUMAB;EPRATUZUMAB 90Y;INOTUZUMAB,INOTUZUMAB OZOGAMICIN;MOXETUMOMAB PASUDOTOX,pass,Resolved assay object and directly measured ADT in matched source-cell context; RNA/ADT context retained.,pass,pass,0.0043141986603828,pass,pass,Extracellular/cell-surface route supported by UniProt; specific clinical route is recorded under C6.,pass,Direct molecular target with documented clinical development; stages and withdrawal flags kept separately.,True,6,True,True,A6_drug_supported,,down,increase,False
raw::CD35__cDC__x__microglia_mhc2__up,CD35,cDC__x__microglia_mhc2,up,61,0.0001999600079984,0.3661971830985915,0.2027583874105855,0.5388929692457909,False,0.6367924528301887,0.0012210590669379,0.6,0.6,0.6,3.143035742300706,0.1688471252043336,0.2696654635951787,5,212,0.00042204193984,0.6693580216285704,CR1,unique,cDC,microglia_mhc2,0.0095521627054099,0.8783762002443659,-0.0021982294513326,0.9158544039508688,True,CR1,3,0,0.3611512044438906,10,10,0.2727518762435965,0.2727518762435965,0.1578746759447098,0.1906635120511054,3,3,0.3171642831025405,0.0045274633632202,lower_than_matched_background,unresolved,0.2665713218866695,-0.3374926746123644,-0.213529872346335,-0.1172310777694183,0.0040839946179979,0.4155822877667729,-0.1679093426231511,0.3831168831168831,0.8320161980876265,True,False,True,D,True,False,True,False,False,held_out_protein_prediction;confirmation_seeds;specificity;brain_disease_support;independent_direction,0.0040975683368742,0.0043265530839562,0.2356782406568527,0.0150258764624595,0.8,decrease,-0.0548136532306671,0.0010704435408115,3.0,2.0,raw,CD35__cDC__x__microglia_mhc2__up,D,0.0003804024610953,0.6895795827597162,0.0042866805096665,0.8131855510250962,ok,ok,True,,0.0627836784109681,0.0627836784109681,0.0272677469377716,0.1525734929247052,0.1192460709608148,-0.0651163355717342,1.981459736824036,0.459360937277476,1.0,3,25,36,0,61,0.0,True,microglia_mhc2,ok,ok,True,-0.3374926746123644,-0.1172310777694183,0.8308338332333534,0.169366126774645,-0.1455593750295319,-0.638730268296177,1.0,0.0001999600079984,True,True,0.999999999999895,0.0002601102980242,1.0,0.5957825384075724,1.0,0.0028121685724456,1.0,0.0024337369278247,True,0.9997126718131508,0.0005010683646256,1.0,0.0045274633632202,10,1.0,0.6178841434917678,1.0,0.0023539357933348,1.0,0.0022978703400413,True,held_out_protein_prediction;confirmation_seeds;specificity;brain_disease_support;independent_direction;primary_genetic_enrichment,tested_below_requirements,False,unique,True,True,Membrane,"Present on erythrocytes, a subset of T cells, mature B cells, follicular dendritic cells, monocytes and granulocytes",P17927,0,0,,,pass,Resolved assay object and directly measured ADT in matched source-cell context; RNA/ADT context retained.,pass,pass,0.0024337369278247,pass,pass,Extracellular/cell-surface route supported by UniProt; specific clinical route is recorded under C6.,not_established,"CR1-derived Mirococept supports a functional-analogue route, not direct targeting of endogenous CD35.",False,5,True,False,five_criteria_without_verified_direct_clinical_drug,C6:not_established,down,increase,False
raw::CD35__nonclassical_mono__x__astro__down,CD35,nonclassical_mono__x__astro,down,60,0.0001999600079984,0.1971830985915492,0.5156142157020998,0.5567941486057792,False,0.8066037735849056,0.0008338109635981,1.0,1.0,1.0,2.6571534036041013,0.6718348920934308,0.1925958624532021,5,212,0.00042204193984,0.6367312787616787,CR1,unique,nonclassical_mono,astro,-0.0241457343448039,0.8738499338508322,-0.0050958363122705,0.7597982213676577,True,CR1,3,0,0.4566443777445713,10,10,0.3438364587748418,0.3438364587748418,0.3192125235635991,0.1861268098155657,3,3,0.5967866187753641,5.146177213794494e-05,lower_than_matched_background,unresolved,0.2307828824110517,-0.062908871266226,-0.2828410160175833,-0.4020858742549311,0.0023078333642027,0.004829141698542,-0.1466256573479586,0.7705627705627706,0.9932372505543238,True,True,True,D,True,True,True,False,False,specificity;brain_disease_support;independent_direction,0.0038631744682788,0.0035181255079805,0.2892571985721588,0.0114419180899858,1.0,decrease,0.0081924675032496,-0.0012238806812092,3.0,2.0,raw,CD35__nonclassical_mono__x__astro__down,D,0.0003804024610953,0.6615473146986406,3.86902661855537e-05,0.9954213414421028,ok,ok,True,,0.2302478263699385,0.2302478263699385,0.1445081681013107,0.1452074902543586,0.1439777888546225,-0.2006029384781818,2.7450009981791177,0.6075178782145182,1.0,3,36,24,0,60,0.0,True,astro,ok,ok,True,-0.062908871266226,-0.4020858742549311,0.9996000799840032,0.0005998800239952,-0.1276132778831197,-0.3041959705887528,0.9576084783043392,0.0425914817036592,True,True,0.9995224342841804,0.000602046244677,1.0,0.0088261617279121,1.0,0.2344928120485224,1.0,0.0048884584822676,True,1.0,9.655187209411483e-07,1.0,5.146177213794494e-05,10,1.0,0.007179926021964,1.0,0.2274421448332934,1.0,0.004682685775757,True,specificity;brain_disease_support;independent_direction,tested_below_requirements,False,unique,True,True,Membrane,"Present on erythrocytes, a subset of T cells, mature B cells, follicular dendritic cells, monocytes and granulocytes",P17927,0,0,,,pass,Resolved assay object and directly measured ADT in matched source-cell context; RNA/ADT context retained.,pass,pass,0.0048884584822676,pass,pass,Extracellular/cell-surface route supported by UniProt; specific clinical route is recorded under C6.,not_established,"CR1-derived Mirococept supports a functional-analogue route, not direct targeting of endogenous CD35.",False,5,True,False,five_criteria_without_verified_direct_clinical_drug,C6:not_established,down,decrease,False
relative::CD35__cDC__x__microglia_mhc2__up,CD35,cDC__x__microglia_mhc2,up,12,0.0001999600079984,0.0422535211267605,1.081352753704674,0.63277205397448,True,0.9622641509433962,0.0018343011120975,1.0,0.95,0.9,4.721535684528531,0.1650039055502991,0.5945861028855964,5,212,0.00042204193984,0.5252166355665747,CR1,unique,cDC,microglia_mhc2,0.0095521627054099,0.8783762002443659,-0.0021982294513326,0.9158544039508688,True,CR1,3,0,0.0481812046576603,7,10,0.1703812946433449,0.1703812946433449,0.1578746759447098,0.1906635120511054,3,3,0.3171642831025405,3.797375646777941e-05,higher_than_matched_background,up,0.8193334821736631,0.7734349083660728,0.7366545377340704,1.1167934260100991,0.0027049940565392,0.0165613936036322,0.4167049349168015,0.2467532467532467,0.8041883116883116,True,False,True,D,True,True,True,True,True,held_out_protein_prediction;confirmation_seeds;specificity,0.0029309489764273,0.0022290160413831,0.7270630598068237,0.0034986871760338,1.0,decrease,0.5201728940010071,0.001608025515452,3.0,2.0,relative,CD35__cDC__x__microglia_mhc2__up,D,0.000601186952152,0.3867984023544251,0.0001490046741599,0.8250894890986007,ok,ok,True,,0.0627836784109681,0.0627836784109681,0.0272677469377716,0.1525734929247052,0.1192460709608148,-0.0651163355717342,1.981459736824036,0.459360937277476,1.0,3,12,0,0,12,0.0,False,microglia_mhc2,ok,ok,True,0.7734349083660728,1.1167934260100991,0.0001999600079984,1.0,0.5206332919726278,0.4299874852822347,0.0795840831833633,0.9206158768246352,True,True,0.0008266255459218,0.9999999957375986,0.0051875988438675,1.0,0.3853456244064017,1.0,0.006354162024712,1.0,True,4.0197070286377683e-07,1.0,3.797375646777941e-05,1.0,7,0.0216427302774739,1.0,0.4090355113334875,1.0,0.0072256104726656,1.0,True,held_out_protein_prediction;confirmation_seeds;specificity;primary_genetic_enrichment,tested_below_requirements,False,unique,True,True,Membrane,"Present on erythrocytes, a subset of T cells, mature B cells, follicular dendritic cells, monocytes and granulocytes",P17927,0,0,,,pass,Resolved assay object and directly measured ADT in matched source-cell context; RNA/ADT context retained.,pass,pass,0.006354162024712,pass,pass,Extracellular/cell-surface route supported by UniProt; specific clinical route is recorded under C6.,not_established,"CR1-derived Mirococept supports a functional-analogue route, not direct targeting of endogenous CD35.",False,5,True,False,five_criteria_without_verified_direct_clinical_drug,C6:not_established,up,decrease,False
raw::CD35__classical_mono__x__microglia_mhc2__up,CD35,classical_mono__x__microglia_mhc2,up,59,0.0001999600079984,0.3286384976525822,0.2334432444702727,0.4637848099000012,False,0.6745283018867925,0.0011642537156411,0.6,0.6,0.5,3.1016502874413576,0.1356116543610531,0.2742111539170235,5,212,0.00042204193984,0.6592549812301473,CR1,unique,classical_mono,microglia_mhc2,0.0103630309188089,0.9565785306366243,0.0024392024029145,0.9798505766803568,True,CR1,3,0,0.3335336164656596,10,10,0.278400801073135,0.278400801073135,0.5272806117934402,0.5411215444405874,3,3,0.7793784205722893,0.0071082689919813,lower_than_matched_background,unresolved,0.2084154835688348,-0.3037485843039062,-0.2988448867481627,-0.0537463111252566,0.0023078333642027,0.7325207254749114,-0.1667311070949599,0.3354978354978355,0.8168717832475533,True,True,True,D,True,False,True,False,False,confirmation_seeds;specificity;brain_disease_support;independent_direction,0.0091539900749921,0.0098112542182207,0.2020910531282425,0.0349217876791954,0.8,decrease,-0.0511165410280227,0.0022736443206667,3.0,2.0,raw,CD35__classical_mono__x__microglia_mhc2__up,D,0.0003804024610953,0.6792785462435584,0.0067360612802982,0.7960965588084232,ok,ok,True,,0.4186087187301046,0.4186087187301046,0.3558830022811889,0.2760178649847278,0.2762185026757198,-0.1485695458729289,4.196978569030762,0.7896803220113119,1.0,3,26,33,0,59,0.0,True,microglia_mhc2,ok,ok,True,-0.3037485843039062,-0.0537463111252566,0.6656668666266746,0.3345330933813237,-0.1241340835601488,-0.5968725350177017,0.9996000799840032,0.0005998800239952,True,True,0.9987331359917888,0.0017249094468623,1.0,1.0,1.0,0.006691495577106,1.0,0.0118613502023693,True,0.9999999999981756,0.0008525978941323,1.0,0.0071082689919813,10,1.0,1.0,1.0,0.0058573080705496,1.0,0.0112721088314855,True,confirmation_seeds;specificity;brain_disease_support;independent_direction;primary_genetic_enrichment,tested_below_requirements,False,unique,True,True,Membrane,"Present on erythrocytes, a subset of T cells, mature B cells, follicular dendritic cells, monocytes and granulocytes",P17927,0,0,,,pass,Resolved assay object and directly measured ADT in matched source-cell context; RNA/ADT context retained.,pass,pass,0.0118613502023693,pass,pass,Extracellular/cell-surface route supported by UniProt; specific clinical route is recorded under C6.,not_established,"CR1-derived Mirococept supports a functional-analogue route, not direct targeting of endogenous CD35.",False,5,True,False,five_criteria_without_verified_direct_clinical_drug,C6:not_established,down,increase,False
raw::CD35__cDC__x__astro__down,CD35,cDC__x__astro,down,58,0.0001999600079984,0.1502347417840375,0.5592553720305329,0.2146728359778367,True,0.8537735849056604,0.0008277785148389,1.0,1.0,1.0,2.5320265598632203,0.6175355783410076,0.2012186551904021,5,212,0.00042204193984,0.6052692626346312,CR1,unique,cDC,astro,0.0095521627054099,0.8783762002443659,-0.0021982294513326,0.9158544039508688,True,CR1,3,0,0.4333782195971525,10,10,0.349631084532841,0.349631084532841,0.1578746759447098,0.1906635120511054,3,3,0.3171642831025405,6.709517838590289e-05,lower_than_matched_background,unresolved,0.2107484625443149,-0.0953308986892543,-0.3091012181300832,-0.4118040030157823,0.0023078333642027,0.0084283411414231,-0.1117405038244119,0.7987012987012987,1.0,True,False,True,D,True,True,True,False,False,held_out_protein_prediction;specificity;brain_disease_support;independent_direction,0.0022941771894693,0.0023524477146565,0.2926934361457824,0.0065238624811172,0.8,decrease,0.0034939276520162,-0.0007255370146594,3.0,2.0,raw,CD35__cDC__x__astro__down,D,0.0003804024610953,0.6281517709484509,5.423515318590296e-05,1.0,ok,ok,True,,0.0627836784109681,0.0627836784109681,0.0272677469377716,0.1525734929247052,0.1192460709608148,-0.0651163355717342,1.981459736824036,0.459360937277476,1.0,3,38,20,0,58,0.0,True,astro,ok,ok,True,-0.0953308986892543,-0.4118040030157823,0.9988002399520096,0.0013997200559888,-0.0984280989137991,-0.2386349223846323,0.9238152369526096,0.0763847230553889,True,True,0.9980349865676416,0.0021422933638037,1.0,0.0141710017198333,1.0,0.3724876954121457,1.0,0.014252129430492,True,1.0,1.9543711619196416e-06,1.0,6.709517838590289e-05,10,1.0,0.0125311845584413,1.0,0.3647388730070954,1.0,0.0135489235597132,True,held_out_protein_prediction;specificity;brain_disease_support;independent_direction,tested_below_requirements,False,unique,True,True,Membrane,"Present on erythrocytes, a subset of T cells, mature B cells, follicular dendritic cells, monocytes and granulocytes",P17927,0,0,,,pass,Resolved assay object and directly measured ADT in matched source-cell context; RNA/ADT context retained.,pass,pass,0.014252129430492,pass,pass,Extracellular/cell-surface route supported by UniProt; specific clinical route is recorded under C6.,not_established,"CR1-derived Mirococept supports a functional-analogue route, not direct targeting of endogenous CD35.",False,5,True,False,five_criteria_without_verified_direct_clinical_drug,C6:not_established,down,decrease,False
raw::CD35__classical_mono__x__astro__down,CD35,classical_mono__x__astro,down,53,0.0001999600079984,0.1502347417840375,0.5204841243209909,0.2783105207143354,True,0.8537735849056604,0.0007606172777989,1.0,1.0,1.0,2.416807672172577,0.6596708555910211,0.2053591009963682,5,212,0.00042204193984,0.6052692626346312,CR1,unique,classical_mono,astro,0.0103630309188089,0.9565785306366243,0.0024392024029145,0.9798505766803568,True,CR1,3,0,0.4083527339353903,10,10,0.3374453726278759,0.3374453726278759,0.5272806117934402,0.5411215444405874,3,3,0.7793784205722893,5.146177213794494e-05,lower_than_matched_background,unresolved,0.2383306793521867,-0.1289126631623264,-0.2622514364720366,-0.4417525187714988,0.0023078333642027,0.004829141698542,-0.079772383640292,0.8809523809523809,1.0,True,True,True,D,True,True,True,False,False,specificity;brain_disease_support;independent_direction,0.0045114890672266,0.0045006652362644,0.2709692120552063,0.0142495157197117,1.0,decrease,0.0062581324018538,-0.0014854749897494,3.0,2.0,raw,CD35__classical_mono__x__astro__down,D,0.0003804024610953,0.6281517709484509,3.86902661855537e-05,1.0,ok,ok,True,,0.4186087187301046,0.4186087187301046,0.3558830022811889,0.2760178649847278,0.2762185026757198,-0.1485695458729289,4.196978569030762,0.7896803220113119,1.0,3,36,17,0,53,0.0,True,astro,ok,ok,True,-0.1289126631623264,-0.4417525187714988,0.9996000799840032,0.0005998800239952,-0.0791473977467392,-0.2097551288462298,0.8880223955208958,0.1121775644871025,True,True,0.9980280781620056,0.0024156673379145,1.0,0.0088261617279121,1.0,0.5023237261668291,1.0,0.0157946592815049,True,1.0,9.655187209411483e-07,1.0,5.146177213794494e-05,10,1.0,0.007179926021964,1.0,0.4935418713358777,1.0,0.0150404943388614,True,specificity;brain_disease_support;independent_direction,tested_below_requirements,False,unique,True,True,Membrane,"Present on erythrocytes, a subset of T cells, mature B cells, follicular dendritic cells, monocytes and granulocytes",P17927,0,0,,,pass,Resolved assay object and directly measured ADT in matched source-cell context; RNA/ADT context retained.,pass,pass,0.0157946592815049,pass,pass,Extracellular/cell-surface route supported by UniProt; specific clinical route is recorded under C6.,not_established,"CR1-derived Mirococept supports a functional-analogue route, not direct targeting of endogenous CD35.",False,5,True,False,five_criteria_without_verified_direct_clinical_drug,C6:not_established,down,decrease,False
relative::CD35__classical_mono__x__microglia_mhc2__up,CD35,classical_mono__x__microglia_mhc2,up,11,0.0001999600079984,0.0516431924882629,0.9761502462886356,0.4771199105368241,True,0.9528301886792452,0.0016107987115065,0.8,0.8,0.8,4.291276222213529,0.1296699462682167,0.6175922377249105,5,212,0.00042204193984,0.5271299930731924,CR1,unique,classical_mono,microglia_mhc2,0.0103630309188089,0.9565785306366243,0.0024392024029145,0.9798505766803568,True,CR1,3,0,0.0339691483511198,6,10,0.154546755752535,0.154546755752535,0.5272806117934402,0.5411215444405874,3,3,0.7793784205722893,0.0061426163819378,higher_than_matched_background,up,0.5771978529826047,0.6856243679032811,0.3223473275228182,1.0269137112837066,0.2448518493022706,0.0181641091136611,0.4107336391854803,0.2337662337662337,0.8041883116883116,True,True,True,D,True,True,True,True,True,confirmation_seeds;specificity,0.0067304209806025,0.0060661612078547,0.4927831590175628,0.0086395498365163,0.8,decrease,0.3482342362403869,0.0031460174359381,3.0,2.0,relative,CD35__classical_mono__x__microglia_mhc2__up,D,0.000601186952152,0.4043552092698032,0.0072522837402952,0.8250894890986007,ok,ok,True,,0.4186087187301046,0.4186087187301046,0.3558830022811889,0.2760178649847278,0.2762185026757198,-0.1485695458729289,4.196978569030762,0.7896803220113119,1.0,3,11,0,0,11,0.0,False,microglia_mhc2,ok,ok,True,0.6856243679032811,1.0269137112837066,0.0017996400719856,0.9984003199360127,0.5475404951338062,0.4257924298287768,0.0895820835832833,0.910617876424715,True,True,0.0030598378162895,0.9971344915818888,0.0165224327788597,1.0,0.4225535058277599,1.0,0.0194404723597094,1.0,True,0.0007201811877202,0.9993359044052292,0.0061426163819378,1.0,4,0.0237371880462617,1.0,0.4491308822704124,1.0,0.0224754554170566,1.0,True,confirmation_seeds;specificity;primary_genetic_enrichment,tested_below_requirements,False,unique,True,True,Membrane,"Present on erythrocytes, a subset of T cells, mature B cells, follicular dendritic cells, monocytes and granulocytes",P17927,0,0,,,pass,Resolved assay object and directly measured ADT in matched source-cell context; RNA/ADT context retained.,pass,pass,0.0194404723597094,pass,pass,Extracellular/cell-surface route supported by UniProt; specific clinical route is recorded under C6.,not_established,"CR1-derived Mirococept supports a functional-analogue route, not direct targeting of endogenous CD35.",False,5,True,False,five_criteria_without_verified_direct_clinical_drug,C6:not_established,up,decrease,False
raw::CD35__nonclassical_mono__x__microglia_mhc2__up,CD35,nonclassical_mono__x__microglia_mhc2,up,58,0.0001999600079984,0.2347417840375587,0.3670196622085427,0.5147920379481801,False,0.7688679245283019,0.0013385884986762,0.6,0.6,0.5,3.5542288556126365,0.1563891484127434,0.2799413700988618,5,212,0.00042204193984,0.6477624814154873,CR1,unique,nonclassical_mono,microglia_mhc2,-0.0241457343448039,0.8738499338508322,-0.0050958363122705,0.7597982213676577,True,CR1,3,0,0.3303330863149866,10,10,0.2756306687841962,0.2756306687841962,0.3192125235635991,0.1861268098155657,3,3,0.5967866187753641,0.0554738574604321,lower_than_matched_background,unresolved,0.2616334826638926,-0.2629473286024086,-0.2161337028050501,-0.0053019660223177,0.0179293677472804,0.9785620693392628,-0.1101267417585071,0.512987012987013,0.8933633444148309,True,True,True,D,True,False,True,False,False,confirmation_seeds;specificity;brain_disease_support;independent_direction,0.0069451839663088,0.0066660223528742,0.253848522901535,0.0251978151500225,1.0,decrease,-0.0447732731699943,0.0019640021491795,3.0,2.0,raw,CD35__nonclassical_mono__x__microglia_mhc2__up,D,0.0003804024610953,0.676148128950047,0.0534362076409415,0.8810977008856866,ok,ok,True,,0.2302478263699385,0.2302478263699385,0.1445081681013107,0.1452074902543586,0.1439777888546225,-0.2006029384781818,2.7450009981791177,0.6075178782145182,1.0,3,27,31,0,58,0.0,True,microglia_mhc2,ok,ok,True,-0.2629473286024086,-0.0053019660223177,0.5130973805238952,0.4871025794841032,-0.0832471612693805,-0.5271308877995771,0.9988002399520096,0.0013997200559888,True,True,0.9943848926105964,0.0062734666150104,1.0,1.0,1.0,0.0133985781460059,1.0,0.036152269958945,True,0.9910823240302808,0.0095372269177484,1.0,0.0554738574604321,10,1.0,1.0,1.0,0.011984953436663,1.0,0.0345696306651125,True,confirmation_seeds;specificity;brain_disease_support;independent_direction;primary_genetic_enrichment,tested_below_requirements,False,unique,True,True,Membrane,"Present on erythrocytes, a subset of T cells, mature B cells, follicular dendritic cells, monocytes and granulocytes",P17927,0,0,,,pass,Resolved assay object and directly measured ADT in matched source-cell context; RNA/ADT context retained.,pass,pass,0.036152269958945,pass,pass,Extracellular/cell-surface route supported by UniProt; specific clinical route is recorded under C6.,not_established,"CR1-derived Mirococept supports a functional-analogue route, not direct targeting of endogenous CD35.",False,5,True,False,five_criteria_without_verified_direct_clinical_drug,C6:not_established,down,increase,False
relative::CD35__nonclassical_mono__x__microglia_mhc2__up,CD35,nonclassical_mono__x__microglia_mhc2,up,6,0.0001999600079984,0.0516431924882629,1.040849673733374,0.4972661514475811,True,0.9528301886792452,0.0025047062080814,0.8,0.85,0.8,6.6505121539584255,0.1575081688482354,0.8677202857721977,5,212,0.00042204193984,0.5271299930731924,CR1,unique,nonclassical_mono,microglia_mhc2,-0.0241457343448039,0.8738499338508322,-0.0050958363122705,0.7597982213676577,True,CR1,3,0,0.0586188897828926,6,10,0.1855069163997283,0.1855069163997283,0.3192125235635991,0.1861268098155657,3,3,0.5967866187753641,0.0003018458642744,higher_than_matched_background,up,0.8628918641271852,0.9077960653284998,0.7474771966901512,1.297067656856143,0.0112087674208277,0.0222271335206642,0.4927719380266155,0.2922077922077922,0.8041883116883116,True,True,True,D,True,True,True,True,True,confirmation_seeds;specificity,0.0049164644442498,0.0037103593349456,0.5887967348098755,0.0056186662986874,0.8,decrease,0.7558002471923828,0.0036760999355465,3.0,2.0,relative,CD35__nonclassical_mono__x__microglia_mhc2__up,D,0.000601186952152,0.4043552092698032,0.0004050368157222,0.8401733401733401,ok,ok,True,,0.2302478263699385,0.2302478263699385,0.1445081681013107,0.1452074902543586,0.1439777888546225,-0.2006029384781818,2.7450009981791177,0.6075178782145182,1.0,3,6,0,0,6,0.0,False,microglia_mhc2,ok,ok,True,0.9077960653284998,1.297067656856143,0.002999400119976,0.9972005598880224,0.5556046290420789,0.4819943725247839,0.1249750049990002,0.8752249550089982,True,True,0.0063869184532113,0.9938500674205782,0.0233840539803251,1.0,0.5448464730987602,1.0,0.0366979903406411,1.0,True,1.9810149801627976e-05,0.999985186947684,0.0003018458642744,1.0,6,0.0290468222145044,1.0,0.5706054818812912,1.0,0.0418218147825937,1.0,True,confirmation_seeds;specificity;primary_genetic_enrichment,tested_below_requirements,False,unique,True,True,Membrane,"Present on erythrocytes, a subset of T cells, mature B cells, follicular dendritic cells, monocytes and granulocytes",P17927,0,0,,,pass,Resolved assay object and directly measured ADT in matched source-cell context; RNA/ADT context retained.,pass,pass,0.0366979903406411,pass,pass,Extracellular/cell-surface route supported by UniProt; specific clinical route is recorded under C6.,not_established,"CR1-derived Mirococept supports a functional-analogue route, not direct targeting of endogenous CD35.",False,5,True,False,five_criteria_without_verified_direct_clinical_drug,C6:not_established,up,decrease,False
relative::CD35__nonclassical_mono__x__astro__down,CD35,nonclassical_mono__x__astro,down,48,0.0003999200159968,0.0845070422535211,0.9272696084343528,0.8913370123320613,True,0.9198113207547168,0.0005076366260734,1.0,1.0,1.0,1.6177148630241505,0.6727319170635826,0.2148707133490252,5,212,0.0008151941040363,0.5549268766964199,CR1,unique,nonclassical_mono,astro,-0.0241457343448039,0.8738499338508322,-0.0050958363122705,0.7597982213676577,True,CR1,3,0,0.2179885860001033,10,10,0.2052196978018386,0.2052196978018386,0.3192125235635991,0.1861268098155657,3,3,0.5967866187753641,7.025496193634404e-05,lower_than_matched_background,unresolved,0.0313407619136417,-0.4063282440105856,-0.5288413580922209,-0.6786415405992124,0.0027049940565392,0.0173926604640461,-0.5046826821928936,0.2164502164502164,0.8041883116883116,True,True,True,D,True,True,True,False,False,specificity;brain_disease_support;independent_direction,0.0087453797459602,0.0050813527777791,0.455533355474472,0.0192407965660095,1.0,decrease,-0.0174862500280141,-0.0007452327990904,3.0,2.0,relative,CD35__nonclassical_mono__x__astro__down,D,0.0011183173699606,0.4455385608781629,0.0001490046741599,0.8250894890986007,ok,ok,True,,0.2302478263699385,0.2302478263699385,0.1445081681013107,0.1452074902543586,0.1439777888546225,-0.2006029384781818,2.7450009981791177,0.6075178782145182,1.0,3,41,7,0,48,0.0,True,astro,ok,ok,True,-0.4063282440105856,-0.6786415405992124,0.9986002799440112,0.0015996800639872,-0.4824913549605639,-0.8347676602962626,1.0,0.0001999600079984,True,True,1.0,2.2889678989135105e-06,1.0,0.0153019675394529,1.0,0.0028121685724456,1.0,0.0001119795795689,True,1.0,2.1900181593531104e-06,1.0,7.025496193634404e-05,10,1.0,0.0227290449246058,1.0,0.0059825433287326,1.0,0.0001779465990798,True,specificity;brain_disease_support;independent_direction;primary_genetic_enrichment,tested_below_requirements,False,unique,True,True,Membrane,"Present on erythrocytes, a subset of T cells, mature B cells, follicular dendritic cells, monocytes and granulocytes",P17927,0,0,,,pass,Resolved assay object and directly measured ADT in matched source-cell context; RNA/ADT context retained.,pass,pass,0.0001119795795689,pass,pass,Extracellular/cell-surface route supported by UniProt; specific clinical route is recorded under C6.,not_established,"CR1-derived Mirococept supports a functional-analogue route, not direct targeting of endogenous CD35.",False,5,True,False,five_criteria_without_verified_direct_clinical_drug,C6:not_established,down,decrease,False
relative::CD35__pDC__x__astro__down,CD35,pDC__x__astro,down,25,0.0003999200159968,0.0798122065727699,0.9044455250958569,0.5123167673207325,True,0.9245283018867924,0.0006220945163264,1.0,1.0,1.0,1.9818912602059977,0.627728498721022,0.2984234070819314,5,212,0.0008151941040363,0.5493807063486442,CR1,unique,pDC,astro,0.0126833263784646,0.834529793360752,-0.0063018232584043,0.9356704702953914,True,CR1,3,0,0.2510133092663683,10,10,0.2251267657683671,0.2251267657683671,0.0634653187427509,0.167413850625356,3,3,0.2893249861615425,8.074961852396911e-05,lower_than_matched_background,down,-0.0764748825642973,-0.6641110968520497,-0.7096546761206106,-0.8085766809135437,0.0027049940565392,0.0188266298108159,-0.4938333436571347,0.5627705627705628,0.9109968529763752,True,False,True,D,True,True,True,True,True,held_out_protein_prediction;specificity,0.0070252902805805,0.0039525483734905,0.7510058879852295,0.0090482924133539,1.0,decrease,-0.0474911294877529,-0.0005220165476202,3.0,2.0,relative,CD35__pDC__x__astro__down,D,0.0011183173699606,0.4396840122571757,0.0001490046741599,0.9388560775774288,ok,ok,True,,0.0064387089703545,0.0064387089703545,0.0035517885504911,0.0300194991829303,0.0401744668917537,0.0212401426904625,1.854313929875692,0.3926397959391276,1.0,3,25,0,0,25,0.0,False,astro,ok,ok,True,-0.6641110968520497,-0.8085766809135437,0.998000399920016,0.0021995600879824,-0.452875494487175,-0.8177906168211121,0.9992001599680064,0.000999800039992,True,True,0.999988093458748,1.6304973532877826e-05,1.0,0.0188192217896208,1.0,0.0101747852509735,1.0,0.0002757352190782,True,1.0,2.882651734429909e-06,1.0,8.074961852396911e-05,10,1.0,0.0246029821391344,1.0,0.015266656212326,1.0,0.0003658676987865,True,held_out_protein_prediction;specificity;primary_genetic_enrichment,tested_below_requirements,False,unique,True,True,Membrane,"Present on erythrocytes, a subset of T cells, mature B cells, follicular dendritic cells, monocytes and granulocytes",P17927,0,0,,,pass,Resolved assay object and directly measured ADT in matched source-cell context; RNA/ADT context retained.,pass,pass,0.0002757352190782,pass,pass,Extracellular/cell-surface route supported by UniProt; specific clinical route is recorded under C6.,not_established,"CR1-derived Mirococept supports a functional-analogue route, not direct targeting of endogenous CD35.",False,5,True,False,five_criteria_without_verified_direct_clinical_drug,C6:not_established,down,decrease,False
relative::CD35__classical_mono__x__astro__down,CD35,classical_mono__x__astro,down,38,0.000999800039992,0.1314553990610328,0.711524810313365,0.807036502049699,False,0.8726415094339622,0.0004582702563107,1.0,1.0,0.9,1.4561213684040188,0.6599432382829765,0.2454591581024691,5,212,0.0019637598147132,0.5808632439800088,CR1,unique,classical_mono,astro,0.0103630309188089,0.9565785306366243,0.0024392024029145,0.9798505766803568,True,CR1,3,0,0.2286168444748294,10,10,0.2079681536246406,0.2079681536246406,0.5272806117934402,0.5411215444405874,3,3,0.7793784205722893,6.637528132759857e-05,lower_than_matched_background,down,-0.0569599078664052,-0.6132536055225793,-0.6570755074517531,-0.8772097491115964,0.0027049940565392,0.0168444943489934,-0.5730022086112052,0.2186147186147186,0.8041883116883116,True,True,True,C,True,True,True,True,True,specificity,0.016256833449006,0.0087837856262922,0.6759769320487976,0.0231710076332092,1.0,decrease,-0.028665468096733,-0.0008955415105447,3.0,2.0,relative,CD35__classical_mono__x__astro__down,C,0.0025729119910283,0.5135412617246294,0.0001490046741599,0.8250894890986007,ok,ok,True,,0.4186087187301046,0.4186087187301046,0.3558830022811889,0.2760178649847278,0.2762185026757198,-0.1485695458729289,4.196978569030762,0.7896803220113119,1.0,3,38,0,0,38,0.0,False,astro,ok,ok,True,-0.6132536055225793,-0.8772097491115964,0.999000199960008,0.0011997600479904,-0.5304737908433748,-0.9082255406963984,1.0,0.0001999600079984,True,True,1.0,1.807670960313697e-06,1.0,0.0133938982374674,1.0,0.0028121685724456,1.0,0.0001119795795689,True,1.0,1.715348926118404e-06,1.0,6.637528132759857e-05,10,1.0,0.0220126914787982,1.0,0.0059825433287326,1.0,0.0001779465990798,True,specificity;primary_genetic_enrichment,tested_below_requirements,False,unique,True,True,Membrane,"Present on erythrocytes, a subset of T cells, mature B cells, follicular dendritic cells, monocytes and granulocytes",P17927,0,0,,,pass,Resolved assay object and directly measured ADT in matched source-cell context; RNA/ADT context retained.,pass,pass,0.0001119795795689,pass,pass,Extracellular/cell-surface route supported by UniProt; specific clinical route is recorded under C6.,not_established,"CR1-derived Mirococept supports a functional-analogue route, not direct targeting of endogenous CD35.",False,5,True,False,five_criteria_without_verified_direct_clinical_drug,C6:not_established,down,decrease,False
relative::CD35__cDC__x__astro__down,CD35,cDC__x__astro,down,28,0.0015996800639872,0.0892018779342723,0.9753764444596674,0.9027447026660924,True,0.9150943396226416,0.000516918249548,1.0,1.0,1.0,1.5811605564421027,0.6194952137233634,0.2924563813406103,5,212,0.0030836500867572,0.5584494167932641,CR1,unique,cDC,astro,0.0095521627054099,0.8783762002443659,-0.0021982294513326,0.9158544039508688,True,CR1,3,0,0.2089654694302224,10,10,0.2187548645499145,0.2187548645499145,0.1578746759447098,0.1906635120511054,3,3,0.3171642831025405,0.0001278553624393,lower_than_matched_background,unresolved,0.0197144171265331,-0.4761181986342274,-0.5544621564244765,-0.6907994985243602,0.0027049940565392,0.02957630696083,-0.512561641649752,0.2705627705627705,0.8041883116883116,True,False,True,D,True,True,True,False,False,held_out_protein_prediction;specificity;brain_disease_support;independent_direction,0.0071121961809694,0.0048338244669139,0.623245894908905,0.010578716173768,1.0,decrease,-0.0252249259501695,-0.0004532378807198,3.0,2.0,relative,CD35__cDC__x__astro__down,D,0.0039668616142,0.4546577711885347,0.0002018941037717,0.8253431470061666,ok,ok,True,,0.0627836784109681,0.0627836784109681,0.0272677469377716,0.1525734929247052,0.1192460709608148,-0.0651163355717342,1.981459736824036,0.459360937277476,1.0,3,23,5,0,28,0.0,True,astro,ok,ok,True,-0.4761181986342274,-0.6907994985243602,0.99500099980004,0.0051989602079584,-0.4841763576049885,-0.8497245030225521,0.9998000399920016,0.0003999200159968,True,True,0.9999939366427854,1.263302445196282e-05,1.0,0.0336080023259151,1.0,0.0049043011451424,1.0,0.0002288176797443,True,1.0,6.216357963544753e-06,1.0,0.0001278553624393,10,1.0,0.0386508556874483,1.0,0.008708317508096,1.0,0.0003006199108823,True,held_out_protein_prediction;specificity;brain_disease_support;independent_direction;primary_genetic_enrichment,tested_below_requirements,False,unique,True,True,Membrane,"Present on erythrocytes, a subset of T cells, mature B cells, follicular dendritic cells, monocytes and granulocytes",P17927,0,0,,,pass,Resolved assay object and directly measured ADT in matched source-cell context; RNA/ADT context retained.,pass,pass,0.0002288176797443,pass,pass,Extracellular/cell-surface route supported by UniProt; specific clinical route is recorded under C6.,not_established,"CR1-derived Mirococept supports a functional-analogue route, not direct targeting of endogenous CD35.",False,5,True,False,five_criteria_without_verified_direct_clinical_drug,C6:not_established,down,decrease,False
raw::CD22__cDC__x__microglia_mhc2__up,CD22,cDC__x__microglia_mhc2,up,32,0.0001999600079984,0.1830985915492957,0.5654732220780805,0.687683699288508,False,0.8207547169811321,0.0004860191087924,0.6,0.7,0.7,2.416663260683088,-0.2860725307734416,0.2948566608082268,5,212,0.00042204193984,0.623901618667227,CD22,unique,cDC,microglia_mhc2,0.0481255416067377,0.761966589491438,-0.004623714430678,0.9270833168227528,True,CD22,19,2,0.1570479180663592,9,10,0.4009060516901276,0.2927795391578504,0.5737049941489504,0.3133793239792188,3,3,0.8496200853828979,0.8747576199045906,lower_than_matched_background,unresolved,0.4457141462911994,-0.3484795623295778,0.0598399380165615,-0.211775856454443,1.0,0.242348677649573,-0.0741603552070805,0.7554112554112554,0.987845487845488,True,True,True,D,True,False,True,False,False,confirmation_seeds;brain_disease_support;independent_direction,0.0004740443546324,0.0048796660266816,0.0841664150357246,0.0261843651533126,0.6,unresolved,-0.0596460774540901,0.0010310887591913,3.0,2.0,raw,CD22__cDC__x__microglia_mhc2__up,D,0.0003804024610953,0.6481560742547156,0.8686286880554923,0.9887735949286396,ok,ok,True,,0.1028056780097743,0.1028056780097743,0.0508687858625004,0.2311207507197037,0.2318386570480041,0.0337607562634151,0.6989190777142843,0.8341660996278127,1.0,3,32,0,0,32,0.0,False,microglia_mhc2,ok,ok,True,-0.3484795623295778,-0.211775856454443,0.9094181163767248,0.0907818436312737,0.0759587975414841,-0.3789604732592586,0.979004199160168,0.0211957608478304,False,True,0.9925269277111368,0.0075551648266771,1.0,0.3497973822956925,1.0,0.1325751288098542,1.0,0.0426062773963865,False,0.5981700131962231,0.4022979499444942,1.0,0.8747576199045906,9,1.0,0.3603219134303091,1.0,0.1266939929436547,1.0,0.0408019629291923,False,confirmation_seeds;brain_disease_support;independent_direction;primary_genetic_enrichment,tested_below_requirements,False,unique,True,True,Cell membrane,B-lymphocytes,P20273,12,2,INOTUZUMAB OZOGAMICIN;MOXETUMOMAB PASUDOTOX;BECTUMOMAB;EPRATUZUMAB;EPRATUZUMAB 90Y;INOTUZUMAB,INOTUZUMAB OZOGAMICIN;MOXETUMOMAB PASUDOTOX,pass,Resolved assay object and directly measured ADT in matched source-cell context; RNA/ADT context retained.,pass,pass,0.0426062773963865,not_supported,pass,Extracellular/cell-surface route supported by UniProt; specific clinical route is recorded under C6.,pass,Direct molecular target with documented clinical development; stages and withdrawal flags kept separately.,False,3,False,False,tested_not_supported,C4:not_supported,down,increase,False
relative::CD35__pDC__x__microglia_mhc2__up,CD35,pDC__x__microglia_mhc2,up,12,0.0001999600079984,0.0657276995305164,0.9003931342571942,0.5153226435946292,True,0.9386792452830188,0.0013304485648209,0.8,0.9,0.8,3.4733654335551423,0.0359237347249358,0.589170513746778,5,212,0.00042204193984,0.5397710001013271,CR1,unique,pDC,microglia_mhc2,0.0126833263784646,0.834529793360752,-0.0063018232584043,0.9356704702953914,True,CR1,3,0,0.0303090266283756,6,10,0.1808158980483267,0.1808158980483267,0.0634653187427509,0.167413850625356,3,3,0.2893249861615425,8.604197379626576e-05,higher_than_matched_background,up,0.7346398988223677,0.7433494080223955,0.5905850284396184,1.0676022138692678,0.0070712545593775,0.0165613936036322,0.2464197655214418,0.4112554112554112,0.8470197189419651,True,False,True,D,True,True,True,True,True,held_out_protein_prediction;confirmation_seeds;specificity,0.0023206933401525,0.0018444403540343,0.7123395800590515,0.0027761650271713,1.0,decrease,0.4448005259037018,0.0011160235153511,3.0,2.0,relative,CD35__pDC__x__microglia_mhc2__up,D,0.000601186952152,0.4228635214550708,0.0001531782320654,0.8905914957316827,ok,ok,True,,0.0064387089703545,0.0064387089703545,0.0035517885504911,0.0300194991829303,0.0401744668917537,0.0212401426904625,1.854313929875692,0.3926397959391276,1.0,3,12,0,0,12,0.0,False,microglia_mhc2,ok,ok,True,0.7433494080223955,1.0676022138692678,0.0005998800239952,0.9996000799840032,0.3490273425939527,0.1328041139308721,0.3471305738852229,0.6530693861227754,True,True,0.0163175171972331,0.986120412725796,0.0088261617279121,1.0,1.0,1.0,0.0844417644758968,1.0,False,3.1720832798302093e-06,0.9999985184385248,8.604197379626576e-05,1.0,6,0.0216427302774739,1.0,1.0,1.0,0.0919578304530139,1.0,False,held_out_protein_prediction;confirmation_seeds;specificity;primary_genetic_enrichment,tested_below_requirements,False,unique,True,True,Membrane,"Present on erythrocytes, a subset of T cells, mature B cells, follicular dendritic cells, monocytes and granulocytes",P17927,0,0,,,pass,Resolved assay object and directly measured ADT in matched source-cell context; RNA/ADT context retained.,pass,pass,0.0844417644758968,not_supported,pass,Extracellular/cell-surface route supported by UniProt; specific clinical route is recorded under C6.,not_established,"CR1-derived Mirococept supports a functional-analogue route, not direct targeting of endogenous CD35.",False,3,False,False,tested_not_supported,C4:not_supported;C6:not_established,up,decrease,False
raw::CD22__pDC__x__astro__down,CD22,pDC__x__astro,down,26,0.0001999600079984,0.5539906103286385,-0.0394039164590821,0.806128520826028,False,0.4481132075471698,0.0005802096852106,0.6,0.6,0.8,2.297714190238825,0.4721328623299207,0.3197878100932059,5,212,0.00042204193984,0.7474944228015848,CD22,unique,pDC,astro,-0.0079334685578943,0.9694663374143332,-0.0033336699008957,0.9694477562323878,True,CD22,19,2,0.324264720435392,10,10,0.3784369931235691,0.3784369931235691,0.0679207588257913,0.2915778651833534,3,3,0.5567894202502464,0.92120582593818,lower_than_matched_background,up,0.4256500504750511,0.3014069632381433,-0.0065145537111001,-0.0260168293266496,0.9864144720380952,0.8859556103507742,0.317599162649791,0.2705627705627705,0.8041883116883116,True,False,True,D,True,False,True,False,True,held_out_protein_prediction;confirmation_seeds;specificity;brain_disease_support,-0.0005761446664109,0.0028457134030759,-0.0577022805809974,0.0117429764941334,0.6,unresolved,0.1289223879575729,-0.0009306067950092,3.0,2.0,raw,CD22__pDC__x__astro__down,D,0.0003804024610953,0.7663460279304474,0.9146478526574152,0.7846320346320346,ok,ok,True,,0.0310838950079456,0.0310838950079456,0.0168289722253878,-0.0897823228357149,-0.0817748562920023,-0.0232210218929495,0.3896509607632955,0.5681356191635132,1.0,3,16,10,0,26,0.0,True,astro,ok,ok,True,0.3014069632381433,-0.0260168293266496,0.5716856628674265,0.4285142971405719,0.3990420879112039,0.7114544214242537,0.0093981203759248,0.9908018396320736,True,False,0.0323630043664347,0.9681347200567688,1.0,1.0,0.065647859719234,1.0,0.1531289926809749,1.0,False,0.5626744660605663,0.4376030303241158,1.0,0.92120582593818,10,1.0,1.0,0.0620226415849899,1.0,0.1519983955663119,1.0,False,held_out_protein_prediction;confirmation_seeds;specificity;brain_disease_support;primary_genetic_enrichment,tested_below_requirements,False,unique,True,True,Cell membrane,B-lymphocytes,P20273,12,2,INOTUZUMAB OZOGAMICIN;MOXETUMOMAB PASUDOTOX;BECTUMOMAB;EPRATUZUMAB;EPRATUZUMAB 90Y;INOTUZUMAB,INOTUZUMAB OZOGAMICIN;MOXETUMOMAB PASUDOTOX,pass,Resolved assay object and directly measured ADT in matched source-cell context; RNA/ADT context retained.,pass,pass,0.1531289926809749,not_supported,pass,Extracellular/cell-surface route supported by UniProt; specific clinical route is recorded under C6.,pass,Direct molecular target with documented clinical development; stages and withdrawal flags kept separately.,False,3,False,False,tested_not_supported,C4:not_supported,up,increase,False
raw::CD35__pDC__x__microglia_mhc2__up,CD35,pDC__x__microglia_mhc2,up,58,0.0001999600079984,0.1408450704225352,0.5314227417658441,0.5697859945142849,False,0.8632075471698113,0.001262003344729,0.6,0.6,0.5,3.294677382137416,0.0359459506189744,0.2730228511677801,5,212,0.00042204193984,0.5943609903413084,CR1,unique,pDC,microglia_mhc2,0.0126833263784646,0.834529793360752,-0.0063018232584043,0.9356704702953914,True,CR1,3,0,0.3226978045229296,10,10,0.2819096109853529,0.2819096109853529,0.0634653187427509,0.167413850625356,3,3,0.2893249861615425,0.0622371084500457,lower_than_matched_background,unresolved,0.2419973528762173,-0.2061981655848392,-0.2485030900332124,0.1364329441116188,0.0023078333642027,1.0,-0.0788064526096178,0.6017316017316018,0.9293432064516404,True,False,True,D,True,False,True,False,False,held_out_protein_prediction;confirmation_seeds;specificity;brain_disease_support;independent_direction,0.0032232129015028,0.0032694663386791,0.2028218060731887,0.0138082774356007,0.8,decrease,-0.0299437083303928,0.0010587191209197,3.0,2.0,raw,CD35__pDC__x__microglia_mhc2__up,D,0.0003804024610953,0.6204863304718372,0.0598244116368321,0.920682232157642,ok,ok,True,,0.0064387089703545,0.0064387089703545,0.0035517885504911,0.0300194991829303,0.0401744668917537,0.0212401426904625,1.854313929875692,0.3926397959391276,1.0,3,28,30,0,58,0.0,True,microglia_mhc2,ok,ok,True,-0.2061981655848392,0.1364329441116188,0.1495700859828034,0.850629874025195,-0.0456255235572958,-0.4721213917127747,0.997000599880024,0.0031993601279744,True,False,0.955244110539422,0.0464888276339076,0.5343795090747108,1.0,1.0,0.0266736670925096,1.0,0.2100276915993622,False,0.9999999994814964,0.010994367186046,1.0,0.0622371084500457,10,0.5535253496031493,1.0,1.0,0.0247117885597899,1.0,0.2095029578211816,False,held_out_protein_prediction;confirmation_seeds;specificity;brain_disease_support;independent_direction;primary_genetic_enrichment,tested_below_requirements,False,unique,True,True,Membrane,"Present on erythrocytes, a subset of T cells, mature B cells, follicular dendritic cells, monocytes and granulocytes",P17927,0,0,,,pass,Resolved assay object and directly measured ADT in matched source-cell context; RNA/ADT context retained.,pass,pass,0.2100276915993622,not_supported,pass,Extracellular/cell-surface route supported by UniProt; specific clinical route is recorded under C6.,not_established,"CR1-derived Mirococept supports a functional-analogue route, not direct targeting of endogenous CD35.",False,3,False,False,tested_not_supported,C4:not_supported;C6:not_established,down,increase,False
raw::CD35__pDC__x__astro__up,CD35,pDC__x__astro,up,72,0.0001999600079984,0.0704225352112676,1.1460614256424044,1.1026928722757852,True,0.9339622641509434,0.0003425667266352,0.8,0.8,0.8,1.0913614952999062,-0.6255462760329312,0.1757018020901603,5,212,0.00042204193984,0.5413287807654004,CR1,unique,pDC,astro,0.0126833263784646,0.834529793360752,-0.0063018232584043,0.9356704702953914,True,CR1,3,0,0.1277168560245903,9,10,0.322647325772371,0.322647325772371,0.0634653187427509,0.167413850625356,3,3,0.2893249861615425,0.3307673539417372,lower_than_matched_background,unresolved,0.3954074059341055,-0.1995360801073845,0.0503613348239136,-0.4207076095400203,1.0,0.004829141698542,0.058318737365237,0.422077922077922,0.8551540300792756,True,False,True,D,True,True,True,False,False,held_out_protein_prediction;confirmation_seeds;specificity;brain_disease_support;independent_direction,0.0001027604666887,0.0007858920143917,0.0140994396060705,0.0067462110891938,0.6,unresolved,0.0276481322944164,0.0002876016078516,3.0,2.0,raw,CD35__pDC__x__astro__up,D,0.0003804024610953,0.5958555386372287,0.3151362189342031,0.8386645879253802,ok,ok,True,,0.0064387089703545,0.0064387089703545,0.0035517885504911,0.0300194991829303,0.0401744668917537,0.0212401426904625,1.854313929875692,0.3926397959391276,1.0,3,25,47,0,72,0.0,True,astro,ok,ok,True,-0.1995360801073845,-0.4207076095400203,0.9996000799840032,0.0005998800239952,-0.0080109455646466,0.0294631465170978,0.4225154969006199,0.5776844631073785,True,False,0.95657298058287,0.0496631578040973,1.0,0.0088261617279121,1.0,1.0,1.0,0.2222430367855357,False,0.914888459293607,0.0959123908495094,1.0,0.3307673539417372,9,1.0,0.007179926021964,1.0,1.0,1.0,0.2216149286777047,False,held_out_protein_prediction;confirmation_seeds;specificity;brain_disease_support;independent_direction;primary_genetic_enrichment,tested_below_requirements,False,unique,True,True,Membrane,"Present on erythrocytes, a subset of T cells, mature B cells, follicular dendritic cells, monocytes and granulocytes",P17927,0,0,,,pass,Resolved assay object and directly measured ADT in matched source-cell context; RNA/ADT context retained.,pass,pass,0.2222430367855357,not_supported,pass,Extracellular/cell-surface route supported by UniProt; specific clinical route is recorded under C6.,not_established,"CR1-derived Mirococept supports a functional-analogue route, not direct targeting of endogenous CD35.",False,3,False,False,tested_not_supported,C4:not_supported;C6:not_established,down,increase,False
raw::CD35__pDC__x__astro__down,CD35,pDC__x__astro,down,52,0.0001999600079984,0.323943661971831,0.1692630071747975,0.0739876773830208,True,0.6792452830188679,0.0006455713832825,1.0,1.0,1.0,2.0566847139597786,0.6253982923248621,0.2078704432245962,5,212,0.00042204193984,0.6592549812301473,CR1,unique,pDC,astro,0.0126833263784646,0.834529793360752,-0.0063018232584043,0.9356704702953914,True,CR1,3,0,0.3943587850498111,10,10,0.3410848515578827,0.3410848515578827,0.0634653187427509,0.167413850625356,3,3,0.2893249861615425,6.187325941675501e-05,lower_than_matched_background,unresolved,0.240797955657937,-0.0194193504235228,-0.258368527321363,-0.3353117830354111,0.0023078333642027,0.0069023080629775,0.0400093782349874,0.9155844155844156,1.0,True,False,True,D,True,True,True,False,False,held_out_protein_prediction;specificity;brain_disease_support;independent_direction,0.0015047091292217,0.0014105266891419,0.21895532310009,0.0063859433867037,1.0,decrease,0.0279383491724729,-0.0005416215863078,3.0,2.0,raw,CD35__pDC__x__astro__down,D,0.0003804024610953,0.6792785462435584,4.850419235157486e-05,1.0,ok,ok,True,,0.0064387089703545,0.0064387089703545,0.0035517885504911,0.0300194991829303,0.0401744668917537,0.0212401426904625,1.854313929875692,0.3926397959391276,1.0,3,32,20,0,52,0.0,True,astro,ok,ok,True,-0.0194193504235228,-0.3353117830354111,0.9992001599680064,0.000999800039992,0.0608407574719028,0.0634636331491751,0.3649270145970806,0.6352729454109178,False,False,0.9302846192956964,0.0748261879513742,1.0,0.0119504894832551,1.0,1.0,1.0,0.3139262243668985,False,1.0,1.4719887612814613e-06,1.0,6.187325941675501e-05,10,1.0,0.0102622918039342,1.0,1.0,1.0,0.3140380188089096,False,held_out_protein_prediction;specificity;brain_disease_support;independent_direction,tested_below_requirements,False,unique,True,True,Membrane,"Present on erythrocytes, a subset of T cells, mature B cells, follicular dendritic cells, monocytes and granulocytes",P17927,0,0,,,pass,Resolved assay object and directly measured ADT in matched source-cell context; RNA/ADT context retained.,pass,pass,0.3139262243668985,not_supported,pass,Extracellular/cell-surface route supported by UniProt; specific clinical route is recorded under C6.,not_established,"CR1-derived Mirococept supports a functional-analogue route, not direct targeting of endogenous CD35.",False,3,False,False,tested_not_supported,C4:not_supported;C6:not_established,down,decrease,False
raw::CD35__nonclassical_mono__x__astro__up,CD35,nonclassical_mono__x__astro,up,65,0.0001999600079984,0.0798122065727699,1.0969575482534697,1.042029249615559,True,0.9245283018867924,0.0004061737266791,0.8,0.8,0.8,1.294377199890268,-0.6721854890764358,0.1848610769175804,5,212,0.00042204193984,0.5493807063486442,CR1,unique,nonclassical_mono,astro,-0.0241457343448039,0.8738499338508322,-0.0050958363122705,0.7597982213676577,True,CR1,3,0,0.1253637897997294,9,10,0.3621586486361505,0.3621586486361505,0.3192125235635991,0.1861268098155657,3,3,0.5967866187753641,0.6606728570671746,higher_than_matched_background,up,0.4604369622475734,0.0304972581909936,0.1566575728869499,-0.1760966395492203,0.141939572652321,1.0,0.2727583000780256,0.0541125541125541,0.8041883116883116,True,True,True,D,True,True,True,False,True,confirmation_seeds;specificity;brain_disease_support,0.0026533820200711,0.0027615998405963,0.2767028212547302,0.0087543539702892,1.0,decrease,0.0951740592718124,0.0005963482544757,3.0,2.0,raw,CD35__nonclassical_mono__x__astro__up,D,0.0003804024610953,0.6047747082561309,0.6455832030991365,0.7846320346320346,ok,ok,True,,0.2302478263699385,0.2302478263699385,0.1445081681013107,0.1452074902543586,0.1439777888546225,-0.2006029384781818,2.7450009981791177,0.6075178782145182,1.0,3,29,36,0,65,0.0,True,astro,ok,ok,True,0.0304972581909936,-0.1760966395492203,0.9538092381523696,0.0463907218556288,0.2086314801999874,0.4191976206628735,0.0025994801039792,0.9976004799040192,True,False,0.0843766642705539,0.919056091646234,1.0,0.1974705121126175,0.0224371004816049,1.0,0.3467721413675509,1.0,False,0.2553849305132639,0.7459624126071616,0.6606728570671746,1.0,9,1.0,0.2016235364640737,0.0207007883002095,1.0,0.3482840637257556,1.0,False,confirmation_seeds;specificity;brain_disease_support;primary_genetic_enrichment,tested_below_requirements,False,unique,True,True,Membrane,"Present on erythrocytes, a subset of T cells, mature B cells, follicular dendritic cells, monocytes and granulocytes",P17927,0,0,,,pass,Resolved assay object and directly measured ADT in matched source-cell context; RNA/ADT context retained.,pass,pass,0.3467721413675509,not_supported,pass,Extracellular/cell-surface route supported by UniProt; specific clinical route is recorded under C6.,not_established,"CR1-derived Mirococept supports a functional-analogue route, not direct targeting of endogenous CD35.",False,3,False,False,tested_not_supported,C4:not_supported;C6:not_established,up,decrease,False
relative::CD35__nonclassical_mono__x__astro__up,CD35,nonclassical_mono__x__astro,up,45,0.0001999600079984,0.0938967136150234,0.8238935955955382,1.0962884080532314,False,0.910377358490566,0.0002308297770045,0.6,0.6,0.7,0.7355985401942238,-0.6727376094636917,0.2220356109104775,5,212,0.00042204193984,0.5636271617434665,CR1,unique,nonclassical_mono,astro,-0.0241457343448039,0.8738499338508322,-0.0050958363122705,0.7597982213676577,True,CR1,3,0,0.061836315576033,9,10,0.289502317651152,0.289502317651152,0.3192125235635991,0.1861268098155657,3,3,0.5967866187753641,0.0624173080730563,lower_than_matched_background,unresolved,0.2858958766723956,-0.5700657018142581,-0.0482095374902427,-0.7376370050755781,0.8828397497395828,0.0165613936036322,0.059757731495956,0.6536796536796536,0.956324058421529,True,True,True,D,True,False,True,False,False,confirmation_seeds;specificity;brain_disease_support;independent_direction,0.0029918830841779,0.0069323214702308,0.2888018786907196,0.01020416803658,0.8,decrease,0.0084158424288034,0.0003384673036634,3.0,2.0,relative,CD35__nonclassical_mono__x__astro__up,D,0.000601186952152,0.4607198748043818,0.069890566204298,0.9683012547705994,ok,ok,True,,0.2302478263699385,0.2302478263699385,0.1445081681013107,0.1452074902543586,0.1439777888546225,-0.2006029384781818,2.7450009981791177,0.6075178782145182,1.0,3,5,40,0,45,0.0,True,astro,ok,ok,True,-0.5700657018142581,-0.7376370050755781,0.9998000399920016,0.0003999200159968,0.0559142884383127,0.1171334484491782,0.2503499300139972,0.7498500299940012,False,False,0.922291003704357,0.094182026880757,1.0,0.0080442061367462,0.9096268809898498,1.0,1.0,0.3812368215758302,False,0.991743676347766,0.0110453755854204,1.0,0.0624173080730563,9,1.0,0.0216427302774739,0.896194301995632,1.0,1.0,0.3755036391345457,False,confirmation_seeds;specificity;brain_disease_support;independent_direction;primary_genetic_enrichment,tested_below_requirements,False,unique,True,True,Membrane,"Present on erythrocytes, a subset of T cells, mature B cells, follicular dendritic cells, monocytes and granulocytes",P17927,0,0,,,pass,Resolved assay object and directly measured ADT in matched source-cell context; RNA/ADT context retained.,pass,pass,0.3812368215758302,not_supported,pass,Extracellular/cell-surface route supported by UniProt; specific clinical route is recorded under C6.,not_established,"CR1-derived Mirococept supports a functional-analogue route, not direct targeting of endogenous CD35.",False,3,False,False,tested_not_supported,C4:not_supported;C6:not_established,down,increase,False
raw::CD22__pDC__x__microglia_mhc2__down,CD22,pDC__x__microglia_mhc2,down,26,0.0001999600079984,0.5258215962441315,8.845202869951496e-05,0.4771242426765811,False,0.4764150943396226,0.0009489879690486,0.2,0.2,0.4,3.9773024544989,0.062139244692888,0.35126277972874,5,212,0.00042204193984,0.7343703329274177,CD22,unique,pDC,microglia_mhc2,-0.0079334685578943,0.9694663374143332,-0.0033336699008957,0.9694477562323878,True,CD22,19,2,0.3608001710127999,10,10,0.3242313240364707,0.3242313240364707,0.0679207588257913,0.2915778651833534,3,3,0.5567894202502464,0.3194712409617928,higher_than_matched_background,up,0.3929880277322393,0.2766877651351512,-0.0679986076086041,0.7403628935701374,1.0,0.004829141698542,-0.1883764857555014,0.5173160173160173,0.8933633444148309,True,False,True,D,True,False,True,False,False,held_out_protein_prediction;confirmation_seeds;specificity;brain_disease_support;independent_direction,-0.0025523731019347,0.0169847980141639,0.0834270268678665,0.0428193509578704,0.8,decrease,0.0748973712325096,-0.0015169155085459,3.0,2.0,raw,CD22__pDC__x__microglia_mhc2__down,D,0.0003804024610953,0.7525258215962443,0.3046182549374878,0.8810977008856866,ok,ok,True,,0.0310838950079456,0.0310838950079456,0.0168289722253878,-0.0897823228357149,-0.0817748562920023,-0.0232210218929495,0.3896509607632955,0.5681356191635132,1.0,3,0,26,0,26,0.0,False,microglia_mhc2,ok,ok,True,0.2766877651351512,0.7403628935701374,0.0005998800239952,0.9996000799840032,0.0762573925830614,-0.2877443118822202,0.79124175164967,0.2089582083583283,True,False,0.1274782112585683,0.8854439900684472,0.0088261617279121,1.0,1.0,0.799974717186244,0.4917478281666766,1.0,False,0.0911908710877945,0.9192033365805165,0.3194712409617928,1.0,10,0.007179926021964,1.0,1.0,0.8002076954639653,0.4969170118242559,1.0,False,held_out_protein_prediction;confirmation_seeds;specificity;brain_disease_support;independent_direction;primary_genetic_enrichment,tested_below_requirements,False,unique,True,True,Cell membrane,B-lymphocytes,P20273,12,2,INOTUZUMAB OZOGAMICIN;MOXETUMOMAB PASUDOTOX;BECTUMOMAB;EPRATUZUMAB;EPRATUZUMAB 90Y;INOTUZUMAB,INOTUZUMAB OZOGAMICIN;MOXETUMOMAB PASUDOTOX,pass,Resolved assay object and directly measured ADT in matched source-cell context; RNA/ADT context retained.,pass,pass,0.4917478281666766,not_supported,pass,Extracellular/cell-surface route supported by UniProt; specific clinical route is recorded under C6.,pass,Direct molecular target with documented clinical development; stages and withdrawal flags kept separately.,False,3,False,False,tested_not_supported,C4:not_supported,up,increase,False
raw::CD35__classical_mono__x__astro__up,CD35,classical_mono__x__astro,up,73,0.0001999600079984,0.0892018779342723,1.030716399393869,1.0726132605981156,False,0.9150943396226416,0.0002493041449461,0.8,0.8,0.8,0.7921463103676845,-0.6599896347451291,0.175092888557594,5,212,0.00042204193984,0.5584494167932641,CR1,unique,classical_mono,astro,0.0103630309188089,0.9565785306366243,0.0024392024029145,0.9798505766803568,True,CR1,3,0,0.1610907854996755,10,10,0.3404287965276296,0.3404287965276296,0.5272806117934402,0.5411215444405874,3,3,0.7793784205722893,0.4992753137793599,lower_than_matched_background,unresolved,0.4181036206555276,-0.1858055793987284,0.0730014924402105,-0.4308079528605866,1.0,0.0069023080629775,0.0923907746009323,0.1861471861471861,0.8041883116883116,True,True,True,D,True,True,True,False,False,confirmation_seeds;specificity;brain_disease_support;independent_direction,0.001359668560326,0.0027927374467253,0.0640169382095336,0.0144819840788841,0.6,unresolved,0.0106049487367272,0.0004876488819718,3.0,2.0,raw,CD35__classical_mono__x__astro__up,D,0.0003804024610953,0.6047747082561309,0.4833929125703848,0.7846320346320346,ok,ok,True,,0.4186087187301046,0.4186087187301046,0.3558830022811889,0.2760178649847278,0.2762185026757198,-0.1485695458729289,4.196978569030762,0.7896803220113119,1.0,3,27,46,0,73,0.0,True,astro,ok,ok,True,-0.1858055793987284,-0.4308079528605866,0.9992001599680064,0.000999800039992,0.0570949320974576,0.135216750955938,0.1695660867826434,0.830633873225355,False,False,0.8343909245536243,0.1750761024074494,1.0,0.0119504894832551,0.6829509722871654,1.0,1.0,0.6387410269146698,False,0.838991145937837,0.1706206167746936,1.0,0.4992753137793599,10,1.0,0.0102622918039342,0.6783997833021256,1.0,1.0,0.646484479881249,False,confirmation_seeds;specificity;brain_disease_support;independent_direction;primary_genetic_enrichment,tested_below_requirements,False,unique,True,True,Membrane,"Present on erythrocytes, a subset of T cells, mature B cells, follicular dendritic cells, monocytes and granulocytes",P17927,0,0,,,pass,Resolved assay object and directly measured ADT in matched source-cell context; RNA/ADT context retained.,pass,pass,0.6387410269146698,not_supported,pass,Extracellular/cell-surface route supported by UniProt; specific clinical route is recorded under C6.,not_established,"CR1-derived Mirococept supports a functional-analogue route, not direct targeting of endogenous CD35.",False,3,False,False,tested_not_supported,C4:not_supported;C6:not_established,down,increase,False
raw::CD22__cDC__x__astro__down,CD22,cDC__x__astro,down,38,0.0001999600079984,0.2065727699530516,0.415359476136331,0.6679721225647937,False,0.7971698113207547,0.0007286331665175,0.8,0.8,0.9,2.8925714927001938,0.4644542103357342,0.275922368393092,5,212,0.00042204193984,0.6465468413699355,CD22,unique,cDC,astro,0.0481255416067377,0.761966589491438,-0.004623714430678,0.9270833168227528,True,CD22,19,2,0.385675429488599,10,10,0.3563983981835286,0.3563983981835286,0.5737049941489504,0.3133793239792188,3,3,0.8496200853828979,0.4102846538238355,lower_than_matched_background,up,0.4002421439514928,0.1768860293314534,-0.0394885652938787,-0.1456855151944769,0.8418851364862163,0.2717701310107197,0.0874853474708583,0.683982683982684,0.9692649746429252,True,True,True,D,True,True,True,False,True,confirmation_seeds;specificity;brain_disease_support,-0.0024057882837951,0.0023446907289326,-0.224139779806137,0.0146180633455514,1.0,increase,0.0791017338633537,-0.0015415730886161,3.0,2.0,raw,CD22__cDC__x__astro__down,D,0.0003804024610953,0.6705917075144755,0.3938011078933325,0.966841320227942,ok,ok,True,,0.1028056780097743,0.1028056780097743,0.0508687858625004,0.2311207507197037,0.2318386570480041,0.0337607562634151,0.6989190777142843,0.8341660996278127,1.0,3,26,12,0,38,0.0,True,astro,ok,ok,True,0.1768860293314534,-0.1456855151944769,0.8964207158568286,0.1037792441511697,0.1445957724319013,0.2680675613271466,0.1189762047590481,0.8812237552489502,True,False,0.3922919687152808,0.6082669969566799,1.0,0.3916165527225131,0.5255517745209419,1.0,1.0,1.0,False,0.8712579734834521,0.1289739903172314,1.0,0.4102846538238355,10,1.0,0.4040654752842668,0.5153063637164482,1.0,1.0,1.0,False,confirmation_seeds;specificity;brain_disease_support;primary_genetic_enrichment,tested_below_requirements,False,unique,True,True,Cell membrane,B-lymphocytes,P20273,12,2,INOTUZUMAB OZOGAMICIN;MOXETUMOMAB PASUDOTOX;BECTUMOMAB;EPRATUZUMAB;EPRATUZUMAB 90Y;INOTUZUMAB,INOTUZUMAB OZOGAMICIN;MOXETUMOMAB PASUDOTOX,pass,Resolved assay object and directly measured ADT in matched source-cell context; RNA/ADT context retained.,pass,pass,1.0,not_supported,pass,Extracellular/cell-surface route supported by UniProt; specific clinical route is recorded under C6.,pass,Direct molecular target with documented clinical development; stages and withdrawal flags kept separately.,False,3,False,False,tested_not_supported,C4:not_supported,up,increase,False
raw::CD22__pDC__x__microglia_homeostatic__up,CD22,pDC__x__microglia_homeostatic,up,22,0.0001999600079984,0.2253521126760563,0.3703466900283641,0.6439934555008745,False,0.7783018867924528,0.0006670012282106,0.8,0.8,0.6,2.01245321760019,0.1760400159517652,0.3760663077039148,5,212,0.00042204193984,0.6477624814154873,CD22,unique,pDC,microglia_homeostatic,-0.0079334685578943,0.9694663374143332,-0.0033336699008957,0.9694477562323878,True,CD22,19,2,0.3819897073431921,10,10,0.162701347142317,0.162701347142317,0.0679207588257913,0.2915778651833534,3,3,0.5567894202502464,0.987613098550946,higher_than_matched_background,unresolved,0.4357391894626087,,0.0030961940231333,,0.9940841278104144,1.0,,,,True,False,True,D,True,True,True,False,False,held_out_protein_prediction;confirmation_seeds;specificity;brain_disease_support;independent_direction,,,,,,,,,,,raw,CD22__pDC__x__microglia_homeostatic__up,D,0.0003804024610953,0.676148128950047,0.9854903164923912,,ok,insufficient_donors,False,Kamath:insufficient_donors;GSE157783:insufficient_state_or_gene_coverage,0.0310838950079456,0.0310838950079456,0.0168289722253878,-0.0897823228357149,-0.0817748562920023,-0.0232210218929495,0.3896509607632955,0.5681356191635132,1.0,3,22,0,0,22,0.0,False,microglia_homeostatic,insufficient_donors,insufficient_donors,False,,,1.0,1.0,,,1.0,1.0,False,False,1.0,1.0,1.0,1.0,1.0,1.0,1.0,1.0,False,0.4893021395720855,0.5108978204359128,0.987613098550946,1.0,10,1.0,1.0,1.0,1.0,1.0,1.0,False,held_out_protein_prediction;confirmation_seeds;specificity;brain_disease_support;independent_direction;primary_genetic_enrichment,incomplete_coverage,False,unique,True,True,Cell membrane,B-lymphocytes,P20273,12,2,INOTUZUMAB OZOGAMICIN;MOXETUMOMAB PASUDOTOX;BECTUMOMAB;EPRATUZUMAB;EPRATUZUMAB 90Y;INOTUZUMAB,INOTUZUMAB OZOGAMICIN;MOXETUMOMAB PASUDOTOX,pass,Resolved assay object and directly measured ADT in matched source-cell context; RNA/ADT context retained.,pass,pass,1.0,unresolved,pass,Extracellular/cell-surface route supported by UniProt; specific clinical route is recorded under C6.,pass,Direct molecular target with documented clinical development; stages and withdrawal flags kept separately.,False,3,False,False,unresolved_evidence,C4:unresolved,down,unresolved,False
raw::CD35__cDC__x__astro__up,CD35,cDC__x__astro,up,66,0.0001999600079984,0.0798122065727699,1.1465523076135955,0.9236956948695908,True,0.9245283018867924,0.0004658307985953,1.0,1.0,0.9,1.4248931728739862,-0.6183090115288398,0.1883475092588899,5,212,0.00042204193984,0.5493807063486442,CR1,unique,cDC,astro,0.0095521627054099,0.8783762002443659,-0.0021982294513326,0.9158544039508688,True,CR1,3,0,0.1496356381021566,10,10,0.3478917271034866,0.3478917271034866,0.1578746759447098,0.1906635120511054,3,3,0.3171642831025405,0.8723921532726582,lower_than_matched_background,unresolved,0.4270954168438311,-0.0199130932745474,0.0963727908034661,-0.2385504375179977,1.0,0.0406741293250783,0.1883278481662969,0.1753246753246753,0.8041883116883116,True,False,True,D,True,True,True,False,False,held_out_protein_prediction;confirmation_seeds;specificity;brain_disease_support;independent_direction,0.0016259758267551,0.0022468417882919,0.2302978783845901,0.0049654901959002,0.8,decrease,0.084608294069767,0.0004084387037437,3.0,2.0,raw,CD35__cDC__x__astro__up,D,0.0003804024610953,0.6047747082561309,0.8665753380920317,0.7846320346320346,ok,ok,True,,0.0627836784109681,0.0627836784109681,0.0272677469377716,0.1525734929247052,0.1192460709608148,-0.0651163355717342,1.981459736824036,0.459360937277476,1.0,3,29,37,0,66,0.0,True,astro,ok,ok,True,-0.0199130932745474,-0.2385504375179977,0.989002199560088,0.0111977604479104,0.1510946356654479,0.2896868989782795,0.0241951609678064,0.976004799040192,False,False,0.3608099196560169,0.6417166133630817,1.0,0.0611834553711514,0.1482224127625277,1.0,1.0,1.0,False,0.601049966401073,0.4008494826031618,1.0,0.8723921532726582,10,1.0,0.0604739429472596,0.1424968386687154,1.0,1.0,1.0,False,held_out_protein_prediction;confirmation_seeds;specificity;brain_disease_support;independent_direction;primary_genetic_enrichment,tested_below_requirements,False,unique,True,True,Membrane,"Present on erythrocytes, a subset of T cells, mature B cells, follicular dendritic cells, monocytes and granulocytes",P17927,0,0,,,pass,Resolved assay object and directly measured ADT in matched source-cell context; RNA/ADT context retained.,pass,pass,1.0,not_supported,pass,Extracellular/cell-surface route supported by UniProt; specific clinical route is recorded under C6.,not_established,"CR1-derived Mirococept supports a functional-analogue route, not direct targeting of endogenous CD35.",False,3,False,False,tested_not_supported,C4:not_supported;C6:not_established,down,increase,False
raw::CD35__cDC__x__microglia_homeostatic__up,CD35,cDC__x__microglia_homeostatic,up,28,0.0001999600079984,0.0798122065727699,0.7761231186346867,0.5268832555681857,True,0.9245283018867924,0.0018617318611836,0.8,0.8,0.6,5.955868467724573,-0.2180918248435007,0.3318774700523461,5,212,0.00042204193984,0.5493807063486442,CR1,unique,cDC,microglia_homeostatic,0.0095521627054099,0.8783762002443659,-0.0021982294513326,0.9158544039508688,True,CR1,3,0,0.3291762708420631,10,10,0.1659593387269777,0.1659593387269777,0.1578746759447098,0.1906635120511054,3,3,0.3171642831025405,0.9067706595518092,lower_than_matched_background,unresolved,0.4204894788462733,,-0.0196462113175384,,0.9573325513468736,1.0,,,,True,False,True,D,True,True,True,False,False,held_out_protein_prediction;confirmation_seeds;specificity;brain_disease_support;independent_direction,,,,,,,,,,,raw,CD35__cDC__x__microglia_homeostatic__up,D,0.0003804024610953,0.6047747082561309,0.9003190706591635,,ok,insufficient_donors,False,Kamath:insufficient_donors;GSE157783:insufficient_state_or_gene_coverage,0.0627836784109681,0.0627836784109681,0.0272677469377716,0.1525734929247052,0.1192460709608148,-0.0651163355717342,1.981459736824036,0.459360937277476,1.0,3,28,0,0,28,0.0,False,microglia_homeostatic,insufficient_donors,insufficient_donors,False,,,1.0,1.0,,,1.0,1.0,False,False,1.0,1.0,1.0,1.0,1.0,1.0,1.0,1.0,False,0.5744851029794041,0.4257148570285943,1.0,0.9067706595518092,10,1.0,1.0,1.0,1.0,1.0,1.0,False,held_out_protein_prediction;confirmation_seeds;specificity;brain_disease_support;independent_direction;primary_genetic_enrichment,incomplete_coverage,False,unique,True,True,Membrane,"Present on erythrocytes, a subset of T cells, mature B cells, follicular dendritic cells, monocytes and granulocytes",P17927,0,0,,,pass,Resolved assay object and directly measured ADT in matched source-cell context; RNA/ADT context retained.,pass,pass,1.0,unresolved,pass,Extracellular/cell-surface route supported by UniProt; specific clinical route is recorded under C6.,not_established,"CR1-derived Mirococept supports a functional-analogue route, not direct targeting of endogenous CD35.",False,3,False,False,unresolved_evidence,C4:unresolved;C6:not_established,down,unresolved,False
raw::CD35__classical_mono__x__microglia_homeostatic__up,CD35,classical_mono__x__microglia_homeostatic,up,41,0.0001999600079984,0.0751173708920187,0.7057915322642573,0.415465738015407,True,0.929245283018868,0.0010697104081232,0.8,0.8,0.6,3.065614424912551,-0.2249634654606374,0.2772388289712484,5,212,0.00042204193984,0.5493807063486442,CR1,unique,classical_mono,microglia_homeostatic,0.0103630309188089,0.9565785306366243,0.0024392024029145,0.9798505766803568,True,CR1,3,0,0.3005507884225205,10,10,0.1304928607162335,0.1304928607162335,0.5272806117934402,0.5411215444405874,3,3,0.7793784205722893,0.464432616324342,lower_than_matched_background,unresolved,0.3640854492313087,,-0.0841498724023043,,0.5885451830827407,1.0,,,,True,True,True,D,True,True,True,False,False,confirmation_seeds;specificity;brain_disease_support;independent_direction,,,,,,,,,,,raw,CD35__classical_mono__x__microglia_homeostatic__up,D,0.0003804024610953,0.6047747082561309,0.4479381355522057,,ok,insufficient_donors,False,Kamath:insufficient_donors;GSE157783:insufficient_state_or_gene_coverage,0.4186087187301046,0.4186087187301046,0.3558830022811889,0.2760178649847278,0.2762185026757198,-0.1485695458729289,4.196978569030762,0.7896803220113119,1.0,3,28,13,0,41,0.0,True,microglia_homeostatic,insufficient_donors,insufficient_donors,False,,,1.0,1.0,,,1.0,1.0,False,False,1.0,1.0,1.0,1.0,1.0,1.0,1.0,1.0,False,0.8466306738652268,0.1535692861427714,1.0,0.464432616324342,10,1.0,1.0,1.0,1.0,1.0,1.0,False,confirmation_seeds;specificity;brain_disease_support;independent_direction;primary_genetic_enrichment,incomplete_coverage,False,unique,True,True,Membrane,"Present on erythrocytes, a subset of T cells, mature B cells, follicular dendritic cells, monocytes and granulocytes",P17927,0,0,,,pass,Resolved assay object and directly measured ADT in matched source-cell context; RNA/ADT context retained.,pass,pass,1.0,unresolved,pass,Extracellular/cell-surface route supported by UniProt; specific clinical route is recorded under C6.,not_established,"CR1-derived Mirococept supports a functional-analogue route, not direct targeting of endogenous CD35.",False,3,False,False,unresolved_evidence,C4:unresolved;C6:not_established,down,unresolved,False
raw::CD35__nonclassical_mono__x__microglia_homeostatic__up,CD35,nonclassical_mono__x__microglia_homeostatic,up,43,0.0001999600079984,0.0751173708920187,0.7028244309966104,0.3925391895013924,True,0.929245283018868,0.000903882012125,0.8,0.8,0.6,2.826841416514185,-0.2567836074892464,0.2677345162263956,5,212,0.00042204193984,0.5493807063486442,CR1,unique,nonclassical_mono,microglia_homeostatic,-0.0241457343448039,0.8738499338508322,-0.0050958363122705,0.7597982213676577,True,CR1,3,0,0.2796258771966777,10,10,0.133274878152997,0.133274878152997,0.3192125235635991,0.1861268098155657,3,3,0.5967866187753641,0.2301592055689581,lower_than_matched_background,unresolved,0.3320858518388704,,-0.1287435162442704,,0.2998125131508808,1.0,,,,True,True,True,D,True,True,True,False,False,confirmation_seeds;specificity;brain_disease_support;independent_direction,,,,,,,,,,,raw,CD35__nonclassical_mono__x__microglia_homeostatic__up,D,0.0003804024610953,0.6047747082561309,0.2189944639301267,,ok,insufficient_donors,False,Kamath:insufficient_donors;GSE157783:insufficient_state_or_gene_coverage,0.2302478263699385,0.2302478263699385,0.1445081681013107,0.1452074902543586,0.1439777888546225,-0.2006029384781818,2.7450009981791177,0.6075178782145182,1.0,3,29,14,0,43,0.0,True,microglia_homeostatic,insufficient_donors,insufficient_donors,False,,,1.0,1.0,,,1.0,1.0,False,False,1.0,1.0,1.0,1.0,1.0,1.0,1.0,1.0,False,0.9418116376724656,0.0583883223355328,1.0,0.2301592055689581,10,1.0,1.0,1.0,1.0,1.0,1.0,False,confirmation_seeds;specificity;brain_disease_support;independent_direction;primary_genetic_enrichment,incomplete_coverage,False,unique,True,True,Membrane,"Present on erythrocytes, a subset of T cells, mature B cells, follicular dendritic cells, monocytes and granulocytes",P17927,0,0,,,pass,Resolved assay object and directly measured ADT in matched source-cell context; RNA/ADT context retained.,pass,pass,1.0,unresolved,pass,Extracellular/cell-surface route supported by UniProt; specific clinical route is recorded under C6.,not_established,"CR1-derived Mirococept supports a functional-analogue route, not direct targeting of endogenous CD35.",False,3,False,False,unresolved_evidence,C4:unresolved;C6:not_established,down,unresolved,False
raw::CD35__pDC__x__microglia_homeostatic__up,CD35,pDC__x__microglia_homeostatic,up,30,0.0001999600079984,0.0704225352112676,0.7505100170191836,0.5422588221531291,True,0.9339622641509434,0.0018309150185242,0.8,0.8,0.6,5.631193893685058,-0.2637995559030164,0.3206824404253861,5,212,0.00042204193984,0.5413287807654004,CR1,unique,pDC,microglia_homeostatic,0.0126833263784646,0.834529793360752,-0.0063018232584043,0.9356704702953914,True,CR1,3,0,0.3624941085839736,10,10,0.1659324195389321,0.1659324195389321,0.0634653187427509,0.167413850625356,3,3,0.2893249861615425,0.765878229312815,lower_than_matched_background,unresolved,0.4047444318292855,,-0.0428277785689205,,0.8606337991660927,1.0,,,,True,False,True,D,True,True,True,False,False,held_out_protein_prediction;confirmation_seeds;specificity;brain_disease_support;independent_direction,,,,,,,,,,,raw,CD35__pDC__x__microglia_homeostatic__up,D,0.0003804024610953,0.5958555386372287,0.7572615830651374,,ok,insufficient_donors,False,Kamath:insufficient_donors;GSE157783:insufficient_state_or_gene_coverage,0.0064387089703545,0.0064387089703545,0.0035517885504911,0.0300194991829303,0.0401744668917537,0.0212401426904625,1.854313929875692,0.3926397959391276,1.0,3,30,0,0,30,0.0,False,microglia_homeostatic,insufficient_donors,insufficient_donors,False,,,1.0,1.0,,,1.0,1.0,False,False,1.0,1.0,1.0,1.0,1.0,1.0,1.0,1.0,False,0.6754649070185963,0.3247350529894021,1.0,0.765878229312815,10,1.0,1.0,1.0,1.0,1.0,1.0,False,held_out_protein_prediction;confirmation_seeds;specificity;brain_disease_support;independent_direction;primary_genetic_enrichment,incomplete_coverage,False,unique,True,True,Membrane,"Present on erythrocytes, a subset of T cells, mature B cells, follicular dendritic cells, monocytes and granulocytes",P17927,0,0,,,pass,Resolved assay object and directly measured ADT in matched source-cell context; RNA/ADT context retained.,pass,pass,1.0,unresolved,pass,Extracellular/cell-surface route supported by UniProt; specific clinical route is recorded under C6.,not_established,"CR1-derived Mirococept supports a functional-analogue route, not direct targeting of endogenous CD35.",False,3,False,False,unresolved_evidence,C4:unresolved;C6:not_established,down,unresolved,False
relative::CD35__classical_mono__x__microglia_homeostatic__up,CD35,classical_mono__x__microglia_homeostatic,up,22,0.0001999600079984,0.056338028169014,0.9063854439587457,0.4328483982122768,True,0.9481132075471698,0.001466597191363,0.8,0.8,0.6,4.203026792332567,-0.2271070328756049,0.3735292760051963,5,212,0.00042204193984,0.5271299930731924,CR1,unique,classical_mono,microglia_homeostatic,0.0103630309188089,0.9565785306366243,0.0024392024029145,0.9798505766803568,True,CR1,3,0,0.0756960568068618,7,10,0.1243051864249465,0.1243051864249465,0.5272806117934402,0.5411215444405874,3,3,0.7793784205722893,0.733178172913948,lower_than_matched_background,unresolved,0.3234555939368332,,-0.0704222038835573,,0.8524929763082133,1.0,,,,True,True,True,D,True,True,True,False,False,confirmation_seeds;specificity;brain_disease_support;independent_direction,,,,,,,,,,,relative,CD35__classical_mono__x__microglia_homeostatic__up,D,0.000601186952152,0.4143928763231294,0.7637593249931296,,ok,insufficient_donors,False,Kamath:insufficient_donors;GSE157783:insufficient_state_or_gene_coverage,0.4186087187301046,0.4186087187301046,0.3558830022811889,0.2760178649847278,0.2762185026757198,-0.1485695458729289,4.196978569030762,0.7896803220113119,1.0,3,22,0,0,22,0.0,False,microglia_homeostatic,insufficient_donors,insufficient_donors,False,,,1.0,1.0,,,1.0,1.0,False,False,1.0,1.0,1.0,1.0,1.0,1.0,1.0,1.0,False,0.6996600679864027,0.3005398920215957,1.0,0.733178172913948,7,1.0,1.0,1.0,1.0,1.0,1.0,False,confirmation_seeds;specificity;brain_disease_support;independent_direction;primary_genetic_enrichment,incomplete_coverage,False,unique,True,True,Membrane,"Present on erythrocytes, a subset of T cells, mature B cells, follicular dendritic cells, monocytes and granulocytes",P17927,0,0,,,pass,Resolved assay object and directly measured ADT in matched source-cell context; RNA/ADT context retained.,pass,pass,1.0,unresolved,pass,Extracellular/cell-surface route supported by UniProt; specific clinical route is recorded under C6.,not_established,"CR1-derived Mirococept supports a functional-analogue route, not direct targeting of endogenous CD35.",False,3,False,False,unresolved_evidence,C4:unresolved;C6:not_established,down,unresolved,False
relative::CD35__nonclassical_mono__x__microglia_homeostatic__up,CD35,nonclassical_mono__x__microglia_homeostatic,up,27,0.0001999600079984,0.0516431924882629,0.9145291941610584,0.5346851702926972,True,0.9528301886792452,0.001485529223276,0.8,0.8,0.6,4.645911167018598,-0.2568135791754866,0.3315807984086746,5,212,0.00042204193984,0.5271299930731924,CR1,unique,nonclassical_mono,microglia_homeostatic,-0.0241457343448039,0.8738499338508322,-0.0050958363122705,0.7597982213676577,True,CR1,3,0,0.0957706560444522,10,10,0.1377182796732992,0.1377182796732992,0.3192125235635991,0.1861268098155657,3,3,0.5967866187753641,0.5982024959993163,lower_than_matched_background,unresolved,0.3238558517205839,,-0.0898573011160621,,0.7780777817565085,1.0,,,,True,True,True,D,True,True,True,False,False,confirmation_seeds;specificity;brain_disease_support;independent_direction,,,,,,,,,,,relative,CD35__nonclassical_mono__x__microglia_homeostatic__up,D,0.000601186952152,0.4043552092698032,0.6403414373089669,,ok,insufficient_donors,False,Kamath:insufficient_donors;GSE157783:insufficient_state_or_gene_coverage,0.2302478263699385,0.2302478263699385,0.1445081681013107,0.1452074902543586,0.1439777888546225,-0.2006029384781818,2.7450009981791177,0.6075178782145182,1.0,3,27,0,0,27,0.0,False,microglia_homeostatic,insufficient_donors,insufficient_donors,False,,,1.0,1.0,,,1.0,1.0,False,False,1.0,1.0,1.0,1.0,1.0,1.0,1.0,1.0,False,0.7794441111777644,0.2207558488302339,1.0,0.5982024959993163,10,1.0,1.0,1.0,1.0,1.0,1.0,False,confirmation_seeds;specificity;brain_disease_support;independent_direction;primary_genetic_enrichment,incomplete_coverage,False,unique,True,True,Membrane,"Present on erythrocytes, a subset of T cells, mature B cells, follicular dendritic cells, monocytes and granulocytes",P17927,0,0,,,pass,Resolved assay object and directly measured ADT in matched source-cell context; RNA/ADT context retained.,pass,pass,1.0,unresolved,pass,Extracellular/cell-surface route supported by UniProt; specific clinical route is recorded under C6.,not_established,"CR1-derived Mirococept supports a functional-analogue route, not direct targeting of endogenous CD35.",False,3,False,False,unresolved_evidence,C4:unresolved;C6:not_established,down,unresolved,False
relative::CD35__pDC__x__astro__up,CD35,pDC__x__astro,up,48,0.0001999600079984,0.0469483568075117,1.039919609445504,1.0583865371072565,False,0.9575471698113208,0.000357907312056,0.8,0.8,0.9,1.1402340884090942,-0.6252447952623277,0.2170521267413007,5,212,0.00042204193984,0.5271299930731924,CR1,unique,pDC,astro,0.0126833263784646,0.834529793360752,-0.0063018232584043,0.9356704702953914,True,CR1,3,0,0.0636903469852111,9,10,0.2908868092350886,0.2908868092350886,0.0634653187427509,0.167413850625356,3,3,0.2893249861615425,0.0781391409928388,lower_than_matched_background,unresolved,0.306337637330257,-0.4123468422361696,-0.044248362113512,-0.5626924264711961,0.8819048417390759,0.0165613936036322,0.1807183304704973,0.158008658008658,0.8041883116883116,True,False,True,D,True,True,True,False,False,held_out_protein_prediction;confirmation_seeds;specificity;brain_disease_support;independent_direction,0.0003234559553675,0.0011826381087303,0.1212791427969932,0.0033968691714107,0.8,decrease,0.0491769164800643,0.0003003203019034,3.0,2.0,relative,CD35__pDC__x__astro__up,D,0.000601186952152,0.3962613602101907,0.0886199985886053,0.8250894890986007,ok,ok,True,,0.0064387089703545,0.0064387089703545,0.0035517885504911,0.0300194991829303,0.0401744668917537,0.0212401426904625,1.854313929875692,0.3926397959391276,1.0,3,9,39,0,48,0.0,True,astro,ok,ok,True,-0.4123468422361696,-0.5626924264711961,0.9994001199760048,0.0007998400319936,0.1664672083232122,0.3010151425789355,0.0431913617276544,0.957008598280344,False,False,0.6512833564950896,0.3667048470922199,1.0,0.0106577906208641,0.2373186012616967,1.0,1.0,1.0,False,0.9870892813779988,0.0146090188409008,1.0,0.0781391409928388,9,1.0,0.0216427302774739,0.2580263168145592,1.0,1.0,1.0,False,held_out_protein_prediction;confirmation_seeds;specificity;brain_disease_support;independent_direction;primary_genetic_enrichment,tested_below_requirements,False,unique,True,True,Membrane,"Present on erythrocytes, a subset of T cells, mature B cells, follicular dendritic cells, monocytes and granulocytes",P17927,0,0,,,pass,Resolved assay object and directly measured ADT in matched source-cell context; RNA/ADT context retained.,pass,pass,1.0,not_supported,pass,Extracellular/cell-surface route supported by UniProt; specific clinical route is recorded under C6.,not_established,"CR1-derived Mirococept supports a functional-analogue route, not direct targeting of endogenous CD35.",False,3,False,False,tested_not_supported,C4:not_supported;C6:not_established,down,increase,False
relative::CD35__pDC__x__microglia_homeostatic__up,CD35,pDC__x__microglia_homeostatic,up,10,0.0001999600079984,0.0610328638497652,0.8744044489802046,0.5947072759706945,True,0.9433962264150944,0.0020117156139568,1.0,1.0,0.7,6.187267331651391,-0.2736900813298565,0.5544023116727003,5,212,0.00042204193984,0.5298023884753382,CR1,unique,pDC,microglia_homeostatic,0.0126833263784646,0.834529793360752,-0.0063018232584043,0.9356704702953914,True,CR1,3,0,0.0518575035216761,5,10,0.1459313032047589,0.1459313032047589,0.0634653187427509,0.167413850625356,3,3,0.2893249861615425,0.437552244486433,higher_than_matched_background,unresolved,0.5302230673979793,,0.1861409614945265,,0.6434782868862636,1.0,,,,True,False,True,D,True,True,True,False,False,held_out_protein_prediction;specificity;brain_disease_support;independent_direction,,,,,,,,,,,relative,CD35__pDC__x__microglia_homeostatic__up,D,0.000601186952152,0.4143928763231294,0.491095697210368,,ok,insufficient_donors,False,Kamath:insufficient_donors;GSE157783:insufficient_state_or_gene_coverage,0.0064387089703545,0.0064387089703545,0.0035517885504911,0.0300194991829303,0.0401744668917537,0.0212401426904625,1.854313929875692,0.3926397959391276,1.0,3,10,0,0,10,0.0,False,microglia_homeostatic,insufficient_donors,insufficient_donors,False,,,1.0,1.0,,,1.0,1.0,False,False,1.0,1.0,1.0,1.0,1.0,1.0,1.0,1.0,False,0.1407718456308738,0.8594281143771245,0.437552244486433,1.0,5,1.0,1.0,1.0,1.0,1.0,1.0,False,held_out_protein_prediction;specificity;brain_disease_support;independent_direction;primary_genetic_enrichment,incomplete_coverage,False,unique,True,True,Membrane,"Present on erythrocytes, a subset of T cells, mature B cells, follicular dendritic cells, monocytes and granulocytes",P17927,0,0,,,pass,Resolved assay object and directly measured ADT in matched source-cell context; RNA/ADT context retained.,pass,pass,1.0,unresolved,pass,Extracellular/cell-surface route supported by UniProt; specific clinical route is recorded under C6.,not_established,"CR1-derived Mirococept supports a functional-analogue route, not direct targeting of endogenous CD35.",False,3,False,False,unresolved_evidence,C4:unresolved;C6:not_established,down,unresolved,False
relative::CD35__cDC__x__astro__up,CD35,cDC__x__astro,up,42,0.0003999200159968,0.1314553990610328,0.6868987539074434,0.85657108752369,False,0.8726415094339622,0.0001398431540428,0.8,0.8,0.6,0.427755219426584,-0.6188291876197168,0.2376405360900383,5,212,0.0008151941040363,0.5808632439800088,CR1,unique,cDC,astro,0.0095521627054099,0.8783762002443659,-0.0021982294513326,0.9158544039508688,True,CR1,3,0,0.0595895402433016,7,10,0.1226110998742462,0.1226110998742462,0.1578746759447098,0.1906635120511054,3,3,0.3171642831025405,0.1410662357498516,lower_than_matched_background,unresolved,0.3024041388113254,-0.7635087116955956,0.0012490717615771,-0.9157526152533122,1.0,0.0165613936036322,-0.034136520424646,0.8679653679653679,1.0,True,False,True,D,True,True,True,False,False,held_out_protein_prediction;confirmation_seeds;specificity;brain_disease_support;independent_direction,-0.0035282783210277,0.0065547754056751,-0.4784353673458099,0.0076844706200063,0.8,increase,-0.0273315031081438,0.0001223110884893,3.0,2.0,relative,CD35__cDC__x__astro__up,D,0.0011183173699606,0.5135412617246294,0.161924753744825,0.9945531442241968,ok,ok,True,,0.0627836784109681,0.0627836784109681,0.0272677469377716,0.1525734929247052,0.1192460709608148,-0.0651163355717342,1.981459736824036,0.459360937277476,1.0,3,0,42,0,42,0.0,False,astro,ok,ok,True,-0.7635087116955956,-0.9157526152533122,0.9996000799840032,0.0005998800239952,-0.0494992992695874,-0.0571243087351141,0.622875424915017,0.3773245350929814,True,True,0.9835728985317556,0.0192381260410152,1.0,0.0088261617279121,1.0,1.0,1.0,0.0976375881844483,False,0.972906131476996,0.0315025270228351,1.0,0.1410662357498516,7,1.0,0.0216427302774739,1.0,1.0,1.0,0.1043504230457658,False,held_out_protein_prediction;confirmation_seeds;specificity;brain_disease_support;independent_direction;primary_genetic_enrichment,tested_below_requirements,False,unique,True,True,Membrane,"Present on erythrocytes, a subset of T cells, mature B cells, follicular dendritic cells, monocytes and granulocytes",P17927,0,0,,,pass,Resolved assay object and directly measured ADT in matched source-cell context; RNA/ADT context retained.,pass,pass,0.0976375881844483,not_supported,pass,Extracellular/cell-surface route supported by UniProt; specific clinical route is recorded under C6.,not_established,"CR1-derived Mirococept supports a functional-analogue route, not direct targeting of endogenous CD35.",False,3,False,False,tested_not_supported,C4:not_supported;C6:not_established,down,increase,False
relative::CD35__classical_mono__x__astro__up,CD35,classical_mono__x__astro,up,36,0.0003999200159968,0.1314553990610328,0.7057416831453207,1.021761856566559,False,0.8726415094339622,0.0001570283926689,0.6,0.6,0.6,0.498946625626791,-0.6604685564900601,0.2526381432179026,5,212,0.0008151941040363,0.5808632439800088,CR1,unique,classical_mono,astro,0.0103630309188089,0.9565785306366243,0.0024392024029145,0.9798505766803568,True,CR1,3,0,0.0494028535835264,8,10,0.1280372587978772,0.1280372587978772,0.5272806117934402,0.5411215444405874,3,3,0.7793784205722893,0.0427787243993875,lower_than_matched_background,unresolved,0.2512849385075597,-0.758697327186847,-0.0892179664547953,-0.906343368864324,0.7992036951725677,0.0165613936036322,0.0473464564614297,0.7727272727272727,0.9932372505543238,True,True,True,D,True,False,True,False,False,confirmation_seeds;specificity;brain_disease_support;independent_direction,-0.0075088874436914,0.0210961140692234,-0.2033658027648925,0.0209039635956287,0.6,unresolved,-0.0284513998776674,0.0003061634488403,3.0,2.0,relative,CD35__classical_mono__x__astro__up,D,0.0011183173699606,0.5135412617246294,0.0481976490197564,0.9876911443454882,ok,ok,True,,0.4186087187301046,0.4186087187301046,0.3558830022811889,0.2760178649847278,0.2762185026757198,-0.1485695458729289,4.196978569030762,0.7896803220113119,1.0,3,0,36,0,36,0.0,False,astro,ok,ok,True,-0.758697327186847,-0.906343368864324,0.9996000799840032,0.0005998800239952,0.0307963844273912,0.0664615943603122,0.3669266146770646,0.6332733453309338,False,False,0.9443507153761768,0.0632235254620136,1.0,0.0088261617279121,1.0,1.0,1.0,0.27259548372007,False,0.9941580899721262,0.007039220674275,1.0,0.0427787243993875,7,1.0,0.0216427302774739,1.0,1.0,1.0,0.2714849168030455,False,confirmation_seeds;specificity;brain_disease_support;independent_direction;primary_genetic_enrichment,tested_below_requirements,False,unique,True,True,Membrane,"Present on erythrocytes, a subset of T cells, mature B cells, follicular dendritic cells, monocytes and granulocytes",P17927,0,0,,,pass,Resolved assay object and directly measured ADT in matched source-cell context; RNA/ADT context retained.,pass,pass,0.27259548372007,not_supported,pass,Extracellular/cell-surface route supported by UniProt; specific clinical route is recorded under C6.,not_established,"CR1-derived Mirococept supports a functional-analogue route, not direct targeting of endogenous CD35.",False,3,False,False,tested_not_supported,C4:not_supported;C6:not_established,down,increase,False
raw::CD22__pDC__x__microglia_mhc2__up,CD22,pDC__x__microglia_mhc2,up,28,0.0105978804239152,0.2582159624413145,0.3776701579825436,0.5671233324627828,False,0.7452830188679245,0.0001956645029435,0.8,0.8,0.6,0.8200492874484733,-0.0631146609838155,0.3374256053978715,5,212,0.0190511503998412,0.6543154274484113,CD22,unique,pDC,microglia_mhc2,-0.0079334685578943,0.9694663374143332,-0.0033336699008957,0.9694477562323878,True,CD22,19,2,0.1983709864450221,10,10,0.4185315371654244,0.3072349283614792,0.0679207588257913,0.2915778651833534,3,3,0.5567894202502464,0.646052225765695,lower_than_matched_background,unresolved,0.3139144333174052,-0.1142408172388607,-0.1510417423627917,0.1617244712555201,0.3353504113992016,1.0,-0.1038500810690414,0.6774891774891775,0.964964314964315,True,False,True,D,True,True,True,False,False,held_out_protein_prediction;confirmation_seeds;specificity;brain_disease_support;independent_direction,0.00288304570131,0.0051395474001765,0.2442975491285324,0.0304358396679162,0.6,unresolved,0.0236955471336841,0.000318985490594,3.0,2.0,raw,CD22__pDC__x__microglia_mhc2__up,D,0.0180499092293068,0.6792785462435584,0.6310867438356562,0.9625216221410724,ok,ok,True,,0.0310838950079456,0.0310838950079456,0.0168289722253878,-0.0897823228357149,-0.0817748562920023,-0.0232210218929495,0.3896509607632955,0.5681356191635132,1.0,3,21,7,0,28,0.0,True,microglia_mhc2,ok,ok,True,-0.1142408172388607,0.1617244712555201,0.1777644471105778,0.8224355128974206,0.0181000664532761,-0.3949478527051762,0.959008198360328,0.0411917616476704,False,False,0.8226880927878379,0.1779134744686432,0.6211779072756874,1.0,1.0,0.2283467223997528,1.0,0.6472931668715736,False,0.7537789243470736,0.2467545528522405,1.0,0.646052225765695,10,0.6447661952041163,1.0,1.0,0.2213836202716538,1.0,0.6552710247157602,False,held_out_protein_prediction;confirmation_seeds;specificity;brain_disease_support;independent_direction;primary_genetic_enrichment,tested_below_requirements,False,unique,True,True,Cell membrane,B-lymphocytes,P20273,12,2,INOTUZUMAB OZOGAMICIN;MOXETUMOMAB PASUDOTOX;BECTUMOMAB;EPRATUZUMAB;EPRATUZUMAB 90Y;INOTUZUMAB,INOTUZUMAB OZOGAMICIN;MOXETUMOMAB PASUDOTOX,pass,Resolved assay object and directly measured ADT in matched source-cell context; RNA/ADT context retained.,pass,pass,0.6472931668715736,not_supported,pass,Extracellular/cell-surface route supported by UniProt; specific clinical route is recorded under C6.,pass,Direct molecular target with documented clinical development; stages and withdrawal flags kept separately.,False,3,False,False,tested_not_supported,C4:not_supported,down,increase,False
raw::CD22__cDC__x__microglia_homeostatic__down,CD22,cDC__x__microglia_homeostatic,down,30,0.0731853629274145,0.4131455399061033,0.0970522277420184,0.6299906198424139,False,0.589622641509434,0.0001304907988462,0.4,0.4,0.5,0.4975159626419033,0.0517145818852819,0.32013267564025,5,212,0.1212204475670766,0.6839820649787047,CD22,unique,cDC,microglia_homeostatic,0.0481255416067377,0.761966589491438,-0.004623714430678,0.9270833168227528,True,CD22,19,2,0.2951629481573468,10,10,0.1506924860657082,0.1506924860657082,0.5737049941489504,0.3133793239792188,3,3,0.8496200853828979,0.6472050357637547,lower_than_matched_background,unresolved,0.3835163338140344,,-0.065132601399151,,0.7658019152109102,1.0,,,,True,True,True,D,True,False,False,False,False,confirmation_seeds;specificity;brain_disease_support;independent_direction,,,,,,,,,,,raw,CD22__cDC__x__microglia_homeostatic__down,D,0.1181009932034211,0.7034146870801059,0.632186451145838,,ok,insufficient_donors,False,Kamath:insufficient_donors;GSE157783:insufficient_state_or_gene_coverage,0.1028056780097743,0.1028056780097743,0.0508687858625004,0.2311207507197037,0.2318386570480041,0.0337607562634151,0.6989190777142843,0.8341660996278127,1.0,3,8,23,1,30,0.0333333333333333,True,microglia_homeostatic,insufficient_donors,insufficient_donors,False,,,1.0,1.0,,,1.0,1.0,False,False,1.0,1.0,1.0,1.0,1.0,1.0,1.0,1.0,False,0.7524495100979804,0.247750449910018,1.0,0.6472050357637547,10,1.0,1.0,1.0,1.0,1.0,1.0,False,confirmation_seeds;specificity;brain_disease_support;independent_direction;primary_genetic_enrichment,incomplete_coverage,False,unique,True,True,Cell membrane,B-lymphocytes,P20273,12,2,INOTUZUMAB OZOGAMICIN;MOXETUMOMAB PASUDOTOX;BECTUMOMAB;EPRATUZUMAB;EPRATUZUMAB 90Y;INOTUZUMAB,INOTUZUMAB OZOGAMICIN;MOXETUMOMAB PASUDOTOX,pass,Resolved assay object and directly measured ADT in matched source-cell context; RNA/ADT context retained.,pass,not_supported,1.0,unresolved,pass,Extracellular/cell-surface route supported by UniProt; specific clinical route is recorded under C6.,pass,Direct molecular target with documented clinical development; stages and withdrawal flags kept separately.,False,2,False,False,unresolved_evidence,C3:not_supported;C4:unresolved,down,unresolved,False
raw::CD22__pDC__x__microglia_homeostatic__down,CD22,pDC__x__microglia_homeostatic,down,29,0.1149770045990801,0.3615023474178404,0.1517275008165866,0.3860129647548743,False,0.6415094339622641,7.286119318107775e-05,0.2,0.2,0.4,0.2198342918330377,-0.1774475739622078,0.3292638545026996,5,212,0.1860329564136781,0.6679065490868057,CD22,unique,pDC,microglia_homeostatic,-0.0079334685578943,0.9694663374143332,-0.0033336699008957,0.9694477562323878,True,CD22,19,2,0.3311902497359146,10,10,0.1417174367511008,0.1417174367511008,0.0679207588257913,0.2915778651833534,3,3,0.5567894202502464,0.1167371515301928,lower_than_matched_background,unresolved,0.2998304073103632,,-0.2002370147979739,,0.1496014094084644,1.0,,,,True,False,True,D,True,False,False,False,False,held_out_protein_prediction;confirmation_seeds;specificity;brain_disease_support;independent_direction,,,,,,,,,,,raw,CD22__pDC__x__microglia_homeostatic__down,D,0.1832388851532907,0.6887657885948887,0.1112386100657971,,ok,insufficient_donors,False,Kamath:insufficient_donors;GSE157783:insufficient_state_or_gene_coverage,0.0310838950079456,0.0310838950079456,0.0168289722253878,-0.0897823228357149,-0.0817748562920023,-0.0232210218929495,0.3896509607632955,0.5681356191635132,1.0,3,8,21,0,29,0.0,True,microglia_homeostatic,insufficient_donors,insufficient_donors,False,,,1.0,1.0,,,1.0,1.0,False,False,1.0,1.0,1.0,1.0,1.0,1.0,1.0,1.0,False,0.9756048790241952,0.0245950809838032,1.0,0.1167371515301928,10,1.0,1.0,1.0,1.0,1.0,1.0,False,held_out_protein_prediction;confirmation_seeds;specificity;brain_disease_support;independent_direction;primary_genetic_enrichment,incomplete_coverage,False,unique,True,True,Cell membrane,B-lymphocytes,P20273,12,2,INOTUZUMAB OZOGAMICIN;MOXETUMOMAB PASUDOTOX;BECTUMOMAB;EPRATUZUMAB;EPRATUZUMAB 90Y;INOTUZUMAB,INOTUZUMAB OZOGAMICIN;MOXETUMOMAB PASUDOTOX,pass,Resolved assay object and directly measured ADT in matched source-cell context; RNA/ADT context retained.,pass,not_supported,1.0,unresolved,pass,Extracellular/cell-surface route supported by UniProt; specific clinical route is recorded under C6.,pass,Direct molecular target with documented clinical development; stages and withdrawal flags kept separately.,False,2,False,False,unresolved_evidence,C3:not_supported;C4:unresolved,down,unresolved,False
relative::CD35__cDC__x__microglia_mhc2__down,CD35,cDC__x__microglia_mhc2,down,26,0.1449710057988402,0.0610328638497652,0.7144941957373302,1.2151221394295022,False,0.9433962264150944,9.27472525820252e-05,0.6,0.6,0.8,0.2387336843552681,-0.1705328344468994,0.4082581736111568,5,212,0.2316086817625977,0.5298023884753382,CR1,unique,cDC,microglia_mhc2,0.0095521627054099,0.8783762002443659,-0.0021982294513326,0.9158544039508688,True,CR1,3,0,0.0451026019452895,7,10,0.1513085507292214,0.1513085507292214,0.1578746759447098,0.1906635120511054,3,3,0.3171642831025405,0.0277990329474938,lower_than_matched_background,unresolved,0.1100157485846478,-0.4520829880508581,-0.3181257762463352,-0.3624862217404072,0.0979823837212755,0.2532259505545699,-0.0791850695727623,0.5844155844155844,0.9230380009600788,True,False,True,D,True,False,False,False,False,held_out_protein_prediction;specificity;brain_disease_support;independent_direction,0.0037175510078668,0.0038052389863878,0.2193904668092727,0.0175883509218692,0.8,decrease,-0.0029576804954558,-8.15728708403185e-05,3.0,2.0,relative,CD35__cDC__x__microglia_mhc2__down,D,0.236897558321373,0.4143928763231294,0.0320812004175485,0.9447714135575408,ok,ok,True,,0.0627836784109681,0.0627836784109681,0.0272677469377716,0.1525734929247052,0.1192460709608148,-0.0651163355717342,1.981459736824036,0.459360937277476,1.0,3,26,0,0,26,0.0,False,microglia_mhc2,ok,ok,True,-0.4520829880508581,-0.3624862217404072,0.9072185562887424,0.0929814037192561,-0.0157321101645321,-0.1957602558353172,0.7998400319936013,0.2003599280143971,True,True,0.9246977569634194,0.0754819113902161,1.0,0.35696728367331,1.0,0.7755101141399298,1.0,0.3159032148558448,False,0.9959263905215094,0.0041521989641241,1.0,0.0277990329474938,7,1.0,0.3309202762929039,1.0,0.7794128277938492,1.0,0.3149358661179088,False,held_out_protein_prediction;specificity;brain_disease_support;independent_direction;primary_genetic_enrichment,tested_below_requirements,False,unique,True,True,Membrane,"Present on erythrocytes, a subset of T cells, mature B cells, follicular dendritic cells, monocytes and granulocytes",P17927,0,0,,,pass,Resolved assay object and directly measured ADT in matched source-cell context; RNA/ADT context retained.,pass,not_supported,0.3159032148558448,not_supported,pass,Extracellular/cell-surface route supported by UniProt; specific clinical route is recorded under C6.,not_established,"CR1-derived Mirococept supports a functional-analogue route, not direct targeting of endogenous CD35.",False,2,False,False,tested_not_supported,C3:not_supported;C4:not_supported;C6:not_established,down,decrease,False
relative::CD22__cDC__x__microglia_mhc2__up,CD22,cDC__x__microglia_mhc2,up,8,0.172365526894621,0.136150234741784,0.5156679033414922,0.7294998007348467,False,0.8679245283018868,4.235470061416416e-05,0.8,0.8,0.8,0.2106029311189093,-0.2852760066269134,0.5936131838457059,5,212,0.2729552586592507,0.5886950490823729,CD22,unique,cDC,microglia_mhc2,0.0481255416067377,0.761966589491438,-0.004623714430678,0.9270833168227528,True,CD22,19,2,-0.0016875349929611,1,10,0.0159388774923499,0.0159388774923499,0.5737049941489504,0.3133793239792188,3,3,0.8496200853828979,0.7627796077926385,higher_than_matched_background,unresolved,0.4526946098805723,-0.576079234841772,0.4527068882592617,-0.5251292556795607,0.491029413164986,1.0,0.1161919563378387,0.7402597402597403,0.9873599403970608,True,True,True,D,True,True,False,False,False,specificity;brain_disease_support;independent_direction,-0.0021524887997657,0.0055546686053276,-0.2707540094852447,0.0055979397147893,0.6,unresolved,-0.0257713049650192,8.962405991042033e-05,3.0,2.0,relative,CD22__cDC__x__microglia_mhc2__up,D,0.2750672762238532,0.522998814039421,0.7858203342786109,0.984706083390294,ok,ok,True,,0.1028056780097743,0.1028056780097743,0.0508687858625004,0.2311207507197037,0.2318386570480041,0.0337607562634151,0.6989190777142843,0.8341660996278127,1.0,3,0,8,0,8,0.0,False,microglia_mhc2,ok,ok,True,-0.576079234841772,-0.5251292556795607,0.8744251149770046,0.1257748450309938,0.282621405973496,0.1827684647863256,0.3375324935012997,0.6626674665066986,False,False,0.615589816978463,0.3847903255308127,1.0,0.4609052507315551,1.0,1.0,1.0,1.0,False,0.3223632026216663,0.6782157578037937,0.7627796077926385,1.0,1,1.0,0.4238566206172685,1.0,1.0,1.0,1.0,False,specificity;brain_disease_support;independent_direction;primary_genetic_enrichment,tested_below_requirements,False,unique,True,True,Cell membrane,B-lymphocytes,P20273,12,2,INOTUZUMAB OZOGAMICIN;MOXETUMOMAB PASUDOTOX;BECTUMOMAB;EPRATUZUMAB;EPRATUZUMAB 90Y;INOTUZUMAB,INOTUZUMAB OZOGAMICIN;MOXETUMOMAB PASUDOTOX,pass,Resolved assay object and directly measured ADT in matched source-cell context; RNA/ADT context retained.,pass,not_supported,1.0,not_supported,pass,Extracellular/cell-surface route supported by UniProt; specific clinical route is recorded under C6.,pass,Direct molecular target with documented clinical development; stages and withdrawal flags kept separately.,False,2,False,False,tested_not_supported,C3:not_supported;C4:not_supported,down,increase,False
relative::CD22__cDC__x__microglia_mhc2__down,CD22,cDC__x__microglia_mhc2,down,11,0.182363527294541,0.0938967136150234,0.6420482827685275,0.9548171635148194,False,0.910377358490566,0.0001435022770617,1.0,1.0,1.0,0.7135453617474382,0.2842787525823758,0.5056702857367794,5,212,0.2879224984878541,0.5636271617434665,CD22,unique,cDC,microglia_mhc2,0.0481255416067377,0.761966589491438,-0.004623714430678,0.9270833168227528,True,CD22,19,2,0.0023233663095756,2,10,0.0868813994536734,0.0868813994536734,0.5737049941489504,0.3133793239792188,3,3,0.8496200853828979,0.2149618372842984,lower_than_matched_background,unresolved,0.1602650159133434,-0.614196211137112,-0.2448855504210277,-0.4779677457892163,0.6220996421672974,0.2962786881875961,0.1416841532755858,0.4437229437229437,0.8614727474735661,True,True,True,D,True,True,False,False,False,confirmation_seeds;specificity;brain_disease_support;independent_direction,0.0122311059385538,0.029305625706911,0.2579863965511322,0.0429977104067802,0.8,decrease,-0.0064033716917037,-0.000304210872855,3.0,2.0,relative,CD22__cDC__x__microglia_mhc2__down,D,0.289017131974122,0.4607198748043818,0.2460795027354267,0.905116270160518,ok,ok,True,,0.1028056780097743,0.1028056780097743,0.0508687858625004,0.2311207507197037,0.2318386570480041,0.0337607562634151,0.6989190777142843,0.8341660996278127,1.0,3,0,11,0,11,0.0,False,microglia_mhc2,ok,ok,True,-0.614196211137112,-0.4779677457892163,0.887622475504899,0.1125774845030993,0.2669619081202707,0.35649609321717,0.1439712057588482,0.8562287542491501,False,False,0.4197770767120129,0.5807373430119219,1.0,0.4204161348755328,0.605501251607216,1.0,1.0,1.0,False,0.9470433488448472,0.0531048954132038,1.0,0.2149618372842984,2,1.0,0.3871823766087904,0.631730966529643,1.0,1.0,1.0,False,confirmation_seeds;specificity;brain_disease_support;independent_direction;primary_genetic_enrichment,tested_below_requirements,False,unique,True,True,Cell membrane,B-lymphocytes,P20273,12,2,INOTUZUMAB OZOGAMICIN;MOXETUMOMAB PASUDOTOX;BECTUMOMAB;EPRATUZUMAB;EPRATUZUMAB 90Y;INOTUZUMAB,INOTUZUMAB OZOGAMICIN;MOXETUMOMAB PASUDOTOX,pass,Resolved assay object and directly measured ADT in matched source-cell context; RNA/ADT context retained.,pass,not_supported,1.0,not_supported,pass,Extracellular/cell-surface route supported by UniProt; specific clinical route is recorded under C6.,pass,Direct molecular target with documented clinical development; stages and withdrawal flags kept separately.,False,2,False,False,tested_not_supported,C3:not_supported;C4:not_supported,down,decrease,False
relative::CD22__pDC__x__astro__up,CD22,pDC__x__astro,up,25,0.3437312537492502,0.2676056338028169,0.2747710640297393,0.877220988377851,False,0.7358490566037735,-9.307797270994324e-05,0.4,0.4,0.6,-0.3686022211377907,-0.4730724014868157,0.3267538292939438,5,212,0.5194649949092265,0.6559922319707905,CD22,unique,pDC,astro,-0.0079334685578943,0.9694663374143332,-0.0033336699008957,0.9694477562323878,True,CD22,19,2,0.0304178328575773,5,10,0.107509738089648,0.107509738089648,0.0679207588257913,0.2915778651833534,3,3,0.5567894202502464,0.0633443058583431,lower_than_matched_background,unresolved,0.238500393478343,-0.8644283396596126,-0.0658391918277241,-1.133842515115115,0.8853556391525432,0.0165613936036322,-0.0336626758728004,0.854978354978355,1.0,True,False,True,D,True,False,False,False,False,held_out_protein_prediction;confirmation_seeds;specificity;brain_disease_support;independent_direction,0.0015438355039805,0.0215253699570894,0.1708017885684967,0.0221998635679483,0.6,unresolved,-0.0329685918986797,-0.000147013895912,3.0,2.0,relative,CD22__pDC__x__astro__up,D,0.4941136772645471,0.5882847863765628,0.0710985797247296,0.9944954626962996,ok,ok,True,,0.0310838950079456,0.0310838950079456,0.0168289722253878,-0.0897823228357149,-0.0817748562920023,-0.0232210218929495,0.3896509607632955,0.5681356191635132,1.0,3,0,25,0,25,0.0,False,astro,ok,ok,True,-0.8644283396596126,-1.133842515115115,0.9998000399920016,0.0003999200159968,-0.0500117817704772,-0.0246595565373513,0.5508898220355929,0.4493101379724055,True,True,0.9814677873150696,0.02385522473388,1.0,0.0080442061367462,1.0,1.0,1.0,0.1178819871589784,False,0.9915805245682032,0.0112556607139149,1.0,0.0633443058583431,5,1.0,0.0216427302774739,1.0,1.0,1.0,0.1232966671638741,False,held_out_protein_prediction;confirmation_seeds;specificity;brain_disease_support;independent_direction;primary_genetic_enrichment,tested_below_requirements,False,unique,True,True,Cell membrane,B-lymphocytes,P20273,12,2,INOTUZUMAB OZOGAMICIN;MOXETUMOMAB PASUDOTOX;BECTUMOMAB;EPRATUZUMAB;EPRATUZUMAB 90Y;INOTUZUMAB,INOTUZUMAB OZOGAMICIN;MOXETUMOMAB PASUDOTOX,pass,Resolved assay object and directly measured ADT in matched source-cell context; RNA/ADT context retained.,pass,not_supported,0.1178819871589784,not_supported,pass,Extracellular/cell-surface route supported by UniProt; specific clinical route is recorded under C6.,pass,Direct molecular target with documented clinical development; stages and withdrawal flags kept separately.,False,2,False,False,tested_not_supported,C3:not_supported;C4:not_supported,down,decrease,False
relative::CD35__pDC__x__microglia_mhc2__down,CD35,pDC__x__microglia_mhc2,down,17,0.4589082183563287,0.3615023474178404,0.1301501636030952,0.9491402012549266,False,0.6415094339622641,2.3205746561347446e-05,0.4,0.4,0.7,0.06058260356489,-0.0337321668695554,0.5029531820408563,5,212,0.6810536050969654,0.6679065490868057,CR1,unique,pDC,microglia_mhc2,0.0126833263784646,0.834529793360752,-0.0063018232584043,0.9356704702953914,True,CR1,3,0,0.0141545697898989,3,10,0.0664222196054137,0.0664222196054137,0.0634653187427509,0.167413850625356,3,3,0.2893249861615425,0.9224152002712256,lower_than_matched_background,unresolved,0.2712353341787439,-0.1933078270304254,0.0151642945649581,-0.1124601150671297,1.0,0.7461877173149914,-0.1648142009371676,0.4415584415584415,0.8611478981544769,True,False,True,D,True,False,False,False,False,held_out_protein_prediction;specificity;brain_disease_support;independent_direction,0.0037562635261565,0.0063981511630117,0.1535444855690002,0.0224772039800882,0.8,decrease,-0.0002744213270489,-1.9496706954669207e-05,3.0,2.0,relative,CD35__pDC__x__microglia_mhc2__down,D,0.6372763183212413,0.6170355466130114,0.938152497630934,0.9033658649043264,ok,ok,True,,0.0064387089703545,0.0064387089703545,0.0035517885504911,0.0300194991829303,0.0401744668917537,0.0212401426904625,1.854313929875692,0.3926397959391276,1.0,3,17,0,0,17,0.0,False,microglia_mhc2,ok,ok,True,-0.1933078270304254,-0.1124601150671297,0.6538692261547691,0.3463307338532294,-0.1464292743968054,-0.2996287912908826,0.8494301139772046,0.1507698460307938,True,True,0.8596154511954532,0.1406103343924343,1.0,1.0,1.0,0.6262114466130423,1.0,0.5341321021928911,False,0.5615691056857253,0.438716238119947,1.0,0.9224152002712256,2,1.0,0.9751316760366366,1.0,0.6506488176049,1.0,0.518482996557273,False,held_out_protein_prediction;specificity;brain_disease_support;independent_direction;primary_genetic_enrichment,tested_below_requirements,False,unique,True,True,Membrane,"Present on erythrocytes, a subset of T cells, mature B cells, follicular dendritic cells, monocytes and granulocytes",P17927,0,0,,,pass,Resolved assay object and directly measured ADT in matched source-cell context; RNA/ADT context retained.,pass,not_supported,0.5341321021928911,not_supported,pass,Extracellular/cell-surface route supported by UniProt; specific clinical route is recorded under C6.,not_established,"CR1-derived Mirococept supports a functional-analogue route, not direct targeting of endogenous CD35.",False,2,False,False,tested_not_supported,C3:not_supported;C4:not_supported;C6:not_established,down,decrease,False
relative::CD22__cDC__x__astro__up,CD22,cDC__x__astro,up,29,0.6526694661067787,0.380281690140845,0.1125970771334313,0.862329459263892,False,0.6226415094339622,-0.0001506413799441,0.4,0.4,0.6,-0.5980251534939666,-0.4640462058492891,0.3145443336549945,5,212,0.9394983550578662,0.6730101539469373,CD22,unique,cDC,astro,0.0481255416067377,0.761966589491438,-0.004623714430678,0.9270833168227528,True,CD22,19,2,0.0442000105463473,6,10,0.0933558029624566,0.0933558029624566,0.5737049941489504,0.3133793239792188,3,3,0.8496200853828979,0.0124964476431116,lower_than_matched_background,unresolved,0.1814562188431347,-0.8534352392824225,-0.1589418143298183,-1.0964377002987165,0.6291268328612759,0.0165613936036322,-0.1208863462380242,0.5887445887445888,0.9246409219919154,True,True,True,D,True,False,False,False,False,confirmation_seeds;specificity;brain_disease_support;independent_direction,0.0113490354269742,0.0481863655149936,0.1844478249549865,0.0479938201606273,0.6,unresolved,-0.0218978896737098,-0.0003150726261083,3.0,2.0,relative,CD22__cDC__x__astro__up,D,0.8584073035285723,0.6247484909456741,0.0147928662866954,0.9447714135575408,ok,ok,True,,0.1028056780097743,0.1028056780097743,0.0508687858625004,0.2311207507197037,0.2318386570480041,0.0337607562634151,0.6989190777142843,0.8341660996278127,1.0,3,0,29,0,29,0.0,False,astro,ok,ok,True,-0.8534352392824225,-1.0964377002987165,1.0,0.0001999600079984,-0.1405726003126203,-0.1413435808820391,0.7528494301139772,0.2473505298940212,True,True,0.9999998738495276,0.0054609683154209,1.0,0.0051875988438675,1.0,0.9025592856921424,1.0,0.0319970121128097,True,0.9999999914491458,0.0016284245176634,1.0,0.0124964476431116,6,1.0,0.0216427302774739,1.0,0.8932776742001943,1.0,0.0366076832373221,True,confirmation_seeds;specificity;brain_disease_support;independent_direction;primary_genetic_enrichment,tested_below_requirements,False,unique,True,True,Cell membrane,B-lymphocytes,P20273,12,2,INOTUZUMAB OZOGAMICIN;MOXETUMOMAB PASUDOTOX;BECTUMOMAB;EPRATUZUMAB;EPRATUZUMAB 90Y;INOTUZUMAB,INOTUZUMAB OZOGAMICIN;MOXETUMOMAB PASUDOTOX,pass,Resolved assay object and directly measured ADT in matched source-cell context; RNA/ADT context retained.,pass,not_supported,0.0319970121128097,pass,pass,Extracellular/cell-surface route supported by UniProt; specific clinical route is recorded under C6.,pass,Direct molecular target with documented clinical development; stages and withdrawal flags kept separately.,False,2,False,False,tested_not_supported,C3:not_supported,down,decrease,False
raw::CD35__pDC__x__microglia_mhc2__down,CD35,pDC__x__microglia_mhc2,down,71,1.0,0.4694835680751174,-0.0080595723085572,0.5090857809657641,False,0.5330188679245284,-0.0007423521028859,0.4,0.4,0.5,-1.9380381939364333,-0.037590839952623,0.248807829934403,5,212,1.0,0.7082583607371099,CR1,unique,pDC,microglia_mhc2,0.0126833263784646,0.834529793360752,-0.0063018232584043,0.9356704702953914,True,CR1,3,0,0.4183495226836465,10,10,0.2762778363016116,0.2762778363016116,0.0634653187427509,0.167413850625356,3,3,0.2893249861615425,0.0039465597534008,lower_than_matched_background,unresolved,0.2453671734755589,-0.3760912384536835,-0.2589602691063843,-0.0860262111909976,0.0023078333642027,0.5233588658800639,-0.3343227917534558,0.1818181818181818,0.8041883116883116,True,False,True,D,True,False,False,False,False,held_out_protein_prediction;confirmation_seeds;specificity;brain_disease_support;independent_direction,0.0035734411794692,0.0028722807765007,0.2613292336463928,0.0139322523027658,0.8,decrease,-0.0454270914196968,0.0006227629492059,3.0,2.0,raw,CD35__pDC__x__microglia_mhc2__down,D,1.0,0.727387315956778,0.0037316900321365,0.7846320346320346,ok,ok,True,,0.0064387089703545,0.0064387089703545,0.0035517885504911,0.0300194991829303,0.0401744668917537,0.0212401426904625,1.854313929875692,0.3926397959391276,1.0,3,44,27,0,71,0.0,True,microglia_mhc2,ok,ok,True,-0.3760912384536835,-0.0860262111909976,0.7784443111377725,0.2217556488702259,-0.2692119049489404,-0.8182428055803737,1.0,0.0001999600079984,True,True,0.9999999999997684,0.0003845418421037,1.0,0.7474431294843392,1.0,0.0028121685724456,1.0,0.0033212195164794,True,0.9999999999995528,0.0004296984970479,1.0,0.0039465597534008,10,1.0,0.7781254257029504,1.0,0.0023539357933348,1.0,0.0031758781320657,True,held_out_protein_prediction;confirmation_seeds;specificity;brain_disease_support;independent_direction;primary_genetic_enrichment,tested_below_requirements,False,unique,True,True,Membrane,"Present on erythrocytes, a subset of T cells, mature B cells, follicular dendritic cells, monocytes and granulocytes",P17927,0,0,,,pass,Resolved assay object and directly measured ADT in matched source-cell context; RNA/ADT context retained.,pass,not_supported,0.0033212195164794,pass,pass,Extracellular/cell-surface route supported by UniProt; specific clinical route is recorded under C6.,not_established,"CR1-derived Mirococept supports a functional-analogue route, not direct targeting of endogenous CD35.",False,2,False,False,tested_not_supported,C3:not_supported;C6:not_established,down,increase,False
raw::CD35__nonclassical_mono__x__microglia_mhc2__down,CD35,nonclassical_mono__x__microglia_mhc2,down,80,1.0,0.2629107981220657,0.2710120320244386,0.7209547928071729,False,0.7405660377358491,-0.0005464617041289,0.4,0.4,0.5,-1.4509686578235326,-0.1579818774557354,0.2385493939190945,5,212,1.0,0.6543154274484113,CR1,unique,nonclassical_mono,microglia_mhc2,-0.0241457343448039,0.8738499338508322,-0.0050958363122705,0.7597982213676577,True,CR1,3,0,0.486668113961941,10,10,0.2773542877936544,0.2773542877936544,0.3192125235635991,0.1861268098155657,3,3,0.5967866187753641,0.0040647457926038,lower_than_matched_background,unresolved,0.2476882758264987,-0.3785109670274099,-0.2569644371225498,-0.0814416614612108,0.0023078333642027,0.5324469811304569,-0.326334833436693,0.1753246753246753,0.8041883116883116,True,True,True,D,True,False,False,False,False,confirmation_seeds;specificity;brain_disease_support;independent_direction,0.0069056088104844,0.0055880723521113,0.3013871014118194,0.0227382089942693,1.0,decrease,-0.053906999528408,0.0008014687919057,3.0,2.0,raw,CD35__nonclassical_mono__x__microglia_mhc2__down,D,1.0,0.6792785462435584,0.003846322514539,0.7846320346320346,ok,ok,True,,0.2302478263699385,0.2302478263699385,0.1445081681013107,0.1452074902543586,0.1439777888546225,-0.2006029384781818,2.7450009981791177,0.6075178782145182,1.0,3,53,27,0,80,0.0,True,microglia_mhc2,ok,ok,True,-0.3785109670274099,-0.0814416614612108,0.7736452709458108,0.2265546890621875,-0.2484994661652576,-0.7979221202093831,1.0,0.0001999600079984,True,True,0.9999999999997526,0.0003972212698956,1.0,0.760624051660256,1.0,0.0028121685724456,1.0,0.0034070989073449,True,0.9999999999995216,0.0004442199190778,1.0,0.0040647457926038,10,1.0,0.791637556688174,1.0,0.0023539357933348,1.0,0.0032564342731709,True,confirmation_seeds;specificity;brain_disease_support;independent_direction;primary_genetic_enrichment,tested_below_requirements,False,unique,True,True,Membrane,"Present on erythrocytes, a subset of T cells, mature B cells, follicular dendritic cells, monocytes and granulocytes",P17927,0,0,,,pass,Resolved assay object and directly measured ADT in matched source-cell context; RNA/ADT context retained.,pass,not_supported,0.0034070989073449,pass,pass,Extracellular/cell-surface route supported by UniProt; specific clinical route is recorded under C6.,not_established,"CR1-derived Mirococept supports a functional-analogue route, not direct targeting of endogenous CD35.",False,2,False,False,tested_not_supported,C3:not_supported;C6:not_established,down,increase,False
raw::CD35__classical_mono__x__microglia_mhc2__down,CD35,classical_mono__x__microglia_mhc2,down,81,1.0,0.323943661971831,0.2056927709175751,0.7543665705545394,False,0.6792452830188679,-0.0005905657548477,0.4,0.4,0.5,-1.5733069335903815,-0.1359052442691474,0.2349566493204319,5,212,1.0,0.6592549812301473,CR1,unique,classical_mono,microglia_mhc2,0.0103630309188089,0.9565785306366243,0.0024392024029145,0.9798505766803568,True,CR1,3,0,0.5009590191633344,10,10,0.2823750742493285,0.2823750742493285,0.5272806117934402,0.5411215444405874,3,3,0.7793784205722893,0.0097007978815856,lower_than_matched_background,unresolved,0.2570927624585485,-0.3322532466318054,-0.2432915069975395,-0.0243664560287664,0.0023078333642027,0.8477443988163762,-0.3258535531025064,0.2077922077922078,0.8041883116883116,True,True,True,D,True,False,False,False,False,specificity;brain_disease_support;independent_direction,0.0087878480553627,0.0078402301296591,0.2468739002943039,0.0321762934327125,0.8,decrease,-0.0354055874049663,0.0011532906210049,3.0,2.0,raw,CD35__classical_mono__x__microglia_mhc2__down,D,1.0,0.6792785462435584,0.0092118249401048,0.7846320346320346,ok,ok,True,,0.4186087187301046,0.4186087187301046,0.3558830022811889,0.2760178649847278,0.2762185026757198,-0.1485695458729289,4.196978569030762,0.7896803220113119,1.0,3,52,29,0,81,0.0,True,microglia_mhc2,ok,ok,True,-0.3322532466318054,-0.0243664560287664,0.5960807838432314,0.404119176164767,-0.2782068630665239,-0.8418418763487017,1.0,0.0001999600079984,True,True,0.99999999999808,0.0010667185667253,1.0,1.0,1.0,0.0028121685724456,1.0,0.0078348047865968,True,0.9999999999961352,0.0012202127865361,1.0,0.0097007978815856,10,1.0,1.0,1.0,0.0023539357933348,1.0,0.0074677754028331,True,specificity;brain_disease_support;independent_direction;primary_genetic_enrichment,tested_below_requirements,False,unique,True,True,Membrane,"Present on erythrocytes, a subset of T cells, mature B cells, follicular dendritic cells, monocytes and granulocytes",P17927,0,0,,,pass,Resolved assay object and directly measured ADT in matched source-cell context; RNA/ADT context retained.,pass,not_supported,0.0078348047865968,pass,pass,Extracellular/cell-surface route supported by UniProt; specific clinical route is recorded under C6.,not_established,"CR1-derived Mirococept supports a functional-analogue route, not direct targeting of endogenous CD35.",False,2,False,False,tested_not_supported,C3:not_supported;C6:not_established,down,increase,False
raw::CD35__cDC__x__microglia_mhc2__down,CD35,cDC__x__microglia_mhc2,down,67,1.0,0.2112676056338028,0.3812610043624752,0.8081253618953463,False,0.7924528301886793,-0.0007414390723289,0.4,0.4,0.5,-1.9084822087370108,-0.1684198851418263,0.2582011832849784,5,212,1.0,0.6465468413699355,CR1,unique,cDC,microglia_mhc2,0.0095521627054099,0.8783762002443659,-0.0021982294513326,0.9158544039508688,True,CR1,3,0,0.4440785057140221,10,10,0.2783560995794132,0.2783560995794132,0.1578746759447098,0.1906635120511054,3,3,0.3171642831025405,0.0140074857104481,lower_than_matched_background,unresolved,0.2355354539199146,-0.3133648094405861,-0.2761944026715446,-0.0004868640548711,0.0023078333642027,0.9873475468548064,-0.3393980447694777,0.1536796536796536,0.8041883116883116,True,False,True,D,True,False,False,False,False,held_out_protein_prediction;confirmation_seeds;specificity;brain_disease_support;independent_direction,0.0042268610559403,0.0037489731330424,0.2735635042190552,0.0149773452430963,0.8,decrease,-0.0321509726345539,0.0006499228184111,3.0,2.0,raw,CD35__cDC__x__microglia_mhc2__down,D,1.0,0.6727523436870428,0.0132337936547244,0.7846320346320346,ok,ok,True,,0.0627836784109681,0.0627836784109681,0.0272677469377716,0.1525734929247052,0.1192460709608148,-0.0651163355717342,1.981459736824036,0.459360937277476,1.0,3,42,25,0,67,0.0,True,microglia_mhc2,ok,ok,True,-0.3133648094405861,-0.0004868640548711,0.5078984203159368,0.4923015396920616,-0.2509245340226636,-0.8151811124013595,1.0,0.0001999600079984,True,True,0.999999999995386,0.0016089673159727,1.0,1.0,1.0,0.0028121685724456,1.0,0.011158124172134,True,0.9999999999905638,0.0018560071955368,1.0,0.0140074857104481,10,1.0,1.0,1.0,0.0023539357933348,1.0,0.0106000294646676,True,held_out_protein_prediction;confirmation_seeds;specificity;brain_disease_support;independent_direction;primary_genetic_enrichment,tested_below_requirements,False,unique,True,True,Membrane,"Present on erythrocytes, a subset of T cells, mature B cells, follicular dendritic cells, monocytes and granulocytes",P17927,0,0,,,pass,Resolved assay object and directly measured ADT in matched source-cell context; RNA/ADT context retained.,pass,not_supported,0.011158124172134,pass,pass,Extracellular/cell-surface route supported by UniProt; specific clinical route is recorded under C6.,not_established,"CR1-derived Mirococept supports a functional-analogue route, not direct targeting of endogenous CD35.",False,2,False,False,tested_not_supported,C3:not_supported;C6:not_established,down,increase,False
raw::CD22__cDC__x__microglia_homeostatic__up,CD22,cDC__x__microglia_homeostatic,up,16,0.9962007598480304,0.4647887323943662,0.0695468335102413,0.5035671089794033,False,0.5377358490566038,-0.0003345534747852,0.8,0.8,0.7,-1.2755358656295763,-0.047352314322719,0.4424665708210566,5,212,1.0,0.7066233136890153,CD22,unique,cDC,microglia_homeostatic,0.0481255416067377,0.761966589491438,-0.004623714430678,0.9270833168227528,True,CD22,19,2,0.3370343376368607,10,10,0.1514776648956459,0.1514776648956459,0.5737049941489504,0.3133793239792188,3,3,0.8496200853828979,0.5947842587099889,lower_than_matched_background,unresolved,0.3755450046317675,,-0.1015697375052252,,0.7166448986200145,1.0,,,,True,True,True,D,True,True,False,False,False,confirmation_seeds;specificity;brain_disease_support;independent_direction,,,,,,,,,,,raw,CD22__cDC__x__microglia_homeostatic__up,D,1.0,0.7261780288719215,0.5797619312116413,,ok,insufficient_donors,False,Kamath:insufficient_donors;GSE157783:insufficient_state_or_gene_coverage,0.1028056780097743,0.1028056780097743,0.0508687858625004,0.2311207507197037,0.2318386570480041,0.0337607562634151,0.6989190777142843,0.8341660996278127,1.0,3,16,0,0,16,0.0,False,microglia_homeostatic,insufficient_donors,insufficient_donors,False,,,1.0,1.0,,,1.0,1.0,False,False,1.0,1.0,1.0,1.0,1.0,1.0,1.0,1.0,False,0.7814437112577485,0.2187562487502499,1.0,0.5947842587099889,10,1.0,1.0,1.0,1.0,1.0,1.0,False,confirmation_seeds;specificity;brain_disease_support;independent_direction;primary_genetic_enrichment,incomplete_coverage,False,unique,True,True,Cell membrane,B-lymphocytes,P20273,12,2,INOTUZUMAB OZOGAMICIN;MOXETUMOMAB PASUDOTOX;BECTUMOMAB;EPRATUZUMAB;EPRATUZUMAB 90Y;INOTUZUMAB,INOTUZUMAB OZOGAMICIN;MOXETUMOMAB PASUDOTOX,pass,Resolved assay object and directly measured ADT in matched source-cell context; RNA/ADT context retained.,pass,not_supported,1.0,unresolved,pass,Extracellular/cell-surface route supported by UniProt; specific clinical route is recorded under C6.,pass,Direct molecular target with documented clinical development; stages and withdrawal flags kept separately.,False,2,False,False,unresolved_evidence,C3:not_supported;C4:unresolved,down,unresolved,False
raw::CD35__cDC__x__microglia_homeostatic__down,CD35,cDC__x__microglia_homeostatic,down,40,1.0,0.9061032863849764,-0.6548639306094662,0.5447837342704311,False,0.0943396226415094,-0.000742397373598,0.2,0.2,0.4,-2.3750042635694584,0.2178815672283248,0.2817168546898305,5,212,1.0,0.9513876143569988,CR1,unique,cDC,microglia_homeostatic,0.0095521627054099,0.8783762002443659,-0.0021982294513326,0.9158544039508688,True,CR1,3,0,0.2880949315382448,10,10,0.1500809078737169,0.1500809078737169,0.1578746759447098,0.1906635120511054,3,3,0.3171642831025405,0.1236507828393281,lower_than_matched_background,unresolved,0.3058923361295145,,-0.1651828050071045,,0.1590031963541146,1.0,,,,True,False,True,D,True,False,False,False,False,held_out_protein_prediction;confirmation_seeds;specificity;brain_disease_support;independent_direction,,,,,,,,,,,raw,CD35__cDC__x__microglia_homeostatic__down,D,1.0,0.9599558717221548,0.1175210291275077,,ok,insufficient_donors,False,Kamath:insufficient_donors;GSE157783:insufficient_state_or_gene_coverage,0.0627836784109681,0.0627836784109681,0.0272677469377716,0.1525734929247052,0.1192460709608148,-0.0651163355717342,1.981459736824036,0.459360937277476,1.0,3,14,26,0,40,0.0,True,microglia_homeostatic,insufficient_donors,insufficient_donors,False,,,1.0,1.0,,,1.0,1.0,False,False,1.0,1.0,1.0,1.0,1.0,1.0,1.0,1.0,False,0.9738052389522096,0.0263947210557888,1.0,0.1236507828393281,10,1.0,1.0,1.0,1.0,1.0,1.0,False,held_out_protein_prediction;confirmation_seeds;specificity;brain_disease_support;independent_direction;primary_genetic_enrichment,incomplete_coverage,False,unique,True,True,Membrane,"Present on erythrocytes, a subset of T cells, mature B cells, follicular dendritic cells, monocytes and granulocytes",P17927,0,0,,,pass,Resolved assay object and directly measured ADT in matched source-cell context; RNA/ADT context retained.,pass,not_supported,1.0,unresolved,pass,Extracellular/cell-surface route supported by UniProt; specific clinical route is recorded under C6.,not_established,"CR1-derived Mirococept supports a functional-analogue route, not direct targeting of endogenous CD35.",False,2,False,False,unresolved_evidence,C3:not_supported;C4:unresolved;C6:not_established,down,unresolved,False
raw::CD35__classical_mono__x__microglia_homeostatic__down,CD35,classical_mono__x__microglia_homeostatic,down,50,1.0,0.9248826291079812,-0.5764303722245987,0.4178609862611248,False,0.0754716981132075,-0.0004843675166427,0.2,0.2,0.4,-1.3881177884247444,0.2310879657145342,0.2501643691732957,5,212,1.0,0.9619622060380508,CR1,unique,classical_mono,microglia_homeostatic,0.0103630309188089,0.9565785306366243,0.0024392024029145,0.9798505766803568,True,CR1,3,0,0.3508447066297497,10,10,0.146439222552978,0.146439222552978,0.5272806117934402,0.5411215444405874,3,3,0.7793784205722893,0.5861593536896927,lower_than_matched_background,unresolved,0.3707500719747902,,-0.0615254720184349,,0.7082151279793464,1.0,,,,True,True,True,D,True,False,False,False,False,confirmation_seeds;specificity;brain_disease_support;independent_direction,,,,,,,,,,,raw,CD35__classical_mono__x__microglia_homeostatic__down,D,1.0,0.9691918596656648,0.5707469233715656,,ok,insufficient_donors,False,Kamath:insufficient_donors;GSE157783:insufficient_state_or_gene_coverage,0.4186087187301046,0.4186087187301046,0.3558830022811889,0.2760178649847278,0.2762185026757198,-0.1485695458729289,4.196978569030762,0.7896803220113119,1.0,3,21,29,0,50,0.0,True,microglia_homeostatic,insufficient_donors,insufficient_donors,False,,,1.0,1.0,,,1.0,1.0,False,False,1.0,1.0,1.0,1.0,1.0,1.0,1.0,1.0,False,0.7856428714257149,0.2145570885822835,1.0,0.5861593536896927,10,1.0,1.0,1.0,1.0,1.0,1.0,False,confirmation_seeds;specificity;brain_disease_support;independent_direction;primary_genetic_enrichment,incomplete_coverage,False,unique,True,True,Membrane,"Present on erythrocytes, a subset of T cells, mature B cells, follicular dendritic cells, monocytes and granulocytes",P17927,0,0,,,pass,Resolved assay object and directly measured ADT in matched source-cell context; RNA/ADT context retained.,pass,not_supported,1.0,unresolved,pass,Extracellular/cell-surface route supported by UniProt; specific clinical route is recorded under C6.,not_established,"CR1-derived Mirococept supports a functional-analogue route, not direct targeting of endogenous CD35.",False,2,False,False,unresolved_evidence,C3:not_supported;C4:unresolved;C6:not_established,down,unresolved,False
raw::CD35__nonclassical_mono__x__microglia_homeostatic__down,CD35,nonclassical_mono__x__microglia_homeostatic,down,58,0.9984003199360127,0.7981220657276995,-0.3174456342359921,0.3101941988279882,False,0.2028301886792453,-0.0001449314154755,0.2,0.2,0.4,-0.4532650526556771,0.2632986973039901,0.2304294425058262,5,212,1.0,0.8905731554527555,CR1,unique,nonclassical_mono,microglia_homeostatic,-0.0241457343448039,0.8738499338508322,-0.0050958363122705,0.7597982213676577,True,CR1,3,0,0.3853492903466331,10,10,0.1437850151348964,0.1437850151348964,0.3192125235635991,0.1861268098155657,3,3,0.5967866187753641,0.5941686513710369,lower_than_matched_background,unresolved,0.3744352166777258,,-0.055771482600529,,0.7158029127158861,1.0,,,,True,True,True,D,True,False,False,False,False,confirmation_seeds;specificity;brain_disease_support;independent_direction,,,,,,,,,,,raw,CD35__nonclassical_mono__x__microglia_homeostatic__down,D,1.0,0.9028440440898932,0.579008391016344,,ok,insufficient_donors,False,Kamath:insufficient_donors;GSE157783:insufficient_state_or_gene_coverage,0.2302478263699385,0.2302478263699385,0.1445081681013107,0.1452074902543586,0.1439777888546225,-0.2006029384781818,2.7450009981791177,0.6075178782145182,1.0,3,29,29,0,58,0.0,True,microglia_homeostatic,insufficient_donors,insufficient_donors,False,,,1.0,1.0,,,1.0,1.0,False,False,1.0,1.0,1.0,1.0,1.0,1.0,1.0,1.0,False,0.7818436312737452,0.2183563287342531,1.0,0.5941686513710369,10,1.0,1.0,1.0,1.0,1.0,1.0,False,confirmation_seeds;specificity;brain_disease_support;independent_direction;primary_genetic_enrichment,incomplete_coverage,False,unique,True,True,Membrane,"Present on erythrocytes, a subset of T cells, mature B cells, follicular dendritic cells, monocytes and granulocytes",P17927,0,0,,,pass,Resolved assay object and directly measured ADT in matched source-cell context; RNA/ADT context retained.,pass,not_supported,1.0,unresolved,pass,Extracellular/cell-surface route supported by UniProt; specific clinical route is recorded under C6.,not_established,"CR1-derived Mirococept supports a functional-analogue route, not direct targeting of endogenous CD35.",False,2,False,False,unresolved_evidence,C3:not_supported;C4:unresolved;C6:not_established,down,unresolved,False
raw::CD35__pDC__x__microglia_homeostatic__down,CD35,pDC__x__microglia_homeostatic,down,48,1.0,0.9248826291079812,-0.7275438447443385,0.4310116492612012,False,0.0754716981132075,-0.00073073879729,0.2,0.2,0.4,-2.247472881890063,0.2687457186360851,0.2568401821625156,5,212,1.0,0.9619622060380508,CR1,unique,pDC,microglia_homeostatic,0.0126833263784646,0.834529793360752,-0.0063018232584043,0.9356704702953914,True,CR1,3,0,0.327354789877881,10,10,0.1548804572131607,0.1548804572131607,0.0634653187427509,0.167413850625356,3,3,0.2893249861615425,0.0136120760386851,lower_than_matched_background,unresolved,0.2501117433630482,,-0.2438214278133075,,0.0149368634972259,1.0,,,,True,False,True,D,True,False,False,False,False,held_out_protein_prediction;confirmation_seeds;specificity;brain_disease_support;independent_direction,,,,,,,,,,,raw,CD35__pDC__x__microglia_homeostatic__down,D,1.0,0.9691918596656648,0.0128685183734131,,ok,insufficient_donors,False,Kamath:insufficient_donors;GSE157783:insufficient_state_or_gene_coverage,0.0064387089703545,0.0064387089703545,0.0035517885504911,0.0300194991829303,0.0401744668917537,0.0212401426904625,1.854313929875692,0.3926397959391276,1.0,3,19,29,0,48,0.0,True,microglia_homeostatic,insufficient_donors,insufficient_donors,False,,,1.0,1.0,,,1.0,1.0,False,False,1.0,1.0,1.0,1.0,1.0,1.0,1.0,1.0,False,0.9984003199360127,0.0017996400719856,1.0,0.0136120760386851,10,1.0,1.0,1.0,1.0,1.0,1.0,False,held_out_protein_prediction;confirmation_seeds;specificity;brain_disease_support;independent_direction;primary_genetic_enrichment,incomplete_coverage,False,unique,True,True,Membrane,"Present on erythrocytes, a subset of T cells, mature B cells, follicular dendritic cells, monocytes and granulocytes",P17927,0,0,,,pass,Resolved assay object and directly measured ADT in matched source-cell context; RNA/ADT context retained.,pass,not_supported,1.0,unresolved,pass,Extracellular/cell-surface route supported by UniProt; specific clinical route is recorded under C6.,not_established,"CR1-derived Mirococept supports a functional-analogue route, not direct targeting of endogenous CD35.",False,2,False,False,unresolved_evidence,C3:not_supported;C4:unresolved;C6:not_established,down,unresolved,False
raw::CD22__classical_mono__x__microglia_mhc2__down,CD22,classical_mono__x__microglia_mhc2,down,30,0.0001999600079984,0.2769953051643192,0.2958956654927104,0.2786285555670104,True,0.7264150943396226,0.0003569758161648,0.8,0.7,0.7,1.8168105952073368,0.4302131081595347,0.2860398226530588,5,212,0.00042204193984,0.6562230526013221,CD22,unique,classical_mono,microglia_mhc2,0.0366562064737082,0.8738499338508322,-0.0080557875335213,0.922814041617008,True,CD22,19,2,0.2164527492185312,9,10,0.1892582157290968,0.1892582157290968,0.0558745393445486,0.2179079333941141,3,3,0.4079174825436129,0.0373794843009502,lower_than_matched_background,unresolved,0.3321807104332221,-0.559388321118281,-0.1303591666924737,-0.4607415437742055,0.3811103373267608,0.0332301252753933,-0.1991894834026899,0.4891774891774891,0.8848851377455496,True,False,True,D,True,False,True,False,False,held_out_protein_prediction;confirmation_seeds;specificity;brain_disease_support;independent_direction,0.0003370386257302,0.0100038712844252,-0.0249430295079946,0.0116003863513469,0.6,unresolved,-0.1325657218694687,-0.000372783280909,3.0,2.0,raw,CD22__classical_mono__x__microglia_mhc2__down,D,0.0003804024610953,0.6792785462435584,0.0357970024188162,0.8691889812989759,ok,ok,True,,0.0342315195170916,0.0342315195170916,0.0203902184342344,-0.0156923288221859,-0.0156384958424843,-0.0210578739703145,0.0340255896250406,0.5023241440455118,0.9954834390198368,3,0,30,0,30,0.0,False,microglia_mhc2,ok,ok,True,-0.559388321118281,-0.4607415437742055,0.9914017196560688,0.0087982403519296,-0.0812626413959852,-0.5229356364382431,0.9948010397920416,0.0053989202159568,True,True,0.9997262776767384,0.000290030043991,1.0,0.0503839031524798,1.0,0.0416879420057363,1.0,0.0026223310512136,True,0.9941613824644048,0.0059387720123849,1.0,0.0373794843009502,9,1.0,0.0494062622453087,1.0,0.0388272668510088,1.0,0.0025069206045753,True,held_out_protein_prediction;confirmation_seeds;specificity;brain_disease_support;independent_direction;primary_genetic_enrichment,tested_below_requirements,False,unique,True,True,Cell membrane,B-lymphocytes,P20273,12,2,INOTUZUMAB OZOGAMICIN;MOXETUMOMAB PASUDOTOX;BECTUMOMAB;EPRATUZUMAB;EPRATUZUMAB 90Y;INOTUZUMAB,INOTUZUMAB OZOGAMICIN;MOXETUMOMAB PASUDOTOX,unresolved,CD22 DC evidence does not automatically establish a monocyte-intrinsic intervention; this source context remains unresolved.,pass,pass,0.0026223310512136,pass,pass,Extracellular/cell-surface route supported by UniProt; specific clinical route is recorded under C6.,pass,Direct molecular target with documented clinical development; stages and withdrawal flags kept separately.,False,0,False,False,unresolved_evidence,C1:unresolved,down,decrease,False
raw::CD22__nonclassical_mono__x__astro__up,CD22,nonclassical_mono__x__astro,up,43,0.0001999600079984,0.1502347417840375,0.8358437584253544,1.1096943852519328,False,0.8537735849056604,0.0001684723304501,0.6,0.65,0.6,0.726672025672162,-0.6052738907265226,0.2265670947905323,5,212,0.00042204193984,0.6052692626346312,CD22,unique,nonclassical_mono,astro,0.0167780801827131,0.8738499338508322,0.0028395428560503,0.92944132379415,True,CD22,19,2,0.1491564068942203,9,10,0.3224798269760919,0.3224798269760919,-0.0028902223013945,0.2362445021669069,2,3,0.458514599312111,0.6381897630636769,lower_than_matched_background,unresolved,0.4603311217335067,-0.3970587699258799,0.1135854555336792,-0.802156507881836,1.0,0.0084283411414231,-0.1304090622929858,0.0497835497835497,0.8041883116883116,True,False,True,D,True,False,True,False,False,held_out_protein_prediction;specificity;brain_disease_support;independent_direction,-0.0017811488360166,0.0046540452167391,-0.0712875053286552,0.0208880361169576,0.6,unresolved,-0.061641376465559,0.000202198018087,3.0,2.0,raw,CD22__nonclassical_mono__x__astro__up,D,0.0003804024610953,0.6281517709484509,0.6236747866771788,0.7846320346320346,ok,ok,True,,0.0479486936788917,0.0479486936788917,0.0254943706095218,0.0201079400827144,0.0194626972095639,-0.0397466030492533,0.0601509014765421,0.5135196050008138,0.9967554295112052,3,17,26,0,43,0.0,True,astro,ok,ok,True,-0.3970587699258799,-0.802156507881836,0.9988002399520096,0.0013997200559888,-0.2356027740991019,-0.3212030652223082,0.958008398320336,0.0421915616876624,True,True,0.9991254663585746,0.0009616445292784,1.0,0.0141710017198333,1.0,0.2329463974194274,1.0,0.007213913889406,True,0.7659128852063981,0.242733878344412,1.0,0.6381897630636769,9,1.0,0.0125311845584413,1.0,0.2259086397578848,1.0,0.0068960307045898,True,held_out_protein_prediction;specificity;brain_disease_support;independent_direction;primary_genetic_enrichment,tested_below_requirements,False,unique,True,True,Cell membrane,B-lymphocytes,P20273,12,2,INOTUZUMAB OZOGAMICIN;MOXETUMOMAB PASUDOTOX;BECTUMOMAB;EPRATUZUMAB;EPRATUZUMAB 90Y;INOTUZUMAB,INOTUZUMAB OZOGAMICIN;MOXETUMOMAB PASUDOTOX,unresolved,CD22 DC evidence does not automatically establish a monocyte-intrinsic intervention; this source context remains unresolved.,pass,pass,0.007213913889406,pass,pass,Extracellular/cell-surface route supported by UniProt; specific clinical route is recorded under C6.,pass,Direct molecular target with documented clinical development; stages and withdrawal flags kept separately.,False,0,False,False,unresolved_evidence,C1:unresolved,down,increase,False
raw::CD22__classical_mono__x__astro__down,CD22,classical_mono__x__astro,down,55,0.0001999600079984,0.3333333333333333,0.1610670946758438,0.246903203408638,False,0.6698113207547169,0.0004685218511793,0.8,0.8,0.9,1.961672944397012,0.6098606463648816,0.1996675248739862,5,212,0.00042204193984,0.6592549812301473,CD22,unique,classical_mono,astro,0.0366562064737082,0.8738499338508322,-0.0080557875335213,0.922814041617008,True,CD22,19,2,0.3120448589749179,10,10,0.3076809261512948,0.3076809261512948,0.0558745393445486,0.2179079333941141,3,3,0.4079174825436129,0.024596446300615,lower_than_matched_background,unresolved,0.3658971641860493,-0.0999938875658867,-0.0563152522319567,-0.4481134887621707,0.7107277624632761,0.0026679812552341,-0.1213146930369123,0.8593073593073594,1.0,True,False,True,D,True,True,True,False,False,held_out_protein_prediction;specificity;brain_disease_support;independent_direction,-0.0010572846513241,0.0018597918096929,-0.1184443980455398,0.0099032251164317,0.8,increase,0.017464380711317,-0.000490054662805,3.0,2.0,raw,CD22__classical_mono__x__astro__down,D,0.0003804024610953,0.6792785462435584,0.0234724419771556,1.0,ok,ok,True,,0.0342315195170916,0.0342315195170916,0.0203902184342344,-0.0156923288221859,-0.0156384958424843,-0.0210578739703145,0.0340255896250406,0.5023241440455118,0.9954834390198368,3,36,23,4,55,0.0727272727272727,True,astro,ok,ok,True,-0.0999938875658867,-0.4481134887621707,1.0,0.0001999600079984,-0.092298195632385,-0.1949162166615342,0.8810237952409518,0.1191761647670466,True,True,0.9999999870993072,0.0015549181863156,1.0,0.0051875988438675,1.0,0.5260957476567851,1.0,0.0108118118356096,True,0.9999999631762734,0.00361997632808,1.0,0.024596446300615,10,1.0,0.003966731406194,1.0,0.5159493598255284,1.0,0.0102819606538017,True,held_out_protein_prediction;specificity;brain_disease_support;independent_direction;primary_genetic_enrichment,tested_below_requirements,False,unique,True,True,Cell membrane,B-lymphocytes,P20273,12,2,INOTUZUMAB OZOGAMICIN;MOXETUMOMAB PASUDOTOX;BECTUMOMAB;EPRATUZUMAB;EPRATUZUMAB 90Y;INOTUZUMAB,INOTUZUMAB OZOGAMICIN;MOXETUMOMAB PASUDOTOX,unresolved,CD22 DC evidence does not automatically establish a monocyte-intrinsic intervention; this source context remains unresolved.,pass,pass,0.0108118118356096,pass,pass,Extracellular/cell-surface route supported by UniProt; specific clinical route is recorded under C6.,pass,Direct molecular target with documented clinical development; stages and withdrawal flags kept separately.,False,0,False,False,unresolved_evidence,C1:unresolved,down,decrease,False
raw::CD22__classical_mono__x__astro__up,CD22,classical_mono__x__astro,up,70,0.0001999600079984,0.1737089201877934,0.7743504753066615,0.9839992558816169,False,0.8301886792452831,0.0001052704836708,0.4,0.4,0.7,0.4407612134648939,-0.6102622603855123,0.1756706003562806,5,212,0.00042204193984,0.6190074892644105,CD22,unique,classical_mono,astro,0.0366562064737082,0.8738499338508322,-0.0080557875335213,0.922814041617008,True,CD22,19,2,0.1586721701590043,9,10,0.3260191604731692,0.3260191604731692,0.0558745393445486,0.2179079333941141,3,3,0.4079174825436129,0.1773471085692763,lower_than_matched_background,unresolved,0.3844194956716248,-0.4100284049577969,0.0182854642994871,-0.7237303003361056,1.0,0.0042302371550807,-0.0714053401070246,0.4523809523809524,0.864481409001957,True,False,True,D,True,False,True,False,False,held_out_protein_prediction;confirmation_seeds;specificity;brain_disease_support;independent_direction,-0.0014226596103981,0.0029075036291033,-0.0780486911535263,0.0188260022550821,0.6,unresolved,-0.0450866073369979,0.0001099183209589,3.0,2.0,raw,CD22__classical_mono__x__astro__up,D,0.0003804024610953,0.6435709920271133,0.1690134325261212,0.8466035073573877,ok,ok,True,,0.0342315195170916,0.0342315195170916,0.0203902184342344,-0.0156923288221859,-0.0156384958424843,-0.0210578739703145,0.0340255896250406,0.5023241440455118,0.9954834390198368,3,17,53,0,70,0.0,True,astro,ok,ok,True,-0.4100284049577969,-0.7237303003361056,0.9998000399920016,0.0003999200159968,-0.1092624886835272,-0.158804554675865,0.8654269146170765,0.1347730453909218,True,True,0.9981056549806386,0.0026372049647942,1.0,0.0080442061367462,1.0,0.5779966110722752,1.0,0.01707203856699,True,0.967072359047828,0.0417387933788804,1.0,0.1773471085692763,9,1.0,0.0062894799376074,1.0,0.5684868920952652,1.0,0.0162681769318402,True,held_out_protein_prediction;confirmation_seeds;specificity;brain_disease_support;independent_direction;primary_genetic_enrichment,tested_below_requirements,False,unique,True,True,Cell membrane,B-lymphocytes,P20273,12,2,INOTUZUMAB OZOGAMICIN;MOXETUMOMAB PASUDOTOX;BECTUMOMAB;EPRATUZUMAB;EPRATUZUMAB 90Y;INOTUZUMAB,INOTUZUMAB OZOGAMICIN;MOXETUMOMAB PASUDOTOX,unresolved,CD22 DC evidence does not automatically establish a monocyte-intrinsic intervention; this source context remains unresolved.,pass,pass,0.01707203856699,pass,pass,Extracellular/cell-surface route supported by UniProt; specific clinical route is recorded under C6.,pass,Direct molecular target with documented clinical development; stages and withdrawal flags kept separately.,False,0,False,False,unresolved_evidence,C1:unresolved,down,increase,False
raw::CD22__nonclassical_mono__x__microglia_mhc2__down,CD22,nonclassical_mono__x__microglia_mhc2,down,30,0.0005998800239952,0.2910798122065727,0.2455146903569933,0.3809390554975922,False,0.7122641509433962,0.0002507120704155,0.6,0.6,0.6,1.384317259930169,0.3744430164846088,0.2993757745088433,5,212,0.0012009875136928,0.6562230526013222,CD22,unique,nonclassical_mono,microglia_mhc2,0.0167780801827131,0.8738499338508322,0.0028395428560503,0.92944132379415,True,CD22,19,2,0.2164527492185312,9,10,0.1892582157290968,0.1892582157290968,-0.0028902223013945,0.2362445021669069,2,3,0.458514599312111,0.0373794843009502,lower_than_matched_background,unresolved,0.3321807104332221,-0.559388321118281,-0.1303591666924737,-0.4607415437742055,0.3811103373267608,0.0332301252753933,-0.1991894834026899,0.4891774891774891,0.8848851377455496,True,False,True,D,True,False,True,False,False,held_out_protein_prediction;confirmation_seeds;specificity;brain_disease_support;independent_direction,9.65914223343134e-05,0.0100138746201992,-0.0017187714111059,0.0124681228771805,0.6,unresolved,-0.1325657218694687,-0.0003012822999153,3.0,2.0,raw,CD22__nonclassical_mono__x__microglia_mhc2__down,D,0.0010990486613723,0.6792785462435584,0.0357970024188162,0.8691889812989759,ok,ok,True,,0.0479486936788917,0.0479486936788917,0.0254943706095218,0.0201079400827144,0.0194626972095639,-0.0397466030492533,0.0601509014765421,0.5135196050008138,0.9967554295112052,3,0,30,0,30,0.0,False,microglia_mhc2,ok,ok,True,-0.559388321118281,-0.4607415437742055,0.9914017196560688,0.0087982403519296,-0.0812626413959852,-0.5229356364382431,0.9948010397920416,0.0053989202159568,True,True,0.9997262776767384,0.000290030043991,1.0,0.0503839031524798,1.0,0.0416879420057363,1.0,0.0026223310512136,True,0.9941613824644048,0.0059387720123849,1.0,0.0373794843009502,9,1.0,0.0494062622453087,1.0,0.0388272668510088,1.0,0.0025069206045753,True,held_out_protein_prediction;confirmation_seeds;specificity;brain_disease_support;independent_direction;primary_genetic_enrichment,tested_below_requirements,False,unique,True,True,Cell membrane,B-lymphocytes,P20273,12,2,INOTUZUMAB OZOGAMICIN;MOXETUMOMAB PASUDOTOX;BECTUMOMAB;EPRATUZUMAB;EPRATUZUMAB 90Y;INOTUZUMAB,INOTUZUMAB OZOGAMICIN;MOXETUMOMAB PASUDOTOX,unresolved,CD22 DC evidence does not automatically establish a monocyte-intrinsic intervention; this source context remains unresolved.,pass,pass,0.0026223310512136,pass,pass,Extracellular/cell-surface route supported by UniProt; specific clinical route is recorded under C6.,pass,Direct molecular target with documented clinical development; stages and withdrawal flags kept separately.,False,0,False,False,unresolved_evidence,C1:unresolved,down,decrease,False
raw::CD22__classical_mono__x__microglia_homeostatic__up,CD22,classical_mono__x__microglia_homeostatic,up,46,0.000999800039992,0.3051643192488263,0.2230280903088975,0.2871306005230861,False,0.6981132075471698,0.0002099063949055,0.6,0.6,0.7,0.8065002437975238,-0.0367058410452355,0.2600727067039979,5,212,0.0019637598147132,0.6574615987842753,CD22,unique,classical_mono,microglia_homeostatic,0.0366562064737082,0.8738499338508322,-0.0080557875335213,0.922814041617008,True,CD22,19,2,0.2866540336449377,10,10,0.1249868838037528,0.1249868838037528,0.0558745393445486,0.2179079333941141,3,3,0.4079174825436129,0.2632257732967409,lower_than_matched_background,unresolved,0.3264318014776153,,-0.1225768013866734,,0.3426782874119213,1.0,,,,True,False,True,D,True,False,True,False,False,held_out_protein_prediction;confirmation_seeds;specificity;brain_disease_support;independent_direction,,,,,,,,,,,raw,CD22__classical_mono__x__microglia_homeostatic__up,D,0.0018066372295526,0.6792785462435584,0.2505789049481025,,ok,insufficient_donors,False,Kamath:insufficient_donors;GSE157783:insufficient_state_or_gene_coverage,0.0342315195170916,0.0342315195170916,0.0203902184342344,-0.0156923288221859,-0.0156384958424843,-0.0210578739703145,0.0340255896250406,0.5023241440455118,0.9954834390198368,3,16,30,0,46,0.0,True,microglia_homeostatic,insufficient_donors,insufficient_donors,False,,,1.0,1.0,,,1.0,1.0,False,False,1.0,1.0,1.0,1.0,1.0,1.0,1.0,1.0,False,0.9302139572085584,0.0699860027994401,1.0,0.2632257732967409,10,1.0,1.0,1.0,1.0,1.0,1.0,False,held_out_protein_prediction;confirmation_seeds;specificity;brain_disease_support;independent_direction;primary_genetic_enrichment,incomplete_coverage,False,unique,True,True,Cell membrane,B-lymphocytes,P20273,12,2,INOTUZUMAB OZOGAMICIN;MOXETUMOMAB PASUDOTOX;BECTUMOMAB;EPRATUZUMAB;EPRATUZUMAB 90Y;INOTUZUMAB,INOTUZUMAB OZOGAMICIN;MOXETUMOMAB PASUDOTOX,unresolved,CD22 DC evidence does not automatically establish a monocyte-intrinsic intervention; this source context remains unresolved.,pass,pass,1.0,unresolved,pass,Extracellular/cell-surface route supported by UniProt; specific clinical route is recorded under C6.,pass,Direct molecular target with documented clinical development; stages and withdrawal flags kept separately.,False,0,False,False,unresolved_evidence,C1:unresolved;C4:unresolved,down,unresolved,False
raw::CD22__nonclassical_mono__x__microglia_homeostatic__up,CD22,nonclassical_mono__x__microglia_homeostatic,up,46,0.0047990401919616,0.2582159624413145,0.2854639234841437,0.2750425116596162,True,0.7452830188679245,0.0001661027243853,0.6,0.6,0.7,0.664008779823261,-0.0246528344808006,0.2616171435509746,5,212,0.0088858140780602,0.6543154274484113,CD22,unique,nonclassical_mono,microglia_homeostatic,0.0167780801827131,0.8738499338508322,0.0028395428560503,0.92944132379415,True,CD22,19,2,0.3051465905515413,10,10,0.1389133923404647,0.1389133923404647,-0.0028902223013945,0.2362445021669069,2,3,0.458514599312111,0.1616831822464449,lower_than_matched_background,unresolved,0.3044874567528984,,-0.1476135921440785,,0.2096764665074863,1.0,,,,True,False,True,D,True,False,True,False,False,held_out_protein_prediction;confirmation_seeds;specificity;brain_disease_support;independent_direction,,,,,,,,,,,raw,CD22__nonclassical_mono__x__microglia_homeostatic__up,D,0.0083437668592626,0.6792785462435584,0.1537742802244338,,ok,insufficient_donors,False,Kamath:insufficient_donors;GSE157783:insufficient_state_or_gene_coverage,0.0479486936788917,0.0479486936788917,0.0254943706095218,0.0201079400827144,0.0194626972095639,-0.0397466030492533,0.0601509014765421,0.5135196050008138,0.9967554295112052,3,16,30,0,46,0.0,True,microglia_homeostatic,insufficient_donors,insufficient_donors,False,,,1.0,1.0,,,1.0,1.0,False,False,1.0,1.0,1.0,1.0,1.0,1.0,1.0,1.0,False,0.963007398520296,0.0371925614877024,1.0,0.1616831822464449,10,1.0,1.0,1.0,1.0,1.0,1.0,False,held_out_protein_prediction;confirmation_seeds;specificity;brain_disease_support;independent_direction;primary_genetic_enrichment,incomplete_coverage,False,unique,True,True,Cell membrane,B-lymphocytes,P20273,12,2,INOTUZUMAB OZOGAMICIN;MOXETUMOMAB PASUDOTOX;BECTUMOMAB;EPRATUZUMAB;EPRATUZUMAB 90Y;INOTUZUMAB,INOTUZUMAB OZOGAMICIN;MOXETUMOMAB PASUDOTOX,unresolved,CD22 DC evidence does not automatically establish a monocyte-intrinsic intervention; this source context remains unresolved.,pass,pass,1.0,unresolved,pass,Extracellular/cell-surface route supported by UniProt; specific clinical route is recorded under C6.,pass,Direct molecular target with documented clinical development; stages and withdrawal flags kept separately.,False,0,False,False,unresolved_evidence,C1:unresolved;C4:unresolved,down,unresolved,False
raw::CD22__classical_mono__x__microglia_homeostatic__down,CD22,classical_mono__x__microglia_homeostatic,down,32,0.0121975604879024,0.3192488262910798,0.2202879695002263,0.5450276575682884,False,0.6839622641509434,0.0002074125239981,0.4,0.4,0.5,0.7969183180264411,0.0397774498811282,0.3143460913310365,5,212,0.0217895388058538,0.6592549812301473,CD22,unique,classical_mono,microglia_homeostatic,0.0366562064737082,0.8738499338508322,-0.0080557875335213,0.922814041617008,True,CD22,19,2,0.2222394851600262,10,10,0.1521590569320457,0.1521590569320457,0.0558745393445486,0.2179079333941141,3,3,0.4079174825436129,0.744475155601791,lower_than_matched_background,unresolved,0.3844055437935092,,-0.0475446682814898,,0.8404195958637309,1.0,,,,True,False,True,D,True,False,True,False,False,held_out_protein_prediction;confirmation_seeds;specificity;brain_disease_support;independent_direction,,,,,,,,,,,raw,CD22__classical_mono__x__microglia_homeostatic__down,D,0.0206690055764219,0.6792785462435584,0.7333521692535753,,ok,insufficient_donors,False,Kamath:insufficient_donors;GSE157783:insufficient_state_or_gene_coverage,0.0342315195170916,0.0342315195170916,0.0203902184342344,-0.0156923288221859,-0.0156384958424843,-0.0210578739703145,0.0340255896250406,0.5023241440455118,0.9954834390198368,3,8,25,1,32,0.03125,True,microglia_homeostatic,insufficient_donors,insufficient_donors,False,,,1.0,1.0,,,1.0,1.0,False,False,1.0,1.0,1.0,1.0,1.0,1.0,1.0,1.0,False,0.6910617876424715,0.3091381723655269,1.0,0.744475155601791,10,1.0,1.0,1.0,1.0,1.0,1.0,False,held_out_protein_prediction;confirmation_seeds;specificity;brain_disease_support;independent_direction;primary_genetic_enrichment,incomplete_coverage,False,unique,True,True,Cell membrane,B-lymphocytes,P20273,12,2,INOTUZUMAB OZOGAMICIN;MOXETUMOMAB PASUDOTOX;BECTUMOMAB;EPRATUZUMAB;EPRATUZUMAB 90Y;INOTUZUMAB,INOTUZUMAB OZOGAMICIN;MOXETUMOMAB PASUDOTOX,unresolved,CD22 DC evidence does not automatically establish a monocyte-intrinsic intervention; this source context remains unresolved.,pass,pass,1.0,unresolved,pass,Extracellular/cell-surface route supported by UniProt; specific clinical route is recorded under C6.,pass,Direct molecular target with documented clinical development; stages and withdrawal flags kept separately.,False,0,False,False,unresolved_evidence,C1:unresolved;C4:unresolved,down,unresolved,False
raw::CD22__nonclassical_mono__x__microglia_homeostatic__down,CD22,nonclassical_mono__x__microglia_homeostatic,down,28,0.0623875224955009,0.3990610328638497,0.1160262023172973,0.5320797430726352,False,0.6037735849056604,0.0001375110656851,0.4,0.4,0.5,0.5497113625057645,0.0301943492122294,0.3412802763836779,5,212,0.1043448453166509,0.6778692991281018,CD22,unique,nonclassical_mono,microglia_homeostatic,0.0167780801827131,0.8738499338508322,0.0028395428560503,0.92944132379415,True,CD22,19,2,0.2808703479594705,10,10,0.1582295118199313,0.1582295118199313,-0.0028902223013945,0.2362445021669069,2,3,0.458514599312111,0.5526354786396264,lower_than_matched_background,unresolved,0.3715803353881807,,-0.084118122129603,,0.6775931901531782,1.0,,,,True,False,True,D,True,False,False,False,False,held_out_protein_prediction;confirmation_seeds;specificity;brain_disease_support;independent_direction,,,,,,,,,,,raw,CD22__nonclassical_mono__x__microglia_homeostatic__down,D,0.1011323948802472,0.6964796911550604,0.5361824374255583,,ok,insufficient_donors,False,Kamath:insufficient_donors;GSE157783:insufficient_state_or_gene_coverage,0.0479486936788917,0.0479486936788917,0.0254943706095218,0.0201079400827144,0.0194626972095639,-0.0397466030492533,0.0601509014765421,0.5135196050008138,0.9967554295112052,3,8,21,1,28,0.0357142857142857,True,microglia_homeostatic,insufficient_donors,insufficient_donors,False,,,1.0,1.0,,,1.0,1.0,False,False,1.0,1.0,1.0,1.0,1.0,1.0,1.0,1.0,False,0.8032393521295741,0.1969606078784243,1.0,0.5526354786396264,10,1.0,1.0,1.0,1.0,1.0,1.0,False,held_out_protein_prediction;confirmation_seeds;specificity;brain_disease_support;independent_direction;primary_genetic_enrichment,incomplete_coverage,False,unique,True,True,Cell membrane,B-lymphocytes,P20273,12,2,INOTUZUMAB OZOGAMICIN;MOXETUMOMAB PASUDOTOX;BECTUMOMAB;EPRATUZUMAB;EPRATUZUMAB 90Y;INOTUZUMAB,INOTUZUMAB OZOGAMICIN;MOXETUMOMAB PASUDOTOX,unresolved,CD22 DC evidence does not automatically establish a monocyte-intrinsic intervention; this source context remains unresolved.,pass,not_supported,1.0,unresolved,pass,Extracellular/cell-surface route supported by UniProt; specific clinical route is recorded under C6.,pass,Direct molecular target with documented clinical development; stages and withdrawal flags kept separately.,False,0,False,False,unresolved_evidence,C1:unresolved;C3:not_supported;C4:unresolved,down,unresolved,False
relative::CD22__classical_mono__x__microglia_mhc2__down,CD22,classical_mono__x__microglia_mhc2,down,33,0.0775844831033793,0.0938967136150234,0.6694938901583569,0.9257045913669018,False,0.910377358490566,0.0001586782956311,1.0,1.0,1.0,0.8075852639805963,0.4330122429964503,0.271816200322854,5,212,0.1282278293376073,0.5636271617434665,CD22,unique,classical_mono,microglia_mhc2,0.0366562064737082,0.8738499338508322,-0.0080557875335213,0.922814041617008,True,CD22,19,2,0.0484997376337572,7,10,0.1606124723339,0.1606124723339,0.0558745393445486,0.2179079333941141,3,3,0.4079174825436129,0.1733349821447017,lower_than_matched_background,unresolved,0.2636566455747402,-0.4381407826352089,-0.1226336334875808,-0.3769952164902918,0.6489917799424086,0.187889694788315,-0.1492361650866075,0.3809523809523809,0.8315035171915061,True,False,True,D,True,True,False,False,False,held_out_protein_prediction;confirmation_seeds;specificity;brain_disease_support;independent_direction,0.002625455148518,0.0063994927331805,0.1158117651939392,0.0246778894215822,0.6,unresolved,-0.0023173564113676,-0.0001657685352256,3.0,2.0,relative,CD22__classical_mono__x__microglia_mhc2__down,D,0.1379279699615632,0.4607198748043818,0.2000532287435433,0.8780952380952379,ok,ok,True,,0.0342315195170916,0.0342315195170916,0.0203902184342344,-0.0156923288221859,-0.0156384958424843,-0.0210578739703145,0.0340255896250406,0.5023241440455118,0.9954834390198368,3,0,33,0,33,0.0,False,microglia_mhc2,ok,ok,True,-0.4381407826352089,-0.3769952164902918,0.935612877424515,0.0645870825834833,-0.0938012787558788,-0.2976856958850443,0.9348130373925216,0.0653869226154769,True,True,0.9822813775457468,0.0178145044267891,1.0,0.2612858408826208,1.0,0.3309057525511472,1.0,0.0913260036070947,False,0.959662027869978,0.0404802604672872,1.0,0.1733349821447017,7,1.0,0.245537669325639,1.0,0.3533817394646985,1.0,0.0985753981414223,False,held_out_protein_prediction;confirmation_seeds;specificity;brain_disease_support;independent_direction;primary_genetic_enrichment,tested_below_requirements,False,unique,True,True,Cell membrane,B-lymphocytes,P20273,12,2,INOTUZUMAB OZOGAMICIN;MOXETUMOMAB PASUDOTOX;BECTUMOMAB;EPRATUZUMAB;EPRATUZUMAB 90Y;INOTUZUMAB,INOTUZUMAB OZOGAMICIN;MOXETUMOMAB PASUDOTOX,unresolved,CD22 DC evidence does not automatically establish a monocyte-intrinsic intervention; this source context remains unresolved.,pass,not_supported,0.0913260036070947,not_supported,pass,Extracellular/cell-surface route supported by UniProt; specific clinical route is recorded under C6.,pass,Direct molecular target with documented clinical development; stages and withdrawal flags kept separately.,False,0,False,False,unresolved_evidence,C1:unresolved;C3:not_supported;C4:not_supported,down,decrease,False
relative::CD22__classical_mono__x__microglia_mhc2__up,CD22,classical_mono__x__microglia_mhc2,up,14,0.0865826834633073,0.1173708920187793,0.4858220835084014,0.5209624379357357,False,0.8867924528301887,2.9055060249123543e-05,0.6,0.6,0.8,0.1478742786335324,-0.4271081411619771,0.4188401104897533,5,212,0.1423781030108503,0.5705274942772317,CD22,unique,classical_mono,microglia_mhc2,0.0366562064737082,0.8738499338508322,-0.0080557875335213,0.922814041617008,True,CD22,19,2,0.000475347425582,2,10,0.0440086716472103,0.0440086716472103,0.0558745393445486,0.2179079333941141,3,3,0.4079174825436129,0.8191298528529644,higher_than_matched_background,unresolved,0.3979549536234848,-0.4836326420219188,0.3796722459039787,-0.4075157167976851,0.5205247322628497,1.0,0.2515272844501132,0.3463203463203463,0.8225325000487744,True,False,True,D,True,False,False,False,False,held_out_protein_prediction;confirmation_seeds;specificity;brain_disease_support;independent_direction,-0.0015648358967155,0.0029104931745678,-0.2089560776948928,0.0036300148349255,0.6,unresolved,-0.0155310658738017,3.0230674383346923e-05,3.0,2.0,relative,CD22__classical_mono__x__microglia_mhc2__up,D,0.151725845307129,0.4897107512801678,0.8362959786369804,0.8711262282690855,ok,ok,True,,0.0342315195170916,0.0342315195170916,0.0203902184342344,-0.0156923288221859,-0.0156384958424843,-0.0210578739703145,0.0340255896250406,0.5023241440455118,0.9954834390198368,3,0,14,0,14,0.0,False,microglia_mhc2,ok,ok,True,-0.4836326420219188,-0.4075157167976851,0.8982203559288142,0.1019796040791841,0.2577248811073848,0.3204553724106503,0.1655668866226754,0.8346330733853229,False,False,0.4621477546246065,0.5383665322665114,1.0,0.38642230060212,0.6729778079992308,1.0,1.0,1.0,False,0.3621441370183641,0.6384713269328146,0.8191298528529644,1.0,2,1.0,0.3574142314394264,0.6915847250527193,1.0,1.0,1.0,False,held_out_protein_prediction;confirmation_seeds;specificity;brain_disease_support;independent_direction;primary_genetic_enrichment,tested_below_requirements,False,unique,True,True,Cell membrane,B-lymphocytes,P20273,12,2,INOTUZUMAB OZOGAMICIN;MOXETUMOMAB PASUDOTOX;BECTUMOMAB;EPRATUZUMAB;EPRATUZUMAB 90Y;INOTUZUMAB,INOTUZUMAB OZOGAMICIN;MOXETUMOMAB PASUDOTOX,unresolved,CD22 DC evidence does not automatically establish a monocyte-intrinsic intervention; this source context remains unresolved.,pass,not_supported,1.0,not_supported,pass,Extracellular/cell-surface route supported by UniProt; specific clinical route is recorded under C6.,pass,Direct molecular target with documented clinical development; stages and withdrawal flags kept separately.,False,0,False,False,unresolved_evidence,C1:unresolved;C3:not_supported;C4:not_supported,down,increase,False
relative::CD22__nonclassical_mono__x__microglia_mhc2__down,CD22,nonclassical_mono__x__microglia_mhc2,down,32,0.1261747650469906,0.0938967136150234,0.723663806826492,1.0593150661260538,False,0.910377358490566,0.0001262876084431,1.0,1.0,1.0,0.697302350833837,0.3753547898571856,0.2882075593287802,5,212,0.2032387031530664,0.5636271617434665,CD22,unique,nonclassical_mono,microglia_mhc2,0.0167780801827131,0.8738499338508322,0.0028395428560503,0.92944132379415,True,CD22,19,2,0.0459331504958861,8,10,0.1321917531845728,0.1321917531845728,-0.0028902223013945,0.2362445021669069,2,3,0.458514599312111,0.0730833059095625,lower_than_matched_background,unresolved,0.2518998810264927,-0.4919199433105051,-0.1321456088909565,-0.6519076601630567,0.6285979445332307,0.0497851649182358,0.0225941612084119,0.8809523809523809,1.0,True,False,True,D,True,True,False,False,False,held_out_protein_prediction;confirmation_seeds;specificity;brain_disease_support;independent_direction,0.0007320207660086,0.0077093131840229,0.062544360756874,0.0269717033952474,0.6,unresolved,-0.0021283444948494,-0.0001519298821222,3.0,2.0,relative,CD22__nonclassical_mono__x__microglia_mhc2__down,D,0.2101009662320929,0.4607198748043818,0.0828235178244173,0.997835497835498,ok,ok,True,,0.0479486936788917,0.0479486936788917,0.0254943706095218,0.0201079400827144,0.0194626972095639,-0.0397466030492533,0.0601509014765421,0.5135196050008138,0.9967554295112052,3,0,32,0,32,0.0,False,microglia_mhc2,ok,ok,True,-0.4919199433105051,-0.6519076601630567,0.9886022795440912,0.0115976804639072,0.0953734898741039,0.0706523609845928,0.3635272945410918,0.6366726654669066,False,False,0.8372901647947302,0.1637342581688959,1.0,0.0630166707634275,1.0,1.0,1.0,0.6033984041962701,False,0.9867070806264124,0.0134503587529571,1.0,0.0730833059095625,7,1.0,0.0650601586999673,1.0,1.0,1.0,0.5838585950208692,False,held_out_protein_prediction;confirmation_seeds;specificity;brain_disease_support;independent_direction;primary_genetic_enrichment,tested_below_requirements,False,unique,True,True,Cell membrane,B-lymphocytes,P20273,12,2,INOTUZUMAB OZOGAMICIN;MOXETUMOMAB PASUDOTOX;BECTUMOMAB;EPRATUZUMAB;EPRATUZUMAB 90Y;INOTUZUMAB,INOTUZUMAB OZOGAMICIN;MOXETUMOMAB PASUDOTOX,unresolved,CD22 DC evidence does not automatically establish a monocyte-intrinsic intervention; this source context remains unresolved.,pass,not_supported,0.6033984041962701,not_supported,pass,Extracellular/cell-surface route supported by UniProt; specific clinical route is recorded under C6.,pass,Direct molecular target with documented clinical development; stages and withdrawal flags kept separately.,False,0,False,False,unresolved_evidence,C1:unresolved;C3:not_supported;C4:not_supported,down,decrease,False
raw::CD22__nonclassical_mono__x__microglia_mhc2__up,CD22,nonclassical_mono__x__microglia_mhc2,up,32,1.0,0.3661971830985915,0.1409567789735947,0.3244838783068198,False,0.6367924528301887,-0.0007289319353066,0.8,0.8,0.8,-4.024828392532674,-0.3753547898571856,0.2882075593287802,5,212,1.0,0.6693580216285704,CD22,unique,nonclassical_mono,microglia_mhc2,0.0167780801827131,0.8738499338508322,0.0028395428560503,0.92944132379415,True,CD22,19,2,0.3537572933168658,10,10,0.3159704152818042,0.3159704152818042,-0.0028902223013945,0.2362445021669069,2,3,0.458514599312111,0.9306873867452238,higher_than_matched_background,unresolved,0.4078573994223263,-0.0411137234208001,-0.0001624270373952,0.0432018185431843,1.0,0.8292563987985857,-0.176314590471354,0.5476190476190477,0.9046872667562325,True,False,True,D,True,True,False,False,False,held_out_protein_prediction;confirmation_seeds;specificity;brain_disease_support;independent_direction,-0.0020336657762527,0.0143273100256919,0.1017583385109901,0.0345909632742404,0.8,decrease,0.0257965307682752,-0.0008733774302527,3.0,2.0,raw,CD22__nonclassical_mono__x__microglia_mhc2__up,D,1.0,0.6895795827597162,0.923112391516233,0.8932038834951458,ok,ok,True,,0.0479486936788917,0.0479486936788917,0.0254943706095218,0.0201079400827144,0.0194626972095639,-0.0397466030492533,0.0601509014765421,0.5135196050008138,0.9967554295112052,3,22,10,0,32,0.0,True,microglia_mhc2,ok,ok,True,-0.0411137234208001,0.0432018185431843,0.3927214557088582,0.6074785042991402,-0.0306059816715989,-0.5097814396230244,0.9754049190161967,0.0247950409918016,True,False,0.9303920709646802,0.0700309665607303,1.0,1.0,1.0,0.1511537478886062,1.0,0.2963497621096335,False,0.4444171555482923,0.5558631946695402,0.9306873867452238,1.0,10,1.0,1.0,1.0,0.1454313352786117,1.0,0.2967725139616738,False,held_out_protein_prediction;confirmation_seeds;specificity;brain_disease_support;independent_direction;primary_genetic_enrichment,tested_below_requirements,False,unique,True,True,Cell membrane,B-lymphocytes,P20273,12,2,INOTUZUMAB OZOGAMICIN;MOXETUMOMAB PASUDOTOX;BECTUMOMAB;EPRATUZUMAB;EPRATUZUMAB 90Y;INOTUZUMAB,INOTUZUMAB OZOGAMICIN;MOXETUMOMAB PASUDOTOX,unresolved,CD22 DC evidence does not automatically establish a monocyte-intrinsic intervention; this source context remains unresolved.,pass,not_supported,0.2963497621096335,not_supported,pass,Extracellular/cell-surface route supported by UniProt; specific clinical route is recorded under C6.,pass,Direct molecular target with documented clinical development; stages and withdrawal flags kept separately.,False,0,False,False,unresolved_evidence,C1:unresolved;C3:not_supported;C4:not_supported,down,decrease,False
raw::CD22__classical_mono__x__microglia_mhc2__up,CD22,classical_mono__x__microglia_mhc2,up,32,1.0,0.3098591549295774,0.2225484034828098,0.3800030277433136,False,0.6933962264150944,-0.0003613664127171,0.8,0.8,0.7,-1.839156317170154,-0.4311142886687645,0.275771360743262,5,212,1.0,0.6588715778058601,CD22,unique,classical_mono,microglia_mhc2,0.0366562064737082,0.8738499338508322,-0.0080557875335213,0.922814041617008,True,CD22,19,2,0.326252020387764,10,10,0.3603319934709588,0.3123992287367853,0.0558745393445486,0.2179079333941141,3,3,0.4079174825436129,0.936482706538744,higher_than_matched_background,up,0.3741714494923165,0.0630699108436725,-0.0769708604013598,0.245699644621215,1.0,0.2192449686415422,0.0636588516139108,0.8398268398268398,1.0,True,False,True,D,True,True,False,False,True,held_out_protein_prediction;confirmation_seeds;specificity;brain_disease_support,0.0002143729507224,0.0077068894170224,0.2613263726234436,0.0199244990944862,0.8,decrease,0.0811631381511688,-0.0003784146974794,3.0,2.0,raw,CD22__classical_mono__x__microglia_mhc2__up,D,1.0,0.6792785462435584,0.92906556760753,1.0,ok,ok,True,,0.0342315195170916,0.0342315195170916,0.0203902184342344,-0.0156923288221859,-0.0156384958424843,-0.0210578739703145,0.0340255896250406,0.5023241440455118,0.9954834390198368,3,17,15,0,32,0.0,True,microglia_mhc2,ok,ok,True,0.0630699108436725,0.245699644621215,0.0811837632473505,0.9190161967606478,0.2317754679267557,-0.0966532365148133,0.6456708658268346,0.3545290941811637,True,False,0.3187450560834003,0.681679640629062,0.3178208599491875,1.0,1.0,1.0,1.0,1.0,False,0.4495089644832998,0.5510241635348517,0.936482706538744,1.0,10,0.3259715191230291,1.0,1.0,1.0,1.0,1.0,False,held_out_protein_prediction;confirmation_seeds;specificity;brain_disease_support;primary_genetic_enrichment,tested_below_requirements,False,unique,True,True,Cell membrane,B-lymphocytes,P20273,12,2,INOTUZUMAB OZOGAMICIN;MOXETUMOMAB PASUDOTOX;BECTUMOMAB;EPRATUZUMAB;EPRATUZUMAB 90Y;INOTUZUMAB,INOTUZUMAB OZOGAMICIN;MOXETUMOMAB PASUDOTOX,unresolved,CD22 DC evidence does not automatically establish a monocyte-intrinsic intervention; this source context remains unresolved.,pass,not_supported,1.0,not_supported,pass,Extracellular/cell-surface route supported by UniProt; specific clinical route is recorded under C6.,pass,Direct molecular target with documented clinical development; stages and withdrawal flags kept separately.,False,0,False,False,unresolved_evidence,C1:unresolved;C3:not_supported;C4:not_supported,up,increase,False
raw::CD22__nonclassical_mono__x__astro__down,CD22,nonclassical_mono__x__astro,down,27,0.984003199360128,0.7136150234741784,-0.2678116214391782,0.5582646965713481,False,0.2877358490566037,-1.3612569707385869e-05,0.4,0.4,0.4,-0.0587151229963903,0.6035885801641704,0.286561337897942,5,212,1.0,0.8392083268843832,CD22,unique,nonclassical_mono,astro,0.0167780801827131,0.8738499338508322,0.0028395428560503,0.92944132379415,True,CD22,19,2,0.3570820347495831,10,10,0.3368886892166614,0.3368886892166614,-0.0028902223013945,0.2362445021669069,2,3,0.458514599312111,0.7431360705427463,lower_than_matched_background,up,0.4237106174939955,0.2120803906357609,0.0049948455684299,-0.128304849303247,1.0,0.4290518802557571,0.0516617310526413,0.7445887445887446,0.987845487845488,True,False,True,D,True,False,False,False,True,held_out_protein_prediction;confirmation_seeds;specificity;brain_disease_support,-0.002237397711724,0.0046596000902354,-0.2147819250822067,0.0190700255334377,0.8,increase,0.0232491232454776,1.5631401765858755e-05,3.0,2.0,raw,CD22__nonclassical_mono__x__astro__down,D,1.0,0.8573992930156294,0.7320383365769499,0.9887735949286396,ok,ok,True,,0.0479486936788917,0.0479486936788917,0.0254943706095218,0.0201079400827144,0.0194626972095639,-0.0397466030492533,0.0601509014765421,0.5135196050008138,0.9967554295112052,3,0,27,0,27,0.0,False,astro,ok,ok,True,0.2120803906357609,-0.128304849303247,0.8248350329934013,0.175364927014597,-0.0212431012148809,0.0598183831188094,0.4057188562287542,0.5944811037792441,False,False,0.627137140207005,0.3731887399376623,1.0,0.6143602992956393,1.0,1.0,1.0,1.0,False,0.6919365039630109,0.3083651208180005,1.0,0.7431360705427463,10,1.0,0.637910616859925,1.0,1.0,1.0,1.0,False,held_out_protein_prediction;confirmation_seeds;specificity;brain_disease_support;primary_genetic_enrichment,tested_below_requirements,False,unique,True,True,Cell membrane,B-lymphocytes,P20273,12,2,INOTUZUMAB OZOGAMICIN;MOXETUMOMAB PASUDOTOX;BECTUMOMAB;EPRATUZUMAB;EPRATUZUMAB 90Y;INOTUZUMAB,INOTUZUMAB OZOGAMICIN;MOXETUMOMAB PASUDOTOX,unresolved,CD22 DC evidence does not automatically establish a monocyte-intrinsic intervention; this source context remains unresolved.,pass,not_supported,1.0,not_supported,pass,Extracellular/cell-surface route supported by UniProt; specific clinical route is recorded under C6.,pass,Direct molecular target with documented clinical development; stages and withdrawal flags kept separately.,False,0,False,False,unresolved_evidence,C1:unresolved;C3:not_supported;C4:not_supported,up,decrease,False
