"","Endothelial","Oligo","astro_fibrous","astro_protoplasmic","microglia_mhc2","neuron_dopaminergic"
"A1BG",-8.90717766573592,-9.02375051689001,-12.6247965926036,-20.2637134020471,-16.3648630423205,-16.9928236562335
"A2M",-7.25764878288166,-19.4006579390523,-9.68241412830017,-8.52567613626615,-7.41174718680814,-10.7444094666546
"AAK1",-17.5224473883602,-17.4235883549229,-9.90910138092542,-9.95371663875445,-7.94872829937165,-7.91427613255516
"ABCA1",-9.37251182521908,-19.5759415684619,-9.57122622608457,-12.4387724609631,-9.3261954596411,-10.4278932737408
"ABCA5",-18.374732968199,-17.6902743457965,-10.1219128035706,-9.22812950567765,-18.3075869226436,-9.03139732519472
"ABCA8",-10.1143981877578,-17.967438860278,-10.0823263572203,-9.54473448710238,-9.38623641302922,-20.087787016033
"ABCB1",-18.7265118769515,-20.4604229484063,-11.9606430597948,-10.0691541210296,-19.7582318624192,-11.7130621858038
"ABCC9",-21.2534537360461,-20.467534296234,-12.0816223877931,-22.8087522037662,-20.7127579669892,-22.5671126558037
"ABCD2",-16.4155760903913,-16.6791663103206,-15.2025871304091,-10.5649429548476,-8.37497291228605,-10.6650806138491
"ABCG1",-9.45043700303395,-19.9794378576225,-10.5596569918416,-11.9527103876237,-9.23801567337227,-10.9303234202371
"ABHD5",-8.90897235577232,-19.7004706544369,-11.3220079827361,-9.11126186178817,-19.5677404026592,-20.4353295227262
"ABLIM1",-18.4936670606309,-16.6412951288583,-9.18257226752021,-9.18279026236322,-8.59677806221593,-8.18845805904263
"ABLIM3",-9.21423982868775,-19.7708584528797,-19.8466798829376,-19.3857128366098,-8.8984535044864,-9.90643576868753
"ABTB1",-19.1807353804144,-10.2551410535071,-11.6169363831128,-10.1293894310818,-9.48271922271927,-19.3148083299094
"ABTB2",-18.4965564481917,-18.4966693201353,-18.4981723693724,-10.8596367303829,-11.0465040918436,-18.4981591168452
"ABTB3",-20.6583067835746,-11.8005115393445,-11.2100306359236,-21.4601831473905,-20.8138012554114,-10.1310882371854
"AC007952.4",-8.91758394235345,-8.95295765071169,-19.5209379668413,-16.8910515529089,-8.34556905075295,-11.5433773153712
"ACAP1",-19.3251009994711,-9.11499852668416,-20.9446309446653,-11.0842773853238,-19.7177179763299,-10.1769157545344
"ACBD6",-20.2658972629318,-10.9759498166568,-12.7262724904034,-11.3590566720151,-9.1613695409491,-11.7067232296699
"ACKR1",-9.9583916436521,-14.6586337765199,-18.9292354742552,-11.8357006702637,-10.7722156940905,-19.0535294160673
"ACOX1",-10.3298073044004,-8.46890570220238,-17.8981984439627,-15.0431422046907,-12.6259123211712,-9.64059208649748
"ACP1",-10.4034776900208,-9.16992288583891,-10.0385032913145,-10.0052743339734,-8.85111992947706,-11.2054633991738
"ACSBG1",-20.2387053706306,-8.33418731905245,-9.43194011701308,-10.4265124034315,-8.22033103927837,-21.1332229583012
"ACSL1",-8.91637766311249,-9.21078007276791,-9.80552090614933,-10.2346822278607,-19.0912994867847,-17.5922104945161
"ACSL6",-20.2063179321973,-10.8357746698875,-10.5603072572839,-10.5692730312261,-9.436101569673,-9.20218304100794
"ACTG2",-8.79534432994133,-17.211787923271,-17.2130614648784,-10.4965170335652,-17.2120116730982,-17.2086832991439
"ACTN1",-8.37362199321062,-20.1829492440178,-19.9521829627149,-10.4725622878269,-8.46084765661238,-9.3476363452464
"ACTR3B",-19.3715400730246,-11.2242779544167,-11.4363862951362,-20.3451612649166,-18.4674180296407,-9.75938979082508
"ACVR2A",-20.4202987095536,-20.827880890358,-13.0664134111929,-22.4222351244269,-9.97726075848563,-21.7309694118239
"ADA2",-19.7216970151883,-21.1245575574354,-12.4955472200148,-11.0469550046583,-20.48744370054,-10.2401381118136
"ADAM10",-19.3263379020909,-17.5947348343102,-9.52785146765895,-9.2742375663882,-18.9936758374778,-9.97212535207726
"ADAM17",-8.49504564827095,-18.971640741998,-10.3498687464788,-19.5653238822313,-16.2687639985991,-18.1207744522874
"ADAM28",-19.3687467534897,-19.6058903394973,-11.9731459962323,-10.5415446716999,-9.38782289636675,-21.1615298907281
"ADAM9",-10.6871062295307,-19.6855215073958,-20.5196225657385,-9.65558377319226,-18.3895889188755,-9.4729384382487
"ADAMTS1",-7.79001641478114,-9.20002155285417,-10.9802829236474,-10.2126471682733,-11.3007924148056,-12.5146118041678
"ADCY2",-18.6723793878224,-8.22194380769169,-9.32871283994294,-8.74095458856566,-8.43011019837426,-10.0602316295723
"ADCY7",-10.3305730488411,-9.43891237522401,-18.6385363954602,-20.2502901972273,-18.4597744472442,-9.81569585861797
"ADD3",-7.2163580001545,-10.0336946680751,-8.17102866920179,-8.62061274011476,-11.062228423953,-9.34284429678834
"ADGRB2",-10.9381879720685,-16.9353251595469,-11.6708275279721,-9.99383460930157,-16.5798711339268,-8.59141987572105
"ADGRB3",-17.3302838392315,-10.2500621352211,-17.9840231473356,-20.5645757678956,-18.4143758111134,-9.34719432518312
"ADGRG1",-8.53674174564571,-8.46839668970787,-9.16162166808915,-8.37856444241285,-10.1771407921762,-18.4331824861279
"ADGRL2",-18.4329783681582,-20.0215242481914,-11.9459078473129,-18.8038285029424,-9.0757696039588,-21.153008622739
"ADM",-19.8860264547354,-18.7823530775438,-9.66425969673003,-10.0694043509188,-19.0123002269159,-18.8872030678199
"ADORA3",-19.7072544725167,-12.7029121063138,-22.2819258843468,-10.895856756042,-9.27506764901295,-21.3876087319342
"AEBP1",-10.4022309466623,-16.3211063630318,-9.25441310918945,-9.57200157733454,-8.09408953944459,-19.0297767957572
"AFAP1",-10.5842291664982,-10.4227953568666,-21.1011915238706,-14.3281787759231,-10.7448047653542,-12.3503833316412
"AFAP1L2",-10.3013919270002,-11.7382546145122,-19.4314669889492,-22.0035266617079,-20.7347341856571,-12.3204249046895
"AFF2",-18.9297334186415,-18.9761847748615,-11.0401240640222,-20.009437334424,-18.9040857137858,-10.0040437437073
"AGAP1",-18.1997692492795,-16.8585152715593,-10.1039625387309,-10.6669758046429,-20.1747516351828,-9.41829858746483
"AGAP3",-18.2892796908343,-9.15211100559921,-19.4647000614374,-8.82683927200441,-18.8930326234824,-8.14047357665131
"AGFG1",-18.2069532303928,-20.1133058429123,-10.7205442036755,-10.115829222298,-8.04708389721986,-10.5152819680146
"AGFG2",-20.4057977225402,-12.0363560851753,-20.6038096348871,-21.9658240051383,-8.79965579207955,-10.639037264944
"AGO3",-18.0221994191034,-9.25218043877889,-10.0724089106872,-20.5932532386837,-16.6898926709553,-17.6297448553948
"AGO4",-8.89610460680854,-19.652120082136,-10.9875845158157,-20.7397311531701,-19.2868974635346,-18.7987650061853
"AGPAT4",-19.8567578676255,-8.47259359248356,-21.2238223800481,-10.3412705189538,-19.5265707078525,-20.8688587837618
"AIDA",-9.43315524580995,-20.4206030041677,-10.4964935659935,-9.68890389723523,-19.5136231713643,-9.03298298575431
"AK5",-18.1767374435027,-9.18763065802396,-10.567459947467,-9.89003475812722,-18.971669090562,-18.7086569013171
"AKAP12",-9.07242154379287,-8.53191341574644,-8.50171977644496,-9.05881329377886,-10.1695323131437,-7.70774552712457
"AKAP19",-18.5657064042133,-19.0088650659311,-10.3706649339142,-10.983985583381,-18.5000533270686,-10.4732997446613
"AKR1B1",-7.31077883360169,-9.72442817104751,-9.53916896574407,-9.3885887110639,-19.2625546359522,-8.73696262044435
"AKR1C3",-12.6213743311167,-10.218465733464,-22.2058105817924,-10.0371575632698,-20.1527583229238,-21.4904506006444
"AKT3",-9.58316981463659,-8.92052469437419,-11.5029191742828,-16.2685062580261,-7.64734770549689,-9.32191507222143
"AKTIP",-19.9422231724092,-10.6841393089181,-10.6156424743265,-10.7466413865745,-19.4030471015746,-11.5493215383869
"AL365361.1",-19.4199523900119,-10.0934392297467,-12.1719956070399,-21.2712028183375,-19.2238583154624,-10.7571434585103
"AL627171.2",-7.38192858572659,-7.13887575119462,-7.05648392112248,-7.29898862483044,-7.39358470053743,-19.6412647098299
"ALCAM",-11.3796939836848,-8.25081432961725,-11.2498387767876,-8.95804923077349,-17.605423247035,-7.73543668992946
"ALDH2",-10.9150113758921,-7.63964553952316,-8.21207795544326,-7.7647481647245,-16.1088818573773,-9.82990879046506
"ALG13",-19.5253247898331,-10.7129704034314,-10.1147578060586,-20.426386560801,-17.5079115641377,-19.7465974023827
"ALOX5AP",-12.0410737571802,-9.98661560392198,-10.7441782548217,-11.9887874947999,-16.9004546240627,-19.5755247538426
"AMFR",-10.1159423431574,-14.9711470771009,-9.3743887510313,-8.98777403369439,-9.44703249363173,-10.1881602612132
"ANGPTL4",-8.90371272014218,-9.52312736783077,-8.95220648769773,-9.53670660438864,-8.06600296246339,-20.7993780875197
"ANK3",-8.63976667990835,-9.20994442730192,-9.32488787677953,-10.7385001477244,-9.18034078782038,-9.41422237600755
"ANKH",-18.7744769907845,-9.60506434433094,-9.87522480596724,-9.06257757023213,-7.93634421801562,-8.99940656770777
"ANKRD13A",-18.633343259703,-19.4769018135163,-10.6178292181553,-11.4736171316261,-10.664037428119,-10.6826036894001
"ANKRD28",-18.9855958547536,-19.7802422301073,-10.7547025524207,-10.2238469895844,-9.26609305177546,-10.1633167886857
"ANKRD36",-20.6989586199509,-11.8165553687633,-10.57401661815,-10.2394115589847,-17.3804780799914,-12.2561437574868
"ANKRD36B",-18.4466405488081,-8.64044447142021,-12.6724344861872,-12.3376705450267,-10.586919521962,-19.5085826175542
"ANKRD36C",-9.52610233179517,-9.2862472812535,-10.2874986906738,-9.38974096342212,-17.3314424939038,-9.51338196624125
"ANKRD50",-19.499420269038,-10.9826456545606,-11.1958307444433,-20.3881196331873,-19.5533536331128,-10.198094520693
"ANKRD6",-9.49045654903203,-20.246525023187,-10.3169901245003,-20.4662735120345,-10.378234378752,-20.029663803752
"ANKRD9",-18.3685461923382,-9.00408344440965,-20.6296646190988,-9.50583548543776,-8.65355653325271,-10.3578787260768
"ANO10",-8.93628911844307,-11.0626952552004,-20.6601646769395,-9.28642455508964,-19.4708828708338,-9.70260933178769
"ANXA1",-8.680830954229,-10.4756709346376,-11.3635066078491,-10.6417054341983,-9.28259556419852,-21.4883944617237
"ANXA2",-9.84882062561342,-19.4884675928571,-9.50083516182718,-19.4287871556824,-9.54715730572576,-10.3530269275347
"ANXA3",-8.65243354147764,-10.2658397209758,-22.5876256858737,-19.4691725910863,-9.27014873498715,-21.1835154745329
"AP1AR",-20.7478006433292,-10.5163950272236,-20.7713213952125,-9.76826286764214,-20.6376579820302,-11.0322344612815
"AP1G1",-9.29629758809127,-14.7821375610466,-21.0947090357489,-20.4175606484624,-10.60829031494,-9.2876737800724
"AP1S2",-19.4576116070591,-10.0621287214874,-9.95424860624314,-9.28563948383391,-9.44285645462193,-11.390876079407
"AP3M2",-19.173360451125,-20.4397345031495,-10.5733168871373,-20.2643759397779,-11.8342249387489,-9.05424390844177
"APBA2",-18.1236599797082,-8.73604676556439,-9.84849725257079,-10.3322976613938,-8.99473015646074,-9.54121728384257
"APBB1",-16.7927635178122,-7.66841854247601,-8.75598230658575,-9.35200350107841,-7.50158584462082,-7.75772397868698
"APBB1IP",-10.6756253287639,-19.5585200086774,-10.4933729040805,-9.78639431933943,-8.49146403910651,-11.4967324224674
"APMAP",-7.95752508825862,-9.69232807369414,-9.82389428962534,-10.2693547007171,-8.55334064986008,-9.02514828497887
"APOD",-7.10210192712809,-7.6956008467223,-7.25204591879874,-7.07841240833469,-7.61925785362189,-19.7067203578919
"APOL1",-8.42071712180991,-15.8950038513927,-15.8953218464151,-11.0899533417257,-15.8960150915234,-15.891309734222
"APP",-11.17231523062,-7.20088911707474,-7.95393667865643,-7.64311479838451,-7.22182717857778,-7.0873905558205
"APPBP2",-17.9406140774405,-10.3824378385428,-10.9044814460745,-13.3700719658321,-8.52813446434042,-10.1214384526978
"ARG2",-10.1226504225997,-21.0544204427787,-22.4247537915125,-22.2369554898489,-19.3518937643412,-10.6132245885164
"ARHGAP12",-10.1482157841556,-11.8886719727535,-10.9939346203116,-8.98984451758076,-18.7339757595989,-8.71295129900363
"ARHGAP22",-9.82896604797327,-19.3450600474103,-22.6487312701678,-11.314544819077,-19.9488547600864,-9.95962808180737
"ARHGAP24",-20.500509295978,-19.2281322020548,-12.1789598808895,-20.6830568709613,-8.48437656724765,-10.5525750415511
"ARHGAP29",-7.97385680823176,-10.1622833974861,-11.7048019804273,-10.4252707969406,-10.9185650121681,-14.822202356217
"ARHGAP45",-17.9654647428663,-19.7211745346032,-11.1823616236638,-10.4948979185643,-19.3578028131404,-19.2922820343797
"ARHGAP5",-7.51849204699222,-9.50999481464158,-8.2516369774493,-9.33334796472051,-16.7338651510928,-8.58822976527111
"ARHGDIB",-8.5578318431041,-20.4376950653988,-10.2159681786933,-9.97712356734817,-9.44426130951632,-20.2483916169475
"ARHGEF11",-20.2051062237623,-20.769520479009,-21.0174264600194,-9.41190109701661,-8.87069426949496,-9.52203856033029
"ARHGEF12",-8.60216207272894,-8.62567564067574,-10.1375179665394,-9.01083396432772,-18.4184041991567,-11.2748635695527
"ARHGEF25",-9.44380295611579,-15.947238410216,-15.8741479846026,-15.9104616792702,-8.35443296574267,-14.8444812719014
"ARHGEF3",-21.0426989005095,-20.9408683875548,-11.4504158792602,-11.7132800195052,-10.4337878051185,-21.7072537313674
"ARHGEF40",-19.6571727938204,-11.3678469617902,-10.9441006311251,-20.6691140595198,-9.36454840914438,-13.1697782006297
"ARID5B",-19.9795349874798,-8.7082219196047,-22.2960338977348,-20.8701161425489,-20.1306215690666,-21.1124091033462
"ARL4C",-8.46019179036137,-18.5907342175797,-10.4066233968792,-18.5505300709846,-8.55079518112725,-9.51844302391551
"ARL5B",-18.0667251572941,-14.5395654010803,-16.7544371364713,-18.7328991459214,-8.54770939191338,-9.72206588988994
"ARL8B",-17.0866341287581,-19.5745026970477,-9.63500468291851,-8.83065209197098,-19.6664054608268,-8.99072268111232
"ARMC8",-20.1292230018994,-21.2377207327627,-10.404301729392,-20.7784356565245,-10.2063910916545,-19.3035109377203
"ARPC1B",-8.74804131366851,-11.9728496280336,-10.9543974888482,-10.9078429105332,-9.52194861832669,-20.4842401812566
"ARPP21",-9.44295306641929,-21.4687930770603,-22.5588565830924,-20.6710191177434,-19.8472602990476,-12.8785899880101
"ARRB2",-18.3651222695073,-9.3927619127376,-10.4378107789291,-16.9997134052263,-17.0801804641953,-9.528471093035
"ARRDC2",-20.3037897105229,-8.75680712986761,-9.66230755071442,-9.80763062896769,-19.4436237855118,-20.7092243463264
"ARRDC4",-21.7575094857453,-20.8528348545631,-12.2059710896558,-22.75155811421,-18.1336975013752,-22.7302767810321
"ARSD",-9.94328088972592,-20.0824099047254,-10.3133648431685,-12.3638220994097,-18.8987413675701,-19.7341848113418
"ARVCF",-10.7018792304847,-19.0727160659904,-9.69018501421904,-21.3780010775288,-20.0587243399035,-21.568975708736
"ASAP2",-11.3008712490574,-16.5134427219224,-11.016349204268,-10.2744565385748,-9.67579453214356,-20.3949180469165
"ASH1L",-7.45554086357041,-9.25402997382272,-8.52209380682969,-8.52249213643867,-17.038279350969,-14.9525472303315
"ASPH",-9.06413599416356,-19.9399038376821,-8.63572572640174,-20.310427672683,-8.03536521053516,-11.723180982146
"ATAD2",-20.8178625266453,-11.0500127506112,-21.8034360992054,-20.9933265041132,-14.8246703429313,-21.9253474028972
"ATF7IP",-19.2781260725519,-9.85758004500521,-10.3030950984624,-20.3169834823931,-8.26420396195289,-11.8455524507022
"ATG16L1",-9.37515577752927,-20.8313511728729,-19.8617982908713,-20.1184663650882,-19.2092170540374,-9.84066472300007
"ATG5",-9.29090196718804,-20.13866879506,-10.7369987466215,-10.7511482538825,-16.9657588055855,-20.2301009759296
"ATMIN",-10.0012814361352,-9.34972536756003,-9.83938557472199,-10.2120420405217,-19.6229081194751,-9.50643768640621
"ATP10A",-9.03556693018182,-20.5210982174711,-11.9389245844806,-22.1569628257131,-20.7162613880076,-22.2309846036114
"ATP13A3",-12.0671844399659,-10.9368511113906,-10.7054062961059,-21.1836615466257,-9.91047278896611,-18.8518870016935
"ATP1A3",-10.0695121415899,-18.997158387404,-9.24442708578022,-18.0832215107954,-7.47989869675558,-7.23644708594264
"ATP1B3",-9.22198406625594,-8.93572867463942,-9.3857332590561,-13.596884333921,-8.42219214570951,-9.01395300234046
"ATP2A2",-18.9848013073283,-8.91176124783945,-10.4741390559258,-9.50434203642916,-8.75401246063104,-9.05804736678013
"ATP2A3",-18.1001216499625,-19.7588070238106,-21.2656612671507,-10.4161700338136,-19.1337822603068,-9.26036101173656
"ATP2B2",-9.12149514068971,-9.2352918903013,-9.85343153284709,-9.09191560764073,-18.8087067070815,-8.84479933779292
"ATP2B3",-9.43999902890373,-10.9552272816298,-21.503134978496,-20.9473833642807,-20.1086249328418,-10.6157824638827
"ATP2B4",-17.0907544661576,-18.7360179756601,-9.46641742003576,-9.6995673438481,-9.30115814668336,-9.24077842038504
"ATP6V0E2",-8.96011207846372,-8.6684230441602,-9.08407433205304,-17.9837261022982,-7.0780651623294,-7.46502460274645
"ATP6V1B2",-8.6704038113003,-14.9672158051733,-9.44328033492363,-9.28729690856132,-9.08471174989124,-7.15894491341798
"ATP8A2",-8.13905879309004,-9.90629845573317,-21.7705256877623,-9.55024401445626,-20.4711536256521,-8.75837662310933
"ATP8B2",-9.13654956932206,-10.4536811675131,-20.5188238399776,-20.0978726474534,-19.1274783344601,-10.252398831381
"ATP9A",-7.98473187500588,-7.95955113349948,-8.93364914270285,-9.25033865695268,-18.4129265621873,-7.75763113294614
"ATRNL1",-18.2420114780223,-10.9131092879657,-20.9903552111103,-11.4441396098049,-9.79409835979036,-9.72408759413
"ATXN7",-19.9277991182868,-20.2345808030252,-10.8241140961443,-19.834917925561,-19.0647971783979,-12.3353217445505
"AUTS2",-7.85693206897643,-18.8042039549998,-9.22518960621914,-8.89452698523185,-18.1605657272736,-9.91688001009175
"AZI2",-11.3678971725031,-18.3723403708436,-10.0620541809527,-10.1561143948959,-17.7541931396679,-9.33354891439981
"AZIN1",-9.39123931441528,-19.1193123697925,-9.00061423008503,-9.40254290987797,-8.20140640316717,-9.70635348052923
"AZIN2",-16.5070597247821,-12.5696108088245,-10.2999574033087,-19.6718683022027,-18.861376413906,-20.5941466955188
"B2M",-6.34439978050812,-7.97891281695122,-7.22394577597229,-7.16749758660687,-6.82540585160734,-8.58626813683067
"B3GAT1",-9.37014870029591,-8.44635421055099,-11.2459338639959,-9.02611503472345,-9.63443328238292,-9.95383676958392
"B4GALNT1",-19.7261294980857,-20.6356249674358,-21.7744632208266,-20.9903377462074,-8.80573630425458,-9.91256346567855
"B4GALT1",-8.54252948902159,-11.5480440406269,-21.8753152610965,-10.4702371728598,-19.4341949749766,-20.9351643621207
"BAG3",-20.0787191142229,-8.62959960707724,-8.81632169940837,-10.0162971233135,-8.50053646924039,-20.6193424621145
"BAMBI",-9.30693675306078,-20.091610498995,-11.7800175945315,-9.92915388953726,-19.9689287480991,-15.492211809625
"BASP1",-7.86709537991933,-9.58159934147248,-9.36896084859722,-9.14911031364209,-7.89711020249979,-6.73660142355305
"BCAR1",-19.4793566891871,-9.650163494781,-10.2404009336569,-21.7049671564866,-19.6324484934204,-10.2415558956938
"BCAS1",-18.4112789788047,-6.96414384046392,-7.52408957548199,-7.40266557975831,-7.18037173159279,-19.0816087955772
"BCAS2",-9.00072822168046,-9.80464241699789,-10.4393826638963,-20.8401255539453,-16.5543732025996,-9.71129829315405
"BCAT1",-8.44214038854401,-11.9492017725028,-9.54553582538574,-19.5095790904664,-17.0683744812313,-8.02401965055745
"BCL2",-10.7898593805399,-9.39166193761987,-9.55241072508187,-10.1462988392066,-9.14654283992022,-20.3458470651032
"BCL6",-19.2994058304378,-10.3422167716525,-9.11435252986963,-9.89569835288602,-18.0792797183509,-18.11407308252
"BCL7A",-19.4796716255912,-9.27065600199452,-21.2878779552289,-12.1912396061229,-8.74153249907776,-19.797153378538
"BEX1",-18.4716776964675,-18.2458206320633,-7.90135181963573,-8.02539041931726,-7.93519104098168,-7.08157900920522
"BEX2",-9.20769844457701,-9.10840379505991,-9.00224971483473,-10.6293099388541,-18.8743314762393,-7.87785721618643
"BEX3",-7.35615714626544,-7.20900116988401,-8.28757263822959,-7.75141380101293,-15.4538210033901,-6.60610396008326
"BEX5",-9.5255473228834,-19.3213389796431,-9.85455688243799,-8.77538937209945,-19.6272323333769,-7.50639447446958
"BGN",-8.10626876591658,-21.891418719303,-12.4219971253521,-20.7724272253294,-20.4122296988612,-21.7150417514221
"BHLHE40",-11.8415352652576,-9.45729543228156,-11.2950329285656,-20.4176748559967,-9.9599971355134,-20.2097017934023
"BIN1",-9.76096815151403,-7.78037131943826,-8.73747514575541,-8.77536531827517,-18.0995656828934,-9.53011883798549
"BIN2",-18.6849209709006,-21.9974528263649,-12.5829922703855,-10.9575652388422,-19.1753831569788,-22.8514211865587
"BMAL1",-9.29205420742088,-10.1580879177597,-19.9689856368164,-11.1251409609358,-18.0550238291485,-20.8092734223788
"BMP2K",-8.37343636563054,-9.10426806066009,-19.4157493653171,-11.182848522593,-9.23307832123305,-21.3682351203373
"BMPR1A",-19.4569851929832,-9.30891086374675,-19.3550574035949,-15.70622139187,-19.1102362680824,-10.3342238030017
"BNC2",-20.0127884756842,-16.4778748551849,-11.1276124268943,-9.6678001488,-9.5792867708587,-20.3514282559537
"BNIP3",-8.62465196519779,-8.53289809205848,-8.5526591766531,-7.91314241244327,-7.9059166357923,-8.42296880367743
"BOK",-8.48013926479712,-8.45815262327629,-12.3540167546452,-10.51943199386,-9.87354415209004,-10.637197265512
"BORCS5",-19.665906375601,-21.4928205068692,-11.3212483705007,-22.236182519189,-21.1874597055851,-20.5558516565732
"BORCS7",-8.2574604875605,-9.36886068520516,-10.3031059616887,-13.7231005457957,-18.9637566488118,-8.63867044868381
"BRCA1",-10.3573110592177,-20.0154372822388,-11.4466846520797,-13.7920607635492,-16.6932811582739,-9.55414379144104
"BRD10",-16.4546147652715,-18.6181107940007,-8.99391511916022,-8.90110184127721,-8.58048897773638,-9.44088716370771
"BRD9",-19.2474648788384,-9.00692390503172,-11.9403508260778,-9.9973211023166,-9.55080171862336,-9.73277564307446
"BSG",-7.5813202563022,-7.54719712192388,-8.26038865625144,-7.78625846500668,-8.11996159774571,-8.96911862186169
"BSN",-8.65254447681852,-11.0249807885539,-11.8338239528301,-10.5272483911715,-8.54381386242929,-10.3234076040583
"BST2",-9.08607950282479,-9.51994005992665,-11.0455715922199,-20.4772120277588,-9.42932852438124,-21.3479653710056
"BTAF1",-19.4445762047314,-17.880437057018,-10.2802854873317,-13.7054766322163,-19.3386197454296,-14.7913375040963
"BTBD9",-8.92432516059757,-20.4858709732515,-20.8082020863285,-19.0740958789227,-19.8872483899712,-9.06787542033472
"BTG1",-8.17323057866003,-9.77070959343379,-18.9748332998699,-9.47639077700299,-8.33119582139327,-20.2448836518259
"BTG2",-18.8863571092489,-10.1755455143593,-11.6579264023833,-11.9942796837869,-8.93023056390092,-10.4282823470573
"BTG3",-11.8295713059811,-9.58965049992168,-10.6263703471451,-9.97081638363531,-18.9406173691887,-21.4984534358865
"C11orf96",-7.41210059248015,-19.1488322867332,-9.59755065982596,-9.01337924736436,-8.07782447707043,-19.080594342419
"C1QTNF1",-9.95926046962182,-18.097329802863,-18.1603661782235,-11.218665298463,-9.81099598232213,-18.1751739265956
"C1QTNF4",-8.61426884178354,-20.1979641897087,-14.5743586736141,-21.2323605630858,-9.16176459892519,-21.2970989862222
"C1orf162",-19.3411921293567,-10.8896144964441,-10.6821905055861,-10.4757699518276,-10.7386031140867,-20.3496057284802
"C1orf198",-8.76593632916559,-8.684317917679,-11.1318129338339,-9.79293128606325,-20.2229256863666,-10.4094070678164
"C1orf21",-8.90787840294611,-20.3754044782092,-9.44568624887155,-9.78389791229707,-19.5985718597454,-19.4051004864118
"C1orf52",-19.4095429611445,-8.83950266194214,-17.8853461670346,-20.4360678578634,-9.46508987406232,-8.95584843942035
"C3AR1",-19.0030236170153,-18.8700105223496,-10.8569901958132,-20.4005278658277,-8.84794023178996,-11.1106662760545
"C9orf72",-9.91548005822307,-10.4662169319929,-10.6032372387004,-20.252276745249,-18.9248000933296,-19.5202184057763
"CA10",-8.81351815119666,-19.7091123926596,-11.2468459479751,-9.79163602981237,-19.314959582604,-18.7530690895867
"CA11",-18.4748870073013,-9.18970326020943,-9.33875636398801,-11.3412023221104,-18.8150573227803,-9.13401012637351
"CA12",-19.7568693803044,-10.176723554185,-20.8178755474356,-19.4704815394647,-8.73562127357231,-11.9996647190876
"CA2",-9.1958901192959,-9.48669946834396,-10.2302665529449,-9.48533314855699,-7.45948817716148,-9.82564904844475
"CA8",-17.4375033917245,-9.3994176449639,-12.7661293324974,-19.0640898893734,-19.5581814358521,-10.0664847125971
"CABLES1",-18.7645540999223,-19.9610460251635,-9.97752544277323,-10.3617115326202,-17.289982285518,-10.0099656532545
"CACNA1A",-9.41693162231654,-19.1892623927252,-20.5649815981681,-11.1510533405682,-8.30629261467142,-8.58308705516846
"CACNA1D",-19.560184699487,-21.4278926863575,-10.5919309090872,-11.1827924160763,-19.0094821068903,-11.8255539564353
"CACNA2D2",-19.1291887126188,-19.6323014575283,-11.8247947378131,-11.0838682977628,-19.4281469511157,-9.34552004352058
"CACNA2D3",-17.2204440093786,-9.85391515815799,-14.4720780688245,-20.2334967468655,-19.6998539492612,-10.1083680251924
"CACNB2",-19.3702920305907,-9.49622665075141,-13.0763960681562,-20.1302900469886,-19.6322351441136,-11.6880500923746
"CACNB4",-8.99552061048262,-12.8093569238294,-9.94548537888646,-20.3503461229081,-18.8949384101003,-8.9122575525482
"CADM2",-8.9347303921885,-17.5203871763218,-8.30852550739468,-9.06528997022429,-18.5075480723325,-7.46373710976986
"CADM3",-9.08769756392681,-18.9939596197906,-9.02896870286715,-20.5894351675232,-8.36757967112203,-8.60155583052124
"CADPS",-18.4829597716813,-18.473486490331,-10.3267729622148,-19.0142110477849,-11.1852054473369,-7.47101612067514
"CALB1",-8.98003191010299,-13.0803007797778,-12.4406275123558,-21.2645274394261,-9.34516796149096,-8.83436533590362
"CALB2",-11.7262237243827,-9.43584033090726,-19.9745422830473,-10.878822979004,-8.10739063741846,-7.82946401991811
"CALD1",-7.95872964161976,-20.5438619967813,-9.22810162588311,-8.61166462093542,-8.29779982241528,-20.1691089394588
"CALN1",-9.30793105791194,-16.0694396038417,-14.9936014846828,-16.8609858891235,-16.9446857000948,-8.52622676864659
"CALY",-6.8616066191181,-16.4017896592094,-16.4428044482279,-8.45759298636275,-7.20500721556419,-6.36019281097791
"CAMK2D",-7.93524644918871,-12.6282393382088,-19.7537554272461,-10.0286052278732,-8.0706778514851,-8.90351408780205
"CAMK4",-19.52386385043,-20.2788353628075,-10.545222232376,-11.0864581433724,-19.2575868464378,-10.3808931897154
"CAMSAP2",-18.9485870088749,-8.8232034255263,-9.08924222202981,-8.79656966537204,-8.68274924722132,-8.11520816964682
"CAND1",-7.75878293294671,-16.8172587300134,-10.4393757611674,-11.3124542177638,-18.6988968331074,-8.33666448301108
"CAP2",-9.40154170539705,-11.3858789213575,-14.2371678704415,-21.4614723402635,-19.7933176092524,-10.2385041500209
"CAPRIN1",-8.95071519346097,-8.32604785010883,-9.78143434410602,-9.86337001476459,-8.79886354168949,-9.59705517819932
"CARD19",-18.9235273119517,-11.0809213796546,-11.6217208017096,-10.5201735453206,-8.90526993412821,-9.84463433664269
"CARMIL2",-20.0693243606938,-20.3551370432642,-21.7018580233767,-18.4914475645342,-9.14224720456617,-9.92636668515212
"CASK",-8.39613976484264,-19.3659324481156,-12.8451016715551,-20.1292610512653,-7.87947452236033,-19.4569238019834
"CASP4",-15.7413813480575,-15.8506602076656,-15.847431840227,-9.70855728034204,-15.7341152407185,-15.2167931131715
"CASP8AP2",-9.11905259535175,-20.4384081225126,-20.6307710655534,-20.6532488513244,-8.67711899086288,-10.133499860675
"CAV1",-7.93715665440014,-9.88184726812581,-21.1355642751993,-19.1820648507569,-19.4562444827845,-20.7719308273508
"CAV2",-9.67029354053052,-9.82945750518293,-22.5884464312816,-9.53966424194209,-11.4454513568149,-11.7490872672185
"CBLB",-18.7427714253135,-19.4971273333281,-10.5404704847136,-10.6848948401261,-9.1028887671404,-19.6357372749595
"CBX5",-19.1676919331916,-19.7807981803457,-8.47796477029206,-8.51143365242696,-16.4204281807002,-9.25396857644715
"CBX7",-15.578139343651,-9.11556948952532,-11.0649177954106,-12.6489805762427,-8.39599930479604,-9.50063709896188
"CCDC148",-10.0951358378414,-19.4591364343296,-9.98121070396725,-11.0477639836141,-10.82515386921,-20.0696048647268
"CCDC160",-20.4748471780004,-11.1032164730394,-11.5650162706438,-10.4772743143112,-20.4747959675569,-20.8239481704782
"CCDC184",-19.5333508147068,-20.2572567150793,-15.1505770794472,-19.1710944949484,-19.6549798458634,-10.0687184045635
"CCDC186",-18.6376449799672,-15.3362762752241,-9.48032173426883,-12.9110700234735,-19.4978764483925,-9.62690973478005
"CCDC50",-7.70751149275019,-9.20184771032249,-19.5127235113118,-9.63321687767852,-19.1227623929942,-10.8247118035348
"CCDC66",-9.93247620395509,-16.4157390789752,-10.2870360353641,-9.99184701648959,-20.0264183542268,-20.2536227840991
"CCDC7",-8.64886707163551,-8.88394397290274,-10.4055819747622,-9.81878509864961,-19.1646240983733,-19.8695840964329
"CCDC91",-17.5795415793137,-18.1623668868345,-8.59712358117677,-8.86591020166897,-18.0279689241584,-9.02533833471902
"CCK",-8.79148995115264,-19.3504298907842,-20.456178663703,-9.79097303356628,-10.4164489045234,-7.73973571902668
"CCN2",-8.5663565400984,-21.0555341092342,-22.4553749543076,-11.2544318171521,-11.2112571269628,-10.9856426270539
"CCND1",-9.01619532334286,-20.9201234153058,-22.0098758011791,-21.0406230003525,-19.9416164802047,-12.8832216485327
"CCND2",-8.29591405764844,-10.8546068973674,-14.1606215021158,-9.52989063512342,-18.5438608074788,-19.7098930488148
"CCNDBP1",-19.0484286789493,-19.7599933485669,-11.3161888161713,-8.8626832401325,-10.8716284063437,-9.10443633954742
"CCNG2",-19.1721878775511,-20.6460710730307,-10.6868497105282,-20.6049446115514,-9.84423637407027,-11.0046028289086
"CCNH",-9.16103740192385,-9.11587288651967,-11.7769044864168,-10.49141974841,-10.3830882029697,-19.6954677983507
"CCNT2",-8.48927691920415,-10.7149866163184,-20.516318196664,-11.9262290794532,-9.68579708313722,-10.4158594311714
"CCR1",-21.1115356527973,-21.3554700102228,-13.0882592339696,-21.9992016159637,-9.33560120166689,-22.0988590019022
"CCT2",-8.93188542204888,-10.7667862791984,-10.5585482141378,-18.2225950787935,-8.36400272387099,-8.64821070619208
"CD109",-8.67269728091667,-20.8892964774284,-11.5991855048024,-20.5219628107114,-17.1888902341636,-21.1123948178107
"CD14",-9.81532670994712,-8.99261213668067,-12.749207533808,-12.1372140145052,-8.15464162709211,-19.0710568360462
"CD151",-8.18694663899648,-9.52938228416491,-10.6361774308473,-9.89927373463741,-8.44087653650498,-10.1647886985185
"CD164",-9.1157009957002,-10.255337742511,-10.2573318203814,-12.2556637253055,-10.7793551808896,-9.00457549490141
"CD200",-9.68563186100276,-9.8802530490634,-20.395665080409,-9.88035742746449,-17.8234522177189,-8.22954341312387
"CD24",-9.11607644375247,-18.5888614773894,-11.0164441165823,-20.7123490380506,-17.6146795722943,-9.78345746391207
"CD2BP2",-8.59463707866607,-18.9269200350166,-10.0126704127887,-10.8446185215793,-9.52715767867182,-9.93265489829727
"CD302",-9.40180913888958,-9.43785412851663,-10.1169309663999,-20.0481903919732,-10.2301566454082,-19.6569882072678
"CD320",-8.50104694921063,-19.5355446350202,-10.9433422332868,-19.0202927028591,-8.57533268073412,-10.301390121285
"CD4",-19.4055113469098,-20.5351684049784,-11.1578349595846,-20.7459130763528,-8.99392734410379,-20.6910568200601
"CD44",-18.6129078483861,-18.5050060497047,-8.90273725733837,-10.2370507881455,-8.13141168969936,-19.6830905579106
"CD46",-8.59653381824613,-10.8075810418976,-10.6027371684325,-9.48704650470932,-8.66101072503935,-10.0618690572736
"CD47",-8.33789869509578,-17.0118193675425,-10.5223200057234,-20.8126160423276,-18.9026428729391,-8.79932597874507
"CD53",-9.58296664050222,-20.1070367013211,-10.985289224958,-19.5702076303716,-18.5291430238618,-11.0353759583368
"CD55",-20.215271029181,-20.39283597337,-11.0366676894449,-10.0315118233224,-8.82830190276352,-10.1446230712323
"CD59",-6.53345918268428,-9.22142758756474,-9.86546128882711,-8.67860122550222,-8.69377697019568,-7.90825138063159
"CD63",-7.69571140445902,-8.28383863772937,-7.94193797664905,-8.70977785642673,-7.08326088905914,-8.34910974071612
"CD81",-8.76621365701182,-8.17380997852438,-6.90856185377077,-7.28423274191329,-8.02411535666121,-7.82225775704539
"CD82",-20.1319895715425,-9.11213405587751,-18.7702671517567,-9.31600043799899,-10.0367623489467,-20.2635040176291
"CD9",-19.4823378500768,-9.15292330990119,-10.1768056181001,-8.88594912927689,-8.4803214260162,-18.2784813899602
"CD99",-18.3044355879205,-9.93498369579318,-8.0823059965057,-7.62652150952223,-7.60592952675895,-20.0919600677097
"CD99L2",-9.82350827384718,-15.8187197640059,-9.23272255465437,-9.75735597463158,-19.6135038961665,-9.31637135513825
"CDC14B",-19.2563402516879,-9.66369036791214,-20.3079144302728,-11.9271860946165,-8.67501295762204,-21.0224011232126
"CDC25B",-9.42729509882729,-11.0101608631398,-11.7190579640114,-18.6086184268937,-20.1966890754996,-13.1261903220598
"CDC42EP1",-20.8161064479985,-10.0613284022972,-10.7569117215233,-9.98822481144231,-19.4245005728561,-19.682215739163
"CDC42SE1",-9.5318928072121,-9.08603014499044,-10.521545975869,-11.9984606595906,-9.20806975561613,-10.3769579429096
"CDH2",-18.999080935599,-9.84291222268249,-11.1065662017878,-19.8749460780854,-18.4479404010516,-10.9257099943737
"CDH20",-10.2422895343906,-12.2061595757117,-11.1437648489894,-18.6531590809715,-10.4437737411165,-21.1119627958245
"CDH6",-9.7367959983187,-20.3493631937686,-12.3317288326648,-20.9503793261449,-9.27730753666113,-22.2271702061517
"CDK14",-10.3719323741889,-20.2173277415125,-19.4598381654888,-20.4422390741771,-9.60937808148628,-8.25223863812953
"CDK5R2",-8.03385231973931,-11.3447155181408,-19.2871260663364,-19.8952256005789,-19.41001750982,-9.29618465497055
"CDK5RAP3",-9.8615603663648,-11.9630656481232,-10.1859984683081,-11.0602474519776,-19.5472627454502,-8.9258818335445
"CDK6",-19.0205679441882,-9.8452052566945,-21.5040003941046,-9.99153160702967,-19.7234128192005,-20.9091292171418
"CDKN1A",-8.87296090413511,-19.1782571715396,-11.7834980275217,-11.0215700452307,-17.8826883699669,-18.4383678112144
"CDKN1B",-7.464567990076,-9.93928448645135,-9.42436124993752,-9.58904682010137,-8.27817230409512,-20.3880671757472
"CDKN1C",-8.51077395636414,-8.25571121455053,-15.0057834114326,-10.9673951998948,-7.46429287776139,-10.3682737783447
"CDO1",-20.328746477516,-9.24980291830256,-14.0028472030476,-21.621306087929,-8.68332221116281,-9.36219349534605
"CEBPB",-7.7268061255378,-18.5633660348873,-10.1444121950787,-9.07560608168708,-16.4348362619026,-10.5247062306211
"CEBPD",-18.2099171365514,-12.0860057254639,-8.92251900545122,-8.39809823440101,-7.75649986156026,-19.5835226516972
"CELF4",-17.700097495108,-18.2997597010404,-9.18440964764757,-8.78843920960061,-11.0447300286337,-6.79426339958107
"CEMIP",-19.1076034358292,-19.3570959498976,-10.4001784784941,-19.1888017635828,-19.6426070466611,-20.2961159182489
"CEP126",-9.88355186750593,-10.6405666131947,-9.26591197032299,-9.58367004681285,-18.6444368828615,-10.1204320814771
"CEP44",-14.7574563273024,-10.8773584063841,-11.7337266840446,-10.0827216027126,-19.2220188632957,-20.0170477449861
"CEP68",-8.3096715710559,-19.2545645267791,-10.6606885320731,-8.61025865003008,-18.4505619116755,-11.2578100868857
"CEP78",-9.04511738688459,-8.89967391736431,-21.3503463410512,-9.47896711226952,-18.7420518013786,-19.8324072797119
"CERT1",-9.71401252833208,-8.67869923707196,-20.0138441525715,-8.91813881147354,-8.53325009845929,-9.71823264539689
"CFAP36",-17.9822622884328,-10.3756193899991,-8.857203614209,-9.43409917509289,-7.45529338495253,-8.62260693171094
"CFAP97",-18.8519928216052,-9.81161910784505,-10.454181993762,-8.9915878213111,-7.84023720968958,-10.1958311418571
"CFH",-10.3900512363676,-18.2258236819581,-16.3061616517536,-11.6272956389976,-18.6726027071934,-18.4068988233174
"CHCHD7",-19.7048852019085,-20.4320632184199,-10.4878330994928,-9.74914872417064,-18.2545796742751,-21.5009025013701
"CHD6",-9.25430336062811,-18.0199024928825,-8.85857492629528,-9.80819214242263,-8.99405698971703,-9.29931722261259
"CHD7",-9.38478598942435,-8.55661669489326,-10.9036300438609,-11.117655001213,-18.6752990252268,-10.6342140624392
"CHGA",-18.2934211068809,-9.6665865812356,-10.2960596214619,-18.5575865068537,-10.4406631381393,-8.53099935830405
"CHGB",-19.4676022649435,-9.81520174460283,-11.627708258666,-10.7575145163727,-9.18746501455519,-8.19660149270536
"CHI3L1",-19.4440314706109,-19.7847840469102,-9.73498725816292,-10.5150069277264,-10.4591043075227,-18.0426307037908
"CHIC1",-19.7578811074428,-20.4568533286435,-20.9543151919699,-10.7603114245322,-9.42302676035813,-9.69918303736414
"CHMP3",-7.58553867085957,-8.71100017316347,-10.6718951681439,-9.17478696035674,-9.66732378741755,-9.32451923784675
"CHN1",-9.37211219701352,-18.3168564703313,-8.99696719623992,-20.2704588422918,-20.0992039248714,-8.38163337306321
"CHRNA4",-18.393085177517,-19.6204862266855,-20.5476130062627,-19.906888730859,-19.0490420327143,-7.80001699934812
"CHST2",-18.7723977494879,-8.97776562691823,-20.8745498655347,-19.0380800881188,-9.87887682588928,-9.62706250285581
"CHSY1",-19.7854557196328,-11.0616830309592,-17.2494287928198,-11.1636846949723,-19.0482949291337,-20.2213927214937
"CHTOP",-20.5788168694048,-10.9196685285246,-9.69337103475604,-9.36896316777209,-20.2050086406739,-16.0066474601458
"CIRSR",-8.33519489314808,-19.9700794805554,-9.30658452616128,-8.90698770659834,-9.26800380379226,-10.895444405166
"CITED2",-9.73640922943997,-18.7641010791203,-10.2346221269219,-13.0267874569473,-18.2615655905505,-11.2336084010968
"CKAP4",-17.8885484117276,-14.4387849834129,-9.97419624745561,-19.8199208805432,-12.0367684464092,-9.65190111583851
"CKB",-7.21375189182907,-8.31233249886906,-7.06880230700374,-7.05244201605232,-17.3799667785231,-6.60815032514848
"CLASP2",-9.95733239998073,-7.67411933060552,-9.69204277476604,-9.47876320332389,-8.30050722712168,-8.82089774316846
"CLCN4",-10.8186236275567,-10.1221526397211,-10.7358415223263,-9.60576016254137,-7.34088678178858,-8.37360937301303
"CLEC2L",-9.38187640507924,-16.7667584384725,-18.4471603477748,-10.830740299371,-10.7722344578064,-9.78882153496067
"CLIC1",-8.44377791053878,-10.2511082255355,-11.3330027580013,-19.513759043444,-7.95402781058512,-20.5614891336665
"CLIC4",-8.49682168748698,-20.2020409425835,-9.17875228359022,-8.8634726122658,-19.5836421858911,-21.4859201599929
"CLMN",-11.426508926551,-19.2593807788107,-9.71808600268393,-10.0065728526967,-18.8102833869469,-20.3519984758794
"CLSTN2",-9.99422388563095,-20.6566837981289,-22.1003555914223,-20.9590746156946,-20.3749466201368,-8.98010390244234
"CLSTN3",-9.91817970586492,-18.0310352311485,-18.4244671884435,-10.9331429106279,-13.6960170572091,-8.48281858339625
"CLTCL1",-19.6682207617857,-19.3250901644042,-10.1749336047073,-18.7078373997603,-9.78212318529191,-19.707101472418
"CMC1",-11.5413650297985,-10.3104266345162,-21.0587427260672,-10.8517738583665,-20.4230913940479,-10.6399191378369
"CMKLR1",-15.856772414845,-15.8625121781397,-15.8644914095595,-9.47672449966734,-15.8627975057658,-15.8588133138032
"CMTM4",-15.1352730321103,-19.3001788034567,-9.29554608343379,-9.45743464429331,-18.1134203803477,-9.69844837348012
"CMTM5",-19.3442750203809,-8.80461704221521,-9.38636733868455,-10.7943697329991,-17.8945636978458,-20.1873819989305
"CNKSR2",-9.7240534034904,-19.2672089011315,-10.7422237474178,-9.12654363065289,-18.6234097403091,-9.10218852822371
"CNN1",-8.34589240716995,-16.7235544713981,-15.6827718472139,-10.5254667327092,-9.39188888203127,-16.845002120561
"CNOT9",-9.10459197443911,-10.389468809342,-10.5123466799255,-10.4445558455122,-18.6855355936885,-18.7757999445838
"CNPY3",-8.654615127806,-9.14173141211832,-21.5749787136525,-10.1812011217656,-19.884040168565,-19.7994634337176
"CNR1",-19.0185786840508,-20.761693518848,-22.0748481911582,-22.2980975655493,-19.2730900778631,-10.1749974682092
"CNST",-9.5125786915082,-20.4838614913096,-13.2464757915769,-10.3674168840472,-9.39670012698502,-8.8938645197305
"CNTN1",-8.10209764836785,-8.93699965017062,-8.76687936043559,-12.0818755631636,-13.5430176347554,-7.82627514290045
"CNTN4",-9.01298118069618,-19.6191552048301,-20.7682280701681,-9.67651287243849,-17.9840704174698,-9.36496494298131
"CNTNAP2",-19.094935953716,-9.66047801088281,-20.7679906826768,-8.63600595467788,-12.2476115801973,-8.62587967581487
"COBLL1",-16.6063781890031,-19.2754943833427,-10.135804128417,-10.4454408411678,-16.484446495187,-19.8901155284407
"COL18A1",-8.15756575896158,-8.7349996515686,-18.9015127928299,-9.33073782938345,-8.73034459209472,-20.4995154305631
"COL21A1",-20.0712160865246,-19.0136121214367,-11.6430636143847,-10.4735062247526,-8.84719263250404,-20.9471818678356
"COL4A2",-8.80472503491534,-16.1924777476313,-15.5858265831626,-9.68228471766451,-10.6611005855557,-16.1515446708523
"COL6A2",-10.0560475861741,-21.7929745410285,-13.5505895977193,-21.4432204801598,-20.9454586825785,-22.4312418739869
"COL8A1",-9.02354469345889,-21.4455875656634,-12.713990814767,-21.925702375762,-21.0607503057867,-21.9417514207837
"COLEC12",-9.56305854604865,-20.2137785142507,-10.4382287993772,-21.0089353655257,-8.80246815051763,-21.520915640974
"COLGALT2",-20.2618046706248,-9.07764920556555,-11.937613732362,-21.3229794159283,-8.66557113021453,-9.81953970910982
"CORO1A",-19.1085726996934,-9.76480958502403,-10.4517078427419,-10.0191604144405,-8.58019703165899,-18.2018443771544
"CORO1C",-8.58448949122582,-10.1728893485403,-10.5609951910529,-9.07855109483413,-19.4566303176707,-10.2127205934106
"CP",-8.57632372898939,-18.6097933640838,-9.39124338355062,-9.33131905159712,-18.4880593396004,-11.6796263268669
"CPB2-AS1",-20.1863993053908,-9.51729630699036,-12.134193719567,-21.3917297697036,-19.9532870912712,-11.4393843351646
"CPD",-7.72937749593099,-9.72242723152213,-20.7016574538993,-21.0899079030219,-20.5915675803652,-11.0687134106782
"CPEB2",-20.0629946061222,-9.79154056529336,-22.3732103661333,-11.002387239394,-9.81440871379517,-10.1561699577552
"CPEB4",-18.9578237402287,-8.20136255575724,-9.71884757055702,-8.83297578090268,-17.7518417722872,-9.276383240314
"CPLX2",-18.1918777329508,-8.52777713783107,-9.6236626971351,-10.8031023689806,-7.11878469089247,-6.85086175775242
"CPM",-8.8881743563762,-11.7218458441251,-10.3364494400368,-10.4802164804196,-7.93010036189031,-11.3524149036091
"CPNE1",-18.9700321313511,-9.24313255262632,-19.7738566554216,-19.1905783204637,-8.26285829903426,-11.4635392321458
"CPNE2",-9.15049800560537,-8.98251646028541,-10.9526379676905,-20.2858405973329,-18.4146991239073,-19.5950566633895
"CPNE3",-10.0239932382605,-7.86494743993728,-19.3548838032397,-10.9224461567111,-9.87085730590469,-9.7556529670619
"CPNE5",-18.7694864446301,-10.1635718194347,-21.1112082994646,-10.9317737469058,-8.92633438752738,-20.8909199415825
"CPSF7",-9.25198869830039,-18.6744963169715,-10.6381761761063,-11.3717870288422,-9.74977830584847,-9.62766898291177
"CRBN",-18.785824017163,-9.38664514277812,-10.9331035265466,-10.339663389603,-9.34855322001004,-9.45283461445242
"CREB1",-11.3165748762894,-12.2558922646059,-10.6924852853681,-9.5404665052136,-17.8325703595622,-10.5544090159931
"CREB5",-20.7169701644841,-10.280437692473,-9.81440084434529,-21.2977464265783,-10.2616335827632,-21.1264497219842
"CREG1",-18.1893272085022,-9.59208369915558,-11.6876260286831,-17.0101191520511,-7.59653271471776,-9.27753174854722
"CREM",-19.5202269336419,-20.0460756095837,-10.6120978062274,-10.2176752042594,-8.48881929219194,-10.6340381805722
"CRHBP",-8.83576339322972,-10.7120862110296,-21.4118834877812,-19.7496507180245,-19.3813730210565,-20.3160518063692
"CRIP2",-9.07285143271523,-19.902495148789,-9.73106304968272,-17.1970022227135,-9.23426106716244,-9.69721654863284
"CRISPLD2",-9.31599213713116,-18.5642966709141,-10.6922841081685,-10.531361653271,-19.7408817930439,-18.4423026239707
"CRTAP",-9.18864727696026,-10.7845419981575,-9.8908364854405,-9.19229932512609,-9.03897028722182,-9.62743071030934
"CRY1",-19.6661690141222,-10.7739801055737,-11.6979195481901,-20.9188129182506,-18.2731326562545,-9.59330950748918
"CRYBG3",-9.90187734775157,-10.1717663617797,-15.7358073557814,-21.4946412652578,-10.033988783989,-21.4450703131014
"CRYM",-9.25732103342962,-11.0808437064591,-11.0483406108507,-20.1489899395293,-19.0969568197467,-20.372526425269
"CSF1R",-7.80413030598979,-20.0538262176803,-20.4942581715527,-20.1906648650001,-7.64476780468188,-10.6366359203979
"CSF2RA",-19.2754890949108,-9.64073051633143,-17.8499254448746,-19.2261127985335,-9.94927795563901,-20.3028531345431
"CSF3R",-16.8919014284837,-16.8953556016931,-16.8933431087342,-10.0909238017494,-9.15738204880256,-16.8883481010764
"CSGALNACT1",-19.1827271734146,-9.29779967045619,-14.3734558163655,-11.0811932654499,-9.16732819318877,-9.57510249757248
"CSTA",-10.2459743815593,-11.0689500381365,-21.4943564383892,-20.8991754989363,-20.0475231538727,-21.1368736356336
"CTDSPL",-19.6751217279804,-10.5901196183656,-10.8040589846686,-10.5462591335455,-10.0368591760078,-20.8106473396073
"CTNNA2",-14.5503855518374,-18.7167495123153,-9.71194269302253,-11.6211681813464,-9.41012997478825,-9.72369297412991
"CTNNAL1",-17.2071929476569,-20.462683255485,-10.5747755554778,-13.2039307721695,-19.355178146642,-20.7048626842462
"CTNND2",-8.87677847992294,-9.05491043079508,-8.28308287379205,-8.26992904911583,-16.2735073574807,-9.41592670926502
"CTSA",-10.2253173835989,-9.25713241382966,-10.9452714443436,-21.1729228017297,-8.78944341888486,-20.6529906453185
"CTSB",-8.18216050670621,-19.1489360899911,-7.87366557525785,-8.45590596957352,-7.00402693263327,-7.75786213097436
"CTSC",-19.694751462153,-9.65952143541904,-20.7618811492456,-16.9152845480698,-9.28943218921349,-20.9478517244567
"CTSS",-19.4408877794432,-20.2437087407207,-10.8509325699148,-9.79706607586325,-10.0583703836299,-20.1292081933128
"CTSZ",-19.6772000703916,-11.7238383968108,-10.8877840421819,-10.1598936094261,-8.25837598051454,-9.43859550979977
"CTTN",-10.7556045135412,-8.70506713534193,-9.36947517035829,-10.8588541508944,-9.75948632753339,-9.40671708045675
"CTTNBP2NL",-9.3780196807698,-9.99000096616389,-11.638887082555,-10.7388948868507,-20.3351059860253,-21.4015344269111
"CUL1",-18.7509902778578,-11.7222234418012,-11.5322741877544,-12.3675501591117,-8.17780023815211,-9.09225176023882
"CX3CL1",-9.12738640251181,-21.1413638697013,-10.4572920168823,-9.4428458874791,-16.8039009935849,-9.74928891899772
"CXADR",-18.9918017257494,-10.5298224271903,-12.1174721765664,-9.74785187506129,-20.6232405457844,-19.6676370055097
"CXCL12",-9.79531186657013,-11.5090422607296,-21.1620541121652,-9.47521407919885,-17.9567460427129,-20.908590664643
"CXCL16",-18.7821345435012,-9.9957274676178,-20.4241620207249,-10.6933422211666,-9.93745779972771,-20.8387004562162
"CXCR4",-9.437167412222,-9.98147315032601,-9.94581292616068,-11.0674043560874,-19.2199923876784,-12.9780838992855
"CXXC4",-16.6556978965599,-9.62537469931621,-13.8965026301129,-20.1204250531438,-8.39851757299174,-9.40810171211425
"CYBA",-8.72288374021241,-20.569864234439,-11.0633018890942,-9.25844027621323,-8.38302215701939,-20.3766184830235
"CYBB",-20.683714952876,-20.8710558953459,-11.0512275135463,-21.5698923456993,-8.92036412944189,-20.5310749998394
"CYFIP1",-10.3630415724896,-19.995586584276,-9.79643216237624,-9.21168942821255,-14.498256504384,-19.7479124537802
"CYGB",-19.1941509142047,-20.5645534023881,-21.2249960853518,-10.5686265728963,-19.3884077136026,-9.12862762780237
"CYLD",-9.30598042259949,-20.493089861778,-9.43603545947654,-10.0251549156683,-18.9471858309326,-8.69064528866063
"CYP1B1",-20.1172679121352,-10.0766186373868,-20.4563329650961,-11.3582729788754,-19.7812246014707,-14.7215755980502
"CYP27A1",-18.4363942790874,-11.73723796295,-10.0529048572045,-20.5187991674779,-8.591755893108,-9.77014185169502
"CYP27C1",-10.1809846442304,-19.75747468868,-12.4621862932262,-19.1068824450263,-9.10759836164934,-10.4270964208034
"CYRIB",-19.835773163928,-9.74713050295419,-21.2142299855663,-16.2126873255306,-10.8920259502765,-9.35468523166976
"DCC",-13.2972729283563,-18.5860622138347,-20.9083226813845,-10.2474369637895,-19.342273276538,-9.56776597128157
"DCLK1",-7.71213706906618,-19.3796836170685,-9.41869164132162,-8.51502025315794,-8.85306789291545,-7.69983055372806
"DCLK2",-8.09185133161225,-18.4895863645317,-9.54957017271436,-10.7487282367366,-8.28050417766347,-11.7371755600026
"DCN",-8.83944975829349,-9.53725604170192,-10.6227475736936,-9.56582333595228,-17.2731851628441,-19.7767610975227
"DDAH1",-19.0701995053695,-16.4735195575371,-11.3100899829767,-11.3025104057584,-7.75650492956967,-7.87902519455924
"DDHD2",-12.0470229123138,-9.35392261360147,-19.6379971264244,-11.0479460978297,-8.53134463557434,-9.39281543321163
"DDIT4",-9.77844494470708,-7.92990710959957,-8.88675747410383,-8.53095890750616,-7.19050655489783,-9.9949804893192
"DDR1",-17.5713008674782,-9.11557269097475,-8.53568314514283,-8.47664994318115,-9.62698171531359,-20.245571931943
"DDR2",-8.7125275880532,-9.09431007917189,-10.7283408474322,-9.62565010778784,-10.8553014783133,-20.5752111047642
"DEF6",-8.9528012138491,-19.5909034214386,-11.4900236382679,-18.6797135313363,-19.7786897445223,-11.8141537317029
"DENND10",-8.35269525318824,-9.28930504604994,-10.6371267968096,-9.86483176857673,-9.60719575276273,-9.62650764597596
"DENND3",-8.37539569065185,-19.1831580469631,-11.1652083578537,-20.9474811950982,-18.5781200128661,-9.95691641608417
"DENND4A",-9.74023849933107,-18.7975695384347,-10.6850599341916,-10.9987061663502,-12.5506151213706,-10.0195608227744
"DEPP1",-16.7872422046831,-8.69257149424993,-8.58098789274968,-8.80034408334726,-16.3665359110976,-10.1011296878569
"DGCR6",-9.00943609390812,-10.8717054951135,-22.2851252568496,-10.0173411742651,-20.5651771820777,-21.8485626606906
"DGKB",-10.4767721044622,-19.6881459231438,-20.5029996972917,-10.2831608670865,-9.25283592690125,-10.0667286489029
"DGKD",-18.8364052850799,-18.9373174278401,-10.6094539849251,-20.3118467481331,-18.9996377623417,-10.2634963112933
"DGKH",-18.636414223305,-21.4489394520472,-20.3883493369489,-21.485184365618,-10.2007839841071,-9.51628049856108
"DGKI",-17.7882948270953,-17.764948161255,-15.8441694179088,-16.9305385405647,-8.82025348933083,-9.71767226812444
"DHRS3",-9.17716545297888,-9.10699393774034,-9.24782927021261,-8.77064272289495,-9.49445764064434,-10.4761646314596
"DIAPH2",-18.2003714023319,-10.1528674217172,-11.6382399375871,-20.2810584688925,-18.5966054649039,-20.6676968267531
"DIP2A",-20.530186355885,-9.97048704860971,-21.8733481080851,-10.5644176060478,-9.30701271211098,-10.6308367822373
"DIPK1A",-8.09644415071847,-10.8280321377186,-10.8326052262557,-20.7732815437858,-17.3368094037608,-10.7509535563192
"DIPK2A",-20.4660374936045,-10.335800686745,-21.138910982852,-13.3969953253888,-19.8746827529568,-21.8362597716254
"DKK3",-17.4308310961071,-7.87337584876019,-8.17310181418472,-7.81557671170952,-7.27021306992058,-6.49147108068915
"DLG5",-8.46104283866346,-11.3013010136173,-16.3244362257733,-11.3123209583926,-11.0038733157919,-10.0577140812729
"DMTN",-19.4223823551004,-10.3090399553581,-9.98772157156398,-9.23025307902738,-18.3424053871366,-8.20651792586875
"DNAH5",-20.6725592753963,-10.3302132402256,-12.3576256394709,-11.5047970993958,-8.8381051998314,-11.1591475359417
"DNAJA4",-9.81411958301681,-17.2742845358655,-10.0569429909871,-10.0424171603992,-16.3611955723908,-8.25021779781112
"DNAJB9",-8.2051323910796,-19.185769447702,-11.2064482391668,-18.6558132008988,-19.0848370055732,-9.72807343861938
"DNAJC16",-19.3408914242749,-18.5824350513937,-12.9243775187324,-20.8283473691803,-9.11508154960677,-8.97597185787123
"DNAJC4",-8.95705971307188,-10.1021861658971,-10.6435413916716,-14.4738183177492,-10.4883229877316,-20.3621829794219
"DNER",-18.8697938046072,-8.13700410771634,-8.61793979627269,-8.42179920450783,-8.38851453284611,-7.04390462318097
"DNM3",-19.0307712094628,-19.1032585164425,-9.15190185971499,-20.1816584159845,-19.0469996005686,-8.33297613757056
"DNTTIP2",-8.3661665021095,-19.4287275636851,-9.85811505674242,-8.94971133555381,-18.0548237424375,-8.87619848276583
"DOCK4",-8.70955049894544,-9.13099008603728,-10.1494946314742,-10.3840259818876,-19.6353499768289,-20.9350915449063
"DOCK8",-18.4834839204393,-19.0522967883213,-11.036803504711,-9.54528902026929,-9.01322738689416,-19.8889438904305
"DOCK9",-11.0019981418833,-8.52245627497161,-20.0622504679587,-9.26628104318964,-10.6978553945498,-10.6600362220949
"DOK6",-18.9704904554301,-9.00792671094475,-19.569555918272,-19.5955814236172,-18.0825052771222,-8.00992476646677
"DRC8",-10.4343873273311,-10.7171313866817,-10.9428288832233,-10.9849679955073,-8.49306554951692,-20.187586119123
"DSC2",-18.7684152441102,-20.1210231003704,-11.4220546295946,-10.393127837345,-20.0015757429824,-11.0645646325433
"DSE",-19.1509958505684,-11.5351858082366,-20.3583877013462,-10.6514444537803,-8.57271383179831,-9.94181282347627
"DSEL",-20.0341086678317,-19.5840414007942,-10.7522470308086,-8.87327759819845,-19.2382199764281,-20.7284244301634
"DSTN",-6.90310957376795,-8.37107471080859,-8.53915548412567,-7.67501066080131,-7.68738108018995,-7.06316484969165
"DTNB",-19.5163803288641,-19.6069728413949,-11.7250645828486,-20.7699768744314,-18.9764198101488,-9.25148267681588
"DUSP1",-17.7310553741377,-19.3644076436836,-9.76497831905582,-8.90165997211991,-7.82084347345279,-9.37384179735649
"DUSP16",-19.8961137240162,-20.848295672204,-21.0747218639862,-20.2235217718195,-9.09505245466213,-10.2000312755061
"DUSP3",-18.2835592325309,-9.03023564584311,-10.8157643434369,-10.05270662032,-18.0238812952295,-8.3510998975095
"DYNC2H1",-20.1755092209372,-10.1695032337267,-11.3113173543464,-21.3853246511802,-9.70530359586858,-11.3625655963862
"DYNLL2",-7.74381362768802,-19.5747308435222,-8.15350949285889,-9.5774335680596,-16.8909733931343,-6.93385214976289
"DYNLRB2",-15.9378460580638,-15.9278333246616,-15.9374454294664,-9.30148593799705,-9.9303246868589,-15.9373446400084
"DYNLT1",-20.0367810676254,-21.379759297376,-10.519817607922,-9.75427743221391,-12.7899606387542,-12.3966208302351
"DYSF",-9.35119210779306,-9.78315759439042,-20.9331822604191,-12.2123364041414,-9.64669574635342,-19.755281487
"DZIP3",-8.24890945099643,-8.9683734099959,-20.8646652932259,-9.68098671833459,-11.2601700961325,-8.72228937076349
"EAF1",-18.480878444867,-9.60761226343678,-10.7742543074382,-11.0091416298559,-10.003404043344,-20.1484860755991
"EBF1",-11.239924525695,-9.47692224604851,-19.6198497771635,-21.8242267643615,-9.23080173228397,-9.69113264667336
"EBF4",-19.3983780564338,-20.0465467002267,-12.6078718725942,-10.2728617576555,-8.89863718066502,-19.4919669865586
"ECE1",-9.07048210277019,-19.6403217228215,-9.28214469944909,-20.1107105376492,-18.4065193686975,-19.1892425860172
"ECHDC2",-17.6077703526314,-18.9817859353392,-10.5471085253543,-9.97209385709213,-18.3757445291489,-9.52700672141263
"EDEM3",-8.81909734513222,-21.5759133161242,-15.0532884106497,-21.5545230873736,-12.4997804666237,-15.6154195382111
"EEF1A2",-7.88955022913502,-18.008872568518,-9.56816894201679,-9.16242268486845,-7.96051259934906,-7.33526313469006
"EEF1B2",-18.0427358728591,-9.24083533257823,-7.68344244468342,-8.14691312183749,-7.61732640019743,-20.0073369944864
"EEIG1",-8.27560389755632,-17.1588886544815,-9.66778645834805,-9.35609444696721,-9.78113180871358,-10.1162013856473
"EEIG2",-16.6726674869788,-19.7461721140256,-10.4935288670373,-20.5244877245592,-19.1273462906058,-10.1764273812895
"EEPD1",-10.5417588954256,-20.5053138399407,-12.0360110737363,-13.175822391844,-20.9560134080186,-22.5726536817571
"EFEMP1",-17.3462955597828,-18.0826864118677,-8.24254328897627,-10.4842959610999,-9.48787190889287,-20.0328656953338
"EFHD2",-8.50820527868527,-19.5256401635336,-20.158299370974,-12.5863866666759,-16.8191862973402,-8.8838172699097
"EFNA5",-8.73464369261718,-15.1069858358762,-15.9671894715893,-10.23777583498,-17.2757626832977,-10.3713061298652
"EGFL7",-7.89096450128511,-10.604819519172,-10.4925165846171,-10.1708980470096,-18.0917662994178,-8.99723033065734
"EGLN3",-8.93317881863836,-18.4535013803365,-9.54079482607668,-10.830628640842,-18.1419360382886,-10.2991534367831
"EGR1",-19.4872216421894,-20.7407902440934,-21.9584150865675,-9.22021087948148,-19.5026679437307,-11.0033376444265
"EHBP1L1",-8.86459665613492,-10.3032907790541,-12.1731653819352,-20.7109945847551,-19.1417075650657,-21.4431939465848
"EHD1",-19.6071047845079,-18.7956693302355,-9.17810524432756,-20.3306638053037,-8.96556409590568,-12.2110438025119
"EHD3",-16.6127998205801,-8.76577973373326,-20.8887246383298,-9.6086594830471,-18.8445841113632,-10.8802037022581
"EHD4",-20.0714622199567,-11.2426967974682,-10.7364073869446,-20.7826097153153,-17.2587965794612,-20.4562561449367
"EIF2AK2",-8.63237631354611,-19.0673278844535,-10.4332703218474,-10.4323728306997,-9.2850023876785,-8.55955243296629
"EIF4E3",-19.9430041637957,-19.9176472630771,-10.1716005962186,-20.5688859396026,-8.80382509318811,-21.323564079885
"ELAVL2",-10.6981161182722,-10.6483124790088,-9.45671009424614,-20.4994568979149,-16.9702324186089,-7.37846472177289
"ELAVL4",-18.5364130153628,-10.2232095647178,-20.4913519208113,-20.7251280979627,-20.296752112992,-8.67505205284836
"ELFN1",-8.85189216856865,-20.3463165684978,-21.5765347993732,-20.6387224903167,-19.6993748621749,-9.55460042059767
"ELK3",-19.2946154178535,-20.291587199676,-10.82318761736,-10.8050758908005,-18.6676141972578,-10.3330226165245
"ELL2",-8.65793209012092,-8.60571243264361,-9.61473873722742,-8.80501770162258,-18.7689165853606,-10.7135224248562
"ELMO1",-18.9158595328457,-9.39193410062067,-10.2409563620926,-19.6263522661577,-8.51074069107708,-9.37791782540387
"ELOVL5",-8.47791029513584,-7.98535569391206,-10.304022802823,-9.31214478414388,-9.27469641420733,-11.6468863044497
"ELOVL6",-18.4411996082797,-18.3253353563298,-14.1693679810931,-10.0953539536915,-19.8096133824288,-10.7126059734891
"ELOVL7",-8.04987859982976,-9.94021848145867,-19.4779583428097,-18.7247448229749,-9.90741760024969,-20.731717171466
"EMD",-20.8485173145268,-20.1899643425228,-10.7307952635636,-11.1378240639515,-10.5461814067413,-9.774828158939
"EMP1",-11.2329074442362,-9.15395249918179,-10.4321521326787,-11.2070890962468,-16.0041774269755,-20.7395151329394
"ENC1",-15.2784964273981,-12.5658813296481,-20.5382780188018,-20.2930967344476,-19.5455072482785,-9.1889109816413
"ENDOD1",-18.6828724580243,-8.39410490504802,-9.59656091257052,-8.60067969762568,-16.2360467745865,-8.95447071559543
"ENKUR",-13.2642045352519,-20.1443135828671,-21.7442664293271,-13.1522483086385,-8.98964485588758,-10.8561588190447
"ENO2",-18.2934600045766,-9.15902346983448,-9.35369450606305,-8.702530938483,-8.95326592751413,-7.57276929501221
"ENOSF1",-19.2685863104047,-9.19363430446412,-11.7187061569463,-11.6646043303227,-8.56224747942422,-10.9567551569674
"ENOX2",-20.4381471900062,-10.7744969474471,-12.6413708357771,-21.3101577173308,-20.662013126162,-20.8622916122534
"ENPP5",-14.2352260975214,-10.7099527205556,-11.058269181435,-12.0847684024047,-8.84823634531214,-9.42145561113247
"ENTPD1",-9.0448148729113,-17.9482052202851,-10.6575255365538,-10.4316512289762,-18.9580812022177,-21.0558749748865
"ENTPD2",-18.9714004234632,-10.9833150603932,-10.5399332600061,-10.4056901255135,-8.16853000953884,-10.2189869421593
"ENTPD5",-10.5243515872372,-21.2073459976578,-12.1951710195461,-22.313712152643,-14.5565241750657,-12.6461495532786
"ENTPD6",-8.46803473615573,-12.6851957899549,-15.1691449230511,-21.3275327377721,-20.5720692287939,-8.92506372443566
"ENTREP1",-20.0220029648343,-9.96302820612977,-21.2434107956,-21.7889191018666,-8.58937069606596,-10.4886760710713
"ENTREP2",-21.2787835929068,-22.5206640919159,-23.6153742649113,-22.5209814653707,-10.1920688246988,-11.5577085343708
"EP300",-8.54102451235593,-17.8678825637797,-9.26269555197434,-10.4098666429345,-14.6589502309281,-10.4328729298224
"EPB41",-9.88595213013527,-17.9498491995116,-10.9791273525458,-10.2820455968773,-9.08813380398321,-11.2562200417005
"EPB41L3",-18.4899136076911,-8.50633190837046,-10.0601350465042,-9.36165865421541,-8.63384666824091,-9.34201318866116
"EPC2",-15.185076650004,-19.5445759657661,-21.5019115870081,-10.6184721056241,-9.87690103662829,-11.4170077004968
"EPCIP",-10.2598122473837,-10.6193628616566,-19.1980437293683,-20.0013839105875,-19.7811524805974,-9.7885532542155
"EPDR1",-19.9510894484905,-14.2773916980889,-9.78504523941214,-9.8611797344433,-9.13699755760947,-8.57696514600392
"EPHB2",-19.2206264380656,-9.56515161713194,-13.359118045424,-20.1951931179337,-19.8467361960944,-10.6310203478936
"EPHB6",-9.14930847587074,-19.372154242197,-10.905859875677,-11.6443263101061,-9.63105227183623,-9.99090616909832
"EPHX1",-18.985172149773,-9.08239773800527,-8.51476577599968,-8.32489814837331,-9.6817731991745,-19.7116929225868
"EPHX2",-9.90787548915205,-10.2132474757883,-11.6424328206211,-11.6715391336571,-19.3466295890343,-9.75829118187628
"EPSTI1",-11.4455637490369,-18.7231206115109,-17.3688377539431,-18.6998145571227,-10.0955584593729,-18.691448492754
"ERBB2",-17.4366302678919,-9.99567110495569,-9.77067769475027,-10.4375710867771,-9.19416210344461,-9.62378293917479
"ERBB4",-9.05656619494833,-19.2848591520458,-9.70384436278223,-20.4410408848908,-9.12326305665046,-8.4711858335839
"ERBIN",-11.5422933992488,-8.73833007639039,-8.61574882373085,-8.76527909303909,-8.47428251418254,-11.4170503694286
"ERC2",-9.57546393131329,-10.0675462095109,-11.5214121117651,-9.58666541955938,-17.2904085060755,-9.32719994481812
"ERICH3",-16.9249279811727,-15.9768893454986,-15.4158555921633,-11.3364765960324,-16.9538090908733,-9.64395694199137
"ERO1B",-14.7699897645103,-10.4706677991854,-10.964884439264,-18.3512556838218,-19.2935213607792,-11.6234820235159
"ESYT2",-8.92927382147598,-20.8149467149387,-10.3916994940436,-9.93570148910092,-20.0763661605055,-9.98957518958368
"ETFB",-8.36940772255443,-8.09239299322395,-9.20538364433468,-8.92834954233907,-10.1048111373446,-9.30403357085394
"ETNPPL",-12.3312093173635,-8.89206896669722,-8.37305008830268,-19.5221309408144,-19.582363220175,-21.0773215878649
"ETS2",-8.96113206096033,-10.6342433440656,-9.74791199045671,-9.74974494629924,-8.36029738956901,-9.39099082818202
"ETV5",-19.5553642371158,-9.4728001572941,-20.7314710017637,-12.2438393722935,-18.9682365098025,-9.40612637589437
"EVA1B",-17.1339652942703,-10.3097799638543,-12.4044984715397,-21.0344304000068,-9.34425198925635,-11.9670569638848
"EVI2B",-19.4943630112712,-19.5903146762897,-10.4002739253902,-19.9572110015509,-18.9904570890902,-20.576402331466
"EXOC4",-8.16581095457934,-16.0160248847348,-11.1306723542762,-20.1869450887268,-19.051368955392,-9.49406123082334
"EXOC8",-17.804407141754,-18.5768456955792,-11.4350971529563,-12.3338488573487,-9.79225845906363,-20.4588566492662
"EXTL3",-17.6948702048156,-17.9127989781839,-19.2616560022209,-11.4650329734693,-9.6333202407762,-9.27997632452266
"F3",-19.4156151914086,-18.7497136076572,-9.88071600394781,-9.90246574832256,-18.9902860916726,-20.8987443091176
"FAIM2",-8.25430029766157,-7.97025001807111,-9.10439512288281,-8.50872857035171,-17.2803169009499,-7.46898963398141
"FAM107B",-8.62069487555238,-8.0421012753998,-10.0381735207395,-8.95433307364803,-8.18017436013011,-10.3856821144385
"FAM120AOS",-8.1424428512806,-9.06047675783172,-19.2454382651601,-17.9742036833357,-10.4727936503767,-9.55919337055378
"FAM13A",-17.9574853123213,-10.747726462043,-11.3400204580664,-10.0646889301007,-8.32467136859326,-11.0102415249045
"FAM149A",-20.5587370394146,-14.4295049885345,-21.1809826045383,-12.3046568191956,-9.27737278564708,-11.3233338412408
"FAM153CP",-8.85891083106107,-15.8645513250734,-15.7770189330715,-10.0732790399147,-15.6280360841576,-15.5322605375456
"FAM169A",-9.48282560653911,-19.8874646030749,-20.7494711376635,-9.95084074138689,-19.2368983880704,-9.05108968942549
"FAM184A",-17.6455659675665,-9.95932057892843,-10.9923974000966,-9.77375442219851,-19.3715625498663,-9.17918813450084
"FAM234B",-11.3541173159459,-20.5477394374894,-21.6628115341352,-10.7184562776287,-9.68146581172567,-9.81148855703641
"FAM241B",-12.2682172569863,-10.0029390400051,-19.7689342284747,-19.5421981573948,-9.3959578314788,-10.4979943776976
"FAM89A",-9.50058958293264,-19.5834439734759,-10.0338589497109,-10.0596732074106,-10.8053530590029,-20.7270140737783
"FAP",-21.4885462392235,-21.9764527477002,-13.6118060911565,-12.0055730251169,-9.68841086482467,-12.5009417319436
"FAT3",-16.985417793627,-11.0356428632418,-10.4608719830583,-10.1387027411753,-8.39057002742552,-10.4819918003629
"FAXDC2",-16.7800190351751,-9.27438406038495,-9.52145798267361,-10.7597548548016,-8.73631167599289,-9.78629669989373
"FBLL1",-18.3686454724337,-9.2727362544553,-10.4926717474442,-10.7201914388466,-10.1136915119442,-8.56352556717756
"FBLN1",-9.63316321137268,-19.6811942372192,-10.7477136187726,-20.2219755472509,-8.72065970909467,-21.1020965193809
"FBLN2",-15.1989183597515,-15.7302899346028,-15.5240144289753,-15.8753062660443,-8.39220933590784,-15.8687098241862
"FBLN5",-9.48392441814374,-13.4972340771823,-11.5480102373256,-20.658366663784,-17.6075133345109,-9.86592592037188
"FBXO3",-9.74887908492387,-9.53961059963786,-12.6119289009772,-10.385018438016,-16.8666327018482,-9.0512868500794
"FBXO32",-16.57584332379,-9.09155382442848,-10.1596284271747,-9.26112121019071,-8.36670713661705,-11.2016972190268
"FCER1G",-20.3882618137455,-20.3423364576196,-10.8471393899526,-12.8025969255571,-19.7386680595681,-20.9011082963257
"FCGR2A",-19.8316820678483,-19.9304214511721,-10.1694663548257,-18.2318417400217,-9.82214813695319,-20.3947082840746
"FCGR3A",-19.2185052280015,-9.74365065760153,-10.6690737580362,-17.5721574907492,-7.49157294442515,-17.2014637546184
"FER",-19.133963694114,-10.0333262760655,-21.470484620627,-11.9556655409665,-9.72361565562267,-9.68363425572922
"FEZ1",-7.71727762421065,-6.6614240972994,-8.13697012179063,-7.86780354167011,-7.20329945101298,-9.94176981427936
"FGF12",-16.7339213951393,-9.85628842200485,-10.0406404977112,-10.767613049203,-19.4482824847103,-8.54664936857313
"FGF13",-18.2587791099876,-20.5788560966863,-10.3100709066005,-9.65955152748833,-18.6140601329968,-9.04863297976162
"FGF14",-9.25778471765904,-16.3495680727797,-14.8626562859415,-16.7039876204573,-16.7867312352601,-9.41654284555283
"FGF2",-8.94790462457997,-14.4907298093184,-10.0277409830569,-9.6307153054977,-9.26693520336627,-9.94941774521139
"FGFR1",-13.7057230189558,-20.2865281744774,-9.71741679858,-9.9753499387241,-9.2678526415308,-9.83813762206395
"FGFR2",-8.17049893907977,-8.14268014065331,-9.77777795489339,-9.0923158168161,-19.4429042561398,-11.3021238566177
"FGFR3",-17.845242924157,-19.6827196613629,-8.19481201720975,-8.60850964100217,-8.97242699835422,-18.5741662178833
"FHL1",-8.39496959575721,-19.0750911296601,-8.96058550757098,-9.03098675365908,-8.65913837550794,-8.29862317815724
"FKBP11",-9.36979591165825,-18.0115420628207,-14.7303977877494,-10.6519318911769,-8.50405531841045,-16.086762624652
"FKBP1B",-9.10986382054369,-19.632697083407,-19.9229841149474,-10.0759059234786,-9.95954677626447,-9.29885417223601
"FLOT1",-20.6892598378213,-20.3597711237254,-9.71339470277371,-9.65047340532961,-9.75536303337024,-10.6260109248835
"FLRT2",-18.9807183660033,-9.77959662659718,-18.6276818492533,-9.63578149815415,-9.61497656112051,-19.9070228581563
"FMN2",-19.3474589215252,-10.2130737953461,-20.059625303141,-20.1381160908289,-9.57671216650048,-8.77758374871753
"FMNL2",-19.4790228986748,-8.30495400331615,-8.81856576146549,-20.4929543357477,-8.66415714815413,-19.5023551063247
"FMNL3",-18.0514586103608,-10.8640426381022,-10.7313582809327,-11.7394626633902,-19.2819212288466,-19.5751916791606
"FNBP1L",-9.02875014637528,-20.1688635463011,-12.2231340635513,-20.0256560025141,-10.4805987413866,-8.85899520663845
"FNDC10",-8.61039009573684,-17.61499077103,-15.4056292750145,-13.2716169416898,-8.96702146430103,-9.275184671594
"FNIP2",-10.1328137056993,-10.2858945241898,-11.2666321675531,-9.60172850696639,-10.3246664800443,-21.9042956788881
"FOCAD",-17.5143587930479,-19.3540826279368,-19.5830011445721,-10.2510858194838,-10.7246594297149,-9.24183164963979
"FOSL2",-17.1394430785006,-20.2876605315519,-10.5546539511193,-19.7925330131018,-19.4028991319729,-20.7823949121331
"FOXP2",-18.7316537921914,-18.9705783414214,-11.5259130629782,-10.6746440556944,-9.40809863356869,-9.45766752035698
"FOXP4",-9.51674485533672,-9.99229902791069,-21.441371863292,-11.1940748454892,-8.9092097602953,-19.5347839210535
"FRMD4B",-15.1738036118389,-9.72359423200494,-20.7314134676292,-19.8866178724103,-9.5281852875337,-9.69902965706509
"FRMPD4",-18.9262570227891,-9.91379253978319,-18.9828250694596,-9.64620160784993,-19.1537625497388,-14.6468797496822
"FSCN1",-8.58885588587996,-8.67943490210028,-12.5176104973074,-13.0625928811073,-16.7212438809434,-9.12922153239407
"FSD1L",-19.9813428306542,-9.27693185378384,-20.4459041183639,-11.3539858441704,-18.6592763637049,-9.82998052307966
"FSTL1",-8.24421234343849,-19.6043107597587,-20.7249990567698,-10.0085608313858,-8.23676254328017,-10.615969585327
"FSTL5",-17.4120047391498,-17.0141202121518,-10.5805487714036,-9.44091273127255,-14.5108333059643,-19.4635116423972
"FUT8",-9.26438140320563,-8.56525628656325,-20.5492157537718,-9.86673910939253,-18.6948599687237,-18.4239398601264
"FXYD3",-15.933180231514,-15.9404460007093,-15.9227532352909,-11.0847572247782,-8.20458257034218,-15.9368546854908
"FXYD5",-19.0052345702555,-18.3928229699574,-10.5191253160386,-20.8352366072098,-8.96822182789184,-20.3506219318755
"FXYD6",-8.32726905103402,-10.2066329845621,-8.91183171752526,-8.40329562805464,-9.43335825678512,-8.19937594284947
"FXYD7",-18.9127115949174,-20.1505300926313,-10.7761746811543,-20.2799914875409,-20.6720055513594,-9.34751469243922
"FYB1",-8.84420586906118,-10.2799647626475,-10.4107574454272,-12.6216605592904,-8.51902317796897,-10.9796679423827
"FYN",-9.33503422309946,-14.5906491723389,-8.73056296637966,-9.45683135728568,-8.59210535315649,-10.4188798067734
"FZD4",-9.08151423626457,-12.9652817615798,-11.5419035762318,-21.0667923525745,-19.8899808715567,-21.075519072009
"GABARAPL1",-7.54117227185701,-9.85750321345828,-9.16787709094633,-9.77518586791855,-8.228103974006,-7.81985937898709
"GABBR2",-8.86461690918567,-19.702576958306,-20.203733984636,-9.50908216878469,-19.4153893960248,-8.46830247883649
"GABPB1-AS1",-9.94721868843806,-10.0841696332278,-10.3832229057926,-16.6066424272202,-10.4701907060608,-20.5963524559596
"GABRA1",-8.58557523794275,-21.0615432588876,-20.7583357526879,-8.61686916441425,-9.23737448644814,-9.59995075850345
"GABRB1",-20.5369330033588,-11.6111926100801,-21.6867497456876,-21.3987723264925,-20.5284937534916,-9.03500234725349
"GABRB2",-8.94195747085035,-19.9144937182938,-13.5413180253176,-11.6262179676906,-19.2991610095202,-8.6818748623191
"GABRD",-16.8682470570084,-16.8722299205956,-16.1763787411627,-9.17429390286212,-9.75746697523219,-16.8696246018846
"GABRG2",-18.3310972113646,-20.8018512529339,-10.4930463452547,-21.4440003202241,-19.3293558201416,-8.32441029278925
"GADD45B",-8.05695791184219,-9.52243066004551,-9.94441967399289,-11.4544354774262,-19.5100930592103,-11.1969722317223
"GADD45G",-18.6959518009778,-10.2194148154184,-10.253487720814,-9.4296997090377,-10.065786527555,-19.7625183391851
"GADD45GIP1",-8.43583219226624,-18.4665271538882,-9.0127997731857,-9.3243643044822,-8.14768670817511,-8.4186929238777
"GAL3ST1",-19.5113234607035,-19.7640428361478,-19.157880839806,-9.89188288010676,-9.38577575092501,-9.69164135001921
"GALNT13",-9.72383747915693,-15.5855578107053,-19.2731291182294,-10.210158233339,-9.59770343792168,-10.9002826866158
"GALNT15",-18.8679317941477,-19.6964340828867,-9.04241185979226,-9.15764111532108,-7.72931362990313,-21.0418511362442
"GALNT4",-8.96056386301535,-11.6374740009409,-11.4659998277834,-20.201773839411,-18.4595505549227,-20.8963700640742
"GALNTL6",-19.3453489390481,-11.3544813595852,-21.6269364855881,-11.4176329099693,-8.51302394293254,-20.302847475793
"GAMT",-18.7195688603931,-17.4021912437694,-9.16646853396827,-9.59042671091081,-8.07602937932717,-9.71072115908544
"GAP43",-7.90593589390761,-9.27213343351832,-7.49650067293505,-7.27366310224851,-18.5004342389149,-6.25496764404272
"GAS2L1",-19.2096771027706,-20.7455535727821,-9.79719380412031,-10.3513640727874,-19.2450299373517,-11.2261300378225
"GAS7",-20.3637775108836,-9.10155250056376,-19.6961123072433,-9.95930621076232,-8.12700076769091,-11.0269573931366
"GASK1B",-9.45827071093404,-9.12948600826416,-9.87784087924748,-9.25770309569538,-9.28821223573607,-19.5311208017426
"GBE1",-10.3429870487508,-18.8544081723635,-19.852330666962,-20.3998742875876,-8.12686394784521,-9.40922617431862
"GBP2",-9.80503954078784,-11.4780579898163,-11.2555014816065,-9.9861526025073,-19.3086630997001,-20.5818312683173
"GBP4",-19.9106006135883,-10.2632169821657,-20.3296742706536,-10.5901544588292,-9.45605807689133,-20.9511051296477
"GCC2",-9.22570092190116,-10.8643023495035,-8.62821891651957,-8.26097291161344,-9.39205469372395,-9.18202922310611
"GCHFR",-10.1161055866328,-21.5015210872849,-22.8834357203928,-22.193958773852,-21.376722219637,-11.6143308074723
"GCLM",-10.1245689023159,-13.8644013013925,-10.3229781656038,-10.3091442740704,-10.4593304976523,-9.42534092589427
"GDPD5",-16.2373800482933,-19.7701393434419,-10.448416884883,-20.5429878503928,-19.1284162100034,-12.5813124806637
"GEM",-19.8604412927823,-20.073533281871,-11.3953061137742,-11.5461767112137,-9.60680906045307,-21.6818889121558
"GET1",-8.97532092858492,-10.458223369962,-11.1286782773043,-10.7265796654793,-8.84546203737413,-8.67256642930406
"GFRA1",-18.4597759453523,-19.6063630427967,-20.1865073792832,-16.2873345686124,-8.58040827418518,-7.97053366159041
"GIGYF1",-19.5310184999256,-20.838406371775,-11.142773553922,-11.0843325988322,-11.3384688276665,-11.9663994279427
"GIGYF2",-19.2459716720023,-19.0469509179088,-9.53338858730927,-10.1233180574181,-19.1428552422122,-9.18438463398253
"GIMAP4",-18.542591303532,-11.5308675426379,-11.5006503855389,-10.9563144912734,-19.9884752312723,-10.4380511509081
"GIMAP5",-9.00383934569873,-15.890467180953,-15.8843148224861,-15.8923112324635,-9.211197082111,-15.8874265337031
"GIMAP7",-8.83428395658098,-20.0177606666394,-10.6063488718391,-20.8034257089181,-19.9309678287819,-20.6671265792735
"GJA1",-17.4954393449292,-7.05392695547705,-6.58091673865682,-6.71301137475111,-8.98767576687132,-19.0304663194768
"GLCE",-10.0827592305163,-20.1607999460582,-20.7444838285563,-20.6887662966,-8.83038062750582,-10.8494710958798
"GLDN",-8.99986587248151,-9.02991611252923,-9.61259308013591,-8.74416447590148,-7.86112254493038,-20.3613715268834
"GLIPR1",-19.4537275910666,-10.5899331994421,-21.6805692413811,-12.4140803851744,-10.2202369264481,-22.0466974170048
"GLRA3",-19.5619709577071,-20.455746317768,-20.7127438807833,-20.6761556201921,-9.49289972750944,-8.87239687996114
"GLS",-12.1514064130984,-19.2568280848999,-10.664022838444,-8.75545102438493,-19.0672004095629,-8.23297220802211
"GLT1D1",-9.23247249303727,-20.1853833532932,-11.2520966016625,-19.9789277623383,-18.1705626840819,-10.4374883586726
"GLUL",-6.25231986358595,-6.59144430282811,-6.43818280053105,-6.77005118094191,-6.50368947351581,-7.79860696653816
"GM2A",-18.4720247208948,-9.38623672655476,-11.910110367668,-9.85548961750949,-8.14991176336227,-10.2486765558728
"GMPR",-9.4521827773125,-10.5580415637027,-9.83701070823473,-9.76082678093748,-9.42858613885291,-11.4152260937864
"GNAL",-18.9733227749446,-9.03382592605803,-10.3760553539254,-15.4228104379036,-11.1631464238337,-9.21969335171195
"GNAZ",-9.06591031350152,-18.7114458504971,-20.9405867074402,-19.5321298458685,-7.5561129306765,-8.24706852146584
"GNB4",-9.86748391492281,-12.6082830391364,-10.0867761034224,-19.8955640635091,-16.8517396953062,-20.0816889622105
"GNB5",-8.03747847594886,-10.428085167689,-10.3377369835443,-20.3781408077232,-7.82045741984024,-9.36035707319165
"GNG2",-9.8273664968878,-19.9562810983484,-20.4856126841576,-9.82182591923463,-9.94132347526398,-8.96161510678249
"GNG3",-8.2559213047966,-8.63743963825154,-19.385111428794,-9.5746220665334,-8.93779203655713,-7.58437437235737
"GNG7",-8.92444125971953,-8.57800335505673,-11.8351277936386,-9.32728711717158,-8.15861943585674,-20.2543353853819
"GNS",-20.8220146996729,-10.0215525308398,-20.4217337968566,-9.19831007439731,-9.12263365271783,-9.94416180003642
"GOLGA4",-18.1584825406713,-9.92936328667251,-8.15736528433372,-8.52390290159176,-7.42180781840031,-9.10281852776608
"GOLGA8B",-11.3269927710707,-18.7531771885551,-10.554057087107,-9.83509980207712,-8.43537208977494,-11.059162948123
"GOLGB1",-7.48785576745212,-7.9866027744909,-8.75052013472558,-8.18799459379777,-18.2705324895753,-8.78578759157318
"GOLM1",-8.08257721995082,-11.7767050635953,-8.87115695057262,-20.5024937623495,-9.51806749706123,-20.0395883819624
"GP1BB",-19.0643599766953,-9.37778020658444,-21.1527242765869,-19.8042933854899,-19.0278809989523,-10.5224379519272
"GPD2",-19.7161729549089,-10.2692201843653,-10.7051019419656,-10.989993168509,-19.1672398953559,-10.7171387792492
"GPHN",-9.41804245888292,-10.0914980420564,-21.1454392682651,-20.2817448896115,-19.5003502968981,-19.6916137662503
"GPM6A",-17.8618441051767,-8.37133797494553,-7.98280506934304,-7.79776614236705,-8.78724596536258,-7.16548613392701
"GPR137C",-19.1920382610063,-20.1611496229914,-9.79033871077897,-12.5121507882099,-17.3718741539244,-11.5801348207806
"GPR155",-9.03346314296276,-9.29733778906035,-11.008050086528,-20.229277245369,-9.88745567686787,-9.88514566171889
"GPR158",-9.63319727106961,-20.2527356484984,-21.6038021685719,-11.2849622094915,-19.8068439246593,-10.1572688894286
"GPR162",-9.11194249996607,-18.2498616432826,-11.4588941459209,-10.4863164472781,-19.2954179866318,-10.015469472409
"GPR27",-9.12562146444854,-13.0435926510022,-21.0850223151117,-10.5070662150181,-19.5029984167986,-10.512409313507
"GPRASP1",-18.4382173354101,-18.7990386786158,-9.79361711254288,-18.1368470368923,-9.40582372087779,-8.11766274036202
"GPRIN3",-11.6399289324572,-20.2215133200824,-11.3460946973687,-10.3825992560793,-19.3843702231484,-9.65995893182195
"GPX3",-8.95640098550873,-18.7899961064049,-7.77671348237844,-7.70386115980514,-7.95473864375083,-8.30461487835892
"GRB10",-9.87435154535317,-9.62580195647747,-10.7317224560156,-10.9721225894896,-10.2760573885802,-9.27434232108025
"GRIA1",-19.3283597038455,-10.6028316122704,-10.9171983816876,-8.9422181251551,-20.1900941866319,-10.8972489379786
"GRIA4",-18.174931570921,-16.8585175140354,-9.62443306472058,-9.70675750858775,-8.63268173304764,-9.16283222557257
"GRIK2",-21.724607308857,-21.6411915044898,-11.5624208982804,-21.4311662599341,-20.1100419004932,-22.3425920874227
"GRIN1",-8.0877128696212,-20.5771577856118,-21.9745024699309,-10.2259084492994,-20.0620937315337,-7.94970758739255
"GRIN2A",-17.1786531106904,-9.51161597319457,-21.763813800465,-10.7975790810302,-20.1790739208207,-9.31370083250093
"GRIN2B",-10.3859088452254,-9.86571092173771,-19.7141101946713,-10.6932999274293,-10.2934419038282,-9.14733667305148
"GRIN3A",-19.9163043992702,-20.803984996527,-21.3985586018943,-21.0599717566097,-19.8643680202944,-9.51873837396194
"GRK5",-9.63287843218577,-20.1559864771873,-11.789957249635,-21.5285420466332,-9.88007865126774,-15.0410644572278
"GRN",-9.67564182263003,-19.4548937845403,-10.283886433063,-9.81912914979132,-20.2480617331871,-11.5355117547366
"GRP",-9.56617124554901,-20.8767776441273,-20.4182228161543,-21.0606868294733,-16.7461724330026,-9.98172921552355
"GSTM3",-19.2169161613595,-9.28660800449324,-9.09559741177722,-10.2528503784713,-11.1073287087053,-9.7466751928066
"GUCY1A2",-20.4163084703161,-10.2719820638057,-11.6915740663841,-9.93043782703053,-19.2730134559211,-10.7179003977159
"GUCY1B1",-9.54708024969428,-9.27725648770137,-20.8903255049991,-9.73439522582996,-18.60314246559,-8.60418671077608
"GYPC",-16.5613341288902,-12.3050090474821,-12.1195289820267,-11.3792198121103,-10.6911936288874,-21.3504205891628
"GZF1",-9.92664987733379,-9.29754323242346,-12.2059654072419,-21.3643034103437,-19.9116239019101,-21.9948459088446
"H1-0",-9.22455860875722,-8.84104068793548,-21.262557650897,-20.0974206247558,-9.09029713832594,-13.0861480247875
"H1-10",-18.4507340074863,-9.93738405735879,-10.8589095875301,-9.70917019735867,-8.18898705363727,-8.33440296574818
"H1-2",-18.5194668376803,-11.7631551073964,-10.8447444903875,-10.0230200058282,-8.59471119946842,-20.4096040708131
"H2AJ",-8.76551541013886,-17.9286147841374,-9.64656718588932,-9.79535123697186,-8.89540032302326,-20.1218280101682
"H2BC21",-19.1198407454277,-9.29266467507126,-20.1845799243003,-10.9543208653254,-19.7469767330554,-10.4126476712059
"H4C3",-17.8845184884034,-12.5345489703529,-9.64191202752943,-10.4218709254627,-18.7727883827416,-9.17341266487073
"HAPSTR1",-20.2776469231185,-12.1964627275994,-10.9049376307095,-10.2336239507118,-19.8171086162933,-10.1178639948847
"HBA1",-8.31321894646059,-12.0444095019456,-10.3790523483444,-9.68134467203384,-9.77995879413841,-20.4590603246984
"HBA2",-7.92564846028616,-21.0891525399288,-9.94768869308018,-9.60143036883344,-8.90382319174629,-20.9102728931629
"HBB",-7.50525708338575,-20.3738427119996,-9.37413580450511,-9.150540122652,-10.7109222962107,-21.2399743181939
"HBEGF",-8.81861238702124,-15.2842725400952,-15.8314926645037,-9.76448452589912,-10.1306943090899,-15.5819866048294
"HBP1",-8.25917924809459,-11.1422614912267,-9.84139275477444,-14.5186861419187,-10.2557896265709,-19.9797642932685
"HCG18",-18.6156976566722,-16.4185000734838,-10.0951323823685,-9.70438129907232,-9.33702657234033,-10.4968511156549
"HCLS1",-9.09195084150373,-19.7546820929018,-11.9134624683509,-9.56605893234454,-8.48745439242677,-11.6251324725924
"HCST",-19.9756508469395,-19.4502340096331,-10.6288565903914,-10.7245693611837,-15.7434272234801,-19.9650995654305
"HDAC9",-9.11544175081887,-20.0266379378971,-12.1247141079522,-19.436248961768,-9.76941694938497,-19.8651822245551
"HDGF",-18.8042872546015,-10.2740363402843,-8.8266198529556,-9.53957498578671,-17.3855754894615,-17.1831970697118
"HEBP2",-8.61617886450511,-9.5054631924303,-8.95033553243764,-19.5209335762598,-18.1478664576088,-10.1635345492974
"HECA",-9.10940168735939,-20.2867867108024,-10.903348415226,-18.3773230158241,-9.29373904574298,-12.8659387041421
"HECTD1",-8.30982080846696,-10.1210250025446,-10.4935431137909,-8.93908526318276,-18.7502687224408,-8.72325867073137
"HECW1",-12.3344850560503,-20.6455410255282,-21.5873183742198,-19.5835300166002,-9.35074238918705,-9.38561877849994
"HECW2",-20.1119349551019,-10.2741016180517,-22.4579621997407,-21.3625369459128,-20.189162053862,-10.672966910325
"HELZ",-10.3277812431611,-10.0284211584458,-10.1590955303586,-20.233723544103,-19.240661805471,-20.2525551103168
"HEPH",-19.7259710724553,-8.9852397510316,-21.1770852557407,-9.37154821478339,-19.8372479821068,-13.4368332185648
"HES1",-18.739039744382,-10.2966526464237,-9.59576149031769,-9.60732875909215,-8.36883555643359,-11.1358409543743
"HES4",-10.7669951205042,-20.4059906686358,-11.7158420738706,-10.241389773065,-8.23745142797005,-8.98730524389021
"HES6",-20.0447999573378,-9.41761010498052,-13.2389914316268,-10.5469899455481,-10.4793617804327,-12.2032377646382
"HEXIM1",-20.2804249319109,-19.5192109524962,-10.364864565942,-9.76035580552161,-17.6235521961876,-9.11651065376579
"HEY2",-19.3871052332193,-19.262747483168,-10.2844493503782,-20.4263574455153,-18.8141201282018,-13.4024449209526
"HILPDA",-8.77835462420454,-9.28838807261614,-9.2772844459107,-9.18735942825689,-18.7462287509212,-21.1180530444757
"HINT3",-9.53613506998621,-8.30350113240652,-10.1562070490957,-9.50060017432053,-18.1206196651164,-8.42882376167493
"HIP1",-9.81237951187882,-12.1293065573384,-10.6905235636264,-9.58695378893401,-9.20606028955699,-20.4768599925188
"HIP1R",-9.92608907404037,-10.4939223299513,-8.79049222095354,-8.14236772522096,-18.2691330779781,-17.3810658929009
"HIPK1",-18.1920438809013,-18.5256009555483,-9.44657874603114,-11.6401092634047,-9.09185307163267,-9.88933592649865
"HIPK3",-17.9505834889994,-20.4588969777998,-21.7784039400543,-10.7764947304501,-9.30557079380366,-9.27656642752197
"HIVEP1",-19.7451053322893,-19.8143909884985,-11.2034021826597,-10.9757586704529,-10.2788672960915,-18.9950944592454
"HIVEP2",-19.2053593674891,-19.9313202557123,-9.45893353661774,-20.8084469676537,-12.5399802562371,-20.3866120390329
"HK2",-18.7144467631899,-10.1591778192829,-20.3465854292465,-10.1570773155061,-19.4798872445194,-9.95148136805147
"HLA-B",-6.75947413106883,-8.37915353597579,-7.71057712807578,-7.95924293424782,-7.71178014202383,-19.1825982956151
"HLA-DMB",-9.54784167213712,-13.3408315781999,-11.5960877540762,-10.5983562330746,-10.2643371848976,-20.7954586917358
"HLA-DOA",-19.3993697905932,-10.7377569294336,-21.3175768563808,-19.9931886610925,-8.78580038605249,-20.5741002772683
"HLA-DQB1",-19.0378211246334,-20.4724356968865,-10.3459812158666,-20.6109191640724,-9.03209718290196,-20.4963978901428
"HLA-DRB5",-19.9551272857264,-21.2697048528212,-9.76481657954116,-21.0222838445926,-8.24735519072664,-20.2557470501348
"HMGB2",-8.11705586214677,-10.5536265459673,-9.73526839222697,-8.63750691035149,-8.02365869771305,-18.9702974922439
"HMGCR",-18.5371598808266,-10.1920852012735,-13.0821661456023,-11.0980062673823,-8.51577033786824,-8.6716016903452
"HMOX1",-10.3573375839097,-16.5531592888843,-16.521867650713,-16.5558217500349,-8.81981905113314,-16.5455737328925
"HNMT",-9.87037116948649,-9.90357668116553,-11.3363272354356,-10.7551453144688,-19.9415582066571,-20.8876666893173
"HNRNPH2",-9.12460172804697,-19.6269981026136,-9.51442514623338,-10.1034767463218,-18.7206739330109,-9.12799833201764
"HNRNPLL",-9.6865511126639,-19.553436606756,-10.2237572877822,-9.90121267280364,-18.5486645232864,-19.8492701574616
"HOMER1",-18.8184690642754,-10.5764011790408,-10.5742219837389,-10.414224343141,-17.3844410964151,-12.911441192856
"HOMER3",-11.3968547332677,-10.626940567328,-12.413898040228,-20.2991234515728,-21.5019720351353,-12.013288381797
"HOPX",-8.60704288067925,-19.1296382658994,-9.88225486645131,-8.96734120975495,-17.9264622349235,-20.05241767106
"HPCAL4",-17.9360471501218,-18.8079304769906,-9.70447435606724,-9.85968296038418,-19.8419456117546,-8.96151697815474
"HPSE2",-8.66393088091934,-18.6780900088045,-11.1296125449535,-10.0940777678257,-8.2721254474179,-10.2263532689784
"HS6ST3",-10.3549703360301,-19.3195047920865,-11.9476517444909,-20.6844493632967,-19.8918938122426,-10.4406834234006
"HSBP1L1",-20.1620229388214,-21.2770197274185,-10.8199606198829,-10.5313398025561,-10.4020941205947,-10.4757460117907
"HSD11B1",-20.9731859588382,-20.268971388095,-13.2754668654462,-22.5830545419506,-11.7319211455607,-22.7873530664166
"HSPA13",-8.20945271786056,-17.3287155062142,-15.5713862995057,-12.0861551672294,-7.72646184975166,-8.29445219462287
"HSPA1A",-8.03950397161288,-9.21713914896939,-10.1249086300343,-9.3213196609215,-8.57560034625686,-20.4160357489843
"HSPA1B",-8.56094557033809,-10.4885322222966,-19.0730866900139,-19.5288652382123,-18.353187777797,-9.10954562527416
"HSPB1",-7.80064869179555,-20.4290442135253,-8.90859155022761,-9.39307740280856,-9.3215136942206,-10.3531613470765
"HSPE1",-17.4419607828111,-8.36475484522545,-9.11209442285155,-9.37019189757117,-7.29022116546181,-8.63357662061363
"HSPH1",-19.2493630059895,-9.13797873979293,-9.62701115907505,-9.21150566687096,-19.204443000612,-9.33528404409184
"HTT",-8.69027386212134,-19.6076023440002,-10.5396131217397,-10.5355317853414,-9.17203118959669,-10.7190667472955
"ICOSLG",-19.8051508128884,-9.04234044774836,-20.7987924457848,-19.7791939612315,-19.492612757418,-18.3644525813084
"ID1",-10.0892209398246,-11.7993298276971,-10.6997617857269,-9.77810307699286,-20.770763608511,-21.6421370062884
"ID2",-19.2317822723773,-9.42206974680816,-9.24455657921742,-17.9526486525833,-9.52106124514107,-20.2709979328969
"ID3",-18.7759876083569,-20.8730457154934,-10.0286304781288,-9.10699320125888,-7.95113644400507,-10.1062180864833
"IER2",-10.494401100297,-16.8381765956404,-16.5472481762408,-11.1372543002151,-8.65327128709173,-16.2465460479509
"IER5",-9.34562269394218,-12.0347429354751,-11.626701475076,-11.7573191077535,-17.5937265921278,-20.594285853249
"IFI44",-17.3722862166745,-19.0212478665529,-10.7051412927032,-11.4740786159064,-18.4425033358764,-9.49437010499199
"IFI44L",-17.0291213237912,-15.460607161554,-9.46200580415509,-16.9866887800894,-14.68127850422,-13.6621929846104
"IFI6",-17.5087865231985,-20.5731086706277,-9.03574279694748,-8.6659978530607,-8.13607397924606,-7.84160142279975
"IFIT1",-18.286568088476,-8.73847093032281,-19.241396810721,-10.165808445031,-12.445651322,-9.13771523004569
"IFIT2",-9.95442437418957,-21.9938837118814,-21.4559681144195,-22.2167217227824,-10.7766987297115,-11.573703162177
"IFIT3",-8.6437366382029,-10.6686662895476,-21.6464602585523,-9.52606804036924,-8.98456312862359,-21.4773028336197
"IFITM10",-19.378104687168,-20.7547997365034,-21.5613566264438,-17.1789710165465,-10.011867667842,-9.3829322308251
"IFITM3",-6.86173180088011,-19.7733497939619,-7.51518273243629,-7.75026190271253,-7.02034484523113,-9.33752294194154
"IFNAR1",-9.90491904064843,-10.4140686337866,-10.9375165898466,-9.31012396526462,-9.49102378293549,-20.1926088240444
"IFNGR1",-8.32560966347823,-10.6448145821927,-21.2785878322137,-10.0274219335224,-15.1828325235717,-10.1073282374134
"IFRD1",-9.62359461883891,-20.1386668816991,-10.589006350425,-10.3332457750713,-12.0131496413923,-9.9671904965655
"IGF1R",-19.9406248566543,-11.7087357013385,-9.81231367896579,-9.92559800426171,-9.68735630689187,-21.0102505852703
"IGF2R",-18.6581435414039,-18.9194936436921,-11.2045077625484,-10.6338827535391,-15.5432430857194,-10.2698247679842
"IGFBP3",-8.09981946870262,-20.9466743141764,-22.2924141950048,-10.29108292143,-7.93506175981005,-21.3604474560184
"IGFBP4",-12.7218545742907,-19.6527152006001,-11.0098730281845,-9.91414491072948,-19.0757311585913,-9.52863693013118
"IGFBP5",-8.25105414735717,-8.45212466803641,-10.1881711177635,-10.8799698063108,-17.980922977894,-18.5291645715178
"IGFBP6",-8.06895559383782,-11.0370493765343,-9.81009451694129,-11.1719929328723,-8.8516294391845,-9.6697370255415
"IGFBP7",-7.91241043590149,-9.0021200543819,-8.22113196764595,-8.30568662231601,-8.80003578516229,-18.4089744357436
"IGSF21",-18.7484558609122,-19.9393172348612,-10.930944471783,-21.0913436815592,-8.22058420444853,-20.0553738148008
"IGSF8",-11.4798132767321,-8.21473302571275,-20.0756204220131,-19.0859594084954,-9.29982949363264,-9.73633512679464
"IKBKE",-21.1229051228807,-13.0016564557952,-21.5425893688112,-11.6341265675589,-9.49556419675881,-20.5856553406211
"IKZF2",-10.3897815292076,-20.0497606068193,-9.98384981025593,-20.4364773444181,-10.359270228841,-17.9563813408658
"IKZF5",-19.3412261733059,-8.96089409983781,-19.6231424065693,-9.57935319703959,-19.2971814467579,-10.8966551208727
"IL13RA1",-19.1919113088232,-8.92952680996398,-9.91597278308274,-10.5829076038182,-7.91462098968405,-21.328884215063
"IL17RA",-10.117416219036,-21.243519708254,-11.3446392428271,-21.5078803245476,-20.2111834803044,-14.3374348242518
"IL17RB",-8.97975520785306,-15.8910460344668,-15.8926276894118,-9.26676663316509,-15.89503023142,-15.8858747518411
"IL18",-8.85564843520508,-20.9483300886167,-11.1835822186577,-10.711916399992,-10.3549959573084,-21.8242730708351
"IL1RAP",-12.0528616880843,-19.5260723418973,-10.867603171165,-11.0023056610205,-18.9468704215935,-12.3817697296746
"IL4R",-8.34576517333445,-15.6128742240688,-15.813095048127,-10.6544862110117,-13.1199739863015,-15.5959803034828
"IL6R",-19.9541688256829,-21.0772204341829,-14.8690721430013,-10.7320550206746,-11.179046348862,-21.1094819956188
"IL6ST",-19.1497923926175,-8.51744112360941,-8.55145687087037,-8.44766045449025,-18.8672703755841,-12.0845517959521
"IMP3",-8.99092523013938,-8.83829823683034,-12.2472017599081,-20.1665366178656,-10.2984556054966,-9.23365958155408
"INAFM2",-8.01796144418725,-18.8108690758034,-10.9932730565867,-9.96256611139754,-9.0401056969111,-18.9515525558409
"INPP4B",-9.18605122116622,-20.7332394336602,-21.7223061005693,-18.2278933608074,-19.6773966873788,-9.92293872263147
"INPP5D",-15.9486162936416,-9.88111889470095,-21.0223516219289,-20.8992466876774,-20.7610543071061,-20.7983774115334
"INSIG1",-18.5471429514179,-11.1916985376874,-9.69086645104415,-12.1904730741,-18.271739717975,-9.02876030224366
"INSR",-11.9715800906271,-9.42507422385114,-9.32321148393909,-19.0698067710361,-17.8132780782862,-9.48862173074261
"INTS1",-10.2449727554387,-8.53674693357438,-11.4450606147321,-18.6344917126938,-18.8157974945212,-10.1220219522001
"INTS6",-19.265446344194,-10.0865644572104,-9.79299219994768,-19.9989450175116,-18.2765895611237,-20.7680561341304
"IPO8",-19.6489382284618,-9.44040150827508,-20.7197910143793,-20.2961490865065,-10.8804962887092,-9.95029614725902
"IQSEC3",-9.15722590149206,-9.82888011446536,-10.863690909762,-11.0309987056146,-11.5057964322685,-9.54176285890216
"IRF9",-8.76271751078612,-10.6966850299693,-20.2357912816601,-9.17438923407782,-19.5863816300242,-10.3599847505175
"IRGQ",-18.7202202111053,-8.7432723914624,-19.5696284094183,-10.9404860254064,-19.3861964337512,-9.18889702094699
"IRS2",-8.74209449250347,-11.1809322268882,-8.7249595854746,-10.5273486637435,-7.81079079471533,-8.35313485144774
"IRX3",-9.75474499359149,-11.415280112599,-11.0454752085637,-11.0731227339737,-18.4709473195565,-18.4618122375792
"ISCA1",-9.00504606879683,-19.4295045155923,-9.46994092200938,-9.56442364241354,-18.0463021550894,-9.16653606976112
"ISG15",-16.3675229500572,-9.78067098606583,-11.0426125950979,-10.3148397345929,-19.4278681188357,-9.88297187628958
"ISLR",-19.3949542386831,-14.1672910795192,-11.0963312273307,-9.58455607082363,-17.9604742594509,-21.018306786196
"ITGA1",-10.3909435630614,-10.345398496679,-11.7528031355761,-20.4115181246004,-13.1856323728004,-20.2573115558707
"ITGA6",-8.7128749324196,-10.442531290037,-10.2841927291624,-21.1783332968066,-18.1924245969233,-21.1350594556157
"ITGAE",-10.2552580176434,-9.76773658219158,-10.0134191599126,-17.8705709968146,-17.5096550100959,-9.75056119463389
"ITGAV",-11.2790782787669,-9.55738059390624,-10.1355706323245,-9.11389964458602,-10.0996021684062,-20.899697398455
"ITGAX",-19.9026235926925,-20.3144032945491,-10.5712218117306,-21.1220147949985,-12.3017889339633,-21.1601977268115
"ITGB1",-7.66839955908925,-9.88476744558674,-9.34099301813147,-9.73880890012041,-18.6252439985036,-9.94936452276694
"ITGB2",-13.7112394773834,-20.2005722520666,-10.4731009794137,-9.9885405603386,-8.4923530844957,-20.6480526296113
"ITGB4",-19.3609040817941,-19.6867772985465,-9.18537244296315,-8.73586684729037,-19.8524774871943,-20.9780908228259
"ITGB5",-8.81515385657871,-8.53418561082264,-17.3530739677402,-10.4329107109895,-8.43199548610961,-20.4616892123675
"ITIH5",-17.5025685108672,-19.605006045436,-10.0773651635023,-18.8829247258844,-11.0830061776815,-20.6874427189502
"ITM2A",-7.602767364804,-18.5851054911411,-10.5253194768434,-8.82796536975868,-9.54630074347564,-10.5636176530347
"ITM2C",-14.2912847562365,-7.50065689310773,-6.91353420448498,-7.22016365582228,-7.19423744274719,-7.73335155469113
"ITPKB",-10.6638448746137,-9.25864826552335,-8.91950948665042,-9.03568220810319,-9.83057573010698,-12.7007352712399
"ITPKC",-8.9293004554836,-19.9714933304656,-19.3404742156197,-19.4993248166513,-9.68677655348763,-9.7380690143158
"ITPR1",-8.69537778201772,-20.842879932298,-20.0844509025017,-10.4997039895037,-8.90705688466935,-9.76729822699071
"ITPRIP",-9.53109482792812,-10.6552827088967,-19.6147504297944,-18.0026163630913,-18.9785775722024,-9.94819224633856
"ITPRIPL2",-19.2052642633066,-19.9772220974473,-10.1829550016588,-9.88281539318372,-17.6973819105397,-19.9375027800218
"IVNS1ABP",-9.05240265881589,-19.9251571728619,-10.3714155106537,-20.4962529696398,-8.57124031787303,-20.5488125443237
"JADE1",-11.1807315655438,-13.4395269807053,-10.7379678446815,-20.7819333179218,-7.96433034340792,-9.62551368765367
"JAG1",-8.02448662696235,-20.1336807210763,-10.8292958656886,-20.6466923906413,-18.9440635005612,-20.1499575877686
"JAKMIP1",-20.8057520778443,-21.2737210189725,-22.4497948119823,-12.1700672792676,-7.95340367220409,-9.45832708665895
"JAKMIP2",-9.68201795780195,-8.77763864893844,-11.227135128795,-15.387491746471,-8.97294149052474,-9.32905078174819
"JAM2",-8.59983985433017,-9.2562189045111,-10.943284149691,-9.37346394535781,-18.5423325158473,-20.7818944915253
"JAM3",-8.89159056252759,-8.23838801165153,-18.1826931559834,-19.0442084680651,-8.0754376333895,-10.834018569601
"JARID2",-8.83696061451896,-10.8042754110198,-11.3296928135342,-12.1728112165819,-20.8419917504783,-11.0679044029108
"JDP2",-19.8578479483171,-19.2359362726592,-10.445670610825,-10.3333296178924,-11.5749817115098,-20.9373027315678
"JUN",-9.51795597005548,-9.69333305138842,-9.65080956325936,-19.3247399040304,-19.597941268078,-21.8842566013447
"JUNB",-18.2320370050743,-10.6876785392397,-9.02127413745839,-8.61219134181898,-7.82268632772788,-20.0824596286242
"KALRN",-9.33330663449118,-19.8219797577512,-21.0566151416849,-17.6490330596096,-19.3449511439898,-9.67436663348598
"KANK1",-19.7025928685766,-9.31308833427549,-20.4711682188266,-19.7562412700277,-18.218743985651,-9.49878581060002
"KAT7",-9.45534111624002,-19.3468765659276,-20.8087078985825,-9.79607535972007,-17.0129600076494,-9.20030271417266
"KBTBD11",-16.4838001965394,-8.51937859997179,-9.48421188830004,-9.2275942070291,-18.4349140483336,-19.7497601970924
"KBTBD2",-9.09508963521539,-9.4897638100746,-11.6418559135224,-16.0956848173589,-8.90920493482364,-9.41943021354629
"KCNAB1",-9.83743956467758,-15.5456223057495,-15.7427598347219,-15.9746191842907,-8.43527956451866,-15.7049597091621
"KCNAB2",-9.32823011378256,-10.2680485629293,-19.4255801178509,-19.6155521535009,-10.0369390248402,-9.63747675043726
"KCNC2",-20.4406954084158,-16.813779925644,-11.8199895308661,-21.1355318396938,-9.19095939598678,-10.6415015936507
"KCND2",-8.51258997498731,-20.7618270380011,-21.6006473432814,-19.1739226054306,-19.770050482099,-10.5737089388261
"KCND3",-8.48583178453711,-20.2731880799088,-9.77174497704997,-9.47916320207005,-7.98284231383956,-7.44862447935507
"KCNIP1",-19.1203780017336,-20.5339349232865,-14.136078180034,-20.6076820794878,-19.9000087355115,-9.701277952983
"KCNIP4",-18.2118217416444,-8.96656867053168,-11.7645232286031,-9.95306429898615,-10.4508862238717,-8.29360924785869
"KCNJ3",-8.41976602361951,-9.59097144853142,-19.1843969087844,-11.3061408955233,-18.2338314007038,-20.1975149838786
"KCNJ6",-8.44319898275924,-9.23155714029282,-19.8071228271102,-11.333471118649,-9.46493055345928,-7.2406795727295
"KCNK12",-19.1183288098683,-10.758065971968,-11.6648177189328,-21.8995807370823,-18.5824650647253,-10.5802613670887
"KCNQ3",-17.6060649190249,-20.0800353443233,-10.7966901007607,-9.20515149713698,-17.9934104119381,-8.92085765575915
"KCTD12",-8.21745343452954,-8.94312306794474,-8.91469812696974,-10.11155230035,-7.93122331133641,-11.9689463483233
"KDM5B",-20.611505815034,-21.3302402854968,-12.6648443558376,-22.1880613004273,-10.7144997451045,-10.9780604132025
"KDM6A",-10.7873736153103,-11.1056105302048,-11.1458278894402,-11.2914995619853,-10.5823255810092,-20.7327085698468
"KDM6B",-11.3197403956511,-19.4093608901164,-10.5747936684865,-19.8680860390971,-19.5222438971186,-10.1165541879969
"KDM7A",-19.6381795777857,-21.0804576180036,-11.8066543153389,-21.8561058257558,-20.6724895939645,-11.4373759673231
"KHDRBS3",-19.4364283409533,-9.73333619333755,-21.1831724718262,-10.5798354691852,-8.28831449720883,-20.1363686685845
"KIAA0319L",-16.0225408487537,-9.43340048747304,-10.5271581887921,-8.91139293810455,-19.2739730577652,-20.5106472783928
"KIAA1217",-10.0946341136818,-20.3127332589829,-10.1264916288151,-12.4005078828347,-8.74616354458992,-21.3062994398247
"KIAA1671",-19.402484745083,-19.3132364951804,-12.6011175606367,-9.86407065297733,-10.4990086390311,-10.2856105792036
"KIAA1958",-8.9339430341613,-9.81415235380014,-12.0397914920436,-20.0345600900891,-10.7083500761756,-20.4115373554127
"KIF13A",-18.1401629060908,-19.4187804084,-10.2624549321656,-20.1123138212853,-19.6104511932529,-10.3756712568808
"KIF19",-17.9503404564956,-9.01396363550485,-9.82528988862689,-9.87622340823794,-17.6269442096404,-20.2673243619646
"KIF1A",-7.53465685594428,-8.07545860721518,-9.00547502670288,-8.31935715091865,-7.53223418888313,-6.97361478341511
"KIF21A",-9.30354295949051,-8.0249329477666,-9.3881378477097,-8.28917916065664,-17.5808384784636,-6.99088764825686
"KIF2A",-18.9435932242215,-20.3012236201247,-10.4167472036161,-10.3126915909807,-18.8960074040354,-9.27787671746642
"KIF3A",-8.11583144224342,-8.49561398068402,-8.75071425739672,-8.84379320037744,-18.8729094473589,-7.40091053942839
"KIFC2",-10.9612473591603,-19.2575576229887,-11.0465531115577,-12.0631734491257,-19.3778382951388,-9.4406145260106
"KIFC3",-9.54432030475608,-10.9371979142076,-21.1523271613583,-17.6612821008513,-8.73940294883792,-11.0491990440101
"KIZ",-8.98854818605935,-10.4915090466058,-10.3891281917471,-20.1727843297177,-17.8603015563196,-11.4818827335477
"KLF10",-8.9999344637833,-15.9325683114914,-15.4393562829182,-15.9662448607252,-9.85006918302735,-15.936312278405
"KLF12",-10.5650834841373,-19.5477786978986,-11.8163807845779,-10.3579100667723,-9.59136166272535,-10.0376177157715
"KLF7",-19.3623549361135,-8.28668019418631,-11.1268936889521,-10.2381340616576,-17.8466508436822,-9.64671777565987
"KLF9",-19.7713673818733,-9.90558047421563,-9.74639718842918,-10.1176548649787,-9.43508161172852,-9.74611866836483
"KLHDC8B",-8.67572915711629,-9.99572042416946,-16.9812916316343,-10.0008994712257,-18.5280405939367,-10.9272799279554
"KLHL1",-20.3875594085999,-19.4908099263573,-22.8993441562245,-10.3882774809117,-10.0103807168003,-9.81403832770089
"KLHL29",-16.9155883841369,-20.7915049238549,-21.4978352545566,-20.6433521401033,-19.1731589387742,-9.38513008885662
"KLHL9",-9.01384243657043,-9.73508219510258,-18.9025071162304,-9.52012155796681,-19.2975416183657,-9.26789910277287
"KMT2A",-18.1541874931847,-10.9677218179944,-9.38969342941728,-8.78319983364247,-8.77228175159825,-9.02679574880025
"KMT2E-AS1",-10.7973999685954,-9.43029241352534,-20.9329054859139,-20.2965089611571,-19.1072804296267,-10.5768031481627
"KRAS",-8.70889184911233,-10.8295297243436,-12.7757415113214,-20.3307259764992,-8.31080438092079,-9.55936123541397
"KRR1",-8.17590911450198,-8.45017229522265,-19.2217438603964,-20.1466225327832,-8.52524640128814,-10.0697769463336
"L1CAM",-9.6518022790941,-21.0246968870117,-11.7752084126673,-10.182376072292,-19.6059917420873,-9.29688199958412
"LACTB",-20.7900714559713,-21.5067934173913,-12.6064713856326,-20.1932538017691,-21.0420367227522,-10.2530977455929
"LAMA2",-18.6962664672047,-10.7008807141927,-11.0508572650991,-19.7439125436535,-10.4541434745056,-20.2473368339245
"LAMP1",-16.2618392476852,-7.73097634684366,-9.28214150813843,-9.04609059472222,-8.83632236593803,-9.36304505812909
"LAMP2",-18.8613457346058,-7.63914641235006,-9.15334319739054,-8.87553216240498,-6.9611672924904,-9.98752440608072
"LAMP5",-19.9033498747919,-10.9793449139599,-11.8416121319153,-20.2910043306617,-19.4311117955037,-10.7510155184277
"LAPTM5",-9.29206249842862,-18.2978979960137,-9.7965637694734,-8.59517034524009,-7.97524539975159,-20.7957532857908
"LARGE1",-18.7710783941223,-20.86999282824,-13.489880588267,-10.6244274427996,-20.7826401545546,-10.3429680623686
"LBH",-18.4173061070893,-9.46248321178434,-18.5124529035066,-19.2925720778988,-18.0736215732358,-8.75000418740964
"LBR",-8.50607580163538,-20.251828968041,-10.1035037695979,-20.7111200449489,-19.311067161401,-20.5051093460229
"LCORL",-9.42469574101056,-9.8490851706684,-21.0838340398435,-20.3275212360138,-13.1169043519275,-21.0872515892709
"LCP1",-8.69421629488269,-19.1453416515184,-10.4940942456229,-10.7540228851428,-10.804950725307,-20.3389925068066
"LDLR",-16.7780202573,-9.29330080640107,-17.4911839928908,-18.9230194142301,-9.30472277734724,-20.7087505121332
"LDLRAP1",-12.2359825479093,-9.43747783244478,-13.7271135010615,-21.8670669985637,-20.1177943538777,-21.8035470434672
"LDOC1",-18.6910933948375,-8.36511881318044,-10.4520697724032,-18.7636229645582,-18.2876320625065,-8.53684854680608
"LEMD3",-19.6421379706257,-20.2693299167533,-10.1223706594339,-13.3648627274205,-9.73382668675563,-10.6018904485419
"LENG8",-9.46408760911207,-9.63636033215729,-10.9459011174059,-9.91645171166672,-14.3425652743893,-10.923682905892
"LGALS1",-8.15850920751994,-7.9122072206394,-8.12884150558452,-8.62741456453994,-7.40704909354727,-9.37738644104176
"LGALS3",-9.29434352156714,-18.6110026500227,-9.48324734039499,-9.67141048323202,-16.8846210843614,-9.46934096019129
"LGALSL",-9.43758602057248,-20.8141630666331,-20.8004630035914,-11.8893574365724,-17.2665512652838,-9.90773403563945
"LGI2",-19.5795147231599,-19.66149979411,-21.6273449096311,-10.140671888098,-19.3722350227186,-9.33059445572886
"LGR6",-14.9719521403236,-19.9978431584466,-10.1287711345527,-20.4199534723606,-10.7736641370214,-10.6065427715088
"LHFPL2",-11.079198953084,-12.0346849732222,-12.082801891772,-16.3819586446622,-8.59456048924514,-10.6760908716933
"LHFPL6",-10.3816852446064,-19.8206077525431,-9.11736373737576,-8.97543024370803,-8.01526217122655,-10.5746893019031
"LIFR",-7.33118108901821,-16.9297592106925,-8.18075343541219,-8.23294945345642,-8.71125768985268,-9.13097062355575
"LILRB4",-21.0728293594867,-21.2890618000548,-13.4233766512854,-12.3765252703492,-10.8297226022819,-22.6603904010425
"LIMA1",-9.06650720243455,-19.2897864219824,-11.4475266886418,-10.426410113135,-18.0928184638672,-20.6957253508478
"LIMK2",-19.2328846417997,-10.6735896404195,-9.87848126654691,-10.7702463242991,-10.1427091255147,-9.48593103276618
"LIMS2",-8.23523770925748,-20.7654441311709,-11.5423802192347,-20.2655584642908,-9.4374581382388,-20.9174865038054
"LIN7A",-20.8928003276216,-19.9708966927295,-11.0580594652676,-9.99507219244833,-20.1085241042607,-13.1371289986154
"LINC00092",-13.063716386859,-10.8050839312678,-22.6403820970531,-11.7230216080737,-19.6304278294253,-11.8092788130434
"LINC00623",-9.52649965086877,-19.461581352664,-11.1815721008752,-10.3050053477476,-9.84359236093359,-9.89520976592046
"LINC00923",-19.5294457995973,-11.2328800279487,-12.9717190037066,-10.7058580513279,-18.5527446057138,-20.7030936540175
"LINC01088",-8.31606734852346,-19.7660031751251,-9.64047137569995,-9.53499236099965,-8.72201844870072,-18.6496092179137
"LINC01102",-19.593084516437,-9.29377682795654,-21.583408106092,-20.3779522980085,-19.0416040888474,-21.1463295837803
"LINC01138",-17.9623610727836,-17.9700654321496,-14.7375375977811,-9.6423792707522,-9.46109823800703,-17.697673623667
"LMAN1",-19.3794092681433,-9.04407411972103,-10.6525207231774,-9.6487151620486,-19.2029190274305,-11.1176454340052
"LMBRD1",-18.6234160841706,-8.24179045407216,-9.5813819806825,-11.1525535729167,-8.74811581875773,-8.58828704971141
"LMNA",-15.7344344293332,-20.1919174979873,-9.56780192265617,-10.0865052330575,-19.9135826044332,-10.3906190022959
"LMO2",-9.83689723391864,-21.1855451394942,-12.7557840550255,-21.0221361827789,-10.0665843783596,-21.9902603430382
"LMO7",-8.74425405044753,-20.7719766466959,-11.475287108239,-20.5418347266392,-18.4739211293405,-11.4728563814474
"LMOD1",-8.78918965369962,-21.0275822082735,-11.4352206828192,-22.154256288279,-11.1189699072048,-21.6175262321696
"LMTK1",-18.7497665452845,-8.25344895301314,-9.21452559487281,-10.6904755474523,-18.6429144037818,-7.87330533165692
"LMTK2",-10.0666806919513,-21.0551197452217,-12.0946469566037,-18.541333467574,-10.3611624556131,-10.8789032824319
"LNPEP",-17.1730742101463,-11.375400132376,-9.80024847975185,-9.43948159565644,-8.62090260726949,-12.6968406693155
"LONRF1",-18.7174036950756,-20.1791817036819,-10.2596593178953,-20.6928165861877,-10.0474406183836,-20.5610838751413
"LPAR6",-16.8853930950928,-15.1606376990185,-15.5483204048805,-10.0505809483876,-8.84721605849809,-16.6953435360655
"LPCAT2",-9.67616630850295,-9.58824702926668,-12.30650266635,-9.57124671409248,-8.45222084768178,-21.3982682314542
"LPIN1",-7.56749514084178,-9.01919035414859,-9.20953535963127,-19.2941742077815,-9.22730747888208,-19.6918421363417
"LPIN2",-18.6901266716032,-17.3353802976871,-10.1538462531904,-9.91086512288206,-17.5522277016918,-9.70439115315811
"LPL",-9.27269800054794,-15.8280899884795,-15.8666737420715,-9.73307221052655,-15.8678788438485,-15.8499822692963
"LRATD2",-10.7908934681491,-9.66174335440089,-10.8905453396302,-19.8581736197563,-9.65341977068898,-20.8114672245349
"LRBA",-9.00270891074122,-11.2512618534145,-12.7772361102571,-20.7622435683232,-19.5698159304254,-12.0381349141574
"LRIG1",-15.8169158306372,-9.38082903314161,-9.25277358363615,-8.90024204399752,-20.2146483562299,-20.0738844147366
"LRP1",-18.5058404726532,-9.04131863761735,-9.33463793998852,-9.00477665944701,-8.36253986060605,-21.2089052576518
"LRP12",-18.9585070755584,-20.4999504396373,-10.4001583391266,-20.6036774702704,-19.010168550452,-18.8760405678325
"LRPPRC",-9.19433519984016,-8.77619460666761,-10.4520329769463,-11.1628863543593,-18.8262726287432,-8.72399725638466
"LRRC3B",-10.7932070934409,-9.21034397478035,-12.2168692743401,-11.730374210085,-11.3093504358931,-20.6603124652489
"LRRC4C",-11.4805057921705,-21.0743491736151,-11.3646475451402,-20.3705150308663,-8.95788974407946,-10.6809439032229
"LRRC75A",-20.8878064413646,-19.4484520302601,-14.3780406027479,-21.390767557923,-9.0189613663496,-21.8968200277352
"LRRK2",-19.7146726981105,-18.9585432438295,-11.4535656201126,-10.5572817773708,-10.441064478223,-10.0213740082026
"LRRN3",-10.0781601681181,-18.0538742716326,-10.8066502767278,-10.5323189540108,-19.6417614803451,-8.85024473158935
"LTBP1",-9.15914564797385,-19.7218567056678,-11.1425216936415,-12.3049698151653,-8.33191252642749,-21.468815060881
"LUC7L",-10.0961528934763,-10.3937343561555,-10.3766836062936,-9.7779456365077,-19.2076364824807,-9.39750618172467
"LUC7L2",-8.6992572679864,-9.61829515462941,-9.86422070259643,-9.62074817007283,-18.7264360875525,-9.74615888486976
"LY6E",-9.18262300728752,-19.9734937194849,-10.7624972827958,-10.1375315579289,-8.47545464106699,-10.4946907019698
"LY6H",-9.19426782474766,-8.03678351695969,-18.3749252100413,-9.88257285910966,-17.3345860427897,-7.80441129400504
"LYAR",-10.7178459434657,-10.5434257858457,-21.6452344085663,-12.4022671765817,-14.3864298960396,-22.0252103379743
"LYL1",-19.306064961064,-10.1952405142152,-12.0492824944469,-20.032503933983,-17.9302127868456,-21.924350094168
"LZTS3",-8.97689713379589,-9.10853290184305,-11.211990842355,-9.34027558257418,-9.9758462729579,-9.07328068813013
"MACROD2",-17.7591318573047,-9.8904596636248,-18.9336724477511,-9.79171132184091,-15.7629769466002,-9.446083046132
"MAF",-20.876903794334,-9.78963414004573,-11.4687774504497,-13.746557999157,-19.5867261388261,-21.1066042623706
"MAGI3",-19.6885702068486,-9.76368760353955,-21.2636684800543,-21.3156924381923,-8.57075938246639,-9.63888697523994
"MAML2",-10.4259980693337,-18.823103229133,-11.6863983504415,-19.917576601352,-19.2934624519046,-10.5941791880127
"MAML3",-8.58137348395292,-11.6906059639892,-11.5437214885986,-10.4538450354161,-19.9077234391553,-20.9844809471751
"MAN2A1",-9.66260480475911,-8.77101579634352,-10.2344886606652,-20.4057963175997,-18.7344080604014,-9.95863382598206
"MAOB",-9.92883694676506,-19.1305981550162,-9.34420201535955,-18.8327337027171,-7.88017663806497,-9.1803997452484
"MAP1A",-7.79778910090125,-7.15772447538179,-7.46704926771821,-7.3619700898284,-8.88368525673748,-6.72513337752394
"MAP1LC3A",-17.8075902463575,-8.92473214108042,-8.8420382305711,-20.6140569941302,-8.89973371750077,-7.60682369775189
"MAP2",-8.36054417577773,-7.61559941616202,-7.72486964613753,-7.71227872196756,-9.97778327046612,-6.75526707826635
"MAP2K6",-19.2736844418108,-9.44027939169622,-19.902616271641,-20.4118391594172,-9.32366754635229,-20.9275296003128
"MAP3K12",-18.660914206947,-16.903784058602,-11.5792213149546,-10.1637805193103,-19.4654093540822,-10.6128591843872
"MAP3K2",-10.2631270346192,-20.415570859626,-10.0389525536409,-10.4222986482999,-19.0482601049862,-20.7087896439612
"MAP3K8",-9.32974293745769,-20.7497114320954,-11.2078374995449,-10.5523107927673,-19.0152754252069,-13.2453600996812
"MAP7D1",-7.66162235458734,-8.67849480383202,-9.89061413514089,-10.8873888614403,-8.29538542914322,-9.27413471059575
"MAP9",-8.37877737455842,-8.64858682637287,-9.65865784558557,-8.64530145644633,-8.36459535275483,-7.6320589587893
"MAPK1",-8.94635548995608,-9.33580800174181,-10.7438251912486,-9.94070911768749,-7.43117095334135,-8.87385928770623
"MAPK14",-10.1024230089431,-20.8627670977887,-11.882284322145,-9.83473471183249,-19.4403078697442,-16.4794089074614
"MAPK4",-18.6425085399416,-9.19480284226077,-9.52304871295542,-9.64328808668481,-18.8954583884455,-21.2460877778704
"MAPKAPK5-AS1",-16.580610673233,-20.2734336380811,-10.9321560946563,-20.8602531008848,-8.79629163721197,-11.008041629746
"MARCHF3",-19.7284481775291,-10.2923094716075,-10.9314834867703,-9.88278007803156,-16.8192274045627,-20.4684397791195
"MARCKS",-9.67095639139756,-18.0358498972274,-8.1020173687539,-8.05642321363739,-7.31850408549833,-7.93588984005196
"MAST4",-11.0058249899399,-9.67789169907727,-9.50458397588887,-9.75831051895474,-18.9203670954727,-19.219654600534
"MATK",-18.8650104466356,-9.64371527470941,-19.0160288877993,-10.3537407569227,-9.6365568178077,-9.31485468028855
"MAX",-18.0893932551419,-19.3050460124383,-9.65645299447002,-19.4100356143251,-8.62296871988229,-12.5657996416759
"MBD2",-19.7197405461952,-10.354272056891,-11.5604873533014,-11.2799667531136,-9.51362599829071,-10.9913564338776
"MBD5",-9.72934567131742,-11.8738070947743,-11.5540971665759,-11.5916913180833,-19.9213262462418,-11.5048241310304
"MBD6",-8.79063754374772,-9.38990104820388,-21.1468356936824,-11.6679061745936,-19.6177636677827,-11.9174031639354
"MBTPS1",-9.04156268851655,-19.4942606339643,-11.5572699146695,-9.04159607486174,-9.44668407753816,-10.1489895628286
"MCAM",-8.03437087713152,-20.6949218245338,-10.5317866076518,-19.6484178678399,-10.3725549329094,-9.63422615441955
"MCF2",-19.6958618413521,-20.2645583411625,-10.5543971622047,-21.0039586586437,-18.189093890685,-21.018331353769
"MCF2L",-18.2181940289496,-19.3024989775378,-9.81201710921481,-12.6783374334096,-9.09311592215325,-9.55601888711711
"MDM2",-10.5518687874392,-9.58425625777661,-10.5941259459337,-12.8918348752637,-8.01102151524691,-20.1599787936296
"ME1",-20.404455360438,-15.8883532183136,-9.69794862617336,-10.2074823981601,-17.9324640259937,-9.56308542698756
"MED13",-19.6102517802793,-8.7408847759932,-10.0380765104765,-11.2983503563663,-18.921257532649,-19.9565162409435
"MEF2C",-20.8492198129856,-20.0068390571331,-10.6552139538014,-9.81599837398398,-20.0752150104127,-21.7188850895685
"MEGF10",-18.5531902257246,-8.8208017561993,-11.103239023133,-9.62128311663317,-18.9570233752138,-15.3495528461883
"MEGF9",-8.13399958675343,-19.4602343441379,-9.05067462348287,-7.91837545691725,-18.7363183778772,-9.08149354188695
"MEPCE",-9.20825110248174,-19.7036427061323,-11.4065867392264,-20.8923033575861,-9.22071948665542,-20.9188361884209
"MERTK",-8.82823658507923,-19.5436706866391,-13.2327083197658,-9.19508338944999,-18.4544936742329,-10.1589726719164
"METTL16",-9.65502226137095,-9.7166550261266,-11.2130482891591,-9.81488598612884,-18.7032289796713,-20.426266492093
"METTL23",-20.4351079493255,-10.0618160702662,-10.6596323810218,-10.8638790556638,-17.3562753957877,-12.3489556179202
"MFAP3L",-20.0336533118952,-9.4961131079248,-9.92166163885685,-20.3129082417377,-19.2554693645593,-17.6274351786085
"MFGE8",-8.58862416718097,-9.53036958149826,-19.6495563356903,-9.7319093804967,-9.65128094456549,-19.9355273727366
"MFHAS1",-18.9322020065063,-15.7063630889537,-10.3016690741855,-18.4918785537465,-8.29520002059322,-10.8706697702185
"MFSD1",-20.394978008377,-20.229762809432,-10.104647107516,-10.5688407988633,-9.2440079578749,-11.5161211639994
"MGA",-20.6243899450517,-20.1672274671811,-11.7095483384388,-10.2085040271476,-9.10713048976251,-17.4570907095014
"MGAT1",-19.43268911987,-9.90496063296878,-11.7418112965438,-9.69476581697092,-19.5313286687613,-10.8194761101007
"MGAT4A",-18.6730515906359,-11.2249484592406,-10.8121746689237,-20.7763380578816,-19.4604558166286,-10.2554167432057
"MGAT4C",-18.5611306194901,-18.6442170688019,-15.7320164364903,-11.0522074847176,-18.1671129465988,-10.4556427707463
"MGP",-9.36064485275414,-22.0399930199665,-11.6719153870721,-21.4454456480361,-8.72664179019726,-22.3547823237251
"MGST1",-7.7626019429994,-8.08276876329075,-7.5754926838077,-7.83652166325246,-8.17285064885537,-15.9280509452368
"MIB2",-10.4060916051221,-20.1835444648127,-11.8326097986604,-20.4366867740995,-18.8832624442728,-9.01063771474691
"MICAL1",-11.5969375318838,-18.3735398556336,-12.0847978439731,-10.8689274967975,-19.2932072618867,-9.63061797685114
"MICU1",-17.437893281088,-9.33965410005237,-11.7540347358157,-20.3499885294455,-19.261475653094,-8.722271664218
"MICU3",-18.56452807699,-17.3309835884945,-10.5998544088687,-9.39158489195983,-19.2384623663735,-10.1113540741571
"MID1IP1",-18.3313489647409,-8.42442094154478,-9.28818455851474,-10.7766334908954,-20.0315783398992,-20.8836757902319
"MINDY1",-19.7682783450083,-9.22133740392911,-17.8355679191126,-20.8307538277614,-19.4325117647383,-9.45344822571227
"MIR9-1HG",-17.5782974414858,-8.04649081639505,-6.27590007899188,-6.68602435364763,-7.73330401789072,-9.48115753591844
"MIR9-2HG",-16.6779686698682,-18.1666650604578,-9.01909922300167,-12.770323547386,-18.6245300509471,-18.6224383836244
"MIS18BP1",-14.1541124171564,-21.8550251203782,-11.5984628260758,-11.4469487667241,-10.1505533520101,-22.1944159966518
"MITF",-8.81841432426628,-19.7101548875449,-11.1777022133725,-11.5485369606173,-12.0518152273571,-11.8646646311123
"MLC1",-19.8349428293348,-9.45397983059114,-9.56575590017624,-8.78964264991827,-8.33698085882258,-10.6869143855135
"MLF1",-19.2822288945113,-18.9425233699603,-10.0429647578066,-20.4908349488857,-18.654171589117,-20.3713547091089
"MLH3",-11.2379955527514,-10.6312811062656,-11.9999704184626,-22.2224240519556,-10.2626773382175,-21.6127490765635
"MLLT11",-8.00728327966289,-8.46132843577393,-10.3526035983574,-9.14318128841815,-17.4202866379485,-7.61046200857169
"MLLT3",-9.746062816709,-10.7699003152232,-21.1180329625318,-10.9214461845952,-18.6160826373606,-9.27778997178475
"MLXIPL",-10.3080415693131,-17.7244573374763,-16.6029410535576,-11.6130027003194,-16.9452978147076,-10.644901057301
"MMD",-18.4537744926313,-19.319716513042,-10.131528603989,-20.2485614731104,-19.5893247452389,-10.1164811476382
"MMGT1",-19.9828451037795,-12.6931405369344,-20.8566249994908,-18.6140877407417,-8.96594527043916,-10.3764466592662
"MMP16",-19.4369905277783,-20.3644489618605,-10.1241674131627,-20.9733073682317,-10.2422078741319,-19.3054523855495
"MOB1B",-18.5774337092823,-18.9957290059111,-10.1277688975001,-20.8059033838734,-16.1187319771046,-9.54496947345117
"MOB2",-19.180328000877,-19.4778585259393,-10.5205064720873,-9.53837769704749,-19.1047454364626,-9.25362187325861
"MOSPD2",-16.2704677751177,-20.5243916073696,-10.8628301864221,-20.8938443069837,-9.04135680318047,-20.570170558618
"MPP1",-14.3210359403148,-9.61385522261055,-22.123211132905,-12.0489739512787,-19.7591600418968,-10.0201845082962
"MPRIP",-9.91670329024065,-19.1692609448723,-9.30550602955439,-8.97338355331028,-8.07327499627812,-8.83400927746454
"MRAP2",-10.9684230639207,-21.140483231042,-12.3911574381215,-20.8059634643753,-20.3611499554525,-9.92834845833246
"MRC2",-9.4380706910444,-18.7083142974628,-11.5887407373791,-11.0249434006264,-19.7005149668873,-20.4370803553231
"MRFAP1L1",-10.1890678630332,-10.0950418723212,-18.7639026945703,-10.1470507417035,-7.15033942646955,-8.35730869851641
"MRNIP",-19.1542860112699,-9.28507437428117,-20.6159795553831,-20.5328650169727,-19.6030560426832,-10.8016482435101
"MS4A6A",-19.7931239083077,-20.7199870252014,-10.9851775532325,-21.526862541948,-19.9603908571491,-13.099476731427
"MSI1",-11.1731027368401,-20.1855788870973,-12.6397259979938,-11.112596173476,-9.06646798064588,-10.5728486493771
"MSI2",-9.79703761066228,-17.2299439196624,-8.64085402788063,-8.99354515641331,-17.923944501286,-8.2370052972613
"MSL1",-18.6566473348816,-19.3283051154304,-9.33970499268624,-10.0854904723385,-18.0864506548018,-11.3655497212613
"MSR1",-19.2964514651847,-9.29390217385418,-21.1528472972717,-20.0630568324443,-19.0161740661177,-19.0530215088907
"MT-ATP8",-5.81747536973843,-5.73180391067337,-5.68894634121332,-5.75755632190159,-6.80880727810427,-6.63302171291013
"MT-ND4L",-7.74765323209407,-5.95681035701149,-6.05715109241663,-6.23805518938385,-17.2513039698012,-6.9389201391878
"MT-ND6",-17.3554922541909,-8.0982772786968,-7.16307704548569,-7.10018192498823,-17.6857908925349,-8.41477543246001
"MT1E",-6.89025404114366,-8.74880728572079,-6.57620744483915,-6.56937607154438,-6.02278811086378,-18.9027438034158
"MT1M",-17.957505360714,-7.47741012831913,-7.07292078025761,-6.94736951282003,-12.7342904608891,-18.944382906088
"MT1X",-7.00959403234567,-9.68407378296846,-6.81540669993372,-7.69364791591859,-6.83298753716097,-16.9271921883373
"MT2A",-6.15642247049913,-7.00298816109516,-5.32373070892076,-5.55599897067582,-5.0887175823306,-15.8072069049501
"MTA2",-16.9782618883928,-19.7299537034632,-10.9550186908496,-19.12646558155,-8.82513285202154,-10.1381238092708
"MTCL3",-8.75266039634514,-18.6268260222732,-10.6955992413406,-10.1723999263995,-19.0025253385093,-11.777209418579
"MTF2",-19.1291486784303,-10.1969146383474,-11.0451423290799,-9.20751835326811,-18.556435504216,-20.6362351462835
"MTMR3",-12.2262539876932,-9.06243050475486,-18.3642022724694,-11.214341834826,-9.81536689729976,-20.6212888589301
"MTMR6",-10.4385462753443,-9.80511226155003,-11.4295440975596,-9.47531667270651,-8.86744108442654,-10.3276835361871
"MTRFR",-19.6660508565215,-9.57602161622088,-10.8657460618313,-10.4855071838506,-18.8862015736815,-10.2042808525219
"MTRNR2L1",-18.0559816812685,-7.42376039185327,-8.49432209237504,-10.2578193426585,-8.89310599792693,-10.4077404443261
"MTSS1",-9.14425753432391,-9.39695333341099,-19.4979431496263,-10.4612718219962,-19.9120691173955,-9.07208262497646
"MTURN",-7.63619187457889,-8.81421649130864,-7.17663783802762,-7.08645073762011,-7.59348206374767,-8.21304861231433
"MX1",-10.6289161951635,-11.5728519942335,-20.2728831115159,-11.0216117658646,-8.81290664494776,-10.3452100837108
"MXI1",-10.7295288801441,-8.86529664415477,-9.13449007377353,-8.23245695335558,-7.94106956409129,-18.7447052602133
"MYBL1",-18.934655276188,-19.7714319212558,-11.7979823737275,-11.5766735839706,-9.01576478842572,-20.4255817355833
"MYH11",-9.41082815975692,-21.9401545887279,-11.7438264280582,-9.88053420551087,-11.4799550595773,-22.695464948062
"MYL9",-8.32611647876582,-21.5676319203531,-10.2556801757657,-9.81256118476606,-8.56678607641062,-20.9261066104341
"MYLK",-17.6760337571594,-7.74346870272558,-18.50485002994,-9.20209211651954,-8.11747791458404,-19.9711009777681
"MYO1D",-18.3403637078806,-9.79659097436072,-16.6859934994959,-18.9151947600382,-18.9049194068374,-18.6520591307039
"MYO5C",-16.1845528020322,-15.6844691877282,-15.4412769180357,-10.4868773725559,-8.84888604785975,-16.1707500780564
"MYO6",-18.9842818224591,-8.88206130116642,-9.03073157169489,-9.8613621768221,-8.30746593716038,-10.6343729815425
"MYOM1",-9.80156151346314,-18.4567159451411,-10.8428702092624,-18.9086136430544,-9.77460665295619,-20.709883516717
"MYRF",-18.8934243580755,-7.84553252878616,-11.0434786653692,-9.76149237831809,-9.96281450172909,-11.4648579853552
"MYRIP",-10.6822314925037,-18.3031546528761,-10.2616971123208,-20.7994843888086,-9.56491718679018,-9.39541710310991
"MYT1",-15.3153326813749,-19.1559304850565,-14.666386055317,-20.3419327441419,-8.95393309026729,-9.8414203174959
"MYT1L",-10.8226899491732,-20.985082863319,-10.7179280005085,-11.7753056721363,-20.8495014648088,-10.0724751771565
"MZT2A",-8.51257139733517,-7.32760049735182,-18.9028368264819,-9.30065746801452,-14.6306776079847,-8.93017913096144
"MZT2B",-17.2348203946484,-8.29279491065306,-7.86091468637211,-8.09397327329503,-8.49446012044679,-9.72823476749824
"N4BP2",-19.3906677973489,-18.7100434263296,-12.3883852898115,-10.5651369530102,-19.2416804222708,-9.7841511652291
"NAIP",-19.7812951396042,-19.3980656331443,-20.7507939034595,-9.31753074851358,-9.00945024768638,-11.0550554981712
"NAMPT",-20.5246437383596,-11.2548003210216,-10.3621668022121,-20.4435119518312,-18.0310720895901,-10.2725293511229
"NANOS3",-10.0603876608508,-20.3053291968715,-20.9864294657881,-19.5435978294832,-9.85332703550684,-9.69327547505907
"NAP1L2",-8.55608191317053,-9.80798999778603,-20.1989825244598,-17.9363541168664,-8.72508631088127,-8.20889772919729
"NAP1L3",-7.95460636125757,-18.61253969105,-9.57216787814484,-9.46328683810722,-17.5852416101423,-8.66883394395138
"NBN",-18.9481022970036,-9.75111248499518,-10.1019988501125,-12.9851416606921,-18.9646335635661,-11.4639735648479
"NCALD",-19.3664225385854,-9.66283877355461,-11.2442892669725,-20.0232376188376,-10.8167337952516,-9.55941565729317
"NCAM1",-7.56519778960787,-7.35740072100893,-8.47053455723953,-8.77503517553523,-9.479153557389,-7.61897957786981
"NCK2",-9.58123473495155,-19.678529224148,-11.6055579179939,-10.3146774437453,-9.21049407643241,-20.3125455753847
"NCKAP1",-20.0241285035173,-9.73965810477532,-10.9698860525178,-9.98600407789694,-7.89055834221125,-8.23198857766768
"NCS1",-18.2695170478251,-8.67484239574932,-19.2636486723333,-9.84034453751612,-18.8712216895267,-8.09108165209057
"NDFIP2",-20.1395330247116,-9.47480744438558,-11.5542270942279,-20.6498933535959,-18.6023191244252,-9.04299951880721
"NDP",-11.1327206749263,-9.10502903503134,-10.6928545118282,-20.269265332669,-19.1196501696127,-19.5802155707076
"NDST2",-9.07983707754376,-9.81491018010938,-11.3994836809644,-9.99158840445828,-10.3235349795522,-19.3543893012628
"NDUFB6",-19.3911372949112,-9.68350816349925,-10.0198965627646,-9.60347336851688,-7.86253079821296,-9.00779839511506
"NEBL",-8.77978666516584,-18.5998305910631,-8.09834056311865,-8.29457665388114,-18.3080597210324,-9.09700517054523
"NECAP1",-19.4884944798088,-10.0498306034432,-10.2747348262401,-21.3298496870313,-18.8270866187715,-9.06310199751834
"NECAP2",-9.68756608323927,-9.86366634010327,-11.763584350668,-11.2515726871691,-17.7805960531246,-19.5837715306478
"NECTIN1",-16.3230713744271,-9.47737248559857,-21.5455368857121,-9.92388506942321,-19.8172317639448,-21.0377285421149
"NECTIN2",-9.06669587297205,-10.1226403517984,-21.0091738247044,-21.2543515857256,-9.76351558349011,-10.4536850801729
"NEIL1",-19.17995256588,-19.2203390262669,-12.7114939649919,-20.0290611398953,-9.57198067617059,-10.1350994629946
"NEK4",-21.4940672333775,-21.8016872630898,-11.8849263964356,-23.1265640796939,-19.9216854699508,-22.3662714843878
"NELL2",-8.13561111520899,-20.8692220781411,-21.2471041464892,-20.5383087994539,-18.691504410394,-8.95042227703443
"NEO1",-10.4555987604037,-9.15350810957187,-9.62563168887141,-9.4240836269322,-8.62919718441028,-11.4757552470849
"NES",-19.3089015900488,-10.2597640746726,-11.1085575614877,-21.203152031293,-20.6286664222916,-12.0630416418544
"NETO2",-10.3437931235729,-19.5220665301358,-20.3913309908579,-10.2922208963726,-19.5786327826422,-8.7509834974653
"NEXMIF",-9.10410618767954,-20.0530784986386,-12.4517248091576,-20.3786244714071,-9.18120164534837,-10.263838231741
"NEXN",-15.1557882346229,-18.2901874328943,-10.323858406364,-12.1589078745963,-12.2916284298159,-19.9676006067883
"NFATC2",-9.74893672357412,-11.0729258001398,-11.5169230183565,-21.0109470302354,-19.8697021474887,-11.2828286239739
"NFE2L2",-13.2833612808883,-8.51969736442516,-9.10101267210229,-9.11012650599439,-17.4894626014827,-10.3600556379273
"NFIA",-8.35986821378875,-8.67171024432324,-8.12328078562959,-8.6852735657378,-18.3669439523867,-9.26778417036543
"NFIB",-9.6087989301508,-10.5364170125402,-8.60545813605377,-8.77827695458349,-8.78271023050896,-19.5235064023155
"NFIL3",-18.4956146012315,-11.2732350954614,-10.548871004004,-20.4325148114695,-18.6175996404416,-21.161714123949
"NFKBIA",-12.886321586298,-10.3118241877325,-8.99997459164578,-9.24449315193133,-19.4514811973313,-20.6355236082707
"NHSL1",-18.8388089781878,-19.6937667400404,-10.3327889050786,-10.0637955456527,-10.2714868163538,-19.6570538321586
"NICN1",-20.5468930863225,-13.6103607693509,-22.4220477792608,-14.708029285501,-10.1382796314793,-11.0747395065449
"NID1",-10.462756891221,-10.1359828306578,-15.8999941630907,-10.2437575270458,-17.4817025261474,-18.1874868016886
"NINL",-9.13847179155908,-11.4785502225699,-20.0438536966004,-12.0645708060367,-20.2523368490792,-10.4585511080881
"NIPAL3",-19.2613562077986,-8.91612020415212,-10.104029772838,-9.58088746193535,-8.66475545239502,-8.32121290632324
"NKAIN3",-19.1635178668621,-8.90659222402569,-9.97475080773632,-20.2383731214306,-17.8558055298422,-19.9843369446515
"NKAP",-8.61452317875752,-8.53397439248401,-19.3756576394915,-9.31334376586087,-8.82049221961147,-9.40202767234366
"NKD1",-9.5346546632275,-10.3481293036271,-10.4549159076737,-10.8180034052692,-19.6297670157746,-19.6772830015444
"NLGN1",-9.15611653295117,-9.87128045255148,-21.4105062615692,-20.2840635562935,-9.00933125195411,-19.8664216240572
"NLRP1",-10.7423101503103,-17.238857219156,-9.40477654211466,-8.82106103626987,-9.86623848641781,-8.63599962406874
"NME3",-10.6265341070263,-8.12885138522333,-9.98893640773462,-10.8971999296201,-10.9037027252503,-11.2126790298085
"NMT2",-9.55066286210159,-9.16017494031423,-10.2729555889237,-9.41938678165145,-8.35036923462168,-9.84972199108719
"NNAT",-19.4397866587111,-20.0326232644427,-11.2259677099934,-9.98679490330648,-9.19635722804131,-9.39023501895937
"NOL11",-15.8821571484035,-15.874152026311,-15.8426379965367,-10.1013783470407,-8.79544481461927,-15.8895452310725
"NOL3",-13.8983191403249,-18.2200127183261,-10.0142773006925,-11.6049006509818,-10.6277943957778,-10.1912797044406
"NOP53",-9.9883726153432,-7.48593726285451,-9.07385363705341,-8.70178037600788,-8.54843317761406,-18.0282619876107
"NORAD",-7.50909079625831,-7.00736003896107,-8.82964516202266,-8.08587097946748,-6.90254725126354,-7.03855575311325
"NOSIP",-7.97345720246599,-9.06876175636044,-10.4873322495933,-20.6104979275913,-18.7673433890521,-20.3091847704539
"NOTCH1",-20.0581860466081,-10.3086789608778,-10.7056513321224,-10.2435623834573,-20.0042957208753,-21.6807348807013
"NOTCH2",-17.2152841935425,-10.7069375355808,-10.6445915675263,-10.1282964889479,-19.6905112454847,-10.6617068282223
"NPAT",-19.7698796381205,-9.65241563332682,-20.7231378422673,-12.8791197554504,-19.8849484788176,-17.6256800914121
"NPHP3",-9.28467091848755,-19.2444945583024,-10.8023383390299,-10.8572041068561,-10.095514403342,-10.3452485904868
"NPL",-8.71333646559076,-19.8240866970712,-10.5797703284024,-19.8875348160745,-8.81938482805772,-11.2888095001016
"NPNT",-19.6616735738553,-19.545068150051,-9.99027962895443,-12.6374470206332,-8.41471785713752,-12.3751264764894
"NPTN",-8.67564640900431,-18.845399503772,-10.3141522128084,-9.84000951485059,-18.1571689990818,-8.14831804314664
"NR1D2",-19.890484032486,-10.016674521717,-12.9270830992948,-10.7653357047954,-11.5682500992771,-11.2052812835723
"NR2F2-AS1",-16.0558692036193,-15.5912345500785,-15.9624961146983,-12.8538295304415,-15.6733358788516,-16.0569862816675
"NR3C2",-18.9381171956041,-19.0512483219775,-11.2855169854424,-10.8030730907081,-9.41061573826285,-20.9376761121954
"NR4A2",-18.975354461465,-19.7811820669089,-11.2395821280389,-9.66876583809166,-17.7337200583985,-8.83300759743867
"NRAS",-18.1476081560406,-9.60744572617207,-17.6456550929079,-10.2521788992622,-10.2768100854299,-10.4196268346404
"NRG1",-19.291908312793,-19.630230170835,-10.6615110387949,-9.5503600719637,-18.445678418572,-18.4492777288715
"NRG3",-9.19103343083311,-9.55584086770394,-19.783938794725,-20.623919017264,-9.73256995580985,-18.2152766948092
"NRGN",-8.97763774888782,-14.6179421017574,-16.3105533391874,-10.0055140369253,-9.22205456022556,-17.942224418313
"NRN1",-9.27953168108614,-20.7308196123987,-14.6761184876467,-11.1534519938129,-8.58633897522867,-10.0378549871998
"NRXN1",-10.0380464375079,-9.95965808919262,-9.47809140995706,-8.71559034616446,-8.12913548157366,-8.99728366745948
"NRXN2",-16.8931597398852,-9.0386697784379,-10.2013082434137,-8.4138979644952,-9.2234776749306,-8.47063144710345
"NRXN3",-9.15323013294092,-10.5001865115518,-9.42548027316959,-9.17521214450606,-17.411220825189,-7.87200315894305
"NSD1",-17.5505630164785,-9.35605898787415,-10.1520522481094,-11.1356964243603,-18.6125101671243,-10.2085095626324
"NSMCE3",-20.5469458769719,-10.0357860456506,-22.0876226250596,-20.6362844527567,-21.031078968121,-10.8172353143898
"NT5C3A",-19.3947375724253,-10.7960632387054,-10.9812863862304,-11.440016538852,-8.65019113320965,-19.2087743670102
"NT5E",-19.5834200538571,-10.4016831906675,-10.9961252315849,-10.2639853940201,-18.1182169759503,-11.0110168798987
"NTNG2",-18.9202101514,-19.607050448875,-20.0202662414539,-10.3139606345443,-10.3702335533755,-10.3135870431995
"NTRK2",-16.2823319266834,-8.71940752821369,-7.06508880505834,-6.74122043677259,-6.67333355689501,-9.3888002157616
"NTSR1",-8.35145806597274,-10.9644241011043,-21.1086562106899,-20.3620380104179,-9.3707146612707,-9.0261753382885
"NUAK1",-18.8090729339556,-9.55998928746659,-10.8681640062432,-11.4261121749075,-9.02822044703043,-20.5351435338949
"NUCB2",-8.15959610999919,-18.504523007669,-9.31594257118777,-18.2105682726891,-8.52911352722914,-8.72124483262252
"NUDCD3",-18.4768738001627,-11.9633530491751,-10.5656091153043,-8.85974234476484,-9.07605167206158,-8.33224180097039
"NUFIP2",-8.64092699439104,-8.49423968872111,-9.68445747958821,-10.3019777258192,-7.79825515072741,-18.0025041786146
"NUP50",-18.9227312534438,-8.61571728456624,-11.2172340747279,-18.9135212388578,-18.7842948445384,-11.3402535304139
"NUP58",-11.1180136151812,-9.7738082813893,-11.3104115398716,-21.0645224521519,-19.2924751839964,-10.4157431080783
"NXPH1",-19.3803554621564,-10.7587457207653,-20.795875431752,-10.9692773593365,-19.1176527181661,-9.80332816699675
"OCIAD2",-18.8545571789954,-10.3024273785853,-21.3120787360264,-11.0867845270486,-8.08357369515101,-9.72611497885587
"ODC1",-19.7000059689586,-9.12685392384989,-11.6446520564657,-9.69592302884654,-9.99129587563565,-10.8794740177875
"ODF2L",-9.09247658658687,-11.157807111179,-9.90933981543303,-10.2823122196152,-19.4229016550308,-10.12145260342
"OFD1",-9.10543339933322,-10.0976488973203,-9.84069301645373,-14.1971084902035,-19.7941254813567,-20.9211917197777
"OGFRL1",-8.94554099452883,-8.74508862421764,-8.28495910502575,-8.39689039387729,-7.95453980706712,-17.3509873636264
"OGT",-8.94341020332047,-18.9687957397546,-9.67825657678845,-9.18479506170782,-15.3771914309604,-20.669354711964
"OLFM1",-8.62333375474522,-9.92799727559491,-8.84236232408119,-8.73604810976463,-19.3637907442915,-9.05664400391997
"OLFM3",-10.1072128405213,-20.3751194409954,-20.810176306754,-11.254282468181,-19.857310067828,-9.35603132509541
"OLIG1",-9.25233087797036,-7.98373444270251,-8.83887657921087,-8.7448193169038,-16.3638706617479,-10.5659768698489
"OLR1",-13.8289268321864,-11.2951301837755,-10.772826345578,-9.98981796241671,-20.4940108510896,-21.4187833113339
"OPALIN",-19.0743284091267,-8.76970305958572,-10.5015864840223,-9.37986890970091,-18.6847633404657,-9.02943433724657
"OPCML",-19.8491686419314,-21.00745903478,-20.1489547890306,-20.8030621724981,-9.4605285718584,-11.208904133415
"OPTN",-15.1949738853689,-12.1947980402852,-8.53777507895782,-9.42092819817884,-15.7960064372477,-7.74088706568803
"ORMDL3",-9.73020098030837,-9.54341933241711,-11.2879423150722,-20.3278367208089,-9.78621495833091,-21.0433485050879
"OSBPL10",-19.1410118593097,-12.9849959219349,-11.5128548887561,-10.5202562593134,-19.3943209793186,-11.722858871228
"OSBPL11",-19.2579122606039,-19.0663303475052,-10.420884624388,-10.1689465291568,-8.52601081802879,-9.79117058905362
"OSBPL1A",-11.3865931258189,-8.03843319204743,-10.9926924051443,-20.0251263262542,-9.46592016975324,-10.0580043991246
"OSBPL9",-8.18876602147205,-9.35629730729733,-11.482954944378,-19.3695756395035,-18.9250578568377,-9.90337101734943
"OSER1",-10.0284662906421,-19.0831167842166,-9.69231433952062,-12.2135967853314,-18.04752064093,-9.76135100671402
"OSER1-DT",-8.65248801908978,-10.5839230428252,-20.567017825333,-9.45158830230759,-10.3297751308161,-20.9512365495421
"OSGIN2",-17.5994351945575,-19.6961131411226,-10.0565172425856,-10.3535845563746,-19.1959673884545,-10.7355388024968
"OSTF1",-10.1468280219477,-9.32389621094147,-18.457683589117,-18.386867721321,-9.71882950383679,-20.3731394678612
"OTUD6B-AS1",-18.1809049557371,-18.9908136494993,-9.60128360082702,-8.98498797041843,-12.162770699253,-8.82961691515537
"OXCT1",-19.0950434744124,-19.3305056989133,-19.4289693792396,-10.0355295759868,-7.92977845041632,-8.67280755800517
"OXR1",-10.5445828103003,-20.632588638912,-10.2987468226185,-10.7805395636064,-10.0046933409481,-10.6605504874367
"P3H2",-8.74741356527985,-20.1124333746188,-11.2161578787657,-19.6055692454379,-19.6031081436778,-12.679110550149
"PACSIN1",-11.2347149254704,-19.5494376999337,-10.6267690178119,-9.57553455227201,-19.1313270851181,-8.21965369099029
"PADI2",-9.07398544673434,-8.41859944680487,-8.75928623777509,-17.3098726868967,-7.96786662240142,-19.5456226047272
"PAG1",-9.23243361616965,-19.6835980109657,-20.6520060877928,-10.6705866618983,-8.27099396698715,-10.9454153158792
"PAK3",-7.90009018396997,-18.0866809688453,-9.37853167048834,-9.72090547623226,-18.9679599357278,-7.65950522656275
"PAK6",-21.1080181399023,-21.7143511860771,-13.1127314713225,-22.7782137098409,-11.2381222202464,-12.4497674835777
"PALD1",-19.2200645095764,-9.77890781723488,-20.5671592721612,-19.7089583235585,-19.7025713213474,-11.8404902703007
"PALM2AKAP2",-8.19750003076021,-8.62615979693476,-18.8883288897284,-8.85351360269294,-8.90712468064638,-8.90537867169403
"PALMD",-9.74544541221004,-10.6858523822184,-22.8283489449449,-21.3856794528787,-20.4612223500162,-12.3010145112272
"PAM",-19.4602515777551,-18.8581484847268,-10.3484258371064,-11.1835876804657,-17.7253299554967,-7.63232617455672
"PAMR1",-20.6477849578726,-11.3299685275055,-10.1908596272195,-10.2877998069948,-19.8048004024686,-21.9135725846846
"PAPSS2",-8.07588978822573,-15.9818006570263,-15.1993324019927,-10.0224250122612,-16.0152669429187,-15.8671611465219
"PARD3",-9.59610784288578,-9.47241171854025,-9.69999604056836,-10.0876464539917,-17.9165671110057,-9.69908416388776
"PARM1",-19.7641938962302,-19.019630911355,-11.7755310816537,-11.494811025754,-20.1808087180855,-19.1646286517899
"PARP14",-10.5969974068011,-12.5567291837583,-11.8460798782445,-22.3810122024564,-9.13235140723154,-22.2496529698022
"PARP8",-19.9828375603006,-10.0735704043173,-20.3519189086602,-10.4810288054299,-18.6762717925129,-10.7865516920303
"PATJ",-9.57335456425787,-11.6604677045858,-10.8552281322205,-11.4552313422105,-18.6483009513671,-10.067145427992
"PBX1",-9.31695307155901,-18.9617782286734,-8.74114580845498,-8.96527258276063,-7.99165849512639,-7.66996561932979
"PBXIP1",-8.41736143436601,-9.43855487539949,-8.10928919719484,-8.47475488750579,-13.9435229743882,-9.99844482824986
"PCDH10",-7.69265287044393,-8.16972865011973,-9.2581048604807,-10.4785302093053,-8.35670378569571,-8.01960359410034
"PCDH9",-18.5365339414911,-7.95106960607986,-8.09425030089893,-8.70261455643223,-18.0677009334902,-9.1971540517108
"PCGF5",-18.1909495831735,-9.01306484769122,-9.80813053176271,-8.87184171246483,-9.6048908591628,-9.58289202820325
"PCLAF",-20.118776315686,-18.2805065309581,-10.9611110511723,-20.5447539726157,-19.7054351626122,-20.9496514379787
"PCMTD2",-19.4738377217221,-9.34836388227214,-21.3180481219837,-9.64374392178936,-19.9486254876484,-20.448246732297
"PCNX1",-8.72846190604763,-9.78116263818537,-20.2088099679365,-20.071515091203,-9.60195651528691,-10.1977127738016
"PCSK1N",-18.3248620992659,-19.1559361082996,-7.75472397221692,-7.73152477844187,-17.3714706977049,-7.02142780629254
"PCSK6",-20.4176166549494,-9.66880825370073,-10.5183171439945,-21.0336641145224,-20.4105608905596,-20.2467587649392
"PCYT1B",-18.5157385765875,-9.73720468003765,-10.4723005512136,-20.7405391945377,-18.675379767987,-19.705152956302
"PDE4A",-19.9700772086081,-19.9479806441955,-20.6070941150469,-11.5766221699183,-14.2693943977644,-9.26471933572091
"PDE4B",-11.4213545392234,-9.05819975072457,-9.68585653587265,-9.39826029226324,-8.38148422737406,-9.32059137940908
"PDE4D",-8.72856883127385,-19.6273682845063,-11.6810593955954,-18.893193239751,-8.81525343214282,-9.25211604961206
"PDE7B",-9.52363279226904,-10.0348181861998,-20.0511222163441,-20.8618379529671,-19.5075974099891,-20.7194235175649
"PDE8B",-10.2339999197303,-17.0788356088372,-9.84731268403936,-9.75149670709524,-16.1633905058669,-8.80641628786418
"PDGFA",-20.2436896293003,-19.6019028385103,-12.4160647780665,-21.0537818038468,-19.4263873023427,-9.06745856106561
"PDGFB",-8.44309484396499,-19.4974486334775,-11.169882638487,-20.4474383606577,-9.37231463225845,-20.6045771935474
"PDGFRB",-8.55110888662194,-21.1376779559703,-10.8093244304148,-21.2822825684206,-12.2305631421073,-22.0305142429417
"PDK1",-10.7872519613004,-12.8986245512554,-10.8149142999388,-20.6112727002114,-19.9271090395743,-21.4726941457426
"PDK4",-7.81880322783126,-8.07457100712109,-8.56331622719545,-7.94175077016716,-14.362037849725,-19.388266122315
"PDLIM7",-9.78906797060207,-11.5864035243909,-13.0495648489917,-10.9973838894218,-20.8461433420504,-11.6238018812326
"PDS5B",-10.530151316033,-11.1168587948928,-9.16664916563045,-8.89274877152541,-16.5293487742933,-9.34074071683728
"PDZD4",-16.5693805644013,-8.36942962388275,-18.5443197872863,-9.2177862360141,-8.91351691798847,-18.2537946007589
"PDZRN3",-19.1952980587622,-19.8899393474386,-20.8494979902752,-10.2136083923399,-19.6097580925902,-10.1777666928534
"PECAM1",-7.28359587881585,-19.9750013141936,-10.6344901232995,-10.226324713898,-8.27911814966231,-19.4045936955834
"PECR",-20.6730555810809,-12.4904337946945,-21.8190511187415,-18.3818001171693,-11.8778552678891,-10.7222219612772
"PER1",-10.1529673179401,-8.89069550781282,-9.40190236634908,-16.3545941048909,-8.6929821479298,-19.5128414669052
"PFN2",-8.46840195966083,-8.35085205629586,-9.54564487584826,-8.37127222188156,-7.57718788607946,-8.18479629281002
"PGAP1",-17.148199285398,-19.0965290032934,-10.5529667034705,-11.2190980048605,-8.98225352914049,-10.598104906029
"PGRMC1",-9.61821642251346,-7.38022762034819,-11.8565485153301,-19.6675549334906,-8.1107786280108,-7.0450491229602
"PHACTR1",-8.7417190068393,-17.4048473637632,-14.4887949369653,-10.6443282442035,-16.9100904751948,-9.29899405077311
"PHACTR2",-9.86752210800435,-20.538963989344,-21.4802323420164,-10.4807474761489,-9.22277532194327,-10.2212980686494
"PHC3",-18.502486472188,-19.8504556891549,-11.2672451808742,-9.10557665725562,-8.49729924895514,-9.97955873935683
"PHF1",-8.66754187878691,-11.4363415817884,-19.6557597932329,-10.2024474357197,-19.0883218541095,-8.83359023767962
"PHF14",-20.1756930691463,-19.4323683942451,-9.93191472532665,-9.49830319612416,-20.0624737009571,-10.9427777276479
"PHF20L1",-19.3200620384087,-9.6789473309707,-10.2992129731868,-21.9189795372402,-19.4486776310991,-18.3634006778793
"PHKG1",-19.5051259618205,-20.3203675271311,-10.1122917406906,-19.1388451303209,-10.3946866745388,-19.5338799589158
"PHLPP1",-16.9471463948478,-9.42045581031157,-9.66912694653322,-8.84107711865358,-10.0453751442419,-19.9853961775636
"PI16",-18.791381393328,-9.54284618321957,-20.7615715207662,-10.8546539435164,-18.9010514520955,-9.62441530439323
"PI4K2A",-21.0105527940227,-9.80506052521772,-21.2669804996247,-11.3637760305115,-17.9947264539872,-10.8618212693518
"PIANP",-19.032918479667,-20.0049926561315,-12.3083991603526,-18.5522256217506,-19.7933007397924,-9.16550508750791
"PID1",-16.7945798211326,-9.63191436539905,-19.6742935146461,-18.6814612239869,-18.1953059092757,-8.82390231065838
"PIK3IP1",-18.6619398340352,-19.4306748813183,-9.80276576479591,-8.80366955360353,-9.03350040975731,-11.4996095098361
"PIM1",-20.6922562310382,-9.9497529582394,-11.3398325041143,-20.8595453711327,-10.7052961583687,-9.98199557343726
"PIM2",-8.61805466145803,-11.5731458226271,-20.8909145930273,-19.2715295880135,-19.3009390859473,-10.3083396182724
"PIP4P2",-10.8385304415722,-9.26466244110912,-10.3538674089157,-20.0868694303158,-17.4045331156324,-9.51347739273284
"PIP5K1B",-8.93234736144811,-20.5683388713158,-21.5393264518088,-10.0989868735505,-8.3150705903035,-10.3721345731601
"PKIA",-10.6258354328595,-12.6853580431772,-9.57194834989546,-9.00679093940764,-8.98418918021245,-8.44160477172863
"PKIB",-10.7217710617845,-9.36111466785296,-18.091342610799,-20.0779211849518,-8.80502364696431,-9.42536525445775
"PKIG",-8.72959750100322,-20.4439522967672,-9.51568785198068,-9.47252736750119,-18.5469494800699,-19.6967474805426
"PKN2",-16.3778033151355,-9.55369303661596,-10.6370211433526,-10.0748405161057,-8.14341472193718,-20.3879486329614
"PLA1A",-20.1173309927209,-9.57507913538371,-21.3183102350573,-11.4168080307862,-18.9638595437985,-20.6355247494312
"PLA2G12A",-19.8257669813872,-10.2222839362143,-10.2140041962839,-9.33025342969887,-10.0465572386333,-20.6800392374067
"PLA2G6",-19.3325535857692,-9.84844423347067,-20.9597825461352,-11.2346245588823,-10.0937451770099,-12.983416932548
"PLAAT3",-8.48623800049389,-7.42886284788074,-8.62913064784766,-8.59448611895786,-7.31441706041113,-19.1816446418365
"PLAGL1",-21.0201889789075,-11.4095498345979,-22.0619536658948,-13.0589053943568,-11.488546645999,-12.2286716085724
"PLCB1",-10.7848117289269,-8.8560456969506,-17.7246233372155,-8.89954648216789,-8.17496525800025,-9.00342715441208
"PLCB2",-9.58161475194366,-20.6503404039598,-21.6926115935368,-10.161093816743,-19.8654611607935,-11.5378001305935
"PLCB4",-17.0286174397606,-9.28792044320875,-9.83610314172894,-10.1821898430231,-11.5514901242296,-18.9818392260672
"PLCE1",-9.22945040508058,-10.0897883328578,-9.97760108394399,-18.2205846214388,-10.0465129659709,-20.010026323468
"PLCG1",-9.77788056047892,-19.4769533818448,-9.97478610197403,-20.7121624645757,-18.8880357078496,-19.5587252949832
"PLCG2",-9.66665897390713,-19.5639851519526,-9.71500751762351,-9.62559432283444,-16.6437592129623,-11.1171857408594
"PLCL1",-19.1176476174515,-9.50101743517838,-10.4142655894115,-11.3640570244645,-9.16322038114248,-12.4440795904419
"PLCL2",-20.5719862784021,-10.5540632244447,-12.7789591123095,-11.1830919297459,-8.6094640513631,-11.3294017542696
"PLCXD3",-9.5234957369671,-20.1591550140533,-11.1601533283819,-20.1407585526303,-17.8335347056762,-8.62692340379909
"PLD4",-16.6744709547002,-19.8281750237543,-10.7311869361735,-10.147216915871,-9.6334304536949,-20.1608801498138
"PLEKHB1",-6.46676955184273,-7.26928862340727,-7.27746531789332,-7.10282869763042,-8.67841200121916,-9.17111885622844
"PLEKHG1",-10.8321401463575,-11.8026134459427,-11.7109651695278,-20.7907623392836,-9.14176335821936,-10.9052143834216
"PLEKHG3",-20.0995771564216,-16.065491887295,-10.7469692535085,-11.4659632637972,-10.4770897345449,-19.0604282712203
"PLIN2",-20.5375722372137,-12.9357403767529,-10.726151528945,-11.2060410359687,-9.79170911684089,-21.5124269770955
"PLOD2",-9.44739078064137,-10.4076065527773,-21.125793835779,-10.6265127410011,-20.4973696783979,-9.73537367997656
"PLPP5",-19.3529660464529,-20.0912041072119,-10.6954347144528,-9.74833084948241,-9.9845880879726,-20.2242531103887
"PLSCR1",-8.58132727187822,-9.62446790350351,-11.0689828374286,-19.9778684920972,-8.57578348287428,-17.005273867255
"PLXDC1",-10.520865818166,-10.4781598957467,-20.0603180600969,-20.6984310154134,-9.77892451893727,-20.3087977553376
"PLXNA4",-19.2242152481874,-20.6500567417069,-21.8767933603913,-10.1293238961349,-18.6267398050308,-10.2367865946225
"PLXNC1",-8.1691432078617,-17.198113950086,-12.2878352969949,-20.1770801797119,-19.1825927220409,-11.0535785283934
"PLXND1",-9.00265551905532,-10.1567398967518,-11.4365144083546,-9.84265313550856,-17.8243283107106,-9.99777482663765
"PMCH",-10.7146670865215,-10.346058170966,-15.1725603220916,-21.4775203815626,-19.8786265043514,-21.2807466907835
"PNMA1",-9.27467000601694,-10.0477336466199,-10.3260216042619,-9.10548084543729,-7.81648963817953,-8.52026112618887
"PNPT1",-9.08373872977841,-10.3186956993283,-20.5966317725279,-11.1930218498935,-9.89497461739835,-11.5535249666954
"POC1B",-21.0279121292516,-9.82945636134922,-21.6034611889713,-11.2327723336128,-9.26226456138899,-22.0128964271411
"POLI",-11.1720974734503,-20.1362628072768,-21.6494095242039,-12.0134243599341,-9.20721366994013,-10.6054482055591
"POLR2A",-16.3866880965217,-13.2396668310608,-9.63294656721035,-10.7119447842045,-19.7325236436156,-8.87582154400864
"POU2F2",-19.1917354867322,-11.078553584137,-10.2526935645553,-20.5259812300876,-9.90610849000252,-10.9772335888529
"POU6F1",-9.97015953025895,-17.5768639414996,-15.9418228830102,-10.5328613533581,-17.949432987947,-10.6846563427796
"PPA1",-7.44699687851184,-7.94380361614785,-17.2275157157711,-9.65578483760059,-7.98581819715708,-7.54596435966425
"PPARD",-20.1095561021677,-12.27975184216,-13.4866818818442,-21.5166102111965,-20.3292800824441,-11.180451793164
"PPARGC1B",-11.3356825453469,-18.7865544845029,-11.3008821432023,-10.4470997814659,-19.1317505520754,-20.7684689264725
"PPFIA2",-12.1162783033877,-8.48218762151663,-11.074242504489,-17.8295335734031,-8.64042137745411,-8.53646519085461
"PPFIBP1",-8.59954854848639,-19.4027671262402,-10.379102452911,-20.1079379924141,-11.0951488789294,-9.22970549461217
"PPIF",-9.82127507063961,-8.7629480095539,-9.42157979579712,-8.82676042702033,-17.6046331509977,-10.1921981643582
"PPIL4",-19.6670525900295,-20.9891071909791,-10.819618495821,-10.2651002079952,-11.3244810162835,-9.9871723425901
"PPM1A",-19.083571022974,-17.4690575319585,-9.70577751922315,-9.73288662934445,-9.45541799235683,-9.32942714323113
"PPM1E",-10.5140310773544,-20.1052415908297,-20.2629989783177,-9.62026438533913,-8.42247683790396,-10.2772862305058
"PPM1H",-17.2941629474503,-20.1134397077894,-10.0560664354168,-20.2399994611193,-13.3380569259376,-13.8316946991288
"PPM1K",-7.38197694747106,-8.78016160355865,-8.96504121827588,-8.39391463747117,-17.7104410368213,-8.1112659951448
"PPP1R12B",-7.69143914196614,-10.6206223801064,-11.0205335617763,-9.04309627199328,-7.96613868323226,-19.4073020153557
"PPP1R12C",-19.9744659496956,-10.1062444531814,-20.0312243540095,-10.1927766852358,-9.51126074878734,-9.25528150347541
"PPP1R14A",-7.60856195187266,-6.95507835420831,-9.41322532290217,-8.98633218955023,-6.78330670336214,-9.94638939865256
"PPP1R14B",-10.340705759842,-11.049377958475,-9.76690748582583,-20.2994081053243,-19.4300196512896,-9.43675154907843
"PPP1R15A",-10.3539620720509,-10.1636630787385,-21.357475896875,-21.8947715403961,-20.543361229725,-11.743579225179
"PPP1R15B",-9.86082612357945,-18.8125612946948,-10.8380284707072,-11.2125592875584,-9.74015006642546,-13.4742681858832
"PPP1R16B",-19.0627515185981,-11.829288652189,-10.1246178267501,-20.2057348893695,-9.96745563577691,-9.8136867869348
"PPP1R3C",-17.9262877953909,-17.0750777681278,-16.4791819823086,-10.9560911106845,-9.28481302568439,-17.8680278321702
"PPP1R9A",-8.53191357012669,-16.1962569110126,-9.47689749335112,-9.01338856744736,-19.0405864340118,-18.2287322544041
"PPP2R2A",-17.2169041293222,-8.43697091584339,-19.5065631064007,-18.9783293934879,-18.9245689988288,-9.10959133693396
"PPP2R2B",-19.0295751627025,-8.70128673506084,-20.2728367241926,-11.7965937126269,-8.25265566552565,-8.45929829385778
"PPP3R1",-19.4872248331118,-9.59955607460698,-19.489411363227,-11.1595039337816,-8.7641826825997,-9.44969441142362
"PPP4R2",-16.4023491421585,-9.27969799974628,-10.4518452664723,-9.71530478055816,-18.2354071504179,-9.22699695215582
"PPP6R2",-9.12244509844747,-9.92053973364838,-20.6285603049585,-19.3583015288636,-16.9902886440033,-8.53038772639634
"PPP6R3",-18.3339969278566,-10.5053615851059,-10.1674975016765,-11.1472416550591,-10.9449296180496,-20.5180881269527
"PRAM1",-19.8689017470226,-20.4257469175019,-11.2256770675491,-21.1236006308994,-10.066570940932,-21.0671218643705
"PRELP",-7.92931627440121,-18.191537622706,-10.9010340754503,-10.5275608376316,-8.95034794493368,-20.3152769788289
"PREPL",-8.00267641237673,-15.8580369696181,-9.04889310888573,-8.6207872794391,-9.10883718563496,-6.80115566204336
"PRICKLE2",-18.8980263529385,-8.52486398834447,-17.0950070907645,-10.8129754726934,-12.2580353887853,-11.080537730021
"PRKACB",-8.31468658868329,-8.63317940572197,-9.74977831047198,-9.2908212428306,-7.27910429831477,-7.90371113574896
"PRKAR1B",-8.39593408677526,-9.40704985443131,-20.5573716162339,-19.9351225183665,-7.20469189873673,-7.81244440649626
"PRKAR2B",-9.08733823471703,-20.2136226888541,-10.6638151252185,-10.3071608729645,-10.0298431026837,-8.52236741414312
"PRKCA",-10.535841178518,-9.15449559838264,-10.6490360216854,-8.92531952668329,-7.16941824042027,-8.54689051768853
"PRKCB",-20.1564492925575,-9.63091658089724,-21.7161309733081,-9.97185277941568,-8.28775468773566,-9.31132027132445
"PRKCD",-20.0552154997011,-11.0160945927406,-20.5631746201814,-20.238354514151,-9.15016597284954,-12.3280009238479
"PRKCH",-8.18860423461213,-16.5569623820936,-16.3909552558449,-16.5589676114793,-9.00391617364039,-16.2739220008868
"PRKD3",-17.7882793109302,-20.4633971910203,-11.6563100976831,-10.5776565075418,-19.9777983271766,-10.8814789789684
"PRKDC",-11.0018827630082,-10.6317453514264,-10.8215374955922,-11.4530620383548,-17.697170427003,-12.8522931088506
"PRKN",-19.8302014570782,-19.9494807217269,-11.6684156573349,-20.7512928676835,-16.8811288825341,-9.66788655914442
"PRKX",-9.36302703028491,-17.759588289407,-8.91876828690384,-8.96193058105034,-17.9640520368331,-19.8797010684606
"PRNP",-7.88211974985619,-7.79597115072394,-8.57988378210147,-8.15018116140643,-8.12878044210425,-7.41542859502653
"PROS1",-14.635890459607,-15.768041138694,-15.7206176348166,-15.7685867032825,-8.21182700751844,-15.7918410891551
"PRPF6",-10.731875909334,-8.94899783077667,-10.3976770506997,-12.1784406222228,-9.29860197296939,-9.92640152117202
"PRPS1",-16.1702517021849,-9.78890436824429,-10.2488919842832,-10.2332303563626,-17.8978411683632,-8.12187222208865
"PRR5L",-19.8459941814629,-20.3666390289054,-10.8265551484099,-10.1920589952234,-18.9051362657404,-20.7385044679219
"PRSS23",-8.44987200056635,-10.3121829998111,-13.0236027421048,-19.966134169265,-18.080962426583,-10.3325562514816
"PRTFDC1",-8.84283989203999,-19.5307237269286,-10.0938726470689,-10.8853303299568,-18.9743768432428,-20.2834368352097
"PSAP",-7.67146541026167,-6.79802602376846,-6.94885367031485,-6.72231476026409,-6.34520085885123,-6.19176123137506
"PSD2",-11.5862281323285,-9.72712489266915,-9.75585848961613,-9.67176772184318,-9.23741091267806,-19.9347227059783
"PSIP1",-18.009986744496,-8.42771704721793,-8.13585183576907,-7.89517684474106,-8.42282715183855,-7.78981839839563
"PTAFR",-19.3535209590149,-9.50260350571241,-11.7210544038277,-11.8788750569546,-19.9173775075175,-21.2200120156427
"PTBP2",-9.46484449551571,-10.4780318207631,-10.2261856034901,-10.1476964077213,-8.65298112732722,-9.14573499699618
"PTGDS",-7.37075663364475,-5.55081778731036,-6.10421613201622,-6.44390629650849,-6.33739796498358,-12.1641670557332
"PTMS",-19.5648442622374,-20.5881226078698,-10.5377981356529,-9.34274478248821,-19.5106919780777,-9.59267026676626
"PTN",-19.1336716649942,-9.46456609155374,-9.22588018053896,-9.47918995571073,-9.11006682706632,-9.53781166937895
"PTPN4",-20.2599812711697,-20.8740810085705,-11.1758847851748,-11.5608416237103,-19.6709736751062,-21.4304302108111
"PTPN5",-18.9838713543146,-14.6315690887774,-11.3848576183534,-10.5233013228737,-19.4967809803061,-9.73994785472711
"PTPRB",-8.42249022664264,-10.7892413692237,-11.5899712419897,-10.8067811015594,-8.89376846499817,-20.6376168215491
"PTPRC",-8.9453562524295,-21.5988736362687,-22.3945361477508,-11.4742928650049,-8.72414540084079,-21.8228202272241
"PTPRF",-19.1823009036717,-10.9397458831859,-8.68947454987607,-8.53630310261152,-10.4306547567891,-10.7353365559155
"PTPRG",-8.58790514418423,-20.747013817909,-14.3576132101089,-20.7513718051647,-20.4157409250785,-9.81318199157045
"PTPRJ",-9.84956563427288,-11.4644267235462,-21.9359516819923,-11.6185990574585,-20.5889102471865,-20.9791361092238
"PTPRN",-17.9591724177327,-18.512314357245,-9.71170494219231,-19.0544696053441,-18.9001676943192,-7.73023107886589
"PTPRN2",-19.2196759996973,-18.5998750996697,-9.29549012596796,-9.0005625615088,-8.17739105261549,-9.26685189766889
"PTPRO",-19.6929520880615,-21.0594137922372,-21.8177231029343,-10.8161038127214,-10.1583573159361,-10.008182831917
"PTPRT",-19.7307183264983,-18.645875361396,-10.6646793570636,-11.5484905268916,-19.4955144374132,-20.401485994915
"PUM1",-19.8308052463573,-8.79813756825146,-9.63862634782491,-9.29733887847963,-9.26216659349544,-8.82149698468444
"QPCT",-9.11083845997285,-20.2284425266063,-20.502171714875,-19.3526168024419,-18.9745382948844,-9.76129585201979
"QSOX1",-8.80848326389709,-19.4793758420493,-11.3070709822402,-10.2045369259014,-8.38608128267117,-9.33518651793942
"QTMAN",-19.5834040544597,-9.66650914416723,-11.4819947201793,-11.3467672849492,-8.59927806848717,-18.5136506072615
"R3HDM2",-19.3572868293946,-18.7092439645085,-10.3778207210324,-9.82279078540146,-17.9551989692254,-10.6162356075815
"RAB27A",-9.64499518177698,-11.9367255803645,-21.1700401022688,-20.4210333415989,-17.8313909565554,-10.0709787652626
"RAB27B",-8.66210660754204,-21.2630947878453,-21.6330550381966,-22.1928179216116,-20.4090060448281,-10.9988269149688
"RAB30",-9.51976908550908,-8.87085350717465,-9.59329725007395,-19.8555098282851,-9.60394121498238,-10.1883374534069
"RAB3C",-8.75510389961733,-9.83320841447282,-10.2528999552979,-8.95434055462968,-18.0856902961719,-7.37388989665869
"RAB3IP",-18.366031146402,-19.0204975142639,-10.5194623333322,-9.32170584056494,-11.3642036688605,-8.99981904885639
"RAB6B",-9.80369250376033,-16.9359110265129,-10.1079329159166,-8.76739384907048,-7.90881188390748,-7.30026563156487
"RADX",-20.354209037108,-9.99336994077926,-20.8902604218198,-11.2474800668361,-18.4947187849978,-10.5380717401794
"RALYL",-20.5425571738133,-20.2030940324424,-22.2617042337952,-11.4526364756055,-9.16723906451652,-8.81853617399145
"RAMP1",-10.3988401795007,-20.2726948447884,-9.01759503221849,-9.53266293519441,-18.7241102500623,-10.5855015450647
"RANBP3L",-19.8029497454742,-11.8813218606594,-10.6681163207577,-20.9574432308306,-9.24221683831994,-20.85631100295
"RAP2C",-11.8287636317142,-11.7172841854303,-11.7635774995376,-11.5167758959201,-20.5105152699872,-22.1615224508212
"RAPGEF2",-20.3809423804431,-20.1028060631923,-10.8475393575358,-10.9819138497605,-9.9487574925735,-20.5458276782339
"RAPGEF4",-11.2902108811673,-20.6347698820594,-20.5994364985213,-9.88479779733549,-10.3304119547117,-9.73631777157302
"RAPGEF6",-18.8217780770364,-8.61391603413661,-19.6529371050915,-20.6065916701244,-11.7199947190249,-20.9286772677231
"RARRES2",-16.8767545162273,-18.766979900526,-9.50486300240188,-8.60264815285812,-18.3887664227197,-18.335227029668
"RASA2",-18.011298945313,-10.2025360056138,-12.186766716909,-20.7582380055084,-20.0375861482553,-20.8438358973325
"RASAL2",-17.6875064645698,-18.6861142585556,-14.4386094474977,-19.2728517397804,-9.28416910373277,-9.69867026402297
"RASAL3",-19.9615049519611,-19.772248589065,-11.641499770932,-10.1501867718748,-8.75650130833053,-20.9251991448352
"RASD1",-8.21554176816253,-15.7355170860399,-9.78042643753568,-8.96401358147704,-19.4610565795554,-10.5144541691452
"RASGEF1B",-9.37261987942286,-10.6262147939803,-19.3493090582298,-19.8842176225461,-11.2041374365299,-9.87178893838671
"RASGRF2",-20.0709484423053,-11.2395850221949,-11.1408265695048,-11.8935763326095,-11.5271939054132,-20.8931603279476
"RASGRP3",-18.1540089682121,-10.5564862762095,-11.4483913672024,-9.5316509401187,-10.1335643109738,-20.160822642756
"RASSF2",-16.7576374577729,-7.82211325558527,-9.73854309315498,-9.08905033464083,-9.46984081995545,-18.8459704564574
"RASSF3",-9.37759140120565,-21.1693830357313,-21.8279550028189,-9.95430817420706,-9.99437472076104,-21.0687308567466
"RB1CC1",-10.1815688047959,-8.21873088131321,-9.62377405360695,-8.98200420469622,-7.75549888967725,-8.41916020033624
"RBL2",-8.93483730153782,-11.185163041714,-11.045317323392,-9.72878896393813,-8.76320188937911,-19.1798119687523
"RBM12",-19.5231254889255,-20.2785808666083,-10.1617421091322,-10.3272500872308,-19.3698514792989,-20.8219505308174
"RBM12B",-9.63977019376305,-20.407620760757,-10.637460106454,-20.1657698594614,-17.2816300887631,-20.5261922654019
"RBM47",-19.4289033991197,-21.1380165337349,-11.617445326232,-11.1613336698035,-18.0887296339682,-21.2764698732928
"RBM5",-18.7575485552152,-9.53425639909474,-18.660573962383,-8.92917911774024,-9.91689701890945,-8.83531863682272
"RBMS3",-19.6567763131063,-10.0091599694063,-12.3347694534252,-11.0178594446372,-9.7401702064,-8.88313995386671
"RBP7",-9.21317644799784,-9.89405263945416,-12.0232478805597,-19.730155470019,-20.2550698428741,-20.1670592610695
"RBPMS",-9.08811044143092,-20.8776251926856,-11.1189503500835,-10.2367978219932,-10.5924419284446,-21.7213534956288
"RC3H1",-11.6103629120414,-20.4749916857762,-12.0688327319665,-20.4264788518595,-20.6060126697042,-9.50961028712554
"RCAN2",-18.4745151050504,-19.7828701534525,-9.33969407838713,-8.69405796353228,-9.08033567527882,-7.10907073089742
"RCAN3",-9.1541220915969,-20.5168194916042,-21.3042238126473,-10.6538943049284,-8.64564414641058,-11.2649043808775
"RCBTB2",-9.15650741890774,-11.0676710745061,-20.5747726681245,-10.1914761890582,-9.98056231608031,-11.4920930868305
"RECK",-21.0989956797744,-20.7906737122567,-12.1523709222548,-10.5260061031083,-21.0156611264385,-22.0533240413302
"REEP1",-20.0593885004448,-20.5231734187407,-22.3019231113463,-11.1183620332163,-9.14146727363699,-7.95592719683471
"RELL1",-18.7256825928192,-9.85746439234227,-11.5546088164664,-10.6434433216499,-8.80939398877948,-20.360580065749
"RERG",-19.8713164887599,-9.66242723659525,-18.735653038826,-11.5090166065399,-18.3045145565199,-10.2100739370574
"RETREG1",-9.12011940782663,-9.55733076176079,-9.80147254862834,-8.87947518002584,-8.40952530191573,-9.10745411436251
"RFTN1",-12.2756097224992,-10.4197694489442,-17.0972343668871,-9.12261568209237,-12.1368553574244,-9.60267614088466
"RFX2",-8.04568003110286,-20.4175827154002,-10.8732854085247,-12.0722513085504,-19.9153451213899,-20.1787242611482
"RFX3",-10.7733522327719,-9.65903404820551,-12.7562449323043,-20.8998988984502,-18.4397421453064,-19.628922924779
"RFX4",-15.275017690616,-10.7453218978859,-8.90219192165954,-8.80374735919719,-16.3093688178867,-20.481270339958
"RGCC",-10.2452624125842,-8.39907268919354,-10.192954667557,-20.2244852653147,-19.5833964822641,-9.73711524520415
"RGMB",-8.86145659266402,-9.74601372879143,-20.524073102363,-10.4752846915209,-9.07555307544687,-19.863153281026
"RGN",-20.3591182602256,-10.9292208806557,-21.0999878105241,-14.5909875217617,-10.0610225928926,-21.6060257744872
"RGS10",-19.2387144046201,-11.0388163146352,-10.359911271239,-19.9389408997993,-8.93886180009849,-13.3794496109251
"RGS16",-11.4018650661173,-10.0718098870276,-22.4090762803596,-21.0933411582061,-19.9377051901411,-10.8191015273726
"RGS19",-18.6075219939954,-20.3634663513415,-10.2665935602721,-20.9170876702398,-16.4237444465009,-19.9593705261323
"RGS2",-18.7057716033903,-10.4012161509671,-11.7599704643608,-20.6209290867714,-10.7673729444922,-9.21998659671313
"RGS20",-9.80897884144735,-11.5390621640181,-21.6510659812866,-21.9824321986069,-21.0020150611055,-21.9099675335776
"RGS6",-19.6429976897183,-19.5095803900223,-15.2769695473305,-11.2579714682983,-19.7490841932543,-9.37149485357488
"RHBDD2",-8.75487459478074,-8.09629372488329,-8.68190391386924,-9.163716009684,-7.59298434131045,-7.70520867623851
"RHBDF2",-8.87911014042044,-19.4471854922661,-11.3082715821654,-12.3113489445017,-8.55788151345447,-11.0417685653871
"RHOB",-7.52746876356606,-17.8775154220148,-7.68663073152392,-7.86876335588251,-6.98369773376332,-10.9815910566199
"RHOBTB3",-18.2949259307912,-8.91649972496129,-8.49794012226115,-9.84537473083184,-8.05001658859541,-11.1690716388204
"RHOC",-7.69664491610135,-8.78321405556022,-8.31056618763788,-17.3782684123114,-9.53161799172548,-19.1379541757926
"RHOU",-8.64300159340393,-7.68427454657907,-10.2767040645482,-9.11163978814557,-17.8872127745653,-19.2911789706079
"RIC3",-19.0941811088857,-20.144792848287,-10.4369157857645,-9.24730308018699,-19.2797273405285,-19.7953149335251
"RIF1",-7.99104408839316,-9.248312217233,-9.62686774926466,-19.7874136518791,-10.079077338594,-9.54153747179271
"RIMBP2",-21.1344403533687,-22.2753326128144,-22.7340378985115,-22.5190453486326,-10.1246548383623,-11.433731048831
"RIMKLB",-11.7055851367555,-10.2545007042881,-21.5667766140668,-10.1649057576077,-20.0179245187539,-10.7625764033673
"RIMS1",-7.86438510741988,-19.0345306659633,-19.2724906460069,-10.4415377885407,-15.7765364837016,-8.60904983157719
"RIMS2",-7.94677207646182,-19.9174400191789,-10.8995191405435,-19.8187907535742,-8.76807291465735,-8.73412698689545
"RIN2",-9.37652132685249,-19.1996174552891,-10.5672151266199,-12.4555616143746,-11.5496807708375,-19.9311541808356
"RLF",-17.7332551294163,-9.30070053121834,-18.9624889503104,-20.8070148922482,-8.87839485220404,-20.2350452517806
"RNASE4",-8.40160189955002,-16.8724246182162,-15.2730938321065,-10.6854699553347,-10.9908933568506,-16.9067942498979
"RNASE6",-11.4144120407272,-19.8922288325838,-11.3178104853151,-19.1824126856897,-8.91118147186159,-20.882316949991
"RNASEH2C",-8.33681823350386,-9.35163411560417,-21.243578455886,-11.1300584940724,-18.4974285017817,-20.4396761923996
"RNASET2",-8.17935894402433,-8.89941477579043,-9.7938722448004,-9.47491770847373,-7.31964962942581,-15.736314952844
"RNF103",-19.4863504516841,-20.0022861682408,-10.4808561577424,-10.3987782326612,-10.1520328098227,-9.56755965401516
"RNF115",-18.2052153927257,-17.5582053000714,-10.8804082407804,-9.00162919037772,-8.91542678575868,-11.743453716616
"RNF139",-9.41167759804669,-20.9544494528367,-14.1493551574438,-12.7364986374092,-8.72798463057251,-10.4131511694948
"RNF144A",-19.3588379192871,-9.89633924596099,-21.011352569739,-10.2592725331737,-10.033273310538,-8.98482333930188
"RNF146",-9.14555147183115,-8.73065558184801,-16.8919939519548,-10.8113784895586,-15.3986206458449,-8.69445293117607
"RNF157",-20.3105535905059,-19.1969742600394,-21.6011496617779,-9.55415663294055,-9.63383614429444,-8.74989558040074
"RNF217",-10.5876657263851,-20.9022927412867,-14.1505014671669,-21.5514623108906,-10.487743374162,-21.7634126982885
"RNF4",-20.0357679813467,-17.6570721420934,-9.94584439805291,-19.6374858756416,-19.9027629754169,-11.3939766748871
"RNMT",-8.30379040623492,-17.9068037512497,-9.48168653331138,-20.0343669335872,-17.9497158470071,-9.28106462174185
"ROBO2",-15.3166978488448,-17.2596812109633,-10.4992026729641,-20.1169228292829,-9.40022734708664,-8.99169530699347
"RORA",-19.4659586806247,-10.8036876908373,-9.82188542648117,-21.5285379886936,-19.0630767947329,-10.5543326621322
"RORB",-18.5903182905107,-18.0228285055618,-9.87302792942552,-10.5453536350365,-10.8009257095266,-20.338018488225
"RPA1",-8.35245322040704,-13.6544630349234,-9.5825553450317,-19.7349967502023,-17.2482624475567,-11.8202201463853
"RPGR",-20.0110266705556,-9.2474049285078,-19.5084664264677,-20.8419224832974,-9.4811334437955,-19.9934690403541
"RPH3A",-8.43586546000969,-19.5678086560549,-10.752692562343,-19.472519526147,-19.4169751407123,-10.0384142597383
"RPL10",-6.32608277601431,-7.16321617467086,-7.19504691305228,-7.65282101065524,-6.45770411370609,-17.8761070022657
"RPL13A",-6.88629639056905,-6.60553530707694,-6.63861534282287,-6.72555111469057,-6.41792379484472,-8.13445616071027
"RPL14",-8.09549578729182,-7.64029603055995,-7.35140021617562,-7.14261841968289,-8.24492324616018,-7.75120498341573
"RPL18A",-7.58623207061339,-18.5663644324095,-7.30828587431813,-7.52758950328446,-6.66235679859663,-9.12219170072768
"RPL19",-17.4122536857796,-6.44347503831581,-7.11583941835211,-6.90860596145174,-6.05395836917695,-8.40733777146578
"RPL26",-15.8369134955439,-7.10345460736696,-7.2680957543299,-7.65751244171556,-6.66371548785299,-7.9393156495563
"RPL3",-7.8160120666258,-7.28235320615229,-6.84235953524431,-6.56697830129938,-7.01383817384638,-8.64636548399984
"RPL7A",-7.44742966226598,-7.16487999370633,-7.05294003948022,-7.05018448911643,-7.05692351609209,-10.4510340236252
"RPS18",-6.43002112913073,-8.78188938119801,-6.93214007169739,-7.22366767448944,-7.0457499767851,-8.04986839808267
"RPS19",-7.26078206568077,-7.34205359282958,-7.03247946307478,-7.24408124120557,-6.01523883292054,-9.95074740346532
"RPS2",-7.89644907644429,-8.23375978451775,-7.25817952823289,-7.23186821311859,-15.6745592944684,-8.72625200738173
"RPS26",-8.96621488278094,-7.26587969690803,-6.89635228119593,-7.46767021371313,-7.08705190439538,-8.28256844268634
"RPS27A",-6.04685207615991,-6.5581855370493,-6.51718284506034,-6.82194153574335,-6.33276017081349,-8.3715703157945
"RPS28",-6.17669259486758,-7.47648254582008,-6.36649772732515,-6.43386219945263,-6.96453979196104,-7.45298606892333
"RPS3A",-6.81323321592795,-7.56813018004946,-6.99324995236868,-7.29908351012485,-6.4945465065803,-10.9635054105799
"RPS4X",-7.16129419205976,-7.2721002496103,-7.30593509039096,-7.5411013575249,-7.35396411473485,-8.91063248401397
"RPS6KA1",-10.0316272113784,-10.2515996646458,-20.2908345055576,-12.2557063376167,-17.1303195807878,-19.6296703553585
"RPS6KA3",-9.30781116706443,-17.1163546861536,-12.0496974132294,-9.82412238722004,-9.45015499901993,-10.2500411879111
"RPS6KA5",-16.5344920579842,-8.81427088220215,-20.217851219855,-10.0930988787364,-8.8939902492206,-19.0090121300189
"RPSA",-7.23165630391886,-7.08729334183122,-7.71171223678156,-7.25776683274396,-6.97284009777928,-8.76326244400525
"RRAGD",-18.6555464349928,-19.8714710178023,-10.6258273615201,-10.3167560210419,-19.4105910122349,-10.643349520791
"RRM1",-20.1061558886142,-19.1659895025481,-10.5010892852962,-21.8022318115201,-20.3977244074025,-9.76629928665979
"RRP12",-17.3644149763072,-17.5648587658361,-16.523550700559,-17.756064323746,-15.8553607345573,-9.93255767768678
"RSPO2",-10.5054471201357,-12.233850935196,-19.5383323877581,-10.8681818604423,-9.72344878300461,-9.59851493428967
"RSU1",-18.4903368114073,-9.36718651105544,-10.6560026397321,-18.9783374884926,-9.91381885702102,-20.7728129387242
"RTL6",-9.81239111946314,-9.10892093864024,-10.4137542879974,-13.1209885786008,-8.53004908936165,-20.5180192732047
"RTP5",-21.0982593100979,-12.4723284325575,-11.8009769106798,-22.4118229742758,-20.0596715259446,-21.612597099714
"RUFY1",-8.76259285244585,-17.3949233283734,-16.6912304517559,-9.33923229959592,-8.82420078113623,-17.0435580334152
"RUSC2",-9.3363749644207,-19.2241326568609,-9.8591602917294,-20.0707816295744,-9.24654262660277,-9.69331535510811
"RYBP",-19.4669012776785,-19.3716179018092,-10.1505113988456,-9.81593026146186,-18.7724539205067,-9.21395224943352
"RYR2",-11.0155227281665,-20.0425703506778,-11.2154517206803,-9.79493520919242,-8.3995074714614,-18.808761568719
"RYR3",-8.97018614800414,-9.61654274746654,-11.591019412765,-20.2844608859588,-8.90245950222009,-20.6549146749708
"S100A10",-8.19912796541815,-8.65332137164758,-9.52931488782989,-8.87479358452348,-19.322643968178,-21.4992579940257
"S100A11",-9.71946259044239,-9.88661337684305,-19.7273192483781,-12.7243316950927,-18.0651526209661,-11.87666907344
"S100B",-6.76974676987676,-5.82586778984104,-6.16111369292834,-6.15149371597742,-6.31868983646011,-10.3002663377227
"S1PR1",-8.65686100909736,-17.8466403331246,-10.438597090149,-9.25852060538557,-9.2254436910233,-20.0994627775529
"S1PR3",-17.1586720143807,-10.7447276706505,-10.7252147871371,-10.8260943812455,-10.016477175998,-16.3211574605485
"S1PR5",-20.5489268474616,-10.9736910233235,-20.4113247831226,-22.6295175227061,-11.1783981292987,-22.5090954071904
"SACM1L",-20.7809438111261,-9.40141340442959,-11.2099012603185,-20.7013122011883,-9.91017702398304,-10.3463341775521
"SAMD12",-19.5438213166687,-20.4439205800217,-10.9597622632527,-12.6094998241408,-18.4967914200955,-9.89903399165822
"SAMD14",-10.1401040700099,-10.5294231493692,-12.1471808316046,-21.9436651550692,-20.6718311791201,-20.8494076100515
"SAMTOR",-8.71603665219981,-15.5139973571394,-15.7655370405102,-10.2726556585518,-15.5290954817139,-15.8518872975841
"SAP30",-11.336633299047,-21.707347976328,-11.0199648154723,-11.3483812215697,-9.90918335392613,-21.4007314035643
"SASH1",-9.95333464196781,-8.35545007802248,-8.98368573828165,-9.07811399418501,-7.98087237593827,-12.4331637932922
"SAT1",-7.72927209879047,-9.6536946181405,-8.32579495647076,-8.25725873486551,-7.81853546144142,-10.3747286438477
"SATB1",-9.04620102785887,-20.3947818813699,-11.7494824414995,-11.4398451761887,-15.4768144296683,-9.40868897064706
"SBDS",-8.66067460757116,-7.75291411765264,-8.28586064401948,-19.1633546623135,-8.46775756514984,-8.3135384507465
"SCAPER",-17.1336873922212,-16.9867444888419,-9.70459902886491,-9.22723519293588,-18.2633318581571,-9.57721021417046
"SCARB1",-8.68320297667813,-9.17683975044431,-19.7828662708149,-13.6455408205571,-11.9548265119208,-9.65949497060607
"SCARB2",-7.83779064740237,-7.72848781158308,-10.6643741516807,-8.39912569219654,-7.65139463719643,-8.555981698991
"SCG2",-15.6274853213791,-8.45411345925876,-8.43012129283994,-8.04744565439939,-8.89356740406384,-6.51490575220972
"SCN1A",-19.7784363775217,-9.3515454491293,-20.419038155382,-16.9568759474433,-9.77155685032699,-9.06725135545197
"SCN1B",-19.2700196120132,-19.7660338036093,-10.1541745661989,-9.12450926964306,-19.406895888104,-19.7449281599722
"SCN2A",-9.19252991853703,-9.29348349980697,-10.0651788974189,-20.1724884408859,-17.6127043939332,-8.37692644201597
"SCN3A",-18.8145299993474,-17.9430580363179,-9.95693893988597,-9.87345331672924,-8.41401581081626,-7.72718548499742
"SCN9A",-19.4295509552728,-11.0591375207331,-10.8606394731164,-11.7024826306455,-19.7720858734371,-8.91284113989945
"SCPEP1",-18.6385056396688,-19.3263905532021,-10.80033091715,-9.88653449966346,-8.37989179090211,-19.3805249043574
"SCRT1",-11.7170274885623,-17.4073348888954,-13.6932706139189,-10.2896177613962,-19.3448228806486,-9.61591795050596
"SDC1",-21.5798590515506,-22.5576191641571,-23.4384890012173,-22.4384721247933,-21.0731300141793,-10.2363415552908
"SDC2",-18.8793252411034,-9.33897834482175,-9.55815426004252,-9.53774120067165,-9.26980644940599,-7.95947259286216
"SDC4",-7.53640753278051,-19.6562087475749,-8.27002225267015,-8.89962720125219,-8.21079908043622,-9.53769129056923
"SDCBP",-17.2582231323781,-20.1583114724868,-9.39404264216592,-8.77939047840847,-17.7555803188348,-8.738305795572
"SEC14L2",-9.82614523525812,-9.23852769725199,-9.62052302352905,-9.24720367574785,-8.40781666928996,-18.7924116348799
"SEC14L5",-10.4888887395763,-20.7623541444064,-10.8759725722931,-22.0309805469403,-21.010860799735,-22.3090337909801
"SEC22B",-9.01068943738658,-8.74066454762893,-19.5381682888853,-8.91735709152242,-19.071866043474,-8.79620865464487
"SEC24B",-19.5179704337468,-9.65588841732594,-9.89724568117134,-12.9760779301464,-8.50904677680805,-19.8123654680747
"SECISBP2",-8.92848609219926,-9.92219190540853,-11.2789508483304,-21.9489521895999,-13.3567600840908,-11.2217852836897
"SECISBP2L",-9.6176740482179,-7.40318936783374,-9.54816869994082,-17.2103273943438,-8.95684604373394,-9.38415743753745
"SELENOI",-8.92739067757277,-19.2406058764294,-22.5070931361685,-9.35537762049428,-20.2168949392065,-9.65289438777646
"SELENON",-9.56889122054262,-9.82662462689795,-19.4147237305136,-9.84928333684315,-9.09539993860919,-9.45712963468696
"SELENOS",-9.288384783178,-19.1750691722544,-10.2210092655729,-9.96556991619197,-8.88992623361502,-9.8747362309808
"SEMA3C",-10.2749522909366,-10.879970879977,-21.388898905957,-17.9185612422157,-8.15715639026895,-11.0503259129011
"SEMA3E",-9.0590824073441,-19.0902315173252,-10.4734902486755,-19.3191594597817,-10.148277247449,-19.5482317254502
"SEMA4D",-18.1582667114405,-8.3720396024746,-10.1435370938766,-14.3343495252381,-9.75427371778706,-8.32510322266854
"SEMA6B",-20.9111885736255,-20.8056777313824,-10.7713599664567,-12.6571381836769,-20.7948385508306,-21.0087704192142
"SEMA7A",-19.2946350591277,-8.74844209930258,-19.9722131731513,-10.454829089799,-9.92910773797417,-20.591124093882
"SEPTIN1",-17.7219151668145,-20.3184102643461,-12.1162753137141,-11.202964858641,-9.61592702345286,-11.6594168675338
"SEPTIN10",-20.1896371858751,-8.80809957229274,-20.4734458173318,-10.6133671818616,-11.0253122505487,-21.8145126810759
"SEPTIN6",-18.896030561405,-20.1339215570647,-10.9349760969708,-10.149798429805,-19.7066924720481,-10.8650133194568
"SERINC5",-19.1010104936658,-10.323248686035,-9.89940208486625,-11.7258013432278,-10.3486191161496,-21.0005643511262
"SERP2",-18.4374889258954,-10.4861853938658,-9.69398948721745,-19.9908205910125,-19.0577432105928,-10.476975160652
"SERPINA1",-19.9395949246767,-20.5137500105601,-11.727208927958,-20.7645528194051,-9.23327733604081,-20.9734808226139
"SERPINB6",-10.1292380791563,-20.5670289290302,-9.64573903685378,-9.82914587074033,-19.3822578685211,-10.4328740378719
"SERPINB9",-9.67796094284388,-17.5716718777128,-11.2930647376107,-10.9409563947436,-19.8583571282453,-21.2221454696373
"SERPINE1",-9.78295032392716,-10.1700567545735,-10.6790223856895,-20.2856247677574,-17.7068594084389,-22.0322410813914
"SERPING1",-19.6077469429275,-10.7702662178701,-9.42108945347305,-9.47819436967717,-8.70522677716465,-10.2468975311554
"SESN1",-18.7928048336641,-20.9966076755387,-10.243087533244,-22.183443767543,-20.1611403732004,-21.5007142820569
"SESN3",-9.38342285418329,-17.8322665696997,-10.9509098195522,-8.60572529364985,-18.2944620580233,-7.9602632317324
"SESTD1",-8.28791926697022,-8.41151044340672,-19.2028484642244,-19.6619108864177,-8.85128986308173,-12.7735295366099
"SETBP1",-12.6965374353743,-12.7777812002398,-10.7279853750798,-10.7989102194668,-11.0494843457779,-20.5247897207548
"SEZ6L",-10.6128761621806,-9.87179092446928,-21.6829699509557,-21.3269651067523,-19.5700903508091,-8.916203992527
"SF3A1",-18.2369638073672,-9.54538243666706,-9.79064092891158,-9.17688211682199,-18.1326364610975,-19.0372938405037
"SFI1",-19.712101172859,-19.3675468682997,-11.5243166824627,-21.071070184074,-12.6282650133041,-9.92728683014848
"SFMBT1",-19.7467731558752,-11.8065517755096,-10.9764452946599,-10.1945911311657,-12.5785655753362,-19.995161353273
"SFXN1",-19.5012965036043,-9.49804863677455,-9.74520430729799,-19.8352793678,-11.8220737339498,-9.43136508096069
"SGCD",-19.1149602499112,-10.6074097157759,-10.7417769707911,-14.2116234968826,-9.82309384870952,-21.4063883688563
"SGCE",-9.09759493409741,-9.99371881679477,-20.0640448208554,-11.7583117547984,-8.10607363291523,-10.1075284437614
"SGK1",-8.2455977643779,-7.98547125730374,-11.1915541361578,-18.5837198461663,-19.4247281071884,-17.437077255437
"SGMS1",-17.4870345857737,-19.3968197184266,-10.531070573359,-20.9047078945486,-9.37324685180424,-20.7297468937056
"SGSM1",-19.2267415459494,-9.82463001238267,-21.7402008893694,-11.6758351424435,-19.1586684162786,-9.47159669040837
"SH2B3",-21.2761566164475,-17.9792875132387,-12.2288982299727,-12.8032260185915,-11.0518814354634,-22.0742441128826
"SH3BGRL2",-7.87606535010926,-19.0403191776143,-10.176240024837,-20.0428555360538,-8.99598074127156,-8.52229839712327
"SH3BP5",-18.3601115057803,-9.69004818497853,-10.5982964709499,-10.8568813724926,-7.45673031279632,-8.84690706785159
"SH3KBP1",-9.22862132250006,-9.41456375386914,-10.3991829904684,-9.76994259739014,-7.85146908821776,-10.3114567622081
"SH3YL1",-20.1555674807417,-20.0925762057102,-10.3421394681243,-20.9883089743787,-9.04623683251919,-20.2857584887941
"SHISA6",-10.9143642396291,-17.4192200773441,-9.08680413695269,-9.87772892745417,-16.7313114175505,-9.24007454364254
"SHPRH",-19.4000972263809,-18.1865653997515,-11.5943394064693,-11.0683721283488,-19.9842390281611,-10.1123084872877
"SHROOM4",-20.4079171661471,-10.5016126185636,-10.8854864968029,-17.6163151163305,-9.78424255062551,-21.8336148938924
"SHTN1",-9.25150591682807,-7.59647521316382,-9.14304977164555,-8.57390579280536,-8.29219534885523,-8.12719461395132
"SIAE",-19.6680734003659,-12.1495090493337,-11.321900424311,-9.63327422080075,-10.5006558135243,-9.06847046643808
"SIAH2",-18.4022795657044,-9.88692201324302,-14.4001334823072,-20.8332655593591,-19.6975329624379,-20.9701555096356
"SIRPA",-17.4305756823527,-17.5986799021724,-9.17879263070094,-8.83434025958298,-9.29705568490086,-8.83613361952023
"SIVA1",-9.51174939316221,-9.04854469986194,-10.5259882176745,-10.4345441277377,-8.41391378749717,-10.5716460828493
"SKAP2",-8.96578880145337,-19.3226149214043,-20.3261836178234,-9.65564764387281,-8.57865321875809,-9.28430505041496
"SKIL",-9.59723695935758,-9.61487465441187,-11.4216087536045,-11.7303796297695,-19.6453986195043,-10.2570267437412
"SLA",-9.03163404139444,-20.3478245857454,-12.3383308532225,-21.7254424728732,-10.0048578624383,-21.853333883363
"SLC11A1",-9.25532975776188,-9.16592845075224,-20.9606376833223,-20.6780751462534,-20.5926518164576,-11.3705785990769
"SLC12A6",-19.6224038446486,-19.7096755862415,-10.8767779905098,-10.4618480708216,-9.54642392192427,-12.9034077228713
"SLC14A1",-15.912297996222,-10.2209558695476,-6.82863509074875,-7.18170390752401,-16.6016230530858,-19.8320399793799
"SLC15A4",-19.9320353589344,-9.60584498580947,-11.8388615388399,-9.91046270386214,-19.7604101516495,-19.198796339198
"SLC16A1",-8.27717004542398,-8.35189407258951,-10.3024244114383,-9.19110512379462,-16.642523392925,-20.1058030997085
"SLC16A1-AS1",-19.0525145228908,-20.3734368452148,-11.7190237874645,-10.6297726160159,-8.71780725874842,-10.7808776067105
"SLC17A6",-8.63332031134567,-20.609585505452,-21.3974944194508,-19.9872271146321,-18.7836971839041,-10.3806665291204
"SLC18A2",-9.47474230003724,-20.0511808661917,-12.370097986179,-8.59438966638569,-18.7713629629495,-6.99937515782198
"SLC1A2",-17.1974504837893,-7.765428715793,-7.61299495953752,-7.93358680577139,-8.17260770509483,-8.75532107960845
"SLC20A1",-19.7952335517353,-20.7165782314596,-10.89586943202,-10.4749745528121,-20.1879758327442,-10.2254095687322
"SLC22A17",-16.3880085492345,-7.85003282012936,-8.75178228886365,-9.30138306671092,-18.1342880702021,-7.09727432333712
"SLC24A2",-17.2757950404192,-8.872407998973,-9.7980026397206,-10.0166880432742,-8.14782785454866,-10.2379112830543
"SLC24A3",-18.7646601363499,-20.3066562754886,-10.295805122025,-20.4764732428666,-9.18918214319467,-19.1854041549468
"SLC24A4",-19.0728949065003,-19.6795665678552,-9.52480678907462,-9.11117359633977,-18.5323166773199,-12.992806446025
"SLC25A37",-8.27368078301924,-20.4694599718531,-10.4035586326668,-20.3771264758146,-9.52735557866251,-10.4900763260839
"SLC29A1",-20.0700192659647,-20.2096254268423,-10.8010826342464,-12.2503816467121,-19.4329602451118,-10.3651540980425
"SLC2A11",-20.2744158511636,-21.3083383555934,-11.0842530071478,-21.6720015731009,-10.579866968805,-11.3626502281482
"SLC2A13",-9.29043325148029,-19.9795007591818,-9.63604782395198,-19.9101226918702,-9.5516329544662,-7.76562925695736
"SLC2A3",-14.9068039947171,-18.0266220141845,-10.3186590436332,-9.23736614215153,-8.08301700404716,-9.22865746124707
"SLC2A4RG",-10.1085462079559,-19.9714620562635,-11.2779100027131,-10.3078053083255,-19.6104948432983,-20.0988519125326
"SLC2A5",-20.5526499001179,-20.9389983317704,-11.0044215327848,-20.8237066142558,-13.8472114787353,-10.098309834717
"SLC31A2",-18.9374152490573,-8.64408679570408,-10.9635171116398,-9.93487028047703,-8.8547228410353,-10.2511908159142
"SLC35F1",-18.4098181424077,-10.4814946087442,-12.5818847630934,-11.6751855928503,-8.98044309491793,-8.99789324329342
"SLC36A4",-19.3890995725681,-8.86101760283752,-19.9627187016079,-10.1314884563898,-9.14975801920658,-9.02406431989206
"SLC37A3",-9.36566639458501,-19.744155210849,-10.7412486821944,-18.7271335768219,-19.3010939171434,-10.7321191087083
"SLC38A1",-18.9529313625172,-19.7403870589689,-8.932764851447,-19.4395521355871,-8.922728153519,-8.53167926849633
"SLC39A10",-9.50003990172861,-17.8608456008836,-10.60566287572,-20.9204001406499,-9.59013210574764,-9.83326160198017
"SLC39A12",-19.4366583060841,-9.39950328195112,-11.7710448400999,-9.89083395692558,-8.26214905676594,-16.0676754230498
"SLC39A8",-11.2412084077213,-17.7273748223691,-13.3958435566745,-20.6535879574076,-17.1093050306619,-14.628639954993
"SLC3A2",-10.1507327691808,-19.8540070069517,-9.01819109912782,-9.01896860107865,-8.34273682926021,-10.4425839868951
"SLC40A1",-18.585660966382,-20.4872206291172,-10.1494570176095,-10.3122056511827,-8.70634599232948,-21.3396113835347
"SLC43A2",-9.51896840209685,-18.6695036115971,-9.48187582922324,-10.316997644577,-8.85138966322822,-11.0289608662923
"SLC44A1",-18.4523981571888,-7.64075190112513,-9.2185598141843,-9.61573429950337,-18.9038679697071,-20.5527486716653
"SLC49A4",-18.6883019049868,-10.7511467473227,-10.677071966449,-9.47255361946569,-12.4882818383438,-18.8753975714571
"SLC4A10",-9.82600812236079,-20.8629011753613,-11.6228547429696,-20.7594049974703,-9.0243654324165,-9.83920412249127
"SLC4A4",-8.65530018164308,-20.3128876147654,-9.30563523984153,-8.66041414009182,-19.62429226475,-21.3398138432089
"SLC4A7",-9.27174588014323,-19.3346994961513,-10.5732362485439,-21.7032227483875,-18.1487129142813,-21.5694457610902
"SLC6A11",-8.85688761036691,-9.74722297633687,-10.2693110239854,-9.73407008829517,-18.8131150323368,-9.75701462290636
"SLC6A6",-19.1691843910012,-9.9634478890568,-21.1665063328323,-9.88089309410435,-17.5509817718303,-10.052402250837
"SLC71A1",-19.1516058660615,-8.68641832187745,-10.3359961204464,-10.4877942333811,-17.8841379694608,-10.3970259372629
"SLC7A11",-17.4159107923254,-8.25247682372779,-9.53373253681286,-10.6279228523754,-18.5566110995087,-20.4141400294385
"SLC7A5",-8.15737833670372,-11.0206492737307,-10.541987162194,-20.8863513357973,-19.6740607361862,-8.96385267211675
"SLC8A1",-8.66386752427516,-19.1573821066084,-9.56952665474375,-9.81710840872934,-19.5892460191119,-8.53278305137178
"SLC9B1",-15.8561335058199,-15.8579245819479,-15.8574542716072,-15.857208698942,-15.8569184691656,-15.8547928448945
"SLCO2B1",-9.10193367407433,-10.8724360420055,-10.5560372437754,-9.74023545320632,-9.78462180129405,-19.082892492403
"SLFN5",-20.3280207915193,-19.8908663583445,-10.9005940409687,-20.8866978242977,-10.9633677993155,-21.4389654355853
"SLIT2",-20.9421252893032,-21.241306879375,-21.9153574516649,-21.5654138954493,-20.4588905004753,-9.7411806660244
"SLITRK4",-19.5576751412852,-20.2668318866508,-11.5664547478631,-20.540501382916,-19.7862741442643,-8.91338939722824
"SLK",-18.3544733067318,-16.0402892298551,-9.09146828032049,-10.3351924950006,-18.8786829205801,-19.3050321324876
"SMAD4",-10.3038572005738,-11.0823777098659,-20.1822902770193,-18.4178130912274,-10.3735812467727,-9.86805784630923
"SMAD7",-9.45314737741184,-10.9128781285589,-12.4693941011045,-19.1108129879472,-12.4505810412838,-10.1133677949989
"SMAD9",-18.142123340003,-9.10924252266334,-10.5187380214956,-17.7252274341293,-8.51641421788566,-20.1362663792217
"SMAP2",-8.70519051428421,-12.0514472137526,-9.95811924379123,-10.5926560106373,-8.47134948604861,-8.50271208144191
"SMARCA5",-7.45378400664885,-7.92195514801389,-10.0548233801027,-19.6132717996859,-17.3105797900507,-9.12010181714415
"SMARCC2",-8.77504990739064,-9.32003974163028,-9.62569094405788,-8.57185737195722,-18.0380363257519,-9.47921053340976
"SMARCD3",-8.4932373640552,-18.5992500584111,-10.4478040506319,-12.2851502747918,-8.45172374447385,-8.17811634389152
"SMARCE1",-18.7811459515835,-8.62622355910597,-10.3717491139814,-20.4921914298122,-8.52398469981513,-11.644832999844
"SMG6",-10.3620960414151,-18.9838054852229,-11.4087305077098,-10.2263951515092,-9.60613132376054,-10.8437102205913
"SMIM13",-10.7178291210083,-18.275150915691,-10.7583315842166,-9.73132720748429,-8.64993441959495,-8.63395709702663
"SMIM3",-19.7786930508417,-20.0170781078552,-11.4042913279119,-9.90154754660729,-16.5197325310829,-20.3943066092409
"SMOX",-8.66899656042318,-20.4946547118129,-10.0756897397228,-21.0876505736215,-19.6809094398809,-20.5532175883581
"SMS",-19.0370682612746,-10.6904669950417,-20.2645280106078,-9.29465169430256,-8.1662577296591,-9.15011626943229
"SMURF1",-19.8675652478029,-9.94250248057866,-19.3343912245262,-20.6733050064774,-9.42274683879348,-11.0137962526122
"SMYD2",-8.32900685811166,-19.622973594198,-10.6235285925934,-19.441784183538,-9.33723932472678,-20.5462867310796
"SNCB",-18.9967803171578,-9.84353806512271,-19.6210595733827,-10.0253713132192,-8.50430119552506,-7.64156096985909
"SND1",-10.6152263263611,-13.513745197401,-9.51221495988617,-9.75272898934949,-8.48687766403959,-10.1500196681602
"SNED1",-18.0500755182913,-17.9179112460157,-15.9567987509185,-13.5043875799277,-8.88799991923439,-18.0507958831863
"SNHG12",-20.870515021283,-10.9464648715767,-11.9754936516426,-19.1879708557874,-20.1030699665292,-22.7525397290347
"SNHG9",-7.54123737561815,-9.56709494418295,-9.1517915570615,-10.4445223957484,-8.54395944042139,-9.69231080757868
"SNPH",-9.79806530071757,-18.1748259689932,-10.5366772023778,-19.5603164590102,-9.7306805874352,-8.80066460113651
"SNRPA",-19.5611051592671,-8.9805073398308,-19.9422650561101,-10.6264168106817,-18.5973028197937,-9.4021227429378
"SNRPN",-17.2882118879271,-9.39259115205181,-8.29308980954997,-7.55321058709045,-7.30807587406968,-7.0871088852253
"SNTG1",-19.2813845394391,-9.51682909632475,-18.7007491601477,-10.1975726582539,-9.04602033892949,-9.22180758883632
"SNX9",-9.87699063987376,-8.98273171254781,-20.1346855917798,-12.3374639415452,-18.5362592618916,-19.8803920171843
"SOAT1",-9.39927190240882,-20.3752314765757,-10.7526012804684,-11.9212220224954,-19.0662934982237,-10.8932561699167
"SOCS3",-8.45125695130313,-16.281645707576,-16.2809015349474,-16.2813913589819,-16.2809546862537,-16.2772315502089
"SOCS6",-19.9152727466059,-10.0142663163127,-11.5146182822496,-12.0809944769679,-19.7266618118097,-11.5384914503576
"SOD2",-7.59612360755523,-18.9269713811966,-8.67277977955215,-8.29894370928791,-7.04142103316016,-7.65421761408901
"SORBS1",-8.05069312177198,-18.4373169169621,-9.48899978095849,-9.83903154296598,-7.92339625513451,-20.246648048826
"SORL1",-19.6185251313004,-9.90635636753674,-8.29975426441784,-8.38147261650554,-8.50622866260312,-9.17453554280526
"SOS2",-11.1513684272018,-9.26194144834077,-12.9952390638283,-20.546637545822,-8.53257003034665,-10.4992578257152
"SOWAHA",-10.8966124566213,-16.0113201841364,-15.3810627670381,-16.006042605227,-8.48234600720446,-15.9036770961062
"SOWAHC",-18.3509168989095,-18.3139559598552,-11.359786091364,-10.2356371852983,-19.2584496083274,-10.3686358927407
"SOX4",-17.7697530992762,-10.4780147565265,-13.4646163554744,-10.8513485824089,-9.75392880908324,-18.2994200242192
"SOX5",-19.7721043410213,-17.7452200089328,-10.4206835395602,-11.7177171261233,-19.0455366135641,-10.9853955870193
"SP100",-19.5845984514144,-17.5851441955275,-10.8191716533292,-10.0023293035896,-9.54983128791816,-11.5451510331094
"SPARC",-6.36179281627762,-6.3168025839405,-5.43449145266964,-5.38831049827567,-5.44964452206595,-17.1172792600785
"SPARCL1",-6.27392547649242,-6.88523274171081,-5.68617518650047,-5.66022375961539,-6.70743564524424,-19.1025065920457
"SPATA13",-10.3011495206785,-9.70548748032245,-9.97408864307775,-10.3293107262174,-7.81891913412776,-19.7058570188481
"SPEN",-17.9505972846345,-12.0134468574886,-9.60642139313948,-9.04987454079346,-18.8626617025642,-11.0883017277297
"SPIRE1",-8.66869517884593,-9.50497769235862,-10.2453755492134,-9.83832056864215,-8.09382301753731,-11.3291053421465
"SPNS2",-18.3698785912991,-18.5274425348715,-10.3738359949504,-9.15899136106509,-19.2713875317483,-18.490610851334
"SPOCK1",-19.7259325665932,-7.93116152609431,-9.63912043228762,-9.00286160043893,-9.50701934512125,-17.3659406950792
"SPOCK2",-8.4868201039211,-9.38263056317896,-8.79662913611225,-8.79959481215241,-9.06725802960035,-7.75458676607905
"SPOCK3",-16.8528268039278,-8.07720701956049,-9.48300064389294,-10.6356954404359,-8.99508792452185,-8.21850027707625
"SPOPL",-19.9118046579987,-9.97515931341042,-19.8826976344281,-9.76795765524747,-9.43481043794627,-20.9703338726135
"SPSB3",-9.88790307425251,-9.02993908574883,-10.9720569856036,-9.64051549366962,-17.410846410437,-10.1954318247231
"SPTB",-19.630250024306,-9.64152497346187,-17.1954845685084,-19.7795757690791,-9.76626334410709,-9.54788652760187
"SPTBN1",-10.9857028635321,-9.56497295373941,-7.97682709716427,-7.67281315563712,-7.54945499196487,-7.41524222572263
"SPTLC2",-8.48411492212323,-9.36797646106226,-10.7556057962315,-10.4047523524165,-18.3615991286204,-10.009148827043
"SPX",-18.8576573597256,-18.8858651187411,-9.29617146660511,-8.91904357737401,-8.15934986014538,-19.6990088438808
"SRA1",-8.34497881225978,-11.4249791452775,-10.4673553033337,-20.4131799566965,-12.932307211587,-9.04995480258525
"SREK1",-8.3951994131167,-11.5671973335606,-10.1912236470045,-8.93847599737422,-9.7521751628301,-10.4439784094585
"SRGAP2",-9.69778941819075,-19.6665868661998,-10.769092642347,-10.9466655497404,-10.4820544472767,-12.454301907001
"SRGN",-7.59182192145135,-19.0240435647926,-10.1684883852303,-9.3312312507561,-18.4700739761646,-20.3146415004182
"SRP54",-19.2915118037934,-8.97397383115718,-20.3825368972494,-20.2574963440768,-8.51853527471301,-20.6639195300353
"SRPK2",-7.97540466084464,-7.9637426277247,-14.4367561846081,-8.78815795486059,-8.06748608646028,-7.63526644227372
"SRPRA",-16.182500755147,-10.9123237130608,-10.2954118100397,-11.6559667623605,-8.27081175162431,-9.72439723918454
"SRSF6",-8.99174618171592,-11.1945637906851,-22.0442466267621,-11.8327982120796,-8.34716094970995,-9.90449033883443
"SRSF8",-9.2360149760447,-18.8022960757621,-9.44370061167212,-9.45516512802664,-9.42524642713247,-9.90163493093762
"SSPN",-19.5218266868598,-9.73028225693534,-8.87960514817067,-9.10930233338304,-8.41738768133711,-20.3302208285935
"SST",-15.2018223903864,-12.6510450801625,-22.9965609368755,-12.9747950785122,-11.4916326275936,-11.3988996017668
"SSX2IP",-9.61273893607098,-21.1477091256625,-22.5817612957049,-10.1733811621054,-20.114229526547,-10.4675246171533
"ST6GAL1",-8.190935453709,-10.6575260121611,-10.6956510138199,-8.80408014480557,-18.5614439174477,-20.0893101766791
"ST6GALNAC5",-17.2242153895921,-20.3121931576533,-21.5415563134109,-10.18031237477,-18.7801779513848,-9.58592634655532
"ST8SIA1",-18.0473591443266,-19.9506335541435,-10.304175333196,-9.99260223640164,-8.5470046337498,-9.25556674979854
"ST8SIA4",-19.9147912550032,-18.9843564573634,-10.5544519974307,-21.114702673304,-19.886672242651,-20.8536006292261
"ST8SIA6",-16.647270285912,-20.0067236599909,-10.4432603990893,-11.4935631283359,-9.50120408300197,-19.4684492948859
"STAM",-19.4451107573692,-20.221437341121,-21.5099781040209,-16.6306927165498,-8.6518326589047,-9.14422293449736
"STARD10",-19.3407210448639,-9.49392780590606,-13.3591508424972,-17.6465325188815,-9.53379543166732,-9.13124336036354
"STARD13",-9.33269715655089,-9.49998861928763,-20.2435346687739,-11.247038915966,-9.85827732350922,-21.7410912433453
"STK11",-18.0708914699314,-17.8680073879628,-11.158730403399,-10.5113638674403,-11.2498282894292,-9.19492780302786
"STK17A",-9.74898016330561,-14.7731993718465,-15.6587768475686,-11.0831654704849,-8.70819537721184,-16.6814051753458
"STK32A",-10.0055920947147,-20.1142058920201,-10.6370144199342,-19.0276861111401,-19.4537047987443,-10.5674068494999
"STMN1",-6.93172740873452,-6.69760885358761,-8.29509596638288,-8.54922792672677,-6.70626770907831,-7.79518871100882
"STMN3",-18.3163394722562,-10.0306723010551,-9.54265651290601,-8.72513803698733,-9.3156538063252,-7.2191549174811
"STOM",-17.6653521712098,-9.33768136705453,-7.65245302016378,-8.03651588931631,-9.13921373931979,-10.182651613248
"STON2",-9.03028602331991,-9.77936380655364,-11.3821104358298,-9.57298299679392,-15.1513942464735,-9.54031216228367
"STRBP",-7.97373014288461,-9.66428712220372,-18.7929454049668,-11.0327234230784,-10.7858811398938,-9.28217296578947
"STRN3",-9.87832349574611,-9.6128944975815,-18.7666668858621,-10.0829313108666,-9.56718303015797,-9.69638459426673
"STT3B",-18.3139220396008,-17.6633601057572,-9.94298104613962,-9.70164977163004,-8.04818035105836,-16.9976986567469
"STX16",-19.0637410249768,-8.4176216878914,-9.75783540051325,-8.89246077270622,-18.3062904989434,-9.5165444312589
"STX3",-11.3733971754667,-18.7203766468703,-11.166218708154,-20.7554840052804,-19.1503642191545,-9.45139814300755
"STXBP1",-17.8036836645334,-9.11309993232083,-9.82357648484276,-10.7016294591102,-8.66120750584849,-7.15979502126404
"STXBP5-AS1",-19.3250293088834,-10.8491375190543,-21.2753341655734,-20.4004688657633,-19.5298808722386,-9.75601052422779
"STXBP5L",-18.5673739481173,-10.0859571542849,-11.3341775898463,-19.9591468767209,-18.6165828349,-8.97212326407191
"SUCLG2",-19.1756329720335,-20.3053497629198,-10.3379514759793,-20.7950724594931,-9.80274291301145,-12.5316370446765
"SUCO",-19.5479659222722,-16.1706941720274,-10.3756236257403,-11.6606950145551,-19.6184007613331,-21.0683825938836
"SULT4A1",-19.1375837587229,-10.4314057844816,-15.5310000939965,-9.33076949679423,-10.1296676183409,-8.05862795828538
"SUN1",-8.50851696851734,-8.83146050943804,-11.8121997648861,-20.0706838991174,-9.03607947829578,-19.611277592908
"SUSD1",-16.8939539964042,-16.896213801072,-16.8916814440866,-9.81580791762913,-9.61643848054523,-16.8288001284818
"SUSD4",-17.3421360199542,-10.1199611033275,-20.2511924021684,-10.0030788638261,-19.5109183941281,-18.8420563478433
"SUSD6",-9.89907739004553,-20.4927910284665,-10.8437265896881,-10.1356289837084,-18.1181556650307,-10.8764165411761
"SUZ12",-8.62857960746256,-9.49624199184217,-11.1112746952042,-10.4350176816334,-18.8793981913042,-9.17163015429488
"SV2B",-8.7387118662574,-19.9932606722591,-21.5952992915533,-10.4272645700601,-9.19047704131843,-8.2256469810662
"SVIP",-7.67348576041631,-7.7843595450686,-9.40346779614504,-9.41387193009522,-8.60874457772568,-8.49128194635847
"SVOP",-19.0744462833475,-20.5960172291311,-20.9350820749162,-11.0458174737086,-18.9787408737688,-8.82775772608036
"SWAP70",-9.8588193319767,-10.2464751693621,-21.8382286474115,-21.3437471381419,-10.4766188083512,-20.395188839779
"SYK",-19.060255575822,-11.0104449862762,-10.6216602511608,-10.3206205933152,-19.8073869195949,-19.5255479169053
"SYN2",-9.4797311786512,-19.0419922534552,-11.5538406423976,-20.0510665677989,-17.9374401610055,-8.68739762201867
"SYNC",-20.2181124877292,-13.0174330623806,-11.1111296765297,-11.4669998141824,-19.8719259194247,-11.6871602227408
"SYNDIG1",-20.9740594703164,-10.8873989293787,-11.1561115110006,-21.8594508687013,-20.4070024888328,-20.8526299680473
"SYNE1",-8.73947960785552,-20.5110091747561,-9.92154111121054,-10.1546172363897,-8.52885555007887,-8.93244183667464
"SYNE2",-8.87793000739162,-20.8951061279975,-21.5802493342606,-11.2195805515033,-19.9734011163726,-9.86174017297665
"SYNGR3",-18.4431211179921,-19.1030553945795,-10.1725763660303,-9.76672575999188,-10.3465319933805,-6.85993791705334
"SYNJ2",-9.12890928075634,-8.24958733644057,-11.0542763847109,-11.101437288163,-19.9478827472788,-20.0203389954262
"SYNM",-9.51453939809414,-9.93007027112597,-8.83032729390895,-8.99392327646053,-18.1297147727418,-18.7599174003407
"SYNPO2",-8.43565513230359,-10.5153579275916,-20.8258515202108,-9.64922429996468,-8.65044340863717,-20.6355452626123
"SYT1",-7.25120334039603,-8.17945905599578,-8.69901862419393,-8.25088056399189,-17.2539767426837,-6.051282570873
"SYT13",-9.28166871002289,-18.4880585339131,-9.60710739467825,-10.9072280247597,-17.6962194232778,-8.27500484608172
"SYT4",-11.1309291215635,-10.3835425242942,-10.3105017324378,-20.9788649486374,-18.7781951573372,-8.13874626315409
"SYT5",-19.547484758651,-19.3277750996185,-11.3733805412885,-10.476648034232,-19.2505230335957,-8.85963829240594
"SYT6",-9.67968664108153,-10.7780971273311,-21.1802268556294,-10.8003661971076,-12.5199881537728,-9.94020803038783
"SYTL2",-8.38057488845221,-9.8160197799825,-20.5156236165324,-10.5815876580589,-19.2736503697072,-19.8820023800301
"SYTL4",-18.3411067930674,-19.1603708028709,-9.38053450434999,-9.36761292567712,-19.8671971802774,-21.5813160163486
"TAC1",-8.83276593061663,-9.06288843641508,-21.9979969422497,-10.7904620224238,-19.9621380927493,-9.35932510002138
"TAF13",-8.69663507391875,-9.26920406034808,-18.4740083491798,-19.805976975994,-8.07755853858928,-8.97140504239536
"TAF7",-7.60943982839861,-10.9403487350947,-9.528876358991,-10.4479956427599,-8.36499172968008,-8.29639657721833
"TAFA2",-9.16404504309335,-11.0637771035756,-20.8886946678976,-21.2025019570333,-20.7838283755763,-10.3047881345992
"TAFA5",-20.1737467057637,-20.2079092982344,-9.69640955226299,-9.37998417685662,-9.05612831011669,-11.2315674145762
"TAGLN3",-18.7013440253162,-8.49437045009989,-19.4786292906707,-9.42994706803454,-17.4818190282164,-7.60792307993341
"TAMALIN",-8.88746198125601,-10.2536641487935,-21.1794070097641,-20.5082265934082,-11.6992381695128,-20.8992095563855
"TARS3",-8.46458627914306,-9.32228290163517,-10.0741116809593,-9.37007830863881,-20.4942726710754,-14.2028778710142
"TBC1D4",-17.1658530396997,-10.0336209372927,-20.2435963355372,-9.30225578264063,-8.67057414333001,-20.1378536269971
"TBC1D9",-19.4210190429533,-20.172432462131,-11.8991768880267,-19.9443059336845,-18.9231731606331,-8.72738545252779
"TBL1XR1",-19.1452908215566,-9.92079246386477,-21.2264778115605,-9.3557557240866,-18.690092469648,-8.71212984384188
"TBXAS1",-10.1685515285963,-10.8250485666961,-22.5694150851744,-21.1397543423783,-9.69539793127269,-11.6937394837525
"TCEAL2",-7.75109398791056,-8.02697015822279,-9.08342846793845,-8.36752580649924,-7.7976116466322,-8.03908484403061
"TCF4",-7.7946668206977,-8.63165696675549,-9.66083822517113,-10.8495196360198,-12.3990170567886,-8.69497969293419
"TCF7L2",-17.2039004019242,-8.83789883379639,-10.2449947251855,-9.3211795294277,-19.1538704709393,-20.2644340257248
"TCOF1",-9.93234975033882,-19.937163539311,-11.2529802018291,-18.8184820306652,-8.88269793555794,-9.53528668089317
"TDRP",-19.1130514991188,-19.6683046306897,-10.5907964206973,-21.0277623309419,-18.2812702968528,-11.2702549026987
"TECR",-19.104420498534,-8.56869484891511,-8.39735806019739,-8.677779548856,-18.1742663781896,-12.043848313965
"TENM2",-19.3350806654992,-10.4155850406882,-12.0190218946666,-10.713540304211,-18.0918168200065,-10.5580415088207
"TFDP2",-9.51449066622389,-19.6265791563147,-10.1151739574653,-9.94793896634757,-19.1824932772148,-8.90421029060288
"TFRC",-11.7924864980064,-14.1507955140976,-9.80445844615253,-9.20317465953021,-9.34322094394786,-10.9602110309026
"TGFBR1",-8.90821716927134,-20.2457532013354,-13.0125913611333,-10.8778182162235,-8.96002923986281,-10.2457011401157
"TGFBR2",-7.74443242657133,-19.198511249232,-13.9017941195705,-10.3930930143381,-8.90645679381891,-15.8701108834323
"TGFBR3",-10.2289689417289,-9.95816996652065,-10.9331987709385,-11.8318479558781,-19.4822700264085,-19.7505566157596
"TGFBR3L",-19.2083840472699,-20.6729709192604,-21.5380640483192,-18.9573506754019,-19.9710187304036,-9.85564906289439
"TH",-16.6154730153258,-15.9587906113239,-16.1693481790346,-9.79688650009504,-16.6138774516272,-6.80891637544028
"THEM4",-19.2642824496932,-19.5611198357871,-10.7976414155407,-9.2284673934165,-19.0850131817132,-10.0944687228598
"THOC2",-8.42466968271378,-8.40331974735883,-14.6768748777446,-9.84882402554666,-8.62087132622068,-19.9592162219037
"THRA",-16.4701906783098,-7.79565731769617,-8.45389932297768,-9.15969813863782,-7.58158918043093,-9.43138524644289
"THUMPD1",-9.38287279552572,-9.09072829919866,-11.6674089395222,-19.2558964459063,-8.27842522587573,-20.0864145786749
"THUMPD3-AS1",-8.14196047189897,-9.64934076739991,-12.5872876053277,-16.7505524058601,-9.4598476693905,-20.338680915815
"THY1",-7.25376066672502,-11.7773568898684,-10.2810902686909,-9.85557155761757,-7.17988613843506,-7.02766631679182
"TIAL1",-9.98296070061751,-8.89858911657313,-9.89191599635644,-11.4146877658247,-11.4928029421977,-19.5024084614416
"TIAM1",-18.3992204310968,-9.57463767935578,-19.505707276856,-11.3247100805637,-9.17696156345288,-9.30417786217703
"TIMP2",-7.55871082904187,-7.72523933643129,-9.88077537437278,-9.34310628423986,-8.19118557692024,-7.90379426546702
"TIMP3",-7.19519372465011,-18.3282714230268,-8.24300035001045,-7.87733140731181,-7.9151302278481,-10.123338768354
"TIPARP",-10.3797790253244,-19.6176789277287,-10.3942061930935,-20.6085720689149,-16.8736011927386,-11.2374784912983
"TLE1",-9.94537598670249,-20.1018007412099,-9.92589446765017,-11.8309654131934,-18.3673352079786,-11.2808314456439
"TLR4",-18.9355180707093,-19.9223758958286,-9.52122143859807,-9.25989090219336,-19.291991275732,-18.5871327906171
"TM4SF1",-8.56412884978368,-21.3847189199152,-12.8733974441062,-11.1109826268219,-19.9456385800697,-22.3586243441153
"TM6SF1",-18.8623019426272,-19.6191797998229,-10.3542297588797,-10.2921000559243,-18.0922852037501,-9.59493900507752
"TM9SF3",-8.3253773693764,-8.91523411128687,-9.36167258891653,-17.1981931720639,-9.10224350223278,-9.05541195412183
"TMC6",-19.3817179221618,-8.8942264383704,-11.879698861153,-9.21546444661509,-20.6708806134172,-21.303011247923
"TMCC2",-19.0657466471821,-9.4569565167351,-11.1780206381285,-9.68384091274891,-9.38045843329259,-9.06816511269619
"TMED3",-15.1830124880861,-9.44639905105866,-20.3415765408644,-20.266861089646,-9.72594106060211,-19.4026148067299
"TMEM106B",-9.46482940109234,-9.04339584520099,-9.84912320580334,-8.94559787791308,-9.54024595362824,-20.0580700776897
"TMEM106C",-9.41875213357859,-11.0470957555291,-22.5983379995598,-21.3613111516131,-18.3387356511436,-10.6511857634602
"TMEM132B",-18.7286639864523,-18.5309607455847,-19.7042224288817,-16.0002325727671,-18.7388401090119,-8.44071874483656
"TMEM132C",-17.239759081233,-12.897872228782,-10.9658109156333,-21.5969913595673,-9.01644037737849,-11.0316245861935
"TMEM14A",-11.0417538655802,-10.0538913434854,-12.4215034130196,-21.0998737806274,-20.1416282501652,-9.76734197992276
"TMEM158",-21.1662634697328,-21.9580732286257,-23.0522191346362,-21.3884341031059,-21.0352811683673,-11.0873271698519
"TMEM161B-DT",-19.3538182060708,-10.8691259000011,-13.7918442727166,-10.373439961443,-10.2106902371189,-10.3302262630642
"TMEM163",-10.6378861460198,-9.65276208080452,-19.0204248638876,-9.81483156271902,-18.2631720970472,-15.0213283470119
"TMEM168",-12.6216840444826,-10.1966558294378,-18.8706741004349,-10.4396481682612,-8.15978181606636,-10.3854172909477
"TMEM170A",-9.07313647484183,-10.1413733028163,-9.51000314089991,-12.1343044177203,-9.24806408632614,-11.5541415580926
"TMEM170B",-19.3794646246591,-8.90999897110446,-20.6930635203767,-11.0939948317792,-19.3036686551235,-10.4591070548433
"TMEM176A",-10.7417011980044,-9.07061813707125,-13.0372626332738,-10.6399892144168,-8.47153656419201,-9.65163957052483
"TMEM176B",-19.3570824828224,-20.0137699223364,-9.73494847341008,-9.7964017389958,-9.40664275266894,-19.7955440870336
"TMEM179",-8.36525790521407,-19.7837761677116,-10.5761095396882,-20.5337923965933,-9.37780547270452,-20.079110645565
"TMEM205",-9.43342776394498,-17.6761292982885,-9.52218660522467,-9.82589505469371,-9.75887691080593,-9.20340303698914
"TMEM25",-19.4920640532163,-19.9040670755695,-12.8165138164256,-11.8139063410295,-18.3978224309271,-8.76341392002761
"TMEM263",-21.0778094293713,-9.93953013045367,-12.3429892263713,-21.3252460764472,-10.6554427417579,-10.8419696891993
"TMEM63A",-20.6401516446862,-8.33533965760342,-21.3793758827543,-10.3357916472923,-16.2385194233789,-11.3747578640935
"TMEM64",-19.1334932811709,-10.8686353310803,-11.215743637079,-11.7799851743508,-9.27840073794755,-10.0990820309256
"TMEM91",-19.1622021134063,-19.7930997934587,-10.2663519012743,-20.1355976260972,-18.4293310860982,-21.0127827316532
"TMOD2",-16.8425430650385,-10.2757285468254,-9.37845290529969,-9.23519521825243,-18.1582585702493,-8.48494325061188
"TMSB10",-5.66885536000771,-7.6329959797208,-7.16347064950409,-7.12779131891297,-7.43993407129756,-8.17958874577418
"TMSB4X",-6.46171386988826,-6.63295993998431,-6.16340529347819,-6.12202793867425,-6.30286973287675,-6.74918890574516
"TMTC1",-10.7121680713773,-10.8021907875629,-12.5993796497314,-12.9133903860067,-9.34267058919355,-11.1726354965032
"TMTC2",-19.4683302811451,-10.3519631063988,-10.7205736155061,-9.94165660991009,-9.12739458400239,-19.4044695769801
"TMX4",-9.46702807092928,-11.7728901696335,-8.3692114180855,-8.27719646779799,-14.8800630891997,-7.98081273837897
"TNC",-11.0895841635719,-19.7179687008276,-10.048354919959,-8.80767948046961,-18.5014283619753,-20.6888771692398
"TNFAIP1",-18.4533635794644,-19.9152019249375,-10.2890293444405,-9.83115268833162,-18.8471067999988,-10.1582907347614
"TNFAIP2",-18.571685029387,-20.0436735600581,-10.7370847707786,-20.9428121668941,-19.5799723217163,-19.8448693151832
"TNFAIP6",-18.4321142028894,-20.468178511132,-10.4001367530273,-19.5620594874694,-19.3120364643602,-19.6400187066445
"TNFRSF12A",-16.612353799767,-16.6220182528971,-16.6204877516496,-11.5696541474736,-16.6234015161211,-16.6186299869243
"TNFRSF1A",-9.85175960560912,-9.94456043683456,-12.1428073856767,-9.48730540560102,-20.5831481576476,-21.488302606311
"TNFRSF1B",-9.33872001160653,-18.1325552379418,-12.2676516640036,-10.5738837078442,-9.02171910244592,-21.782459972439
"TNFRSF21",-8.53963717932891,-8.76703713233404,-10.3616413068861,-19.6996558791284,-18.2914330164107,-8.72588604433866
"TNFSF13",-16.6192579528141,-17.9038929010363,-9.32143883910812,-10.0406338358068,-18.5131449684184,-10.9894712627386
"TNIP1",-8.46892623895736,-18.4966543833135,-11.0756052452024,-19.8475462165215,-19.4538589468915,-10.2734536495697
"TNKS",-19.3997626807257,-9.74041799352724,-10.3383122633709,-18.9487103540246,-8.59196212997983,-18.9548422293758
"TNPO1",-12.7935125440283,-8.95748705494447,-10.2854053234537,-9.37838653810665,-18.644377209704,-9.82573952686955
"TNRC6A",-8.26283708011669,-7.85882473259983,-18.2367694390843,-10.0243263338143,-8.12989938825455,-8.72284348880472
"TNRC6C",-8.93653369718366,-8.98199536109753,-10.337427110489,-8.92823954123717,-8.55247428441481,-10.7387252762794
"TNS1",-8.30851267374375,-9.87088975352708,-9.95790852763565,-9.30384664843606,-10.3447763416934,-11.3114373956651
"TNXB",-9.37842599491089,-10.393406789759,-21.3339558374613,-21.800886751625,-20.7070847498348,-22.3313927005931
"TOGARAM2",-9.62573829873778,-18.5554012740206,-10.9778015499847,-9.96783474558907,-9.06202010121337,-20.5401755763476
"TOX",-9.12978083802965,-20.1576914430106,-20.2837749261025,-20.9632685112972,-9.07402073254629,-10.7564714577613
"TP53INP2",-7.99746506653843,-7.79166390215482,-8.78628295914361,-9.70164370865673,-8.27841177518497,-19.4307876785398
"TPCN1",-18.4549177081787,-21.6987604908668,-10.418199711342,-10.7299198464699,-20.8563586647451,-22.2497516486806
"TPD52",-19.3149135695317,-9.17065798271024,-10.5223847843882,-20.0825514918561,-10.3554543555444,-8.96673005031296
"TPD52L1",-20.3430783949339,-9.62206960794751,-10.6984414519703,-21.3998936510886,-19.589534374958,-21.2750171465588
"TPM1",-7.57533113241802,-17.5111701051542,-9.91110269950752,-8.66724467875613,-18.4476360722203,-9.18547841254582
"TPM2",-8.72532561619578,-22.2450954946414,-11.2538532229001,-11.8273586486029,-10.8641921416216,-22.3804110833867
"TPM4",-7.82989036347553,-9.27513518708873,-9.99938535338932,-9.00131429445781,-8.6073702701391,-9.9719133237488
"TPPP3",-9.59894266622022,-9.22789940934942,-9.88796076428234,-12.1443939917961,-9.90659380983073,-11.3526467515599
"TPST1",-20.4914572655686,-9.8628417441761,-12.133876532349,-20.9823576696862,-20.0055823556364,-10.0427694158367
"TPST2",-20.5327935896041,-22.0513509426263,-22.6942172169344,-10.4806292271722,-12.2029268356304,-11.203589547269
"TRAF3",-9.15257193030493,-9.5870199774351,-20.2916393208869,-9.85634087361316,-9.81031290200053,-11.7110194114367
"TRDN",-20.0385454662133,-9.73650083305442,-9.05716208429514,-9.58998602355508,-8.70328676728328,-21.4768709857858
"TRIB1",-20.1162426053603,-19.4135634502085,-11.6003233722428,-10.4446398413653,-19.0984683923937,-21.2199765889562
"TRIB2",-9.98524906358656,-20.1202865012995,-20.8603306063648,-19.2597489347807,-19.035647440221,-9.68084998440761
"TRIM22",-9.77631636077939,-20.976966063981,-11.1231603866569,-11.0173756316352,-11.3875752107327,-20.8181235285659
"TRIM36",-10.4594531787897,-11.7735753475411,-22.1488797598191,-11.8406280183948,-9.62919962394434,-10.4362621784318
"TRIM38",-9.892356053045,-20.6069898163633,-21.4409685074366,-18.5179118171693,-9.84006960560712,-10.1608145703561
"TRIOBP",-19.5126273770803,-21.498990598125,-22.5951057995411,-11.2668568389816,-9.20294307599075,-10.1599223650629
"TRIP11",-8.83981590846288,-8.81532436911626,-10.8749475765326,-8.78682444738261,-20.0372355353105,-20.2585173982288
"TRIQK",-9.40114521660183,-21.2743469555202,-12.3982660428387,-11.0393617312013,-11.4691185210449,-10.7768656469165
"TRMT11",-9.54620482925245,-10.4008068208294,-21.0593633913044,-20.1676594194558,-9.93612383593838,-20.0993277582283
"TRPC1",-9.11496642198529,-10.6747410445204,-19.8302128535361,-20.4916409904365,-9.16762518108591,-9.76670359331173
"TRPC6",-11.2796096683825,-20.5759686483428,-21.1505016423959,-19.5033223594359,-10.0778667150973,-9.70797210696084
"TRPM3",-16.8338731636766,-8.71599465091721,-9.43466959369452,-9.48786879621346,-8.53721491772295,-17.9219505703193
"TRPM7",-10.2223749657445,-9.90343921751461,-19.911016915385,-20.111629467905,-9.68061408577543,-20.3819368506398
"TRPS1",-20.3130391033012,-19.7834458196137,-10.3681155858781,-10.2427738855556,-19.0249528436901,-21.97943286915
"TSC22D1",-6.72344356809498,-8.77679096784158,-7.55350561296918,-7.31955723127555,-7.68263619678586,-9.0536886709099
"TSGA10",-19.6636628155712,-20.7702469181825,-21.6298906555298,-10.1749522357057,-10.2238777873961,-10.9149265308892
"TSHZ2",-19.4421002169682,-20.539550482522,-10.1123405680704,-10.5805516364916,-15.011255175842,-19.9868951371446
"TSPAN13",-8.987067946034,-19.2270865705337,-11.1264388824299,-11.4096153746541,-18.3262901251348,-9.15528534429765
"TSPAN19",-19.792881994814,-9.44833895337141,-20.7349621874756,-19.3761438904443,-19.6622751675899,-21.0736716605521
"TSPAN7",-19.8707958451032,-8.41623453934272,-8.97001072421049,-8.80588818022342,-9.41487144723548,-8.22778570453731
"TSPOAP1",-9.21134678827367,-11.2268466263453,-11.1250641673058,-10.6034731569859,-8.85393476604561,-10.9939079949
"TSPYL2",-8.66227810435167,-8.68846267468708,-9.49477853620519,-10.3532200799103,-18.8352122960945,-8.18633634122225
"TSPYL4",-10.9396839422256,-9.9370252474313,-10.0173851568908,-9.60133254917465,-10.5441685984297,-7.92682751028432
"TTC32",-20.885193516806,-9.09953838808542,-22.4880249931495,-11.1148850870716,-20.6745036321292,-21.6038321268926
"TTC9B",-9.34049413538359,-9.63372242777047,-10.2623337993573,-19.4170225121449,-18.564457525734,-19.4672104074076
"TTF1",-8.1459754995276,-20.8430400969129,-22.4869360755347,-20.2777408328764,-9.47285960929764,-10.2445085142507
"TTLL4",-19.5966928569082,-9.11882245285323,-12.1701416625322,-10.7684933840027,-9.88810799715739,-20.573323620057
"TUBA4A",-10.598682611478,-8.59740711903954,-12.7260835010913,-8.52561586060685,-17.6937125414599,-7.42195851663944
"TUBGCP2",-20.7178737662263,-21.423967757211,-11.7326213224591,-9.50733728183651,-19.4707728530285,-9.67854616994914
"TUT4",-18.1728736089963,-9.62520707625479,-10.374304063921,-9.96712864997193,-8.98552835109232,-19.6242160037511
"TUT7",-19.1227442201476,-19.4991921908052,-11.4344354246853,-10.8886748580488,-9.16091535520696,-20.2533164186721
"TXNIP",-6.87826918504197,-10.9801176236965,-7.69833328700599,-8.07319358713016,-7.37773483404355,-20.4553338219946
"TYK2",-10.3377886121404,-18.9340133232086,-11.941329030111,-10.0631811639652,-18.7863454885976,-19.9623981393735
"TYMP",-9.00914603734696,-19.8625969800446,-21.6045640747714,-10.0803107071874,-10.1980249627835,-10.9383234693082
"UBA6",-18.6932080740731,-9.8480081800274,-10.3027416765602,-18.5662529317394,-9.6010208103632,-8.99591525776074
"UBALD2",-18.5690768980836,-20.184156299914,-9.88172264678556,-10.4260954642638,-8.99301317876162,-10.5045570115697
"UBE2F",-9.79031797602246,-8.57732686124407,-10.5176853257896,-10.5918600327764,-19.0753576409123,-10.5216643577496
"UBE2M",-9.14344426754774,-17.5597407829634,-8.65389945135245,-8.55054803567725,-9.94259936713241,-7.9677556771929
"UBE2Q2",-18.7102368299416,-8.85063622088956,-18.129868691096,-11.0965888858491,-7.58318436923384,-19.3757826200219
"UBQLN2",-8.52285525836233,-9.42443441582232,-11.3583368141299,-19.2391151476021,-7.67805846192457,-8.78751966805759
"UBR1",-8.29009772473995,-10.271042378114,-11.203199669353,-17.9719089552245,-19.6874691645659,-10.533855079609
"UBR4",-9.36556113814527,-20.192071613683,-11.860041925982,-20.5597508722949,-9.58516016618488,-10.8104813093774
"UBXN2A",-10.2000904776153,-18.7730715999744,-9.79568318621758,-9.13345770286391,-9.13393604152642,-19.5146580792569
"UBXN2B",-10.1746779620585,-21.3314419121593,-10.6666651448291,-12.1636423515864,-20.0461444203321,-11.6094268729048
"UGCG",-20.5051590880732,-21.5021840916556,-12.5181854957399,-21.2001342007925,-20.6247946680247,-9.60504500054551
"UHMK1",-11.1542669508307,-8.47918402571299,-10.4994541916349,-10.5428610793539,-18.1135988328056,-8.33425297441792
"UHRF2",-19.7011841496783,-17.3414386971645,-10.3625526529276,-20.2361244959766,-19.3243852902748,-11.7780056061565
"ULK1",-20.9180538428002,-9.92270573492498,-21.2293320392606,-20.1584516610175,-10.1409039111697,-10.5691929515658
"UNC13C",-20.6877428200149,-20.6119113288228,-10.6724756652664,-12.1830790330092,-9.59853015169728,-9.59791111499358
"UNC93B1",-19.780424461435,-9.70142651826507,-12.0522341508802,-19.559022794033,-20.0376247075307,-20.8076850850283
"UPK3BL1",-11.8240108213651,-8.95521120358691,-10.1434858003481,-20.5113435114331,-10.1527439987743,-9.82776973057807
"USP11",-7.93334035791406,-8.73758812284898,-18.7895054892408,-8.73231031680508,-7.83733750349121,-7.89088805120827
"USP12",-19.9503693601877,-9.76367761074657,-11.5392291940217,-9.30533450911118,-9.04164346187705,-10.8238589078809
"USP14",-9.9448554612104,-8.14883776501154,-20.1655197464532,-20.3866025058661,-19.8321458305131,-9.22342254959574
"USP36",-9.13598067823825,-10.6408471353324,-21.3066026162091,-21.2984177455679,-9.39498588432615,-21.6351650562568
"USP4",-18.3544672345114,-18.2091343748235,-10.4793737422883,-20.0839169773426,-8.48065629983822,-20.7875985258869
"USP53",-7.98987491069302,-19.3135512357817,-8.9090412231378,-9.09620771547039,-19.3007476485524,-20.0464929842505
"USP8",-19.546778008094,-8.52555950145246,-8.77300995938027,-8.646191515962,-8.99695354923579,-10.5956300406747
"UTP23",-8.83570930878401,-8.71414352917795,-19.8407003804532,-19.117419902049,-11.5488454318239,-20.1160815225761
"UXS1",-9.47335654188744,-20.220296117434,-12.5423032779591,-20.5784527012167,-8.81242580413501,-10.0348499064298
"VASH1",-9.81609980386043,-19.5773376606376,-10.8801086554434,-10.3968432522384,-9.62030836467172,-20.6687952595328
"VCAM1",-9.45535280971187,-20.4843487804529,-20.7593051186322,-10.0874303299487,-9.70193525675468,-11.2932001221394
"VCPIP1",-19.2325150036603,-20.3540616912859,-19.6043634375901,-20.1068000663332,-8.48342015665188,-9.32697297415049
"VEGFA",-8.92630311785874,-9.50659023118868,-10.4397543864588,-8.97825172622441,-9.74098646849169,-10.0364958810595
"VGF",-11.5176466544206,-19.9140189080678,-10.2424776233514,-9.65861364253192,-8.36246440412862,-9.43738683988389
"VIM",-8.19835685815916,-21.154718566521,-9.39649704890085,-8.81800345054899,-9.47429262653454,-20.5472376717356
"VLDLR",-10.5793991403771,-11.5587892831208,-19.9074798857514,-21.0868362598218,-10.6205573528521,-10.0398305575354
"VMA21",-17.6817044899111,-9.59240631788306,-9.63293827072354,-9.90584923567534,-19.580271816043,-9.43804379001937
"VPS37B",-19.6290526695573,-10.5228115515872,-21.6725746113433,-10.1215866403918,-19.838557401598,-11.1680254229398
"VPS51",-8.22927112223374,-9.17016755750893,-11.2030792150773,-18.8732830081316,-8.26054904234953,-8.87961766569493
"VPS54",-19.4952828631917,-9.85441350774765,-20.9329792535922,-20.2686099801189,-19.7315947764409,-21.227847583828
"VPS8",-18.7461639738712,-20.3815518935863,-10.2899763959571,-9.89447044128987,-19.5047745772982,-10.8112024905206
"VSIG4",-17.2709013467933,-20.0238887484808,-10.4739386745276,-10.1195823445216,-18.3647798331726,-11.5811814802685
"VSNL1",-8.80214142459534,-9.73696399356575,-20.5022577424775,-10.4423854005257,-17.9825694796072,-7.19298059633929
"VSTM5",-20.9350233241451,-21.9592780368437,-11.7539142365414,-22.1108051259341,-20.1936224641802,-14.1861982845045
"VWC2",-11.0650755596675,-20.3598326979021,-20.7685383701528,-20.6608968139824,-17.898219797942,-9.43090035791108
"WAPL",-8.95338072563202,-10.2063407403965,-10.3281820058404,-10.7021064714286,-8.53749107528958,-17.7347570989736
"WASF3",-17.1455184460962,-8.63408771966426,-8.49441149343504,-8.71173224271419,-10.0089307655849,-10.1153429594405
"WDFY3",-8.80441090000003,-10.3006844568777,-9.61287217330264,-11.0446462991518,-18.6373838806804,-9.57297547276834
"WDR49",-20.0712896764446,-14.6117014363845,-10.8811789442004,-11.5328463241317,-19.0877434894094,-20.7400171413867
"WDR74",-8.4842693423351,-19.7056333203593,-20.66093350382,-9.7289144635972,-8.60509244065988,-9.220981436178
"WEE1",-19.8859381387808,-19.0618262079772,-11.2545627846887,-19.4456261173956,-9.22135216858938,-10.4151342685999
"WHRN",-9.6185685228007,-17.8718131679344,-16.533531541785,-10.2869248896067,-17.4249371787643,-9.80267354500115
"WIPF3",-18.7065012141524,-15.725174363609,-16.6445838593094,-11.6699988810198,-9.04522149542934,-9.3540626072785
"WLS",-19.2537198514371,-19.8059385771221,-8.35945122889863,-8.36934942088741,-10.1434120051937,-9.10003217866639
"WNT3",-19.7333673819109,-10.3844589501009,-10.9449298042068,-20.658353998163,-18.5056208458801,-11.0490215473673
"WNT5A",-8.91131780808535,-13.2647153925068,-11.0095688067707,-19.368696989097,-18.9311573301759,-20.0076866051314
"WSB2",-9.1592936941513,-9.31019233064591,-10.1762457231283,-9.31979486409531,-9.49217478203281,-8.79086807465062
"WWC1",-9.04057416354584,-8.60917435997843,-10.5492545560714,-9.84837337481778,-19.1358014336884,-19.4744857371189
"WWOX",-8.5718587038085,-19.1230040802423,-10.2137119505651,-13.4774096738167,-18.6712227037388,-13.1599994470453
"XAF1",-18.9040360181773,-18.7955933594597,-9.42123475135121,-11.3784389857046,-10.4536011768119,-19.908006248519
"XBP1",-9.59916864724914,-13.9969208639275,-10.55074408308,-10.475004353998,-19.3983897403861,-10.1969024926777
"XIST",-7.18858651794063,-8.3075614061117,-9.06723959300314,-8.99817319831428,-8.43371672218427,-9.33895134618603
"XKR4",-8.85054226765599,-12.6889645324835,-11.0904074099767,-18.2993486632702,-16.4359527628425,-20.2139514606162
"XYLT2",-9.05284711784735,-16.5426815729093,-16.017149195013,-10.2488722857319,-8.91336324123447,-13.9154479611251
"YAP1",-12.4416227668103,-20.8237819584909,-9.94113547993269,-13.6820616362365,-20.8212198928974,-20.9724107126639
"YBX3",-8.99117156959067,-10.2252697646598,-10.990417726544,-9.57506262509262,-8.77361879587381,-21.4895600008285
"YES1",-9.69379381343,-11.4142264749351,-21.1859872456242,-10.1125633113999,-8.55030956134642,-12.0140025687108
"YLPM1",-17.5590425406686,-9.53653183366528,-19.043683246977,-10.7334328343156,-8.09375951392177,-9.38887747913336
"YWHAH",-6.62244906097752,-18.8910194084465,-10.6054948629017,-9.16536226679593,-7.99475716498413,-7.25093226360617
"ZBED11",-9.10989880562599,-17.3814529746816,-9.15917884563216,-8.93283344779822,-10.259555134405,-19.5682578577878
"ZBTB10",-10.2342497172538,-17.0488587738401,-16.8708039787652,-11.3261053507587,-10.5691973313513,-18.0188945953869
"ZBTB16",-7.86453443793925,-9.39378807743953,-9.3373166710642,-9.11309037432187,-18.5572190723616,-9.18935492078585
"ZBTB18",-19.7266933903251,-20.6005267853853,-10.4190312661501,-10.9222069289372,-11.4681994481683,-10.3377244467038
"ZBTB20",-18.5971936198029,-8.57208024282142,-8.63420406050795,-9.02045761836329,-7.45509443832488,-20.243758481116
"ZBTB21",-19.6065780696961,-10.3421834483434,-10.7938095178319,-20.0487818852966,-10.186367405189,-20.7123293897732
"ZBTB25",-10.2291408738839,-9.82051677857102,-20.4614987786415,-10.0742446177976,-9.33749274088125,-11.1345813759322
"ZBTB34",-19.3242513868925,-12.8178257334511,-11.1459819642097,-10.8583596633502,-10.8820401436188,-11.6719352681677
"ZBTB37",-9.92820229026974,-10.1574871237381,-11.686441589879,-19.6238824894809,-19.3614494860916,-16.8320286334734
"ZBTB38",-10.8828801750825,-9.07477560257699,-9.79949686680106,-11.7182095312781,-8.71518888817981,-20.4501479672244
"ZC3H12C",-17.7947739175044,-18.2142833767744,-15.0379337027473,-10.3371366259289,-8.74377641329095,-10.6121056625072
"ZC3H6",-19.4666810383234,-8.84155973339461,-10.0472511192143,-9.88157425700696,-19.7812175481697,-10.0324163657949
"ZCCHC2",-18.3460723350454,-9.79283044379851,-20.6742257264271,-19.2996554403028,-19.9968053008563,-9.55653187090343
"ZCCHC7",-19.9416425328135,-9.2938632931757,-20.7976645438924,-20.0543275619815,-19.3275216363391,-20.9870532416181
"ZDBF2",-19.4415195485938,-13.1476878769816,-21.8970883479386,-10.1026011267619,-9.23821460665039,-10.9676151427608
"ZDHHC2",-10.3457519513107,-17.6370845418973,-10.945220380866,-10.3522485399737,-9.32540489727652,-9.36021511319988
"ZEB1",-17.5287999194959,-9.27760657000144,-10.4269125714529,-9.72012527688884,-8.08976349369071,-10.213980454819
"ZFAND2A",-20.8829097485525,-20.0434206162024,-10.4512732191392,-21.3909200180219,-20.2559070299904,-11.0953612474555
"ZFC3H1",-8.3433830747274,-9.31131655207715,-9.72557303515127,-17.5374744331872,-17.7594999432209,-19.4841662477074
"ZFHX3",-8.09133229522569,-19.1796009801395,-10.0133398589949,-9.75978214420993,-19.6607994940407,-8.83113426915668
"ZFP36",-7.90060594101833,-9.66047629144749,-9.3289336156209,-9.50455147758282,-9.00411141570265,-19.5237592958165
"ZFP90",-9.38474317547292,-8.93842802859488,-20.8296557426299,-9.89420901757275,-9.37911508231329,-19.3473840294955
"ZFR",-17.8187658484019,-8.80094293621072,-8.41942113690981,-10.4354306009827,-18.3781907445492,-17.1178104428698
"ZFYVE16",-8.41477149928048,-9.38203296006568,-10.2928346820422,-10.8229717648782,-9.52696502156532,-15.1487576099696
"ZFYVE9",-18.9974547033919,-9.79965397522398,-12.0755644065472,-11.9807593666862,-9.88852280996407,-10.3815902400311
"ZHX2",-20.1156680732415,-9.62970621840449,-19.1793107611385,-20.4966116591629,-19.926297666884,-10.7740152398877
"ZMAT3",-8.90956082056945,-8.7442156814086,-10.1367929595274,-19.0336031529809,-18.4847152509806,-7.83242280472694
"ZNF160",-19.4578847256689,-9.38884913601048,-11.6414854162602,-9.96387460069277,-10.5604726066369,-20.1776529290971
"ZNF281",-8.91674313295921,-19.0908595207847,-9.5579538152888,-20.2851892519814,-9.98459012105219,-11.7962563171621
"ZNF292",-8.88451178893859,-9.28965863144988,-9.51027490642361,-8.97157687787114,-9.80192007690144,-11.5556597795152
"ZNF316",-17.6365629072433,-9.90151877839839,-12.3317785741879,-18.2636821344652,-9.02845871193386,-9.75190356198466
"ZNF331",-10.2118611362069,-11.8607574094644,-10.4656905668143,-11.0455962037245,-11.2875330840799,-10.7991036589513
"ZNF358",-10.4504440855053,-20.3471510215506,-9.6638986108932,-9.25180228430844,-8.43490831165249,-9.99451089436914
"ZNF365",-19.1839482367564,-10.0187458105345,-11.7081909294716,-9.9279511698896,-19.5846245295842,-12.0503826226472
"ZNF383",-9.80047396795538,-20.8429916400044,-11.5852873253694,-20.8238271473544,-19.8897043956416,-10.5093142227471
"ZNF385D",-21.2725955526847,-21.5131106489233,-22.7195671124863,-21.914740733892,-19.7049951360341,-9.89643683941382
"ZNF395",-9.49440145189747,-18.387057773161,-9.98234432569274,-8.6434918918362,-9.76556877040351,-20.0126405970176
"ZNF438",-10.7782308151202,-9.53051578772197,-21.2638360751847,-19.9944569594632,-19.1786571539203,-20.8845230531819
"ZNF451",-11.561399022186,-9.30724248579689,-21.6580584062543,-20.7770583304132,-9.2841986512548,-9.79252369245631
"ZNF483",-8.10506543848542,-17.5419514232254,-9.7001799231873,-8.55521972121377,-16.194982852062,-7.68829594469451
"ZNF493",-11.9291381870073,-20.2569442258716,-10.9990135207804,-21.1238958008185,-19.9699602736808,-20.8323169607306
"ZNF507",-19.1305386736894,-10.2750042356455,-11.1092246729514,-12.4707021297363,-19.7344388182296,-10.16035532723
"ZNF529",-19.4943768344496,-8.67424411512085,-21.0946837443812,-18.303319943495,-19.7109976553997,-20.0096792662873
"ZNF638",-8.7632549983484,-17.547313463692,-8.68913112689642,-9.75179117777211,-16.6166736421938,-18.7978543312818
"ZNF721",-18.9091289174486,-19.7659210904914,-10.1288665841389,-11.0724211586896,-9.72140610617484,-10.2089739276216
"ZNF737",-10.1313099897384,-9.83049787607871,-21.1919838738554,-20.3131541044684,-19.8217708295804,-20.0949076164019
"ZNF766",-19.3364076789779,-19.7157883629064,-10.5345586218087,-10.450137154104,-15.1677008852799,-9.85379921475798
"ZNF770",-9.23075759858969,-20.5164919385641,-20.1302249418754,-10.9946062916707,-18.7955156164958,-10.4772729239383
"ZNF821",-9.86290325077608,-14.4159208748537,-19.9274748980395,-10.4690881327843,-8.84361610734966,-9.64861596623207
"ZNF91",-16.5550561022276,-10.2203094122048,-9.91135435354212,-11.3763207477321,-19.6316282430587,-9.16541238121373
"ZRANB2",-9.01740464624499,-8.61127201725522,-10.7851452931091,-9.38317568293473,-17.6972100319601,-8.43036049396513
"ZSCAN16-AS1",-8.63654371301732,-11.6471064416198,-9.11314434934549,-9.82950539311813,-9.61075356998103,-9.26098194273332
"ZSCAN18",-8.6416494576063,-9.64969987647326,-11.3603348164391,-10.6044314555942,-9.38384105195965,-9.27299128187404
