"","Endothelial","Oligo","astro_fibrous","astro_protoplasmic","microglia_mhc2","neuron_dopaminergic"
"A1BG",0.874942120661037,0.66338962165382,7.91013475982342,150.613774626218,161.813406577523,158.195055540911
"A2M",0.324480867456433,225.780583514886,0.636665318874006,0.359897668722669,0.424134061934724,2.79185566188964
"AAK1",152.338840543019,151.057761321818,0.719378118515546,1.16288722999906,0.761747553583805,0.266676509863842
"ABCA1",1.75741652618014,149.000636614076,0.363699970715512,13.2199734225392,1.67241652960204,1.43775723898405
"ABCA5",149.28870421938,147.113673733081,0.546540376202141,0.554651970887043,149.864605560909,0.494895913509626
"ABCA8",2.1305416184819,154.132683572855,0.441599056256498,0.656164137470348,1.45079741777236,150.980305940207
"ABCB1",156.297577757545,149.672555181257,1.05443593107721,0.633150016662665,152.601577393972,1.65373965274023
"ABCC9",200.321317837954,172.444014752554,0.521754230871916,185.759880155341,185.087511909784,187.778128511241
"ABCD2",67.6724025306104,56.3750843471976,27.3080445926138,1.10219437895159,0.509158727242295,1.00008805390688
"ABCG1",0.976323610836442,148.187958342451,0.688311638020878,6.19143762081404,1.18194399150905,2.20552936234589
"ABHD5",0.79398822610214,152.717075203151,0.903172433727624,0.397165802646399,152.920888393834,149.589192004947
"ABLIM1",190.591707715156,186.891822583775,0.371362721748815,0.595140484330776,1.37113535648168,0.311540803264415
"ABLIM3",0.772624755281489,155.660624364622,151.586603820408,156.40083665475,0.700963689273798,0.538414084978156
"ABTB1",150.630527304871,2.25553145885181,1.66836155313572,0.922030776581879,3.12571209368734,148.53476938688
"ABTB2",47.9690473230484,27.9279619203506,15.2124100872002,0.880720386756503,2.62629803238787,22.1093801168874
"ABTB3",211.629341696682,2.52654839858309,0.84709135194408,208.37808800951,211.349452011786,0.67626320804574
"AC007952.4",0.729587331349285,0.42173758095486,149.144135774826,157.435321805425,0.564111446017192,2.82743648579442
"ACAP1",153.710000235679,0.63471708195853,147.887732841667,2.73722747619233,152.448865581346,1.15649774033316
"ACBD6",220.901710601546,2.26729547136845,5.14830496681079,1.62881536631035,0.648945069468723,1.96034773687104
"ACKR1",0.738050638788666,11.8836686269734,33.2937937244445,1.04269483793246,1.51163104335583,50.5607569509058
"ACOX1",4.11974033779972,0.381599667297869,148.665307565254,111.227449483235,38.7954696998569,0.684242572296587
"ACP1",4.87304949451593,0.791939281159654,0.80356920318578,1.17724460247084,1.28417040821553,2.7787968588046
"ACSBG1",227.781806475738,0.467536519500584,0.445002342029886,1.69265788235754,0.788080962107016,225.676434975816
"ACSL1",1.0000680528067,0.803704823074812,0.507460560637295,1.50125259402649,226.318611702638,242.634505480016
"ACSL6",212.027851530191,3.25466234048982,0.977761639605992,1.55011091492485,1.3993376403024,0.428065954819245
"ACTG2",0.395389999291147,15.7642441189206,8.06839327360944,0.58568616839327,24.761144563733,12.2153195652682
"ACTN1",0.519445447211457,150.716712210217,149.8978731821,1.36122498388096,0.570387599123153,0.473466292320281
"ACTR3B",153.665244447263,2.25829275291921,1.20113091860404,150.036766819483,156.427962006615,0.696146041647824
"ACVR2A",166.205723649023,159.05004020136,1.05280872991235,163.630742771179,0.725798349558733,166.8553820103
"ADA2",205.793144311682,207.166980287731,1.903387784006,1.28285429733839,207.405519561439,0.737994619022887
"ADAM10",218.952060007539,194.814514817108,0.334176105444931,0.583504375946424,223.525281940971,1.11364953116821
"ADAM17",0.599803646117855,153.337647025337,0.44009709419677,153.534831180154,160.488084893337,152.55092367567
"ADAM28",157.220972199013,156.007054722063,0.996765802887366,0.872985379062313,0.869931336007283,151.030270201026
"ADAM9",4.3538654202996,152.935407073327,148.630168805721,0.613258407408284,156.666858930565,0.512110747931157
"ADAMTS1",0.449114089894697,0.734524599470454,2.15157929254407,1.42871114202084,12.8369746169939,7.70176848848294
"ADCY2",148.770397701341,0.495213816005997,0.487242220586845,0.48675718520822,1.10121014144484,1.57077760504118
"ADCY7",2.38465335567676,0.5826944923434,150.101723100665,153.805102820542,159.625316938121,0.574981541914159
"ADD3",0.44028702787481,3.47815964188809,0.232805049654397,0.545415327854089,17.1906371497061,1.07763593894594
"ADGRB2",7.83022675358527,148.027442887826,3.95222511329379,1.07967381643096,152.712253233562,0.49734370304333
"ADGRB3",162.828068387526,1.13635436584936,155.316966058102,152.873800117621,159.868132430021,0.465510328355699
"ADGRG1",1.27389660232064,0.602700187379688,0.458347048627916,0.353188992426781,6.75316988981671,250.141971959497
"ADGRL2",159.371143166786,153.916194869985,0.993297718323072,159.321003128656,0.716711038177005,151.090115287489
"ADM",216.861167974713,207.357025217862,0.244383919848024,0.674676012589466,222.934859163451,217.039386164549
"ADORA3",153.183753207874,5.44375402163479,141.280073991385,0.97497005403774,0.654823965356702,141.700379072866
"AEBP1",4.90335802223966,999.999025781717,0.35018486714583,0.692473085586864,0.630779365220014,229.165848034132
"AFAP1",1.48100674019768,1.37997402460876,165.544501684433,22.4521277642062,3.46729792204523,3.67382572642855
"AFAP1L2",0.877709852425567,1.07923703869275,63.8964383130876,191.115516236002,177.918439226139,1.40654389598751
"AFF2",155.823997406101,152.992369848611,1.09811643010806,151.734843865581,155.841490162476,0.956688264597019
"AGAP1",231.180732969352,252.570291198465,0.46256233322526,1.42394273345997,220.854073830087,0.638237210723478
"AGAP3",229.740763490105,0.679567005340206,220.510167398445,0.466479058432336,227.331866345754,0.267257342451327
"AGFG1",204.78248741191,217.048138565442,0.732332945310761,0.949442825850152,0.419724821205227,1.55837364228363
"AGFG2",207.594090745368,4.02970240210184,193.234347531649,205.798542698802,0.550480874597944,0.761772721563475
"AGO3",158.266361477471,0.79580239764319,0.619766394522401,149.198958630402,159.688169966748,153.971652865156
"AGO4",0.7647702597164,152.385229495699,0.653665099441347,149.315133622034,154.086274615592,150.515352907759
"AGPAT4",155.691577252856,0.303727488533642,150.611162653464,1.47569761404826,156.529631000367,152.298460240063
"AIDA",1.49245374843587,219.558885782996,0.678971543028548,0.739093568178676,213.482991341193,0.441633208808799
"AK5",153.656938163076,0.674126588295314,0.710211528944732,0.854551869806365,152.065803354901,148.734632109862
"AKAP12",1.79070005136893,0.925709412636851,0.34890336296361,0.752417465901377,8.05512994907176,0.28136588674837
"AKAP19",152.792427816031,150.113842960361,0.515683262647797,1.68272644164058,153.058072992636,1.29586287851538
"AKR1B1",0.336372438667714,1.60931964746772,0.51188885994721,0.657719679243035,217.013575526673,0.476919958019906
"AKR1C3",12.931667004153,0.546802598619176,194.250841134043,0.541818078765422,198.695962896111,198.109549749496
"AKT3",1.66949090209121,0.793937567624727,3.50175835033345,150.610580196609,0.478061812526284,0.741976662739336
"AKTIP",201.770167677459,1.98357403588366,0.524884443512298,0.964495694739352,191.213983905192,1.91219575176541
"AL365361.1",217.612227511248,1.33191284697499,2.82505337739565,209.93381268406,215.277924770604,0.955397495496813
"AL627171.2",0.770965673668853,0.418578757561703,0.146084391448574,0.270809618248094,0.924038961381951,197.045029784428
"ALCAM",12.4184157078012,0.563281460335894,2.91689014937887,0.690563538327294,149.553605984615,0.234782490340812
"ALDH2",13.6096257432234,0.412246829422302,0.25378144258534,0.288175399592703,258.941737369332,1.50985944384332
"ALG13",152.940182284089,2.57558767400456,0.554937308610566,149.677238370049,158.161007711499,152.4144459263
"ALOX5AP",12.9169049980233,1.16958706311795,0.919938267740741,3.90826189857123,155.224620157495,148.86105139126
"AMFR",2.71032970522534,153.353992380966,0.373181906573267,0.470491108574461,2.22387154271189,1.07713402388296
"ANGPTL4",1.36178561822521,1.18079567086685,0.314677548052396,0.752234028465905,0.760486292718988,215.556608190988
"ANK3",0.773490714164941,0.847414243331948,0.453173900370481,1.9891165864289,1.73415429507065,0.804061146068838
"ANKH",148.753547173184,1.7677039842726,0.811689615919271,0.576981027486131,0.683399359482392,0.56499047949661
"ANKRD13A",152.681180279129,149.322388945498,0.672216009389557,2.52789841066514,6.443606143208,1.14357949062104
"ANKRD28",152.047307286345,148.950051640131,0.733206207508833,0.977294318933029,1.49907910391681,0.828176416615146
"ANKRD36",215.856026029356,9.86123036131936,0.834489402273625,0.96284764968224,232.703629738646,5.66027971236826
"ANKRD36B",152.974541328924,0.597434466138448,9.48700820601163,9.70848714755293,5.23186698043111,148.567738643802
"ANKRD36C",1.84107917770832,1.08869600937887,0.959625947841848,0.636654712155859,148.851476208995,0.694674694008653
"ANKRD50",153.11534405574,3.67401989976222,1.90281402263908,149.992187357434,152.964309695899,0.963352062324191
"ANKRD6",1.13564147503877,150.472395002664,0.469590741675892,149.837032119188,2.64853012162842,151.581381898093
"ANKRD9",156.753458718632,0.502955908254926,149.043847041718,0.714774093450733,0.939812165304126,1.14681173986743
"ANO10",0.94275146912852,2.47907577455812,148.773841049894,0.517082753908981,153.16348110674,0.561077397042025
"ANXA1",0.679129474544764,1.9659415900353,1.58915524179103,1.5108386513218,1.73468445690659,218.802256302171
"ANXA2",2.67517890945395,149.980420976222,0.419847377996497,150.322249648145,2.05253671988098,1.4305602981179
"ANXA3",0.563603636742497,0.697216491169269,212.052199785734,215.753583107938,0.856115279181267,213.953105752516
"AP1AR",212.502284417628,1.29183657866344,199.37618882082,0.55800916432849,210.254287577931,1.61860103637852
"AP1G1",0.878283573071997,53.9608216959955,146.409788988454,149.871195334403,3.71017374906062,0.37508775090825
"AP1S2",149.46410236266,1.45298006427903,0.553655217128501,0.542356889020781,1.95293648588153,3.52692948349336
"AP3M2",230.079856704717,212.874991876339,0.666890590531347,215.064836810585,14.6568374183321,0.369222068073122
"APBA2",147.312137756891,0.721978576434238,0.911173525386998,1.75086843764074,1.53461370257433,0.776183170047055
"APBB1",148.174957569091,0.470979955658805,0.472291341711385,1.04304838114824,0.657722751901618,0.283055800699962
"APBB1IP",4.25932495128777,149.301381418526,0.659462885324512,0.72042786957197,0.836974757916074,3.20483286630717
"APMAP",0.64625597311883,1.8311460925533,0.768657164313009,2.21362333401802,0.968229237243616,0.639876302022101
"APOD",0.540410273528753,0.613417770177727,0.15267386860454,0.208423586818751,1.08187074302645,182.105342236086
"APOL1",0.559102359037399,12.5148572982712,6.66462773240631,1.9680025805947,23.173654476774,9.84034955352534
"APP",26.8573444520519,0.375562772001187,0.30830047228574,0.326106622817014,0.67089659577458,0.212468181133572
"APPBP2",232.865203606672,1.11454718059268,0.872636267521927,19.3928606616701,0.591846447812265,0.820284120755703
"ARG2",1.45782267805308,196.459459588659,194.280131999821,201.93351657861,187.772743978507,0.623854483015059
"ARHGAP12",3.11340468199911,7.35095902682695,1.67862283374391,0.512119223569968,148.89611910496,0.468957540131917
"ARHGAP22",1.99640824978322,186.146220945907,208.776706100454,1.49913512950976,213.317916069264,0.625403353826511
"ARHGAP24",214.789464272644,203.849292845154,1.93008542953085,201.560246076667,0.488055396172273,0.911626702571179
"ARHGAP29",0.447266383017286,2.35426727335486,2.30283283390207,2.45194968451133,4.70296888594192,133.739641690613
"ARHGAP45",156.190712710223,152.014686144984,0.617129403975709,0.878973759861245,153.646616436606,150.434051314603
"ARHGAP5",0.533228964810159,2.49237764664747,0.276149200442737,0.90458350781772,218.425461394505,0.534344246889383
"ARHGDIB",0.745739010166984,221.08836323848,0.496192278390772,0.920645229458926,1.61284702911748,219.471591917892
"ARHGEF11",222.360063253826,218.490823863446,216.13137744063,0.524768116081512,0.803042564600144,0.470344948605952
"ARHGEF12",0.998698953031207,0.938456696827513,1.36050503284011,0.541508957104239,149.634171106265,4.53672747079875
"ARHGEF25",0.998738457063419,13.1377692418583,9.43336573796043,17.2127571664238,0.492837005616613,14.6530903612338
"ARHGEF3",205.611097667316,204.905081143806,0.577409921182848,2.10782797184711,2.34555636178288,203.032613958098
"ARHGEF40",152.728112729467,5.4798994578602,1.64356642052581,149.226364036696,1.65621295625369,23.4262434198828
"ARID5B",200.416635000326,0.247678828414538,191.472514073601,192.234559345224,194.169399905617,196.596672422348
"ARL4C",0.690598804359203,150.92268571732,0.830760940582094,150.696191708367,0.910810738767179,0.743310572594929
"ARL5B",67.2635258323665,71.0941785475624,41.0171266122715,56.1193873663757,0.616733186827066,0.517606507391133
"ARL8B",192.680645675996,223.48271582843,0.414940574468599,0.432167952921896,224.193512100634,0.540181648383701
"ARMC8",203.004558896372,201.992786739526,0.345319373759012,193.699443718205,1.98563682746529,172.985447097003
"ARPC1B",0.569552942952728,5.64160258839164,0.817238637210139,1.22865512305401,1.3257572798393,218.133974496358
"ARPP21",0.65110492865676,123.423222001138,123.054172212151,116.543027960073,132.629811923237,2.98882244686892
"ARRB2",149.806257356266,0.790131530266622,0.881105553703573,152.607957422799,153.358380887674,0.691988411314796
"ARRDC2",224.908191484817,0.707157387718599,0.555832847216265,0.793166828603786,224.904024054325,223.445815276215
"ARRDC4",187.555693154362,185.132951549017,0.568152485252415,184.577097576393,393.877341743195,186.798474958686
"ARSD",1.61203948202651,151.295586770614,0.451958304535068,8.99726270403249,155.728753218064,151.905701862066
"ARVCF",5.03241230476984,224.116036901797,0.308120693422457,222.629466054928,226.812509882518,223.695776655309
"ASAP2",5.45729133952217,72.3272480453266,0.63551616652076,0.667427651091563,1.12172115101197,212.883544447183
"ASH1L",0.523297403089731,1.43583306373362,0.273558782438402,0.424440201619388,151.582219483693,139.135629291992
"ASPH",1.42296070451537,208.855354201972,0.218204093733277,202.010572411381,0.650388730575712,6.29982301091778
"ATAD2",138.601013269704,0.563509734539244,133.631225359275,140.817940005789,13.1491139822852,139.063675268531
"ATF7IP",153.925063838081,1.57838065455916,1.03000863625364,150.121465724778,0.74837110511977,3.78589601802561
"ATG16L1",1.02270352167599,152.667071243305,152.260340693324,154.406817849666,158.355117402902,0.523829633316857
"ATG5",0.817820871821328,210.322737954664,0.47327516961292,1.18087482895739,347.776989701358,208.157982473446
"ATMIN",2.73139025267431,0.901210371582542,0.51758219502779,1.43110689128688,216.240080694949,0.773453242028761
"ATP10A",0.533586267923727,205.215205797388,0.732550815468018,207.012393692729,209.263032588672,207.957358157338
"ATP13A3",14.1867181061421,1.47385972434316,0.619910214823432,198.135661865492,1.37880983545574,169.350952660054
"ATP1A3",5.19893515280565,147.077867079112,0.461578237816026,151.12217889665,0.626086635398527,0.165579065419879
"ATP1B3",1.4571460311182,1.00168867487244,0.585341284179263,46.850752700054,1.04019143975265,0.612351733138589
"ATP2A2",219.991529382292,0.697513713326656,0.936281659998924,0.760611321143257,1.11976222866045,0.507738225068857
"ATP2A3",160.541862918857,156.071531973065,150.581989138675,1.30339034421143,158.741288644452,0.405988050091155
"ATP2B2",1.40369754164205,1.28083084499841,0.799011190065102,0.56279090559104,148.827380133972,0.445394438482388
"ATP2B3",1.01628706504822,1.19637852965934,198.453075700103,209.378637316185,209.712776078651,0.785510006443968
"ATP2B4",153.046253762836,148.863330940659,0.3581013054193,0.85600164393652,1.80840390418943,0.57439677742183
"ATP6V0E2",1.77966116009242,0.91302446868638,0.56109272122151,181.243620745894,0.426413407405322,0.215513342518236
"ATP6V1B2",1.38533251320958,164.123581734862,0.594089078920638,0.986751309625045,2.39499586228955,0.160840322554673
"ATP8A2",0.5802761198533,1.10391035556206,220.7426268287,0.87113073529581,223.694832054009,0.409080336584111
"ATP8B2",0.923459193787363,1.16381066769483,151.115185923304,154.838920743166,158.176272205155,0.982864906078554
"ATP9A",0.987121819008468,0.499180459819876,0.442973442005751,0.92963680386795,203.630434949774,0.276151169095574
"ATRNL1",156.369792152746,1.97072473227051,147.603385228249,2.62345684745403,1.78629028140494,0.788128213150284
"ATXN7",141.105381467994,139.423914880045,0.944670416035321,140.340182520166,143.889965105655,9.08881450520829
"AUTS2",0.635575679437174,148.302101067947,0.341120631953043,0.475923937012086,150.702093135074,1.17211737999876
"AZI2",19.6601235167828,148.727786201645,0.507229624903759,2.0770636115612,152.403597015595,0.574833983177871
"AZIN1",2.55224622225147,221.351770668028,0.307772308633932,0.603507594285343,0.75750824998209,1.07499260226217
"AZIN2",152.187217912547,12.0420541408441,0.543365628275911,142.37380107214,145.468316706442,138.213536146874
"B2M",0.327364870385193,0.823290832669248,0.16737630479385,0.24783426436734,0.509242696323107,0.836437809498001
"B3GAT1",2.00764354744654,0.455312606299032,3.31482766804085,0.505990006584793,2.57393149690502,1.09275343281673
"B4GALNT1",156.105866291915,152.96697812712,149.141000474832,152.210453608672,0.745827760485319,0.5772200753035
"B4GALT1",0.647563529327218,2.49141934608294,149.301609473452,0.925194418365186,157.469166137353,152.692741280168
"BAG3",227.109062597352,0.62222827208777,0.297225125992091,1.28419821473113,1.23590861696835,225.863334078865
"BAMBI",0.855809662823862,151.157552270533,1.36126225004398,0.716982691036937,152.351797758534,164.633544554056
"BASP1",0.829318494660452,2.81164506089316,0.870741639031054,0.901273062568575,0.85604831771622,0.150804256315991
"BCAR1",215.640868031201,1.02635175752798,0.721297172887017,210.723871037526,213.082140142611,1.020023751675
"BCAS1",199.768881670275,0.302902601371469,0.192504190229339,0.253257759527825,0.687732379065419,198.919100892003
"BCAS2",0.894024209559788,0.962743291910141,1.05392387329117,216.41092427743,124.710945466888,0.990591212018596
"BCAT1",0.972129550007932,10.7242447014224,0.54088039435527,149.364145442667,156.797599583071,0.248256588296086
"BCL2",6.6720635620758,1.19191820531752,0.461994876877412,1.14533521787231,1.5604302233967,149.805381438458
"BCL6",149.923120084598,2.43761729851305,0.309167467689606,0.891673272195591,154.523075329784,150.647064378267
"BCL7A",156.48720126215,0.551943477252214,150.153979069683,6.91319817853513,0.7391657462307,154.375048481197
"BEX1",161.676233405258,162.423107871257,0.201891314378657,0.379124434000107,1.1511045711248,0.198157784286099
"BEX2",2.0982201148305,1.25373223276946,0.45906407167025,3.14207111741785,225.386602566431,0.295821754018843
"BEX3",0.690163243895028,0.371821497092916,0.402105266323018,0.375816145980469,144.680796398163,0.143465169816181
"BEX5",1.99257864776146,188.048604044149,0.539597548636494,0.533828967242857,189.623683101298,0.195454287761418
"BGN",0.337519467259169,212.066616573385,1.03962759315984,205.701984605283,215.202540246671,212.15502499751
"BHLHE40",13.7560049649414,0.669772032111057,1.00197336234552,149.793942184272,1.93891912121501,150.480382577726
"BIN1",3.91013411078417,0.410085281966736,0.321045036470975,0.494426095334962,192.348883616655,1.07734276976642
"BIN2",198.739913891295,190.436132399782,0.764617345032596,0.673568990833772,197.606920789551,189.84045726231
"BMAL1",0.945745717351864,0.85253675909297,149.481060422178,1.6219261119087,157.664191353541,152.508327022882
"BMP2K",0.485214291697045,0.382774756044466,184.748965429072,2.53496744839518,0.857423792671282,211.292815220562
"BMPR1A",156.720843434272,0.495441507301582,150.036723763797,129.396855351931,158.15124364578,0.759925387846046
"BNC2",151.915062012992,154.502585787448,0.706921123394444,0.560139512778498,1.2743071787937,149.91824957483
"BNIP3",1.59736870279391,0.895928816808246,0.340417750007349,0.321131078863946,0.896952660564117,0.520590616260536
"BOK",0.830582110393564,0.543953479839688,7.76165144493723,1.80103395064538,3.67811068155282,1.65551307497022
"BORCS5",198.023323420043,197.209823880622,0.427387566993995,195.120669873586,199.197192139823,188.234512477707
"BORCS7",0.644172186448833,1.5500908184753,1.23382360785252,41.0629542977558,148.178322754218,0.419953909610274
"BRCA1",3.54568405552883,147.674681591078,1.08723412355739,31.8485962304047,156.162164509905,0.590445362305858
"BRD10",156.164198659832,148.970125436204,0.308323490010111,0.473922641693465,1.21726812730179,1.16235576695092
"BRD9",146.677445295997,0.646853546531872,5.25142274947227,0.987795988461654,2.0614211587608,0.738858485580048
"BSG",0.744268565852405,0.40746837706736,0.31776881443139,0.312476531665822,1.22776439751028,1.01947815255115
"BSN",0.973520468384346,5.4588011265021,5.53712413452076,1.17397871959049,0.751618043998777,0.894493661833004
"BST2",0.725918659023538,0.736275220483309,1.12117666446353,211.937964542802,1.32547228525163,213.953295507285
"BTAF1",153.321948897483,153.343187816574,0.703159992051991,22.6727640688717,153.731121263067,124.095046090807
"BTBD9",0.756171223564052,153.344761554581,152.100988638577,157.887926259776,155.83824906613,0.330832125550495
"BTG1",0.523670946043904,0.788627134995057,148.317163180578,0.579422434012489,0.581717671977247,149.576537672524
"BTG2",148.91877414768,2.61682952155383,3.4193686333017,7.09925867647467,0.915657509281901,0.978710725494679
"BTG3",8.92977169097635,0.778452466792184,0.647049656519481,0.765657523827394,213.763266350723,213.598292659743
"C11orf96",0.384907324444236,150.681527927153,0.413989323699938,0.537650983372257,0.808314754738278,152.014417426183
"C1QTNF1",0.84908443028631,33.4487352215481,16.4487866126116,0.993641393979741,0.681756697086097,24.3282604291277
"C1QTNF4",0.447479831762895,120.685077847664,7.60601970381377,148.558143777567,0.529915455095982,147.12903219825
"C1orf162",153.632752546774,2.03007963182915,0.848997886527558,1.01103573625341,5.90250331015102,149.843283159215
"C1orf198",1.05460675625836,0.514307740139897,2.37623222421846,1.05389572808603,221.939110393067,1.91502041428379
"C1orf21",0.840055634044054,215.135804209033,0.230547223102985,0.593301719032177,216.524915663228,217.497926537716
"C1orf52",153.177710567747,0.451351205240094,148.399352571335,149.589807077832,1.99529566745009,0.391440789451935
"C3AR1",155.495230909782,152.878431978635,0.7401729397017,149.976189754563,0.751306002330449,1.55137201882026
"C9orf72",1.93078357048351,1.86811177895286,0.912921883061334,150.385433601387,155.813411304039,152.091118405175
"CA10",0.738844109769939,152.51381765738,0.674995632092695,0.618109760507217,153.774983330308,152.91069289949
"CA11",149.399638473152,1.09164638916925,0.454624286731878,5.17860183473618,148.64811279499,0.65035704134766
"CA12",156.007121253213,1.06052703016933,150.580997783836,155.756501959431,0.664203129153808,3.3153997211091
"CA2",1.90628699412354,1.3989967905148,1.40359687734023,0.984031992527198,0.467774280881435,1.01270102553684
"CA8",153.065477991792,0.821535660419161,5.00031989458424,149.713956109417,149.310095332284,1.01558907916712
"CABLES1",152.358995661992,148.33323590642,0.444030816692744,1.0032362225802,156.235607197594,0.948695814079142
"CACNA1A",1.6753957015392,153.102345101824,149.130494996043,3.15259538728013,0.707713105187548,0.292095510301829
"CACNA1D",212.785785466687,212.934693064822,0.469011872207943,1.80784089418004,223.276297645441,2.11393381245069
"CACNA2D2",151.023764711999,148.959293512245,1.77165975053306,2.21186609917358,149.690475251812,0.501110351200527
"CACNA2D3",152.966995378048,1.33030213179363,52.1633394088919,150.421533060738,152.577938509623,0.833170724738567
"CACNB2",153.473284136957,0.9716155647692,9.59807106694003,151.249766903428,152.685544820217,4.53466962642312
"CACNB4",1.02483499544411,23.4943104612787,0.652492335406946,217.325072772623,224.748732582959,0.449058051113153
"CADM2",1.59299066255197,190.944348243955,0.2064401549579,0.758789150661917,187.535704344639,0.215219603155616
"CADM3",1.28635117216061,199.192470046539,0.32334904670954,198.096695766745,0.96024017013858,0.411652453120316
"CADPS",152.928284413686,152.410332964737,0.9511269244452,151.670047108844,10.9836990624651,0.170942302370664
"CALB1",0.995451658405574,27.6801758099716,8.53772435308548,211.172080631093,1.46375041300418,0.298466910835903
"CALB2",13.1641820602178,1.10778575106759,183.967142868126,2.95577711719059,0.684372466475477,0.236541076779383
"CALD1",0.544321073157281,223.151021959279,0.27312578886301,0.397340808262992,0.814053898024567,221.5105627823
"CALN1",0.963699411735764,39.0794113882191,23.1476551464747,37.0786644586872,41.8775149783732,0.251265263590106
"CALY",0.388870753317764,79.2102291982392,64.4147534658666,0.603317320685519,0.553063651718074,0.104129519285893
"CAMK2D",0.520558523413877,18.3638047568723,150.256355898534,1.16866010186355,0.54098641723056,0.559731666252021
"CAMK4",152.953567953064,150.287504935236,0.514625097683074,1.74668094961216,154.023568245869,1.03449976145897
"CAMSAP2",200.368574731834,0.790740636571275,0.458882599267991,0.528025273464055,1.45276205144869,0.314378267401829
"CAND1",0.456367688286057,148.988031658165,0.917530660974977,3.88927755970327,148.881157817018,0.318091324624561
"CAP2",0.905185896180085,4.73212931341565,34.9807245419407,203.588960430851,202.071245940579,0.633595120563487
"CAPRIN1",1.31032665752128,0.627937503915986,0.939638381840045,1.2208026355019,1.54758318623171,0.87739588162742
"CARD19",148.755356350455,4.14226297392151,2.30446131988318,1.11261228583649,0.837641503556455,0.72972714562309
"CARMIL2",155.334584555393,153.764790824835,149.221712251356,154.9831806611,0.856769374713659,0.541264899790644
"CASK",0.684110601867174,146.390482321214,8.2684793461987,144.573817828208,0.475779779334556,144.49772953429
"CASP4",32.9542033838817,11.0780255773904,6.8753806308073,0.514084990023917,30.4991526099776,15.0495649718014
"CASP8AP2",0.839732528340709,153.42335079068,151.847258915437,152.755930590886,0.739101796142505,0.64674254342349
"CAV1",0.414350350186267,0.684470137240282,151.102167947001,155.835282470301,156.980257538251,152.56500751762
"CAV2",1.39029749783777,0.666075013185451,211.99546570165,0.66092698543389,4.41689924006733,2.64980732982186
"CBLB",155.813539325268,152.550601466255,0.557092093688407,1.18021243695955,1.20048248395524,151.60763551122
"CBX5",226.413865819656,224.41664501577,0.20568504519555,0.366870451725471,221.785795728096,0.917182574044158
"CBX7",221.845987659926,0.745208435676146,2.18642828161804,13.8889562708278,0.930412039798002,0.74177252948244
"CCDC148",2.0637384195269,225.654707359296,0.396041115476171,1.61915953411486,6.15508132099223,221.444361937861
"CCDC160",202.405510030998,1.52993430390537,0.781272053380432,0.761671305412579,196.586455107247,195.552900183253
"CCDC184",133.523744107765,129.191430745999,9.8945815358166,118.797134193453,140.82207500176,0.387080577210762
"CCDC186",152.545338256085,189.173853444976,0.309194958207941,20.0440927232274,149.277693533241,0.748600533859398
"CCDC50",0.380473969688877,0.483609404245923,149.682795225199,0.719096897037705,154.790357823065,1.11758439157284
"CCDC66",2.22877180554811,211.08656192903,0.433724220848742,0.845398638153344,222.444609357888,221.136294867474
"CCDC7",1.0817118988827,0.681490622452619,0.920459334479494,1.02343544676759,150.775536214689,148.989627046571
"CCDC91",152.807085529109,150.491360078713,0.218405080844624,0.471135824411479,151.168848475572,0.672380136648039
"CCK",0.958383787518274,176.778459147637,177.870146101047,0.726629600716698,5.50392762933693,0.165948823897904
"CCN2",0.44373806858907,215.375084703496,216.269606734643,1.7648753085315,6.73705742938819,1.25130218107817
"CCND1",0.755641725910711,146.564230772734,141.687848672423,145.233099748545,150.079060790783,5.56691624632468
"CCND2",0.542296838058373,3.89709272785694,44.3285978250278,0.550338455414121,102.015136390204,91.1705943506427
"CCNDBP1",151.49225896322,149.271346730186,1.37200287093731,0.418442862838128,11.3021730875003,0.458137531863053
"CCNG2",154.629367033354,149.159970693253,1.17244031671253,149.355979985313,3.38876757552111,1.86670899191704
"CCNH",1.01227066339381,0.560910797879618,2.43587696694918,1.41100827865615,2.95013866066958,148.669986076581
"CCNT2",0.644916682003772,1.77142603036372,147.518939977138,6.13191259059777,1.65500067158587,1.12168640958544
"CCR1",202.554276273468,206.780258143274,1.72045861878578,196.407568022523,0.564191137350836,203.496472816909
"CCT2",0.972836644062031,3.20320221788956,0.985424294642419,205.379351274169,0.665227328706212,0.348484873469447
"CD109",0.592592200491035,152.579522454527,0.892193899675071,153.63808915665,161.368759105522,151.396937632714
"CD14",2.30813413452536,0.609135979892183,9.49783010051987,6.5318827736878,0.55916832159,148.575342750581
"CD151",0.910985463393727,1.22989872879702,1.94676744424859,1.17294328848514,0.838489823652486,1.09165906171374
"CD164",1.15107000487244,1.36610881377283,0.853676984305681,5.79308450783837,6.05960182633459,0.401324798938042
"CD200",2.71546040327767,2.30544084813396,149.513645393404,1.63529312861856,158.751836837218,0.293416154108293
"CD24",1.0317425709635,169.569378686206,0.880815185985043,195.160991277383,157.08504764191,0.509788681500994
"CD2BP2",0.748689109101203,147.509523885472,0.471228607787545,2.7790995985866,1.61703610864712,1.0109217058775
"CD302",1.5912447801527,0.641417483337481,0.589985416827833,151.615017588879,3.11653040240775,152.411264409006
"CD320",0.769046763244536,149.042065279657,0.941554128318804,149.409867052302,0.855801374147857,1.1379263727436
"CD4",157.0238735556,153.197760089893,0.705918692743158,152.942263094631,0.807248473789669,152.739566581742
"CD44",152.384780690685,152.771455281924,0.244611197445644,0.888390283871384,0.852225315022079,148.751526703107
"CD46",0.76665518781083,2.50980120211556,1.15327140332533,0.695895746614177,1.06709008655183,0.904333961166927
"CD47",0.567805821547965,143.207361873736,0.579359534103468,214.087410361486,217.973320261657,0.334910189535613
"CD53",1.62989495048937,151.190223168307,0.857184827287921,152.892016654736,156.176200203087,1.52992087782471
"CD55",220.997705514538,217.465292342783,0.796868584345622,0.787290633501607,0.766571385507736,0.795853006450008
"CD59",0.258388179843278,1.4897073077615,0.999575188792313,0.553312157138274,1.4143025834781,0.306251037461566
"CD63",0.747939141804207,0.775220043690565,0.243695992999832,0.691069354461127,0.510910531231915,0.498890398525058
"CD81",2.87962415543435,0.973512138181396,0.131519882199824,0.244700994463608,1.84915207529458,0.443804014264801
"CD82",222.733587430511,0.440448849066061,200.180294532899,0.518125262085922,1.68445404867023,216.277181827769
"CD9",211.463403366126,0.682288481118402,0.653251891937657,0.423162443071476,0.774770396928762,999.99997299103
"CD99",152.758592890707,2.89483837075117,0.201917105749562,0.238971423673582,0.715993996792615,146.741040222672
"CD99L2",2.68129967924081,160.542796940405,0.263780072802945,0.85640027279788,219.003837921744,0.635080973881449
"CDC14B",157.289608761548,0.615655613365534,151.022979977775,4.01648259238941,0.788958451491029,151.775706898086
"CDC25B",0.659396080998711,1.54352293803591,1.25771505672007,180.480342281444,206.248952248322,13.3628329655192
"CDC42EP1",205.358884024765,0.880291047616589,0.589322434128548,0.542813738965688,212.831270758825,199.53515870878
"CDC42SE1",2.13059918167182,1.08416182585218,1.5478630515609,7.43290312987522,1.70780775314405,1.17634122278816
"CDH2",216.855790379085,0.891555513420404,1.18158344825165,203.079992115042,230.112506173883,1.93797037295404
"CDH20",1.12086342435504,3.68231960487262,0.647846106951224,301.555834229909,1.73188082408387,194.999600792723
"CDH6",0.81709069459875,207.960038810214,1.06010095432441,191.842581930699,0.607013718420886,200.852511414217
"CDK14",4.20457924518199,150.613316144303,149.887291019569,149.555679275926,2.06264495257208,0.23369786534758
"CDK5R2",0.479175655683783,3.08899191811646,148.808210320125,152.523752722063,153.292089512191,0.471514388219233
"CDK5RAP3",2.61627823620006,12.5490829919707,1.07794312910009,2.01170875810219,149.21463320743,0.471460755965978
"CDK6",158.485147547454,0.588159878631457,149.662323648531,0.720203623460372,156.198872152844,152.544686568145
"CDKN1A",0.882536343884066,151.793713093954,1.01873365944794,2.10421207446908,155.693347301557,148.29083600417
"CDKN1B",0.416800542276186,2.54719169145438,0.47539532874534,0.930418815144889,0.926283941319799,222.819808466245
"CDKN1C",0.66277845285718,0.305090827111293,38.3052433329035,2.22716909511889,0.322907393042643,1.44327142313982
"CDO1",224.59106750796,0.773658331361007,36.8886968483582,221.837582476346,0.880476570202233,0.645577974677344
"CEBPB",0.40548016791715,149.095867284965,0.601630148667549,0.53896995231039,153.790597342412,1.53526029837506
"CEBPD",153.873398444199,20.434040965899,0.34280585861498,0.341761513346018,0.60870306734287,148.785386520607
"CELF4",188.903741329998,192.897414257219,0.514469283368959,0.616929998977916,18.6869715135281,0.139641602904987
"CEMIP",154.659250040237,152.998818108387,0.37893069444682,153.126339041346,152.762036803889,149.904447423751
"CEP126",3.37082652964642,4.20391292936826,0.415448654832937,0.765063512929976,148.841424558748,1.60204925206244
"CEP44",158.606839130999,1.96902818928618,1.26993439549741,0.789817151791381,154.08233311499,150.86084891646
"CEP68",0.762781307023453,150.101070139471,0.828489351819097,0.352335202998301,153.225676760905,2.67547483734228
"CEP78",1.1595997733347,0.409575039547413,149.996184866878,0.598368558140666,159.526698816714,155.961285172647
"CERT1",2.37436827366493,0.462537227897396,146.818417337672,0.483319906307259,1.02845910318892,0.931130341844273
"CFAP36",147.922347936447,5.21270213814087,0.420142818502101,0.856699395245775,0.515855985525013,0.509529308382826
"CFAP97",148.858937697334,1.49767284890314,1.01774617271496,0.525834668740306,0.491124370644748,1.17944764111289
"CFH",0.71686032893457,20.7258987496443,4.91445083644382,0.76978924686653,38.5688508376026,19.1269426056077
"CHCHD7",220.817324955276,212.323044234241,0.365335773659816,0.493257917048679,215.020155812729,214.632921107952
"CHD6",1.8471426306474,203.487768481052,0.248770307269901,1.25503361292989,2.12939537371012,0.749463579292546
"CHD7",1.10725869426417,0.488145298452505,1.81138034005689,2.35774884931329,148.949209050552,1.49090899970917
"CHGA",150.021862785997,0.904502109846522,0.862863881569161,149.929464441519,4.30376185928607,0.375513744301192
"CHGB",215.280022439429,1.41250174737881,2.5315635326727,2.24660432875477,1.59206874000915,0.271047046076428
"CHI3L1",153.042932928312,152.228508784949,0.378652298099754,1.26929971361004,5.09736363641244,151.148715544256
"CHIC1",155.904801155064,153.285061964897,151.226604262245,1.55017883530953,1.40416456719881,0.489139791428698
"CHMP3",0.430334932474705,0.602860057089186,1.75457531551017,0.616775119602118,2.5615372321043,0.682603509404116
"CHN1",1.32101881697637,200.502433155639,0.259366045579938,202.532699051497,205.816283375465,0.326074565505463
"CHRNA4",157.423801486035,152.981376841729,149.584796185987,152.740616709026,155.26831658099,0.160349157951726
"CHST2",155.90364394017,0.472059913782222,148.401970745954,153.383431457072,2.5118177078273,0.560512933563583
"CHSY1",80.9580310569678,0.682278655980304,23.562671887732,0.753328169587864,79.8565841173547,70.8177845595683
"CHTOP",212.754808999047,3.53263655983875,0.366986627318018,0.564849013412284,212.175157817322,162.096080439642
"CIRSR",0.647932775325952,217.135736316011,0.386095753052497,0.435110106464598,2.18479035572845,3.27438654687869
"CITED2",1.47027889490618,149.405260211688,0.496310920399352,13.7954490142684,153.811719171451,1.62340218293049
"CKAP4",155.774409443448,154.096820064334,0.660818650088625,149.112218020584,27.8501037325279,0.708525918741111
"CKB",0.67272128362522,1.21697519994719,0.143526831469271,0.225918798863846,158.01736610317,0.156193276238545
"CLASP2",5.67480850369035,0.339031278884653,0.905422338737161,1.12285410368058,1.1706650123808,0.509847212721708
"CLCN4",7.51936020978071,3.29693238287694,1.54341566582988,0.905632125114076,0.388242868828638,0.365946047986801
"CLEC2L",1.2083586375709,100.98296000871,93.6333881778023,1.49091177631856,3.13741372720259,0.675536943333016
"CLIC1",0.531474239335806,1.43137871915388,2.29928182400559,152.943399278854,0.568475908692792,149.212004267735
"CLIC4",0.79296453729598,222.313362195844,0.226833271976116,0.400798517297374,223.930245332581,220.63701996162
"CLMN",10.5979846885512,153.435826927252,0.309463613595234,0.84409071985303,155.694336135147,149.796477654608
"CLSTN2",1.39048935161495,208.365056627986,208.919330434625,207.108885100505,208.618922300381,0.258632238119249
"CLSTN3",2.96794611072262,66.9451612231913,55.9730780210475,2.02815277921452,90.2047764884338,0.294002692172218
"CLTCL1",152.655811458532,153.219972376917,0.377122914639483,155.586503331742,1.48372337223581,151.119328483325
"CMC1",4.13089586536714,0.733941724770101,201.72609118377,1.09231361565907,207.309396904143,0.776149523180762
"CMKLR1",19.5594668447008,12.0864158385729,6.57649078844902,0.449741089050528,20.0890697493073,10.2639951761881
"CMTM4",161.736627820878,149.97519660953,0.309121273891322,0.709869656165489,154.637352599286,0.957207511936194
"CMTM5",153.498915625089,0.611590272247672,0.386066953279098,2.14385690365908,158.734371269371,150.473877418317
"CNKSR2",2.44503991120917,150.192855778006,0.740865250360231,0.550742226769753,152.847935236924,0.459563630261355
"CNN1",0.538274654187247,24.9342786447702,17.1598173539493,0.978619720308298,1.26261471961855,22.6256769679572
"CNOT9",1.01041840616657,2.23354605768559,0.808781352981586,1.40921944920143,152.636863421595,149.073030495621
"CNPY3",0.647359032370479,0.423421798160487,203.758133113548,0.960112719464615,207.140291938503,199.370768753094
"CNR1",194.20148594923,197.510933190109,196.66049801993,200.513928103144,197.658406747688,0.409823343130963
"CNST",1.16095099923055,149.401764519209,12.4727934223047,1.12146056144753,1.71009109106995,0.454197632825954
"CNTN1",0.915660962337982,1.15966610294126,0.401547391499186,9.82749786950332,178.5474008554,0.288659623417571
"CNTN4",0.793072110338323,153.538181913458,149.205657440849,0.643686439352464,158.339713035299,0.41869346622337
"CNTNAP2",215.352638799222,0.940095873470898,210.154165083508,0.395442613155215,45.5749516214841,0.32313449500841
"COBLL1",157.317068526803,152.762651022836,0.362357000462261,1.00253095788699,158.106583373838,151.98949846518
"COL18A1",0.632169178415746,0.420497099262035,150.264880206321,0.703008502079767,0.804186761863702,149.267169610595
"COL21A1",151.548062419141,152.735295181835,0.95594001249768,1.22633685911387,0.737882273316866,148.575945412284
"COL4A2",0.604442564811345,18.0307906602024,11.8534973230181,0.557539004103446,3.02838929692723,17.3670868430203
"COL6A2",0.657969753246597,132.931999344156,1.17371007298518,125.044309588749,136.770802877176,132.010468340789
"COL8A1",0.398976522665195,173.823024767506,0.767618063869082,169.814581717281,173.948898343705,174.746082370485
"COLEC12",1.51433732612642,220.023774772412,0.601032911908822,218.456645463075,0.88793098388901,219.346339163679
"COLGALT2",228.733852679796,0.505841924065959,2.69943717938896,226.5887345997,0.900263769994827,0.723427408855365
"CORO1A",151.19120105683,1.09609672541555,0.783484687711331,0.97472227853025,0.770260410002486,149.681801095153
"CORO1C",0.878119672477133,2.1754487549978,1.22781183793667,0.609075834569046,149.507739429613,1.56506109966698
"CP",0.903008447112766,148.855660159358,0.294295877688518,0.712303851072574,149.189624602174,4.08851246173014
"CPB2-AS1",213.999408321092,0.730594073507696,3.44696181652416,212.05840723005,217.44264701459,1.72882793077793
"CPD",0.332991212379563,0.679030285077668,208.096320639391,216.449804244156,217.876602445447,1.43634725352444
"CPEB2",221.080461859249,0.906433157200509,217.806950105528,1.65092107936959,1.60883692351647,0.937106826660753
"CPEB4",148.112303198145,0.497349496770755,0.694668793936666,0.552979042071831,152.086877893922,0.744789734331136
"CPLX2",199.256344707326,1.01729425075404,1.06970100620199,3.83011819501636,0.478427100552408,0.146329771987681
"CPM",1.50096204575422,7.69060797009352,0.987181273444708,2.49258586178131,0.534089366098697,2.56481876398635
"CPNE1",159.088861893204,0.500917988231621,151.037315545517,156.158072912608,0.53899439376082,2.18956906527468
"CPNE2",1.49705817705955,0.603660638438516,1.09468447268057,150.063582638211,156.231536419119,153.095901067275
"CPNE3",3.92285007059273,0.260179533291905,147.656914064375,2.67104071704996,3.5275016872581,0.938726460944797
"CPNE5",158.982640858367,0.95546781911075,150.368868775871,1.74655279652988,0.827595849874972,152.500661209785
"CPSF7",1.45376484923128,147.228721237449,1.26323909158296,2.73809893749956,2.31986125226049,0.908725554591672
"CRBN",219.062902311325,1.03586944790768,1.6543964795309,1.37632905094064,1.64908892711052,0.534870389054583
"CREB1",6.22398780467835,17.1018819683847,1.10893094203904,0.622560482802936,148.338589460084,1.01129296905234
"CREB5",212.39522350196,1.49665840142731,0.39841699211236,208.579020107662,2.8515732412349,211.752659004851
"CREG1",147.818062857592,0.988639231064707,3.81095221870826,157.891433132808,0.474653402550513,0.588223904195026
"CREM",212.344541406641,215.022714540092,0.806605439658197,0.830885051094493,0.645178210761639,1.72112956795449
"CRHBP",0.632854976658313,0.97817897962738,149.904930237645,154.966799921116,157.416165898773,153.350629256679
"CRIP2",1.01552141058762,206.832592946856,0.356198639784914,290.996698418669,1.24924473016879,0.73927297992429
"CRISPLD2",0.974669660990198,153.164615866884,0.537209870485586,1.11880469440838,152.50347213733,151.863807540989
"CRTAP",1.59006719090701,4.12455617606204,0.798016053464662,0.665698896278773,1.90601265966238,1.04804964369645
"CRY1",152.645656622341,2.07757363512016,2.67915825318724,148.839110294392,157.458633424186,0.610383410121164
"CRYBG3",0.753859204263095,0.536259962219383,17.8078747480245,146.871161323556,1.32865534407126,155.303613384402
"CRYM",1.1406509077138,3.55668612110814,1.5563525972695,150.699580493652,154.946375821653,149.761912797702
"CSF1R",0.400042751003508,152.04167092597,149.927834089023,150.89254920434,0.363660411402428,0.955402861182499
"CSF2RA",157.225581794356,0.506237256877297,155.877466680781,152.556723979875,1.38161059221679,153.144878792114
"CSF3R",33.506815236951,21.5972927505311,11.6798422755855,0.684622715472588,0.75093347702277,19.1810437464453
"CSGALNACT1",150.655044391634,0.719528408503072,39.1888845316378,2.45385372210785,1.13759359455003,0.614064324322171
"CSTA",1.26885579872357,1.0049319903812,146.201184127966,149.324991701804,152.194880309184,147.702836478239
"CTDSPL",213.47014651394,1.69687279179283,0.76995081607039,0.827651466905337,2.11288160268589,213.087606714839
"CTNNA2",177.938066008149,148.737596445861,0.422213287539654,4.80381883616615,1.69555753074187,0.961058351928092
"CTNNAL1",156.483706120506,149.53872579958,0.483454696693055,12.7116274055142,153.480475141034,149.084431761958
"CTNND2",1.89892812857884,1.32689501924871,0.259473404294642,0.42159682683527,207.544820206545,1.06045945047403
"CTSA",2.07766947834634,0.655519231106038,1.07511009493351,210.294597804732,0.726693280658909,212.013500737667
"CTSB",1.11783229163944,193.448608778538,0.185986654833153,0.522357683043355,0.458583500510989,0.317820716539495
"CTSC",204.649712159257,0.425558219351752,201.672685243912,54.2148808547352,0.729871547175541,206.05029288387
"CTSS",153.316599102097,150.345298894148,0.817532524963217,0.767166383651241,3.08427297267082,150.840943676375
"CTSZ",220.645807972305,9.99304346168535,2.06580298905384,0.991285568512878,0.65438904978581,0.666801874630028
"CTTN",7.50650474745648,0.726749203817128,0.560604567410447,3.61709343316817,5.12940757376897,0.837257006444163
"CTTNBP2NL",0.832462423273997,1.02505861490484,1.55471448879797,1.15147330395775,215.095781906884,213.092366099935
"CUL1",149.033718973857,5.23948458170194,2.97377288602161,7.6250491264508,0.571196934251944,0.554723616088686
"CX3CL1",1.25197507209186,215.889145259862,0.547332889555826,0.487984629699105,323.371145000414,0.695951520448189
"CXADR",216.241125249496,1.22385425932786,1.6877093081338,0.520090215534115,210.947677814929,200.992399098256
"CXCL12",2.10490650250211,3.07121599042776,139.950151828275,0.511038563161145,151.287349332179,141.468120329543
"CXCL16",158.624769601001,0.674412159846376,150.57176057409,1.35390468104581,2.09134131086149,152.507560029941
"CXCR4",1.33928293409003,1.12440064332651,0.492429007884613,2.00185219101593,211.798810800837,13.5347206148199
"CXXC4",158.761952738815,1.59451295356664,44.7469092792754,150.66864211298,0.688812763763049,0.520817948310413
"CYBA",0.673593719474837,211.626953526952,0.64161601831138,0.455925359678425,0.545160738328778,209.82731628624
"CYBB",209.366112525247,207.132550077753,0.549702670354449,204.027106592874,0.654024770684151,204.113099541028
"CYFIP1",4.11142835085202,151.880692267032,0.359339230468125,0.500513725901229,169.787368182913,152.30082249473
"CYGB",158.079782403757,153.075976578262,150.839002083283,1.02722297200518,157.190040324932,0.330221010594949
"CYLD",1.38814324270685,226.027680182418,0.378538820684118,1.12942115794854,228.751460705188,0.432028228336168
"CYP1B1",155.06773161107,0.804006048648181,150.335250489787,2.34383412016503,156.184138692498,54.8945934893798
"CYP27A1",156.721974636185,5.73107621237179,0.55687555895519,149.409455376389,0.86755758065612,0.693200898207037
"CYP27C1",2.57455883006543,150.920441930312,3.74517022216775,151.989185018854,1.33887570554062,0.877297543657659
"CYRIB",221.633354746699,0.646544777376536,216.627307870882,145.450450639789,4.48378506439841,0.396479744906205
"DCC",29.6179685969375,157.737369654886,151.209687233222,0.807071654403452,157.362635824556,0.431475332623046
"DCLK1",0.600456814023289,149.368617195602,0.500520707982556,0.426950050823289,1.85825055246398,0.235917795278902
"DCLK2",0.681543241940115,148.723968073437,0.410742956729527,1.954417677861,0.908934686511888,5.92248964168124
"DCN",0.651153795654275,0.75936463022284,0.755897054394074,0.551225882545389,179.839750878026,226.066797064418
"DDAH1",151.049517966136,157.691288748101,2.20009832069399,4.06585954630968,0.575106934926123,0.219021586471739
"DDHD2",24.9736024057919,0.69196250775801,148.998558681968,3.0648846294402,0.824481666807154,0.484690656692391
"DDIT4",3.00413427506098,0.4837514277048,0.418787351444484,0.472748369713344,0.447932039062603,1.33221418495478
"DDR1",248.18437315861,1.18635003650973,0.244668207604074,0.407210613073838,3.65161450939012,227.283283721419
"DDR2",0.931086121925831,0.861729671918554,1.8101969806762,0.780367175493513,8.29769214130202,149.126938993788
"DEF6",0.708308404576633,152.688317889335,1.05437436882591,154.578883761238,152.584853003131,2.3976501284412
"DENND10",0.679102484935479,0.876910780323796,1.84452257829227,0.899574732522542,2.2183054998282,0.997205748258772
"DENND3",0.542027054054203,153.569942987029,1.10715204817781,148.611867606435,156.231994555426,0.806688591853665
"DENND4A",1.72319291102899,146.646635486119,0.654045042557161,3.28966607320288,48.3908786378862,0.938731947898945
"DEPP1",230.860873863317,0.744411854001063,0.268851233577907,0.463877864410379,224.531039975195,1.66726118417866
"DGCR6",0.584158044501432,0.990269515635692,206.187942159422,0.563513350305443,210.239415842716,210.57317515315
"DGKB",2.8268240242517,152.250059836621,148.09910647883,0.865067664409042,1.12378315205495,0.833713863995389
"DGKD",155.958789753154,153.393334698003,0.542812475627225,150.289138548967,155.447097458247,0.804132625004691
"DGKH",192.148997306476,204.707522991822,194.776585855056,206.065136406501,1.29591435409041,0.334740273670923
"DGKI",56.0462557051855,48.6707429784013,28.2276299585181,56.4652817269414,0.679259609598179,0.481720325837719
"DHRS3",1.64164721750869,0.992458699242648,0.45448159079298,0.538258862509967,2.81401128500903,2.45045104607868
"DIAPH2",156.073585059174,1.0486288038398,1.45857202429175,150.292928459977,155.328074878322,149.073201165479
"DIP2A",219.957650768137,0.790770840983178,216.735380572729,1.10799852089502,1.21826615472917,1.1816779388964
"DIPK1A",0.486999342941717,4.30870420771078,1.29306469302867,148.94933209752,160.304074221721,1.30415577992184
"DIPK2A",158.402354580637,0.553144078060088,134.782284260241,9.60161136343021,158.413625999733,146.335663881859
"DKK3",183.106988834687,0.720925406335796,0.364548899133348,0.369259807711063,0.727697727129113,0.140060973278561
"DLG5",0.602893451987928,2.40528968150266,180.427012907705,2.06913555706572,6.00122933290626,0.84624205358143
"DMTN",214.829985833252,2.59056844128354,0.830015644511662,0.619241217949376,215.150426797969,0.327529731123666
"DNAH5",211.990855550609,1.41734664263316,4.53445598033478,3.14869810782694,0.674692826934576,1.79408166468351
"DNAJA4",2.23212604999828,179.007820839248,0.500114647842983,1.2375659793212,151.786910476048,0.284050395344378
"DNAJB9",0.548585038748198,149.793716400095,0.864373885580201,150.659508871191,151.268673203769,0.676015674390663
"DNAJC16",142.316736448064,140.86755348966,6.84502910253152,137.539021728614,1.22461359179658,0.486015586523903
"DNAJC4",0.865641994974609,1.2996338172689,0.881771278774249,55.7269024144927,3.716693153403,187.846354615857
"DNER",147.882040601183,0.672601024460732,0.430889141475957,0.530383452701617,1.82548359571112,0.179629238508538
"DNM3",214.653738223549,210.503603403014,0.270989321523669,212.749464613368,215.807343760867,0.290637403437042
"DNTTIP2",0.908885399202727,149.74413862587,0.562170788854833,0.514636953435946,155.43797791294,0.531848666211707
"DOCK4",0.874474986350278,0.741074737073232,0.628311689277792,1.28995509644351,225.14082328967,222.619245841716
"DOCK8",155.996039598531,152.792280932447,0.702404442968894,0.508911444456538,0.858619472425339,152.246562585121
"DOCK9",8.90474471071527,0.356716080308722,209.365033116139,0.518016352862022,7.189893622372,1.74559824828008
"DOK6",164.783191538812,0.560951206922244,158.924104014607,164.111905233056,166.615461237873,0.223739442683178
"DRC8",3.4266645867731,1.61548722667745,1.33516492251827,1.24235182331601,0.739350411639537,146.858790757053
"DSC2",155.850859756639,151.092339627703,1.9227314817303,0.872093335802508,152.059944255741,3.10975532093415
"DSE",154.01144617435,3.10593304830295,147.998034319687,1.1340680772806,0.606429345734834,0.647644844260039
"DSEL",151.670940511114,152.846295010642,0.492300093981185,0.349675719130036,154.087086881779,149.03666136251
"DSTN",0.378899589696817,0.839696014638494,0.42911107298169,0.318360578403729,0.908967567777697,0.193579954737495
"DTNB",153.046941746593,152.717476398582,1.78061828964151,149.002061781956,155.922938659537,0.467026365360603
"DUSP1",219.45907791332,214.036363682562,0.482507610760025,0.38229438748627,0.542174551665051,0.666237958206994
"DUSP16",155.927890566041,152.663927784239,150.657347075518,154.37552956318,0.848161125593395,0.657369815053708
"DUSP3",150.387415896014,0.679761154308539,1.20872960987797,1.48627915025221,152.493537867821,0.323226280723795
"DYNC2H1",216.149641699619,1.28856210789456,1.45290739489974,214.813900726119,1.34590292649891,2.31903487063206
"DYNLL2",0.71397513967486,201.500551705154,0.215808602909578,1.42041718802344,208.188436845017,0.172463168109321
"DYNLRB2",24.4536647533005,15.0897584859662,8.10225974585043,0.415213619900404,1.01268824818028,11.8461721680583
"DYNLT1",217.528999967995,216.973993375568,0.495169535311963,0.545204340730638,27.6521060758998,3.93881141458664
"DYSF",1.57668325568574,0.702319495403119,150.820299299281,7.35234357139849,1.37118118016984,153.75867367172
"DZIP3",0.729699615484704,0.636089089507515,221.215790228868,0.835286537200551,11.7481729578752,0.366208885991481
"EAF1",152.771169290032,0.892902456511036,0.865150775234472,2.65289060073708,2.129635072279,146.935641775039
"EBF1",4.12280537270568,0.512626339629614,205.602850999656,216.900621282541,0.932135541518586,0.529250534492405
"EBF4",153.39969181985,150.660868538758,2.54806644982422,0.768517280734748,0.783048116311876,151.175678921602
"ECE1",1.25386814698383,152.575370193853,0.253950055071321,151.449781246476,156.636029676215,152.545788548594
"ECHDC2",155.221979749047,150.321763178868,0.86919915930801,0.892695016257441,153.323715394648,0.729498801807186
"EDEM3",0.488041852901326,134.431349565722,5.94020099272571,134.899664338446,6.42394778561701,11.6595756132265
"EEF1A2",0.736229671720828,147.070568868555,0.633272537094704,0.822629295279881,0.81783011237472,0.195539723667456
"EEF1B2",200.179858631771,1.79749279095279,0.168938121476852,0.372042170330696,0.703500374968191,192.35054263309
"EEIG1",0.612455514844682,147.787688161607,0.441028364327297,0.689266619964178,3.41643638288271,1.35189927608734
"EEIG2",157.965956452159,152.513533973884,0.696704100062364,149.513619326589,154.813675205152,1.13284446765009
"EEPD1",1.13532063184293,180.277301021466,0.645876459615067,2.99902546407215,186.259902992818,183.241461837749
"EFEMP1",224.305208115183,188.901869965874,0.148775927221734,1.61545150283597,2.97040644707433,222.2757763953
"EFHD2",0.556075476075288,142.233662864276,138.979783928228,9.55697977571102,151.657977701169,0.330488519323271
"EFNA5",0.633509470254778,45.7948495809895,28.3222082667912,0.874899529933443,66.9345869884545,0.886740561720594
"EGFL7",0.48187809015979,3.76309860885119,1.20578748524022,1.93538535277826,147.664759103519,0.542154216465628
"EGLN3",1.22995550348136,148.832296301188,0.403298664698442,2.16035496916353,151.087306075772,1.52275108143218
"EGR1",156.916382395924,153.014486466831,148.953206203956,0.421217190582889,157.142781351174,0.985966836725998
"EHBP1L1",0.558235984910901,0.87453737696706,1.86106395343769,213.417525651926,216.608179457945,213.935735084511
"EHD1",152.560735541797,155.892225443014,0.295610826829807,150.090890081498,1.34235598227362,8.3035704962977
"EHD3",159.543471057443,0.396439817023985,148.619929179427,0.679519218059165,155.857247214754,2.0878562441253
"EHD4",151.551919531783,2.2512914587795,0.602347901077642,149.112365146702,157.799554598591,149.56558381988
"EIF2AK2",1.0205656063083,147.211210502922,1.14367119684897,1.82641303733177,1.89725445557324,0.482703830246196
"EIF4E3",213.142086353125,207.802925700119,0.369577911068303,208.271782497313,0.786688967360696,209.350676987899
"ELAVL2",10.1359530412166,3.78369145241653,0.644637932781857,185.315439303746,194.261635850485,0.163875094492287
"ELAVL4",192.302532187295,0.894880990699246,214.737759259881,209.650934552377,214.233684308534,0.252556022294048
"ELFN1",0.769991628954764,153.881169887885,149.556017291578,152.85087280151,156.232598327223,0.462986511188369
"ELK3",153.836064147547,150.225964842443,0.906862789198221,1.29476598662043,156.132155608467,1.44138159315286
"ELL2",1.06481025844502,0.728173037001054,0.862615210652507,0.547627226368212,148.653145667161,3.85337877624413
"ELMO1",152.311425936341,0.961048274172153,1.08836150611818,149.541142857726,0.914125973877253,0.635196896347691
"ELOVL5",1.02003603672885,0.346339182194019,1.42967987102159,0.850947481226881,1.91060134562694,6.99067860813237
"ELOVL6",159.41321196231,159.567214002059,10.8950693065501,0.899771204462193,160.266769703338,1.63903737683319
"ELOVL7",0.419341639747975,0.661254778157243,150.005335810293,156.976426837783,1.24973580081365,152.509761634146
"EMD",207.945738870933,216.117303956381,0.654456451639675,1.59870222545748,2.90717531018842,0.62059646676138
"EMP1",5.76919969516293,0.856881952793071,1.10103304542246,2.27990522485446,162.273564445729,148.876846654328
"ENC1",157.297404260394,9.43097815905809,141.208117863879,143.001382933759,146.126388633954,0.405304751609051
"ENDOD1",148.700387370806,0.627631581626397,0.604959057447054,0.439463258325053,156.834720166351,0.527968880661905
"ENKUR",21.6122282281447,152.994025780935,158.28245133298,10.1745377910514,0.605285269191289,0.664104831062254
"ENO2",205.551060429097,1.16505839319714,0.520441430970338,0.54327935680172,1.84773017720638,0.222454708561916
"ENOSF1",146.559151278735,0.728078796118558,3.52124631627411,4.66657031608156,1.0695107438907,2.13012909993382
"ENOX2",190.637071103437,0.761677706891078,1.41652597106691,182.680611545183,179.84078841829,203.519281154705
"ENPP5",158.329818564526,2.56041154430123,1.71938249091723,6.72682399857979,0.957513380098761,0.850277583844175
"ENTPD1",0.885574878383531,153.136571423196,0.496914960392441,1.06108104426321,155.712620535775,147.741352115155
"ENTPD2",148.338919598775,4.40434069875687,1.01098555986666,1.21119090803713,0.73608706821076,1.03546654169352
"ENTPD5",1.32283081691768,190.382001531005,6.12467296910077,194.633759867393,999.943340407889,9.19297626989773
"ENTPD6",0.660871482178195,15.9365503208657,28.9217756337027,188.576127816922,190.999259716079,0.34210500158893
"ENTREP1",214.394585780144,0.681546500232707,203.403288893406,208.839365344281,0.537378441926914,0.737526235908488
"ENTREP2",179.916008526538,175.910500423812,177.063262146267,176.327798520274,0.826625256722001,0.802319682422628
"EP300",0.761262186873893,149.324472478179,0.33725845244305,1.5311641346552,161.835645610141,1.71267606964141
"EPB41",2.05109867728777,147.255988500409,0.99996462268304,1.13263727856447,1.10911765160529,1.89722329301018
"EPB41L3",149.078398571111,0.685432318833634,1.00873562068307,0.931679540128676,1.1700927519887,0.971810151747311
"EPC2",60.8314324172125,138.572468468226,138.01875480514,0.717848247147554,0.889979789233872,0.854913937887023
"EPCIP",2.47100291761389,1.84995410488365,149.808928560561,155.508909030137,155.939767758982,0.606831672199239
"EPDR1",222.233393895211,104.533031856468,0.543834972531505,1.02456687142176,1.55254762241844,0.34914557009975
"EPHB2",154.181021508137,0.80192785688354,16.9133575179945,150.975331593105,152.39996433262,1.84310179470045
"EPHB6",1.04667849645896,149.79003212367,0.966376591554812,2.5251071975936,1.68103724737667,0.861655547061551
"EPHX1",223.209788527142,1.22467571981971,0.259958090595892,0.363829968879294,3.36656884372977,222.61245752911
"EPHX2",2.13571396611503,1.25509652410474,1.71441007495854,4.96098502911162,150.000079607503,0.645673638115052
"EPSTI1",2.48601959579992,22.0332518638966,9.50573509136282,25.1700536551706,0.905153735886861,19.8849209182468
"ERBB2",149.321386100779,1.88754138734889,0.592499309793495,2.10108287478905,1.37584562764065,0.87502936960395
"ERBB4",1.4513496728886,154.192688583794,0.62984125765782,149.48480448456,2.02921860659204,0.351189411891388
"ERBIN",25.6896035617754,0.931926176670334,0.321435717571178,0.509781534128706,1.63799725935893,6.30141407008517
"ERC2",1.47949093817625,1.67839500431933,1.84396321368548,0.69417828874823,149.387533920593,0.494137430600546
"ERICH3",43.4660606216753,30.5516246656351,17.1212288078524,2.63201293565087,37.9003186828923,0.518320274166309
"ERO1B",169.966795328696,1.87719167528385,1.60569472924298,151.397098281165,150.254639567563,5.2028967417824
"ESYT2",1.00306140517037,217.594992241217,0.67899946999256,0.757479625953409,219.027215559,0.873360259328589
"ETFB",1.02296090845037,0.419656100890678,0.508254204545584,0.643255893487452,6.85470401568874,0.762070731090241
"ETNPPL",28.6367324263494,0.794880450096454,0.195216897695037,203.495596691072,218.106554092598,215.549792189808
"ETS2",1.09981781223929,2.79822098076236,0.602581942516048,0.854606826192393,0.966759385062876,0.886168393138425
"ETV5",152.899724351438,0.621389000782429,148.918531971053,5.48621317198068,155.678166303824,0.547554583056012
"EVA1B",157.643121987021,3.46991492863179,7.63971597983673,148.04712152722,1.06094298697055,4.58562941335653
"EVI2B",153.151784493582,152.813585735478,0.37871546743025,151.972124222639,155.729698905018,149.34381537341
"EXOC4",0.499683830695224,155.094625348139,1.30275679393454,150.720329432864,155.296308026538,0.654421303870277
"EXOC8",155.307167793235,151.255499002374,1.00515194836603,4.08101882145043,1.44656904123231,149.305791341668
"EXTL3",156.822456647115,156.523290729366,149.906824217294,1.86452734561147,1.63236380452472,0.369106894837369
"F3",153.215796314689,153.676563431978,0.301759686762052,0.619684293905832,155.586817441168,148.746214416965
"FAIM2",1.18227744301446,0.427133093170333,0.489024029387531,0.494229546396298,146.166877242712,0.224681526148513
"FAM107B",1.24545784208339,0.446771835174614,1.2952645138951,0.590954780273903,0.732786479232379,1.61521642504156
"FAM120AOS",0.462616674048732,0.481578062586821,210.597690196393,267.343918500706,3.97324101460486,0.640108274983775
"FAM13A",147.079861737584,3.26886802072828,2.70858263575458,0.903708019259637,0.760802583384941,1.96379256094279
"FAM149A",148.987947050509,16.6123625164256,132.432728492191,3.42978172314951,0.818426277548618,1.09303762634469
"FAM153CP",0.620574551290383,12.583451007836,9.75384974452187,0.68375595479853,33.7358405894411,15.0296700007582
"FAM169A",1.08950846366704,152.950803565443,149.490140907536,0.898281623626762,154.088967091009,0.362093213228404
"FAM184A",157.168567860385,1.26648150949774,1.37449226087807,0.834057711457772,150.137582883965,0.535722296997022
"FAM234B",6.65011908436033,203.598835592057,203.588875956711,1.20503821383703,1.51883279690395,0.453133559689253
"FAM241B",20.8262419763916,1.00717704612966,150.593859607757,155.855326827628,1.41554422742437,1.18219213925532
"FAM89A",1.41693637567151,152.683171073095,0.500748310784409,0.786606149208228,6.77454797930527,148.892421111183
"FAP",203.668519615735,201.947676452989,967.633394562913,197.249336405679,136.00559366188,79.2776154244443
"FAT3",146.717191660043,2.86926712619207,1.02134510478665,1.04427130802977,0.731613079887374,2.12697701998533
"FAXDC2",201.676073880537,1.01222380224898,0.504412105048726,2.56250563587178,1.07677762571311,1.00958998523904
"FBLL1",149.883437515938,1.26374616547146,1.32100877982452,1.90382882483334,5.37595403798277,0.384543473492698
"FBLN1",1.31103261668611,156.16242676545,0.617438802089182,154.559455674149,0.751532932079271,151.324838902024
"FBLN2",27.4103234153252,14.1814835683304,7.97350997809418,12.1328588595698,0.454602996400033,10.650690460362
"FBLN5",1.09167364056509,47.5178583668203,2.38572672967585,149.198098336942,157.958564945868,0.600468036087973
"FBXO3",1.63863098928182,0.921839922687316,6.69552082188024,1.25324166345619,194.305937347704,0.381378753683275
"FBXO32",144.497109809587,0.792345179368993,0.958972031268891,0.627880457789619,0.921190639826309,3.46523236182705
"FCER1G",198.490341720927,188.805179586404,0.373492839932163,3.91588709762646,205.46869336013,203.009370725491
"FCGR2A",152.401699615402,152.376751466437,0.388335523763023,157.736314427523,1.69122107709145,149.725588997888
"FCGR3A",154.14303215367,0.858460873432836,0.773071110488931,155.046444622234,0.345788575591254,154.260957482646
"FER",158.29006469885,1.28948543531153,149.525016797433,4.45006166420698,1.61960135614011,0.709749895278894
"FEZ1",0.943187948815383,0.214925858711665,0.325039340469672,0.407277791809804,0.699868543906122,2.48393439173433
"FGF12",172.15542868036,1.63344632047408,0.711641852189047,2.54329684602362,204.057585456048,0.347502174111693
"FGF13",156.700168030194,149.038115071315,0.687305171573512,0.650674274001259,155.617565431329,0.504698996981924
"FGF14",1.15997509453713,33.3824128775606,17.8649739808657,37.0417865737977,56.4304320747475,0.458683978995929
"FGF2",1.43128261680879,131.148221655233,0.660310780590957,0.702936953706462,1.94622135105178,0.920884289329461
"FGFR1",106.184990622151,218.104115834361,0.392189591081728,1.0925292475826,1.31131576603944,0.90709434420009
"FGFR2",0.75572309615013,0.42427151208306,0.663479448622099,0.666524672914569,208.799915530629,3.4216101912405
"FGFR3",155.059324687526,148.388991027622,0.146288340157395,0.424974842389206,2.15157415658291,150.351968319837
"FHL1",0.960275813624848,221.442844418475,0.308701546613009,0.66465146164553,1.35964391748454,0.365949940645154
"FKBP11",1.32960364325022,59.9780918935748,22.5464051654916,0.94155806494948,0.558372302978768,51.0218612820462
"FKBP1B",1.0166144826877,152.421931304008,150.311629055438,1.04104092668786,2.68653804265174,0.414954489822685
"FLOT1",207.918525346844,203.78558670793,0.317708212867768,0.575129693930345,1.59254956383278,1.4436838934468
"FLRT2",158.238514988303,0.720627934154726,153.09223254773,0.613835913326005,1.29560221907205,154.64158662296
"FMN2",153.406578795124,1.25319781350735,149.521468804949,150.862462836948,1.97517079459568,0.360670069785634
"FMNL2",211.673785282585,0.561014141574867,0.365874790666731,206.407594493273,1.5413355115066,212.078940803238
"FMNL3",152.904782117235,2.14859803102934,0.784537815007072,4.62581247302811,150.314745158941,148.71415957197
"FNBP1L",0.985195232732726,150.696354097004,3.06550374244407,151.594979532868,4.25425425169596,0.360193931243107
"FNDC10",0.697305346999716,57.2681621699407,28.811370411843,30.279653472025,0.892134471170301,0.515567335300192
"FNIP2",1.58808219447464,1.8611174075765,1.87168628777076,0.565533173018772,2.9390252878236,209.166723043674
"FOCAD",157.349883531376,153.218994725955,149.407415356872,0.851971754886222,2.6267193545528,0.378438871630359
"FOSL2",159.004469420635,150.292960068466,0.409094591687815,153.479970294587,153.489677698674,149.047838708489
"FOXP2",152.479910834679,149.724992534893,2.01257113968364,1.37997184926972,1.46373161715957,0.57001766680027
"FOXP4",1.37040677508194,0.892352907731137,149.610001252647,1.97086544956022,0.779214019069589,154.011035367574
"FRMD4B",161.647113956601,0.840476337608664,148.834885985149,152.295496707514,1.76757464381438,0.643523474144317
"FRMPD4",118.417207849038,0.905549831786364,107.319625850715,0.651518445504215,117.640714500931,90.8464987483889
"FSCN1",0.805584042430938,0.456117116629979,8.98212001535194,19.2610246305498,219.0186578929,0.689328345267186
"FSD1L",152.114959003521,0.501717681146552,149.09451272732,2.97561867862542,156.178212575993,0.709764075108301
"FSTL1",0.591400849082819,153.141459028698,149.441198888091,0.838381494202634,0.521354334305905,1.54512022155142
"FSTL5",158.208839800139,157.233473560938,0.575913450401534,0.487144721837771,183.40151936652,151.889799531453
"FUT8",1.27007034455175,0.326407123973176,149.295975142661,0.951919620194037,156.284931163988,153.269486395574
"FXYD3",24.2573383956924,14.0256780627592,9.46653935249799,1.0037555303588,0.411158840545964,12.2117901365365
"FXYD5",155.607317517712,153.771415075849,0.51079482438866,149.162296552959,0.921947686217641,149.919316396367
"FXYD6",0.963477228019663,2.8783519287064,0.435058016892406,0.382330227739047,3.37310037513279,0.356269412105549
"FXYD7",199.816068284795,201.158599802258,0.550245366655568,198.432883269246,208.947073993896,0.371668031461973
"FYB1",1.34736052593895,2.0913098514971,1.00991826167262,20.2428805796209,0.790377232276017,2.02422823498822
"FYN",2.03965520078226,404.318206150271,0.383365028617863,0.982855970609562,0.982409404217686,2.21821200990543
"FZD4",0.682672185156544,31.1077319473388,2.67162736838259,151.811838564006,155.938294884602,151.508067126747
"GABARAPL1",0.516773957251343,2.43994583240977,0.62116331838213,1.46870442378534,1.22373663299804,0.271026320359037
"GABBR2",0.924510736109068,152.829201961871,150.46927611461,0.679695740061534,153.350738662081,0.271275250388762
"GABPB1-AS1",2.01970447447871,0.907937378918315,0.691040638856352,164.248218091389,4.64235957175833,149.159941218668
"GABRA1",0.680998516594025,205.484271525201,197.125626797341,0.326767470132199,0.975363457190995,0.62534560057031
"GABRB1",217.004312188496,3.31520715960584,213.227253885,215.403326085196,215.612347321802,0.328961462252391
"GABRB2",1.00732782358762,152.107282008588,15.5166641761755,4.59957742011752,153.86619052009,0.432548114884399
"GABRD",31.2543446710245,22.0772994285734,13.2999588064174,0.395374806409166,1.00482844360993,17.8110886013589
"GABRG2",231.49730374652,219.435872659836,0.626165560653567,217.574000909319,222.040976263202,0.242080605075416
"GADD45B",0.4685640929219,1.07882447592393,0.520801496062517,4.42694943564145,216.647201008044,2.96038175887769
"GADD45G",152.478683520897,1.17050900153005,0.575200111812528,0.526368251529063,3.06842390698433,148.894142418508
"GADD45GIP1",0.908977599689476,149.423026954125,0.370578559023782,0.814008052845937,0.970966664416824,0.395550221275062
"GAL3ST1",156.457822011562,155.631622046879,150.579787331184,0.751670905912952,1.06303944773724,0.563594772852227
"GALNT13",1.02625204449581,77.6215729224303,69.4395933409821,0.87108868268401,1.75626258392558,1.48282348286385
"GALNT15",227.279955637252,226.324091168925,0.247170129853346,0.606527827380836,0.559791556416359,224.364362844558
"GALNT4",1.24717668245897,5.64936444939071,2.65957739020688,150.62876867573,156.035089440916,148.986374050996
"GALNTL6",157.180708261455,3.53830697332071,149.432945027721,1.99697356036374,0.659895671167055,153.910719748339
"GAMT",148.787521247881,149.523481041313,0.306680931598631,0.849588911533078,0.696250272262468,0.928234009914596
"GAP43",1.3702558413815,3.20904289852908,0.216638915792165,0.277151881477346,183.836885520297,0.133423819161775
"GAS2L1",217.153182969596,212.604925917708,0.316676985918339,0.949715834082022,219.565043743299,2.75299140422918
"GAS7",216.605189397959,0.39189385586854,203.793269502325,0.695448145787789,0.434172777305181,1.1277469410147
"GASK1B",1.94504717913307,0.996574933764215,0.801079383253199,0.544415342199971,1.39625182304135,149.140335605745
"GBE1",1.98608294361554,153.568762260724,150.037124709333,149.637022314319,0.508746436494996,0.483513695095298
"GBP2",1.65536494566909,3.1177563226642,1.1012119366182,0.787703429954818,153.892102564137,149.244792509301
"GBP4",155.83037154568,0.697660613443246,150.096860579829,0.950493273705962,0.823466727202287,152.355296387778
"GCC2",2.10558298929378,7.11870718407648,0.323443660811052,0.336135968221756,3.34857728072418,0.779536719278892
"GCHFR",0.971487044090858,150.770987002123,157.82132029678,160.388018220885,160.815500259133,0.998990161602728
"GCLM",2.8116672670849,91.646366946963,0.845669569052441,1.72928546553481,4.37444307485243,0.601081277894977
"GDPD5",161.740002539536,152.455439156311,0.533845800278341,149.73546680922,154.619894483985,7.60133989142095
"GEM",205.282839613751,201.160203338548,0.562429906084137,1.45280767921656,0.891704785697201,201.991219767058
"GET1",1.50175302596126,1.59050003764231,1.71340850121872,2.27026536315469,1.44557806081059,0.378217241946281
"GFRA1",134.388751217387,130.111072117654,126.698048497299,149.569033972294,0.987410825722749,0.205738938141949
"GIGYF1",214.298752027653,210.521411327695,0.644684710868467,1.05491242048399,4.86758508143747,1.91580033285613
"GIGYF2",150.257870978808,151.297088532797,0.354557394423402,1.24897855625539,150.857765330279,0.59567874740929
"GIMAP4",152.820549074721,4.81321034677859,1.10186254038289,1.75835089690579,148.31431806756,1.17480000108918
"GIMAP5",0.622660027098396,12.0484416958433,7.66042606153428,14.3784221219807,0.712649252651589,10.7222843392102
"GIMAP7",0.766927372088159,155.547697149694,0.522666892001282,152.711647119756,155.762957329061,152.694424623875
"GJA1",180.672052883352,0.425034595573946,0.102377530008725,0.181207328807868,5.10375973619232,173.833209454868
"GLCE",1.05402853638857,153.974523479756,150.127520545445,152.853545395339,0.614006157549325,0.874640752483312
"GLDN",1.50733300656399,1.0233083224297,0.546939869674414,0.46354217156611,0.586125309131117,149.672038495857
"GLIPR1",204.190071855479,0.636918082067155,195.00186643648,2.14642191446995,0.95332755538787,195.871372536806
"GLRA3",156.366498004186,153.22682035692,151.149040704266,152.651053220585,1.56502906156769,0.321137841068975
"GLS",24.0924930832539,149.969593646581,0.694331539780719,0.458577194793346,151.293998068453,0.271969009490517
"GLT1D1",1.01335201935265,150.741794698999,0.889295251759677,151.626906094349,156.426863659583,0.936873664909686
"GLUL",0.377597126297511,0.328198887617849,0.112143368418897,0.225876696741785,0.543051779831309,0.617857081866281
"GM2A",149.395710788196,1.15285586172549,4.87313862543352,0.989353763920004,0.827251865759251,1.3395839624111
"GMPR",1.25825993004253,2.69574367789106,0.503280262762261,0.774158193099321,1.51220056929456,2.29510638924731
"GNAL",148.252876550869,0.670184150741971,1.06771741915826,175.290548117718,15.74495393818,0.551905984504636
"GNAZ",1.35018431368083,155.17533674923,148.412676750999,152.73242731139,0.41170924007671,0.256295327143652
"GNB4",1.29960486823212,11.2743561989424,0.458271400293829,141.312012750919,150.032625013351,139.66542821433
"GNB5",0.721816814552804,3.02769496021248,1.09971870598089,149.757215088873,0.563736134054432,0.87385479155763
"GNG2",1.50462778923527,152.141481262102,149.477445076093,0.661341149324002,1.76397403856664,0.333269185873834
"GNG3",0.891725124715231,0.554294419296765,199.962279905944,0.939172782907679,1.58985091864975,0.196383458714009
"GNG7",1.3164166005539,0.600048267370097,4.72113837545133,0.757908012858505,0.632765299967056,146.491466732787
"GNS",219.861340927278,1.39414098382805,209.433511608411,0.475524599682815,1.22446605127912,0.802151318445102
"GOLGA4",208.396973061471,2.63409739260547,0.23467503833612,0.451865306181693,0.645831902677335,0.909180036173316
"GOLGA8B",9.53806025066422,147.477207413923,2.18254545073801,0.746031083479249,1.03803403463893,5.85875679464606
"GOLGB1",0.513428633858914,0.552060436902103,0.432730684326099,0.402162650749239,193.811676785264,0.668257844883362
"GOLM1",0.46660056321506,11.1528649695754,0.258321169561383,210.916524669985,2.04560375757223,212.93847698112
"GP1BB",158.76566913903,0.601022761563437,150.677476832519,155.986800336897,158.875712303534,1.29760890602018
"GPD2",148.980157297683,2.08533506157099,0.85492078895916,2.32091385926009,150.894356354016,1.20200854402917
"GPHN",0.957111538988691,0.668304773877704,149.86786982073,153.92056526751,156.92265124785,153.214871834422
"GPM6A",184.794617152682,1.04576585701091,0.292780000838024,0.323150236255676,2.87306320330602,0.198867073948694
"GPR137C",154.343274185433,150.800659247974,0.383926912922791,6.86273301614974,158.791879564353,3.64669646917778
"GPR155",0.910871220604933,0.632698743133062,1.19106577871883,200.574809264108,2.42596394767121,0.736990313760014
"GPR158",1.69758008853493,153.791420964621,149.507989669545,2.8382146090893,156.071766302482,0.776185982046475
"GPR162",1.07043810514778,149.553757701798,1.05089100459672,1.16181234771698,150.233208798245,0.830170900919107
"GPR27",0.801345433326474,19.9297124217813,143.537749402448,1.59491922692163,149.618323115515,0.900145442749071
"GPRASP1",152.942055995098,152.218507971519,0.600353581792292,153.158588856574,2.24365405351014,0.29441515221023
"GPRIN3",13.8780847602443,150.49641077695,1.64767034239977,0.898132004398255,153.432589946977,0.587111253429052
"GPX3",2.41780927674899,200.246359047729,0.153221460618122,0.2690602154576,1.13843278531298,0.471425412206038
"GRB10",2.2350040066874,1.37145881686204,1.14794176954641,2.91666016438028,7.03516115130741,0.672897275171759
"GRIA1",225.054440147441,2.98180413168717,1.26522271123646,0.398607683989362,220.690329513281,1.56388889388916
"GRIA4",150.530704161674,150.792596515174,0.482794948778232,0.830619276436533,1.17923144982585,0.606901102298108
"GRIK2",190.424420351162,190.826367397917,0.393298119755043,178.233173818883,211.630599972579,195.711572548257
"GRIN1",0.528295368581864,202.123798312176,201.022649870562,1.40353043348278,206.434541516365,0.191755418026458
"GRIN2A",194.760595177714,0.612642812716258,207.846466828956,2.27062437737891,210.852624827178,0.406344822445291
"GRIN2B",2.13279144212385,0.991062089246175,149.530147485188,1.94740730832153,3.76034154804653,0.471983979894683
"GRIN3A",155.942325729226,152.73179018616,150.081951293953,151.794691177983,156.053085645001,0.378252010712241
"GRK5",0.81950540463236,155.079550877514,0.7791085970012,151.967096000887,0.989146864158852,28.9829502986092
"GRN",1.51524077343899,220.70008847211,0.447757584067795,0.696691693303405,212.676660057747,2.48460140906541
"GRP",0.869840425508066,152.646437588897,151.602301478381,151.720092748557,163.784722195563,0.494438551615408
"GSTM3",146.51069767,1.07591958895533,0.37700419040782,1.74779726860163,15.0771672576957,0.936331501051496
"GUCY1A2",216.116580771776,1.11771625379727,1.65781772080787,0.665557578119143,215.341518031353,1.23428585445184
"GUCY1B1",1.46898375588809,0.568232369328581,197.426785762269,0.867057685248455,201.936928124136,0.311020602621781
"GYPC",999.998937502494,2.55491257529776,1.32899835459233,0.780473172469848,1.82143244714651,184.495594815747
"GZF1",1.15477796893916,0.488529141764671,2.21104022419693,212.524881287422,217.941460549152,213.226737952012
"H1-0",0.98292552173149,0.405045001555665,154.751600887525,158.551925981969,1.03991609725677,15.8961824995427
"H1-10",148.849373645341,3.15335111166017,2.43862843377078,0.928079369565458,0.7367165902663,0.295359188555719
"H1-2",156.177875214817,10.3493328566527,1.5917218573731,0.873993930219734,0.936610693324949,149.719635719401
"H2AJ",0.813358601195084,151.550194335979,0.337849840583035,0.920632324910769,1.13271482799262,147.105683787671
"H2BC21",154.640690182256,0.447856009873178,149.248694312889,1.77931838160725,152.495813448858,0.857720832789221
"H4C3",152.234774961405,19.3168017023311,0.550212011556212,1.35860520056998,148.732221117196,0.610822563290384
"HAPSTR1",216.966010565339,5.83375094953243,0.703084061857704,0.813133407865731,218.364946355439,0.705066850176017
"HBA1",0.442633931526237,7.62685304144963,0.597614189465467,0.58379904145513,1.28094802058635,192.094283200397
"HBA2",0.397497653518938,201.023711836408,0.305435761854554,0.527599205128083,0.873835366315724,198.383509164655
"HBB",0.360312341968976,217.140368480006,0.257471619383585,0.538604979287443,7.60315544124638,213.435801416066
"HBEGF",0.601077668241639,19.4225392980035,10.4772889040139,0.54724694465391,1.72101951151576,16.8650796860102
"HBP1",0.727215183637676,5.49501157733282,0.646682383916613,102.890188280188,4.20619951143745,147.873665467789
"HCG18",149.087912687796,150.38609490197,0.523933430931888,0.635980114133488,1.9332731320778,1.32888094058248
"HCLS1",1.25439573467625,148.957918703446,1.98011748242126,0.767412599175013,0.608666576469575,4.20571147972563
"HCST",152.191779310629,152.037611749017,0.445906892205229,0.925757084448539,163.868222374171,151.128379083152
"HDAC9",0.804784846594686,150.488522020751,2.73958970870564,150.956204253317,1.9609519456483,149.794979222451
"HDGF",151.96960903405,2.9829452454109,0.260876811124194,0.694975522612158,156.583792007206,152.32625945267
"HEBP2",1.13826442536852,1.47976844399168,0.378939689301648,222.56327415032,225.826980676781,1.64672777135021
"HECA",1.25813263176289,139.040377111625,0.87712652924036,141.042082492686,1.4772198600941,11.8748582850463
"HECTD1",0.743500562286326,2.82571379160244,1.4790544628872,0.54132368794867,148.810254437683,0.433218833017878
"HECW1",16.1219478996062,152.792438711922,149.319989097316,156.130697257681,1.48405179927924,0.436461067964052
"HECW2",212.808593985822,0.626174959959466,207.104023694895,209.930775313524,210.222890081404,0.715914298044406
"HELZ",3.43525569819478,1.75391708550995,0.604162154012924,150.496017531387,154.078893473824,150.279620121419
"HEPH",164.970159561899,0.397150202991042,160.3094175271,0.548601866732194,163.085978942951,21.8845810063227
"HES1",148.813930358755,2.37428179434691,0.564069381827175,0.721088937899065,0.880674377669627,2.99984656833796
"HES4",4.92837436359132,223.661032183477,1.36159772248098,1.20354893047404,0.513975066463941,0.374994607315583
"HES6",217.94821136558,0.703248459634032,9.56472316033922,1.02286380159014,2.67854679778822,4.66559116909126
"HEXIM1",212.57318395929,219.210790861134,0.520686478101069,0.583214597354636,254.72800839531,0.423257557050713
"HEY2",153.483358563024,152.887207927543,0.746600832833829,150.202558902649,155.96835192945,35.8427866581839
"HILPDA",1.10237035675999,0.831015571025438,0.326029624190961,0.545059876463894,229.514963592947,223.562112016752
"HINT3",3.01836603004416,0.444524472067336,1.1521978516325,0.877559348841125,147.175552538997,0.388409914448834
"HIP1",1.64915824718809,11.8542684875477,1.10196899365815,0.554379671297327,1.10386460140684,212.447228580709
"HIP1R",4.31906629860323,4.7090587203765,0.317681581608785,0.304474108469807,149.776518438897,150.139864942815
"HIPK1",150.493675603617,149.122122575008,0.397006842357122,3.62125492185838,1.72179308740003,0.879062440805996
"HIPK3",178.734810164604,202.30445538481,202.975084285964,1.33086899281957,1.17944319323711,0.377540577940619
"HIVEP1",152.550974421422,151.592678230216,0.717196580421489,1.56166082534389,1.91898529299293,150.365661420192
"HIVEP2",154.337613149316,152.405368575857,0.294774094819829,149.082301213376,40.3850743302117,149.802664811159
"HK2",155.843413666678,1.38894653551508,148.899701328351,0.888219320956097,153.15185972539,0.792977884195047
"HLA-B",0.380103226994972,0.84899608834773,0.192315471210357,0.370799740330699,0.957408125792284,145.716552830305
"HLA-DMB",0.911538926727569,29.7276803791183,1.60669803350289,0.892115693073036,1.9116609194393,208.89752340142
"HLA-DOA",157.090514017747,0.994574413753301,149.811260371009,154.344040852794,0.627870968096535,153.045962314864
"HLA-DQB1",155.419409359237,149.627598610519,0.475029933427078,149.521825957724,1.04781173949799,149.534724286062
"HLA-DRB5",210.129974977786,208.330576467174,0.269480179110372,203.357945014579,0.514118642747926,206.137070262523
"HMGB2",0.749872426935516,2.50085173476362,0.559062531188217,0.422261005965358,0.601677491437148,147.261045698775
"HMGCR",149.139887712408,2.16506484701277,11.6573650373648,3.40253389813066,0.960275968839397,0.341805230738432
"HMOX1",0.999157887406235,12.2813125176359,8.42866531629633,13.051889581568,0.457195620157467,11.5026152927219
"HNMT",1.40784896505651,0.746380081649342,0.85770514762755,1.04802312326567,203.971706505537,198.499461136639
"HNRNPH2",1.42488458902714,223.360793533654,0.329121981108376,1.32281148355797,225.45338738713,0.485017308473828
"HNRNPLL",2.22144265515312,152.675151475153,0.456359915750742,0.705238122067231,156.322009282923,152.328256060832
"HOMER1",148.85848726007,2.12300443674047,0.891029305707336,0.902272517579071,151.577914901311,13.3913501098342
"HOMER3",3.10913270212395,0.901010675760227,1.70838474969428,192.289155356185,190.252449375127,2.05597895770089
"HOPX",0.744989915452063,219.331347661619,0.322845790624889,0.399915118964589,212.478524191751,223.194396007871
"HPCAL4",225.589860434152,213.460492283522,0.417416675139275,0.890685293778589,217.757924689479,0.502914659792354
"HPSE2",0.782096337341256,147.46011460954,1.52556215443216,1.52563519417779,0.738166451250533,1.66407006904397
"HS6ST3",3.56167492526994,151.745650689381,1.87132590311408,149.277763211584,152.445325095256,0.935818869118684
"HSBP1L1",216.057891635089,214.620004964074,0.704096730508538,1.05128418729896,2.39300779507348,0.988866597432688
"HSD11B1",145.678694639211,142.823050185192,0.913325756967869,141.937162794723,1.28236676664331,143.996365673167
"HSPA13",0.72190826643008,59.8834646883994,41.778807835425,6.59060811274179,0.506669232688012,0.260535351979671
"HSPA1A",0.561117749698042,1.03099939091444,0.796989498962552,0.66883285007484,1.0022221957318,149.561277395109
"HSPA1B",0.663305318481841,2.05875221848881,148.822339727906,152.65211713207,157.147999033121,0.435845226566533
"HSPB1",0.480996802464678,210.209677100892,0.270522292644542,0.715890488080357,2.81722019439931,1.78088769915573
"HSPE1",176.897318596262,0.653030478728974,0.510500584939884,0.886769000036184,0.480395596766523,0.487563346425282
"HSPH1",219.36251059379,0.946406095837083,0.509823445501772,0.545991935833536,223.196046626615,0.640730409836764
"HTT",0.748916470516809,149.253221531921,0.856543651706072,1.21262598437274,1.43297351886758,1.39936075877924
"ICOSLG",155.94548531172,0.333938563189038,150.469844190192,155.191663483368,156.837929861896,156.889523317011
"ID1",1.33560847693951,4.51773657211118,0.5230480411577,0.603687356117964,202.489287824705,200.001705947887
"ID2",153.743001513697,1.29586905514204,0.344070418269631,154.7226083407,2.36766924934189,149.879515728964
"ID3",214.273937981405,219.823133257663,0.475189253813019,0.480404115875377,0.536964615310361,0.939783316441543
"IER2",1.72428749692241,19.3528359187078,11.8815732391398,0.943681119304259,0.505221429952972,21.3583720166383
"IER5",0.929555505031203,8.51998571505229,1.84460349057812,2.27419716777322,157.125184860852,149.205067640175
"IFI44",155.026965311985,149.331139018326,0.886268648531089,3.10259017601869,153.286348397752,0.690791873542825
"IFI44L",67.3816518759758,57.4660323843464,0.343733647537866,58.4156190134045,71.4857390071972,38.6787045311507
"IFI6",221.847884239447,220.132547001295,0.323336013591237,0.489324984764141,0.954352042499551,0.252423217062199
"IFIT1",157.214933134257,0.388236967157854,149.853415681194,1.00394986040668,22.2135252209047,0.450084499367356
"IFIT2",0.88591032610944,181.542781445683,163.783249087482,183.926561365537,1.9181925114182,0.983062899623974
"IFIT3",0.615152441508819,1.67800621370204,215.318209816146,0.58824817107689,0.85649199538051,218.459406148674
"IFITM10",157.101890368407,152.659637775296,149.469082030328,170.762722460558,1.65367753546495,0.390088873944487
"IFITM3",0.432220660115178,192.417651373195,0.157140892335697,0.306291946836453,0.586436306115101,1.49626852928984
"IFNAR1",1.66259722594153,2.09198029511356,1.41950798505009,0.505438529382663,1.54334560718881,215.679278252514
"IFNGR1",0.520418370359526,1.3596464883134,199.361286977907,0.699387542050976,51.9166949443671,0.63025876149238
"IFRD1",1.2523663168265,147.22344037944,0.787957511807033,1.11311580686485,24.5590154820536,0.933977185384751
"IGF1R",213.553745933088,6.54591755624522,0.423038644180452,0.783226152916998,2.52255318996407,214.01871856858
"IGF2R",152.622536755472,149.561421069993,0.808008253293815,1.25924158080985,160.868219882212,0.909880789113517
"IGFBP3",0.394891130432389,152.630688808822,152.759859654298,0.792382104667033,0.341675290643627,156.86675357749
"IGFBP4",36.7258970971465,149.046596368097,1.1142356831864,0.828362760253279,151.487499008771,0.680706192889545
"IGFBP5",0.775385445831035,0.454822462325307,0.831457473837868,3.10113216009346,151.862003599696,147.718323810772
"IGFBP6",0.610873615061281,4.7868053304622,0.604646969948211,5.36753167218879,1.4635259771298,1.03446857387649
"IGFBP7",0.690223841453659,1.38396733125242,0.235732053493116,0.407795184125738,1.72349434370347,207.418302165442
"IGSF21",159.152912184772,155.897151757993,0.682620387761192,151.622252443069,0.527828754751641,154.045942002837
"IGSF8",6.50710183675243,0.307161168066241,210.197737054594,213.945108981318,1.76544703695314,0.739711096510936
"IKBKE",165.754742585027,9.66193497592094,148.378132089789,1.78647982395544,0.806706321269734,152.335045442785
"IKZF2",5.35509509513589,151.404021076611,0.523025385126394,149.82890245958,3.3620467311144,154.242362827816
"IKZF5",153.56161280817,0.467873655168071,149.595947214876,0.627594961244352,153.786024739862,1.91838634479225
"IL13RA1",230.077743424789,0.664264337077406,0.621480400240483,1.66328256523036,0.542733027040353,226.388700818821
"IL17RA",0.905394586054091,171.391744263342,0.60312736436876,164.200772563356,171.161279264644,21.6866567084364
"IL17RB",0.636273343889594,13.1768619820729,7.62580882467007,0.419002426812567,23.8997549847563,12.2565834108236
"IL18",0.672701300474122,205.905315377035,0.816022255747486,1.02551035724596,3.30676708761593,204.763078544925
"IL1RAP",9.28904300835282,148.966900158405,0.757484281501759,1.12992333490966,152.206408343881,6.17075062734295
"IL4R",0.523343613693251,15.7417166962669,9.26738370586288,1.01637296820034,33.9183869602107,15.2447040043351
"IL6R",135.5965210528,129.459384805925,7.60097822578629,0.65484717721275,1.41419865671087,128.283462497085
"IL6ST",150.387556826757,0.687760257377303,0.274901848850922,0.379205190542847,151.902006326863,11.041528186816
"IMP3",1.39362106171636,0.583110388683714,6.07385884151935,147.084147826268,5.7156589081798,0.562310082844878
"INAFM2",0.483562288406416,149.294194863699,0.902492544761031,0.665017500516318,1.18732159344535,150.374212364532
"INPP4B",0.794078575644949,152.816900938854,149.319556619989,158.584220890896,156.363620343123,0.513928685018879
"INPP5D",98.1983207392907,0.382387070442355,139.166760155725,146.586028078211,154.929166286154,150.314000889142
"INSIG1",149.049026627062,6.93798270585269,0.559691325067566,7.23107831181757,150.21823926068,0.485814923955243
"INSR",16.9568712777244,1.06709438103221,0.414807437049476,147.061010535365,152.30303305975,0.788000934138854
"INTS1",3.40157812647276,0.44617181742845,2.90900875454008,150.284948149199,152.332935557183,0.999500531217172
"INTS6",153.925029056783,2.0559790030889,0.561927711633319,151.501969312979,157.234202559892,148.829063808566
"IPO8",152.645355668037,0.596676015965974,148.762233151377,150.178750303479,3.92916599734506,0.764445105433868
"IQSEC3",1.65388035926846,1.90519273448933,1.28223365201075,2.73798314746794,12.0538275613545,0.764081009255824
"IRF9",0.806859338504255,0.995154892017016,150.007913460692,0.484678563845605,156.304671840231,0.77615866545488
"IRGQ",155.922200208877,0.426885234290015,149.690113884799,2.15812132641218,153.377583740573,0.475204479289753
"IRS2",1.24287583215566,10.8387916871024,0.396889278345118,1.98019669516274,0.703839672615811,0.403570931491007
"IRX3",1.57736608659999,6.23779804313163,1.30878621345241,2.49578997332799,220.798080726842,201.897442503205
"ISCA1",1.39498195114482,149.430188101947,0.388308160487214,0.77559087928087,155.074212308849,0.604089499438007
"ISG15",156.825787999944,1.02608040009159,1.14296343586478,1.09382365435189,149.645178399913,0.723475097955617
"ISLR",153.48741377745,39.9992933269122,0.793045365587993,0.504864485242365,156.991582738744,147.978170718468
"ITGA1",1.47900204617115,2.43580644633636,4.63506495114953,149.810852228621,68.0979194381715,149.700489532082
"ITGA6",0.597779422182104,1.58111748705324,0.550938634428738,215.055505631217,231.958906090777,216.790695991706
"ITGAE",4.11218390653466,1.02136747208699,0.582726821645953,149.371587334615,152.820169221723,0.792741996835109
"ITGAV",7.59034161376741,0.830484542940364,0.612830935287456,0.425108223347105,3.29213565446961,212.429639586276
"ITGAX",155.861117124124,153.939658705848,0.563938870377863,151.479490527622,23.0942485683415,151.002571150386
"ITGB1",0.452003882631219,1.73054310186837,0.428901251318234,1.05379352897881,148.934647570447,1.20352699456705
"ITGB2",127.868372515136,150.494396690068,0.804673345406228,0.779574453461608,0.755861039372413,149.077459798594
"ITGB4",214.76561188131,213.757911501477,0.203271911961682,0.34330849160625,212.65480572382,211.554485019131
"ITGB5",1.02524816981188,0.374189465335876,154.131875446776,1.57617060023179,0.68241206536416,149.369645944917
"ITIH5",158.059048732538,152.882980887785,0.372613479148024,155.147345678976,5.63949654450908,149.049607869108
"ITM2A",0.402170407713173,148.85045744242,0.933164768625056,0.455268833096103,1.60375243262181,1.75828560733915
"ITM2C",131.11389665792,0.563586469724683,0.133518997774569,0.24769660954542,0.842830953427021,0.414944777831031
"ITPKB",7.34483598557036,1.19813527025962,0.329072081288533,0.470932718691515,3.46176609262252,10.9955456349931
"ITPKC",0.80065671745395,154.33484744416,150.438789449038,156.909476740711,1.58768665214397,0.589547417866537
"ITPR1",0.721233396542755,152.474505074023,153.394250780171,1.08255166458687,0.803889173273553,0.58927219296907
"ITPRIP",1.12555194878198,1.45643748528392,150.024102834042,156.867361060247,159.143769616729,0.738433673500141
"ITPRIPL2",154.195318393599,151.732830841969,0.374300681152734,0.688117338878402,157.076494501967,151.549788737015
"IVNS1ABP",1.30375892940179,152.499229435969,0.567768110689284,149.691390480041,0.725824699328022,149.37277429825
"JADE1",5.76840975359466,47.0891005634311,1.13455635140207,215.197167271234,0.468721298748742,0.56078856425904
"JAG1",0.411701828808537,151.060133325413,0.557266702420462,149.426349587469,155.850912390907,150.742694400197
"JAKMIP1",223.317945267752,220.41954278268,218.708511072885,8.90078068200451,0.410968876203382,0.577817813910181
"JAKMIP2",1.85625151947171,0.683894028635098,3.00332155595475,106.014125529898,0.959353971561472,0.559276935492654
"JAM2",0.79197161277261,0.710325891330059,1.37120095332087,0.620177572651208,156.297728747863,148.817601411625
"JAM3",0.963145398673511,0.283758066073152,210.641349208114,224.546245646073,0.591314849141419,1.45455448334613
"JARID2",0.66674490768642,2.03632276179315,1.13184976230419,4.91782523295587,213.769382501853,1.57361328200209
"JDP2",152.327615690251,153.023098473211,0.54141611404417,0.82361068576358,10.7485629724122,148.578167214416
"JUN",1.19373859490347,1.1305380372618,0.40700776150951,175.217046764061,206.896178512208,208.787266706288
"JUNB",153.882864199014,4.77711344928886,0.37949127825458,0.385246470639949,0.595659374785609,147.286175379988
"KALRN",0.964249811952068,155.345859388713,150.988706488244,161.517442188534,157.422152662701,0.464645233661942
"KANK1",152.542859133883,0.579744514652211,149.159809255655,152.529046426444,156.792303311232,0.562048918142205
"KAT7",1.18697553226424,153.56205820659,149.394082035109,0.756399764674994,160.113406537514,0.394705258608989
"KBTBD11",159.463282950467,0.624384432419745,0.533616810236996,0.700432426742284,153.059337175842,148.658854818917
"KBTBD2",1.1950886809975,1.04144957414461,2.50863685770452,158.368883992024,1.23624728241312,0.653072180642406
"KCNAB1",1.01549564995763,16.7278603346266,8.11740218826339,13.8138349719691,0.472598449805469,12.9493943157295
"KCNAB2",1.03744495150696,0.849989562769701,179.289802506602,211.115557084725,1.90824444254054,0.513706825862841
"KCNC2",206.928199599781,295.459117751646,1.23118644505608,200.334433000085,0.767081183777287,0.834278660932741
"KCND2",0.566321336361126,152.917713233322,149.660936560224,156.895040628326,156.245428264032,0.876182487731041
"KCND3",1.14557365722148,210.376341759071,0.74540966346751,0.8088015081352,0.86442105560367,0.199270438751331
"KCNIP1",154.857890129288,149.692371291977,15.0753182148134,149.615884138565,152.59908063877,0.59410652370819
"KCNIP4",146.305626603252,0.843950490946366,3.64244684626736,1.07409141179421,5.81728599080237,0.292245947196853
"KCNJ3",0.545753476640542,0.615498953349712,152.700211686278,1.94951139342628,160.535369597574,153.820699666648
"KCNJ6",0.831702912965322,1.15808921807637,148.825418174747,5.03570330106521,2.89050551207174,0.163636684704976
"KCNK12",211.342411214356,1.38761690621987,1.30326825706702,208.016062444881,202.204275978387,0.855939522372104
"KCNQ3",265.958980185665,216.90516773068,0.685933782417363,0.475626349461926,218.558400589361,0.338129893553486
"KCTD12",0.784813777546164,1.01866462564996,0.447700039154938,1.81287410153085,0.819988367569342,12.7475485650933
"KDM5B",191.268586863392,188.538532882437,2.23594920923214,186.297769887219,1.58154603614257,0.871098426836168
"KDM6A",2.78320771940245,2.30613165012052,0.694290265902663,3.42814860546035,2.08253999345297,207.483967096492
"KDM6B",6.95170427097894,152.986878198162,0.98626407615777,152.784405387877,153.023985814677,1.45777494416305
"KDM7A",192.483327874524,199.40791781046,0.741880869190522,192.776832917624,195.388118499751,1.08466627598748
"KHDRBS3",216.421297271019,0.691608404736923,215.897847092852,1.17298787850107,0.52235199855535,220.569359606041
"KIAA0319L",153.850283475736,0.910543620567757,0.761119032813738,0.43273642370638,154.020361500904,149.299114744047
"KIAA1217",1.45752868927178,210.162260229401,0.327637177461185,4.51840685264451,0.705965701913886,210.968849860164
"KIAA1671",149.773277173199,149.308356799037,2.85078965818366,0.721740776492499,5.08452622937649,1.05682384478992
"KIAA1958",1.0500590207859,1.25255479886421,4.02828926453229,151.081292644692,5.28188398311749,149.648702733216
"KIF13A",157.736642521683,153.0283348839,0.452839937439119,151.159747961144,152.724004288972,0.961210864983133
"KIF19",158.924736063385,0.867436555356825,0.655643529139994,0.957951723125755,159.075012562588,150.165057714608
"KIF1A",0.659589595311288,0.660215293648888,0.668279189350346,0.576401195180081,0.784801909446575,0.172401716929201
"KIF21A",2.44092385283609,0.568911121484976,0.820821474188166,0.478050658258042,176.071919924293,0.1806806459631
"KIF2A",213.241648067005,208.820893472805,0.718148233153475,1.10671646846616,205.241734623359,0.539046823623738
"KIF3A",1.00419914915987,0.779607020307573,0.392854969059277,0.661009390083736,211.279316483534,0.22389890212009
"KIFC2",3.27157857462856,149.610650878943,0.98834464009295,3.21611451549349,149.842612501982,0.516039396629706
"KIFC3",1.04113042067642,1.34809884878479,150.564373794336,156.932706859745,1.19937255707498,3.1717018862715
"KIZ",0.977581576559038,1.75957150286647,0.668280346130984,147.099224277746,154.300956435415,2.7839441670066
"KLF10",0.626047357549016,13.7605495445498,9.13500242052071,11.6813046308445,1.00090353028237,11.6501836939383
"KLF12",3.59803194888513,149.485264186413,1.19961922581996,0.925264315051437,1.37993689909485,0.866575742123652
"KLF7",149.754700873354,0.437045200845778,2.58511341910801,1.21642718972154,155.537078935483,0.725510048548698
"KLF9",214.324921833442,1.41441258908192,0.486387316360891,1.01138948858836,1.68373509012007,0.695582732957588
"KLHDC8B",0.851698932832775,0.957227920144471,168.369599188341,0.93185810523454,148.087859809708,1.58699367545901
"KLHL1",204.032696068632,179.928579709395,202.757502410239,0.680750836387221,0.936417339675893,0.370619748811972
"KLHL29",165.016051696182,152.734840072147,149.837238887663,153.002071695322,158.629290412859,0.354411241912605
"KLHL9",1.17168846653962,0.979236931763689,148.985982496395,0.697502029034345,153.760124574381,0.490029366962426
"KMT2A",221.846211087929,6.92706484795842,0.53385246291,0.499826857475011,1.28781288058467,0.605829587231589
"KMT2E-AS1",2.88005621212521,0.47246940035018,151.602888784529,153.793776539807,158.358330234906,0.842880164581875
"KRAS",0.899429293560171,3.61840751457305,11.719998178809,150.050350489913,0.619458640474254,0.729453951089586
"KRR1",0.558633874645587,0.430554056980761,149.947021513755,150.844679720954,1.02115976000046,1.61154674732983
"L1CAM",1.22779865874315,209.491858436405,1.14310716101626,0.726450977116626,208.40023659675,0.36173572626829
"LACTB",198.38941507325,198.363255683532,2.40535093667038,188.34836168236,200.213998756383,0.689050381008439
"LAMA2",156.059825964111,1.65476053455849,1.12321690952838,152.061383871289,4.25846097809646,150.297154349028
"LAMP1",192.692237904557,0.353850533214774,0.598469394250488,0.647430437057031,1.68632703878742,0.870775952224077
"LAMP2",148.307130612671,0.415773085114036,0.626662499028078,0.687180104088598,0.387620428696108,1.55499625530059
"LAMP5",152.441414386052,1.75127043277592,1.80896677324742,150.35017317701,153.399089775374,1.30621722688258
"LAPTM5",1.42065630890612,222.560761531258,0.369610087360819,0.366687121336476,0.501442147911139,222.967667371168
"LARGE1",265.714961746469,197.297872812717,3.85939052222721,0.782219217362242,200.339658656392,0.702584218486909
"LBH",156.439545328347,0.771218461374701,149.618640656997,152.471390532398,157.44398889328,0.362460506193347
"LBR",0.623104988616777,150.449838593348,0.383126002289656,149.219165120466,153.794317518103,149.453262955087
"LCORL",0.672935064199461,0.503477096228393,153.335971572711,151.717098961083,24.0714022645499,155.355043796982
"LCP1",0.651980685796353,153.006065903581,0.549556455880014,1.61743219057348,6.19406149132422,149.84571724114
"LDLR",147.776724513541,0.501810473810995,140.839134379097,145.597630321083,1.26365036787589,141.17410450085
"LDLRAP1",7.05451529376051,0.792297822415722,16.9605012904505,204.481445455847,206.15118756228,206.960719170908
"LDOC1",152.297318989507,0.431290380020557,1.09050145001347,152.658213610202,153.582012401469,0.328651210941903
"LEMD3",152.582000311663,150.331096465787,0.545928148105805,16.5737857856264,2.75067588674734,1.04778727012856
"LENG8",1.50589892667174,1.40157527743935,4.69497541175775,0.923822016462847,999.987953886781,1.72009263634337
"LGALS1",1.06562208377691,0.436673305569617,0.255950456018335,0.661177912422659,0.574232505945292,1.30058624883945
"LGALS3",2.08263215372541,149.090218748265,0.391011139035615,0.787025109886423,154.369691850228,0.818183389214606
"LGALSL",1.36516596333368,152.640411119417,150.829054885885,3.04968087100094,159.978789188493,0.610193395514052
"LGI2",156.399043219427,156.670977837549,149.452644286935,0.907840227654247,157.332274124027,0.398109212244348
"LGR6",171.843951209404,151.905271805114,0.528608590368187,149.820219890582,5.73729987856991,1.5191167163406
"LHFPL2",2.50386832617095,4.72152262824127,1.97150225480764,40.9176169556846,0.476689644554114,1.01022758965238
"LHFPL6",5.24333116676616,212.043984526795,0.295587068430338,0.465502522125229,0.59030973118981,2.23952199199159
"LIFR",0.477342292730131,198.243548682695,0.213959108557129,0.364169120189531,2.00711195532176,0.898052417019326
"LILRB4",193.255237715149,199.490110763238,1.66184681562315,1.11595321151518,1.12302489578162,194.879203159861
"LIMA1",0.831453175426355,152.403191239434,0.898119144303842,0.868906925608486,156.720245302345,149.029980990771
"LIMK2",146.672168792718,3.68492463487375,0.792124028083279,1.41735269851805,4.08024095593628,0.685734367773827
"LIMS2",0.431131224149958,152.572503094073,0.846165912603486,154.511436134891,1.04517774843173,152.437630395499
"LIN7A",205.096487142723,207.335651958646,0.614743129519973,0.544283085441104,204.728366184924,10.4795420653432
"LINC00092",10.3990075158255,0.990290195158214,187.519040540734,1.3883962831866,187.370034954706,1.59998056075947
"LINC00623",1.36287294875347,149.318096806633,1.3512915606448,1.12940924449126,2.32738273062757,0.864113008289141
"LINC00923",152.833274814496,3.53117213769107,5.75782442159656,0.98744341722136,154.282501263191,149.083752907562
"LINC01088",0.666047714110831,224.786671885953,0.349703565341897,0.668648564255168,0.99123115966746,210.990131507993
"LINC01102",156.443511162298,0.378363617188996,149.445961631118,153.701966059008,158.823934930931,151.139634169416
"LINC01138",52.7006131606932,36.1133151337508,19.9456381358186,0.519092433941844,1.26583774919921,36.7256130474806
"LMAN1",149.772539782904,0.64980156941952,0.990418546628341,0.752227703069149,150.6340096791,2.38481266355921
"LMBRD1",148.75918012104,0.419151437763941,0.724658697089515,4.56310303514309,1.63744809542853,0.411726306313465
"LMNA",241.874487214281,222.817143227086,0.298197632010693,0.738276790955081,222.391634648987,1.26262089894604
"LMO2",0.64619382443984,178.092105447342,0.979767365998053,160.527658021086,0.778269357772949,180.818025051953
"LMO7",0.654382949551931,149.084389610242,1.24682509830441,149.640919467929,156.772857627203,2.15295897492101
"LMOD1",0.411239710921278,195.591353623715,0.532168360392925,192.437854466922,2.27398018925579,192.483007354922
"LMTK1",200.79466441716,0.626547421172686,0.536876162651916,3.08231863725722,201.297505464755,0.277548485757803
"LMTK2",1.0949593532799,195.773989310332,1.40811683455322,66.3376419006433,1.40487419120993,0.994293422312309
"LNPEP",148.643955317276,8.63129670654905,0.71851205520609,0.657445356067131,1.02940973014686,20.0864856231514
"LONRF1",156.176647881856,150.826219568452,0.450569249629427,149.349735600871,2.5880567537497,149.341250885884
"LPAR6",37.2719528541433,24.5996071225568,14.6507478540051,0.679023853090771,0.629293375806883,21.9341520901318
"LPCAT2",1.45531050362323,0.812116474042015,4.48007789785556,0.532906929652582,0.493523219733209,206.820434802708
"LPIN1",0.419893009206551,0.724064787605295,0.412006286329971,133.634581305957,2.23001448234641,132.997863630284
"LPIN2",213.8046553894,161.436106716298,0.541564514047842,0.676442283534513,204.895753881265,0.855902240101177
"LPL",0.852663699412475,17.0780032918806,7.43243885549482,0.583532058472623,27.9181947273097,12.3459231358087
"LRATD2",4.18010961085821,0.875473286102517,1.17969829470117,152.476986445651,2.02888639858401,148.876205317983
"LRBA",1.02035354127325,3.0318086510034,8.36232199884462,148.571341640863,152.919119596999,3.38503251750077
"LRIG1",579.694685041143,1.05774295805814,0.318770491922903,0.434298224163563,217.513014521455,221.537961074792
"LRP1",215.825879216142,0.730381482894375,0.35243594163292,0.414957239104553,0.751365050818501,218.237660429155
"LRP12",156.002044191119,149.528045568477,0.378783204712599,149.67288549984,155.78039998433,151.836586808522
"LRPPRC",1.96815653273039,0.606621926736047,1.37872585392282,3.00438506343781,221.989108843578,0.50647410351527
"LRRC3B",4.92268044563139,0.935559653945577,4.72466906121514,4.40926746667205,11.6612786548724,149.027938780666
"LRRC4C",4.25428152705132,198.826482355819,0.73577368452659,175.363229028321,0.658810813626246,0.916925765036643
"LRRC75A",138.608870932597,91.9247969088468,6.41095213594134,131.563096558267,0.567342782971216,135.691975433619
"LRRK2",149.021306060005,149.673701798592,1.17703954753476,0.949841497424522,2.65202489935133,0.660840514995972
"LRRN3",4.27103209324643,149.631590468057,0.967162859797983,1.79140193316355,148.979412511608,0.419125878028878
"LTBP1",0.797466769044081,201.94409774285,0.722903222693467,5.99567344218592,0.505127269388242,210.767308947074
"LUC7L",3.84797649523708,2.98086697765729,0.973869205407241,1.03245376916084,146.834265046602,0.594616266740552
"LUC7L2",0.836071284041532,1.4865119868895,0.633207086182421,0.814451375923162,224.660475756255,0.799289615652943
"LY6E",1.11152997064216,210.933777375432,0.774227881392811,0.883609899337359,0.62703189069015,1.2861748599792
"LY6H",1.91409183024509,0.371930129798611,149.982632166993,1.23588859491632,156.065192334799,0.227934527750297
"LYAR",1.40951481334359,0.697173813833805,152.51510204592,2.34023680689446,20.1128200879576,160.21207469192
"LYL1",201.528685760044,0.706959125902854,1.27733751142746,203.925281324263,204.283105384987,201.933161049081
"LZTS3",1.30214813133198,0.848278554633576,2.56535502987366,0.595910345300715,3.59555821839533,0.576869503314154
"MACROD2",157.267129392249,0.940173411867869,151.351021349073,0.63422632802271,166.834009784855,0.538174296096727
"MAF",210.640422656216,0.716264263072436,1.26995859470658,14.4850256730343,205.974463128322,212.211260890403
"MAGI3",211.091518373637,0.924000025514039,211.566297896572,212.597865298699,0.756947202232902,0.556669023851387
"MAML2",2.51124417758848,152.398324211861,2.16604798981156,151.412077080038,154.069355827811,1.57804592068306
"MAML3",0.532542594947558,2.28825386944331,1.00224771466963,0.862778343676874,152.396169586317,148.269979294427
"MAN2A1",1.90280105249723,0.539531858049162,1.20795958278069,149.661433845064,155.79408932027,1.21649907555296
"MAOB",2.97683933509875,214.592612357981,0.450318013035484,205.998750521091,0.633776251797096,0.645669455497798
"MAP1A",1.09865165989406,0.399841458560189,0.232700738418796,0.303237362201194,4.2963006444937,0.199595933674759
"MAP1LC3A",218.53321426149,0.863747737487422,0.357932366425389,215.77368213794,1.79463540156046,0.22078103897037
"MAP2",1.99508686447003,0.589951955087325,0.26680306678076,0.352019929755586,10.9241037158746,0.192738113758757
"MAP2K6",157.210359124493,0.494769309830552,149.851054459157,153.263977255061,1.12826138644434,152.288230602924
"MAP3K12",152.742600639558,154.023489748612,1.13344523745465,0.700633226281627,149.59664934478,1.01042471344009
"MAP3K2",1.93888036698123,198.826112435609,0.289151219274918,0.766350782381959,195.536007893539,209.412415847456
"MAP3K8",1.15484979347463,149.002268954522,1.03401957349489,1.27907449644433,155.475810712038,15.9022657411937
"MAP7D1",0.43635810604355,0.657580041843698,0.828911633178888,3.51976953962804,1.02043725337429,0.671920934624366
"MAP9",0.972617815547173,0.834130682221703,0.846257279321938,0.522093460480664,1.20639908146812,0.241571659450398
"MAPK1",1.25969918828817,1.26628778747951,1.75387166274441,1.35557877068892,0.421619379681114,0.531420962640327
"MAPK14",1.3470823664893,149.019538995707,1.15435394223324,0.58221010460166,153.425559507139,153.725124974732
"MAPK4",225.46478546614,0.909637976415712,0.434528258289508,0.707640541528343,227.482252310816,222.25194881467
"MAPKAPK5-AS1",159.1184716422,150.333652395872,0.883766064210929,149.003396285542,0.936857903228243,2.13121809469797
"MARCHF3",152.480699306057,2.00692540967309,1.02558823030789,0.799822474622447,158.305695673283,149.50366546419
"MARCKS",4.94221985954107,147.358450661009,0.216316209268034,0.379147175868361,0.577706684872544,0.35872375282129
"MAST4",7.783760972503,1.20504385821916,0.401225335744535,0.81081089276572,152.168229206067,150.153429493961
"MATK",150.325820791309,0.835975790314214,148.846510304962,1.39191313498121,2.24339205429606,0.501167908181183
"MAX",154.292128005231,150.037992015628,0.439966811732273,149.543019320699,0.874594786763963,12.2806668587237
"MBD2",212.29140746347,1.43235209115467,1.98033820623265,1.45510963362159,1.55627911555221,1.59324356141545
"MBD5",1.00596126585708,3.43612829330594,1.10449673462579,1.60357602698519,204.243997399478,1.82376287695587
"MBD6",0.758761305029799,0.542671527329862,147.126753201769,4.11365302587493,152.779674864876,3.76960339701174
"MBTPS1",1.01530240390483,149.441407295292,2.56566098386368,0.512418443801672,2.23859159252491,1.22665968923384
"MCAM",0.379835989918671,214.22855839431,0.650835639950808,167.226309989369,3.22742115988138,0.649107996890315
"MCF2",156.187305927625,154.131021178153,0.408852000790327,152.380351357101,160.167705484007,151.924082151476
"MCF2L",153.416540715656,149.898569292609,0.414017886242525,11.4932857952179,1.46942680516473,0.849585659830971
"MDM2",4.90484411219167,0.721025807251883,0.774529749865198,19.6886224835246,0.636650620086156,147.066834612057
"ME1",222.723818794326,140.588852063339,0.429595090076197,0.990941547292975,216.364106572431,0.891522750357195
"MED13",152.608627148523,0.5429865968094,0.523614925937095,4.07391327298058,155.582736746855,152.001423938547
"MEF2C",212.872082997014,206.576677171488,0.399473752458493,0.524977074111653,214.82229596033,212.122652582391
"MEGF10",152.821290677449,0.480170141507765,1.26543308241365,0.656204919243559,152.168136599871,123.082058756366
"MEGF9",0.729632969949471,213.099636700848,0.307556618282712,0.259652621629367,216.390054700939,0.644277067575852
"MEPCE",1.03539774978314,155.86940852696,0.966178776265858,152.62832025569,1.12050612413001,152.453854665377
"MERTK",0.812918584207796,148.994582411441,13.5134662175634,0.458513568812475,153.131733312016,1.15025380295926
"METTL16",1.20175996821566,1.00113874239731,1.37106287123301,0.63056056032835,241.263432235674,200.306897062864
"METTL23",217.509004448483,1.12010991812252,0.77271907826894,1.54206331390645,202.583726375962,4.77326667894189
"MFAP3L",151.643641830205,0.991218988808171,0.544333802694486,150.109546221963,153.927637933221,154.506633474793
"MFGE8",0.620589867682491,0.538026465169539,150.360372237612,0.70996669608696,1.57125126232293,149.397559444543
"MFHAS1",152.425682118948,166.499973705973,0.688816299396966,152.894329223417,0.575974264927886,2.40415080651096
"MFSD1",215.79517766808,206.280130243805,0.483214679184348,1.26156085009593,1.3465824706142,3.93052106306104
"MGA",208.297194198909,184.933096636306,0.623254141791847,0.513067234127423,0.53430006757378,60.9826150907701
"MGAT1",207.712709291232,0.901848603289783,1.56336873719738,0.513536430598885,205.156142324725,1.15178240745847
"MGAT4A",156.180578840754,3.13099456071041,1.05847996622887,149.011900757652,153.218117264509,0.923856608855256
"MGAT4C",62.7695428190509,47.5658165511833,21.3638102981677,0.975543827615329,66.5525010600241,0.562383468191277
"MGP",0.759587301532871,202.219598746551,0.692853951309773,199.123805378714,0.509381766766714,203.315698275379
"MGST1",0.894850440544236,0.713956701566625,0.168115768478513,0.341781142015124,1.57322751635152,200.071873858287
"MIB2",2.57361456774,150.730127813547,2.27376042525999,149.864348943767,155.745029361467,0.413312157035359
"MICAL1",11.7389906662832,150.053746152754,3.48587071192564,1.28369664874781,150.123211942484,0.728181158129057
"MICU1",157.31766492374,0.836631088596073,3.13440900393334,149.886482369048,153.813538172946,0.34725786426357
"MICU3",152.83272843825,150.508310595453,0.696495780996074,0.566311011925158,150.486993804661,1.0371071620333
"MID1IP1",207.898177654479,0.425379339232208,0.322465659978356,2.08952686913183,219.081356660325,218.118697410724
"MINDY1",155.954442649998,0.532645802718833,155.269590238069,152.337514399434,156.837632833405,0.535565100977343
"MIR9-1HG",186.000815694782,1.28134195221221,0.0863373904198267,0.181725943086123,1.6123728830137,2.32522746496178
"MIR9-2HG",158.359440431907,151.231988062471,0.225250670562187,18.4218413292584,152.15839755466,149.784833406071
"MIS18BP1",999.912836853517,202.014734623373,11.3729521646591,2.76709909439116,6.39536746020628,203.454865076308
"MITF",0.851672795995745,148.951522197203,1.25557370103893,5.21840515083439,14.7286716090142,7.69556230427749
"MLC1",219.54117050371,1.16083781596724,0.470610628723199,0.400974481706126,0.783965201750695,2.0429587659356
"MLF1",154.024559192045,153.391891335563,0.317115143042264,149.98217313129,156.287346105901,149.866704244724
"MLH3",2.11901363644205,0.66111671443578,0.970620806256964,193.899159551606,1.42722082385906,197.764700217165
"MLLT11",0.810912377944672,0.788447469285849,1.84871412468212,0.781315095182047,149.391827575339,0.206794504708854
"MLLT3",1.47194043307142,2.02885663311532,147.167663366618,1.89262660430477,156.239438902795,0.471622742265816
"MLXIPL",1.24594838296261,37.2952614018682,15.6936196625702,1.40422924701219,45.0008536782615,0.55569615368567
"MMD",156.73464382986,153.43020819196,0.461233797933831,150.483079948165,152.752762255002,0.918621217059371
"MMGT1",155.859965978084,7.32672755329804,150.756130258839,155.258770548827,1.04183458580461,0.904977622554634
"MMP16",156.84257261904,153.619666955863,0.403236237399762,152.437677179746,2.95896047961979,156.152299215281
"MOB1B",156.261498461543,154.015288753219,0.525257626208647,148.923272453062,161.807628194517,0.668259429640955
"MOB2",150.697830486323,149.308853177823,0.724710352754694,0.633216449322711,151.219375872609,0.533669474540291
"MOSPD2",166.411972789566,153.071906891002,0.653756680386649,152.68161888917,0.974833755188975,152.886300280551
"MPP1",118.847770939562,0.683529638915477,216.183195467098,4.78480735584601,221.55667328846,0.770585108540232
"MPRIP",4.24547705730696,220.826295170844,0.432941025700804,0.592544072319737,0.78146852371031,0.592248056652339
"MRAP2",3.28568644113298,212.857005025679,1.35316480411742,216.586847624524,215.058098245266,0.493795152288233
"MRC2",0.9432916587111,152.750392838694,0.943784532459716,1.51285354121005,152.67480299877,149.594925203651
"MRFAP1L1",2.26850780798803,1.76738024385591,213.311299886423,0.966631253668552,0.376226608984658,0.301151757414236
"MRNIP",158.219504653859,0.462266633165239,151.296141251508,152.985577750307,156.306028110891,1.21312868325636
"MS4A6A",153.094565164596,148.22929601852,0.641287136975794,145.520544558574,151.67839069274,10.629918111146
"MSI1",15.5411095788143,150.62663583087,13.3761085320587,2.0310547802673,0.909643539656757,1.57433897275701
"MSI2",2.9777520006519,194.616663889606,0.258501230625197,0.545210277952813,201.952331065302,0.35977732753521
"MSL1",152.261698753195,149.776516794159,0.26324987500919,0.854132643657671,154.601800728793,3.15341925326808
"MSR1",157.295947992693,0.378856630423946,150.092925800039,154.167661073043,158.46467756314,154.585380726102
"MT-ATP8",0.386285300390538,0.238948780277092,0.0862985414594407,0.129722591292342,1.15744914260007,0.309012042395703
"MT-ND4L",1.70718274834746,0.220100319660803,0.0917219810289639,0.160237503097555,158.91410363394,0.320129486843787
"MT-ND6",184.658387728282,0.800948024061858,0.134387345242629,0.195086551047663,184.800990663269,0.692424434561825
"MT1E",0.651972583399576,2.35196476317565,0.117360660674724,0.165690498029536,0.347779780248651,185.138650066936
"MT1M",198.620226267579,0.539450657509151,0.129303055795816,0.179094044743353,56.9697506279549,203.187728060297
"MT1X",0.515164283080801,4.00393320886934,0.104200650728339,0.343374806471888,0.54162911758457,172.582499824963
"MT2A",0.522843932248515,0.726810187086531,0.0583631191938745,0.110676243561414,0.233953933945328,168.966078761832
"MTA2",158.088527311965,152.606389924102,1.25316037059095,153.305486908052,1.04036682129702,1.07910359460287
"MTCL3",0.796712322442984,149.82642808961,0.817383959978836,0.814179595834684,151.742971864163,4.31741662016274
"MTF2",154.704281458181,2.0534175205194,1.54142207416024,0.474041534816566,156.483267020534,149.094342975107
"MTMR3",21.1737496350984,0.567048156926009,152.12958161714,3.32267698634368,3.14859538474377,152.635182211351
"MTMR6",2.37892682526503,1.21156516142068,2.38120776191859,0.625312142348998,0.769268449613387,1.14455781439301
"MTRFR",149.032789489684,0.853582890509887,1.10183678950879,1.45878795369695,152.324841539554,0.95144445271618
"MTRNR2L1",204.477562450615,0.353449228201398,0.299956200630678,2.15631774197556,2.2896450500587,2.76352197931293
"MTSS1",1.02654456719924,0.656363017225555,207.604553376928,1.2979849539297,222.584624895514,0.413814966765668
"MTURN",0.851763695623,1.80236460822505,0.150733593218147,0.205750019901675,1.08795763483073,0.525963641992128
"MX1",1.62605662257934,2.16949218677582,201.113650361032,1.14179540561949,0.506030778180498,0.646619813377647
"MXI1",8.92474943054651,0.816749307604476,0.368627533546706,0.328670075282718,0.841121601056739,148.682082321125
"MYBL1",155.346709188306,151.66496916934,0.972440227623826,1.69517680708811,0.781553694931012,149.531882675816
"MYH11",0.613329939818619,203.242849035831,0.670632715711221,0.477663858982334,4.95065154775039,196.544288045177
"MYL9",0.456119561648586,215.628810896108,0.341832916849527,0.584434901833261,0.637869591953289,216.080295219285
"MYLK",159.077017994918,0.219492294064111,151.193971211728,0.725805712621906,0.687027834519327,151.416711078705
"MYO1D",73.9482728299317,0.37645431468707,18.752420012162,53.8121611340658,66.3411645315511,48.9631593425169
"MYO5C",24.0145713897568,19.5209124758852,11.3116683921384,0.802312304269503,0.58681463923551,13.2238507110764
"MYO6",224.974175717886,0.92240961458344,0.369305071123462,0.99953534239824,0.850153327316427,2.07657449517097
"MYOM1",1.81373625100889,152.698423097192,0.653862666109369,154.3942125861,1.92945251636003,149.072689931117
"MYRF",204.569649105543,0.265149795742989,1.90437319476909,0.883615258841044,3.65286821081192,4.99567657991062
"MYRIP",5.04599676735491,155.365989213906,0.666082245558146,148.873058889659,2.1108839190503,0.61991917829857
"MYT1",172.982968545071,145.823488223912,26.990780609125,142.992422872115,0.83051909133387,0.589564068270214
"MYT1L",4.7554086215678,203.553313017998,0.576900110749009,2.30193163556256,203.920138967188,0.73378688113097
"MZT2A",1.25072674857554,0.20758061918009,150.124566054746,0.988317862543957,166.142561127311,0.620007782783681
"MZT2B",215.855312274408,0.78047601593611,0.208899424240082,0.347446623122528,1.74058513675247,1.60121973950551
"N4BP2",149.914609174962,148.653263247221,2.42937920891358,1.16327570967058,150.633890210079,0.699109029466212
"NAIP",155.996984245827,156.487815926709,151.629182822219,0.487949176705334,0.848257295501407,0.989303144391542
"NAMPT",205.702363950584,2.74167040549992,0.466219452824285,202.601832621531,193.310161856055,0.826151482739269
"NANOS3",1.79925974299356,153.927113527068,151.302204627601,155.827004012749,1.56589280559824,0.501917122153889
"NAP1L2",0.761861422011594,1.27458371804936,150.239122193339,158.566714990174,1.15951914743389,0.29147319598318
"NAP1L3",0.597217950094701,220.493937754467,0.450021611315509,0.657468716718404,240.171447857461,0.423056329328156
"NBN",152.262050508144,1.37736620984894,0.513332670214826,24.253933768829,152.277474691767,4.14798845105083
"NCALD",149.884534366833,0.941674963182511,1.99068255983595,147.957922960902,6.3289489708825,0.580039086517841
"NCAM1",0.731830413788287,0.348829123257036,0.392102649901161,0.789388335572041,5.88672136750819,0.283450006378678
"NCK2",1.15745448468159,152.434925798036,1.32157499272482,0.926363816332106,1.00838832698012,150.088174292426
"NCKAP1",216.026035105046,1.3414934522637,2.05748857724814,1.18201397971424,0.568821573647015,0.313769883242258
"NCS1",223.362871453477,0.53227349971277,210.382917701646,1.23654007448141,221.964003832616,0.244858648264765
"NDFIP2",220.739440958926,0.800176905859504,2.10789758884513,218.273961421679,228.283238199147,0.388250745516367
"NDP",7.35658177897314,0.731019715726002,1.09558842513402,150.376367817154,154.77765303688,152.421335050284
"NDST2",0.941061203089695,1.23027615382499,1.5584287256183,0.874172656526625,3.60622018096747,147.662812482459
"NDUFB6",223.786430106229,1.26431112142781,0.805627042383339,0.738831492401347,0.553222909298569,0.533091340144868
"NEBL",1.38830768931072,210.821332268731,0.163129681313577,0.360783007573552,213.191335747678,0.800303683212351
"NECAP1",221.728585075162,1.4337681926052,0.689711451105124,216.482389033941,226.374994483579,0.485753028975608
"NECAP2",2.48568787766088,1.42715933840537,3.74218880464229,2.5026372112233,153.042656655401,147.380674652225
"NECTIN1",165.079244075392,0.470354495187266,149.507356616601,0.688667612022024,155.994909558932,151.794260523743
"NECTIN2",0.752928988667393,0.791106035133038,198.076072701239,204.805932038707,1.1734128935126,0.82753870378064
"NEIL1",154.707978346635,151.626407643863,3.96868318592073,151.719562852211,1.12778743764402,0.895504635593243
"NEK4",179.137573765565,178.620194244446,0.390111417469147,177.007385032859,159.359297224971,180.587479012268
"NELL2",0.46106003788582,152.419001828587,150.592075107488,152.973563162401,159.959225234709,0.314538987822375
"NEO1",3.62177333050244,1.10699934036335,0.623310973423961,0.80079408215868,1.05912081519241,4.36016564536398
"NES",203.262468268857,1.16874606876279,0.986265591512284,209.481521268108,211.163950404101,2.94594620919569
"NETO2",2.87103181124244,152.904413135676,149.673673957362,0.980953623197104,152.830379358168,0.294750155672395
"NEXMIF",1.16584744720232,150.838077271946,4.8757946139428,150.163417136077,1.32116790559165,1.02714329518843
"NEXN",162.426138410968,151.96307728551,0.496889291173733,4.79296452773606,16.945557004053,151.136006365111
"NFATC2",1.17649476659264,3.42756309428059,2.05933678539812,148.213762377068,152.437084402621,1.44853443396557
"NFE2L2",113.192075025873,0.636712231515579,0.417458312817734,0.67509363472488,149.402670390327,2.16275531766091
"NFIA",1.08842458651384,0.968280047341321,0.228305477662817,0.664491685229562,211.301369564944,1.00822125980676
"NFIB",2.27867281906575,3.90128989342842,0.244132793668072,0.454689620152856,1.34429897666685,217.567734246789
"NFIL3",159.629626467002,2.94871936494554,0.602392162766731,153.415418943785,159.592941024388,150.923819434559
"NFKBIA",40.3978808031922,2.66191474018751,0.26533023388231,0.571685618271588,227.385141555022,224.278612014527
"NHSL1",155.723301140167,152.479335096946,0.434519089775362,0.745678322221199,2.96075655591086,152.339053925386
"NICN1",159.287601240521,13.8935285143824,157.414502519585,25.9387743182705,1.10632473302024,1.10160457987678
"NID1",2.31304481854385,0.789953779382785,36.4328745087914,0.751900070972972,75.8215313881299,57.5668238153024
"NINL",0.661726832097839,3.04399577019222,159.253330074651,3.71836145678397,198.927331427834,0.681907069925215
"NIPAL3",146.408257814247,0.988380920647456,1.06770417754473,0.938403309922344,1.5382003438981,0.36724718695924
"NKAIN3",154.423846942662,0.515703658465617,0.500324750251422,150.489243831358,159.174945485147,151.797736502575
"NKAP",0.78186762589603,0.454826279824163,147.256908879932,0.694940916003693,0.964392864355123,0.703240957295296
"NKD1",1.34949297991679,1.48599516794393,0.697882378891586,1.20042100878289,149.112431793445,148.804934690897
"NLGN1",0.914530950438946,0.617792777615242,149.748672850257,154.015401055714,0.814619657791315,154.013498736129
"NLRP1",8.91796832191477,147.154457576262,0.444673925894407,0.459559063884908,4.70190795287159,0.408704945293817
"NME3",4.11119687188681,0.348176874932525,0.723094771963975,2.36751483315255,8.64721673115137,3.69862680442999
"NMT2",1.97554855029967,1.03507100547204,0.992008704289556,0.805290135131345,0.872729439508205,0.980968542266031
"NNAT",217.147755926348,210.422578630025,1.45614622349506,0.662570796917442,1.17841314858545,0.590465030709133
"NOL11",26.375306913087,14.3939781982806,9.28165655884332,0.645336602264036,0.573605014781771,10.8676007113882
"NOL3",131.784619306823,147.293168187936,0.529258872587606,4.83899653840134,5.57025133602486,1.30877548112893
"NOP53",4.95295473114028,0.307043623124737,0.509717938142684,0.535902166227351,1.38109670713885,146.511963730606
"NORAD",0.762600185952368,0.293327216656223,0.684814195290385,0.488482006516316,0.520186213910792,0.208093761921849
"NOSIP",0.53209440601824,0.522277808519955,0.783040230009219,149.096518412384,155.582524619116,150.041918309375
"NOTCH1",202.906998477916,1.03125650904431,0.550372182094014,0.624157064223174,203.283400317008,201.137580778252
"NOTCH2",156.212772509856,2.31671856434798,0.90154653166346,0.977521094998577,149.009264531721,1.38690800694415
"NPAT",135.314425435798,0.405119451069368,124.073457281994,5.37959667801275,138.843778584015,96.5246566429882
"NPHP3",1.28442535064635,150.026021341156,0.833175197581522,1.9010944559029,3.56939402253068,1.02423484285928
"NPL",0.764114897821001,152.492506492509,0.698824381817645,152.63739306647,0.831527142402156,2.06324287648002
"NPNT",149.010483323323,149.165211477409,0.518069845146535,7.5121390678384,0.94453970593737,8.0191296094275
"NPTN",0.857882281920046,214.338226659327,0.685981143000408,1.29408120875842,220.000099333055,0.294826154759499
"NR1D2",205.969156216458,0.907650264820402,5.4481723927196,0.932733608081109,3.99394469530051,1.62119931085928
"NR2F2-AS1",11.3967267702081,5.87461040199977,3.67166846820621,1.650888308746,11.1181945071863,5.57387622990552
"NR3C2",155.894761869276,152.633778241847,0.689531925625369,1.54778142694733,1.16600688003066,148.647901061808
"NR4A2",152.029964243801,148.890247072357,1.45433780215522,0.763859752851907,154.392536945964,0.351765793782182
"NRAS",149.651086389654,0.758935035667543,153.276356189632,0.930881424717846,2.57396589595871,1.01123538285593
"NRG1",153.723215275286,152.418981589804,0.445654423192156,0.484491600035401,156.346531899627,151.178842997012
"NRG3",0.911084534904168,0.53936387311412,149.646273682845,152.769532469946,1.28828870926097,152.379248618831
"NRGN",0.690582133095321,21.6541291312156,20.0203312781641,0.681344884664406,0.966828266583452,29.8785573230646
"NRN1",0.91031558966111,172.750130229855,19.9680206501809,1.61486492208693,0.772329006346361,0.931431422832272
"NRXN1",3.07972054608227,3.94919316034917,0.778123257472047,0.542553874338917,0.838232349401665,0.686961487549428
"NRXN2",148.609723008888,1.03410020480323,1.03895373214242,0.417142215513246,2.39829836653584,0.446630960350961
"NRXN3",2.43612565272739,3.85831039252387,0.590735733305135,0.762718464944508,149.617276890566,0.255896918181104
"NSD1",151.814399312981,0.976533460957809,0.713748823733607,2.55372779125091,149.129870864494,1.15555519197559
"NSMCE3",204.400288456669,0.657340528674844,203.821591399939,188.692503381916,206.365224812962,1.04373540237133
"NT5C3A",149.820973359641,3.09934892197497,1.45832578723656,3.057689340021,0.747129273156992,148.959500022813
"NT5E",149.235428469765,1.81703598356401,1.18508977172871,1.01887701272846,154.472585015327,1.64459165544719
"NTNG2",159.335327410704,154.806855819812,149.573716247999,1.21641036006625,2.48441702940997,1.16556492724856
"NTRK2",226.383266216752,1.74691450664836,0.137542645579064,0.166134281648822,0.467034020428108,1.6623956159662
"NTSR1",0.646286598539979,3.93213609295946,151.079027161403,153.698723194795,1.78197058488561,0.399541519173507
"NUAK1",217.582033635713,0.873579367060779,1.22319334736701,2.75794182763533,1.20189691297929,217.414160148107
"NUCB2",0.594677593526098,149.617547177548,0.469338031079134,152.022156557925,0.969495362539088,0.535050872104934
"NUDCD3",149.298797666457,12.2725230858856,1.42991802014808,0.458917100673677,2.17282308370036,0.302230653454013
"NUFIP2",1.03160056805491,0.630133847855661,0.674808092563891,2.02456099662963,0.61148511722498,149.159248781107
"NUP50",152.270996024976,0.430155517558238,2.08759740170658,149.70193601794,152.441684390601,3.49053184164456
"NUP58",4.29854577815066,0.592668235793436,1.33882304143438,198.171717766634,198.110205965652,0.91701669647214
"NXPH1",157.010001493783,1.81313725902562,150.718604584674,2.03929177310429,158.324936380684,0.769351795184202
"OCIAD2",159.79764855794,1.63325598758271,150.022870687685,2.69027202986235,0.510928304600748,0.602836067882226
"ODC1",215.59980292789,0.799624286488867,3.16538784459972,0.584154534772792,2.85130459898176,2.04036054133065
"ODF2L",1.23001387276304,4.86268652166441,0.670312782510805,1.24527299630785,221.211655326499,1.45119704406841
"OFD1",1.14074042029036,1.49624319410745,0.453539424135642,31.3331973665346,201.244114648293,205.889783751594
"OGFRL1",1.77166889042852,1.00637314301217,0.252345254934711,0.439742157393397,0.921181490810746,185.377954120347
"OGT",1.02822199147603,155.234039130097,0.316552328452288,0.501727614884861,164.295157825619,148.92733609477
"OLFM1",1.36189231082733,2.75937346928621,0.359828706512383,0.495640483026467,223.788031628192,0.632324690885518
"OLFM3",2.59541790873235,153.635147510997,151.823945015886,1.82666417792337,155.906080657199,0.457213654163749
"OLIG1",1.96188606324149,0.439678733681045,0.329800059737465,0.510198902265901,218.075643111223,2.15726623299205
"OLR1",86.2044901232277,4.76707804210521,0.900782315490418,0.712198074746216,211.658505148644,209.745973126616
"OPALIN",151.177341525851,0.709044480342075,1.45797363786566,0.716226809523404,152.584121792828,0.588104624337345
"OPCML",156.184493597977,152.255531672988,150.914992227898,152.881285052195,0.835829817449188,0.98449977781806
"OPTN",154.725905943877,21.6593958626501,0.258067908396919,0.970540603683185,151.652813137335,0.252247466637263
"ORMDL3",2.00449509678737,0.63925780065155,1.79422968232907,217.839761601886,1.94167754394924,218.165420299218
"OSBPL10",151.088005360385,17.0872137935296,3.09193315414354,1.00184255943072,149.930395666538,6.16182870127486
"OSBPL11",150.299074294779,150.878778632955,0.695712588438438,0.864205048202783,0.829741414094509,0.804975882588132
"OSBPL1A",7.21191815303495,0.301423667816226,1.62562995960969,209.549117641708,1.38598394737142,1.08872259078562
"OSBPL9",0.610139109874141,0.872644104428841,2.42027009003531,149.23773581687,152.356589567897,0.757076973236504
"OSER1",1.60999786308686,147.329317536091,0.348219328127225,8.57088893598503,151.306570901973,0.871057637466808
"OSER1-DT",0.696653853241974,1.29383607689409,208.924091626231,0.513743525320708,3.11166672544694,216.283646130135
"OSGIN2",155.830259198118,148.977242101237,0.384902745088275,0.821697337582752,150.649803696204,1.21939725547462
"OSTF1",2.01653671091488,0.468173389406742,153.131132565324,155.15554966588,2.01926644258669,156.339487809948
"OTUD6B-AS1",217.975597606186,222.188243065274,0.45952910525646,0.480960805608997,32.6684071335222,0.558840674423694
"OXCT1",154.943620914839,153.676831496539,151.059010216273,0.813418132157903,0.439467511316042,0.298271563688227
"OXR1",2.76471955774731,209.143372353033,0.512610336642728,2.06175118895722,1.6161732964207,2.2660084139445
"P3H2",0.65142459584568,150.784969504751,0.962613722326505,153.315635139877,152.872966892098,6.4177367200095
"PACSIN1",12.6584550977497,149.133158680037,0.813749018872338,0.748155634617995,150.810010803584,0.275818277182183
"PADI2",1.69497563156422,0.539302161518871,0.291341047214227,156.033778101791,0.71906750426476,148.928835417326
"PAG1",1.2313012188458,153.023680035115,148.851807710046,1.03925318260629,0.475378134757538,1.60218700993777
"PAK3",0.684943819546609,203.560180457857,0.499890930866993,1.03080966385435,203.605681173871,0.235627200463934
"PAK6",191.919802282516,197.130423126032,2.2872545433711,189.752323277913,1.6847954077471,3.17102004027776
"PALD1",157.338495042111,0.618411038781988,149.904318163115,154.283008206572,156.198663633878,2.71265335733068
"PALM2AKAP2",0.82268543211004,0.468246113011679,148.067623637533,0.528560635702656,1.4690194406443,0.559970289977136
"PALMD",0.743872578311242,0.717594753332606,202.659041894318,198.896057108,204.850209636484,1.95784776035152
"PAM",204.408273370266,205.15787816224,0.880838067155403,3.26945256060034,199.418721557553,0.205058512809539
"PAMR1",211.935247744485,4.23993000740148,0.440564477592131,0.976959505127715,213.705154017296,209.831981936912
"PAPSS2",0.395478686371061,16.4485650628843,11.7881839185258,0.660462151613048,29.4884110618669,16.3715187162872
"PARD3",1.70550952527417,1.17158496692358,0.526270886044795,1.25482100292262,148.695153085749,0.927049097482149
"PARM1",210.926331984632,192.486720977461,0.563746616904379,0.923843576114976,208.183293792971,190.375262559898
"PARP14",1.47932617464475,8.99630549575113,2.07230418104305,198.027428701461,0.641109276074593,199.507118509138
"PARP8",155.775249514864,0.746318752622972,150.950883955772,1.00707460902797,159.617154323672,1.23689477324374
"PATJ",1.83878633720588,5.64577633146408,1.08314434242706,3.009472714669,215.380799810014,0.754995264421115
"PBX1",2.42854071378493,204.534562891588,0.299188405408516,0.598007875174048,0.868021317527027,0.248496014359248
"PBXIP1",1.19179429075426,2.24713143749331,0.243789403133857,0.460081968984494,141.154964692461,1.78654991987507
"PCDH10",0.722215011142296,0.538755603650314,0.662388909874582,2.32461561935141,1.35342651368925,0.353311774719187
"PCDH9",203.397273895052,0.566678195969696,0.224958398699358,0.579792253357841,202.582138638437,0.925556401298377
"PCGF5",146.615558192259,0.87253656541308,0.659266477061648,0.50883993723537,3.89127165782166,0.858436671980372
"PCLAF",155.060082899312,157.845841547134,0.501602303256992,153.553122606269,156.176696909192,152.350334277004
"PCMTD2",218.194264191044,0.38225834539185,212.933038157152,0.494035521301075,222.052147583754,205.041617329237
"PCNX1",0.755898805367057,0.691846620893096,148.732254168008,151.307786955341,1.13443276988081,0.999917640002733
"PCSK1N",198.191806712366,193.365361580046,0.154143747919861,0.295308816906123,198.001394679738,0.194019880070229
"PCSK6",204.292766484374,0.612327929078337,0.495933443938952,204.08445229362,205.219026127083,201.712099345337
"PCYT1B",156.192319173256,1.00136751150382,0.725531673709243,149.000430125505,156.046787620257,151.837743703547
"PDE4A",146.690642035313,141.133403523963,134.5845357529,2.55274570267591,43.9065006812988,0.34925114689627
"PDE4B",20.9500136274941,0.824386330662039,0.602029655878794,0.692968033191457,0.800970832160581,0.672765769090905
"PDE4D",0.836896003713934,149.221381634198,1.52350222554461,150.332827525582,1.01709678549872,0.456884389121905
"PDE7B",0.958974135689858,0.615339813888153,150.362991228368,152.555788339016,156.675295034836,152.661612933068
"PDE8B",2.72910462490716,149.445342466028,0.450232566097958,0.895293803380347,154.679173125259,0.452862380654481
"PDGFA",212.221709756911,206.62791600726,3.0511059866088,205.444594857492,217.967643009787,0.367436571234024
"PDGFB",0.488599854682367,152.865238146863,0.7032389757365,150.0016425918,1.0009766780958,149.283092438571
"PDGFRB",0.393237802995354,205.768569116947,0.46795641646047,193.31885972953,13.4412593986268,204.723049046021
"PDK1",1.5015980110795,17.853122867948,0.770333931859633,153.022277687143,158.171760908839,154.547733788403
"PDK4",0.724649773574266,0.46811467260245,0.268728871680466,0.31643094658374,259.446892299446,201.324539440195
"PDLIM7",0.897583844544827,1.72625916082865,3.5537450207221,1.43724512343218,198.32196713854,1.34857896603944
"PDS5B",7.57920146853915,6.51116591063931,0.412793861319061,0.50336314283463,150.02407733595,0.678505485761389
"PDZD4",158.695843751414,0.344477091753278,149.801461497366,0.571419276801514,1.27823900702079,153.063251167774
"PDZRN3",158.149578162091,154.265189709907,150.820495498829,0.943556406059971,156.585539108727,0.693150982389763
"PECAM1",0.30755085257402,152.08662947577,0.780882805466908,1.26049401031801,0.875016646449502,152.612136463249
"PECR",155.901896167048,6.38055284335758,143.294931724751,999.982398092099,4.14707881461582,0.744584015584582
"PER1",3.96683722360885,0.648482983373417,0.411053536199106,166.451830907298,0.986652249504666,149.252533575906
"PFN2",1.05931973047277,0.511518083276797,0.707594851106066,0.401067036626397,0.588292732459501,0.343699707891602
"PGAP1",154.200603223781,149.802598223506,1.07535118443523,2.36058565398173,1.43785195118307,1.99992462121164
"PGRMC1",3.97464277134949,0.304717209546809,7.69456987386168,148.313763256829,1.0684461320299,0.167122045805915
"PHACTR1",0.808066911937693,56.3223548480916,29.3948029651539,1.36146231991901,68.1212151219034,0.605262949961762
"PHACTR2",1.15027135958599,190.304386991877,189.12002898155,0.822996697432083,0.793753089363105,0.597611512150856
"PHC3",153.023894621942,148.861290241789,1.51072733388162,0.509061153118894,0.721083129925393,0.829445956543005
"PHF1",0.896194937982095,3.66153103497295,149.865784776563,1.31193506948804,155.118197757971,0.390030655412052
"PHF14",207.258512085097,213.869778528631,0.335005679051438,0.485575885066258,214.222885431469,1.92624361294312
"PHF20L1",228.65898945736,0.909290825673936,0.578712714435517,226.845279837338,237.81547366571,251.289940317802
"PHKG1",153.007483698565,150.11632783644,0.491246488933821,154.297016422246,5.24400497652123,152.744832574052
"PHLPP1",156.95075221797,1.17835494140684,0.507731063067949,0.435956647362685,3.64101911391878,148.051516694039
"PI16",155.857084793432,0.634344255304933,148.88876008577,1.43880174193723,155.840534547679,0.607402520226465
"PI4K2A",206.151366264368,0.582545817334886,201.956709203052,1.66959050360766,208.068841423265,1.21573012622335
"PIANP",155.420598005875,151.05972279676,2.08996469916211,155.290625153423,152.457683699277,0.371113350318905
"PID1",157.740649215683,1.0628274741785,149.818967977741,153.866298071209,156.882793373801,0.435357310841093
"PIK3IP1",152.510364714869,149.628011822543,0.401296596555001,0.379024413573469,1.35072793558684,4.07869409555363
"PIM1",217.389334273607,1.53047987486422,1.8854087462878,214.824266088543,5.93931869487529,0.78578206977478
"PIM2",0.713516098901927,5.1227352466102,150.90998674695,156.601718285559,157.260735046075,0.922428416677689
"PIP4P2",4.04881275120534,0.868381613558341,0.937173530430661,147.484951999641,156.597700452906,0.7162272760106
"PIP5K1B",0.841077308726725,153.051423033055,149.514875354705,1.07555452911037,0.54249640683038,1.0298752582956
"PKIA",5.55303661396088,43.6299558639012,0.768124454203972,0.565182210817439,1.84934686889596,0.437558567030018
"PKIB",4.64888896265374,0.748300683716633,149.073002353244,151.371527815619,0.870288778746555,0.606793934740172
"PKIG",0.758883159265195,218.200208196136,0.261052086007184,0.563146964222783,221.21482713896,214.422071181116
"PKN2",158.304153449187,1.41906894526728,1.19335045428276,1.01486923110823,0.604048985804266,149.729258293846
"PLA1A",155.000335173725,0.466493539599222,150.139672409551,1.71769416579571,159.021596102984,152.835494419134
"PLA2G12A",219.704316933004,1.60806277244054,0.68129288996475,0.501500212487844,3.1582454411652,218.605617413916
"PLA2G6",146.682866489641,0.80445660816444,139.706916496077,2.34434388756181,2.00240710737206,10.7192754767875
"PLAAT3",1.2999542195714,0.302602944101128,0.322315047599497,0.56862850401318,0.510381055426905,201.644943326871
"PLAGL1",198.691493428181,1.78212080144925,189.600803026757,7.49216093482317,4.70520072047051,3.64342517345807
"PLCB1",7.45635045082935,0.597575987512004,148.498455778497,0.552354722308604,0.719103965727704,0.636795156370216
"PLCB2",1.56330033350936,142.522598637084,138.745047682215,0.942662846975298,145.889179246716,3.59648254666742
"PLCB4",154.672089639602,1.0325645284289,0.555014407027996,2.20556452668219,22.3103678354659,149.068104531798
"PLCE1",1.05516067469647,1.51751345305438,0.553622333581825,152.045410991518,3.21100211934684,147.779522892434
"PLCG1",1.25461811237288,152.749774743248,0.324417847173609,149.189947674438,155.938017297793,152.685674591655
"PLCG2",1.81537278866403,149.147303803347,0.475976661612035,0.704131233517292,157.284258040597,4.18728239125654
"PLCL1",147.3356008813,1.40644392532228,1.31364973388058,3.72414031731394,1.40516866029567,9.18711520577209
"PLCL2",211.301829488606,2.76373406478386,6.60048687182653,1.590277259449,0.693278984195517,5.6230678435462
"PLCXD3",1.12169288219955,150.75318133593,0.929450933715617,150.82457672974,158.043480739253,0.275884437282875
"PLD4",158.990927419971,152.356967931828,0.650920930876544,0.878779416262013,1.44650986149219,150.548574104771
"PLEKHB1",0.358985280028215,0.430697207745129,0.172915775963504,0.235275351160669,3.1876508802169,1.30823426817153
"PLEKHG1",4.78338244695772,8.82844512792972,2.81189792486378,149.028820416122,0.794906920725384,1.84625582083856
"PLEKHG3",205.779660319917,55.6569358364444,0.470382920033225,1.35977427437256,2.29607370946616,174.251698747994
"PLIN2",202.142933861641,14.3095231008112,0.523084625571805,1.25899980588774,1.04903211957129,203.163795723612
"PLOD2",1.29858144674792,1.60751822496237,210.612577616035,1.46662161896158,217.75012542026,0.661723511146898
"PLPP5",153.550200171256,151.233806472476,0.595078493824846,0.59329465955063,2.18274640626631,150.42066354567
"PLSCR1",0.715841903397162,1.01033967212227,1.56740643949929,151.98143136941,0.770386340003924,156.765063228359
"PLXDC1",1.99655524289826,0.899272348482501,149.684747223722,152.715742489698,1.81967460671168,152.615913491971
"PLXNA4",158.091763448647,153.050862124412,149.235808840057,0.752315647679261,160.200666386144,0.628793076697486
"PLXNC1",0.495812008409353,156.422000513822,3.90560394673938,151.224181172224,154.571178899024,2.30550277468498
"PLXND1",1.09975775569086,1.19828029789393,1.53695798543451,0.796721884040463,147.548797455536,0.914449748321706
"PMCH",2.42864726415956,0.771206859837338,19.4792390074924,140.193868474765,142.165093138989,139.677173181879
"PNMA1",1.41679224607813,2.53911901588243,1.24756013013015,0.567464427186852,0.544205545402372,0.366270494624459
"PNPT1",0.865855714163014,1.20410781586645,146.98444120428,1.57942835899099,1.72878369774534,3.14085541196985
"POC1B",200.053709325172,0.493560838446558,191.964363031686,1.01400845997703,0.756265495953845,197.615229806954
"POLI",3.76115807532032,197.904672837233,201.11507011029,3.03166017480354,0.820256391997406,0.778921331122223
"POLR2A",206.337195743253,38.5664110289754,0.493291082018085,1.66438238556668,192.932068054992,0.452614461048613
"POU2F2",154.34529823939,3.66014656332842,0.675014546995799,149.446230071017,1.86991369573697,1.83145497938888
"POU6F1",1.21004463981095,43.3023151566079,22.5521545648586,0.939234248286287,55.7516001739702,0.851849718198833
"PPA1",0.536050023994887,0.36640476341824,159.530965052792,1.45845339038237,0.737255543326494,0.214070872561136
"PPARD",173.349781004365,4.97961270471932,5.86738751165492,175.543222885062,183.963909296156,0.804636888712968
"PPARGC1B",8.22567811921037,152.66077059409,0.795070183469025,1.0571437401657,154.634664398506,148.995043588345
"PPFIA2",29.3703757153326,0.594656381298861,2.95274252012947,154.264187928381,1.05764194612243,0.369970177329697
"PPFIBP1",0.809759821099618,153.39354674975,0.854641815241444,151.300136122529,12.8628482332244,0.569621866084804
"PPIF",3.64531847329818,0.823381307143465,0.539820491066946,0.47263910274628,195.587890942328,1.67282981790684
"PPIL4",204.945764762594,204.808941245269,0.687490158176179,0.842393402062176,7.41432364945437,0.65925389429279
"PPM1A",151.207789099862,153.066170177127,0.535854006017856,0.867660503202639,2.40844780678133,0.726485640855856
"PPM1E",4.73186476228744,151.139223576779,149.78248070967,0.619526236453868,0.634823423601332,1.10922335816311
"PPM1H",157.81823504523,150.847221394751,0.49130325605101,150.862864370441,42.9998815297447,34.5092790208192
"PPM1K",0.498405948754752,0.967554198972217,0.454811688849437,0.39974925142424,203.497112490317,0.379776129008091
"PPP1R12B",0.386568483558675,4.31166782544917,1.77726453779969,0.507181005090103,0.529290433215232,216.863917584945
"PPP1R12C",213.064773353257,1.06352873101528,213.779829760299,0.804285111715799,1.75399695797705,0.433617231854074
"PPP1R14A",0.520064137317505,0.201844132421748,0.797564563154589,0.800201305296234,0.347571015150702,1.46944481086952
"PPP1R14B",5.03806683541136,7.65628414598591,0.694629892473652,223.958727816688,226.623825109613,0.555730068989397
"PPP1R15A",1.27203866590315,0.614809202053518,203.219455003553,203.855216343961,206.403071605084,1.69576792573966
"PPP1R15B",2.19115268034513,149.033121746117,1.04383643966482,1.57170156106447,2.35514886802616,18.0264765701831
"PPP1R16B",155.152391144219,12.4587316989542,0.744461506306764,150.758201587108,3.23986611979716,1.04084773257797
"PPP1R3C",34.4126736325874,27.2946266004475,10.7166359887843,0.798025307876911,0.503933391288245,20.4683686559014
"PPP1R9A",1.07404242986408,165.416622095366,0.324253485365749,0.444684445670457,151.372636965596,150.309741428317
"PPP2R2A",158.181801787039,0.322876474482646,149.889980019091,153.110126277684,155.674012965042,0.44879441981807
"PPP2R2B",155.308562246284,0.433649562133337,149.876182903432,6.73800633069069,0.754698266081306,0.329142690509068
"PPP3R1",152.966509124242,0.694499622138576,147.65597059538,2.54750383142115,0.77229778084465,0.481625339267235
"PPP4R2",154.897194490555,0.802061479084822,1.09609499270522,0.804519285071512,150.295377754943,0.534478079704411
"PPP6R2",1.52231594989719,1.81034655043558,148.918347856589,153.732143206001,157.831044445356,0.379511165682185
"PPP6R3",224.468796083683,1.67008386663552,0.392649005190108,1.75183116842627,6.46541003442488,214.441356087775
"PRAM1",155.967859440651,153.549209742975,0.87272429435835,151.531516574749,2.41063793612229,151.658160630125
"PRELP",0.434153940160396,152.225156451861,0.871751312863021,1.41845697217886,1.02488364513047,149.763166735174
"PREPL",1.01004693104617,192.659139372303,0.433133084054476,0.524161924053624,2.96852578136726,0.145175198857671
"PRICKLE2",151.84208157797,0.350580569773081,169.044734424957,2.0024105930401,20.9276044125443,1.93025121372494
"PRKACB",1.00299367501834,0.801012091271338,0.967157624176481,0.956908374954627,0.475606835312579,0.282692238152548
"PRKAR1B",0.686130458247051,0.784829398930201,203.039266528434,208.154306994836,0.338099301811566,0.215812365109353
"PRKAR2B",1.25516771043274,146.73800152354,1.47504332542741,1.39477899893793,3.38178254388483,0.411837551863732
"PRKCA",8.6526226739819,1.46264204444306,2.48827840077806,0.683042750902585,0.420421497392867,0.465348185604309
"PRKCB",218.823853659016,0.793050981866634,215.561257694663,0.974265832629264,0.667661852101305,0.542741574951824
"PRKCD",155.508224972333,1.9905988741286,149.579491965287,153.155222810608,0.969392544797787,8.43057840861584
"PRKCH",0.349582289947802,13.7097564623572,10.137502531252,15.5724422882333,0.516876618320063,15.9593926348799
"PRKD3",208.849594579938,207.595752127232,2.10083144688894,0.759758964607792,204.772986885495,2.57915141473981
"PRKDC",4.38303110006582,1.61061116703333,0.73331587121154,1.72909720413454,188.800537888268,6.34453712645456
"PRKN",152.447918583647,151.629552846935,1.02301678392133,149.115112764976,159.449412218959,0.473136484930757
"PRKX",1.93115812614277,152.536805729459,0.209479229150134,0.533990237504294,155.279880601546,148.54703958193
"PRNP",0.926196939644535,0.52105028311462,0.429334441038576,0.45321367280332,1.36698436833567,0.271059092504896
"PROS1",20.9662873269747,15.4491280896143,8.83662779014532,15.5039556072209,0.415888015737473,12.9511254351329
"PRPF6",4.21923909846129,0.561935475004524,0.78040477712709,6.61073643434263,1.47593035256174,0.729849350985394
"PRPS1",150.534308488639,1.56644242437494,0.946793951012142,1.46685789543551,148.495120740204,0.259475957898459
"PRR5L",152.391236656968,149.942761950164,0.506338549408203,0.736800768199836,155.840241086472,148.981222685421
"PRSS23",0.618402543948634,1.43515197844648,11.9129507839866,147.984199841766,152.561718633846,2.01501504004556
"PRTFDC1",0.74507697798499,152.782359138629,0.403718442096245,1.6325733168816,155.630606732254,150.02889642873
"PSAP",1.22589577515561,0.358594825972742,0.168784122743854,0.201903352081917,0.478552481429874,0.132550483492861
"PSD2",10.7575784742931,0.924269444776307,0.418977737085877,0.646999069219636,1.35853586894103,220.620409208013
"PSIP1",175.656702772329,1.04782540323557,0.289021861489472,0.346876279422976,1.60390950078849,0.305627302114925
"PTAFR",157.159989408243,0.584556680744957,0.987804818141991,4.68693995954631,155.755799409059,150.608068836274
"PTBP2",2.11075471414537,1.95735422429233,0.975411986286657,0.994192839953681,0.976428874282455,0.568683457766995
"PTGDS",1.33659887701022,0.146315708699607,0.101259080940796,0.183407363155603,0.570364243843893,50.0823136410127
"PTMS",189.270451406683,207.004938670423,0.598509879986827,0.456690276962966,206.688532638442,0.570060088184717
"PTN",225.499994560663,1.3974444860712,0.451061491180473,0.782044641203554,1.64664476896424,0.861257861166575
"PTPN4",194.843382237268,198.194741724483,0.388124758624434,1.15174277234124,198.136681922766,190.36041558176
"PTPN5",152.051499040129,121.153744661716,2.16106600405628,1.1082580918081,149.483633842385,0.723066694854425
"PTPRB",0.574434681988983,3.42195936538683,3.00597652684833,2.01268208238717,1.1864701760611,149.077248680118
"PTPRC",0.829399713302408,166.374223790876,163.081371747373,1.97609221443576,0.706053754673925,166.72095161383
"PTPRF",221.209772783139,6.1899400697006,0.321118476549455,0.390039351493363,6.45728212049058,2.75666705622549
"PTPRG",0.463413037154731,172.02450184001,14.2813462654664,171.363601609455,170.803512520175,0.487587204810042
"PTPRJ",0.999048472223389,1.60189908429065,160.113991847245,1.22263936426229,169.993707344706,163.104696508617
"PTPRN",216.44547600737,214.929925173373,0.513352160431961,209.037909590365,222.33816325496,0.215040159246375
"PTPRN2",216.916815136159,222.300543520046,0.39299942148536,0.505387368870316,0.750811482390521,0.776640596509394
"PTPRO",192.654641379186,190.518002633342,186.413957088562,0.83340262141037,1.53199639679481,0.470279066263975
"PTPRT",152.519339631774,152.7002336773,0.492609093602891,2.38819418151707,153.078798002816,149.641193256127
"PUM1",220.809639456511,0.747670295818872,0.770664937556465,0.658827526149359,2.43117110210701,0.504175095028985
"QPCT",0.970679848381802,154.306566107324,151.610431739407,155.825994643211,158.434993999202,0.544452958696292
"QSOX1",1.3751799598492,149.529848996171,1.85012018092079,1.38190326298642,0.846922513697211,0.683250361993342
"QTMAN",149.197271539187,0.822014175144627,0.985554446957615,2.19710597977543,0.753499568445647,148.654540403061
"R3HDM2",149.906043773331,150.582163273212,0.497192982967202,0.69886232853502,155.119238895697,1.38155633238628
"RAB27A",1.1835013175833,3.48401851924467,150.312172541538,153.472088572129,159.817341290216,0.729766949557108
"RAB27B",0.500024270764802,206.23955592837,199.346861375366,208.166889411692,208.672732449659,0.89016800341463
"RAB30",1.7450615740972,0.683716106357167,0.531630600687703,204.328156865948,2.13882583339149,1.27817312532974
"RAB3C",1.35646207674167,1.72108028206263,0.96565813616328,0.635981017240716,195.889602396059,0.167290861731506
"RAB3IP",153.516005168389,150.945033002225,1.03880994199793,0.593482000953765,12.2153392256558,0.608295316002694
"RAB6B",3.1840141983634,146.246177064169,0.963545117824619,0.516361917449798,0.723230577183122,0.159511109778979
"RADX",213.34769143104,0.707628464059864,189.221015078633,1.52320095986426,195.255729007781,1.10871585472531
"RALYL",221.847177787558,216.477617846003,217.922371468911,2.64025018283503,1.0446893069081,0.278764726893729
"RAMP1",3.42817665917005,211.787272966342,0.209413677836922,0.559607016515334,205.139184274331,1.59769822850336
"RANBP3L",155.894914659809,12.0305670108775,1.25888473932876,152.491451222449,1.53416330000938,152.405560349509
"RAP2C",4.59141351656311,2.18238161653002,0.968716993056883,1.14647568798731,200.589438026341,197.292589597739
"RAPGEF2",201.327525888798,192.33455405827,0.400789464772537,0.861915046704931,1.26141964814964,206.401777049901
"RAPGEF4",5.81223011787889,203.594982524212,189.352962835946,0.54327985943579,2.46172017061803,0.427685407789989
"RAPGEF6",158.580094771314,0.329657658993382,151.438722231988,152.748070114425,14.9795576545235,152.317335491744
"RARRES2",156.279122366398,151.782477606976,0.259259732028467,0.319919539404653,153.37634124126,150.052321518167
"RASA2",159.365184193221,0.921919138361431,1.93034369109547,152.69043467278,155.574937570876,152.514098709814
"RASAL2",83.6151896890429,70.7340844801933,40.4688973569854,66.7981061677413,1.55880867669637,0.598929285412204
"RASAL3",152.347230847016,152.279610794606,0.962857999315603,0.703187931505385,0.689803648645928,148.778300447332
"RASD1",0.68075387818508,164.740195702249,0.426031840348223,0.48606307656188,149.45095844616,1.98110891684162
"RASGEF1B",1.45576061128608,1.21319947921969,149.883531114336,154.961084370059,9.55942315739086,0.682162274308543
"RASGRF2",151.566499494256,2.75561123707968,1.08873930025053,5.92492416142538,9.37990102775035,148.925848209911
"RASGRP3",152.640174514584,2.73049798157691,1.62668933931213,0.603037067762903,2.76720526469263,147.009823785636
"RASSF2",153.98458058778,0.342267131730311,0.713622133554343,0.578198081291455,2.37700632705745,148.682523776668
"RASSF3",1.11369180893636,151.423442654781,149.668081095735,0.777523401420526,1.00182726340876,152.034716678597
"RB1CC1",3.43989861184157,0.55625811646261,0.974860387751714,0.700280126026454,0.698716754981551,0.427489198217807
"RBL2",0.853743630148372,5.89462052403859,2.15530688003815,0.811710208323336,0.9803886196731,149.118869406926
"RBM12",152.916673385664,150.230499692201,0.409350076978568,1.19414500274619,153.465425695566,148.830206135046
"RBM12B",1.29292656430825,149.837476667274,0.502947511894181,151.309796492012,157.641536501349,149.416514818726
"RBM47",156.771358067206,151.218521829059,0.73749794043507,1.17894673428151,159.551493069573,150.424096795927
"RBM5",155.712727328131,0.960821364760567,151.495308951019,0.479397071624854,4.39793372936391,0.461874217898385
"RBMS3",148.980719659492,2.14418064404801,7.32708492789834,2.50159536832198,2.80014255308568,0.443818052508407
"RBP7",0.848772196537542,0.749733414309118,2.04951955666696,195.312368879158,207.81145181026,217.808168949283
"RBPMS",0.715940060444379,204.723337080135,0.595201433785431,0.666924758328954,2.65618519402871,204.617207425348
"RC3H1",8.89103996323277,214.728176020387,1.83465704477781,214.961638847568,209.091770757067,0.523068060749153
"RCAN2",201.072585154061,199.936259016063,0.410150154428896,0.510751605479996,2.49570650332175,0.14501021540922
"RCAN3",1.26022836285225,153.311813482238,150.455118273216,2.17342358239501,0.797849570174673,2.06723729092266
"RCBTB2",0.809753313108681,1.57414393002593,147.064117898259,0.727000457908892,2.00601824068134,3.66624737503168
"RECK",199.440516229017,199.524534897449,0.733988785893633,0.621596449314178,198.10986959387,197.973122200547
"REEP1",229.390393505743,226.722412450686,224.498859396688,2.26868247331495,1.53564698211998,0.179682370596878
"RELL1",155.932844756745,1.67962113512836,2.22145750177531,1.93577382325774,0.991247271977014,149.872917035367
"RERG",155.811270600312,0.616970836408432,152.031569640509,2.40044892952485,159.471191026662,0.695084162190666
"RETREG1",1.53097153562391,1.38588471893793,0.732423928287402,0.517128239242703,0.959945835610089,0.786104924191935
"RFTN1",29.698021396029,1.82526009503753,157.613367282308,0.646229740701353,23.6399576828819,0.742238300913443
"RFX2",0.569179308001884,152.105255616385,0.691314676032333,5.48537275199569,153.22182463783,152.414004180719
"RFX3",5.77941084815586,0.678341943952902,5.43836920040744,148.97644560362,155.165943729501,150.076429682478
"RFX4",318.367614822297,4.49762661775526,0.273329172254385,0.465437127260935,239.176922167529,197.456092377056
"RGCC",3.95264828684259,0.417361614411081,0.787115748835529,207.318659121266,217.509522390308,0.771235954731082
"RGMB",0.787767607818645,0.802206304112243,147.751706303291,1.44911319706196,1.1010566644555,151.159975171751
"RGN",156.84899701917,1.06147882644076,143.914657701899,19.2248199005969,1.19332764548094,155.960564675154
"RGS10",173.436072357994,2.29493312882388,0.651279890389266,159.366913497732,0.894901559836325,15.6337297539753
"RGS16",5.36834800845169,0.734471999769375,206.618442496084,196.876817917016,211.340487730497,0.860943723110943
"RGS19",159.721795327447,153.648209354413,0.355514754219194,152.699306594711,165.167374711603,154.981409339072
"RGS2",155.870087236166,1.90992650970601,3.48408084304988,149.133465643358,5.29305445751235,0.676817726707744
"RGS20",0.75073550212508,1.02936072460648,171.928542447466,171.590035221683,173.176991868562,172.715844271788
"RGS6",143.159567837164,138.608880759594,17.8068050939628,1.59848224325608,141.275125383437,0.336095992129574
"RHBDD2",1.77791114828604,0.528146003215261,0.399642475344161,0.965475970233679,0.694759145279107,0.273704857127803
"RHBDF2",0.877637873700271,149.326897412294,6.81492282155835,14.2501852438036,1.32454229427633,11.1120528993432
"RHOB",0.652263329435804,210.4153395636,0.153472505710197,0.312148446014648,0.504475243870352,5.13727548801575
"RHOBTB3",207.925110904352,1.1478903728129,0.271728314918034,1.08606238811088,0.842002875458355,5.23321305773787
"RHOC",0.534522874218641,0.807085298504395,0.23699383083352,155.158585076515,3.64725462143301,150.32761616321
"RHOU",1.19132314579756,0.30278724570815,1.12281533553224,0.627795962321755,155.65827802941,149.550047727014
"RIC3",154.820646094785,150.994093555275,0.431660975145231,0.452793137860392,153.798987211415,151.827966086855
"RIF1",0.50165714831947,0.994120219197097,0.560974938131076,201.9455377764,4.1209759077422,0.71583774109404
"RIMBP2",199.438153832728,198.066326388502,194.523730824952,198.885115104981,0.875522060613337,0.84804039112521
"RIMKLB",5.94659393433076,1.24196952259168,208.460573200146,0.764357539068658,213.715032039564,1.19781528212943
"RIMS1",0.500945255302718,108.217195081428,104.582202187968,1.49761717893371,122.931936113646,0.305740716762142
"RIMS2",0.496388022693928,152.265743080991,1.45636802128662,152.44862500524,1.43107196269854,0.346190705471781
"RIN2",0.948208030052027,207.069177616496,0.466029812482781,5.01401617825115,10.1582287059637,209.593366971497
"RLF",156.46664493976,0.46745886833331,150.983330376927,152.457073814714,0.844422901335624,153.68343507499
"RNASE4",0.536789407983904,24.3970233509147,16.1510425074432,2.17450473572345,5.42012359503096,19.7742822828842
"RNASE6",9.22626599735116,152.333449090035,0.86067849786705,153.662947137407,0.717811614524794,149.012433741964
"RNASEH2C",0.593121498356929,0.56208118216298,150.409396078806,3.97528930425768,159.816019539034,153.077583331679
"RNASET2",0.708298768535454,0.676933630205497,0.791052773399168,0.675411565442576,0.414000456775198,155.840366174852
"RNF103",207.793428296218,207.693090342935,0.69039271005558,1.14168534166278,3.48572271103426,0.559781463105641
"RNF115",153.899889489882,149.926188682848,1.05810899205606,0.401865345200804,1.02272657216398,4.3092579951771
"RNF139",0.994750551137401,161.493339353585,16.1024808378116,5.35134316109187,0.904964460728419,0.66964088697367
"RNF144A",153.758339090989,1.46486106185373,147.769696131567,1.38247450362663,2.81784020625673,0.463925817080696
"RNF146",1.57472032674582,0.437732715373838,186.964444170372,2.63258869084607,216.199037500559,0.366000349710539
"RNF157",221.222640040707,227.203015178077,217.739631642834,0.571251510958249,1.85658457726532,0.28304887163771
"RNF217",1.0103500967528,153.060752362876,1.9867487749204,147.508422546329,0.833208699143655,151.490369761979
"RNF4",213.844156925186,230.204495074864,0.335360851783193,196.874563263266,213.365308764676,2.31658301180512
"RNMT",0.607108856769434,153.530325792855,0.398090049040589,147.730372039956,155.643577640051,0.691577673343303
"ROBO2",166.370499112357,155.375977385676,0.718777215303544,151.08389568943,1.73659086949785,0.404522003613153
"RORA",228.161019492543,1.9576542716392,0.381054794297928,225.350512289528,233.602571257075,1.2675548839698
"RORB",156.102065953095,153.431804453353,0.378282814800643,1.23107560079408,5.91192488676083,149.853951621204
"RPA1",0.704933428045841,67.5537687423311,0.46490242255249,149.839337732577,155.114026453468,4.87622197505083
"RPGR",155.656303653179,0.507824977856213,150.730892385925,152.42780889405,1.71315319774191,154.224106543068
"RPH3A",0.774800540841818,152.987326810254,0.658977583928515,153.1589659185,153.397754160438,0.89729962269689
"RPL10",0.327276552157616,0.397258279487525,0.164802891062676,0.364118883114829,0.395267427738101,189.222185681009
"RPL13A",0.646445441418756,0.319092300725852,0.137056398224566,0.205483356178239,0.481548147681785,0.72130093451703
"RPL14",1.40984264927708,0.583299675673686,0.187150731562181,0.221671054276495,2.19233695245846,0.399609246142887
"RPL18A",0.751561047821789,192.523555302089,0.132028352514053,0.275869132719893,0.416078773123595,1.2294405765982
"RPL19",170.58252307875,0.236728382568874,0.180680045214923,0.212914781343753,0.312992615009204,0.837672534640232
"RPL26",185.360605621523,0.365497683532505,0.163509499659306,0.332751532173336,0.474558625735146,0.502216901104788
"RPL3",1.34719469520044,0.551869921761817,0.14219338510654,0.165723144110112,0.74685670542321,1.02435081097465
"RPL7A",0.992631683808584,0.40614766899217,0.153753208330577,0.225671401978508,0.740574688657333,4.83496590735328
"RPS18",0.346525717459039,1.93340028890357,0.13871523494392,0.254021074561251,0.652040718969508,0.560024512894967
"RPS19",0.737601046014507,0.519608536860415,0.155402698075024,0.271633928153771,0.29356399575552,3.02975187451233
"RPS2",1.13774037781541,0.855910596378867,0.134277561035475,0.23488516069915,188.088277226071,0.850529008642381
"RPS26",3.12330973444743,0.444350620811472,0.131592366776323,0.317357946821047,0.76177141481714,0.63745827218703
"RPS27A",0.334767194839815,0.314232756134466,0.126092867978405,0.234833543413713,0.469908353546836,0.873225983987677
"RPS28",0.339824428833493,0.744425272896789,0.101968080598258,0.156475696487445,0.841524426822567,0.407638621728064
"RPS3A",0.507298181463291,0.610186845353715,0.142414310268239,0.264297365260297,0.410970397294056,8.85033985487235
"RPS4X",0.54800170614279,0.399852899003173,0.170845063362115,0.310107192256911,0.8008772646599,1.13568434276567
"RPS6KA1",1.58335884205788,0.717616809016851,149.75797998741,3.84887166304743,159.705292204446,152.59450524601
"RPS6KA3",1.03537423495751,149.783104839105,4.14495482169633,0.676413227076304,1.77837047972534,1.49099453045626
"RPS6KA5",155.228437053463,0.438183869693784,149.426790777352,0.825558862795352,1.26603416656221,151.379055253604
"RPSA",0.558591709464662,0.360290675980534,0.245517228010157,0.251928681795433,0.534235189298585,0.86814861593419
"RRAGD",152.645254327369,148.883477899494,0.566788584285918,0.911676213465427,149.723013511517,1.03081301450832
"RRM1",208.855589308937,197.773704094692,0.598739500477094,204.916933784548,210.363399190898,0.705804721870165
"RRP12",54.5451355906578,30.3669797305571,15.5297841904871,22.1790502484539,36.6409742652813,0.366035682458623
"RSPO2",3.6680524083578,12.9364065949339,147.541574779322,2.55707128341149,2.65822440777241,0.516216917673325
"RSU1",156.30334684432,0.771365273306038,0.930159841569526,153.395450588799,2.42507392328995,148.879509284881
"RTL6",1.79770497873541,0.751790153475286,0.92798881295442,18.560245991405,0.71744398867083,149.313361009237
"RTP5",189.958504989841,3.66765834196237,0.78749392437085,186.18944489476,197.704253181075,190.377198482876
"RUFY1",0.654345376999303,37.7110868868103,18.5945344977153,0.43567893475934,0.721920905799677,34.2774637136555
"RUSC2",1.34626399621781,150.51022624444,0.548281918196332,147.689435546955,2.17973004576617,0.927536916416253
"RYBP",149.449305143812,149.737795149474,0.549546405427591,0.816273440948391,152.267310822988,0.603172868035892
"RYR2",3.19830640546752,151.528902123991,0.93471340028153,0.604856300082859,0.627194128579931,152.846672729259
"RYR3",0.748254974832621,0.817148801952917,2.525231916989,198.591008897456,0.839708678026065,213.043831220539
"S100A10",0.675571706635762,0.656099461714481,0.527014726106519,0.497560354416008,228.045099238675,225.534094066849
"S100A11",0.938244970682485,0.563564965391164,181.064853868267,8.44748708321232,191.112933405857,3.78084562237845
"S100B",0.752229462684938,0.19530719164958,0.10158880910653,0.170132116414647,0.590853154341728,7.36299032023745
"S1PR1",0.729411376290518,153.649022913184,0.535115839209589,0.549323498445286,1.43077288735915,150.877200780109
"S1PR3",230.398924778824,1.78670409502102,0.864373110904751,1.61456921970056,1.97267472823948,570.928189144595
"S1PR5",196.65843309279,0.546239213137815,171.38547768253,195.967704829345,1.54878702871662,196.187151950587
"SACM1L",211.960517373321,0.64706226670433,1.25656529282973,208.545279575313,2.03249099634658,0.968742518161276
"SAMD12",152.88441278788,149.653459895349,0.761778699845646,7.56817204415577,156.68086146992,0.754038414591056
"SAMD14",1.20816517324574,1.09534916648118,1.78564583767447,204.857649638693,206.372755744166,198.676602677194
"SAMTOR",0.539401506421204,17.4192199120438,9.32454962399211,0.717197178237893,27.9632618742542,11.2127837881014
"SAP30",2.89593428464182,194.098593861754,0.433239700780734,1.48459100607393,1.09282472998624,197.222173068788
"SASH1",4.14106999994332,0.525973376201738,0.448908857960769,0.724948560142891,0.902471277733607,20.0903604513359
"SAT1",0.662616071881156,2.8220354286571,0.29225715287161,0.417289820902771,0.798106329847083,2.74557152561596
"SATB1",0.98688396667869,149.756154558625,2.74249368973394,2.80642872608527,172.927752483941,0.688657413847196
"SBDS",1.40859034681554,0.439019532567929,0.258895853331445,204.196579931956,1.48235531612578,0.434696687225947
"SCAPER",153.074655253432,151.92242919615,0.45621089497956,0.470582536138623,150.644537947591,0.876532341050691
"SCARB1",0.726466008233258,0.634434241804878,149.44614052157,24.6145149133509,16.4363445862023,0.687001673994409
"SCARB2",0.665835485747923,0.381298446101225,2.6669093270753,0.454140779660586,0.672714278975798,0.502982256630107
"SCG2",232.623780477794,1.07427901709623,0.401931701033372,0.450653038205479,3.20365506450005,0.147335876798088
"SCN1A",220.713278053492,0.551338505478285,220.88329517086,103.609095653398,2.08017920293608,0.382892882862494
"SCN1B",153.818408846443,152.314538880877,0.399717757110005,0.467443913630517,153.289496252087,152.437500459253
"SCN2A",1.34154971342279,1.28636468580717,0.996894309631389,146.843719267711,157.489951576924,0.350831240299261
"SCN3A",148.444218585226,149.24897050581,0.738197283036678,1.04879487789941,1.12102389914817,0.235200579341496
"SCN9A",220.762129786913,3.27570915859992,1.16556207472171,2.70263157276205,219.754898142798,0.404721831742781
"SCPEP1",155.831909281779,152.944794473476,0.767828779560103,0.782288394921007,0.684150525117136,152.477508828341
"SCRT1",9.21207041164146,153.062681314649,9.32024830177491,1.21369507331045,149.868514143722,0.753531016177292
"SDC1",197.010599402498,195.332367953036,194.882446228319,196.036186508622,196.482388720015,0.35576793855346
"SDC2",207.890312866896,1.53819586461144,0.638547615310366,0.857434919487558,2.12364302080431,0.267563346699436
"SDC4",0.528458651764025,196.188343248587,0.189159275911143,0.579713684101158,0.973036809107323,1.03926950464624
"SDCBP",230.461958088924,225.105306917313,0.351528852755456,0.424768698273888,224.135057149828,0.462997528698097
"SEC14L2",3.12076154348437,1.01132326651219,0.60747559911339,0.683755598736389,1.08109200123081,147.175384738059
"SEC14L5",1.46709586636804,194.780704082429,0.3720334857633,190.051721133349,195.692790231472,196.211747388106
"SEC22B",1.32934155597107,0.493176532353198,150.900603779468,0.518512849067756,154.944193178634,0.403213685273924
"SEC24B",149.318467289583,0.877114683868493,0.472031619593888,16.1511803979639,0.74287272632602,148.871561588191
"SECISBP2",0.711642379041887,0.830930611534512,1.51948094491356,203.45800599189,78.2944204969876,2.68192581407105
"SECISBP2L",2.74274389752843,0.263269076778406,0.77740150002911,148.018573787082,2.04923334892161,0.933979436038688
"SELENOI",0.693212652488135,188.662438137024,212.797778659358,0.460706619751924,218.230819608359,0.426498496145725
"SELENON",1.844407960708,0.883657947150892,149.752573493728,0.829537335048684,1.02651237276161,0.573243089786805
"SELENOS",1.18770598846329,222.447685152102,0.571816490998558,0.861934264571877,0.921399998663372,0.779470201118532
"SEMA3C",6.77177962090576,2.11020873785255,148.558173394182,162.228167199683,0.51029379446622,1.55224441710478
"SEMA3E",1.20194226234036,153.076580636251,0.776176150023979,153.776353297641,2.9053355635194,151.829721900083
"SEMA4D",150.429292206921,0.654390436050451,1.06771261095866,143.398393897534,3.61077216200182,0.360982662926838
"SEMA6B",196.289752338072,196.227299628661,0.328891329417115,2.87702217718428,197.687380694183,206.112765804087
"SEMA7A",157.314870747216,0.359000689869857,152.256540714185,1.41668449096695,1.56905904632532,152.717538306325
"SEPTIN1",158.499698281816,193.80702684739,0.946208883207006,0.912702739269008,0.803545097612216,1.42659618491179
"SEPTIN10",226.835842212457,0.350276073717107,218.162979389903,1.5262186207699,3.68739548778467,222.868713290265
"SEPTIN6",230.851999780523,208.582950503133,0.53472187068943,0.569082863031191,202.931475188519,0.994586532320565
"SERINC5",215.950151844045,1.80099868405155,0.433746473629688,2.72221039167758,2.67437266705353,214.755877814045
"SERP2",152.714635225838,3.01347635140695,0.57405436407499,147.636253775854,151.327145174575,1.32958385060552
"SERPINA1",155.967929870887,153.246997048632,1.00114426035956,153.050829470661,0.904955038612727,152.305657638441
"SERPINB6",1.93159377442471,213.240800627629,0.31919431178952,0.6331496386584,207.709420897353,1.45126645315959
"SERPINB9",0.943175806858082,162.944707583253,0.555204162606655,0.905109577313113,209.692047591326,201.543269607709
"SERPINE1",0.875200184432668,1.26688945079774,0.745132231099254,220.308820234312,259.997877724628,214.153753036416
"SERPING1",215.112567950289,3.56696448142869,0.406040337889627,0.737312399495636,1.01479084890842,1.34297495709636
"SESN1",210.218823835324,218.018462430364,0.302547815192791,213.385510302318,218.793102914289,215.333804429633
"SESN3",2.21065714070454,148.699561117614,1.42433663682423,0.475480733255453,150.04210965124,0.248071765374468
"SESTD1",0.61571679350659,0.30469223618978,138.408142827631,142.080539968271,0.920262297698371,13.6943358554622
"SETBP1",38.4281659350838,16.4643121958924,1.47617797687139,1.43879548359282,10.0811386548949,149.267645137369
"SEZ6L",3.04955519829807,0.83833355194009,210.054199315566,212.52886464043,207.058868382484,0.324028017939459
"SF3A1",154.127943513349,1.25337105711168,0.521540431258628,0.535979027526347,154.02109168779,149.889821072257
"SFI1",152.669905368968,152.501717136069,1.62031356308092,147.81470203523,33.2207863197603,0.961614411036646
"SFMBT1",152.486989973425,7.04709077557958,1.36816267221926,0.915700291125414,30.4353436421916,151.502549782297
"SFXN1",219.483298783141,1.065587917254,0.487826820519167,216.383988193391,17.7513920190112,0.570776130959463
"SGCD",195.153012551936,1.31279956398703,0.573233642989881,33.0399452385976,1.18123212122088,196.528293741758
"SGCE",1.04775279934075,1.28332599917252,149.086114051906,4.13817185045932,0.566468359654786,1.01733735939447
"SGK1",0.769718251853754,0.353883440204283,2.26515158276606,150.5166847001,149.453411249246,150.299746482067
"SGMS1",160.673232559275,156.211199888712,0.530569548691844,152.622117029869,1.34958916346683,152.568333106926
"SGSM1",157.882524632574,1.12648114230531,148.968931039215,4.71905881268566,158.124247428423,0.620371624934803
"SH2B3",199.326708542069,126.808186713674,0.831091421931968,3.65742641314447,2.13681096651241,196.442461552517
"SH3BGRL2",0.483186749303687,151.272828672641,0.763624323847877,147.79706394304,1.30947068213822,0.363478298331161
"SH3BP5",149.698011578181,1.23617416562966,1.20392318871348,2.13604861567884,0.414053308719701,0.449679555522426
"SH3KBP1",1.66068534977817,0.989018382440473,1.07150198862567,0.884548299494778,0.536325292996795,1.42170573145004
"SH3YL1",215.652245470144,216.714110523855,0.402799682253955,211.685389264858,0.870474567375919,212.965424042852
"SHISA6",8.58166058514938,151.791359944267,0.290473926487016,0.873578405368969,155.086374243665,0.697340465747955
"SHPRH",153.45063402947,153.873658524018,1.58672758119184,1.8643959900414,152.181868137555,1.07892460657604
"SHROOM4",210.376694449918,0.925306550709831,0.629435623357033,146.591020012068,1.5130923441408,208.468731201565
"SHTN1",2.05751388881831,0.400941376488306,0.665596071698126,0.54447649669107,1.32485592588296,0.382588601762589
"SIAE",148.97829581011,14.6577213978144,1.74942463519804,0.660113929440659,5.36954938051926,0.441761801602622
"SIAH2",152.605777448877,0.943013698267524,24.1187165447545,145.744650482841,149.376317123757,144.512205324254
"SIRPA",152.324190233822,150.810192237089,0.331270729333828,0.497238084618443,1.86909662300513,0.493587760168331
"SIVA1",2.21214734360931,0.799085071270269,1.27248058897498,1.9574004931702,0.91434199539314,2.10564623093042
"SKAP2",1.16270938800621,153.364632560704,149.611086416586,0.880566149593645,0.766869266295259,0.538830922392443
"SKIL",1.70360912026384,1.10579144869657,2.27353295299925,5.81576719065755,149.080988967056,1.23598487053698
"SLA",0.556041294582907,191.288821510959,1.04190489206566,198.461126648616,1.0473445889739,202.14905630241
"SLC11A1",0.880177716303245,0.379076284287135,217.884315490197,215.541697903209,219.367993899319,1.19006324393545
"SLC12A6",149.179770227746,148.996549543734,0.804692647190435,1.21087100010212,1.52535308532652,11.811225778986
"SLC14A1",174.85144218885,8.03986193050389,0.103577724484256,0.206181593720446,217.799300078765,189.64260622773
"SLC15A4",152.32174250328,0.712600780836816,1.45298062406319,0.733572259590884,152.461908147337,152.436423686509
"SLC16A1",0.695094205509525,0.409063500615141,0.795849805633714,0.599362678923129,158.094089867925,147.219178176613
"SLC16A1-AS1",155.007706475208,149.914809333266,2.01743732296776,1.04074500221452,0.77390280389751,1.64041183249765
"SLC17A6",0.614972547180083,153.187788022315,150.089744488454,155.570393307545,160.042810534092,0.762766951560249
"SLC18A2",3.60259965057809,173.58142366484,7.3892906008973,0.468332613548004,179.147775073115,0.129828107184762
"SLC1A2",146.434768435607,0.623828663159265,0.191740557660831,0.356185805624571,1.63310670382864,0.724648880601418
"SLC20A1",208.045085058908,204.168423916238,0.522085992783209,0.729147212374765,206.945429367131,0.61675999667808
"SLC22A17",182.976244886404,0.482790152290881,0.436854483330256,1.09088915369276,182.617085848362,0.183722130758047
"SLC24A2",233.723013055807,0.739490151550485,0.616987591925077,1.53275552000201,0.751522356972035,1.61490685074125
"SLC24A3",156.04473392692,150.188467683708,0.59327303597982,149.810222483803,1.77512533616046,152.646999582668
"SLC24A4",224.629374039093,223.926935509462,0.323451112020621,0.460284146464272,218.703232375601,13.9343666811914
"SLC25A37",0.614122147869743,149.543217327723,0.955615995494691,149.828467649516,2.29856149531172,1.57159897866056
"SLC29A1",151.515498593069,150.646919450041,0.641674074431826,7.14700330433747,153.339645327152,1.07721937583363
"SLC2A11",198.076526171875,204.206259862844,0.689262058835968,200.751339109656,2.66841904729398,1.51673489933955
"SLC2A13",1.73964198930773,151.703938601504,0.577404114961147,152.070963019927,3.15712658123846,0.236747734096783
"SLC2A3",147.497698119401,149.199992756997,0.809020348723739,0.502160933741037,0.632501728725691,0.56418215011281
"SLC2A4RG",2.22529902223839,151.722420393872,0.67912848037064,1.04100934185621,152.816309594246,150.59316083754
"SLC2A5",182.387841431961,180.091508542358,0.585397203246214,171.869190484607,26.5165835758785,0.577277943690102
"SLC31A2",148.450156602908,0.447908192102019,1.26224997068541,1.03125218555617,0.929225058637598,1.38027436123148
"SLC35F1",149.241062868761,3.71917102618346,11.2429146449705,5.84905839625095,1.19733365769992,0.448684077102055
"SLC36A4",230.448966620526,0.513426240504453,224.359786202473,1.19781042117998,1.14177398778154,0.494112595983171
"SLC37A3",1.07791902649974,152.397464297129,0.771129961161875,153.769376550081,153.915675320308,1.41862341607353
"SLC38A1",151.986120753517,148.722628213152,0.327135189940188,149.768348226372,1.72585673705591,0.406391177575504
"SLC39A10",1.80679568374009,154.748903382273,0.780288655039322,148.777035152476,3.01908591873226,0.7124741308509
"SLC39A12",149.545336146588,0.855719329257233,2.89766856500454,0.89138660721567,0.594081723652066,165.820774999863
"SLC39A8",1.47617862533114,999.882704730277,7.90882709252775,217.384778749693,999.937307308381,18.234603652816
"SLC3A2",3.13164257150807,220.88374576394,0.26751802287341,0.475210214950784,1.01435741518325,1.60822422548749
"SLC40A1",232.852458839287,222.388219323693,0.392564286320188,1.04154784435081,0.750555218231386,223.645565129009
"SLC43A2",1.69970387457861,148.832010455829,0.388616139803157,1.47635085320971,1.34142737198925,2.80531533424542
"SLC44A1",198.537995384428,0.33063495390721,0.422736813970128,0.919905242273102,207.656466477741,202.609635679204
"SLC49A4",152.607967278525,3.40323264819581,0.902520346050988,0.586288099431439,24.1339129924918,149.115748331602
"SLC4A10",2.27708886398417,152.389524449888,2.32478205242699,152.530913393473,0.87664456837674,0.818849954220512
"SLC4A4",0.901972651262002,217.366762580559,0.22209838343019,0.339894645958208,221.042173893424,218.141858105582
"SLC4A7",0.750213241669904,206.136530435406,0.359369622746077,195.015865088233,185.932746841425,196.443097155974
"SLC6A11",1.02892508312494,1.35076245916071,0.871427286301368,0.903828873263792,148.743967310204,1.00654171515981
"SLC6A6",157.69335597457,1.33797699235536,150.607853323116,0.943667603802574,161.065765623333,0.887778790540973
"SLC71A1",147.101171249025,0.563711041276663,0.669551807528783,1.61237225285882,152.326979819364,1.4427479491061
"SLC7A11",159.791248813895,0.390647345030932,0.458837137832794,2.11924158015178,155.972159315221,149.449902702026
"SLC7A5",0.536727248453206,3.2023227272155,0.814497633190739,148.758067064367,152.491512425206,0.410826682806762
"SLC8A1",0.994690829145582,228.686330855656,0.381518451439648,0.992165187632138,221.088692038889,0.37456741333831
"SLC9B1",18.2017146705723,9.94812128842908,5.72736375698677,10.7817619302244,18.5368073371404,8.89458268099609
"SLCO2B1",1.12029860234262,3.10653939012781,1.03991050053494,0.726150493608691,2.42306206936154,149.328667774106
"SLFN5",199.411456461364,172.67550347688,0.455468687020157,179.630550573645,3.66411257093388,188.954807927445
"SLIT2",205.191166251141,203.54589487783,200.43467138075,203.773679405676,205.044959768299,0.328257421879782
"SLITRK4",152.854320564833,150.186831004318,0.968240994431423,149.3863331374,152.366363482928,0.30309498699199
"SLK",153.07958876851,155.591611111602,0.223951036330649,1.37160780329349,151.961530774942,150.17155296272
"SMAD4",1.25623614187003,1.7977689945507,207.051358608812,174.641948493627,2.47104261191563,0.499678781303632
"SMAD7",1.31257307020952,2.55696069600624,4.32609030921212,148.330370807346,32.4259941873561,0.992344336681398
"SMAD9",157.982012421973,0.733003193825767,1.19490695971297,156.529196691002,0.910990836268917,150.640683419856
"SMAP2",0.905400704151046,15.2347786670511,0.89718735627412,2.49569551811765,1.05006137062099,0.37631166742171
"SMARCA5",0.411579799831259,0.410019506228232,1.09397696811578,197.764256403247,203.239627672776,0.582637258161485
"SMARCC2",1.14085929437244,1.17801672529274,0.595670141256251,0.386033476210887,147.774254344064,0.73895630073273
"SMARCD3",0.868397657019645,148.992265882278,0.901506200693619,14.7279173099287,1.06734143243534,0.299520213344355
"SMARCE1",155.791591039517,0.498158448294314,1.21497473689302,149.402114346165,0.88576288860229,3.29355357409857
"SMG6",1.78639563600017,197.406614140422,0.959008716052597,0.801197166060178,0.9049557347772,1.41239429604605
"SMIM13",7.62894163348908,148.695701705667,1.42961420657062,0.933119288267002,1.12502929361123,0.379363620629068
"SMIM3",208.931991070863,217.484857253718,0.568013398969625,0.49595307098588,127.241648190295,210.381017371457
"SMOX",0.591240533342932,205.815764970675,0.300748418596881,202.467997916046,211.908797046355,196.272067707914
"SMS",155.313234521556,2.14449309217014,149.80165301663,0.534090172790709,0.691122820278028,0.519877049203016
"SMURF1",155.836228921273,0.713473208676411,150.42455322865,152.707090766299,1.16928085785619,1.2549961857633
"SMYD2",0.48742681159081,152.760395589896,0.681218522351359,153.620255625167,1.71216893421327,149.370591191721
"SNCB",151.664819357064,1.58225422034213,148.614177680602,1.74329342331464,1.00842622698637,0.210235179027722
"SND1",4.4866232156681,65.7806078609652,0.497444312059944,0.681039977305491,0.920067176440462,1.16926633277152
"SNED1",36.6619819569628,25.0849917749808,7.6992462768642,5.53616535934865,0.461024887791455,17.960330896616
"SNHG12",212.598659692377,1.04000737088888,1.0770906285725,140.858925476672,216.991918120824,211.597318168527
"SNHG9",0.45013832599192,1.52726883835214,0.393959489793895,1.68456829020801,1.12643190284755,1.04808509117625
"SNPH",2.55711860153048,151.771095784415,1.09252832882941,149.229384192692,3.20855209151757,0.403708328586977
"SNRPA",152.743462026955,0.474679410567447,149.026920317697,1.59447939179213,156.166110833962,0.603959218133274
"SNRPN",175.631995102782,2.07999249636306,0.317485635587161,0.264520663107188,0.695829462932264,0.185465680425244
"SNTG1",153.891136812289,0.739055070795837,149.637122990324,1.45564028693501,1.31647868766338,0.504983641167248
"SNX9",2.40809274111719,0.507994287474145,151.225190474069,9.07642504751223,159.826814896627,154.221051274788
"SOAT1",1.34702994053242,149.867775639805,0.806588021118114,3.78237123135184,155.301050998149,1.9189845944902
"SOCS3",0.393312433416421,10.4291380477468,6.22725204409279,12.8316438586587,19.7443600884169,9.36541613901235
"SOCS6",152.374589202634,0.800448713816131,1.36075200592703,3.49172072073865,152.563453253299,2.9332477330502
"SOD2",0.65130823668245,148.458932775102,0.312201174543964,0.438118138467148,0.450947616039449,0.282903286387094
"SORBS1",0.474431925746431,156.543794801162,0.38156892156723,0.975402037177344,0.702264223441095,150.156352845794
"SORL1",217.283193556631,2.16075970348069,0.223948092769234,0.409129758291486,1.5431708861867,0.907237786394214
"SOS2",9.00954091975115,0.590660562200791,13.3321449854374,149.393523649339,0.768217269300088,1.5884824248166
"SOWAHA",3.08586024282414,12.6500277466287,9.81428600342329,15.0733807108954,0.540152601978655,13.1679908086619
"SOWAHC",152.86292222058,149.966848670306,0.795946697937116,0.867555381040798,150.336905169787,0.823383234838186
"SOX4",156.10666237689,2.25655842883281,22.2589294627632,1.48325955083414,3.27835140550017,149.971574605406
"SOX5",148.917034073272,150.637035376175,0.486740754927631,2.22840846408074,151.496588289277,1.5480039227665
"SP100",216.261877995008,226.52315138371,0.612028009795647,0.735897646733562,1.42569508326222,2.12205969838115
"SPARC",0.586194418526877,0.375260958234991,0.0621203201612879,0.0921216006663709,0.312698761655699,141.727235298777
"SPARCL1",0.495991202629203,0.594713777555977,0.0720879162492167,0.109078048180997,0.891027896920143,174.784206245463
"SPATA13",2.47317070700833,1.36666457393107,0.541817839600334,1.75980190084192,0.504508395229632,148.92983598687
"SPEN",151.992048993072,13.4118952292311,0.454329376458843,0.527998306778936,148.81454044598,3.51543494166042
"SPIRE1",0.822152143916537,1.39696967649071,0.864154314388315,0.889755426334307,0.654173047990433,4.05806865367733
"SPNS2",156.707284963848,153.039849856906,0.423529991216158,0.437349813349471,153.863402718178,153.02369333539
"SPOCK1",226.336795202044,0.35409515690325,0.667524837468686,0.495084946074168,3.09513996782966,216.202728057519
"SPOCK2",1.40137154950702,1.59660453852489,0.433648154903266,0.683622827925481,2.70250795658762,0.263384516932511
"SPOCK3",147.797080971478,0.423924882160747,0.694867986699281,2.63991081209215,2.18331193363455,0.3784366655469
"SPOPL",155.772176146701,0.704813632627423,150.18044129869,0.609924718247798,1.3030779967508,152.156637637663
"SPSB3",2.53260801156565,0.855788214998182,1.9318048647297,0.832014263232327,149.387703144106,1.10938754412747
"SPTB",152.670629461903,0.697144915671581,155.234651357732,152.259378499108,1.65336361845666,0.518436771662371
"SPTBN1",16.9896251730125,3.17635841907939,0.281968793487764,0.28696155305659,0.783733558569517,0.2803123421518
"SPTLC2",0.743396387480767,0.834747391585506,1.13748582276291,1.05356053802041,208.849752913415,0.906100601276854
"SPX",152.055842154703,152.197742709806,0.290884299328395,0.447480192216911,0.782982934858798,148.739464548541
"SRA1",0.610143803193406,6.38545383681499,1.36474018285381,149.680521371142,37.7890697666602,0.544076291398968
"SREK1",0.669480741307093,8.7007847201722,1.29151935063584,0.453612950216691,2.42235097819397,2.34222107145359
"SRGAP2",1.54947569524806,207.410644858997,0.553274296113915,1.01231927292691,2.50437667325542,3.61277979648895
"SRGN",0.402816156325883,154.17327902185,0.444543683591288,0.680447222133749,156.639619974354,149.941349677846
"SRP54",157.382131594482,0.398014880957969,152.195573186084,154.116213584795,0.703451945809035,152.609426892695
"SRPK2",0.858966019721412,0.431014640830239,71.2701311580454,0.619459456803956,0.918283372221092,0.254618640386487
"SRPRA",148.495006230534,4.58058894938428,1.01652152649477,6.09552197777297,0.652180219571181,1.01161964284195
"SRSF6",0.773281908023987,2.70447947519866,215.789127613819,4.07123171317063,0.52231402651687,0.605754804370204
"SRSF8",1.6339606191845,148.739893476297,0.376647363134525,0.810272779078662,1.77019220810718,1.15710715628997
"SSPN",227.219430570877,1.90528064599775,0.293558040663127,0.577649438490282,0.860630729767054,224.436256935542
"SST",131.058169443034,5.09292988870149,173.341687065125,3.94802731330465,1.71986958436069,0.897597085674333
"SSX2IP",0.909886867841805,211.118856143302,209.994233147834,0.700856356488502,214.058634659055,0.696460373403401
"ST6GAL1",0.58667155327463,2.93597350546716,0.89618376000572,0.412413178798081,152.970542639148,147.453663823086
"ST6GALNAC5",160.843345068562,153.990458755016,149.636882188737,0.845136173571525,159.860658364352,0.442807601401731
"ST8SIA1",155.12350621111,148.428349183191,0.896169074577479,0.854898369410663,0.975605690913969,0.56041299344322
"ST8SIA4",155.861544052182,156.949187488996,0.408558237861038,151.578557674545,155.852444032076,152.501235106425
"ST8SIA6",159.111995769718,151.585546903877,0.546650521906801,1.69766443830514,1.64199388933656,152.267311779187
"STAM",156.792449673757,154.363817217361,149.572334234712,188.413650393048,0.679012766810204,0.365792666910037
"STARD10",150.073902231394,1.12005539420251,15.9287074671602,155.206947886861,1.61083109133269,0.459018550875667
"STARD13",0.908799964503007,0.442173826179094,203.940786828847,1.52415854305665,1.10860956867046,206.932432811556
"STK11",153.139747928446,151.302395054878,1.2859328341045,1.05182782856066,10.8033528462371,0.449075250111632
"STK17A",0.986720099378212,25.3278044837292,14.7064582826142,1.05479664106235,0.561722126219337,24.9815192039954
"STK32A",1.86212322663773,151.118958690739,0.551731199716047,153.701236076728,153.219643299013,1.06229863931062
"STMN1",0.436327582180175,0.218952820720021,0.365419230808455,0.762647086622823,0.433315404929104,0.368445716660861
"STMN3",144.786117802102,2.82980826037005,0.781093367770331,0.51553571152304,3.09413589266074,0.179922589407698
"STOM",143.542042523928,1.86346799312972,0.164206045190782,0.334984384943734,3.18858181212941,2.22622461802436
"STON2",0.966466658138375,1.72816395317102,2.53387060751812,0.783639198363474,149.786916072357,0.587159481717639
"STRBP",0.473383643766421,1.00681963695747,150.418620572131,2.67134848688484,7.05451767649134,0.55951373404179
"STRN3",2.05081193843606,0.641395395682671,198.118583938875,0.906236751724578,1.85808737932826,0.651241719581173
"STT3B",153.444301201807,150.13195465363,0.418957957249101,0.677441756231862,0.599964352034593,153.273590135474
"STX16",147.550864270169,0.58167946352665,0.728046650077912,0.524681562405505,149.959985154456,0.888832464990383
"STX3",5.31383849980993,152.942279659629,1.04361398832785,149.017892590341,154.74594556114,0.479895349748332
"STXBP1",148.447295970863,1.31579889804456,0.7952908749067,3.07599375484174,1.44483637364954,0.157623341722099
"STXBP5-AS1",157.241621876158,1.81527299892618,150.28699756357,153.390208919268,156.551910047856,0.607565531417072
"STXBP5L",152.695626601099,1.11968133669311,1.49779650972761,148.408599824834,152.652670781333,0.387138205572901
"SUCLG2",154.601051908879,150.215403831061,0.533507187611381,149.098952935967,1.80943140426464,5.92038708879278
"SUCO",205.292405839868,113.172597631966,0.345703074313416,1.72767976253987,212.764760852541,209.258901429266
"SULT4A1",150.681183681851,3.15360691523365,158.693184009335,0.725345979987738,4.4969756966171,0.268573695009328
"SUN1",0.698406534684821,0.549922965034286,3.5297629568088,151.365216487659,0.976604429092119,152.550076742746
"SUSD1",33.1895838283745,17.8417824308627,11.0058587072021,0.569982903751986,0.96622041450156,23.2805388977071
"SUSD4",162.569135315133,0.67922612573965,150.205349184594,0.697821825587977,153.232867561381,157.198871867126
"SUSD6",2.57772317509566,149.502848658251,0.855964788273933,0.957748589984395,157.533295326811,1.63446670238289
"SUZ12",0.727937337650382,1.38560470844439,2.57907513314255,1.73975103381753,148.743821852777,0.556332179863305
"SV2B",1.06245315214529,222.684803180385,222.205636335925,1.26585493581738,0.94279212206174,0.234050437854222
"SVIP",0.593568083943163,0.387595279559725,0.819536474624429,0.970278030373615,1.88466376317314,0.428472193336623
"SVOP",158.603976085494,152.874811928702,151.966201143357,1.00156104091106,159.346404799434,0.268358611225108
"SWAP70",0.853167541193923,0.542293880356104,190.699433447154,194.68571026164,1.44612714708046,176.103116093197
"SYK",155.210319882408,3.36762681771434,0.930496166528489,0.946814992235213,152.403298474195,152.50686947593
"SYN2",1.52323419904515,153.293319930734,1.25124953062434,151.660457196335,158.3159604377,0.314507182302397
"SYNC",201.850696297248,8.42112087756438,0.780540854477386,1.40418090837959,208.518616292534,2.09358805547819
"SYNDIG1",207.05081720855,1.58939937643324,0.772569772620414,203.243688998771,206.957062077928,201.043803543929
"SYNE1",0.719569581244245,215.477231570799,0.500915215155327,1.06049478859865,0.907707757799559,0.449529348455924
"SYNE2",0.807753516511178,152.553895561296,149.564942360961,2.16707693875553,155.860105139398,0.678895870496321
"SYNGR3",152.012935222536,150.805296134171,1.01778532046922,1.44875796639757,8.17331441544535,0.124049217986756
"SYNJ2",1.34374647590101,0.344901895266788,1.45709763561459,2.8161889636982,216.500146963393,222.8381783502
"SYNM",2.34526930193602,2.84169515068802,0.307582812931598,0.538710209213854,150.70816331813,148.63840366909
"SYNPO2",0.7136392369946,0.950735551233978,150.629490025243,0.772966614713389,0.886972015602193,152.774602878025
"SYT1",0.645933587230445,0.771068589095375,0.508289025052374,0.554612445605306,186.835603146032,0.104493838049602
"SYT13",1.2887059570392,149.195456469771,0.490239662387175,2.34450515438416,152.591703301224,0.324248662080768
"SYT4",5.73664175727746,3.05917948516998,0.889395312660419,206.643046466674,215.934857638792,0.252832098029094
"SYT5",149.254469888786,149.346526029244,1.04011907133726,1.26451887671171,150.303301178616,0.346378538810606
"SYT6",1.59064431839462,2.6024913591553,146.834903368966,1.5149851873066,22.7040341391674,0.680588924008611
"SYTL2",0.526137064959306,0.696914998569647,151.518345581632,1.14918613298789,157.742193274962,153.905087887394
"SYTL4",237.753150650885,208.158595459807,0.209460781874199,0.46693254669876,217.485887203761,213.982089169251
"TAC1",1.01127201697577,0.545360638124247,216.951810816814,2.39662080006521,220.61721915003,0.558863431126869
"TAF13",0.836766981897627,0.578987661277255,198.021915916299,211.507637146242,0.588329499644843,0.400491621250426
"TAF7",0.493746453696909,8.4288826675843,0.626386726818096,3.33577219083704,0.951653987688111,0.372894328103244
"TAFA2",0.75585339615955,2.20558915328145,220.177864284094,206.584090552337,211.596457255163,0.782862290499611
"TAFA5",218.713169495525,218.310045187764,0.341585169467873,0.572016939723678,1.05878547469759,2.49772664760233
"TAGLN3",152.158859631815,0.426775266730823,148.53126136801,0.993983434216522,155.733226400529,0.205553666372439
"TAMALIN",0.803868113348,0.965634190495117,150.131228857825,153.373743164923,18.7019991280421,152.555861343264
"TARS3",0.748457068230438,1.35641554478377,0.908956561734962,0.694578975389335,204.320437927801,50.7373080426922
"TBC1D4",159.257330001027,0.863197984660154,148.966622205301,0.545861073678605,0.617470231021479,150.671741360089
"TBC1D9",153.251301388464,150.70719908407,1.77812105491172,152.378569770822,155.859020844951,0.301058197266399
"TBL1XR1",158.015050642856,1.07915600355072,150.33041468073,0.587026127263858,159.506553761871,0.324031624310714
"TBXAS1",1.04333648838329,0.972964536965529,194.415840090388,200.064623038953,0.899427730941046,1.18024934917102
"TCEAL2",0.764878337498163,0.615542441546784,0.634619803698241,0.444076064141389,0.819986907780946,0.346929193120446
"TCF4",0.489938854753949,0.676396795762507,0.697584445008757,3.16850809619745,56.6799469960627,0.554768852812869
"TCF7L2",158.154273840108,0.758105414761399,0.919432246465012,0.631497797883911,154.539060761128,150.080641824896
"TCOF1",1.53836840744396,148.561446923763,0.955744770250489,150.621172393255,0.925812100481039,0.527681567551643
"TDRP",154.98463577477,152.597543994455,0.648541176267089,148.145984095423,156.939481312522,2.53650586299097
"TECR",200.718038108581,0.679726789684164,0.206325169982411,0.459690754611218,205.158191005027,10.5058789882314
"TENM2",204.334388787382,1.21040340301923,1.70369217404755,1.09283686781376,214.591838896716,0.835259062375702
"TFDP2",1.28002113010399,149.014380806111,0.680549477408897,0.877737407870165,150.635926376462,0.493288328682672
"TFRC",12.8345987469994,90.4120748634103,0.526350007543543,0.58176343620913,1.47044694949103,3.10343138341832
"TGFBR1",0.817594352816171,150.494788883515,10.2109668952192,2.05894781353716,0.795850832260247,1.30758175306761
"TGFBR2",0.386807930796734,81.7810386204468,18.7520844837173,1.91261071516937,1.91002882241832,99.5163624706162
"TGFBR3",2.30643375306443,1.32022302809742,0.849860307688014,4.24346388672702,149.54267387036,148.857968451404
"TGFBR3L",157.821988325848,153.025389271744,149.763900811537,157.03712867761,156.020689331835,0.447425420192318
"TH",65.0316990328375,50.4130524824339,29.2390179822288,1.22830899067814,62.1760926534605,0.107378037675744
"THEM4",150.269929594748,149.287797921963,1.22116666402847,0.452408923727919,151.39121862489,1.51027492778096
"THOC2",0.735422158457038,0.293718782080073,28.308494599194,0.825295046979097,0.729932745834668,186.818505197533
"THRA",255.90545948604,0.46185916135798,0.327070906725125,0.895378400064173,0.734219607780163,1.13413596224069
"THUMPD1",1.6958468106155,0.658707575475963,3.74776571878022,153.282637147493,0.710814700548684,151.047730057429
"THUMPD3-AS1",0.478766820076545,0.919845786993572,7.73411824194687,167.738793151032,1.54418884893794,149.602599325912
"THY1",0.466602567049639,18.006289558801,1.39198340206755,1.54744112852042,0.485030148517288,0.144106755818841
"TIAL1",2.15824376429357,0.614222299810984,0.629294455768308,4.03585367789126,9.66283180694944,149.02147525546
"TIAM1",156.524477402128,0.812149263487809,148.841206798974,4.54867965003038,1.39547265507409,0.596096899983855
"TIMP2",0.551818757008967,0.343381001799849,1.12660861914411,0.958833757075987,1.27342935133392,0.305358017266598
"TIMP3",0.412871319454651,200.527143362799,0.190711256183347,0.29058426114104,0.97046807098738,1.91954777721551
"TIPARP",2.3104859100366,152.688317798264,0.498531225891786,149.327958916942,158.725670684019,1.67839005831509
"TLE1",2.73566520675242,147.407921120304,0.439993078036759,4.50756449632734,153.290483439742,2.79958636521329
"TLR4",155.515428555517,152.17763983091,0.266007642154736,0.49688185325081,153.695501071182,152.955972443826
"TM4SF1",0.412875363318634,204.805795779884,1.08489041412471,0.92195942325374,198.978654321678,205.677957192841
"TM6SF1",152.200290484933,149.049642823249,0.757114367808659,1.12446148156393,154.645996909467,0.854859517814274
"TM9SF3",0.860103171876974,0.872714336795399,0.581515294227987,148.89297182977,1.70327481573506,0.630308761226465
"TMC6",228.542567890327,0.545785110519863,3.43087689521039,0.443934253121608,225.9863502823,221.969292856124
"TMCC2",147.629832362673,1.00635443266334,2.2650965601471,0.89463161380138,2.14925683839513,0.523790056674762
"TMED3",82.1226339517674,0.396925649798028,190.449558120971,213.650100439588,1.17289349604801,187.81601682163
"TMEM106B",1.98134188257462,0.885775885376651,0.562740937377129,0.495945656771357,2.36792648136082,219.258405408506
"TMEM106C",0.689605553216231,1.18594310616527,204.114155181822,206.882942068446,203.358809488039,0.760851039161404
"TMEM132B",94.0345063710245,91.3807101846463,60.5426823028441,79.3106099602655,94.1423853006776,0.211576851126903
"TMEM132C",207.403099108354,21.2095247980634,1.34933094813379,214.41673934486,0.998638654358852,2.24726718497877
"TMEM14A",4.25123874410901,0.825048871394983,3.40692719634465,204.571370139007,209.485327593078,0.469042109520407
"TMEM158",158.578560118493,155.680579840841,152.987672021447,156.177050306314,158.303190987121,0.54916557480219
"TMEM161B-DT",208.608494092031,1.75958599235511,11.5962880895813,0.679223449017337,1.58592590351087,0.764469493721851
"TMEM163",3.7182564831788,0.667431322264083,70.6350507427882,0.665810699022995,85.513939750614,85.4152461130058
"TMEM168",22.1132649085534,1.50157622451021,147.586255322092,1.124208990744,0.452033786088338,0.975186543116186
"TMEM170A",1.57832779586486,2.48611991894993,0.496956102553291,8.55521775972725,2.03834155995206,4.51042715705873
"TMEM170B",153.464027255233,0.499474783113989,148.762655362178,2.7868399699498,153.580956293328,1.21775394472588
"TMEM176A",7.46987149837717,0.851697094172186,13.1577940832871,2.44643654795785,0.736795980357416,0.735843238557927
"TMEM176B",153.425919548799,151.646764923232,0.318583627697425,0.658345609666306,1.56206640422756,152.201053102154
"TMEM179",0.502189464630332,152.610828784238,0.521320413659557,149.635152280867,1.10905858496037,151.319386111307
"TMEM205",2.39374205326549,146.307140127214,0.461742842977333,0.994592788878403,3.12934916476714,0.586095336610257
"TMEM25",153.17518526095,152.252811719897,3.54764537649869,3.79251958301212,155.665023342839,0.315453678958862
"TMEM263",199.388356719546,0.825861811420033,3.40096793204972,194.547821107054,1.84534867799576,0.952409230131639
"TMEM63A",213.245178217932,0.269341039178552,209.117173184901,1.56648102423033,126.610952943326,1.33539032206372
"TMEM64",147.344350410179,4.62771803353113,2.33309463936908,3.42927312766143,1.4099291990369,0.836339720947262
"TMEM91",158.152166897694,156.078457529851,0.353586466373528,155.271827196905,160.153610629395,151.92563339171
"TMOD2",152.219067747081,3.29346304057895,0.486647363353017,0.69571091464668,146.951868808024,0.423119248380836
"TMSB10",0.184742940218136,0.642345949915583,0.165912098065999,0.259252151115711,1.01364604786392,0.690301191039764
"TMSB4X",0.526933656259024,0.3964528288096,0.105395927979581,0.146568849573036,0.531230651585851,0.274782885105081
"TMTC1",2.74032405868188,1.04386684645194,2.8048017579873,8.26364582338008,0.735609670461417,1.67556625635343
"TMTC2",149.517182888701,1.79828785265849,1.11084473482602,0.802514159472675,1.34957701067186,149.18475796146
"TMX4",3.18611838706724,18.6543270911807,0.275945692894988,0.380598933617099,198.492128682645,0.330213058888129
"TNC",11.1382401170202,152.422882579193,0.393475580899788,0.464651199340885,156.417362147351,148.84182522752
"TNFAIP1",153.303169848834,148.750274326207,0.54105681304184,0.813842680421465,152.398047358684,1.14389243359708
"TNFAIP2",159.744067871004,154.820607679091,0.447110001510043,152.780292867614,156.430867451929,154.289603150812
"TNFAIP6",156.486864817534,149.653480750162,0.378104999107239,153.638855848083,153.901044743257,151.423628092352
"TNFRSF12A",18.8339723622791,8.13059721470473,4.68713360219724,0.849281154622547,14.1954241964741,7.10936347760434
"TNFRSF1A",1.72185469984586,0.899685426599568,2.43531732559248,0.47324133414238,217.865333064774,215.243496474434
"TNFRSF1B",0.891253023134744,203.538453232078,1.04835085662882,0.781837615544465,0.667653313011294,211.356734310178
"TNFRSF21",0.832412528327088,0.5877465208606,1.04997636513533,148.878716155403,153.477342305471,0.401814346644024
"TNFSF13",153.004402983282,148.572838391988,0.266857173750616,0.929500247266407,149.146229489612,1.78707729064647
"TNIP1",0.545101046689793,197.630268817006,0.8145699886954,214.963630272148,218.538130107473,0.916012753129289
"TNKS",149.762370041822,1.18065758063252,0.731770462138912,149.92788145571,1.04425140104948,148.923557145535
"TNPO1",31.7019849437485,0.688542127438262,0.700066253565127,0.693629751835001,213.638513112097,0.731482576481837
"TNRC6A",0.803350360942247,0.308726321774122,150.481248097243,1.59490539922153,0.764056742517956,0.476787349722719
"TNRC6C",1.33516732270641,0.690639418977971,1.03943677035099,0.426538752204091,0.936263698875941,1.77327251953077
"TNS1",0.609292367861691,1.46233498566546,0.693528994843294,0.569132588942336,5.62146442193345,3.37834454537797
"TNXB",0.646327614907735,0.531707014939531,196.181509481665,197.206971649884,200.069223162445,201.053003778404
"TOGARAM2",1.57229589671094,153.043742992132,1.03329220557969,0.72936499133282,1.11188169083949,149.305615427158
"TOX",0.816523136312948,154.52850830635,151.169161439381,152.476720723029,0.743555556086056,0.953956120477442
"TP53INP2",0.783415242892174,0.428327280763188,0.403338137931527,1.38941262481521,1.13337373435927,216.580209561008
"TPCN1",146.869738023055,211.956803595226,0.294400763019786,0.810999469402663,212.948006913788,212.112928834515
"TPD52",222.060795740382,0.718152123055742,1.12276663352305,207.901922782675,5.32391056307071,0.498362635415142
"TPD52L1",221.214509800414,0.982105376877482,0.971455660373522,216.451229702642,219.726388568206,220.084676150591
"TPM1",0.419775148004441,221.508969696279,0.489828370209701,0.408880537627031,221.385282818462,0.618995078726101
"TPM2",0.413574422653008,183.325757292141,0.453436327142898,1.46581249626776,1.57617777869876,188.848956194475
"TPM4",0.607799695942904,1.20242727267899,0.936878315196362,0.605841856132117,1.20547557323218,1.18808544087273
"TPPP3",1.53922950066036,0.738667059826813,0.537214877613505,4.21990413102363,2.83603063964417,2.96210127484708
"TPST1",207.051929895025,0.675118634394034,2.49264093506551,202.495071721606,205.894417546419,0.597774954573218
"TPST2",199.423227838425,197.464855239723,194.177799770493,0.700126320590409,5.32554161453816,1.02806734649924
"TRAF3",1.10062882036272,0.625190085338732,148.404301667912,0.756844007682874,1.47208214062536,2.91450180369912
"TRDN",223.472753863518,1.72940964608162,0.334995206914879,0.679394676133714,1.10010280165474,220.885707759697
"TRIB1",154.999653381239,156.039607667566,0.708996676682746,0.751069866190811,158.338414479953,150.699525437348
"TRIB2",1.56428592678345,154.436013782442,151.033732208748,154.951694971377,158.962803676472,0.463174991537758
"TRIM22",1.43946570813547,152.240795779989,0.819468650778921,1.50118598621745,4.95860390907434,152.424670360022
"TRIM36",3.28933407243873,3.19461552779447,197.028368410917,3.41863319731606,1.00431867777624,0.707371472751683
"TRIM38",1.10473804751552,152.966887633007,149.702159496956,157.759776436153,1.54939347033842,0.701669663035446
"TRIOBP",207.851235634216,208.86919531853,206.577583119551,1.44304170899872,0.779679547916997,0.580894979001434
"TRIP11",1.11132818603374,0.711144971403073,1.59919839672519,0.406534602779863,219.201499259777,219.480793182059
"TRIQK",1.23961115835045,195.567027325378,1.50952149733475,1.43084515892286,5.40109125833394,1.05545671595615
"TRMT11",0.880068175309086,0.88641209915148,149.811842710402,154.033441872532,1.47454647743205,152.82870579852
"TRPC1",0.93300405882338,1.91018903562574,151.796912236398,153.095674466113,1.22756642994351,0.594788245365097
"TRPC6",11.9143660911476,152.932813686356,149.977473345995,152.965558423931,1.54579484734597,0.708143626364209
"TRPM3",154.37514256972,0.714571789339467,0.527858359045149,0.773747264175958,1.12536724463885,149.204339921933
"TRPM7",1.8585111491889,0.600080181615107,150.118901487368,154.260220703751,1.10729581818298,152.998977980894
"TRPS1",215.320598547303,218.885338208022,0.361866142904825,0.785443768007041,216.210075849632,214.748786996436
"TSC22D1",0.378635455705823,1.71190973920451,0.198192904940386,0.23133588812159,1.14240234593243,1.03892616635786
"TSGA10",156.282389733845,152.8071304223,149.495163234029,0.791100926295022,2.64033713487741,1.3289418197688
"TSHZ2",203.267680432007,198.70949230512,0.267932036262287,0.785408699365037,57.0602394904425,198.311248394295
"TSPAN13",0.771632211769314,149.757494235357,1.11513302809024,2.20960099410849,153.576485625062,0.445954214305296
"TSPAN19",156.039240654826,0.408831553732203,150.876905061874,155.941936014325,156.401884199165,151.569459487781
"TSPAN7",217.137902740396,0.642782485932096,0.461875733408721,0.534702812375217,3.20112477790349,0.396489863895483
"TSPOAP1",1.28038086884863,6.4626014610823,1.63358644485117,1.3978884202825,1.21245208368694,2.41983775702494
"TSPYL2",0.978377882006624,0.679128128887634,0.525412451960513,2.00752071480698,213.660936826554,0.340282817659204
"TSPYL4",8.5778440776717,2.82166392121855,0.992696378438133,1.26439730919284,7.80775479744406,0.262563738315443
"TTC32",220.752936019069,0.342535749153315,216.727669115602,1.57304138561199,220.331127423102,219.504806626207
"TTC9B",1.43092706579672,1.21550435733807,0.761317370564864,152.710525197242,156.209905325031,152.409718882851
"TTF1",0.400292363991129,209.37778668782,211.152840725953,201.983796969265,1.08909893231829,0.696656075296339
"TTLL4",152.715320413699,0.628182518512359,4.144482595179,1.35140570600783,1.79545767611847,149.186884818435
"TUBA4A",7.26001636166973,0.887014823362938,18.1911163856042,0.473383373712542,152.130192365463,0.187010777435226
"TUBGCP2",214.12615816447,212.30842467137,1.45922958834626,0.476236591492242,247.358023781185,0.568576066668404
"TUT4",153.064225330424,0.954649040458484,0.751120660751638,1.02181974415917,1.16783426100919,149.015444064238
"TUT7",154.715671423833,152.469056677081,0.87172443304682,1.21213061759072,0.886570783685865,149.978619009025
"TXNIP",0.360942058704627,11.3020559725777,0.184553141049715,0.379845477841162,0.609421495078968,204.05192997724
"TYK2",1.58687759420963,150.823395139769,1.00413187938677,0.62909440573445,156.377898851263,149.272461156524
"TYMP",0.809669635857538,155.490939369002,149.467948088059,0.931294993393143,2.37858786140491,1.22209941693236
"UBA6",152.500470308649,1.10830373079071,0.844261200267755,151.254468992804,2.56397473468962,0.479999732195618
"UBALD2",152.825949125579,146.869405399264,0.526302904247952,1.33661775461341,1.34257390784666,1.76614838282113
"UBE2F",2.82456406549193,0.553392146882225,1.22202419386664,1.59030826406045,147.469187402847,1.52214081294343
"UBE2M",2.50165114923508,149.333140194884,0.282187964622247,0.454947878698548,5.77239725497811,0.332628310954518
"UBE2Q2",155.944219477447,0.395649110018253,151.319849243305,1.80237056025984,0.386700382324135,152.953349178601
"UBQLN2",0.859141327785063,1.08771823261465,3.31696987343977,146.262306765931,0.554734200247373,0.466489683833614
"UBR1",0.53456249827357,1.66108885872974,1.68520454613209,152.663816052699,149.021152934607,1.16238735806829
"UBR4",0.91969497579686,150.836273979392,2.19222870780465,149.485041825478,1.27404227069209,1.81916787611811
"UBXN2A",3.03961876951623,151.075584803327,0.37580001828263,0.553041026761949,1.58730482936935,149.083837104375
"UBXN2B",1.89846958410331,209.859338607779,0.518405936635891,4.87604425048536,213.915174933307,2.96189455194356
"UGCG",214.263780280002,212.579785154569,2.91253244501415,209.994908774306,214.186660467374,0.510200559058229
"UHMK1",7.63710849764964,0.644502924609106,1.58594947021607,2.37134092620909,147.237439169543,0.356799574153864
"UHRF2",152.592925014418,156.432042435705,0.41699015397267,150.586619413043,153.648993810896,2.16851728840714
"ULK1",208.94551078923,0.537576608256038,202.17487429993,204.785711230521,1.44510383529096,0.801912931154583
"UNC13C",205.148919930812,210.751435800966,0.599966624718822,3.84233698476985,1.30277724442151,0.541618023912476
"UNC93B1",152.518748998198,0.713379053177896,2.06553119864024,152.651204828756,151.7947795252,148.947800096526
"UPK3BL1",23.8892134114813,0.720235851066448,1.08466012896348,149.352548709765,3.41965929950744,0.776847065166337
"USP11",0.713861693728956,0.657035450079629,149.276584866835,0.596585000659828,0.61443649474089,0.258836406184179
"USP12",148.475619850261,1.07016731865284,1.82744958778025,0.587923036335978,0.96938697490618,1.56773953798537
"USP14",2.74561174770084,0.275184450287694,213.662811234354,212.941338422696,214.158359516365,0.510609449014222
"USP36",0.694101774498017,0.939900956454781,198.807766815561,202.155679714506,0.851198200794104,203.110484958884
"USP4",156.826577863297,154.019386234217,0.535560968228268,151.618166992919,0.699308190053123,148.97446327061
"USP53",0.653701706092417,153.27410753893,0.232580774854121,0.516156922100439,153.495827684011,151.157956921874
"USP8",216.462882084162,0.707267868928737,0.332933323136551,0.479238506617398,1.71367325147447,3.38412519154891
"UTP23",0.807598669457892,0.406778820552987,151.968172645817,156.460649596771,14.4615806936896,154.093094515887
"UXS1",1.0792665204612,150.641384741314,3.64473532841149,149.409204815112,0.980274604447251,0.744326221823531
"VASH1",2.50656033143808,152.532487423909,0.859031142901652,0.992262875414981,1.38126048752986,149.059041506291
"VCAM1",1.01483758335162,153.37407136707,150.851320512303,0.715218417397425,1.11907526980317,1.34511900244839
"VCPIP1",157.493302133926,153.72617679568,153.384705104093,155.054363952938,0.607774610809901,0.400652573413826
"VEGFA",1.47844362148388,1.1873223314685,1.16649542812395,0.448705361564422,2.52117654000496,0.964821257828478
"VGF",11.6273957647231,217.462124768442,0.608504780910331,0.749557647275765,0.82047438118732,1.0331567001887
"VIM",0.532753324454243,211.625900781034,0.266927141459037,0.344799291902335,1.72151861164511,227.845418436829
"VLDLR",2.1600034887101,2.0066272477337,149.908766159105,151.486749521063,1.95229424987172,0.63099960775587
"VMA21",231.072141643918,1.47170381117392,0.483131607886972,1.02477008083024,222.574030342153,0.724102218120992
"VPS37B",156.285776980235,1.11982012389635,149.209647994673,0.713788777963753,155.945525697898,1.55091809798886
"VPS51",0.56541005868464,0.844981193821674,2.65621004522077,149.05455040336,0.85300284482535,0.502254445274049
"VPS54",156.827784869063,0.501075298139664,150.436785443807,153.478824340752,156.306280882128,150.681507351183
"VPS8",155.871533748699,149.802984617323,0.536764447717424,0.76928272794231,152.968823315575,1.8093321204734
"VSIG4",154.064339820022,147.856990385212,0.535743075499342,0.788782391488609,153.204027264969,2.48287008155954
"VSNL1",1.15996521858157,1.69698751330952,195.111370611284,2.78318196529223,197.116987399433,0.146264513318753
"VSTM5",140.524618654949,140.950515209797,0.606867080797004,136.609153142796,142.357023346801,11.5483808304191
"VWC2",3.39759377118286,153.553878928437,150.843832296014,152.771044344062,161.410005334202,0.38773520267038
"WAPL",1.15255652298795,2.10284972768295,0.835664914498893,1.82825082139398,0.801314805194631,148.193752362893
"WASF3",147.070257109321,0.894577579169541,0.330341067141977,0.468450242667109,5.92565683579191,2.25810659326937
"WDFY3",1.09804551038231,3.53206070963279,0.586257192730864,4.03955244867686,148.69216546833,0.883991197234826
"WDR49",151.551188919128,124.822018195936,0.980957784027253,1.89180842477394,154.795011556433,148.99088141594
"WDR74",0.694915357283876,152.977873818428,149.753189009174,0.770266808230374,0.710875802113216,0.432403108922714
"WEE1",152.381371236072,153.08588925721,0.894831784120503,153.220194953518,0.819731671439742,0.826033600627352
"WHRN",1.14076110543238,46.7347187578079,31.1427577067107,0.773947235065755,60.383618192048,0.476803103477227
"WIPF3",92.8191579862495,104.479826922363,77.7141648553697,4.81701518329945,0.898840529116115,0.507599397026933
"WLS",229.912085483306,228.556720036808,0.211993005515772,0.339456576781595,7.19359463871837,0.754697958497017
"WNT3",214.643640219117,1.1782676468815,0.78047927952379,210.312986336318,221.634481178322,1.80227627200207
"WNT5A",0.787218743302265,53.5771451656842,2.01580778164969,153.243488996128,155.925236594513,150.852069461708
"WSB2",1.44191631281377,0.902966513105973,0.958510806573157,0.695704752588075,2.30074656420309,0.472138175000089
"WWC1",1.21243868031766,0.515000566033615,1.09422062188355,0.916303685395968,150.890194299824,148.967317965397
"WWOX",0.692361195203019,150.012894936268,0.509028004644671,29.2481609971202,152.669494566184,18.898468588498
"XAF1",152.201440396805,150.675927360015,0.290795725722542,3.36704399689669,4.69721184545014,148.153179950404
"XBP1",1.82530702286633,61.3526443305399,0.76642983406834,1.35870236797037,149.759270701078,1.03280964255737
"XIST",0.410374154099498,0.586033920658083,0.490683964466489,0.718234857894877,1.35701624899998,1.02931858803341
"XKR4",0.601362288771235,11.7830424072004,0.986315673311467,144.941469327125,155.530437915539,139.334497783425
"XYLT2",0.817398490855102,29.3008508080499,14.0280386878601,0.855394100523557,0.716093984397267,15.39539932231
"YAP1",24.9376923022591,218.857798147513,0.437277119288832,53.0248313625847,217.619083700273,213.592236554381
"YBX3",1.09358493024784,2.0446763943286,1.56303208456882,0.689046359743786,0.905916216169808,215.778573334464
"YES1",1.26544862771713,2.23457752611255,199.2226476787,0.750917636110404,0.465864286473349,3.60148748285874
"YLPM1",268.668842825887,0.684866441800817,173.235295133945,1.80123316918509,0.52633640261385,0.456220477609876
"YWHAH",0.269794142607379,198.930355876302,1.51536727230459,0.970388135314622,0.882562927205354,0.18609358059061
"ZBED11",1.37161455379599,152.968591209618,0.295004220699638,0.44765611800418,4.95792144073,148.901794875167
"ZBTB10",0.771283646596054,24.0091704797204,12.4333981970412,1.07997648915832,1.2025913680949,32.2799269358467
"ZBTB16",0.476034182557524,1.05043928718969,0.422646282047506,0.582986670320426,227.426093442314,0.664986708383706
"ZBTB18",212.860510820257,207.478318009786,0.480979637087061,1.43694082412164,11.4280386191967,0.849401519285389
"ZBTB20",216.317486476734,0.71547579908575,0.311036775176603,0.575183714808469,0.532251075217409,219.257722382935
"ZBTB21",152.784301605744,1.50890529310111,0.839384670777362,151.389216563088,2.55661352945433,149.016740188694
"ZBTB25",2.26616920268313,0.976814016879181,149.071232829,0.977949461644341,1.03220456846082,1.89692482486487
"ZBTB34",150.149811407112,12.5139858242117,1.09378910052728,1.97029163934014,3.53678487975139,2.93180390472832
"ZBTB37",1.75206879501422,1.28409304980592,1.87371945967642,152.453642314433,153.555115451745,152.578306303193
"ZBTB38",7.47275414799413,0.867190772381117,0.740158400135264,6.32986158135598,1.19805194317414,149.485788755562
"ZC3H12C",70.4415404079765,62.2278228085062,36.5514134256013,1.06190701471978,1.05066656874281,1.64248776672717
"ZC3H6",210.230757807744,0.540061710226997,0.577061044571601,0.66861175067656,212.559345389793,0.879840451508744
"ZCCHC2",159.343427836031,0.71099883229301,151.082091336161,156.562913323069,155.708853288864,0.505713843985451
"ZCCHC7",155.862082535583,0.378325368272806,150.743635912928,154.804975760356,157.518231402567,152.160685755633
"ZDBF2",181.984823429543,14.5755518793795,176.699613524818,0.664508200557796,0.843953531225731,1.18249282985787
"ZDHHC2",3.58520462485874,147.358478011167,1.03214385364046,1.11299924820964,1.36284069170283,0.474738078497624
"ZEB1",149.439239869817,0.871247830879743,0.895409609129858,0.87169465547179,0.6099698992727,1.18086583273216
"ZFAND2A",211.848791451723,200.34910551993,0.432024988748207,209.170788977099,211.857287627906,1.457520128567
"ZFC3H1",0.676584006445623,1.10474321103531,0.570479099747351,152.189974481586,155.892586300638,149.270073596773
"ZFHX3",0.490462919941901,221.533970578492,0.472098900440426,0.882590402745255,223.708674813271,0.386774301262642
"ZFP36",0.566967082639421,1.30062062594319,0.357182032398998,0.770505621273339,1.40167545779347,133.117152492594
"ZFP90",1.35001415199563,0.482018297572303,148.969616273332,0.829156731050263,1.57157893268887,152.494598328876
"ZFR",151.84930031103,0.728526301564911,0.191000349483291,1.88380214949873,149.246275364356,153.445388808567
"ZFYVE16",0.608693090406239,1.03946552486895,0.926095708128354,1.71993584117775,2.1800265042364,97.229468547778
"ZFYVE9",148.120382870592,1.21751564979767,3.6102741147119,5.55542974542545,2.00965881252691,0.821779341442333
"ZHX2",154.969649186647,0.539893356178264,150.306366836937,152.996718251477,155.811783924473,1.03384007814935
"ZMAT3",1.5772171630716,0.749928559680955,1.19211484623301,151.970379491068,152.859924624048,0.236791779413007
"ZNF160",153.147942842904,1.05236529220615,3.0343889883112,0.975176589908608,4.71781231482553,150.512457001297
"ZNF281",1.30648303206292,154.831551418513,0.398459734570364,150.262765769851,2.87761557902451,5.51129731159153
"ZNF292",0.976098060584775,0.991103080390124,0.500177814268099,0.534556682854264,2.58543327620664,4.98786555136842
"ZNF316",153.46219912842,1.27205573765919,6.3672073077328,150.328409871627,1.17679588569546,0.754802843734732
"ZNF331",2.83666319542416,7.39556297326088,0.683226200232248,1.49499345041969,6.92102384006783,1.93667198346193
"ZNF358",4.28243607817076,204.584844458907,0.414613931513697,0.608974689978429,0.92849195551022,1.11160374656397
"ZNF365",150.857007219516,1.42192363739537,1.34432397454627,1.08233807246301,149.278815006214,6.17659883157986
"ZNF383",1.57397370133081,152.489677465299,1.2191437270958,152.572650193739,155.860828639812,1.10752305327973
"ZNF385D",196.182616918437,190.695262373016,190.189840649443,194.643052101257,188.438577592347,0.32605862570671
"ZNF395",1.57953687466356,151.793206648269,0.477228801379696,0.338259210888839,2.54711017000974,147.781954750667
"ZNF438",3.78001649377537,0.519851571139284,150.092140628736,154.750127621747,158.212135534261,152.510906591281
"ZNF451",5.34177466071865,0.442501409469713,212.064698848527,215.538035297751,1.1744179618014,0.616048646622185
"ZNF483",0.686227013863339,213.912968375002,0.587901356086891,0.435562082186355,208.060141335742,0.239349153436307
"ZNF493",7.44642510337937,154.100730452715,0.57906565528814,151.522835926104,155.847745395602,152.557007863643
"ZNF507",151.141178873084,2.19538865176301,1.57875264564048,5.03730475873628,148.985223457639,0.745225611624653
"ZNF529",156.662158643817,0.277607439329851,151.224529197821,158.485951948902,156.137933525117,154.573652301394
"ZNF638",1.43065189240775,152.94791752749,0.198881651180756,0.929479963104476,156.624098332939,151.696182487568
"ZNF721",152.25306105396,148.879974656075,0.645159817009607,2.03123056178636,2.46627147134556,1.04131392819811
"ZNF737",1.6211811930707,0.566800227542118,149.799259741838,153.296803535226,156.090307118217,152.887199265305
"ZNF766",150.018979948085,148.98094048784,0.592303442273309,1.18055346460956,162.969093333219,0.722628015163976
"ZNF770",1.32925865320039,153.272889716018,150.785345459896,1.91538563390567,157.400931454727,1.62530713346042
"ZNF821",1.99906306237956,50.122606675132,145.679885340766,1.53929142098959,0.776729212250191,0.683981382966367
"ZNF91",999.999320455191,1.37356637612987,0.498335534210942,3.37224906071115,215.528217863285,0.47233973321596
"ZRANB2",1.47486409024763,0.643311232605319,1.7765292729454,0.839880019335419,207.953175213924,0.349116630126823
"ZSCAN16-AS1",1.29494850958423,10.2305045391842,0.441932574790055,1.38302833707638,2.78864038554116,0.77427831642252
"ZSCAN18",0.775141505678695,1.33501146324758,2.40662454147999,1.94341124612045,1.57102047279439,0.567776245095757
