"","Endothelial","OPC","Oligo","astro_fibrous","astro_protoplasmic","microglia_homeostatic","microglia_mhc2","neuron_dopaminergic"
"A2M",0.312930302552141,192.796814996846,0.523653923604932,4.68711458883978,0.454437081841838,0.48548353451116,0.154149401647417,8.36101883342378
"AAK1",0.676251211818086,0.600978418973592,0.660032627242787,4.13390988816386,1.12975850242698,0.764218144264857,0.962583235904798,0.336225664225982
"ABCA1",0.552878118770918,227.295821794635,213.562043353884,0.380658937060687,0.845163285831364,216.804588976679,0.782813572383708,1.82259250290003
"ABCA5",0.576245202047401,206.380776271863,3.81073512636307,200.560587841244,1.52142042666871,0.812826784562486,202.385200039738,0.560905129099241
"ABCA8",1.45366512925693,151.443875241713,1.06449836581063,0.431237627915665,0.957414529264525,2.10088888585044,0.978620502575682,4.87370754446072
"ABCB1",0.331752390258003,1.72373023456703,1.29212424615357,1.77527855548189,211.310688570467,226.286026282011,0.725610992818406,221.873206258753
"ABCC4",172.906602693905,0.786971000713973,152.251470392277,1.26261697474236,150.619245627999,2.98868340271714,0.629590075549943,3.02173150379408
"ABCC9",20.7195208944348,0.432894468215216,9.93802857454505,24.5394281534391,1.00470772107283,51.9315940754859,12.4241759992314,32.1979293815051
"ABCG1",2.77419553446082,213.734391627178,1.25739418536748,1.1041429027463,207.23454891708,1.21793763347232,1.32378073397125,213.490359445173
"ABHD5",219.009418542574,220.748926168401,0.991826078187918,1.12243045696988,3.42177855189227,219.280710536505,217.799331263365,2.63545851022362
"ABI3",154.136490709022,157.068593425678,0.98862832847141,13.9971048522765,21.8856109489766,1.17192244729491,1.66758316630103,151.585338513541
"ABLIM1",0.727579001283207,2.41015971644364,212.075093497883,0.305928944183493,0.917836968025194,4.29199011065679,205.989511357924,0.551141720797392
"ABLIM3",155.603014155016,4.31206981078504,149.892282950183,0.459726508883367,0.945454509555801,152.200254336108,166.712102235569,0.77668902211383
"ABTB1",159.179953349985,0.753473058626293,1.09239948834484,151.999905061313,153.778650404295,0.603237745156079,2.40316653542592,152.152600071168
"ABTB3",47.5390995545439,56.6722095698098,30.7658636073263,28.3517517307488,46.5548719000503,61.0907806637035,33.0411167816485,0.342936493926107
"ACAP1",154.145813661944,0.777371882828647,152.226528130579,1.79623905860591,153.821004041919,153.808359475742,1.46210097610839,0.712135156723955
"ACOX1",0.525451153454003,157.804362208009,4.21780493780727,154.058874165696,1.64007171847413,0.751270433109805,0.627656153868786,0.496381406082348
"ACP1",211.738687854612,210.759886327536,204.634043017351,0.415130127168703,0.91832491757213,1.46844113295381,166.081963403906,0.392911317967522
"ACSBG1",156.719084872191,0.584142379357343,3.15777961612885,0.427635676715041,153.446640240183,1.8623735809707,0.998363072565668,150.655729017001
"ACSL1",9.68114815914345,3.99891905360873,0.776406154593797,1.72903572322535,148.143408394734,1.11612609764798,0.458324951671641,0.849996674414549
"ACSL6",215.270988281392,2.75576464403658,0.789508052257938,1.89462350485928,0.436456382051706,216.669954219726,1.90366764141037,0.788297315641003
"ACTN1",0.670673306395383,190.710008458434,6.93660645112201,187.272613603718,192.423601959952,0.656906011780648,187.045370149707,0.587808147385775
"ACVR1C",209.042384730689,0.683691931893553,2.75776816644769,209.378292399102,204.295276386241,209.320539167188,0.637903266850677,0.900845486941506
"ACVR2A",210.454912593239,211.563889632662,2.39855702677883,207.69240284686,0.673568479265151,1.35255155538322,2.78873676461567,210.423811414193
"ADA2",5.28232139870173,155.834168868728,4.87211257249191,4.5684371155833,151.665311586037,1.21351332753946,1.38864404742769,149.84656517811
"ADAM10",166.639555961139,0.650267072628434,0.253168281189975,0.483519006939023,4.80164174382403,2.95660111526984,0.531484467845253,163.579067590817
"ADAM17",2.03549857663944,4.80111833461503,2.46165895153149,0.634872398805479,1.00807258677322,1.53811284101505,0.635356478767832,1.22890875272267
"ADAM28",0.918998330979662,156.807420272039,153.050320424479,0.541289195821713,1.08560647086425,2.30986529198616,156.654782087857,150.726577778574
"ADAM9",1.01134020360486,0.990005148760131,1.90928779541215,1.00388654922322,0.61479942524492,0.675320818207149,219.882219323429,1.08960645039409
"ADAMTS1",0.46924274680857,0.58631189120596,0.523758511467771,204.118050529669,1.52432395869257,163.782822344952,206.011290411003,207.090397904123
"ADAMTS2",2.06307433401983,154.760350663,2.10800132914652,1.34664321357895,153.458712881112,156.605309641863,156.353092583395,153.60598822789
"ADAMTSL2",157.184456728453,158.046487470036,152.874961266787,150.931008721075,2.7213231183679,1.6283729532813,0.661009592670706,2.1470120832684
"ADCY2",19.0418870014491,2.98316826706434,216.823881632146,0.660010804399727,1.53173569051032,12.7929459462722,25.9815063509104,0.482518918221586
"ADCY7",154.631016742704,0.505471815961413,151.198244933329,15.7000145265787,150.951756194141,1.01280493159378,0.912969792271207,148.001130997734
"ADD3",0.78465190582489,1.29473931113302,0.28080756006428,0.303564141854133,1.04729436969516,0.561717140334451,1.27851401801546,194.681130902522
"ADGRB2",156.645649892488,0.487597003971883,150.409502388726,0.615145652147787,155.635594739748,4.95347017088877,152.467990850351,0.47334126343809
"ADGRB3",1.19135980227624,226.158891509137,11.5584057130427,7.94070863351964,220.02763867599,1.61570608724963,0.520854958144994,0.485351910480922
"ADGRG1",0.537739019831336,211.485035374484,1.21139057994341,0.691818408866115,0.736752298070999,0.448520704725241,0.424004111043735,2.10378676077226
"ADGRL2",1.42554206968519,199.204219830066,1.02236678336977,195.296804645238,199.382705063011,201.129872241415,200.589086677121,2.80928643064679
"ADM",3.10416157817648,152.310915896645,149.413217405414,0.657609549770167,0.467906934807673,1.76905164714787,21.9332154852431,1.57295813020216
"ADORA2A",0.656359868571484,200.19404276181,1.23613963403569,200.06583251257,199.353044842206,50.1121327620498,1.41497166813011,200.791307454757
"ADORA3",157.059131436403,157.609928425938,2.78708988599669,204.872966711931,153.053588301371,0.493251000448863,0.33545059089771,152.290295090365
"AEBP1",2.85256169361103,1.92838726939317,5.52388594960873,0.489932438298841,0.96280117989715,0.746618555885944,1.02935309352271,133.328862761551
"AFAP1L2",0.904438573641356,205.579639535461,207.991140076123,1.12138289806161,68.2837288919188,211.632321678247,0.765378689769578,2.15177655861731
"AFF2",213.044767390387,212.562570739996,1.36868242644438,213.375227939101,211.679885344254,1.01962444165924,3.3168361597167,0.34301253434622
"AFF3",0.646790050018206,2.34341678607587,1.51958466130207,153.945043395992,152.68396696673,2.64066855255679,156.938616837716,2.02611016964634
"AGAP1",201.167841283252,0.971968583182552,0.253351698179479,0.671554998320556,0.496450287608894,0.79223870317755,2.14865478097838,206.825096203172
"AGAP3",149.423008331156,152.415287857048,0.518251520736556,1.52592074443003,152.106640674257,0.968291363383988,2.03397827602123,0.506130122651591
"AGFG1",0.906581069261001,1.42285166606862,0.517153875821095,2.04542583317788,1.52162346969963,214.715769140915,1.01960777625939,1.25675576396219
"AGO3",227.658963154687,1.6177844739819,0.380095644040901,1.38887058654417,9.11308655431257,2.56733402836194,1.02074118813733,1.47037134497542
"AGO4",157.318841011247,154.451666253046,0.614101657450529,151.105329566625,160.037937295144,153.765502686296,1.50246506138121,153.148691530544
"AGPAT4",221.460856757168,216.784561137095,0.99764280691468,208.686841119452,0.943697014468163,1.40441745046216,0.588461708635601,0.952163891494005
"AHR",3.52201606507653,156.818725308099,2.36062382867594,151.014307047047,2.27789650765984,0.943002753043082,154.122060084082,0.956894550853858
"AIDA",0.675760670763401,1.84588443774766,0.804871944368976,0.551390690641018,209.944598869817,1.26171178733138,0.296669687501275,4.87754453467214
"AK5",158.454875980677,0.524251227229308,0.532840986686694,1.05499123269517,151.738688807903,157.330333030985,151.869877707335,124.260954698969
"AKAP12",0.774542192910644,232.347793878601,213.307687806149,0.297708622072992,0.575326069146465,222.019866985692,208.825335299926,0.429851354065391
"AKAP19",194.53086581468,2.08718930008505,199.551710566763,3.05214115971638,24.0095019342172,246.168902174935,205.168559862879,1.38048816861177
"AKR1B1",0.985692374015773,2.36922279829627,2.24556395428517,2.34897311658268,193.223221529,1.93922710239804,0.488213509818718,0.229406475349851
"AKR1C2",1.60674997868621,1.12169386377842,204.66908093699,212.688220172012,1.26164420379172,1.79307997725253,2.772003116244,1.96296854269448
"AKR1C3",0.767541664808994,0.519073796878799,149.022713279634,1.18407384637093,1.63214525909142,154.063482034882,153.973646762215,5.4485505151724
"AKT3",0.365609638137661,221.679160136871,1.04045697268147,0.903937539302745,0.613622432457982,207.36250105959,224.906624134961,0.480700921652994
"AKTIP",1.03036803848931,0.658196397227197,223.299031379265,0.525383485919453,224.099823221781,221.831694241033,58.8390812929061,0.68313758536945
"AL365361.1",0.609329376802508,1.07255742866547,7.87073163678802,150.498092650734,1.11626773214407,157.834759502245,154.716787290076,0.486151038251769
"AL627171.2",0.465820594798727,0.359631191834196,0.361426739015744,0.145296664814906,0.208391852818019,0.567650377733608,0.35469445328418,0.699539410734915
"ALCAM",0.474351864646636,1.45587067289344,0.5894204575433,0.428187834330541,0.948004756715626,1.01915157619438,0.947282870292939,0.59345635146698
"ALDH2",178.667947890945,1.85630553297142,174.533837422751,0.179807474902718,0.327994548659203,174.671959947253,3.90386829352984,0.553056966345441
"ALG13",155.607168657641,6.63391922384263,151.313712235167,0.267950659244232,154.93287840651,2.60990041514291,153.309848309709,150.846917356634
"ALOX5AP",0.890923744352061,153.360050099091,1.04464171603041,2.65820684690549,1.61088104095978,0.654971985567585,0.361010121521416,149.912568391395
"AMFR",152.481073961889,158.905802098649,0.408097928709356,0.436588079106288,1.17012976170866,2.23293430613605,148.424244475829,1.88416857152749
"ANGPT1",0.748774362944292,208.808145273847,210.88012093976,1.69358588597434,0.963237347063689,210.220707292748,222.428872330682,210.471106489618
"ANGPTL4",155.102827150622,3.25733477380351,5.1697936020048,152.546927121314,1.07023275049364,155.530799972153,0.713047216769771,0.788845558701004
"ANK3",0.590469923228484,0.772196249515251,0.548011853567745,0.419075704925091,0.349577430888886,0.773943523662121,1.83648628559799,0.557009792647481
"ANKH",10.2193233409893,1.0585443927399,0.74927072403868,0.336955392530772,0.710326925787451,2.59820965346876,1.90382678973545,0.8268966543852
"ANKRD13A",157.357627280217,0.4830554764825,1.8883346081024,151.537294678586,156.964314568797,0.693419517461845,2.06382334479886,152.978705115363
"ANKRD28",0.599197869260613,227.084017190608,8.73767688126583,0.571498908129171,0.419847604381173,0.851499624645355,223.125151530552,224.126293848755
"ANKRD36",212.526506568107,1.45691042900068,210.174099356287,0.840279740427282,0.473479835687417,1.07271231243426,3.0971574052557,1.39380457429251
"ANKRD36B",157.658290819004,0.846709265598169,0.486348137154477,160.728803213569,1.7888689574314,156.823949290722,155.966184938489,152.148098925755
"ANKRD36C",226.669561073356,2.00344864378601,225.31195457039,0.371677377750512,0.993615307091845,1.44351729006412,0.710394775513539,222.537925870454
"ANKRD50",156.532515900852,157.325389731914,153.835389525313,150.813839235034,0.603515916973425,0.859419308187048,1.55392088593881,1.14824708686222
"ANKRD9",2.39644571838046,149.132818738354,4.09370570014107,2.92417026607783,1.84514729774226,0.93235013830706,0.909690337805925,1.48430794729803
"ANO10",0.48776435650327,1.95643908738685,155.078550970351,151.775330685032,0.989501133891303,157.002667858191,154.369378419534,1.32032655631265
"ANO5",1.78796482553127,188.074767171154,190.434913045251,194.29653139703,0.604761638150564,200.097466919161,2.63655260195967,0.480945466949412
"ANXA1",0.405196258838524,155.48685567688,151.029834312956,0.980804943208322,152.271835829948,155.662833003757,157.123120349138,151.408947762532
"ANXA2",0.363864838637779,1.99883738301634,2.64038675585956,150.373121641748,153.375385000112,150.557967223744,1.34909798704694,0.708078233121687
"AP1AR",1.34517857819224,154.884075881444,152.827983456751,153.570814608081,0.670862329362743,159.332501580011,0.753644438451009,0.464993498683601
"AP1G1",156.016428378255,5.23499673552496,0.588693009767516,1.12646045400999,150.788548671006,156.900261000938,0.755458176221795,3.1555394298945
"AP1S2",0.396375765765029,0.456701661163979,8.31137801280034,1.4488629328682,42.2753684158193,4.87021673659741,2.85501889664441,0.354967221922438
"AP3M2",222.469324320355,222.985746375039,220.063445194259,0.741732563020128,220.345212725669,1.17287271884766,224.924731610835,0.35149038789275
"APBA2",0.74415150716519,2.2315103580731,151.499418339532,0.437424670941069,2.21884751415902,0.704785372844407,153.683097258256,0.863929335439369
"APBB1",152.393732211989,1.01518747508765,0.728440796941578,1.95740474845595,0.896287493160046,2.06046759672444,0.727146758837706,0.250431238130667
"APBB1IP",1.44033450286737,0.492345232270224,48.6133617853407,35.519607852553,56.6217396427024,1.17679005084587,0.293761174397171,41.8799096148726
"APMAP",154.195111084585,0.499580652494145,1.3450228952172,147.860534133314,2.32921140569411,0.685361559123779,0.397368757841358,0.742925516753485
"APOD",0.278324210738904,0.339772308148773,0.237580407692972,0.80589481874049,4.59645494841031,0.364528613992776,0.25126277944739,181.878253223446
"APP",6.90664312598475,0.845848032853679,0.274218271024986,0.176018535420257,0.590598994279948,0.616881312411769,38.4676067801968,0.25671989260563
"APPBP2",0.722635792363728,250.690503575634,1.16903844534252,0.452923830989297,1.68295457228383,214.35990875841,217.740912193977,5.18083625866596
"ARHGAP12",0.916898706063085,1.20267049059906,208.831212398398,0.42995375198338,0.738190785603181,4.36031244071036,5.14168321676505,210.086559658014
"ARHGAP20",2.26125200662771,200.82601701853,201.894803664991,0.655398861733436,201.223695397156,203.260285342785,204.996227328038,0.656560045792503
"ARHGAP22",1.22072057044198,160.789103328185,148.945942537601,0.599596412329569,8.87158665670567,0.988101298392214,166.974461699108,162.467962825319
"ARHGAP24",0.996942822659262,159.201342491169,154.249824238166,153.515439926955,14.9328244694337,156.713378275019,1.43247761842485,0.505521117278537
"ARHGAP25",186.992018271005,190.501498565606,3.05185017529106,192.611124257305,0.991950533898759,1.10840051336859,6.77875917107666,189.36261401466
"ARHGAP29",0.835294057144612,1.52229934356216,200.497920294848,0.678730799364365,1.7714006625214,1.31465688292503,146.262471598081,9.01112743595564
"ARHGAP45",52.2509800831991,44.7458558905516,26.9754488108091,21.0724289923914,0.745088711257408,0.719056360467893,0.679272507183612,32.5901882610349
"ARHGAP5",0.705937980160032,0.345158919097996,1.09701608288568,0.152271053670932,0.194923159005161,20.454837719185,175.227231874761,1.51810304974347
"ARHGDIB",0.599371931514354,1.1014878824253,153.889178093973,1.86988457273499,150.719521517113,0.494273035678923,0.595589332087454,0.804392673179282
"ARHGEF11",212.343379067944,1.62353658846167,210.075478234746,0.739126775858089,208.318782702392,209.868731081403,209.641121019437,0.691877847566717
"ARHGEF12",0.459977984182023,204.189695576941,0.734293802852279,0.3075077274681,1.2626018064514,3.28355248866959,210.557653417597,3.16139433280664
"ARHGEF3",211.839790517254,212.286392604078,209.511135634567,212.071440506044,202.863267174514,210.445872680276,1.2592293311083,0.557454141503539
"ARHGEF40",153.077433415408,156.781244838437,1.4443967906728,1.11171016491657,1.09395106758488,1.98422810991672,0.899822400796173,150.954067622278
"ARID5B",214.94625356606,3.2557260148807,0.388630855296842,217.33585751886,195.943197054041,1.43472410875032,214.168114365193,0.667343862703543
"ARL15",1.01753947220589,0.467091572418627,0.851588548597536,205.49911048425,206.178530221799,207.440895038117,207.804241059139,206.755904497328
"ARL4C",207.011857499282,0.635352961138024,206.78785760326,6.13344524966694,3.44467345454385,206.945929859047,1.52180034814523,0.606469377005748
"ARL5B",208.504427104851,206.36729952166,1.41756214147626,1.60761237547985,0.821416861302806,206.540668716092,12.2641553625857,207.719478826227
"ARL8B",1.47569711720771,216.773316106985,0.518906024734037,0.626262319617513,216.428364099247,210.354648954741,0.890928662772073,0.282448860859131
"ARMC8",0.490276644630732,224.131126283418,0.871117128876283,1.48181329655653,224.620857327458,0.562923411931971,221.790746576461,1.57295747869707
"ARPC1B",1.18902136536364,205.522024860568,1.10215715537146,1.10058221372699,3.43843705941604,0.756296971309637,0.625506704060262,204.454812270649
"ARPP21",216.150123618022,2.42801812472059,0.861883467671523,219.375372092178,220.232151286191,729.563082418468,0.67073337658812,0.646512454304863
"ARRB2",0.628804759037938,155.508670704328,157.42053673378,0.962008282970034,153.369861570669,2.27922478360251,0.43025294604633,1.1624334907444
"ARRDC2",1.73790167770959,0.416949472678451,0.289721944756426,195.262821616889,199.238932896708,1.29736512056301,0.730604016267401,198.427200060899
"ARRDC4",0.589852239124268,0.81449953749814,0.60937042107932,205.242465122784,3.28915187355935,204.680379597075,185.123549996972,207.557038325542
"ASAP2",224.09196627121,0.823963775930878,0.873475343697518,218.753252154645,0.586487440430446,220.982569662891,1.37580556697862,0.744258959786884
"ASH1L",1.74811777295298,0.467539500009341,0.863151553399492,0.317089902624641,0.330724506575455,1.19380886950511,190.27948170363,1.815490262958
"ASIC2",151.933251819063,152.294912126707,1.05026465469452,1.40338343744058,1.03258123213118,151.203781207065,2.4297444848589,149.663249172426
"ASPH",3.54923221545138,0.623797594351005,0.504874437981141,0.452458571774435,9.94478359121119,1.76120651334629,2.19579299064901,2.55666334752658
"ATF7IP",0.589335133053998,222.945056917561,0.64074376146201,0.497042149420642,2.04165282089306,221.349695657645,2.56209669220547,241.028768596647
"ATG5",219.701079566826,220.910070404984,206.55589736648,0.704285776790225,0.438995117431607,218.54958867027,217.484867449706,3.15539858544233
"ATMIN",221.040318448474,120.035180211754,0.806361524074338,0.575092820041144,0.585095070248252,1.16520822314474,1.33186606047198,0.719427130601156
"ATP11B",156.826794923468,157.547073894613,0.568385329858532,149.152042514948,153.067561727328,163.988542673862,4.56825330962634,1.00779733113459
"ATP13A3",0.442953298579571,161.904961681045,1.9005860518418,151.327879061079,156.628231022888,0.717529387282575,1.02672149575696,150.654348531528
"ATP1A3",24.0622750082588,0.786952687880782,185.582993441549,184.964571430389,1.1014224576238,0.927038095953304,187.307075361761,0.12353110334444
"ATP1B3",208.240471520129,0.551382883409853,0.717421588188241,0.371881342396085,0.495248724512228,212.94912063478,999.999292438618,0.539470377653753
"ATP2A2",200.875829381722,202.554440486895,0.549640650602366,0.431926864491636,0.623007569007166,1.3174766145157,1.69261137824499,0.296450452985799
"ATP2B2",1.82057240846536,224.311126606976,220.220915904696,1.90914955139608,0.543780902752252,1.43542850791051,1.99976596162647,0.445952649590923
"ATP2B3",49.8852066106652,56.1748735570931,39.6349770256603,28.9205306883796,43.0279951522763,66.4944785030899,47.975482826232,0.321982180846071
"ATP2B4",0.58774683868859,222.690897771261,10.8447304800845,0.401748918105307,218.442816071223,220.463786539859,1.40103109796602,0.878918846138022
"ATP6V0E2",189.405338866972,182.68589939166,182.336056992967,0.906618509424449,1.23499414644415,1.23830922220832,0.780718477862674,0.198748496184191
"ATP6V1B2",197.284150521925,0.756382493158831,196.324580315729,1.36752940128476,194.34828271314,0.53128217023543,0.499358607817561,0.134121028374342
"ATP8A2",213.900550476589,218.494696284072,209.549026673045,209.687610178238,0.716614316216573,1.11996360574841,1.11604462421957,0.232531240213174
"ATP8B2",158.393125643782,158.716245142342,153.219680407226,151.556023285489,1.07877049698132,158.984285617762,0.6085534694517,0.87777042273286
"ATP9A",0.413756698167838,197.822376462501,2.57259375767491,0.632412166900695,9.27364194239707,0.862888747191429,5.27358425830156,0.339372934808509
"ATRNL1",8.42423340791459,1.54606349913542,151.536687092139,0.654717729581631,0.610475278569681,151.704993199655,151.876979387056,0.937081837668841
"ATXN7",156.299026197414,1.86455619128517,150.491626451289,1.08681036446999,149.983406033545,0.723606701301371,0.515342878893741,152.325239092043
"AUTS2",0.588183926438223,194.893126467477,1.24722405178844,0.312931780637419,0.36605640152325,196.673798435474,3.20545703354124,2.38960832388496
"AXIN2",154.724930838406,0.495746181413707,152.529633875414,151.387927003269,1.50270025350775,157.734532507117,160.263055505371,0.976860115950662
"AZI2",0.840258928591297,1.07305824897623,1.15086349604775,0.620611877797533,4.33900652304058,1.307818854749,219.805734783284,0.520259210861044
"AZIN1",205.338991828417,2.54086339121431,14.8135264042058,0.488082065577701,0.819916966686222,0.576523067689816,0.415505197222133,0.38144861678772
"AZIN2",0.686601262297891,67.1811612729216,42.0279538214884,41.4671565365923,57.343506657966,1.16627032719553,56.0116868557396,0.679539190935813
"B2M",0.169332867214229,0.501050445815174,0.221556932810137,0.24991577766144,0.283720349195535,0.284843442616182,0.119876968752109,161.228219562398
"B3GAT1",0.883735829616964,169.28175287391,149.549021657733,1.01362358120579,0.756196247980119,154.288838578996,1.13733194388663,0.405097947482157
"BACH1",0.546955661421783,215.720515169386,4.14037801693006,1.01872266285832,9.71657544300528,1.0123850980417,1.2885364040466,1.92798279048229
"BACH2",0.692686958048888,1.23267834776449,4.34708530583602,195.610197618189,211.744593389307,1.27153685180038,22.9839857327435,209.313503621241
"BAG3",2.30510997214637,1.49924473954674,149.630922501721,0.372164755109895,1.65873337611648,0.297600156005856,1.07830558962514,0.4518876508921
"BAMBI",0.579776393919743,0.543147008227756,20.6189600382624,17.7338745565097,30.2695398019222,0.92901673563804,26.2152425636409,18.8993799238527
"BASP1",3.05035639486465,4.17248413685114,1.37808954915708,0.258639478365435,0.292189999065378,1.87317093495164,184.65035736565,0.165466586470032
"BCAR1",155.715631886038,3.49534516379103,0.661610602964818,0.556723558076349,155.002001040997,150.061407449542,22.4501137236716,150.125504128957
"BCAS1",0.341036482655224,192.034182459536,0.291543802083421,0.232868647043556,0.275243522680682,4.02884179282873,199.92027475754,2.58522343147129
"BCAS2",3.41422084075803,11.6844255085685,209.782676260876,108.726970930695,2.0469865487814,0.918509758294119,5.54239336142673,0.270966818677319
"BCAT1",1.20106736349803,0.903695395740251,212.184095986985,0.443291546602179,215.293283672314,216.236671339923,212.945748087974,0.272062093789901
"BCL2",0.975735358215414,1.55037037166501,0.503978885380604,1.86933155906622,0.743603313833797,223.367463204584,216.666462389112,214.792195821012
"BCL2L11",40.1159107505207,1.3732312419694,28.7381634946499,26.1356055786311,45.1244964607959,42.0177965955318,0.278430165214756,33.541442726254
"BCL6",0.583196601354639,0.4969602077308,6.28529547999483,194.808237108392,0.374459548240178,0.690749505934349,0.333923228097419,0.614452472448868
"BCL7A",156.539977655547,1.87516313739902,0.419572468031105,151.367045965971,4.63210634757407,159.267953129555,153.065309065456,153.492406435977
"BEX1",162.355561272754,2.55207412732638,0.576332849567156,160.124850136932,0.845914525821284,0.686338488451031,141.150062247537,0.12135098454116
"BEX2",0.785867280093324,204.718968254644,0.802276987882141,0.827500116962911,1.86451434591589,0.802160340038002,195.803032800926,0.328307294992778
"BEX3",220.257714164156,199.042911691222,5.28414743393089,0.412078318410773,0.494065728066359,0.756316206427497,1.36952060731688,0.211520778537021
"BEX5",2.76854907670861,158.476900734776,1.07635099182203,151.493065784515,153.976482482312,0.448236147862843,0.891876884654684,0.28060890436911
"BHLHE40",0.603786423834084,169.724318838883,162.680565787413,0.59308565107581,161.400111917915,156.949137614559,0.850238823203664,3.21089915423001
"BIN1",208.241910883582,215.884801067757,0.223579232608078,203.328339694505,3.02793550774632,2.08786606912733,0.462258915502528,0.348409003230368
"BIN2",231.949702406794,1.12091728751491,224.230790490357,224.559751345156,228.258443503896,0.658367700708456,0.507575069674531,2.18307579951999
"BIRC3",157.995919977428,0.633085809871838,152.77223126222,0.680459363993773,154.481143926197,13.8495380730777,154.664772263049,151.519851756213
"BMAL1",156.171958036205,156.436464770605,1.27011094002475,1.52783042688411,1.39758535261249,150.242941589867,1.17004242147341,151.332816627012
"BMP2K",1.85421997435093,0.6032369400074,2.16489390780739,0.513348498686564,0.757286419448212,1.47918543024645,1.13488623420117,1.0267838831711
"BMPR1A",0.878165390364478,0.992780382759543,0.97145290508432,1.12467197424611,218.869135817743,7.18585338713608,3.83043625099265,8.23534757350222
"BNIP3",1.65706363824072,0.826202236441597,0.612100121963387,1.86721648840426,1.27197746357601,0.77131623619925,3.60682932930952,0.239030553180637
"BOK",1.11846501708208,999.996445836081,0.298910383723871,7.11231957691552,212.013847913685,2.72007759412846,0.702689955717992,8.62442318312081
"BORCS7",0.597052087580036,159.048555165622,152.374548839093,151.990869684916,151.814839081871,1.61093720649706,0.926525992980951,0.239411249208639
"BRD10",0.538428276863161,0.933216599031514,0.685541364782994,0.903190602567339,0.467404126018736,1.05459525355452,0.636499169362078,1.56729136477172
"BRD9",153.500785757403,153.465861228879,0.776485514629154,1.28808833244281,150.436192236447,153.519056511154,153.393320911663,0.708518879323134
"BSG",0.377797730171244,1.58129234201919,7.01215735187412,0.427354613078097,192.605663285694,1.43968615497996,0.267280579357564,0.418827557976666
"BSN",88.7276113966014,84.0218504059806,70.339801078023,68.1835809476024,0.429622374458841,81.1893610510706,86.4807556580539,0.712709104292425
"BST2",0.615138938533526,153.670991123843,149.613775254193,0.488058202453495,0.872031896907753,1.01429999721488,0.580497380381472,149.328888844506
"BTAF1",154.858418565011,160.644616560734,150.608167394639,0.358644427199719,150.881854859968,0.936004449464001,152.936325114817,2.16977453773317
"BTBD9",209.367027135224,0.797433820714557,206.426637524894,207.181300010496,211.336024147594,203.210983211633,210.007209116635,0.382393183933247
"BTG1",0.68022848463939,2.19708602575429,0.768277454219,0.615351959215365,1.86040107522489,1.77482245455711,0.504472089651386,1.86161985627325
"BTG2",0.829133438484851,19.6247758408089,203.094685294346,202.43682674396,0.608001152229631,1.17315424371824,0.690676736093438,207.465596393121
"BTNL9",0.462264872103213,210.324757619672,0.644875638891166,190.719219013002,168.155040968565,3.07614448823393,210.503350035351,198.334672144206
"C11orf96",0.475038834948915,3.98236798922181,0.781413859420485,205.085956358844,4.52125554975807,2.42325220891544,203.545435257088,0.990518725931475
"C12orf75",7.21801135943711,157.939130371449,154.842040686704,152.067730366576,1.06563544926707,0.753018304884426,0.761554119425434,3.38040756014265
"C1QTNF1",2.0296107846745,1.41240677939234,154.490285963735,0.543785750657005,152.934619410483,1.09953600465648,154.72074381785,153.420346970886
"C1QTNF4",209.734664800544,210.437079736288,195.57315251319,0.472628164591406,2.75215777960655,203.893864757048,213.460839514272,0.890292332056182
"C1orf162",227.757765366929,228.132458215879,228.265722712329,2.25366415719248,0.631955315021878,0.751613817557634,0.816403646411783,225.958641478701
"C1orf198",204.520730837863,0.412000886300266,2.52521694803081,0.541118906032387,0.969278464416567,5.31166261546361,1.66534370715048,1.42776080854363
"C1orf21",211.711626166068,210.074462933956,0.558669428530378,0.50094613548063,208.710862024782,216.357926192567,199.610729076891,208.667065003594
"C1orf52",156.424103840427,159.915803686567,3.64337866025472,157.785568236044,158.008906086649,0.948434935681448,0.780342933770643,0.467040602718944
"C3AR1",157.081187575418,1.47476936281621,1.44754622519382,1.19894413282544,0.551282502851775,1.46391108075179,0.442799663319641,149.361292441178
"C9orf72",156.609645332096,158.440700553038,1.51132277867903,151.75365516034,156.787915993703,0.5833645116817,1.38402640048025,0.422213657843248
"CA10",1.05482484501802,218.568768280315,219.869894465444,0.366254774303697,1.00642637542444,224.810644934726,219.774243382575,245.008644218713
"CA11",4.27503752928189,0.650095533420568,0.625650413711126,193.96511873801,1.16178821322395,209.924719819356,0.99065954625058,209.733633005237
"CA2",1.78594710465542,1.40158846920635,0.22955535819422,0.24078829546925,0.461995576550134,0.517358950547105,1.03537983869634,184.820131708014
"CA8",206.565396789655,205.101853403186,208.607646171556,0.718926906386998,245.832549503776,2.05619733376766,1.54240972454433,1.66649142166035
"CABLES1",153.057852385804,2.71835526755759,17.0989552249109,0.583427519548658,149.662210769316,151.346220428147,2.18470275368772,151.159418757491
"CACNA1A",211.803170906134,211.293448918544,214.287513862489,1.16221040714293,0.885016669327932,0.879625054023732,0.535313126876925,0.753219792201815
"CACNA1D",2.60734285965628,0.87283820044598,131.095833419107,133.319361164182,0.635559143312949,134.602640816712,135.060352529947,5.84954664121578
"CACNA2D2",155.780082268628,157.91285820919,2.28116717980135,7.24628562423602,153.234695575555,155.810169153393,153.787237697359,0.368480559192275
"CACNB2",2.00367677843023,153.11363121151,24.4553585102083,1.34486421999412,154.960625456945,154.163848601934,152.176774807088,1.12575720458045
"CACNB4",2.64440700932988,295.118496122264,0.677350386597148,8.9147592201665,1.6222568569905,226.381311857404,4.39478812415277,0.411380967047075
"CADM2",20.1941452230375,0.691640561308377,0.614474320373132,0.3498491998335,0.408448900087151,0.579175500977169,0.865653030962489,0.274727779165061
"CADM3",0.711023541234054,217.104237990494,215.312373658605,0.473164422120322,220.397195492296,234.896625494413,8.9571048235072,0.396655985062166
"CADPS",202.063190735223,3.94468529251454,45.3656189039213,199.046288810555,0.678265531509637,199.69361950978,1.39848982422208,0.18215702314346
"CALB1",3.62560244594714,161.156100209312,153.397947014987,151.089887502728,0.681046620275581,159.737146945613,153.919267816792,0.353346950522588
"CALB2",194.839850229703,194.743131120499,1.49970569920169,0.873652575728808,194.709136992679,0.870203385957818,191.641825096422,0.17365038814032
"CALCRL",1.03746031674546,0.560301779406871,4.87425619308862,1.37891457258598,1.01824365340979,212.884886702209,3.11419538955159,208.381600333914
"CALD1",0.389113341903557,1.02955841391356,1.89556896772511,0.475983020957258,0.567019293568082,204.044725079247,1.34300574327967,219.925896146526
"CALN1",0.880232708985571,5.71811242202704,220.007521182653,220.633038657568,1.40597834860953,1.37186167659011,221.549324791689,0.386762313533492
"CALY",203.58504861167,261.533015138957,0.984706325307694,202.275330095655,214.682507669315,1.17357622625902,202.382028346094,0.139020176115889
"CAMK2D",4.12414897820175,224.85759620735,214.65521050784,1.8604339058991,2.27275557208067,212.417682462459,0.909939027945877,0.417923060142882
"CAMK4",0.559441337002564,98.4040322834786,76.1489195979889,11.1999949581688,89.8128021474751,20.6591316375422,83.6694053443204,1.01087346489124
"CAMSAP2",1.20088516951758,9.00363749143708,0.42844666197828,0.55014563300488,1.38246531597627,0.749474872623312,0.550691116225224,0.575979829022012
"CAND1",2.70790292875618,1.24144308063032,0.300287335297771,200.140533410404,1.01040209283459,9.73264404673087,210.232924969401,0.291967942400662
"CAP2",1.26601185828911,0.671097194830719,206.553800148842,207.41312567074,1.19687369093263,161.645945104514,212.651416526178,0.261762377089407
"CAPRIN1",0.675926379807928,0.550407736988245,222.005441007981,0.264857773237037,0.858796511565128,231.506423391223,210.717804488576,12.1958105659872
"CASK",0.470735934258761,0.73251178832857,223.987089096033,1.32920234257575,224.695582433547,226.311301546572,2.150080202048,0.821112921689268
"CASP8AP2",0.929807973337364,214.016590993876,0.79637205425181,2.52157402436996,1.03139328386317,213.54396807186,0.625211489436152,3.71477709818934
"CAV1",0.405413246172051,155.634440128733,2.97026688193848,0.590857320861927,154.929352766139,157.530029002708,152.460758412439,150.752852776395
"CAV2",0.566734014731084,1.45567470236626,215.388559895542,0.809391773553044,211.762334782454,0.884375607700341,215.723520307612,214.765536151855
"CBLB",2.46711071824368,1.65275234821564,4.7788043534645,151.030404514788,2.58620017341448,155.043369399539,152.172331199066,1.53058014572154
"CBX5",192.05710599896,1.41066239603244,0.32211230943865,189.323270377624,0.72066371569591,188.572312347437,0.406753068719677,0.400909816843774
"CBX7",207.769018822895,0.573363445857193,201.380537163809,4.73056906324798,198.720001105518,1.2737139220642,213.125242648518,0.60675683747638
"CCDC148",180.545255396381,0.865053059007252,161.08132897794,177.616751949637,173.783396038027,178.313352619003,1.17637414228803,1.04299019463306
"CCDC160",0.319382373319455,51.8942242719171,22.4558537798208,15.4368982024117,0.927889673097617,48.187786853654,21.7007543315465,24.2480593348162
"CCDC184",217.121565335633,2.89344922210818,215.58708170817,2.65684512117291,214.590500081901,11.1821188007706,3.6200385127106,1.05566480308188
"CCDC186",153.151362261941,149.902650890347,0.713749005653185,48.5311890302111,150.838662766231,0.363816589040387,0.443402085048442,1.17808449575452
"CCDC50",211.289094951631,0.997223982333621,0.97255482087998,0.622367382223955,0.468676083589169,63.6900434383894,213.253034961194,0.889297168005226
"CCDC66",210.179813687115,199.060264702618,0.708080158388387,6.04200878590217,206.716584581699,1.10308802777005,207.314363683437,0.750683724029286
"CCDC7",0.585644900442894,5.65403824922028,1.73314564593119,0.59778798773086,4.54110204721092,2.61025903486228,0.912453843916008,209.687033849473
"CCDC71L",156.814284862182,1.05366852235179,153.577540202078,1.00494280415344,0.602541552457686,156.648113770554,153.740677073992,150.826466577092
"CCDC91",201.484166654469,1.78230175531403,188.559675166663,0.352529057319404,0.708217480485558,203.476675471802,0.459060618004237,0.979420523017809
"CCK",2.31368842703959,185.068178089169,15.7589601848463,188.106917014375,16.1258893764802,0.623112623802455,194.201659816575,0.22807760398039
"CCN2",2.80503222271694,262.205557550252,208.233312509109,2.13046823877667,69.8068123792308,0.739082684259529,1.69829947775011,0.752240600935675
"CCND1",2.27127847572809,148.081948883141,149.609896455839,1.9928287453426,149.499914671579,0.646770926891922,0.419385801993479,15.1457748289537
"CCND2",154.373840313563,1.64683624759806,150.724262993622,0.413927034043418,0.712550586976416,155.460207931535,151.188388793043,3.37478882609175
"CCNDBP1",6.28701532932247,153.137553487147,1.01904970425308,152.457109815279,0.749307514421718,0.947346083768701,0.760214886366701,0.63792995690932
"CCNG2",6.14671878787895,179.049299935593,11.7829768370146,1.46862542415363,149.802987514698,0.960252643707101,0.553309030105684,1.13675785641323
"CCNH",154.621602714818,1.37112734731042,1.3824626474838,149.967716536014,2.42998454853012,9.16828462742236,0.583491710867467,0.724974233493981
"CCNT2",3.1035565010571,3.48589886356552,0.90787070313295,1.12712743405624,5.61584836398137,3.20118312774682,147.670954130137,0.962113278615438
"CCR1",198.555494672916,198.897460905711,999.999067992446,0.865198829012484,0.796866556107804,198.86245798735,168.670269079865,212.190274370805
"CCT2",0.523518199385266,0.922266337841939,1.31849931205668,1.3542406018285,0.947612992496463,149.756114488414,161.084208112579,0.315027300770146
"CD14",183.317396322929,1.05809209334947,180.549656293259,1.08247581227736,186.077974315414,0.489755413555261,0.416019694955981,1.75464131531759
"CD151",0.560290633325732,1.41598688134101,0.557067688431649,219.94223137284,0.887591248332764,0.707268644390212,3.02154082435799,224.158634003171
"CD164",0.814152226184672,0.820292397975598,2.72177904677099,0.580420612212636,0.843812462678333,0.394894514536018,0.428725492798415,0.783781727371182
"CD200",154.532833821114,156.819122005824,0.617637213493289,149.994767911054,0.926287672153136,153.349103978413,2.20396906268134,0.336936168332956
"CD226",128.85528884842,0.776867705730024,120.843706709169,2.60279779962946,127.510162232945,131.861680534542,130.591404986564,16.3803277597375
"CD24",25.8643579011588,153.253551079164,3.47410664803061,2.02487321825927,1.59314751247076,15.9191083498633,148.683079814092,0.338473912958869
"CD276",2.05641299748019,160.166672473518,6.26172419139633,3.44489221973185,1.14293381454499,0.644877217452425,214.348628588473,214.052864229304
"CD2AP",1.0944771110257,155.8644591596,153.380936164788,151.732942405714,156.113601523383,1.3781650141631,0.411888582589088,0.967418855281947
"CD2BP2",153.867583816485,152.936212129104,3.12354786620842,0.610206244566095,0.700418787194857,0.739110954047195,4.18170022219508,149.939336451749
"CD302",207.929038080304,0.566998989846129,11.7715609782411,0.325444106893588,194.858885865908,212.250188613473,2.76968256443302,207.424100812809
"CD320",1.36331931101674,220.61700380091,222.883185899379,18.9600128934764,219.950150905331,0.898337851282111,1.02208067618534,0.350528863422254
"CD37",1.16776918766029,81.1103091913818,48.5817504812545,37.7031995277703,1.3606524672512,0.767469390632566,0.326872791094688,56.9501465644072
"CD40",157.054943484941,159.444594051138,2.72181185160523,151.320805164328,0.8288443217476,158.639124881483,154.622036992529,0.814228057901239
"CD44",0.521721885341825,2.34877820646649,0.434614684912186,0.798114908180853,0.65149203385258,0.596902731525671,1.39641733564808,213.086490034584
"CD46",0.840776280540401,1.59886392088351,0.935250457624985,0.621972469106819,0.559621779071135,215.932515990871,0.876569754311672,49.9851361284208
"CD47",1.16664321273207,0.757586830486758,0.694323031931557,1.27577486025054,0.763460143406668,1.2713272012697,149.260464116323,0.735825025020676
"CD53",0.744458498827215,4.78601880856362,20.5478460515819,158.049708595128,0.583390331147069,0.493274382058833,0.459171937805102,168.422310329428
"CD55",211.147260957989,2.49060515895656,1.09595452492573,217.017367983935,0.566687072201001,213.149638902487,6.04049644722986,0.747481642319112
"CD58",0.784853436740895,190.472578321317,2.16109564265751,183.283234007464,187.159629681149,1.06164833050633,5.43281269715821,189.02999386545
"CD59",0.945836517217999,0.473870917858434,0.292574134621377,0.428684586583674,1.40832906909,3.18709567192655,1.13459530431654,1.22316587085795
"CD63",0.72167007318364,0.720482208485718,0.501698254194485,0.251130213789408,1.4285091898043,181.799764832758,0.340523238663537,3.11348189194737
"CD68",0.623150278992191,153.785760405052,149.518555251722,6.27404515108017,1.06836481368546,5.63186207007923,0.341933192766622,10.5129190495124
"CD81",1.54016337579784,1.91297918944346,0.809850846689977,0.257418444150606,0.405366568122482,0.349242895460683,0.319584903030467,1.2691713484478
"CD82",1.20162190820102,0.564775161605471,0.4457112764754,1.31585743356577,1.97732033314698,205.469444808205,1.69716289273598,3.16700057156844
"CD83",137.392203948411,137.955095299418,119.630459071126,128.939448932522,11.4916917107233,2.12751122975745,135.942997620384,0.631885879457696
"CD84",209.02338905898,210.027479104776,219.45041548314,1.03587971014566,0.731011218664355,0.970593113693609,0.451841868393656,207.942839057307
"CD86",0.578679569806994,8.75536789567181,154.679781528238,150.881788937481,153.718529807691,160.001764964202,0.568770659145344,158.906822917578
"CD9",202.62172202115,2.36744338995465,0.335917388307252,1.25537811819166,0.557501782635097,0.541132489590164,0.485223032088332,207.735997534681
"CD99",0.596876816173492,213.211353370549,0.803463446017555,0.332115949069626,0.440401583362652,1.92099202021467,1.04273750732755,207.256517047247
"CD99L2",228.6974534018,2.29239553583859,0.915946845698489,0.926078807466392,2.3687022774974,223.550591509471,0.702118931606676,0.608384953094393
"CDA",1.41113091366018,156.283849551453,0.956526622816046,150.015243806953,0.853921851989445,154.950832724244,153.63491862184,152.023049178159
"CDC14B",156.174360746266,156.37885459049,155.052402587758,0.273248482764658,0.681808041787377,1.39097560087006,153.082220948055,153.028535714437
"CDC25B",193.07911177873,3.02041411009792,1.70798345786446,150.238109803038,153.874891417839,153.479231955981,1.52584097513932,0.720955413933092
"CDC42EP1",156.614291441042,157.231520939992,0.301804636163121,159.363995606112,155.818102939519,1.10463019272607,153.546255684967,154.940339757697
"CDC42EP3",0.410339355680125,146.26880028099,136.946996954196,134.161707107759,142.93364041789,145.738927493731,8.28061036231193,1.11896197508421
"CDC42SE1",0.449446944901339,0.930715276955495,0.641920814726394,150.953104055638,159.44426205046,157.739003020276,1.31278538777954,154.734529343377
"CDH2",220.612674784994,216.743192204061,0.792775029616591,0.700357667567766,1.13814165095253,217.720961810958,0.454998301453915,3.34814070646107
"CDH20",210.499805216403,0.645724449976211,2.27922281050809,0.721982512209451,206.033327277166,51.6578292286981,1.04685000766362,0.923938994555478
"CDH6",1.76178855969569,153.289685387373,3.12954508783792,1.03453611744519,0.675254761262354,150.326520550829,3.17551617960178,2.85176309011252
"CDK14",207.409783612591,12.4881573383245,222.543910033511,0.946231469666928,0.967305783290554,0.44148769036541,1.18973132545182,0.422253110342928
"CDK5R2",154.757665481048,154.337067492081,1.20876873412096,149.688575630982,3.20468839873458,1.63853865759291,4.94693795063093,0.398477931960265
"CDK5RAP3",216.671124385348,1.13941615514922,5.79850219817909,203.43316477947,214.37755352305,0.456647068173699,0.770835459456288,210.384222560262
"CDK6",1.49334837015586,4.29075131685851,0.451284807940679,224.186895946896,0.46604941675886,1.02201518683406,224.962793819044,2.05122622031089
"CDKN1A",0.541891391097683,154.908893373927,152.017882767696,2.09865443677303,153.057898013339,156.695806218081,1.69255705241807,152.957290982338
"CDKN1B",219.165360915648,219.294998748392,0.412210252850831,0.242292011179154,0.841077734506787,211.430457509476,222.874001322471,226.022861513848
"CDKN1C",0.58929027640709,2.06901443546147,0.183161288693273,0.675654458017223,1.00855380787677,0.871273709912983,1.08514564310632,204.778659801246
"CDKN2AIP",0.643165311613077,155.25363745284,156.591853524887,152.751840837546,4.86330417355801,0.591877882056212,0.536958034573008,153.341556787197
"CDO1",77.351667079506,85.0045592866802,35.5606602053844,40.8769777552063,71.3179735864983,0.828303580767162,62.2580358644925,0.285614137149543
"CDR2",0.539484929338879,204.968238116245,207.821647419219,199.790213920707,212.19551828742,208.486949814624,209.484828518662,0.462609007194646
"CEBPB",0.983521792254638,2.99996068070065,197.438009560037,0.49810649663937,20.8788701690541,201.766053738482,0.934802122179361,0.562307464905367
"CEBPD",0.467148488228065,1.64473292730687,0.903027288194083,0.430481948388497,0.584587217163984,1.72030147692427,0.571967932351978,211.111673801914
"CELF4",1.30868181647381,0.888647122429739,45.3774928896539,0.309553713060125,37.6012103741844,1.56664840707952,201.591239992732,0.129470697247473
"CEP126",155.372042961614,156.103692511989,1.06850263625262,0.404698388157029,153.119372238807,157.113121723615,151.22027246596,0.438357625997827
"CEP295",1.22145332991423,154.454030796809,150.435765488183,2.46900651722799,24.2136156529232,151.211494079576,1.19552815689985,1.94366531311973
"CEP44",0.566327475549021,1.51910832811634,152.787347347318,152.220497670818,1.60800201673088,155.096436586518,2.79613819303493,150.775330836021
"CEP68",211.82246651893,0.847185557154287,174.358264708893,1.26926339718323,190.97691560092,0.608721601583674,1.23426626491078,0.962114035793804
"CEP78",2.49969575848155,0.673513025790325,1.72834006067405,1.21989548042772,2.16054577360333,149.690224249654,1.6277374190657,2.95481494711036
"CERT1",0.746590011634202,224.986188676844,40.5066866178718,0.501595155484841,1.67086274326163,1.64519855249638,1.23823563673015,0.814782313314739
"CFAP36",217.141943204948,999.991545340874,0.880251662854504,0.385948531450186,7.03858576696215,1.2944364045258,6.04185330564817,1.23296470934972
"CFAP97",0.411054598367115,12.2429482070499,74.4655241957165,97.5649553832062,26.3472574166854,0.798379384604371,0.495923367732952,77.6476672591237
"CFD",5.10047153851055,1.05567645372559,153.50129332665,4.5576787662824,154.579972616692,159.682267411399,0.620731160353322,151.942704094449
"CFH",0.321825795536878,0.937698885671531,0.877234130420413,210.383883884716,2.94928802978985,0.664168941508861,213.125636300731,1.40420834373713
"CHCHD7",208.534726433693,211.098795913295,1.01058544989588,208.060257761318,0.530459212384394,10.8356168863562,207.458578633183,4.89827252993325
"CHD6",0.911851459264926,1.01313179876137,1.96264243051554,0.728238662853066,1.22947915917966,0.409286244391916,1.03889996136792,1.32666526673378
"CHD7",2.17181363937135,1.36774410121046,0.743760208264879,78.0542881150995,0.86729356736775,202.741537634958,0.602183944451986,1.64710163308642
"CHGA",39.8315402887648,0.584797241794476,82.4306645597822,81.1975785582657,94.2748565404496,95.3085459888214,83.3154464611877,0.237259966805329
"CHGB",230.386199169943,1.08198995517524,60.3928142398527,1.283224191348,2.19656207184474,1.65314902766745,226.340296213873,0.23190516734004
"CHI3L1",2.69607643349629,3.3411961455089,205.210214479782,0.211054843532654,0.576466961561715,207.47917261608,0.475207455002726,1.93662228387184
"CHIC1",153.091439792652,1.29721358169448,4.25549762752066,0.887002155314412,150.176108664513,1.88978222681655,154.802720455656,1.31140993221488
"CHMP3",461.91394891848,2.51438341965341,0.301709866050337,204.055014418837,0.721461722610946,0.476657235448434,0.684436442107051,0.847022710642382
"CHN1",0.47574944221613,215.337294808298,206.54533040864,0.469659420326592,0.937397995993599,1.37648074914824,213.548731577256,0.253122482197417
"CHRNA4",2.00756015078647,157.843819472513,153.951307003482,153.454854790553,5.26697601070546,156.719558817351,1.9804583577491,0.271382724545638
"CHSY1",228.705974027716,0.931726549145886,0.994017733587549,1.72761416894296,222.89208791229,0.840644295593285,228.822520702555,2.6899303923122
"CHTOP",0.776880836511787,0.729705465516688,153.487364575707,0.47563706460795,153.695181376577,154.401144701588,153.305760075006,0.736156210553931
"CIRSR",1.63644740708739,209.031592288832,0.995235806874256,0.538626912455483,1.33458058100175,205.030123620005,6.59970317480576,0.731945671807071
"CKAP4",0.560019732571922,0.777687798849155,153.72545362243,3.20398649719741,150.079677621809,1.01049268382152,0.58148734981109,0.790067608549758
"CKB",0.607817164622261,162.469684269123,158.882940213249,0.165180808927795,0.315077210582194,0.893175739511427,3.07915624707324,0.155826382839456
"CLASP2",174.650501894463,199.247672664915,0.269438404152165,1.86612387038305,0.506085004116263,0.55351900423482,1.0314375419122,0.32219958104995
"CLCN4",153.58836744183,2.9186580123196,0.237592430944671,2.87114791016764,2.01775362311545,0.883482188727448,0.684942785623022,0.566687264338981
"CLEC2B",0.364760227136754,1.49661190965139,152.953894242048,152.158652574514,1.30118867218995,0.999360545523397,159.338594549896,0.990401572031201
"CLEC5A",37.1040417890644,15.3860942601299,18.3963285486803,16.8886294591472,28.0257276068146,26.3788060896175,0.3083656977135,22.2300567913007
"CLIC1",0.810762097711817,225.299197643117,216.252431950071,0.489456490039989,0.756784654250153,212.992220835961,5.27529419299478,222.165427600067
"CLIC2",113.50752472339,195.148491396322,193.999232794469,193.605893696443,2.19487690232778,1.85485228512936,2.31000835361264,0.466982633485248
"CLIC4",0.951038513005312,0.719952862106172,0.225753517326243,0.683127663626997,0.722225022655345,211.463958857499,0.919611833799162,211.124457660199
"CLMN",0.692590854344619,1.42714019384455,0.284406473429154,0.785386176488745,2.44715979038244,0.894747382639053,133.121084547655,17.7546779264176
"CLSTN2",153.281074491401,156.357746341637,150.37971604292,0.971871132829744,3.77134360403552,152.427961190542,152.765919475878,0.236315767689978
"CLSTN3",5.6687116313272,0.780839207735847,151.033999926597,9.7553460430274,151.273556895566,150.61189518897,1.49487582998462,0.317030830579103
"CMC1",6.24143894355334,0.926112948420368,222.76107886429,0.593314340083605,223.888636748025,220.838796563212,223.370023649916,1.01355856851992
"CMTM3",155.247968527617,0.666062876574435,2.47931942541524,45.7269387989659,156.293108736314,154.938483066537,2.55107110700487,150.74577039526
"CMTM4",151.616284733732,3.54147139992812,0.860943853218874,0.585371221606553,0.525667481011268,0.925939507171458,153.217798541574,0.41838019579794
"CMTM5",1.91484334084957,1.22071901903647,0.560342482216528,151.668445967165,1.43202196401689,15.012845133056,153.811145737636,150.513242850758
"CNKSR2",150.545017031059,1.02679840580604,9.90951265030318,1.39458374940294,0.775856435541464,149.493863414618,0.990168436023071,0.560676792063915
"CNOT9",156.71312706454,0.763398704097539,153.7411882636,150.444262099253,2.04428407101507,156.214724550054,0.998957928425419,0.56170811152541
"CNPY3",1.90883714451559,152.406859188214,150.424237256191,0.697647674412282,0.64683182947873,2.03602336954542,0.430127725814528,1.03575990886929
"CNR1",191.625672593811,206.406256708459,203.637134775772,198.957819440629,206.683944592114,191.420454406493,1.92794291205577,0.407778197451623
"CNST",220.439283915801,220.951300323939,217.537302879158,217.820547503804,1.43198696640673,0.745607668661206,0.849494053017918,0.23143715612406
"CNTN1",0.613794782496728,3.94482852712748,175.497408636368,0.339948831944897,0.605584767748981,0.773068982072349,188.140010471503,0.177655336807875
"CNTNAP2",1.10202408290788,0.439532161422996,0.979050521377385,194.496581188544,196.259268689344,207.939375736235,199.656149526852,0.296434292603562
"COL11A1",28.7935846895264,0.979366713938581,17.9985113986984,12.1990748925248,0.644102431317589,1.05503437215865,22.527929530816,18.0789491931366
"COL18A1",157.352926021384,1.61961586257253,153.525307706673,2.02292400901668,154.540805432464,156.443201027224,0.496422945050102,153.870456349581
"COL4A1",1.11451433743682,157.493974938215,0.742517576166752,150.510786175509,156.99481107673,153.809964243543,2.49085589081773,153.381524320546
"COLEC12",156.664764997513,0.672016689718138,1.26402714730338,1.58957138902641,153.271904710486,3.72363133199065,1.16821880368797,149.442526417368
"COLGALT2",218.918617103054,220.572775648633,0.632624649314659,0.537753031642908,183.482923209554,220.58120266017,2.28923271683214,5.6483475400311
"CORO1A",0.815441120650369,3.52785911504946,0.443599345034853,151.065880305755,161.2201295484,154.182818807087,154.416473662187,151.858001840426
"CORO1C",16.8756241226219,155.285427386266,1.82077683485446,0.721174153875098,0.925035872280076,149.920517730915,1.00699106590523,1.50500126796069
"CP",0.329503068018934,99.4970654596545,41.7596103853584,0.421802345032488,104.905892296908,1.86585948081467,1.69398075035501,107.42259663944
"CPAMD8",223.813303446024,3.91357061995868,1.68897260300035,2.35260490179866,220.65845438256,0.779209416240141,221.454277716579,1.34036082057057
"CPB2-AS1",227.547736239017,0.668583564035211,1.39002799067342,1.19903294078011,1.2205972971677,225.212291334688,0.814466821390429,225.484160137392
"CPD",1.041100371723,1.33378270663959,2.00270066244762,0.667800061525966,205.756716316139,1.64826701614753,3.3481656462331,1.22852472401874
"CPEB2",156.090392627339,0.820170653182868,0.460878278420054,190.616887493854,0.754833360411416,0.44670359774617,0.59941601047064,152.008596104214
"CPEB4",0.574180320245899,1.65949779725845,0.95030915439905,0.543079788636189,0.593411557568793,0.700234108093465,0.867157088309812,1.44847898589893
"CPLX2",206.092769159825,55.5865561611861,203.566835631963,199.68426860365,0.860142998348467,1.89695071099659,206.146405702137,0.113575749896193
"CPM",0.481872285605874,0.515395940129702,2.14501099070975,0.614898077688262,1.45227235572856,219.685759799972,69.5690310690677,11.9410186023579
"CPNE1",0.676886721566031,1.07218924017502,1.0314588046862,149.7984148279,1.33988560259672,2.99593125422108,2.36097727592261,1.4011657550411
"CPNE2",156.890037975126,1.43299849473371,0.757364650311498,151.171221354353,153.223919491041,153.761832736399,154.305013828126,0.676119769564497
"CPNE3",181.615591392235,0.417483241612032,181.003440183248,0.296759553355936,1.87576881712842,180.759946420714,56.6104131267618,2.88062945305186
"CPSF7",2.64045782030437,5.0859992156474,1.96451174325561,0.545473568355304,1.05686838316576,222.717092423247,0.92509816603891,1.00534539869874
"CPVL",1.85020761260692,1.99919306425992,149.47790474521,0.649325923078853,152.687542593828,162.844973810233,0.35708284911194,2.87712697925935
"CRACD",2.12078896994902,111.016115996227,108.066600427363,114.043178173914,4.06376055712131,120.95855049798,0.739203638888031,11.9525074158265
"CRBN",0.95193220307647,0.478184772591676,1.22151047758709,0.809293484155764,0.716115146576954,210.440649428207,1.51901195505726,0.676566585627951
"CREB1",8.55330781248295,217.37772765516,213.561895068137,0.436593170189881,0.397217578204193,3.30165255341757,257.732365291606,1.24862710570733
"CREB5",1.1709634272361,0.529872475593846,0.3265570843692,1.03550391033736,197.967868765626,0.561635600842529,1.357772254797,37.1155330497182
"CREG1",0.366168536422903,155.424346535078,149.883799476956,0.586845153906588,150.781429903579,0.751936335184249,0.341740571252808,20.9919077373687
"CREM",219.669697927553,0.773130828080179,0.913393094289354,2.12904255557035,2.27534870349142,216.483342998491,1.57102553077043,2.1335002822523
"CRHBP",1.36008655491245,1.12638125768689,1.61897792146168,184.89076002989,0.804409674220575,214.743661761772,109.66738431623,215.83354725779
"CRIP2",0.37361560756605,224.884060701865,221.785115375144,1.57348274322169,0.620009211249304,1.728388018417,223.658643933542,0.76058734305251
"CRTAP",0.464668150013489,0.709137877825589,0.836533616102078,1.82496302623162,0.702101131755922,157.376566196867,0.574032384105469,149.46902274465
"CRY1",9.14268314039891,154.958004477234,0.39768975887662,1.21407845979278,154.660567555706,156.392996815004,153.437756188349,152.91857097689
"CRYBG3",1.42054342781174,200.284595366379,196.689393234744,1.39623384851685,0.70036112906571,196.243887920625,0.49833910729377,4.6825672210083
"CSF1R",156.243374476081,194.932929709173,68.5519485671184,2.18142183828357,0.515294422537494,1.45216774658595,0.210031415234028,4.66659909314073
"CSF2RA",49.5182045597712,65.6497152359605,22.5130635059805,27.1328682167242,1.64994342695009,2.9252536296196,0.62775948281171,37.4378797481201
"CSF3R",0.928955008330789,52.1986230473872,38.3030395545284,26.917087446548,0.735920179874813,68.8252309409416,0.589050121606641,27.5349214947904
"CSGALNACT1",3.47511079809653,1.20199628080954,207.720300117299,1.1908832668788,208.963788128381,1.03833931429201,0.619051960180094,1.38298871061417
"CTDSPL",0.369611807745528,1.29709746457411,8.3065869771601,0.750002195190046,0.886265571892071,155.248409882568,152.903968268705,150.215226882288
"CTNNA2",150.833768089605,10.2583540943331,3.21812980568479,0.570125764764243,1.68817144757184,151.839046060835,3.53908897344858,2.79737666854915
"CTNNAL1",0.894170859762867,156.724103386545,153.595571159754,1.10122506535567,0.94293338752386,156.784492257882,152.201648136536,1.59902681579712
"CTNND2",0.667382776355056,0.850159212859493,0.413957333843423,0.386725916498206,1.27842249981067,4.10657559136821,1.18262371269076,0.406917268042516
"CTSA",1.59453143015882,0.696662948280736,153.398672587107,152.479343104467,156.924623814331,0.869129714090726,0.704750534044131,1.42568002323093
"CTSB",0.329824732238497,147.434127153553,147.828079506251,0.276933567892146,2.40419149176775,0.336089865965295,0.189116874538661,0.344924458270725
"CTSC",0.744471282005884,2.69982494748045,217.270028442694,0.533236349375493,217.12159502139,2.28728648672155,0.719397238719853,4.20913318248751
"CTSS",0.684488458782356,6.08685606181563,209.233533995044,0.513227533672532,217.562880424918,0.369675061680628,0.259125370754617,220.408669267665
"CTSZ",0.362003522645403,3.37951474992612,223.872278005997,0.597196983042859,4.99342927644245,1.27397049659431,0.45055884999591,2.51070462542951
"CTTN",226.844442908178,225.717143878262,0.370791296163323,225.10032169432,226.116823966511,1.39537019364981,225.940072101029,0.550682457148097
"CTTNBP2NL",1.08287098824102,0.726730309787245,5.27012840265729,0.747730603211894,152.210145757268,154.458113792468,152.950902671507,149.781383076904
"CUL1",209.940000715329,0.799333806988656,1.64215814922658,0.688242025069725,164.948534039826,196.235616591826,91.3370358680368,0.627004707781246
"CX3CL1",157.500046783373,0.93329445065917,152.347873849776,149.768428182806,159.119309998196,6.4044867476355,153.514560052328,0.283406236963035
"CXADR",147.929703522245,150.541044099077,0.395393190001368,2.52838479174656,0.489779143533301,151.039926570338,6.65970410524222,4.61952112604904
"CXCL12",6.41434955691775,7.10884086770181,212.375738765751,0.93730192635397,0.957179681251935,0.854085099467939,0.421482287704796,204.916912500196
"CXCL16",153.055654968338,152.181937723288,152.651296474228,0.541878607957939,0.639457087187403,0.500349357449471,1.2343422330555,150.426130061464
"CXCR4",154.876323660475,2.68366212207592,0.31780297979235,150.788141945801,0.890542237040032,0.47165991090322,0.34140061100108,150.748356489886
"CXXC4",155.935295438173,167.405376448635,1.04653851771795,0.557762693063398,0.484626698121339,174.338242576776,150.442541041902,0.450340936042017
"CYBA",0.617211034265833,0.748359044225533,153.256358320512,0.733902560380971,166.286046418392,0.513222807938379,0.366917083466957,149.49810377898
"CYBB",0.994863711183112,1.20519287360404,8.61723525793119,3.81200901641719,161.454500683446,0.525761796819184,0.354296833097319,214.712129150008
"CYFIP1",3.86147859010869,121.887772660167,209.267789752951,0.40692060513873,0.447444060112866,0.900047524920771,0.527646057335406,0.918226036957141
"CYLD",0.718606679232875,0.922509751667517,0.346816433123419,13.53363625989,0.806387132661589,3.56831673980638,212.56683597656,33.9622732001746
"CYP1B1",1.28774496378712,5.56965958931867,158.526798094545,161.523043814998,0.548734436243146,1.50985645858972,159.937071728289,1.91194821031256
"CYP27A1",4.1861798887387,0.652309576703418,0.546028265143908,190.892424383753,192.710465721171,196.504847173965,0.637791182858484,1.52994653595992
"CYRIB",228.864540034104,1.168978378645,0.416616523843168,0.669366963494745,1.2365304987401,0.638994208193173,0.67745703624725,227.710717759471
"CYTL1",2.05756382784814,202.021409840911,205.345581402062,0.843030193906749,1.84185801956755,205.144695757804,2.07636035391987,208.061255298743
"DACH1",157.587224144361,156.835788208063,0.593209517934166,151.664143311331,0.506622535759181,173.092142223696,154.133956196602,154.721615041568
"DCBLD2",157.157964988063,4.37151409009698,153.690617640015,1.86986549609487,153.955927130616,7.42909967644878,0.705258255154726,152.023610827786
"DCC",1.072508641239,198.142148657394,196.830160711039,193.697118096711,2.14681664064614,198.15338422306,0.777991756525894,0.780829989043377
"DCLK1",190.315171194236,193.334367785555,0.255726631968312,189.242289157652,3.19765465475835,0.667369008565949,190.179682217804,0.250508569766384
"DCLK2",2.13030510947334,9.03272214300623,219.234349565937,0.583067358568019,0.905047331699897,2.2356487785249,223.826893824593,1.29875834267916
"DCN",0.282334148257415,0.758732111075528,201.692943329656,198.511070875745,201.310736040513,1.02025785051383,0.394749799232657,204.334075256218
"DDAH1",1.32364647827145,203.799089571365,1.13153355059881,0.579434464356973,0.876989696103567,1.030675726821,1.35242325316461,0.49202528877205
"DDHD2",1.2665786025419,1.48959681630099,155.482373529455,0.586766092382302,159.319268509,0.645722924702819,153.380893380487,0.704584151235567
"DDIT4",0.336053528011741,0.493299070260332,0.285337141500793,0.401445716115193,1.11716445491239,1.79324915543742,170.998017391903,4.014856504747
"DDR1",211.722528381602,0.474856755017521,0.344377728102285,1.97830620276916,0.452585616676693,2.09967200252197,0.60624996007154,213.67373061929
"DDR2",1.64458541383254,1.97020475722576,0.733800379179516,1.0922140271449,0.63263678332424,1.87209987183203,0.608488482465389,210.493444805954
"DDX3Y",0.664705976335573,149.050906718196,0.473763233295698,1.07601726969413,1.17435096966789,0.612788676844966,6.46132825971971,0.873721512562949
"DENND10",2.4937975827414,1.25920497028067,0.644075787096945,150.22912054837,153.075657555205,1.36284132285878,0.614123755247452,3.15427226206667
"DENND3",154.079770434213,158.816776872791,0.442538135495776,151.076609233505,0.943630250212591,1.41960310764728,157.810241529435,150.828279993386
"DENND4A",215.769380054308,2.73268089612488,1.12798218428714,0.577684664585722,0.797596523057684,4.72163198529952,1.21628353642184,225.597397024427
"DEPP1",0.271345231579504,1.33667119074893,203.024361388742,0.69440628971849,171.711278367617,2.16125965935054,179.643476438775,1.37446095013684
"DGCR6",195.147707215376,197.70342224037,194.887028727834,0.438691477871446,0.61224180386995,200.72823117012,22.4385590485188,199.426446087807
"DGKD",1.09534204596403,1.10679326116706,154.284288790316,151.493118918533,0.471816152518898,155.331039460651,155.234883963203,2.34701510980345
"DGKH",1.34286838760738,4.56929265922317,1.58850920565702,2.61582171566715,1.17997519030504,4.45171526333538,148.321401851299,1.17378507520419
"DGKI",154.358078117553,0.752291593519233,153.29344524733,1.02598169362837,154.73951560309,153.957887569158,156.798527061438,0.492596119060099
"DHRS3",62.0454897524345,4.81003582088154,36.6060167498193,30.1278417547386,0.515653017549351,0.760404967046434,0.411634846996679,41.4990898341555
"DIAPH2",160.54898823408,1.44452447692688,154.30351939446,151.753616400378,156.814648823079,0.810317241354747,0.539254852991798,0.50292853566869
"DIP2A",43.1925711845729,164.86830807626,163.360104754952,0.397375022968734,0.36155672032011,0.54034882718439,1.66583297889416,164.493772987462
"DIPK1A",212.99362008494,2.48449805861233,2.71224376684104,2.59996509890606,1.29840617250375,0.59706567174483,6.76891572382121,0.518478664167711
"DIPK2A",156.566593821599,2.80693636436394,154.370402920076,0.446876703848783,152.519163236762,1.02715168307799,18.0572861176441,153.017082368571
"DIPK2B",0.684657919405143,201.531821384597,1.49204563543287,206.006078108711,204.369150018906,205.267499853095,208.596575777219,1.61788832075747
"DISC1",1.20089173322908,156.715890638323,154.007116314133,0.641309612727396,1.71553626622142,158.94335419958,1.76296073852097,153.159895259256
"DKK3",3.20361019018278,1.06429539472495,181.318629721447,0.239810849979531,0.771834417662301,0.66817882214633,184.416961724417,0.143244123157654
"DLG5",163.31069951731,157.585906465258,1.38601771833301,149.084697770851,3.66267101471221,155.505567438474,0.44765294142741,153.271466476291
"DMTN",25.9216874416532,1.02726112220208,154.473626447066,0.873158982349597,155.6063887053,0.606917299026777,153.144626262188,0.319500014000227
"DNAAF11",197.651746570934,194.462839203084,3.84118517071194,0.857725503670669,35.28943462275,187.770268048389,0.764127037166432,200.099955992178
"DNAJA4",164.398864055911,162.679814431323,1.2876513858257,0.728735692511066,1.40695185253468,0.702265040379919,0.592589393998214,0.247278177558281
"DNAJB9",153.612827646187,0.786656033022538,1.21962342428059,0.67246442830361,3.73086692294659,154.175068768769,153.319907824218,150.924479372286
"DNAJC16",1.64630943674145,156.835591759428,0.370611369517384,152.461145754238,0.778456805013812,1.23081465245132,157.3870191442,154.259101817584
"DNAJC4",1.02354089498638,1.23423273622189,156.283292921328,154.386446227031,157.104332412024,0.89385926022444,8.34709056405249,0.398566277625676
"DNER",14.1500858312749,0.429866677420774,0.315610936041186,1.04043379277392,0.464293597322617,49.5154435218838,1.51129478715022,0.180424224972146
"DNM3",0.705456590683246,15.4881206434822,1.1862099893208,0.467303637143084,1.02030397362472,0.851969020848812,1.50059178090874,0.274869074629149
"DNTTIP2",149.727419074892,151.482876229382,1.49899302084888,0.751869077225014,1.39575216942084,0.645408102281039,8.62716136984734,1.67090966391296
"DOCK11",0.594226105847311,0.819076142260679,37.1320445313871,29.1614761880626,57.9291566870777,60.9662136728769,0.374398970018809,52.0600470244552
"DOCK2",43.1656762678574,48.2566051844802,25.693889269766,22.0253929605485,2.21314628543474,1.08495963654355,0.349852061485585,22.0242434288928
"DOCK4",1.34416654540092,213.583792671618,0.748038883194239,0.7819764405615,0.676544735819303,2.3044211568315,0.327145038639758,9.73845928773402
"DOCK8",164.844069371933,174.49715800997,20.3561962004551,12.9946474476861,0.785498809813587,1.26644963060031,0.519154010103261,176.956963812756
"DOCK9",220.179937011721,221.184043681292,0.482164699509035,0.608895301514238,183.111243868306,1.94771322754084,0.456655214564683,1.12758232402827
"DOK6",153.835580445837,0.960798699389292,2.72813570642756,0.674678326060732,0.720115616352758,151.999769802054,151.149769010109,0.536467412775349
"DPP10",228.3478838061,0.564137939003992,1.02538617199953,2.46259740685367,224.183502261592,250.973061874843,1.18900671893535,1.01237326412302
"DRC8",0.976750915993016,1.38213380815608,1.65133916208707,1.1993369084612,224.238768992125,230.550987075584,228.478742650256,224.677592915825
"DSCAM",153.265951359387,13.041771716427,150.459952283877,3.59670749453086,0.587186603083663,0.669056959269708,5.97240943738973,1.45945716949083
"DSE",4.26299836215194,1.72388794383305,150.150593381868,0.687080738446374,0.596372756488592,1.6925396025256,151.861005136357,150.425551148702
"DSEL",1.2623425498844,0.793296166240863,3.3058353227986,0.510479352129266,0.424829139005528,1.33561372205694,106.215568180555,210.773244983035
"DSTN",0.406377545717159,172.733889164426,1.70439051609145,0.340388394684624,0.806877068790025,0.810118037704219,0.591802433711172,0.207570190911914
"DTNB",0.878270842455939,0.633047768738854,171.051343094795,158.13220275977,176.48042589113,176.90047006508,179.650999004145,0.89924619748128
"DUSP1",0.458675098099472,212.727630547786,0.421922557599279,8.45449786192224,1.52467394845223,0.467404367581632,0.271315407650028,156.589171279332
"DUSP10",155.343908312417,0.892576136883726,154.262344066519,177.537062747845,0.722370022347802,196.008312985697,1.41528327717747,0.841493360908151
"DUSP16",0.849159507421084,197.993155509473,0.687629058626626,205.525016571156,208.31673944435,1.87481660227709,0.63460746341877,207.028892864888
"DUSP3",0.522415622598059,51.8687020329117,0.84928373830284,1.26683534548098,1.00070577752252,11.0677333437136,1.19609519629496,0.33311331806768
"DUSP6",0.784867393405184,2.44851877453083,151.972345440474,2.35460266205621,154.625872695704,151.613889415922,0.860020393274074,0.716575655734997
"DYNC2H1",156.554164499638,154.911046863335,7.85067488392188,0.514550032444138,2.88987890726941,150.574305560044,1.21194147368293,2.11077571344255
"DYNLL2",1.72380481022064,183.576789045154,183.789538112489,0.269518917766552,0.359981967536683,0.6083824171935,0.674781754634865,0.207712041581551
"DYNLT1",156.391257206025,0.809448519207159,0.750549931981647,153.39443874253,12.3816876712488,0.855825240015571,1.04837097008625,151.332346504237
"DYSF",0.806352290407866,160.830461736176,155.819212380237,153.204542899234,4.42486914826752,0.623268313820833,155.204524018267,0.408225791153456
"DZIP3",217.473481639744,1.0657797680621,8.89424627751586,1.23349071285071,0.715505327432096,219.517737072617,4.8775693703458,0.518091127907698
"E2F3",174.746131199038,0.636338876597985,173.122560032472,170.16653068365,0.789509839909144,173.931861558625,1.24047382031493,173.719535796753
"EAF1",156.966326372283,161.493719522876,152.711982060031,5.68785406309763,156.478303033316,2.38669356793869,1.47323931600072,0.565736437850058
"EBF1",220.625433578869,28.8994624240986,212.949748266024,0.256523429167667,0.513252937243827,220.708451252141,222.252997953636,219.309029050574
"EBF4",156.334457903335,156.089483742718,154.153480802872,3.16142128708416,152.668018190543,156.462657119272,3.54330171516081,1.15844432353348
"ECE1",1.23943237943662,0.979125158058048,0.77816049565155,1.17687235310102,2.09525924953981,154.627340850814,153.383675162282,150.987157982826
"ECHDC2",212.857621165897,1.60586568499309,211.014713959942,1.63020063256471,0.564804627152486,0.565585500970537,214.159534297593,212.937664513643
"EDEM3",152.714184584876,1.09855015772065,2.29843310448232,1.52589877754679,150.104706740309,0.815624482390064,1.19687331651774,1.65196739439013
"EEF1A2",0.875738411846743,135.495752517393,133.006226455133,5.39331810630479,0.699944096734131,139.35194106077,134.719613439416,0.14056642874391
"EEF1B2",0.447338171693312,0.522903003399999,0.511698635516532,0.25211039978737,0.48185279300191,2.37262762573645,0.455756131652895,192.54721129869
"EEIG1",3.92427023653385,0.591176859866365,1.71506309267812,215.762923631273,1.29454717365623,3.15000504340108,0.725099552714926,0.433355605723772
"EEIG2",165.435116521467,169.714356426691,143.412622586186,14.0023489409312,168.753350727755,2.65042345824673,160.902369272029,0.252658186704555
"EEPD1",199.721675719702,199.765923510329,0.919275118243273,203.53848039023,2.1080369018174,202.507518782231,0.863749336622076,198.581422054894
"EFEMP1",154.46231198954,152.090614333126,150.972286927702,0.539629991326179,0.402795976824153,0.807998083898943,162.658724976226,0.706851677563571
"EFHD2",1.16666805502555,159.015448251566,3.25519388207881,154.264683505925,153.110507663574,155.145014357523,0.586837445834949,1.30283031244991
"EFNA5",157.243568614247,5.56925761009762,0.811671962264758,150.947824632224,154.811553128279,157.367419026848,153.875826863543,0.587449623264194
"EFNB2",3.67507476475152,196.051168710112,181.301095367093,0.633271259597294,192.204814074299,1.28843472999021,195.61962443817,0.704030112569716
"EGFL7",0.342034612045954,0.612561906760746,199.689664699183,206.509328573162,193.984271607086,202.187279344574,1.27873457695711,0.512601812689831
"EGLN3",1.00850801996908,1.33633276195389,1.13099254925226,5.23802297997192,1.33420515221199,211.84498312456,0.803822015047802,3.99059481939523
"EHD1",0.989935742312619,0.589012608511184,1.7924352034956,3.77211896876325,153.112904479525,157.969517636155,153.355458045886,3.59615714892485
"EHD3",0.785887858979773,1.3356456105195,0.901460950047392,2.71410658228965,150.95894956006,149.450367936353,2.9201548240465,0.69622602158534
"EIF2AK2",204.774055616453,234.265116463953,0.491666421021309,0.455778769728991,0.456794850038472,205.531163678015,2.15858124832492,1.08803252515358
"EIF2AK3",0.608616078992079,214.20250316778,1.40150423735678,207.589429353314,1.38833397683278,1.53213689460286,210.488754367027,0.642962499732108
"EIF4E3",152.768833491416,171.168263533375,12.9290687571675,150.133355583464,1.35457546748043,168.562579744425,153.957357836914,0.36308830915322
"ELAVL2",0.989629285270947,201.821711492595,178.64250669989,48.5306445192236,0.74633427750825,186.097732761087,0.753004351151811,0.160986724851046
"ELAVL4",6.6919793459246,192.120824693765,0.440902498280089,1.0158203254789,1.59002431602996,0.442034013664113,0.498957512670244,0.253642958200954
"ELFN1",0.80377717383491,210.270495604044,203.696216918557,189.837162591257,208.929441466763,0.836373719488386,207.060090265743,0.391490113941662
"ELK3",0.56035899860351,67.4018232572757,34.2048658999004,0.656664363661169,48.9143510379413,60.1458700651636,1.73290464348308,38.4615369976439
"ELL2",221.831158154594,205.296049635259,0.700076500966988,0.708145218189821,204.801771218808,204.968007812331,0.414720890638085,205.428082295628
"ELMO1",1.17569096249773,2.02793914350324,0.390323706860682,0.889218522882828,0.440560849600867,0.904399564247466,0.864633493917029,173.043223344966
"ELOVL5",2.26896914424456,212.09042301701,0.420976362925596,2.15917178743288,0.436627619827454,2.72162747523753,0.678244893898056,2.36230213239863
"ELOVL6",3.60753979683625,3.3408825123509,153.683858455716,152.854025436407,187.240436695231,0.772586115889437,153.941066619964,0.404629938937873
"ELOVL7",1.11663952292736,0.948105860146207,0.794234305806823,129.789860900944,209.855902935906,216.928241499261,0.921986188364628,0.446740867121435
"EMCN",1.47194330088435,155.497232368954,152.790138397906,150.690753001086,153.744239130491,0.683123429514442,0.580967997753683,151.617630460562
"EMD",155.377868690897,4.36790186271607,1.5385311604217,13.4579961825503,150.196629751865,1.90186458944667,151.162356632183,0.676392995039457
"EMP1",1.54227877884622,157.982497092574,154.309039844558,155.343223909256,1.82792080874158,159.09262444651,0.499059497556093,0.679162201428704
"ENC1",1.07376633009999,156.422865129377,149.925389926499,3.68525687846413,0.413780046704224,22.2416056525648,153.113068755854,0.698269357233386
"ENDOD1",208.215072904227,15.8181795459204,0.2701094359504,209.305942488997,205.928053222514,0.583096868735898,0.518898385273144,206.117660860921
"ENG",0.49990694718253,224.45945672706,225.100028500802,0.429923596105626,1.14870215144237,225.427356508914,224.977473144219,5.25705802807772
"ENKUR",135.962588055168,134.739663597038,133.413298815617,5.91578405849508,129.111676954691,132.343663290515,0.43786391097371,137.928307372878
"ENO2",197.759579502354,229.491711200597,1.18125292697909,1.12747858943445,0.700077109390669,0.504384881470475,3.41152588673681,0.184171597386406
"ENPP5",4.8937342865272,9.79071696708269,154.76225999423,155.525955419546,155.797896601174,155.779232617735,155.778673307819,0.288212110674477
"ENTPD1",0.66218473914129,0.643275234549655,214.790133887936,213.85766182669,3.49211964591799,218.727975874067,0.461841232676285,0.957953184027729
"ENTPD3",1.56933250726898,157.17536307013,153.134056680465,150.203106809231,157.098108492163,154.053278738669,152.581161238013,0.480643262068978
"ENTPD6",1.05954613796225,1.79680375316012,2.11009414359538,218.147720286959,217.516589545096,211.399660129156,0.930837299429637,0.453218306721105
"ENTREP1",1.35283267020302,1.53872773862325,153.503770632263,0.768105438959998,153.470753979051,0.637986656014944,154.80341530689,1.33447720543811
"EP300",225.809837026473,1.108023434113,0.377490317466832,222.531803646777,0.722053312184789,1.75128358398934,0.702199081227998,1.49073772743
"EPB41",217.915017573458,1.62314867960849,218.627588929716,0.561919972452966,0.595003375847328,3.51510707809963,0.79721877884742,218.450882617175
"EPB41L3",212.549916799242,211.649265949792,0.502179259291935,6.42034870072712,0.760135807747893,0.925629833242207,0.595996288901205,0.221233137830455
"EPC2",0.645392404377008,218.476752794769,0.699566192936792,0.590236971907693,215.324571489851,217.689897868419,214.797192828017,217.063289683755
"EPCIP",193.85296514331,0.519380513409764,182.456989808335,0.53649354583526,189.355569140546,1.32458096609946,196.770162123639,183.559258969272
"EPDR1",2.70358517533457,154.656326181251,150.61061744958,149.244520418624,152.170376631545,0.649277874449586,1.24652298685079,0.190948391028973
"EPHA5",0.70438237344368,206.719827911685,201.762205040821,203.685849079667,185.567204546554,203.17788104944,0.879182636709509,1.65780361211517
"EPHA7",202.618157078035,1.03330612209069,0.778314790150898,201.600206897766,194.595067505968,208.849945144849,3.38429577918521,207.382795562934
"EPHB2",1.89323743504961,0.615857725847834,32.1992646681023,26.6542832767552,45.6718848324396,44.8274221036055,1.7948900732019,30.8701584458588
"EPHX1",1.9186093867615,203.566246583215,198.475122467254,0.311095077646241,0.360697439822609,0.967169431728444,0.906057995844574,203.372060773426
"EPHX2",1.10666706554996,156.636610953838,1.60538525965791,150.478599322762,0.674041720703933,157.277259304631,154.033221399213,1.09114308777478
"ERBB4",4.63033402658965,2.10349868719073,0.728420571890171,2.46083719079733,0.730527179814823,9.13818261128566,0.624102958096366,0.442550593203824
"ERBIN",174.184730642661,0.639518787338111,0.237463540322879,0.290392894439422,0.408972501208347,0.349531628435899,0.580390679954081,0.605454876658836
"ERC2",2.31066608610281,205.692440606679,7.54437619639255,96.4957987882591,246.800128442483,0.947531395673631,1.87894491559732,0.608905490819498
"ERCC6L2-AS1",1.1706997934286,173.318068841986,1.67545079097605,2.63357126469114,203.203789902892,205.961775734372,1.60370751814441,204.146230133317
"ESRRG",3.27866786047834,210.085493599057,206.834878195947,0.490694685864552,4.10413267256561,20.9156063979187,203.973903100578,0.647718330125049
"ESYT2",0.469709336059375,197.982916049601,0.702775374759625,2.41698297849726,209.520601558505,1.65266923264008,212.069826448728,54.8556989243503
"ETFB",1.22587009637078,1.14240548158808,1.0490998329926,0.791877742622134,154.339197429316,1.34352240052806,0.895297153262529,0.64271199658661
"ETNPPL",213.095533406292,2.53376015574888,1.90684383111477,0.538717509764088,0.83088403793059,212.669752467338,218.108730123761,0.539668389705137
"ETS1",1.2203169799537,198.741708166493,197.007674863459,0.680787982199788,0.887966823281556,195.868967884478,2.5450913903436,199.703550916379
"ETS2",0.33514658049456,3.39979699878334,157.192105651473,0.508570747432735,0.529916956353863,1.09903091489318,1.13844816228401,57.0033056558138
"ETV3",0.952380886623778,213.008810470705,212.816310931849,216.849694193826,215.80713381443,3.54294194531661,0.398206586624853,1.10616280371963
"ETV5",211.284978726411,215.021816308952,0.476869461340461,5.03549297693577,4.12731769601401,183.244309619069,11.3430886269713,3.92020038349674
"EVA1B",30.4383805878211,28.0459830322958,15.7828523703352,16.3319354383642,27.9587519237055,1.81230073271112,0.413730406531426,21.5617066369477
"EVI2B",1.13380406875744,2.68153675048848,2.15607075623091,187.897483205688,191.268445170334,0.479815401310026,0.385160688191836,189.422173269911
"EXOC4",223.093071116458,4.474951786206,219.639169252548,0.551336392766223,0.559896718161171,220.875492737336,2.18503694083328,0.858119303036184
"EXOC8",0.954811045148306,196.198539474002,195.638771242191,4.04729497699995,10.5425409631696,4.09500359205251,2.84951350263445,1.03582927450466
"EXPH5",157.846455308485,156.700576018894,153.5007161325,0.539400012355294,0.783905386302836,154.998183137228,154.389711264082,150.432265844585
"EXTL3",154.551906070827,4.55938298113537,154.061782303167,9.05651383351936,153.692557956854,3.1260912648256,154.831294411469,0.514422871371015
"EYA1",1.02967058684366,1.11333267015969,36.1170311346486,25.6671205350781,42.8059399930891,54.9868046858589,38.3399027602951,26.2953970179795
"F3",0.44811655887824,157.23875393456,1.07774506196436,152.620051261147,1.11428502383299,0.790808625989567,2.43467770060588,153.75736658526
"FAIM2",187.162448042972,161.769697809921,0.445477737452252,181.536555478358,0.505206401823592,1.37082620860823,1.24000339449573,0.151006864815141
"FAM107B",202.84498970696,0.720850086868136,0.212705470355294,0.600575593993738,0.672635665863178,6.6045255484209,0.603811438588756,196.754610376566
"FAM120AOS",0.804135652943014,156.357475090965,155.086872879256,0.471563578375384,1.10430282724536,6.57898391569166,152.669891477865,0.915378110497038
"FAM13A",224.254089442698,217.296425498182,0.986200184425368,0.996823115017939,0.880004752985055,0.78042193832852,16.8346070530335,224.001448500963
"FAM169A",2.34716037440203,1.44744354317015,2.43585738508596,1.35394371748935,0.476611144123908,0.727986669242955,4.15315352823197,0.687376128005938
"FAM222B",154.334566611217,0.822236109583025,154.837278781847,4.88091551554447,153.654263803936,157.548861266846,0.786009200411584,1.15657319091783
"FAM234B",2.79736851003004,0.954555955138066,5.15822087755486,152.501742563686,157.022349279837,156.210018164068,154.082028359194,0.492680430838093
"FAM241A",0.583655154930902,156.254260032583,2.31126830479723,151.64214544041,1.10746252692214,0.907699793845182,2.91943263792932,151.759632175841
"FAM241B",216.985818837438,218.630638092768,215.279105369567,1.20409350757191,7.9944534594877,216.161760172782,216.815083798795,0.628797490325812
"FAM89A",221.840988994371,220.644062611642,210.593614431268,0.306250714854188,0.41638092776703,222.592444083474,7.36412475177032,221.682939579433
"FAT3",153.405240202036,152.065823352979,0.37602070983445,2.3025133446246,1.58161158571566,0.67937180187608,152.332922074843,1.35107622021213
"FAXDC2",6.99775982495527,209.881608120416,0.399944668458396,164.242345175175,204.765211627485,212.475957658253,211.839606874249,0.509915545869388
"FBLL1",195.028891306128,0.910992967218367,187.487954284168,1.94820135505011,41.7830085888488,1.05799748149815,196.209454627341,0.488875293347134
"FBLN1",0.749693470096484,221.769785252141,218.489743475976,0.776873767065615,0.740359086374728,220.715134905619,0.819391474659513,222.579380753267
"FBXO3",0.997243392550605,201.591913560874,47.2562362337583,202.839021555879,193.647378996904,11.9121757301162,0.93728539172258,0.359328758486751
"FBXO32",0.58887498289255,5.90549215732549,0.474473263922269,225.810729604829,0.755217236639596,0.664281138778458,1.69595533457343,0.944293485290784
"FCER1G",154.199956767769,157.246720552955,152.289118349178,2.8742793528725,0.90838779566689,0.492779622399879,0.326956197206723,150.413314221901
"FCGBP",10.9620710601949,206.059269395524,209.811415853923,0.442788880330698,1.19956869639643,110.994942807926,0.49525780416472,210.910361361486
"FCGR1A",160.515565096767,158.63057665859,0.812723569879399,153.260286514249,0.481945054190339,161.840881103722,156.97734909806,154.625197546274
"FCGR2A",0.531041303432014,223.548064266377,220.241561290997,0.393682002012604,217.641372580732,0.955124931087417,0.963845989669282,222.820137399753
"FCGR3A",209.269280598466,212.714298218105,3.74556294601264,190.812874027461,0.534981967912653,0.624042579894042,0.153332223890209,1.99332590057892
"FER",0.606812226853403,219.832893526581,0.769910847667295,10.3198303849548,1.29803015219537,206.897718718059,0.606251721702247,209.571741153723
"FEZ1",7.06116297966628,1.42120388512137,0.232035490557613,0.455132467667454,0.446222554608563,0.965604339752259,3.35005174265061,1.41153337228353
"FGF12",6.58888428073042,0.456489393267812,207.062401467102,198.520668530382,1.39435978095904,0.817294049692983,1.1054583604637,0.217253186140096
"FGF13",154.931748588675,153.701041214069,3.48952886921612,0.609835346946973,1.54272694631623,1.39511208977762,150.63191098595,0.621845183567111
"FGF14",204.895811016462,10.8156572660645,204.335503106585,0.72528436005794,1.26494249163144,212.008289568447,1.72366311832369,0.694016807107779
"FGF2",222.12052479493,225.746205637774,0.730186098547276,1.43499724311565,1.47123233741161,214.618160748315,1.7606432138301,0.48409026742696
"FGFR1",150.263547287414,1.00089324148029,12.755884003997,0.346067775931972,0.556462196164146,0.803495870522249,147.026230714666,1.35730425504657
"FGFR2",160.678676956369,158.268551690577,0.249866485263202,1.44365198168525,1.31802007579639,0.668077380035058,2.48687267637589,152.30961705786
"FGFR3",151.004432224683,155.416177593469,150.613837993813,0.232949807647954,0.427342138296565,0.771155108770564,153.251552712761,152.900778173021
"FGL2",214.096674838428,221.401851457445,0.463517026466683,0.537661400618201,215.366225714226,0.953231338253534,88.1693812554319,217.259604112009
"FHL1",215.164078762986,1.45830889627138,209.966131423723,3.10604211639374,1.84272037269582,1.17561791759504,2.79940456227237,0.262109789098208
"FIZ1",0.604332766255277,4.34962538409435,61.5270230059659,14.5555844990388,83.2866980391153,90.8740730081361,4.27934877760608,75.8795335913301
"FKBP1B",154.85241301415,156.974985239069,0.758085963638716,1.12256020269508,154.030935106214,156.526414080373,154.501403889034,154.134400509854
"FLI1",225.801195392704,0.918094166098448,222.059784421865,0.85766044225032,222.210152648284,223.799459556206,0.472044277530687,222.644849603298
"FLOT1",1.45003494743802,1.23344232339301,0.537334466938467,220.931772363509,1.55011874262457,0.873166549789031,3.59771338559839,0.512640615733628
"FLRT2",227.821193296863,0.502393615926892,223.333752946184,0.791870352076589,1.50239454135484,224.067797041092,0.676523070678951,3.59700792342329
"FMN1",192.104616913458,201.369647516601,192.831794077426,0.666230929990857,0.9255778142106,196.361954006103,0.851120000477924,194.191746118424
"FMN2",1.62552583681495,218.89233385299,1.20388814135129,0.564478787280448,1.09710610051453,206.981434560534,1.08889675913077,6.96399235775916
"FMNL2",173.494131742417,0.920819168355045,0.165035577578004,0.414446544001552,1.37151964708825,0.919022791720276,1.02107069977781,1.2644246409043
"FMNL3",156.784698158009,158.494596649825,125.103038767309,153.021723830119,2.23651790150463,0.481069106488513,0.434190573820714,8.82837221302246
"FMO2",34.5680054766511,1.04438799312752,201.63610509597,200.905372207388,1.04797062903805,204.622235540124,203.810390584971,201.39810532023
"FNBP1L",1.27425149072362,153.262086139397,1.23071432733132,1.54870713250371,0.841219520097383,3.08030836883064,0.948555417247681,3.84644348029235
"FNDC3B",227.067611250905,226.471575909318,3.19053905081474,0.616288558228423,0.655153157308721,2.41236072356138,0.731703870106039,223.510717525852
"FNIP2",152.759936879367,152.213429654362,0.284178209631779,0.905825766493055,1.91330614694982,1.14253436723101,1.08984891646058,148.507688211999
"FOCAD",0.934267923110747,157.773320577818,154.073614567673,0.729034372367317,0.743502217375655,0.971245076746043,155.249553573053,155.314082260883
"FOSL2",0.800492826227716,6.49802572275369,0.5999063004515,2.40251785155841,3.14257346731949,2.73662339260011,144.776798202446,1.3515830238345
"FOXP2",2.29200412834241,186.00739977349,157.508576479138,0.841637107097889,149.519759466747,0.890113640063361,1.35327254550337,0.530964228216965
"FOXP4",181.744747795297,1.19761467798366,0.570014491813422,190.737131016902,155.962105533777,183.781936591476,5.1724048464493,186.007264202537
"FRMD4B",208.512958957419,6.4553968101026,1.24268261425542,0.383149299763966,0.559376149728134,0.389293392936491,3.5198233930649,215.488877568968
"FRMPD4",185.245912571243,0.840488380062562,1.43504533592913,2.50944826327231,129.488386429471,1.72034327314966,225.774925802208,1.09945101076722
"FSCN1",0.716265689968902,202.760569821487,0.399464119098297,204.338277389585,0.794301921112777,0.454555310557605,0.836607468607771,0.828617740143031
"FSD1L",167.700381392522,64.5326947590576,166.857335949019,158.669172761605,0.682747911643342,168.47553720555,0.482858636721468,0.449501037779484
"FSTL1",0.75840910231941,196.487865619562,192.24481663609,0.42157229998792,192.663763572975,195.109491161086,198.226663516112,196.094959650319
"FSTL5",208.297159133069,1.22243047738926,1.31054051355726,0.993240823252925,206.076374487997,209.501048597919,207.133889977383,209.406712873502
"FUT8",156.302582545156,1.35971278416611,103.241062433004,149.821447572377,0.511061067918967,0.812053151110128,0.437334593404545,1.02750177711107
"FXYD5",229.778686517579,0.463068166381889,218.823195797646,0.632018076768183,0.584035290158488,228.963195032859,0.885209202710084,226.316867946651
"FXYD6",1.71962266232959,0.588430597790086,1.49911141520967,3.61338021362026,0.886717684485145,7.4639288519973,194.25600182993,0.288896202476925
"FXYD7",3.21398965208755,157.127096793625,3.57982107325535,151.996589097831,153.23263950027,157.340551819161,154.341210978469,0.402046216928846
"FYB1",0.503334954266175,134.425502890705,0.539374350891917,26.5554404156527,0.846091085329951,0.944856867659461,0.686962017832946,3.93748853858466
"FYN",0.525438835213907,152.942811897096,0.493375126461449,1.56846643442966,0.38360758980397,0.644463948423141,151.067609583364,0.605656441556482
"FZD4",1.32949827257526,179.141396237109,180.931600083901,0.895376087273004,2.99267253965231,1.11042030501008,999.994536475707,190.976987263501
"G0S2",52.8690309536616,117.930140615915,54.4348566504918,0.396091852582222,117.879637965509,1.24724951291526,16.1476020774294,96.443623100497
"G2E3",163.368646563079,128.246542329804,6.34412997834507,171.0655262915,165.968364756351,0.641404727381293,0.537483416637177,259.00658245337
"GABARAPL1",1.63578784074379,165.739458612196,1.36781284851092,0.643152381950448,162.085864410961,0.5621708938479,163.000036493373,0.162089072398758
"GABBR2",155.876009946143,1.64591321140106,152.9266678825,0.832959656146941,0.974708747662797,0.616705231601024,153.777270951845,0.251248966009133
"GABPB1-AS1",214.399505823616,0.711483365867773,0.318572925884687,212.014558583993,0.621300965219423,214.886119299049,206.837318006384,216.72301915232
"GABRA1",2.31128729867622,0.925267722304534,186.826368505493,0.488093750151799,5.34519927437564,0.942786274971875,1.18232235038465,0.251448731013654
"GABRB1",212.132470073614,209.498343103593,211.330168920917,213.972803127271,0.606497376142905,1.90949295870362,4.81649840043716,0.367975909315605
"GABRB2",2.74713415170036,4.19165584056875,1.17643883077128,0.592599066095415,6.55701025120073,0.851357082541741,196.397241391231,0.192179973065216
"GABRG2",0.911555618361486,204.381725459025,199.120692636067,3.7178623867468,1.01345688073697,1.02379748267231,203.730961291038,0.32092822493282
"GADD45B",1.4262675123109,0.767822833044218,213.893478967034,0.405972619641377,6.6249420550948,216.706782151897,6.86363549358813,204.536613675358
"GADD45G",1.08418400482821,155.180330988996,152.148809448164,153.495359863557,1.79242846871738,154.271319388275,0.534898727776716,151.84676018964
"GADD45GIP1",0.560880360857979,230.361622133097,0.610099399626712,0.537645385730503,1.16641105100061,2.04335358381908,229.355352056132,232.831349618259
"GAL3ST1",157.414828170453,5.13890495207367,164.8919837885,153.465255824904,1.57267508705377,1.82517658813972,0.6237267539954,0.568479321694138
"GALNT12",200.296724722959,201.575889388244,1.55755844912642,201.304936947786,200.845813228829,1.6784607663389,0.860325655142369,202.387638711498
"GALNT13",194.72158941968,0.710281184510735,193.693197574159,0.689663695725289,192.581304800271,0.974014681559353,194.207743335364,194.100791519189
"GALNT15",0.611068574866243,224.049807179031,227.70218654318,0.565060481470788,0.539903417732125,5.36323357514722,2.21749983632483,196.49930289246
"GAMT",226.329685857736,224.100886540194,221.084360840192,0.888633438484305,10.2070959194297,222.993932834549,1.07631584530911,0.505909977122996
"GAP43",164.26077850416,187.268615367488,182.751963654749,0.46459833513515,191.871564359717,0.476044619126042,189.372690388374,0.11845237955487
"GAS2L1",1.5574145572348,227.805235195478,221.597607106915,0.418866643772418,0.799107252396341,2.53579450468177,7.22085829899731,223.726821539052
"GAS7",0.872805407115189,150.550864590512,0.453644806136884,1.1965574048649,0.451279975468901,152.841640927186,151.027502433226,149.04509322586
"GASK1B",2.46629944233876,1.24882803185803,0.928053354900011,8.23035834363536,0.662096521671995,3.09823567831972,0.510623314314135,2.78216398894636
"GBE1",155.2327925476,0.94648259260892,153.252091523354,3.19047397337577,1.02502568106653,157.204912818691,153.344612093728,0.622804164923311
"GCC2",2.24614930198458,5.98084714357684,8.92414539486894,0.915697737788744,1.59484953639096,0.538162418113055,0.369097387386974,0.332580851465952
"GCLM",1.54465500639127,1.55856774441265,201.250774197572,210.207808235059,0.532795300226659,0.752838459497938,0.621283490981094,0.594735200862295
"GEM",156.068140843852,0.387104012166797,150.976948801374,0.493390887658427,0.621978029047156,156.143261640339,151.944112247357,150.484288706212
"GET1",183.186282366211,185.525778868952,182.311620458019,0.325857468301398,178.018987545316,0.477575292043547,27.6829809966819,0.417585032786834
"GFRA1",155.008687914862,153.629463151,150.440924779078,0.642970361393409,161.019790252977,158.590827130891,155.647010832724,0.286047037262534
"GIGYF2",1.40601318241527,4.84251518518381,0.850822010831447,0.594957546443746,0.795033298916948,223.493268968264,232.217049606225,1.65941195261391
"GIMAP1",203.781066264062,2.25864303442102,195.763251431127,192.96763152404,1.4786947459328,1.26077954839775,0.713353976703716,194.937573163075
"GIMAP4",0.68307490261902,222.604334320408,1.24724530623201,81.5976788573244,1.35616662673359,1.22715182298591,0.479146599706437,222.245419691515
"GIMAP5",0.572677454020209,44.0394351444692,20.7402428752902,16.5552751146315,21.194633515247,28.1619685138642,0.597601151469311,22.3318303704228
"GIMAP7",0.520928111192435,155.821832286163,154.568229420481,153.998017211619,1.28081760990582,156.742847262794,0.515229053088584,153.99513939547
"GIMAP8",4.14560179449844,156.727031111776,153.03641585365,150.860319381165,0.584347311797578,154.269806527979,1.54909771584171,1.01377032265757
"GJA1",0.583407842821818,184.472233873313,180.397234897108,0.138405143805659,0.340300059627497,0.762669026648462,0.423347486175953,1.52200802328016
"GLCCI1",198.404959332605,3.15250969205176,189.905194475465,182.797107019176,2.39419266771559,194.657828409875,0.867550709935118,0.541123789127921
"GLCE",215.733086522196,212.837636558823,0.578568662237637,212.646095893204,0.93445953218359,212.716492475868,1.31549709726483,211.097417864255
"GLDN",0.72767878804253,219.184791517441,1.0876621868573,217.954527370315,219.289333596109,0.999511018291046,0.347094970580142,2.04136018188124
"GLIPR1",1.40767566233157,0.473899572512275,150.538338100586,0.340552261034633,5.95514305957063,1.12725967199302,150.914492997067,133.024285252007
"GLS",148.942360052342,1.52317692254093,2.29944476304426,0.840733828884202,1.08630468752815,1.40655608711668,0.551928249939437,0.251075650083587
"GLT1D1",225.899275069991,1.3143783043168,222.285145352623,1.46240819300859,0.732224247321876,222.667333678693,235.537351989342,1.1634889924077
"GLUL",3.44573719710987,0.436455611998139,0.183195631953411,0.141421657112315,0.212088748011877,2.23814719241549,0.353308984653161,161.406995781972
"GM2A",226.922182209882,0.726722860882416,0.711151958260751,2.29242249310619,9.29660299330014,228.362448478359,1.51041419624727,13.6896406334671
"GMPR",2.12391009594291,155.726561050525,154.221227086169,0.849299811496879,0.661490716426931,157.742196894914,153.953175783093,153.697976422202
"GNAL",183.89836168489,186.304769515649,181.302822216159,1.42862954593942,0.431203205252378,182.444136980554,0.925049032423819,0.422225172108096
"GNAZ",154.119022984959,6.46726485626911,0.828132119949062,2.08632213897304,161.489457094849,158.385235960761,152.878854530234,0.313124517179929
"GNB4",1.5956499854724,1.87292538806763,210.661890812966,0.607852953656556,0.655196468435762,209.697212819177,1.60468074075259,211.125590989239
"GNB5",74.4951692381468,0.984269760727471,66.103318279188,33.9103579036191,0.720154805477425,73.9352571168459,57.6891712020079,0.216602269234543
"GNG2",3.89218021911311,1.13969575545527,3.65157436202801,3.68550180746282,1.44726593916893,6.90818469445295,27.6667461590798,0.526113023994277
"GNG3",211.039124771959,212.586504431705,208.794594881733,208.723626560364,2.86104452480529,210.441905730337,0.379286516300059,0.196002298190077
"GNG7",0.712297264197143,4.73364174373603,0.540425488839364,0.580555410166292,1.15668244707781,200.043853194833,2.30359722063918,1.68127824325428
"GNS",0.738852681183041,3.13212744699884,1.52733417577275,0.793754687542907,0.561051241015132,3.23452245860957,7.27449003174317,222.268222869025
"GOLGA4",3.52070725495597,0.495427961016252,0.819204825302853,0.456743050476585,0.348327126043945,1.16672444105799,0.441515635978354,0.564942720202403
"GOLGB1",0.637387547449033,0.810594832468354,0.429357548756794,1.01562828743774,0.651786177807549,0.455803834293733,1.04090389749519,0.663825609221218
"GOLM1",5.96503689032964,0.598780965614435,201.761668509925,1.35024102372139,1.587008014313,2.11327111850101,0.767443749449001,0.426949838451715
"GPD2",213.967281946988,162.658725272664,205.635097516518,1.53946017165681,1.13849550351068,207.771538728118,1.15606872329769,0.553465047518343
"GPHN",214.043466123655,212.432141622221,0.642570446842577,213.223160535419,200.312188376143,1.23093632670039,0.480374236971472,1.29363848371495
"GPM6A",0.407002976160823,0.25330850014206,0.703583296448037,0.284040042579061,0.411562408737306,0.513674102356823,4.79851619114919,0.214512423719777
"GPR137C",1.25438019297861,158.537158166355,154.910763897407,150.435737507073,0.89956369954299,12.6760749190187,153.383810058604,0.980857496795697
"GPR155",217.508050287278,218.342995564261,211.037750813701,0.58424631219144,0.390331412541029,2.15957294663583,0.291428042318715,2.2561267113081
"GPR158",154.949257721975,3.16171821691152,151.871560576462,153.370513169365,156.08407558745,158.35468162152,154.360710289262,0.370772164643149
"GPR162",158.77894877216,0.896775288149663,153.909129569179,154.70244925965,0.87594253888636,159.379460780509,155.475380249455,0.329168346136612
"GPR183",2.04054505946578,162.517030897517,151.040396266693,1.61339864128469,152.799121464042,157.946191938224,0.907441788161032,2.29469315910283
"GPR27",156.984334120858,159.192525524915,164.741977153432,0.509539934529612,0.705081408542701,155.302801786902,153.744860508057,176.592119248805
"GPRASP1",222.700694860557,3.61714529599575,217.121802675846,0.372161447383406,2.80371052987571,217.548036985009,218.574184841877,0.444379166871006
"GPRIN3",199.427127456854,5.71441284105319,193.512554540406,0.951529133317618,0.69948614471928,0.771364729132355,4.79978593076584,0.830855310162581
"GPX3",1.76547559648031,0.42388032294604,222.046832617776,0.966558854691545,1.64307422373413,211.639218828382,3.46092398876366,0.262850657568621
"GRB10",153.807657537584,0.557588522608645,0.563371066737473,150.244859931941,153.760467947109,0.544842933818315,153.517241074381,0.552524452550906
"GRIA1",155.266288864369,1.04177608457938,150.549078585551,2.47231978537222,0.543398813352016,152.452967251366,150.089296084266,0.982654741724085
"GRIA4",1.50856791629934,0.439551155412172,181.225532628186,0.765920520446527,0.897616497227204,1.68366738210048,2.21958949088339,0.531653987562456
"GRID2",25.3642976232434,42.0692431959017,21.62059629012,16.7329280582514,0.905238804387696,25.5059920560048,0.414703269976697,22.0445455563814
"GRIK2",10.9305159386589,0.583560745793329,30.1237618688218,24.5047044517738,0.546448327776264,1.14742753556382,42.0258886532338,33.3969553547343
"GRIK4",177.117300637457,210.173183548647,7.82945246696456,1.70235558130018,175.42387941351,177.109000010827,177.153079667615,1.61541755069938
"GRIN1",160.783355726939,4.1753582154142,157.312186339478,157.085425337358,3.39561189767847,158.569166550344,160.221028544472,0.157655800660909
"GRIN2A",1.29471824554649,0.893286065108289,195.662305179878,1.01297590081525,1.18637004494044,196.161410680164,1.28654561605641,0.293146191515192
"GRIN2B",1.37080335342806,3.25740691682081,211.178275905392,0.637834745968081,1.10778114279592,199.566142983588,213.722275742482,0.663046917250568
"GRK5",218.241565938964,0.579723624166303,1.18083151719582,214.650011411896,2.01773383076164,218.331410426678,1.22551532729987,218.221763583711
"GRN",209.452297555906,2.36844699987623,1.04250154475265,0.793612594420674,2.36706563274642,0.835627695122506,0.326606390334046,218.553507851788
"GSTM3",0.967011833341125,150.636704134063,4.87430774694621,3.27759474791377,0.557577421241817,150.139201072764,0.928962162691983,0.385199148670513
"GUCY1A2",0.51909962444797,4.9531525073133,7.31455699930748,0.496539817617939,215.999696788912,130.933844912602,218.939056128544,0.268498987317031
"GUCY1B1",3.0690332491737,231.516383803522,211.789994923746,1.53499603076379,0.923879443856517,236.939213243073,214.796226309778,0.276682235284468
"GYPC",2.01684544256129,160.72574947328,156.65066903024,151.840341166747,1.4789922319422,153.914681260613,0.31912558770948,5.2106401919583
"GZF1",147.897241795823,2.08606554145748,4.16138629356984,1.40534126054029,0.70718486669603,2.49319278484135,6.51921209521925,1.61113215423508
"H1-0",229.11387296436,0.883761435255371,225.719149011205,0.444663299509608,0.723696728222199,1.02130751793584,0.716661987733564,226.653043722413
"H1-10",225.934480149558,0.520915295401347,215.60138631939,0.302332898487683,211.064237954716,1.38358960261877,221.533792307428,1.32481307479346
"H1-2",0.726813303514742,157.343071196403,155.372801737728,0.666282940975228,156.718826831308,4.20906757640422,157.972318059591,150.122752000545
"H2AC6",1.83848350596419,204.10885577611,0.699369911549739,0.576896662914252,206.369433847133,1.43533300645019,0.702243154705627,213.294100268179
"H2AJ",1.03340961090184,153.192006086767,0.926615723340225,4.73109444384692,149.667506870561,0.845030540072646,1.51404978648425,2.72134141472319
"H2BC21",1.15037431492123,1.17942059581757,0.847687763001978,9.20178321673344,197.641430756751,213.623746800507,218.014942367626,0.785312503278426
"H2BC5",184.778410023817,15.7489819672889,170.543468322176,9.54987548949186,26.364783265652,179.77477872813,0.60088427353005,1.34577340477366
"H4C3",1.57925584567733,6.42388859915641,0.447286980271774,123.703685290705,0.919228049277496,208.844066570565,1.03124162993922,202.117983058951
"HACD4",2.73865960174348,223.621244387224,213.808073399907,0.650341808856774,1.12021631947853,2.1136737253535,1.13625224779309,214.553653482921
"HAPSTR1",4.9861680427679,1.19335994842012,152.866274931094,1.55486418687426,1.54165628538182,0.574318273102963,0.805248228592271,0.450715353569256
"HAVCR2",155.315409777523,156.748401068645,153.430181429919,4.51520256001437,154.732895517506,1.07511806521437,0.837415194421214,1.04577962547633
"HBA1",0.519601406067171,201.48315963094,205.504268875066,1.89828498805098,0.683901627116431,207.812005306059,209.443171659057,207.562863712957
"HBA2",207.653878066691,0.696150641787911,1.63691660075897,1.87640825286254,0.630474977198103,0.606170294987025,0.780497047057571,214.59951774469
"HBB",0.530040952301624,188.25089119928,1.441638423383,0.4953645611733,0.504296540644751,2.47099917804455,271.418631010241,218.599539227355
"HBP1",0.42743470392897,156.062943857449,0.305051607447716,150.585050314958,1.19119137935268,153.634272015938,1.09170378958233,150.431530782437
"HCG18",1.12288628355301,1.85958112203591,2.64163492957371,0.574135438658542,0.755511109646875,147.772080922344,0.92339625414747,1.15418746818587
"HCLS1",74.151204040308,74.3590070498053,39.9633576581466,25.062349991863,1.04841315318926,0.789450886053178,0.329463727663757,56.1380341373035
"HCST",1.12400908711545,156.869339898721,0.842268714362745,80.4603183813191,154.181246303761,158.054943484841,2.40219518202339,153.073282208669
"HDAC9",156.470909620829,1.09179996597838,151.15104996501,0.8267237740618,7.22517087590165,2.91981474074447,0.781339342173787,10.469152562049
"HDGF",0.780717586415456,158.673914348836,0.801860859976607,0.710318388765079,149.472356569024,155.514084299193,1.21902357288775,0.884396905725458
"HEBP2",222.566198497638,224.538221405623,2.13490885741313,0.560713770367716,4.32847808486333,2.50036485090687,0.958116462346356,1.21573409531187
"HECA",0.642175645259797,0.657141562618872,0.553244933154513,2.11116256094245,0.923926099151845,1.05259453272672,149.212899473291,0.844721807741201
"HECTD1",210.717894037529,212.544687526575,0.277675420926992,202.072478159311,0.897379611620598,208.257918855826,0.481652341306493,0.524662431888272
"HECW2",214.729185008722,0.867971305202429,0.975606033834508,203.249119703016,1.0508568709853,0.586160972311799,209.005103282059,1.17146083701693
"HELZ",18.7500102282259,1.61578764695175,0.884055582224758,0.30939975109075,0.40387563260627,201.076872535125,199.893030622383,1.64199213567882
"HEPH",0.799097156792431,205.679853872672,211.144381452711,0.533650494689677,2.80567057289095,213.565348152786,210.803796997752,1.52041548141072
"HES1",0.495683816297611,158.226451442224,3.53458924382761,0.849228249046574,0.632012582604756,155.433167927428,0.450004155960014,149.699612092903
"HES4",3.37792515253918,1.36054353423635,0.845314839002917,150.195583675412,0.473461285979947,1.27386528860625,151.62412372896,1.03683032523215
"HES6",10.7462171426569,1.45548304320825,2.65148659239937,151.352494115238,165.441860707394,4.83709603587717,1.35825163716943,151.236504647446
"HEXIM1",0.761602221794724,0.843214954294641,1.70172627709982,0.63174350123927,1.12682344172456,3.9487900815789,1.25304123995043,0.390643372151184
"HIC1",0.381418028597477,158.014132179444,152.489008678242,151.927904292897,153.947679761039,154.890823273406,0.850219240906351,151.613657901949
"HILPDA",178.614232402686,174.891573717472,5.96952950830461,1.01381182011804,0.681412512911503,1.12466900693286,0.712137648621979,174.780043016417
"HINT3",0.6052201463303,0.773789733056114,0.731179962193045,226.597190870511,225.740324866576,0.538333529192332,0.949613422929089,0.482726752626141
"HIP1",150.831563441905,4.75756870512632,0.472738868334199,0.665323696946994,0.576689475926209,152.79341849252,2.14659641548574,3.98379501921494
"HIP1R",3.28858013540271,0.911497768085036,2.36817140540039,1.53954321652407,0.38509855653676,216.815088923514,4.5901088354764,0.650692362054387
"HIPK1",204.782228291903,205.717661715622,0.288380648748489,0.890615646069844,0.5220032631672,0.750028178946634,1.92521535883221,2.62986592179797
"HIPK3",0.87715442968945,0.501503620298134,1.21596802374802,0.526839527349424,1.1799696781788,211.890405500494,215.024470641717,0.664860007016258
"HIVEP2",241.277059840402,1.35320388760379,181.916541625732,0.470268344174532,6.10439123731681,1.8219587137104,1.3034111258711,0.687120972114147
"HK2",1.69086999603179,198.788205924492,42.7447704254492,2.04540843326886,0.809580261645538,2.30193661052965,0.602515653332866,37.7315299500497
"HLA-B",0.306441700876599,1.25366556557594,0.723775594318937,0.575354135702428,0.396455606537692,0.304788407424944,0.205698354774923,0.958211072350022
"HLA-DMB",211.430764950478,211.276078062146,1.68224282048542,1.35646836937518,208.591148724752,0.567446603120743,0.575557951727414,211.508560056201
"HLA-DOA",213.890535793925,224.082959401557,198.038715772497,211.394264352677,214.103689846207,0.627397262287241,0.440769595056964,1.58724661182839
"HLA-DQB1",0.906917669310081,85.2284166286717,77.0489954989518,80.5197515675158,103.877312121349,0.569620731331417,0.251193628044943,12.0586381499512
"HLA-DRB5",158.567680168367,153.310310480612,0.515007428197146,150.751187437797,152.774669191742,0.769166514091729,0.206428584637566,150.596112703909
"HMGB2",2.39482628429969,157.109416871762,0.766787757464058,1.72401404770998,153.612306250631,0.691236148158149,0.72053283676993,151.34488823331
"HMGCR",1.15417981147762,158.198833610927,153.778640858512,152.810894358072,0.609728043321347,0.520590536019569,0.500182405900229,0.750421593932467
"HMOX1",1.49260382138646,208.601116025778,205.913241771578,0.674278906409669,0.711239422974576,0.91402369305293,0.787729020072913,207.668755572653
"HNMT",0.835731147664282,156.118269464798,0.428120253589456,149.469013567557,1.34044975966176,152.373561115545,153.775027273867,0.831146017262792
"HNRNPH2",0.599959998423963,212.408034093094,0.649470524417364,0.521947350507109,1.36093794910242,0.922442141053183,213.9819422009,212.088630970558
"HNRNPLL",155.489315351892,156.50125979001,1.29591537730338,150.254510849737,1.65985473607396,1.55557564197511,0.759573273054718,0.698064811968096
"HOMER1",203.308707309951,299.769818589363,197.385437794618,0.792979954849114,1.05628225697663,1.74014942670658,9.4124635309381,1.59623960746935
"HOMER3",157.63292597952,155.657014482227,153.438218306541,0.57234332386768,0.455137656013934,154.94391533899,153.876614639242,155.251093492404
"HOOK1",156.26035370728,0.813162348399938,0.866061857903443,150.181362664314,153.079218162111,153.960778947246,153.472264671991,153.359240857534
"HOPX",0.462308581192016,4.50665955211321,4.78290959630662,0.653034438644255,152.551962858694,4.12077150739883,152.731661375356,0.834565403833408
"HPCAL4",0.58766140077636,218.51728510327,216.427141531565,216.358522647365,217.936371205351,218.910024022418,0.766456312958712,0.218453772502342
"HPSE2",1.04881455449205,152.352778528931,151.651307399975,0.342357905749681,1.92653692209744,0.873242470326029,153.748026877035,151.050845714327
"HS6ST3",1.3726483481775,194.470229207966,191.733450905017,1.78982610048462,2.46094777968218,195.302167112125,15.9022698313715,0.968638437806221
"HSBP1L1",56.1503660640317,0.567064745176613,31.3599278774459,20.8632421800873,2.51277247248995,57.1695737301088,0.557076283779148,36.5520109772963
"HSF2",156.875327318021,158.102250429593,153.741421091612,1.81884422359718,154.076597593792,155.864432474783,155.776710610684,0.450622716041693
"HSPA13",7.09048843700645,6.54164670247776,0.641787954866764,1.2155881578741,0.794129560277165,1.51336331149894,0.96247085709468,0.617681102527377
"HSPA1A",0.331146167796794,0.609094196070794,0.172937011455598,0.214685106082,0.276036326987566,1.10985448406042,0.266353434292306,179.993480018519
"HSPA1B",0.347050869269839,1.4178251342069,0.215483085671279,0.41041579726932,2.00974040813941,0.680199699006097,0.377578079335309,0.367120669561289
"HSPB1",0.644503898180095,0.64545551578219,14.3497011783182,0.163582308570461,0.221409995989565,0.735670819652935,0.565140234988375,0.31166656865305
"HSPE1",2.84008819740647,1.45105337872772,0.364177378360454,0.281365727699442,1.19715268728417,0.892003342394408,0.597373563033428,0.665243600995938
"HSPH1",0.569397290928152,0.634321953480578,0.2229447716591,0.407065285868884,0.354982520917068,0.486965998031371,0.765130032045345,0.390395138048166
"HTT",1.87307474213505,4.89859365198753,5.73846223775284,152.699265560427,1.93859895797801,0.735487460414488,0.513225896009687,0.48648687355956
"ICOSLG",156.720722193112,4.79088785451537,2.24895081395735,0.931467586265234,155.394031866592,1.37980532499407,153.589093669608,3.18446178702161
"ID1",1.4456814491289,153.285011766994,1.12995287130607,149.523931076493,2.95306502279223,2.19065106607092,1.30067803659677,13.062854302547
"ID2",222.005368614803,219.242240392435,218.695779143345,0.23881151634973,0.481890328870401,4.07171682106398,219.268452094051,0.687322457406954
"ID3",0.433102368626112,154.93271383812,151.250582610555,1.04593734121149,0.657979801622984,1.47189578910615,0.869820507889078,1.38131285056801
"IER2",156.395753237522,153.379182520846,150.960133287788,1.27740075263253,0.699331545811338,0.597584052334921,1.06689917191647,150.549667820415
"IER3",0.46464755252295,156.93509712571,0.908760094558181,2.19085657650051,156.174364615645,1.11937843907335,156.928063077757,150.453760123311
"IER5",156.753411945168,157.753032190543,153.538352627557,0.587168232680472,3.79179306580856,154.542418757023,0.719381799006896,153.162596566532
"IFI44",1.27182185534877,160.826236037215,154.69582860421,153.695844982002,1.45542542861576,158.365834278581,0.912917047438507,153.808684495351
"IFI44L",1.63785402172716,0.76452372634446,2.12991842267198,192.98495959536,0.811296759957192,46.4635305230221,1.77226670142236,201.704923366772
"IFI6",3.28441627976216,3.01549792713218,208.235131215187,0.543127980974525,212.5292928052,209.040425043307,218.874996023326,0.43697612634139
"IFIT1",227.951763827966,1.01896902541986,0.899132141190114,215.717064527707,2.64595223387297,2.51472729109772,1.11852837254796,1.49955410552279
"IFIT2",0.649038615330194,66.0101888991957,0.591202955478776,152.678097056213,1.0457015398565,160.937698162363,17.0729815373429,153.60881490545
"IFIT3",0.934336072154792,0.793986380432423,3.10279604022005,152.820603608305,0.731551891525522,11.4393348713211,10.4958765943696,153.288268850753
"IFITM1",1.84511227842874,57.6783745872054,36.0805230578127,0.384927649233136,44.8981155314366,1.46408583597995,44.6686045563023,34.1171598516637
"IFITM10",0.615454002045083,155.117877573331,153.169126070285,151.617012652152,155.722001642634,158.761391415848,20.6984649735088,0.654679946276056
"IFITM3",0.241874388708986,0.838380719530211,167.094020413565,0.280043085272635,0.649634993274896,1.25449203212069,2.28325592122465,162.852089470717
"IFNAR1",1.12664393566801,219.940625344513,1.09067577132164,0.651882495036704,0.7473189125907,2.0044922635719,1.87010575525701,0.920823032305441
"IFNGR1",0.533945776422475,0.729095423946486,205.037583733686,0.604369667423243,210.503030767513,0.426198225752794,0.277356410619714,4.93741600199263
"IFRD1",196.717761231997,0.792707494597796,204.098915322916,0.600766952138892,0.949167625821862,0.629728837964313,0.54343944355771,9.77489941918521
"IGF1R",221.821599897341,0.48363436008772,1.43359795021051,0.465808022608966,1.00098137272808,221.774017323126,1.26243098365447,0.897407407334212
"IGF2R",7.70127821454869,216.686329329731,0.823577492826802,1.30200593607455,1.30217828533266,1.03908091188635,211.904781974857,3.57749654880237
"IGFBP4",1.20946952508547,1.82483619740176,51.4625033650059,49.9251286765805,0.816586544444178,0.828609517131253,57.6620749391054,0.952598830736254
"IGFBP5",207.89402126237,0.414693722247247,0.298822651255782,0.33469980524542,0.411410740414105,211.361333792435,211.612443030113,3.37194430928639
"IGFBP6",0.379798873115415,206.584569046472,201.975052445635,202.378515355507,2.1022211457695,204.07306846734,205.639918327468,0.717992211987889
"IGFBP7",0.346906587975437,1.51383888762514,2.96048492211508,0.899770792636711,0.975032093800378,0.943443032357517,0.346098952497055,1.09150303110753
"IGSF21",211.29218721744,1.13240390929903,208.418916214139,1.83261493270499,194.411776365596,211.80328956245,0.687829545516543,213.938094768293
"IGSF6",1.49440405978744,0.638604029503198,189.579551592664,3.33919617636989,188.124800353016,191.299193234855,0.678065173450416,192.877002794922
"IGSF8",153.6158691161,153.016643517001,0.535111497943245,1.47530291716006,4.01019275961126,155.415505571903,152.797787468107,1.13507497423489
"IKBIP",157.29596722902,0.78621410186412,154.092229620066,0.47115849627987,157.110490449876,165.328237452646,154.233195199261,151.161122440477
"IKZF1",154.313917115645,156.72999516125,154.505533727396,1.00689649563339,0.950012869003745,2.68478176256074,0.546073402850983,151.461701064327
"IKZF2",0.87428521882325,0.35073536506024,0.69960960666267,150.963856566124,153.550303262313,154.896374009199,154.009130426246,152.561076662016
"IKZF5",220.089484609805,218.58462175006,0.352711803674444,217.517657938601,216.918605508383,0.656609319531714,0.406295916337376,3.24456010380585
"IL10RA",201.719781299287,196.170156548872,192.767271938167,0.94125273861648,0.845909934941617,200.538357211518,0.452209942200165,204.790024703679
"IL13RA1",0.76469483199948,0.68278128620169,212.147516254408,0.598223160747659,211.080048003115,1.06076370394823,0.394535951639933,225.783906132345
"IL16",0.525611771433141,1.27737417642891,150.329640703081,4.75928546675103,154.833847560971,150.623944095496,0.775690115149165,1.9645306031114
"IL17RA",0.446159310440355,1.32390042488202,2.52597101488347,1.87811947227071,200.844023601629,5.53776802382859,140.313067979065,198.830725454687
"IL17RB",215.804511740065,1.25488049750071,0.549199657410399,215.073597698999,214.092558806043,0.976610066898501,213.947462753398,5.98354206064206
"IL18",0.533924488375136,157.845487732735,1.87337017694552,153.943810850163,156.739824004093,0.786403877389124,0.464022296600746,153.321805199403
"IL1R1",0.375199938846498,216.074323863855,211.147928620979,0.725392427300736,212.996187712033,2.04997744966766,215.32392115178,214.65131112414
"IL1RAP",130.763572053937,151.914695788465,7.99746525404492,1.96986906104848,322.547600472329,0.680395812593326,3.8460247223159,169.684120784522
"IL6R",0.582148187879034,154.923067181815,2.16424688361003,2.33068597508719,0.868372942642514,1.38374783934009,1.90763672609423,151.594211939655
"IL6ST",0.329522904756868,0.686127209146689,1.81704098052274,0.236278309357772,0.315320967453623,0.344428959288303,0.794814106524741,0.693178887560901
"IMP3",2.00660998973554,1.00913444605104,1.41131604407717,149.977412908781,0.912245478436216,159.65088121541,1.10596975477934,0.994646073825493
"INAFM2",1.0447071207175,0.745101811677065,201.694297309099,194.884849774131,1.07238455303175,207.733040527293,1.1264325093036,206.194456169198
"INPP4B",0.857879899477372,157.972711558769,151.407380331308,150.360142583077,1.35889594429548,157.101446270286,153.329735120829,0.405161471188735
"INPP5D",141.08821128195,1.7469322795671,137.119955331174,136.848578628554,1.16017491353524,0.490226098008313,0.295703666916073,134.73997292269
"INPPL1",1.33869399641708,1.41991773461903,152.557108982907,0.433152156209941,150.136824809484,153.189960582021,153.850217374247,0.918175641501981
"INSIG1",0.68263336840628,0.93151546892325,1.15830195291975,0.736395151661968,0.502316393640503,207.668410919124,205.403742974704,6.29381399090886
"INSR",0.953166165188817,202.566106837566,0.304222469949895,0.668831148385723,0.818265268142861,205.201253201427,205.978795633543,0.449839430496195
"INTS1",227.396590108066,225.313280273041,2.74476618010091,218.854177656748,0.818891060504098,4.31401482302719,0.914018571286754,0.474179592872961
"INTS6",3.79658512656398,0.930513494281479,0.597321334537209,0.624401228224077,1.37680712539773,151.186494619368,154.410351285662,149.654641617315
"IPCEF1",0.639592435159008,148.659969072443,10.3029292144417,117.817075153658,0.379004716578828,146.596109188765,7.49401178297198,108.276520613578
"IPO8",215.101579382521,0.970805150861986,211.475549423351,5.45135808016438,0.430426365047958,0.862339557368181,0.698473608834022,201.858677697725
"IQGAP2",173.719490477229,1.20175286932769,4.44471712968061,167.576183856009,0.861105758251267,158.501499630281,0.712716929636705,179.449328001303
"IQSEC3",8.17764315765856,8.63165670808861,153.927230040617,151.853151127137,2.70746400098458,155.599355806044,1.95470713409662,0.623970789334244
"IRAK2",4.42954313735151,1.79502779250054,0.89208100388733,2.7689266203034,215.132662871826,216.235733814506,0.985676586160642,216.420508366259
"IRAK3",1.62452893613144,186.411931876886,2.29413243493287,1.64975352376825,187.15844788135,187.296773515123,11.2562975381245,189.443109993723
"IRF8",0.683344634469915,206.442438783481,199.744346368192,201.921988699559,6.6891810779781,1.56264737007204,0.70818746677631,1.19431968126698
"IRF9",157.321901299429,157.04116452824,0.828173218830377,150.908695024627,154.865599408898,156.632405997671,0.72723485975758,153.322274467252
"IRGQ",156.386866667558,8.25695499206201,167.173221655579,153.644986797877,1.19802283146486,0.986794385998156,0.752530241284457,0.462396669056751
"IRS2",0.656002483501862,0.522001242993567,0.650580354454761,0.297879849811658,0.323088499828615,0.381949907824913,0.393244326233481,0.513506291151152
"IRX3",210.810904212036,1.77103729957398,207.731770841578,1.26067277611637,200.53171670356,0.946585999829325,0.686756576783194,208.572205288979
"ISCA1",0.840216304055154,214.385378072876,7.60060732396871,1.42368278887832,1.59323078419752,1.19007777800536,1.50991698429899,0.340675607338594
"ISG15",1.23398752031732,0.670595877628438,153.521877798451,153.883115692308,2.379600476504,157.073897895402,153.330974520547,0.680551784943541
"ITGA1",0.594649039512721,154.25932748226,3.85427754225874,1.03595983062203,151.815606476079,152.324361402637,150.458747323385,2.48065488347132
"ITGA2",155.75961480529,0.639115714341279,7.48821100526715,152.455770121107,153.241254196316,153.87355730891,1.1857857317665,4.43465878141468
"ITGA6",1.08663407988831,156.767919192145,152.348480370427,0.77075222406698,0.637719135536363,172.072726521308,154.091372783532,1.89954955080834
"ITGAE",154.701334884108,4.56167614837942,150.556828142326,2.34214852966105,153.672328165663,0.973224290399082,153.007870954285,0.404602371817371
"ITGAM",6.84219956798762,226.84594416317,224.170277783996,2.1833645538452,224.254814128781,0.512367096465721,0.777882244401895,224.662312486616
"ITGAV",2.68987951197525,0.770497466542078,0.458665222570472,2.390291415054,0.484946914312525,0.397477498604348,0.430903843842173,216.024544277244
"ITGB1",0.862911457333507,0.437217312491955,0.379218168862884,0.407203208713735,0.659584392512019,0.798410962841663,174.176902009381,5.49515159781625
"ITGB2",1.76091009866466,223.876516011639,1.00007333445233,1.56413874167591,202.791698152896,0.63169684338067,0.255042289946257,220.523855607396
"ITGB4",3.25197711542478,156.675745282826,380.401553895791,9.46284658886687,1.77005047998172,21.1560670726878,12.5693300484307,149.871738497145
"ITGB5",194.578954136637,216.605631435723,3.21152174991022,0.538192607245387,0.562782132883281,218.740788135294,209.81743039393,0.914212087159455
"ITIH5",0.658422608249429,1.32745480207135,149.750514220547,0.773120892287674,154.638098822406,1.36283200355397,12.5915414051495,151.752282407849
"ITM2A",0.178383755589256,209.961672350533,0.350446776383678,2.35832292880346,28.2857197155439,209.353920718048,207.278655027365,10.0596015702408
"ITM2C",0.859045921212499,156.568756632198,0.628858484644287,0.180363748155593,0.390583429763139,3.9185029311103,144.54573099371,0.426356512797808
"ITPKB",0.875958733518071,0.49294890147494,0.347534440501261,0.352806165417822,0.350113791173212,0.77582056522839,0.442356858700098,173.008782773543
"ITPKC",156.822154437522,36.967982348213,1.70946228931041,149.215223096294,1.34020021959829,154.780242062463,154.195535331896,1.33060633861347
"ITPR1",200.082460571488,1.84045913683047,0.384858128483916,26.5020510349056,159.218786442482,2.61786020069939,188.475300869896,0.561659497560405
"ITPRIP",3.16494123261049,191.884178465462,187.645918398064,181.991593536784,194.903552532602,0.649774765517372,181.066228314413,0.684955697057213
"ITPRIPL2",225.142560616417,0.674411878439816,208.851324487241,213.190614890103,2.22660052005543,0.49633964198227,0.347042351499905,5.42310995068471
"IVNS1ABP",1.74311001124279,0.571156586681549,0.560384616420205,0.550605457199475,0.73150739579765,136.809135831622,137.034045226094,133.858396618388
"JADE1",0.609654644280526,3.47324235833571,197.637273824369,0.299139835136033,0.500483976497515,194.354771297696,1.22322406131904,0.653778587405108
"JAG1",0.619171502132949,1.27744064752728,151.166215256894,0.848887670168572,0.642076105583244,157.423303921339,1.09859376809245,151.7109989519
"JAKMIP2",156.750902423116,3.46863680158747,0.527159576598338,1.1140559706605,176.043067415837,1.69650335585346,149.780784793898,0.71854246778777
"JAM2",1.04616754422443,0.508199563002865,219.794904994373,0.427708917465536,2.48660441556136,1.20488883864807,218.969869161992,219.012932013637
"JAM3",5.73998275752788,2.22761425228002,0.257911673203842,151.750406408483,2.09221156691047,1.72929374104141,151.8122644258,0.521059469079333
"JARID2",3.4996316474712,1.07530532356648,6.01983047949629,0.4860850134657,0.945599504970226,7.18635009177246,149.560064347907,149.879180525825
"JDP2",1.47231574506048,154.272486713301,0.798841878312599,150.084507833476,3.26430548283705,0.684907264499029,0.655607711096784,1.5733315861746
"JUN",0.574818114586584,222.599894722639,1.37519565693118,0.842377647408579,1.45528163973865,1.06137322488095,226.822490358208,0.579326964208034
"JUNB",0.486427297585148,214.459890695066,209.294633082556,0.544041294846647,0.428754598188836,220.208895311928,1.85100679115589,0.659172946171295
"KALRN",14.0062058248062,0.37227419859794,0.990779820463765,151.874523090917,156.325683940052,0.785999479727914,154.784879459177,152.963322507325
"KANK1",1.6244451378446,202.118619971164,1.05526478414188,0.378505346002735,0.690382801167971,224.780856271323,219.344897389312,222.576724553134
"KAT7",155.088437113831,1.95627655726996,149.956091190996,0.477604377286513,0.819701578281585,2.30016342537208,152.188674724113,151.14054904256
"KBTBD11",197.706107158189,210.531403575085,209.339339992514,0.772803241344916,1.58208696726548,7.82495153001299,0.898788597419447,0.485424301010975
"KBTBD2",0.486086052242161,1.04016783740213,220.433961379578,218.912649593516,220.60564422533,0.640599784692747,2.8427988458988,0.362024983668257
"KBTBD7",213.212400518562,0.751673505724741,0.839016282463528,1.90397543445122,0.379041220882504,1.20365594913383,0.966567797574743,2.15509326575921
"KCNAB1",155.242037429347,2.2475611530126,154.540324750329,2.25446028201642,153.59565470206,153.807633476081,12.3026413510199,1.14262257463887
"KCNAB2",156.763906501088,169.072280237736,153.571354194153,154.113095806941,156.986535378626,0.793908383865914,153.834737654547,0.205233828684632
"KCNC2",204.221729762822,1.04251411632833,205.803041037832,203.667674046857,0.974358492967014,203.735215625318,205.381066872187,0.362212194288301
"KCND2",3.39627887883799,0.503342929768023,0.88743161835162,212.572167328876,1.60010931744097,210.053747541142,3.67147492945247,0.549831831088112
"KCND3",162.260170151498,2.84433289485926,158.244443052607,0.376449895907436,0.361757742505109,161.153841249157,167.724330476648,0.222425065685363
"KCNE4",0.480625539771145,208.436487799671,5.72986471006301,1.64481609018788,2.90752932783301,1.83642589340136,4.49716737958129,207.598470114056
"KCNIP1",1.31395756535515,189.28221561708,193.120344126473,2.39555222387549,191.650331048703,5.13258433605013,196.319149355666,3.19118310557498
"KCNIP4",203.459894908436,211.555213148197,32.3378511863562,177.084669639559,3.07755304653514,1.10445954763585,0.81777660840641,0.237377598584024
"KCNJ2",199.782368933988,0.874291588109112,0.660863350591552,12.0979601493859,199.585261824975,1.5600795939487,1.08809777029297,200.371491593797
"KCNJ3",153.819794700333,0.665721770256126,2.69149720215307,2.06424554067714,153.346671868258,152.643311101554,3.26278511445733,151.212038722438
"KCNJ6",180.735731271945,0.71729528008412,185.865222655072,1.39694061112079,0.720481164401239,0.991799721344746,0.929227785903566,0.210562465301383
"KCNQ3",222.881336697716,2.46855697499678,218.461344689083,1.92733156348664,206.396501936385,0.6817899226422,0.487591905013257,0.458733549113232
"KCTD12",1.14937626023292,0.611689739526963,0.588102811214134,0.293368318229294,0.321919929852771,0.789241920313928,0.290507528495204,173.851447187159
"KDM5B",1.30421439954666,135.0888255887,3.82461405580422,3.1784706828705,7.22004644108342,192.925313157522,199.643207401481,0.949318082414395
"KDM6A",67.9965229504351,1.96007101775148,38.0606217537289,31.6858638059731,36.5574818898091,2.92737564910934,0.456540601903901,38.2079574922413
"KDM7A",0.620670605495609,0.79297496598496,211.151847982323,1.03873815720918,209.777108115402,214.274961801527,4.08774388664292,212.83143083684
"KHDRBS3",1.63233143741931,0.736472031238129,0.409739952390867,8.11916487950693,0.434833242256784,211.376693355231,0.527886074960296,1.78189058083458
"KIAA0319L",0.606155260188261,0.831638042046216,203.035289776178,0.788673207825939,0.653506719742957,0.572624389551243,192.499041815831,3.10113713356911
"KIAA1217",3.44360677472105,0.905039752038609,19.1148823442024,224.824878232224,1.05303430706627,1.90258073378265,1.62885609269237,0.673906050635506
"KIAA1671",156.552596214837,156.794537220527,153.862354975517,0.36526487161256,0.657598859556854,156.591197562788,155.240728389969,153.793752074347
"KIAA1958",1.67766295302114,1.1991228360517,0.800899562599185,3.08025576144917,208.322816330989,228.602197644681,227.335362431832,1.35087478684431
"KIF13A",0.462450452442879,1.19836557870027,0.742742750499875,1.52034239032905,150.039654534587,1.69777914660846,1.35393245129837,1.66362468363803
"KIF1A",9.74479974684067,2.88226667750655,0.726305588646646,0.331305968177578,0.774212644720656,0.642851091168769,171.92763992497,0.187321768092049
"KIF21A",2.33532507122965,0.755480963102463,146.212162643764,0.337710814535861,0.399756307259789,1.19471188154857,4.18975248910742,0.143082027256586
"KIF26B",2.0294389171313,153.246970983342,150.364000444809,0.699794299374113,0.620021030989966,153.059705571029,3.83953292676106,150.780774496031
"KIF2A",215.25271495276,209.943061128295,1.57504528319106,1.35319463351143,0.413708259499223,3.41700592786837,1.84103667146277,0.736720573276339
"KIF3A",182.733134902318,1.04486374281526,178.339476069543,0.334303759247471,0.605496123126557,11.7391605671914,0.704553778619621,0.231093926955043
"KITLG",0.88983238217006,53.3402001757323,25.8571537924257,27.3610421783789,40.2376593640727,41.9804641583221,0.606985567357794,29.4231365569058
"KIZ",159.03275407719,0.665307692611142,154.047461798779,151.356502716591,0.697057096992548,0.760787265374261,0.84067367726912,0.997963577649964
"KLF12",1.15998713624673,0.954168771470882,213.346343566747,1.26684199815335,214.627381342776,214.022321971573,0.656521147793602,214.117472589321
"KLF7",0.656150679188938,5.11454107576427,1.18529216535477,1.40667514454944,0.561017979144493,0.51803115299251,149.196073172749,0.630677775618272
"KLF9",0.322902883669394,0.650449397098622,0.526837283976991,1.22853778254348,0.375191603786791,225.818372272762,229.038477322451,224.467460651609
"KLHL1",61.225166716729,3.98164530472932,41.6402942493569,29.8605110696672,47.9353262435063,0.671150658212405,38.7189498260396,0.303867504120959
"KLHL6",0.83066996995874,157.117870575439,153.055557322524,150.47177631397,0.859360004168608,156.687286866328,1.24873072361238,150.839964455955
"KLHL9",220.753810684425,7.80638824003545,220.338328955165,1.42521008518644,1.13066288247326,2.84540184117369,0.952032467097947,0.626030241134051
"KMT2A",0.660844932318762,0.812890561447377,0.424940193069133,0.871383106737969,0.339602031399196,0.598497094174014,0.370909563362843,40.2224371506
"KRAS",201.435235226549,2.98444453242475,195.947168531669,0.655154941659813,9.91423274564687,2.10426138138493,5.9354032993622,0.538302133050983
"KRR1",1.75025669625157,212.272003591427,0.503913708632101,1.94190594374108,166.982684731182,217.394273694424,4.52062761560549,0.719100217397718
"KSR2",208.194638438501,198.427632758997,205.647647137129,205.542180908209,195.122800235686,207.363905799718,204.860152625675,0.41225419090605
"L1CAM",156.077164635214,156.191700609871,152.870823281229,151.19311168322,158.1723956354,158.318128687413,153.569129453369,0.267544353072595
"LACTB",1.22352982856282,1.04426829411779,0.977322931879534,223.340135008715,0.656802436775202,225.240905232655,0.775940112137238,220.223037002736
"LAIR1",154.847625050249,0.754394160618512,150.215310605783,4.8185753953692,9.60538068149896,1.24233144212938,1.91635902531977,8.68868280871047
"LAMA2",0.533995239681847,153.25292941707,1.50017994447449,7.90425122581476,153.011855920232,1.15234632932684,1.0140359318995,148.711330290284
"LAMP1",1.77724438091886,0.812284391370589,0.805620574727908,0.598090672906782,202.753389633668,0.537956325211501,0.282187639727446,0.994687929822616
"LAMP2",0.725236259082743,190.825647682391,0.104531441875822,0.465790758386252,0.404216528773842,1.11748591958889,5.29924549907734,191.985341439582
"LAPTM5",7.75723587688685,195.443488818927,0.618960671388898,0.815622634233562,0.632255880980652,0.510621661516054,0.214915716254112,194.442054960568
"LARGE1",205.357727074924,205.123261409532,183.790906624298,0.525122245135683,201.783595582227,1.0249719420598,203.252885012195,1.00681370586657
"LAT2",157.130359088465,1.26251555063289,154.795075754264,154.302991061426,1.55008102092256,0.520423027037857,0.387050247281903,1.06295119545772
"LBH",159.008988952635,4.39547732499728,153.334144921593,154.935145320659,157.127606625591,1.06173920549869,1.04349229548059,0.280136539418314
"LBR",1.02109666914865,1.4838671978817,152.435493181064,150.908763603971,1.41948070966181,0.5944793269835,0.6406986027101,2.29221100721063
"LCORL",0.783953830526642,141.901834752143,136.976729245495,0.421327062863156,0.474969612644171,0.588774754457012,0.967820209788661,133.072658836667
"LCP1",0.361692198305371,81.7417410677462,58.3552087691273,52.6263961018026,0.618157359860395,0.93659965100559,0.569566871567322,56.0501560070321
"LCP2",155.297282215157,155.416318023046,0.865718741146341,150.470604122179,3.62716385393204,156.947825810731,1.23905199592521,151.831992670225
"LDAF1",157.49138403872,156.785564465313,155.549870766526,1.00765277983128,153.534508166004,1.25870631907276,154.519827559233,0.793242183898618
"LDLRAP1",197.147686952002,47.4830989001128,147.858423677487,0.4715245580207,0.646964031150018,201.946088284202,200.519850381121,197.718533402934
"LDOC1",153.906481946908,158.309453824345,151.668123183648,0.904284762847452,0.574984488019944,152.90924169225,2.15298524171676,1.32012605560437
"LEMD3",153.418573541765,1.01746150391481,150.629066167161,0.534243819024969,0.588369430863843,156.745967370788,150.203662369407,0.795073270806984
"LENG8",152.820998954198,5.93459288793452,151.658171277587,1.52383702512242,1.34749496490975,153.007599956665,0.443459991400927,1.1569932118436
"LEPR",0.511649580945974,64.7829129058842,18.0302297623087,28.5420163088677,51.5194441261183,62.8334020622148,43.2221132282357,0.631571497885006
"LGALS1",150.675970322535,0.778525294923203,2.46998992189871,0.286168440399924,0.933165097723134,0.670602820714852,0.727375436372472,0.253520451246847
"LGALS3",0.559864597863949,161.193477036537,163.997063975437,0.729359515729791,25.8579517209219,0.424293874286091,138.926565719868,151.82498689411
"LGALS9",156.614335630744,159.415298672211,1.26811911706364,153.159523922687,156.974490677579,2.40326628246139,0.406709490436615,154.489064134762
"LGALSL",154.593958949217,3.17548630299708,0.80948532915314,3.53699490141351,4.76077891017188,154.520304247308,8.86540927704695,150.356071512858
"LGI2",160.354992722283,155.362337992083,152.754529842872,154.438567289757,155.948043706555,1.13872933608352,153.641588479271,0.299899770013416
"LGR5",214.717783160916,215.220862670863,0.293750292175959,212.579969506387,213.41465201491,1.61790305777946,212.494054022297,214.078539617331
"LGR6",0.768749092580083,217.454009452655,214.476725350866,214.386485282526,216.207060630119,216.143912144629,0.473478117639859,215.331087995526
"LHFPL2",5.68611654833777,0.816398748866495,41.3248833774813,2.87626518351338,0.599158037513217,0.452749976199724,0.344944137981615,188.822641692748
"LHFPL6",5.43242965299464,222.196800160742,2.03345883697661,0.350887407265102,4.08993518302641,0.78424390811963,211.365403572053,219.322835624985
"LIFR",1.05919827725546,170.822096751522,0.284038638732199,0.45409875156325,0.285283812086676,0.757773486262467,8.06655046507103,0.635984929905261
"LILRB1",27.8075698785983,45.9611245208612,18.0512710751237,15.8243438884592,21.4629422765112,26.5634851990896,0.35402332456588,21.6297468380574
"LILRB4",159.054839922543,4.44527811776794,60.5050063191262,0.621349753300234,155.551836614977,0.643900580721897,3.73409618502663,156.815224287221
"LIMK2",1.5748315041703,0.707537860555388,190.927296138468,0.78670501347339,194.276144987073,197.149600794646,195.605897809478,195.533594435978
"LIN7A",220.360166365008,1.31785971351176,218.016146001721,209.851461994935,220.866131498019,0.659700000781834,0.374431974291235,0.692125549033238
"LINC00623",1.43915318882587,1.71062279152545,76.5963257329235,0.727178318187765,91.8633860330889,88.044926228971,1.3615078973437,76.2199011634236
"LINC01088",1.46596465409753,153.277379336011,0.90654677451095,1.23139176050702,1.36697187255936,0.899178570730759,1.10135131185291,152.889453597393
"LMAN1",0.54789082057056,0.54126936374916,0.436913458633832,151.1025202638,3.24772001603811,1.61094481030966,0.604643241319924,152.539678252294
"LMBRD1",1.21910084434212,3.00986588351633,0.276129715848285,3.2534837002678,1.93639293814965,0.532068678074683,0.890473447308171,0.55855129035755
"LMNA",7.63898346876792,2.12029419953668,0.838824307998044,1.06126062761649,150.701420354511,0.720040586445068,1.58425742480432,1.0969438017792
"LMO2",0.691911106928528,156.101285380234,153.841742923508,3.67097527128332,1.05188034798877,0.516788542645081,0.437309978734299,151.924462279163
"LMO7",156.928077595557,1.59000280022453,152.189412309673,0.665476813312416,1.36379504435883,1.0712545226523,153.487275752696,152.500233326174
"LMTK1",204.288900954692,0.665490380527943,0.319041938407927,0.562186401506572,0.600054913958554,6.46117095122338,210.266353520257,210.534941844894
"LMTK2",153.856257476767,0.582575023726188,150.142310763216,1.36867072037867,1.34756716592607,0.594289583860546,2.97885457048656,0.39570676735773
"LNPEP",0.999126498347533,218.753468080178,2.30648476609137,0.590975330779151,0.577890315215383,1.14535730535592,0.617050001355301,1.92057226711338
"LONRF1",204.870581689645,212.003978572368,156.101716404866,0.829570102376422,1.34682477427084,203.104739322438,0.437209290495553,209.324754335224
"LPAR5",62.6305729518511,52.0539519498296,35.3664368897583,23.262412108929,38.7437143231061,0.474610349331754,0.377407815107571,28.9867943831276
"LPAR6",1.68373749665076,158.770518802944,153.958183263244,152.913327986728,0.796765079771851,0.93172052754702,0.463083890328587,154.108353970306
"LPCAT2",213.507659020681,219.172750258608,216.519929714211,5.5315940300698,0.928103387177244,1.97447248696743,1.27539336073498,999.981354932222
"LPIN1",0.376652291889729,1.10638431011476,111.608201879577,0.419588316061374,0.507451874225697,2.01612657305004,1.41958520653261,0.528800415158653
"LPIN2",0.693091795803196,213.908277114029,212.133630970364,0.418718746791026,1.69083485460387,1.83966531917401,212.042680706181,0.466665565706179
"LPL",0.960584736456502,0.561194737751851,170.780917560617,0.769523566675559,154.911315649734,0.7968905650357,1.96925082021401,153.260849579898
"LRATD2",0.640384881800046,1.03926291796255,210.870663936889,0.70013474553105,0.762577826364573,212.357407429723,210.688625246557,1.09332183287362
"LRBA",154.521537708544,153.9452471017,0.782107037852692,0.704167744920448,1.17128759051651,150.884970586192,153.200505814751,150.90450888673
"LRCH1",157.792299759549,1.31515163250902,154.788431164676,0.500927351253874,152.84235660678,1.29196076644654,156.10552714586,153.638780470733
"LRIG1",221.408849729057,1.50532462844963,0.930262949436228,0.438757445285379,0.591765122873451,1.93413250536429,210.073082260423,1.62840106365775
"LRP1",198.37093504335,201.517669441179,0.571703155180435,0.716365338306693,0.926464469592512,0.902541324686291,0.292326295201422,3.71735047044888
"LRP12",164.373279558747,1.25265978041225,1.0270894828173,146.357855376505,22.5777408462091,170.657968834361,169.959831885002,1.82089341136439
"LRPPRC",1.21637338153802,236.353868958078,1.31837070849109,0.425170114059303,0.779031325259697,1.85952039132082,4.67860910122153,0.410286852835739
"LRRC3B",154.88606215963,154.93257449587,154.9593172808,151.600567131727,6.55112540202649,158.142519175473,1.09390727775678,0.445152070480989
"LRRC4C",237.245473730246,2.11622001119328,0.378483300136036,218.832746590393,0.405285322923586,181.708489876873,222.528107591666,219.659667531185
"LRRC8C",159.289731630279,157.186805694647,0.428813166327138,151.973898096437,159.883633465455,0.683299586783083,1.14084830534073,153.299327489218
"LRRK2",156.255232714559,0.684954689268467,2.73654376729103,5.00582659302176,153.397514380242,153.256292404876,150.029148899158,0.582873486942532
"LRRN3",4.23696779116613,0.521335825170514,1.44535307582192,74.1728770255976,186.327010983269,176.075973141386,187.028307599776,0.744152172964373
"LRRTM4",157.959026169277,157.505265345333,1.36888457408998,2.01165156462423,0.594453695520316,157.009270173729,155.264605617244,152.712646734852
"LTBP1",3.28039313463988,0.992625066844665,155.033275104779,153.039868551182,2.99543163186534,150.976579354458,1.43656535002438,159.071678802164
"LUC7L",213.30279413169,0.892539224482835,0.980600288174924,0.986058766707614,84.1093117015238,204.599094213677,6.95431896596252,1.65727715134213
"LUC7L2",0.515908364094068,0.615042975658114,0.520682390876295,1.97743760990888,0.921231481143124,215.420459755328,217.949870150006,3.2682746675285
"LURAP1L",183.582925707151,184.510754121745,171.162623763634,1.42492998796045,1.80641142329299,183.15731066363,184.034379790466,0.93246488562557
"LY6E",212.531430669865,212.664389156292,214.234636137517,213.172638653864,3.79537216329736,215.991643429886,0.517848016722102,0.325557794760863
"LY6H",156.113037213219,2.46413283521157,1.48591567541878,153.934457555759,156.605426942917,156.371640456699,155.207912638369,0.204925803856691
"LY86",152.975346217256,152.281710895308,4.78243767894739,0.452736994336363,0.930183993456507,151.394006438009,0.933145054391644,150.83449442397
"LY96",157.619541329933,159.114253284904,152.350821904038,0.72720850965205,152.772629920973,0.968390641780958,1.08191083094152,154.670611440192
"LYAR",195.378275228951,0.571595723299792,1.29182417177336,202.356163124541,201.136984004788,1.1444172683859,0.647082658961654,1.2681726428491
"LYN",156.75378046377,17.1249593212621,151.733813410085,2.49598989095034,172.244918063304,1.63185071011292,0.706862573565956,0.914710969539305
"LZTS3",222.106153086459,214.538581927982,3.84991583334531,3.43532898878589,0.426162659897507,207.46020173962,0.767489901821558,0.681084550561436
"MACROD2",153.160188390983,6.23688511498772,1.14237719246576,18.1404985771102,1.47717145833095,2.55392642537284,150.055376976854,1.58496178135104
"MAF",206.38628101163,217.184683196483,215.182839688478,0.444426392270869,0.406497354635805,1.89328189276579,0.342042969620288,1.08137028780968
"MAFB",156.23155497046,1.16623658596717,151.675829237165,3.14412274975836,0.701921674545817,1.80342459387687,0.373588843942492,150.671818384064
"MAFF",0.811329363798399,2.4118745568615,0.919027485055942,0.923245298200178,0.81651530716323,4.13422211140798,1.27998375195452,3.32277209181246
"MAGI3",150.950118793464,153.56161194632,151.812272378386,3.80460186792874,0.790220810920322,154.988314658094,0.75888958216598,0.68277684119745
"MALT1",1.7491821856101,220.870499470609,217.577586493169,0.539449449893904,1.26064150987808,221.99417388908,215.28124226712,1.1240320032731
"MAML2",34.0044207685677,48.7173745139599,23.7842821855821,18.3065492673547,13.5395491796845,0.856766695366888,0.351779901496183,21.8138266167524
"MAN2A1",2.21731037083657,3.69982285415954,0.342730754803733,0.787661508562693,1.27726817912554,2.36331635663957,0.446122236724986,228.312274275381
"MAOB",149.706884306901,1.8000924272959,221.421367570602,0.759653836479122,1.42581996674689,1.0604944556606,1.13163221411085,0.43117807718006
"MAP1A",0.728286664386567,260.071359064493,3.20696839676899,0.260042420166697,0.369187327122605,0.706307076155697,1.64136176861672,0.147095263130512
"MAP1LC3A",182.664295314312,0.737048950061763,1.66385738090398,177.982130135578,181.78570127616,182.460722786931,178.828828127794,0.147186986786559
"MAP2",3.02357656835459,0.59254324264823,0.360363500278197,0.283876563202187,0.969656414311069,3.91863188027634,170.466927073742,0.158691862780667
"MAP2K6",203.891400916931,209.784420783687,2.59518174162931,203.379771439909,1.96747435400757,1.18854697494167,209.400045728631,0.647035916442662
"MAP3K12",156.60195866353,4.46962914301103,151.726179756112,3.99387965374232,154.901838974407,0.642472292043142,0.787025262100226,0.629862824164904
"MAP3K2",0.520227054333205,1.46409050425725,0.605826722265156,0.579469266914939,0.424942285216203,2.47751050842193,149.934589205267,2.14895773487133
"MAP7D1",1.80404328013686,0.985400564698663,0.381517738780075,2.7510676923369,150.96851068545,0.606561023621319,0.539133211552226,0.713390619188887
"MAP9",1.23990548818592,2.05950419584779,197.323399097498,0.339394610602134,179.036253318832,1.20959609844902,161.99350329932,0.143843914838857
"MAPK1",0.750913683508696,3.81020948995561,0.535672171635627,1.13909221250505,209.305541798746,0.496970126905692,134.309848080629,0.273343796076261
"MAPK14",204.243411357488,2.61246241745315,179.800844743489,0.661336788565021,0.931721132305034,2.03049730301657,202.667024129517,1.27483148157376
"MAPK4",155.899733966472,156.351778936078,149.974404375357,0.246340028267373,0.564749482232587,151.857488955783,154.531249051207,3.21569174340314
"MAPKAPK5-AS1",24.2659714560031,69.7750870649446,26.0226507590363,25.5732121131934,0.658942421442171,0.65604321553972,0.338395674200266,38.9529223356938
"MARCHF3",1.10889071248993,80.7461724427898,28.3755400900958,0.849223538526194,84.1290551140739,0.72777625979315,76.7331758302057,69.1047461064695
"MARCKS",1.34347369153121,0.712435262309039,0.506791481012637,0.219054121270308,0.257718077094326,0.449885984955473,0.297947521987726,1.93277722868694
"MAST4",0.988273177442297,213.389299546331,183.959733856237,0.637829687043083,213.483802545157,1.48385106242883,217.837780950034,0.532072253287746
"MATK",1.32506557573942,5.31539769051073,1.10698217633856,8.66977272290608,1.7153529404131,156.71914242423,154.035357985316,153.038340883734
"MAX",156.467363328833,1.21682942234841,152.0609196555,0.266177512357282,0.761017856499811,156.91354843168,154.707432005385,1.29764618769111
"MBD2",0.708995266950445,3.18599936286685,221.511961854928,1.20363874501724,0.679205440327409,0.534484849578933,1.78668421404691,0.647057247791644
"MBD5",0.91128607891744,4.38340778419515,150.153332817751,6.20568542021113,10.8312741130597,152.402201160035,151.328475271852,0.399455720568423
"MBD6",2.63189865189499,208.521750545938,0.65741673326084,169.124391389371,2.74196430799845,204.569105322764,198.809618723539,1.5987388987359
"MBTPS1",154.215358816088,154.997864576508,150.841216465663,0.956135499395091,154.428688475447,0.548904383076096,0.781019022661962,4.00882644736132
"MCAM",2.59360061628681,197.393574757375,0.500824933837537,200.022159056134,209.379409066389,1.14863024976549,206.059185221496,1.20242595385106
"MCF2",0.534527126868617,1.99571483179289,154.230985645107,152.65686087393,1.13266282683957,7.92052264402334,5.55194011303445,0.477984147410331
"MCF2L",0.40917124876216,2.97156226900339,1.94672192468771,4.62982350444583,220.794136558824,1.5063785080128,1.09361122913761,0.756010771137189
"MCF2L2",95.8404130620884,206.550632035791,16.6171875363257,25.7471373033885,1.76690268469415,186.936597265883,199.310469568218,1.20820677592195
"MDM2",215.02032168331,1.08269823220102,0.509366524406672,0.942828505656583,2.5955890283181,2.08496509215084,0.659512294999536,1.73958618910951
"ME1",217.232325080209,4.75647043438509,212.180563537568,0.401431042806226,0.487855223788727,218.013953112535,196.666238636817,0.655371508969222
"MED13",7.78368866305684,223.59255347113,6.49520330653183,0.421844436862147,2.27887225130609,1.3681828439089,0.853085215588839,0.980585378777892
"MEF2C",213.336318510776,0.730853781674227,1.03067898319911,2.78517418596265,0.633944758258291,2.49192180673872,0.769565191833909,2.06859447380378
"MEGF10",215.133478670625,212.076492926069,0.317151923838902,25.0293291867516,0.567769613027717,1.87396753644248,1.39383918592989,219.183309623193
"MEGF9",85.8584150378459,1.83570591117848,0.833241479852016,0.452570067814912,0.798515731483072,0.870619830616507,0.532889062337857,0.879677246082761
"MEPCE",155.463140978297,153.16040629242,150.402466247939,0.701170787956929,1.47645394714428,0.70179879196864,1.0897702441677,149.681367200604
"MERTK",0.825116457825343,217.987290294066,194.757101682907,0.980749427608727,188.410670010334,0.780817927176169,1.05606941006936,1.87757553952955
"METTL16",1.02552493267783,155.219992219543,0.674870226404848,0.77213179089125,0.925296469084237,153.857175485884,152.84169238154,152.505944470828
"METTL23",178.649691075892,199.836462048823,0.398775441503684,196.888107742617,199.232992259662,183.412297942945,198.471065622363,193.8237889657
"MFAP3L",189.362250897565,0.59453814479276,1.55437323897523,0.530324379983607,0.439819433272322,2.99490918600081,0.992353627318539,17.3738861394093
"MFGE8",158.927890296951,0.835278709695809,154.894897892375,0.523070922067486,158.144256837866,155.831436852872,154.602120827543,4.69322971240111
"MFHAS1",6.51874611378041,0.621125600179721,0.937343405482941,0.769417001014655,2.03608287334501,2.83016767953112,154.65896483907,151.165789097519
"MFSD1",156.737176560712,152.883029688911,151.040380601968,150.003239008087,151.10100003625,0.600113034824596,0.276241794602818,0.578677476568507
"MGA",217.139747192844,5.62980826641596,0.523422512726575,0.821970962570963,7.06055020207284,3.34610166996295,1.25611247352221,0.946960117226294
"MGAT1",0.706656568409985,0.336215631201203,150.469578841179,35.7815670667182,154.428029555661,157.670493313131,0.581568278082963,2.1552893195767
"MGAT4A",1.73071019576674,1.26523966029081,229.331924598672,0.458056488128919,0.402624201947762,0.825889103518148,0.504842460429076,227.57286638803
"MGAT4C",191.122362311952,191.672145217868,20.7329895957913,0.501349725834933,180.961347399788,5.07308321954157,173.657570602234,0.568339164541854
"MGST1",1.09027435154702,208.141833598733,2.98074152714195,0.156422450205602,0.447066357271935,210.172182147954,215.52449306601,2.43756433940785
"MIB2",5.19356970789394,67.3780219343534,55.4242153888423,41.8917267867839,0.852093472073056,0.767680240048505,53.4831147472701,0.660150433624518
"MICU1",162.621402310851,1.14900459201425,157.622023295338,160.662612572597,43.9963654788209,1.19913973743168,0.855310123351804,0.331155728939394
"MICU3",203.756077289629,6.37933919971453,201.4203606924,0.879556843628272,201.633151140937,206.40907741179,9.15967153341674,0.230070901883964
"MID1IP1",184.769404563626,0.895217238337472,0.122231015703099,0.461024044188283,0.296781589715146,0.867438941341083,0.601630631863397,179.742490069678
"MINDY1",154.557576618036,157.073154508618,0.480816213180542,151.303472352501,155.676322809974,156.670208775515,153.371227476296,7.44243656960859
"MIR9-1HG",1.00347802945352,1.65386040542204,182.640468620378,0.133785286703494,0.422751382213594,1.06303131172864,200.732571103935,1.0290854279599
"MIR9-2HG",0.599785436873509,1.19755848354266,150.409433936751,0.826725609595411,0.759872933800185,152.301731023474,151.816198126639,150.413030628748
"MIS18BP1",0.471374179045976,205.5203901176,71.0641749226698,45.6819560451768,199.103036474598,0.92662105720693,3.19301616515501,0.748356035794231
"MITF",1.37622464442198,220.982772505835,1.78565722882762,3.3541365474811,210.901111114726,1.84817417766083,0.670563864695934,1.1026108696453
"MLC1",152.951068907762,157.084858086174,149.618786971915,0.655329540183817,1.39257046560297,21.3226882864331,3.21384249011,1.26146658929129
"MLH3",157.522808220155,0.522724415069127,0.712817532899928,152.05258135301,152.817235149726,0.679321121450318,154.153095763439,8.77363233309151
"MLLT11",1.32112864111787,1.91587463414498,3.7812802951532,0.910192083391394,1.03374753653729,7.89673593349391,204.045414039651,0.229908112678032
"MLLT3",2.29506178856031,237.182003635841,215.492639662141,189.371460135264,214.990320931507,1.1618691056615,0.778817951258209,1.15261828545762
"MMD",154.066272602239,3.48594087413342,150.218057808845,0.855003019421426,0.913121494174534,2.48065773470631,4.01775277198149,0.919747701614655
"MMGT1",151.853275411939,154.150163295584,1.59783008708529,3.10013165642361,1.89454459017146,0.69672845497156,2.55614415334308,149.744209522485
"MMP16",211.670831386845,1.20632354283979,213.205408147125,0.558786842680667,0.82104337497753,3.29855658430013,214.682826632715,213.13640316539
"MNDA",1.15487912192977,157.438748984935,10.4111409406197,144.44180591113,6.64343820243311,147.590599023445,0.605313167654835,121.816004360734
"MOB1B",1.00849872632646,1.78377191835576,5.71210794765505,1.02659389668083,0.374613770048015,2.07658959543895,43.4994465827297,211.556900003824
"MOB2",153.382933044,154.81125768452,150.889441543417,0.712560799345195,1.31205941556309,0.829496589187192,149.681724032418,0.916893537830421
"MOB3C",153.936626044913,154.296295197759,0.998309705583613,1.45372953145766,1.01755466106049,150.279495798684,151.712702961727,150.220107842679
"MOSPD2",157.1026003581,155.325672415869,0.458279336251261,149.577552007103,0.973997761087999,0.673675044370241,0.853424905288302,151.814846734908
"MPP1",0.992711652990812,153.508543552799,150.930052480023,7.13294570695812,153.125525912185,0.811676211628424,0.542062615215063,0.839480079928032
"MPRIP",146.758702290497,1.31525666071604,1.18177531877187,0.463967120738377,0.602005811257443,4.74377637569786,0.602903089527908,0.520165397370206
"MRC2",190.492829402097,0.869958901576175,184.751392263288,1.39321499891603,184.997433356567,1.59853098600381,1.25197166765159,12.7497376747774
"MRFAP1L1",0.40072755475835,183.591520924491,202.744200843234,0.834116333416732,1.40732730776879,202.584365040426,0.806962828618148,0.537867723629071
"MRNIP",1.03371663726539,165.501975994065,1.77981926414369,151.768467077392,154.453267978007,0.689490245219993,6.79496983921737,153.932249129512
"MS4A6A",227.399837333065,0.935033171279739,223.759878304333,0.839756557497788,5.77180356355186,0.441846308463561,0.328750646685182,227.426964295187
"MS4A7",1.22097826151919,219.368032464806,215.470992926698,0.937036206539585,1.45431219767753,1.1901470116885,1.24103707141506,999.968414175283
"MSI2",0.589784705094656,204.068137416341,0.561023749506724,0.341488365067268,0.405391908104507,0.796470386014375,194.956867260017,0.405574092092973
"MSL1",0.512308797417015,1.06671664159456,158.118774794268,0.452393801168713,0.835439686573728,2.04202732629062,1.86968204707751,1.21654279347629
"MSR1",1.88546804851154,52.2842253360415,40.9245589216092,31.0330763630654,56.7468499685786,0.684608588778209,0.42084506664232,45.3645424345803
"MT-ATP8",0.306971097331715,0.284127155645845,0.175873257758278,0.100001050511133,0.134119002573974,0.265595996115192,0.279617361226962,0.234483048302515
"MT-ND4L",0.233333727873698,0.198462527548956,0.129655034396585,0.0728210275510651,0.106817215073546,0.219869787798839,0.166782923369976,0.165047702337513
"MT-ND6",1.05874445850351,0.436179178943328,0.30425464214294,0.196690686108363,0.225970738086013,1.77360916771377,0.416784679357003,0.708763471779242
"MT1E",0.367141229939552,0.798810044147402,1.68385172478134,0.107735443975269,0.220621698074347,0.367586677382649,0.391246885863884,169.940172874728
"MT1M",0.734843184590227,0.787889762259368,4.97513939010306,0.115631473897797,0.276345519629024,171.868034530215,173.078653546667,2.35401466704921
"MT1X",1.67376783234497,1.46880165958973,25.7431517494681,0.134347338832171,0.280064466756701,3.23762504711582,0.46645144504023,0.609963785075203
"MT2A",0.288687737918152,0.50071260072238,0.321050383073203,0.0683446097803029,0.139131521347203,0.404708980128687,0.443538962372063,144.377067429185
"MTCL3",0.639160180070804,0.694979061019187,1.01068502137555,198.45797555475,194.712268049551,0.733687916475929,198.433568416923,200.378655503734
"MTF2",187.100908204727,1.31273498297971,181.390767156808,178.208454044697,0.380192995205738,1.0404618822756,1.3419748280303,161.620301463569
"MTMR3",219.80933758317,222.357578816103,2.59931207703852,213.342862729505,0.512753007704106,6.30157414650869,0.819029529332547,0.81507372445835
"MTMR6",153.660721213744,0.447560301873759,1.04867672739415,1.94955322515514,0.872894233706808,152.041946949911,149.66009872143,0.602167003818079
"MTRFR",160.146535668807,1.15497828029246,0.807461770112086,152.287971467599,153.800979217465,0.744317275724295,154.951833936294,0.514459472741973
"MTRNR2L1",200.327268246562,0.777124842588296,0.771332717004301,0.249677019330246,0.419507968565033,2.26220530023247,196.148770131359,195.277504902182
"MTSS1",2.07657964068735,159.882296828664,0.463764130584441,0.681124348422696,156.08437506417,0.775265850651934,0.989070478398669,151.416531330267
"MTURN",5.22290987270365,11.893593324423,0.140379282696852,0.174868130689761,0.17713660108939,0.317489608856487,0.470161923421231,1.1271821208975
"MX1",0.946708084459467,2.54454890221034,153.919816328205,153.39285324291,153.224448534574,156.99167889695,153.498128037892,0.535549129080257
"MXD1",0.851615306846114,32.9447784272933,155.048458813038,0.678056422891155,154.622178005091,158.344704283776,154.902822424466,0.701702202866772
"MXI1",1.35457537537485,2.34792520406171,0.384701423018514,0.463941066582283,0.339418639953893,206.664329340315,1.63923383896482,1.98387889107396
"MYBL1",158.568469792745,1.13348925728837,153.868837232051,1.39211670780972,152.620726127186,0.698932422097898,3.14809370021397,153.59492045003
"MYL9",0.602078830040256,0.985854982893245,154.422115316298,151.884569739612,1.94228081067066,154.589565759039,0.876001103872415,151.900528220525
"MYLK",0.658380126373129,0.751479474510146,1.03469150416253,0.540937945603988,164.270459548968,1.88407989992673,1.52907387355728,155.947621442575
"MYO1B",128.624742177787,140.200226673132,130.441486032784,7.8149419306115,129.339744691973,0.838612831197173,0.399603610952713,132.224147939142
"MYO1D",0.508678786784765,1.02006218548224,19.5550369051452,1.02489309863233,152.980571913766,156.548907333962,152.327814698258,151.910329656352
"MYO1F",0.913559114474967,0.829758157184386,21.0857470416355,15.9665539818095,0.642257888060169,0.575916444957573,26.8062482604201,20.3705472741052
"MYO6",55.1023353661381,1.07298201417688,0.436574975756757,0.435067314103353,1.47457672429667,0.45957040431056,0.925094277375139,207.752769098463
"MYOF",1.87820568701059,21.7480680076654,133.133595107404,0.586859837275267,159.032690189646,163.152626091304,0.787735636244955,162.122110046606
"MYOM1",0.753843200127588,156.030553765146,1.00941527494661,151.786532146624,1.33065111006978,1.04423157583357,1.20016273129071,153.406851604503
"MYRF",153.758289198022,1.27732685895033,0.191401707367586,153.731294340523,0.762363497501809,0.694951919858834,0.910600091567691,159.277888544424
"MYRIP",2.34078294168068,7.34803085147965,1.15941359246798,154.101757504414,0.565817084458709,163.691853536681,153.363131194005,0.521622316851204
"MYT1L",215.232158368621,218.769689655218,208.845022572262,201.937971501736,214.849325897454,216.80560336274,1.49568463291033,0.226351300572721
"MZT2A",212.46917703427,0.510241266194789,206.696084514294,0.387561947028772,210.315688956479,2.85919909167105,203.200953796854,1.71408782061761
"MZT2B",2.58396715884183,0.826760826774003,0.661605547838745,0.343300178131161,0.828215328219879,0.915070837905721,1.52353794609375,7.19856811111918
"N4BP2",157.286298263664,157.771839059669,1.00850742944468,153.793117956297,0.542265447678799,162.01489844728,155.265755676828,154.459063060541
"NAIP",217.586937488629,1.29411051612548,215.879843443984,2.92360492401701,3.81336896900792,0.677202960759297,0.93914506695019,2.47604593847176
"NAMPT",0.800874627154492,224.335629188378,0.471376148711115,228.061304470325,216.473172217406,0.639747350761021,0.524365743149933,221.166165346851
"NAP1L2",3.31002075958763,6.09964445404682,198.643348481167,200.68383095748,181.977338372169,213.323173378277,203.223814883707,0.185864936001443
"NAP1L3",0.349189082604838,1.01129693180938,0.631335742186924,178.42417135463,0.699324544841867,178.151592461331,180.529827821068,0.203455793658863
"NBN",208.460112516737,205.173206469396,0.926585190870021,0.723022607180162,1.23236209211556,0.917519768508828,202.802633609598,1.59785803133368
"NCALD",153.209201846453,152.99645803431,155.438707002476,2.36583167709425,1.21426111843461,152.935537874836,1.56265297937921,0.640845806134036
"NCAM1",2.66306080876694,0.717744737979024,0.321498801050301,0.207056509522001,0.266539249144526,1.69469757077289,0.555515483378647,0.407794198910316
"NCAN",114.946944840235,1.27345361710541,113.243956025802,109.020737412012,116.549184409362,97.3510254941108,102.492382344897,0.338851654466561
"NCK2",160.594426561266,159.343498416757,7.67444207899789,0.422871415605176,165.470265802206,0.737845070809892,158.007053335133,152.158772334705
"NCKAP1",0.727856017862579,191.697964329122,0.747722018658112,0.298145697555457,0.838541745741199,0.827222745444421,5.10146034762122,0.447777751045402
"NCKAP1L",213.648394620381,214.916627687226,1.98166957878165,190.331812897456,204.78910029169,1.44382481896359,0.403804871314971,212.355424331668
"NCS1",0.807297148812555,0.853785964342248,211.837188050346,0.469489679327819,0.766101130166174,1.2420014022183,216.037873299385,0.337627613185361
"NDFIP2",203.469085933426,28.4360045935909,1.71291873213427,0.663611101884759,192.071822480846,0.563572622729096,327.356692127003,1.57065759102055
"NDUFB6",215.454834920315,1.18100206489229,192.995486809723,0.284139774840758,0.493939483693719,8.10034988714704,212.916048157003,0.645025228679383
"NEBL",0.691238841050922,2.59435543670741,201.738421525882,0.275346073983589,0.448646666608057,0.455769653228246,8.73880449216666,0.479089533325998
"NECAP1",184.135201836541,169.978717729538,0.661984396245484,50.7654036308398,179.706312178627,0.795060151139111,182.181513721717,0.21592582150693
"NECAP2",159.23640024707,0.455772488391149,0.62873225772624,152.247920690753,2.43765121452841,156.569259847375,156.185962314972,153.865419906341
"NECTIN1",153.013664932404,1.2455380681076,2.358375411082,0.548115209280925,154.239442944325,150.221988981991,1.20080704226085,151.814087039226
"NECTIN3",0.977868867523955,219.368332409173,0.700463109930239,216.114455853965,0.815780845750898,1.00354440248364,222.632253941661,218.985837172909
"NEDD9",70.6933710137881,0.492019127059758,57.6380655024421,0.785876916059002,57.6862881811499,1.16384039865051,53.0156138879127,55.8517999235851
"NEK4",0.880989164202716,1.4283853789841,1.92973240932968,10.3197888944858,213.283733149789,214.059705424373,1.4478570838153,0.990625333932515
"NELL2",156.306027568865,155.79865791388,153.398486178699,150.811817140242,153.662276895247,0.657318284952603,0.823576240867001,0.428230876050112
"NEO1",0.564885073122152,216.44651826843,0.588700248328838,0.479638092192543,3.58920375144513,220.418067137638,220.003628835447,221.917407826521
"NES",1.58138022906296,215.089009367273,1.1643037136089,2.50656984137043,123.522916142445,197.388534587775,1.36603429897616,6.71839227139843
"NEXMIF",2.60683984927306,157.788672275946,150.299710486572,0.473215412923637,1.03003527144072,0.688159429462663,151.652373854027,150.159080099423
"NFATC2",1.39185319439259,1.48300162044424,3.33504638750019,192.310323861444,1.26031302750946,209.178530975449,0.976347411705486,208.687244339026
"NFE2L2",182.22993054529,176.698547146209,0.29307887030289,0.363603092315089,1.13198207065369,0.800810000342247,0.719349528192956,177.142540693768
"NFIA",0.710376640642075,0.559754758941069,0.390201411916235,0.176083448340875,0.317809683095363,196.102818091132,2.32463221599824,199.20631948304
"NFIB",0.759246762976202,0.558305202511982,0.354525566480484,0.278530389138835,0.3765321459228,0.784291164369744,0.980150899175515,196.899948926485
"NFIL3",208.061678550804,1.72374592210599,1.24837550227385,3.89236822452689,0.940560251513579,1.02780670234402,1.37640752706182,212.389531764309
"NFKBIA",0.318151852043037,195.505190197266,183.791710015061,0.435278691010743,0.531422222691021,0.681131932097703,0.30581712603054,41.2250063159755
"NGLY1",0.44640238990211,0.835492707983755,176.637520640976,202.634600558256,209.697638123571,210.692071884012,208.284230409803,0.995565382159151
"NHSL1",5.62706293531403,0.522446330461245,30.7815158297762,122.655045851464,0.567269404967704,147.833677129977,1.04792178810858,146.522671775844
"NINL",0.970545140556147,205.237038232138,0.931129085550868,195.684124825367,200.196429587711,8.41363057513206,201.015443584785,1.18807915946029
"NIPAL3",1.15447850060567,0.777684472674048,0.83273825251803,1.23645903978856,0.675185666824296,0.85854487415757,0.669884574281788,0.614718573628595
"NKAIN3",0.938857597711491,226.210247910624,0.635541637268567,3.45442473682983,1.5970369684448,226.350976899693,1.25607837744926,233.426111352529
"NKAP",228.149603471453,226.002184108266,0.498455129794191,3.65840291208193,0.60341552199597,2.58601906628038,225.407497848261,1.24062552000609
"NKD1",2.29109894097291,203.25755846039,1.2727089396002,210.843130351463,0.842935005503165,1.32258749031173,2.88979497747178,3.12250646403154
"NLGN1",0.51484119542176,0.49082205712295,0.70782708184051,151.563785612772,1.21181723502303,159.304063455034,156.794536689954,9.01812956412957
"NLGN4Y",7.62153712145543,166.462776963334,4.36574203731816,0.612886652483586,5.93834085120641,0.807632311412555,196.725638390655,201.558929437708
"NLRP1",210.846796047602,224.385876756955,3.81404112381862,219.296413794475,0.920702373663897,222.5515508804,4.89140924596583,0.59859308094342
"NME3",0.486467304456953,1.54072058358309,0.808785556643737,151.254804780178,153.356286177707,150.9801907119,2.14959050590386,0.601179396684013
"NMRK1",1.46618889714462,0.974618204651193,95.2815004966711,69.879827361714,161.107324282216,110.794706387952,77.721904482318,1.44497269152723
"NMT2",3.82588880579484,227.496978675927,224.440822515021,0.593673349127917,0.566855520857723,225.555906760108,0.857742144472427,223.565034820715
"NNAT",154.184184228809,0.520911200546471,116.541294749453,23.6595988905236,147.400531132636,154.854686049995,152.725384872512,0.345794871234505
"NOL11",3.91980190264366,217.136453529954,1.2756114959005,0.698978873611745,210.035512824037,0.794725103061036,214.404437372644,0.639397083556817
"NOP53",0.705973022223494,161.917334596271,1.25763670814999,0.332479448893129,156.025318816254,1.33567340793712,0.319148422688427,149.688366390878
"NORAD",0.570711282607572,2.07355775179205,0.706059299762091,0.431568524142333,0.327411352107941,0.500305354076608,0.413039068258642,0.154154766938443
"NOSIP",1.43807637878524,154.684821068294,1.18849698009124,2.57787461286336,4.74140811510485,1.06214202238291,0.757199356751904,150.060675413514
"NOTCH1",0.446878686120045,153.717917158675,1.23852542793224,1.83636807626537,0.796556748098378,0.721629704699371,1.32310916775154,148.899119577886
"NOTCH2",24.7842015514188,211.445332636447,1.41827362473315,1.08818105496306,0.428669917102308,0.800617800257644,0.942663257224179,3.48975066677536
"NPAT",1.16206699532411,76.1973397723487,41.7148475079811,32.4190307950228,0.580294986341373,45.7124947711874,0.46742700879244,41.3703190787086
"NPHP3",2.61877636817937,0.70458318975033,1.04143593376158,0.551690207246898,0.709452404182041,0.701527807294361,3.49917171815593,150.421051928132
"NPL",0.755637954010454,157.462337544224,156.210324944005,0.618887399350328,153.689684336865,1.88327830662734,14.3289914923391,151.45868872499
"NPNT",4.60850465235378,1.28105190812708,208.47716322365,4.38317217176564,6.90251989620814,203.842977544059,1.12742559766324,0.798946624488655
"NPTN",0.860938955935734,210.964741627062,1.98330175750396,0.677758118455914,1.0516317003048,0.647756779457612,209.564660685212,0.264429732415087
"NR1D2",0.589010542149527,0.733991168816978,186.430506505439,0.788426671699455,0.472028783859025,0.860161184964898,0.706278804427802,1.01218770732431
"NR3C2",215.942829456718,4.8261233801059,198.62107734082,0.364058910207167,0.817481814521836,207.545496461381,2.59313480954117,209.829281543334
"NR4A1",0.424970152460942,0.609190044416043,1.46801263127867,218.542484575951,216.353935901796,7.32106179516942,1.89640181729638,1.36464965791066
"NR4A2",26.1086375109669,222.01755180594,218.45437720252,3.86413417564085,218.775367046756,1.40895087828056,0.589232372431139,0.445984505452421
"NRAS",216.775653929734,219.09609127446,6.8195608196789,0.577560231955167,214.497714903217,1.83537058455473,213.858277596821,0.762882781516792
"NRG1",0.812227558940655,155.768356135732,155.291440945631,150.86467796072,153.265267263259,5.43027301556043,153.603918706881,0.369614124191181
"NRG3",222.63118207365,0.82099948063604,220.128227254133,0.693373510541399,201.583163430391,1.52374134029655,221.029052799527,0.740038797983344
"NRN1",2.21496771349105,3.32236878914557,0.936077442816892,26.1932772838315,153.37335058724,1.48002831968719,153.090369088861,1.89959958425083
"NRXN1",3.15654731325361,0.750944760888685,5.04109379200513,0.525934605143652,2.87260136946866,224.231461301372,219.497519710954,0.414127470659003
"NRXN2",150.157452048783,1.78473755401996,3.10893989636954,0.670468577792526,0.899535747690728,1.10356342633618,13.4566525428874,0.415298493932403
"NRXN3",186.346664945625,194.552453978912,191.890299468538,13.6348155848901,195.483455483363,0.969853663745569,0.508726875935412,0.148578584229756
"NSD1",0.579829556588336,1.54604858336495,2.47059041958003,0.469157249748182,153.081564536592,1.09243393712718,156.306051451877,152.794387581706
"NSMCE3",184.562182281319,0.68548167418401,231.531912808068,0.662167007248454,198.164661168171,2.02200224693882,4.48968482216892,0.601462445431147
"NT5C3A",4.90994115121854,157.367175447984,153.422787746294,150.460512942437,153.686714794812,0.492741124965726,0.812096909040174,1.07503638682514
"NT5E",263.13049219996,195.435015143508,192.124209677936,0.389795967308912,0.546246202772736,177.44588605984,183.006776005434,204.72856028903
"NTRK2",181.86828199458,1.90116367731397,0.722165674138997,0.159485641158232,0.232798217634409,0.614580095227081,0.560928602672735,0.624035044090416
"NUAK1",0.735003831643609,152.651386720546,0.742040088276692,0.512423478024055,4.07892541830274,175.951692206925,149.769428261773,0.851923554252037
"NUCB2",0.615174696446668,228.21143643276,6.88995181326019,0.733195815764012,226.429999556563,0.928475106459524,0.583170923818818,0.669053411129746
"NUDCD3",0.739946975754024,2.043076544265,3.33828935237928,4.1288119001318,4.53716748388888,220.297136857228,0.758046933276839,0.57246316880514
"NUDT10",1.30870438765477,214.767609626927,208.626033412493,208.09045471915,213.406122540648,213.391308118138,207.373748625746,0.463969258371285
"NUFIP2",0.416014370150586,211.972089638232,0.453799958069564,0.421393132895177,0.671468709691915,215.62331056672,0.509650460673727,3.74704083656452
"NUP50",1.7027779926116,0.987090020484863,0.783037510778364,205.140115430344,3.05888272772494,0.640308057150403,0.576215606307373,212.0725721203
"NUP58",1.4809273000716,1.27253504789834,0.653814151926703,3.38711209972384,3.73021531738868,2.6930596738192,149.175486034185,1.31492926079606
"NXPH1",223.261280287223,221.72622228455,220.584299118415,0.901492273909433,0.613631189738557,1.83474957347981,223.564994092444,0.352188134674819
"OCIAD2",157.234855842804,5.01786072197051,153.747221229203,151.806627526358,3.66106545939173,1.10832561678602,1.40316910485794,0.500804776578832
"ODC1",158.527216342023,157.807479004285,0.710688120687058,1.4131421186339,153.167935667068,160.632722885397,1.7766753820843,151.30681346747
"ODF2L",1.17632826281414,22.1975233608131,146.000967053258,0.39000163093098,139.805813409403,151.910165373969,147.665281440654,132.039196105542
"OFD1",1.48841226939007,154.392533029806,0.408278823075715,153.234801687472,153.643556584113,156.270718529546,153.717413289464,0.965389294088773
"OGFRL1",0.517727473277909,1.68267181419392,54.9494562815991,0.287038436800742,0.406167001773535,5.01948793765562,1.25366530364178,0.608459210641318
"OGT",203.323966288341,204.813538094029,0.535840070567833,0.571867723042507,0.584681783369657,202.564799385061,0.634388725875115,1.35136003231704
"OLFM1",1.19506258491644,1.66884975085456,1.71851230587656,0.729835959881868,43.2500090362509,0.45049647996214,0.691674118847553,0.265806472708762
"OLIG1",4.54909826599898,0.484821980040674,0.269731835407763,0.489368653584553,1.78844943760869,0.809074894988583,0.773591510199648,2.19722318067508
"OLR1",1.91781916223549,168.019217552498,163.778196511644,2.61211283884875,28.9355602523657,0.628586504683942,0.330513028112604,167.707035941064
"OPALIN",155.942910698317,0.517220524365388,0.908235046193695,151.154428792158,1.0622723071413,0.788488820535823,155.322449284808,154.520041855504
"OPCML",205.051641243801,205.749402272728,1.40204766529681,2.40306042109984,204.188933865769,203.590235486525,1.10056532937143,0.510555035555893
"OPTN",203.971308916979,1.2972680228248,0.366662890691796,1.55416640634037,201.549784234909,206.521363993852,0.610021343162032,0.279577608363386
"OR7A5",79.0027500416006,1.27178066009575,0.39100931052906,213.362397211272,215.483411659764,1.48304979706519,214.112015378647,2.87974188997865
"ORMDL3",154.973176406595,0.749340513392201,0.859416839031204,6.94609834600442,1.63485233826371,150.560208476146,1.26343966167155,150.95237188887
"OSBPL10",145.005986905433,144.837503132218,152.941200705265,13.286403942245,3.04785186469698,150.292438853962,147.540997688159,0.614797314488056
"OSBPL11",1.13757812645262,1.06093186279296,2.96587399285524,1.66585017979837,3.66673568962303,1.59006119666558,0.920034768147784,1.12338751845323
"OSBPL1A",211.327935449322,0.505068032905846,0.343788488211966,3.61053299415757,4.81571168565458,0.670025089469268,2.28089581524859,0.565107089891962
"OSBPL9",1.75508175798684,5.39541072583368,9.13268600789144,4.4664766093154,2.99683930894556,218.61098950579,0.663627221817992,0.699595715244093
"OSER1",211.674898678127,212.614017655773,211.58848396443,0.702356312624182,211.134151596201,212.351002829927,211.406588320537,0.504729800157703
"OSER1-DT",155.269291987004,156.950794978397,153.769990201176,0.89200071703832,2.47938701115684,153.806351716086,0.874920308492543,153.570744569849
"OSGIN2",3.13735504922664,216.678219814789,0.6709530638403,1.29134573018068,0.961254048708511,4.13036940224159,216.26551989577,0.693277183271391
"OSTF1",1.00770866029619,216.914168457318,2.98318171065411,0.657740443927725,207.887860863562,15.7958256648864,215.51001256169,219.109564875488
"OTUD1",149.431557485318,1.41358096130807,1.61360444388935,1.08697716652631,1.50226260191825,6.18719497335157,8.8205655991671,1.32774901580705
"OTUD6B-AS1",153.360833237606,0.826747563552472,0.895512530392382,0.707143955633281,0.538514846500988,0.614538117925672,152.005990727309,1.00358167082701
"OTULINL",217.427227824409,217.622105877837,0.64306203995482,215.40199083613,12.7857231466649,3.09869869444291,220.425704623199,6.14767811792168
"OXCT1",154.712499503449,0.635572977566944,0.813044144957271,149.638157404068,0.478870175074405,155.178453159075,154.637056751289,0.523595997218806
"OXR1",1.90304346567521,1.05135545879356,194.341860353797,0.735031173079786,0.707321001711921,0.932391605965627,203.103777362282,0.372730378966587
"P3H2",155.89601822091,1.81246319715791,0.456808104915109,151.705356862465,156.737534623199,158.591847928863,6.46960875523894,153.261526183648
"P4HA2",158.508087452511,160.209852244011,153.683321331955,2.20531397074967,151.791339221241,1.00696843540308,155.66066734017,0.64971500594034
"PACSIN1",632.035997557883,153.587363371491,151.368499778144,152.239801353287,8.79783524581583,154.100837851111,9.29669643721584,0.280937875816593
"PADI2",2.30191538497196,1.48219113408236,0.55866482358055,218.4484277977,1.82473777048299,1.22984444750916,0.235542563830024,219.363213506674
"PAG1",3.31169608678204,0.488098445922771,211.204166409079,0.430461336420483,223.51418891154,0.598765220737362,0.488550554688454,223.76237638871
"PAK3",0.60335494124015,197.456817453617,1.11718587630362,0.687598447435983,1.87536658368527,0.71591608252504,186.810486816059,0.257117175553806
"PALD1",0.567230937909124,56.1012049392563,28.3677696754542,27.1770790296792,41.9801620090692,58.2683094955775,0.590766202832827,31.9377159197139
"PALM2AKAP2",3.4353851141914,208.534096220313,0.501531942344638,0.452778014174726,7.43114342284886,3.79780570955671,1.42583075279501,0.859493999220035
"PALMD",0.617794481019307,0.738805429278034,20.1483760389776,15.2725242277133,22.8446637252681,0.852321129907178,20.9849230691199,21.564710511532
"PAM",205.775812747949,210.769291209907,204.397334168332,202.76784614048,0.376167937746115,202.423874068309,1.80211467154026,0.176976593210389
"PAMR1",152.250844404551,148.242177726116,148.936741473398,0.634859475964272,143.576015269387,1.19212347469285,5.38323357113321,150.471371458385
"PARD3",0.684415323846863,157.620512185307,37.0852544606616,0.604773900432293,153.364196926679,1.45396422848489,0.741656444863195,151.087553749574
"PARM1",2.28736902035782,156.787745532861,153.177926840491,150.844011916723,1.7189308573806,157.043063100036,153.529561449876,0.342623111653655
"PARP14",0.609226820802131,156.564316068537,1.2650062152873,152.157921848457,155.067605574946,156.740505247288,1.73783590778806,1.75820386512069
"PARP8",3.00953478054841,226.519692721777,219.914397109537,0.577460590884221,223.966896447037,0.828645781641405,0.658453794341687,224.055383382024
"PATJ",222.337238135318,0.6164418972954,225.606494693596,0.870863974742325,220.053544277638,1.4028541177735,1.11317613296956,223.458933934654
"PAX5",0.849060955862592,213.703079625135,219.952553210222,0.552737049054809,7.42327347843724,10.7793754888837,220.043279097098,0.676292596648317
"PBX1",2.57044921137636,1.53942370115089,0.75697554007079,1.24922860806646,166.485157001437,0.889393810527738,0.836220668963936,0.3612553477827
"PBXIP1",208.188390224887,0.5951746294313,205.706434193236,0.335931730038516,0.619772472840264,0.409368184142763,0.60329041256988,208.417941529693
"PCDH10",2.3705100933425,199.555769444156,0.637990274670028,0.487202618867927,0.389578588971651,189.229042758731,5.23216917356132,3.41295829894991
"PCDH9",0.593925623205733,0.489561165054218,0.137680234321695,0.274510174540503,0.279517623323169,0.338491976747881,1.2055998463112,1.0780141854073
"PCGF5",1.66839828635703,2.66145202922523,1.54918291656597,0.601563907767485,1.24300419084575,0.550014159995319,0.803434807560541,0.44514330059187
"PCMTD2",3.27665106751278,373.105217226458,0.465199758793058,225.924084597912,2.1044450606695,2.00721499448192,0.492247545076382,0.657932681975035
"PCNX1",1.03739246786747,216.285493054904,0.975555960525454,0.58356413412265,0.675714695608595,0.742805637472736,227.438630818509,233.46765278821
"PCP4L1",157.652988845173,159.927781266588,150.440984344426,153.381965831841,153.612432550022,155.342144352504,158.493814396397,0.288970958802943
"PCSK1N",4.0691261450767,193.122466142122,0.424182002556699,1.88325291873658,0.517286820814776,0.992693023876742,185.845555609001,0.238451884878126
"PCSK6",152.188885388688,154.538918650263,0.420162973835633,0.993242140505447,0.918420979369259,150.966112632156,155.891469148833,0.791865690427015
"PDE3B",4.52085834914184,156.790860131813,0.969406156689422,150.350417822057,0.487133012005153,0.521310595099715,155.77086460989,153.053654697232
"PDE4A",150.613240779894,1.28570196167344,149.750653227122,2.63225089255806,0.947665992149548,1.21780937536674,152.883709968959,0.706091737862624
"PDE4B",1.32739290746217,202.901539582507,0.315251876438721,0.807653782033111,0.967479733319586,1.03818025349733,208.984403493052,0.737698408947626
"PDE4D",3.11231520438627,210.916248868281,7.08448750387002,0.55559424884971,205.882361557479,11.0540465227432,3.6360006025129,0.932680818114506
"PDE7A",171.736802873611,210.125581502495,212.661192467513,1.97508931897852,0.843935677213367,212.939936954031,0.609371808290389,212.262364919025
"PDE8B",0.553091487923242,7.42725736004854,1.3869706439815,150.298417390514,0.635990475532945,1.98570552484681,0.861481081498638,1.13763923960395
"PDGFA",226.48014231523,0.912677289943164,204.010598179203,0.797839119409497,2.45108722354451,200.142211189067,0.901145936727306,0.759125405865151
"PDGFB",2.16119865396293,153.234982421546,149.823528033656,1.10802887133709,4.42282752025513,169.697229823168,0.750372007010224,0.740375458648315
"PDGFRB",155.678174483925,153.135436213278,150.289883182268,0.523174701858308,1.15462699728541,156.536655003145,151.074405457932,0.894247469208861
"PDK1",153.238906587065,13.1541032474791,150.958050891975,0.332039644515003,0.5886706354184,150.651747744718,151.932915200018,151.350608918134
"PDK4",0.597941295803093,0.500685375700348,0.235359555708548,204.055556868902,0.657712864596744,4.18373826892972,0.762888729900672,1.56415124434435
"PDS5B",239.424454678754,226.66992047113,0.738010906231501,0.758348312213115,0.6271168976797,5.94119838437581,0.502314434391032,0.931072198562676
"PDZD4",2.18867013476489,0.850561386355729,151.432942853675,0.999116342293756,152.183825206277,153.298199255512,1.57109763177926,1.24788475632938
"PDZRN3",1.7627900607102,203.280328320662,202.914813202725,0.944393557875306,201.264738477017,1.73676344790366,200.083696858793,201.673694014798
"PDZRN4",1.49503877463966,3.60472158822567,1.80498390425166,1.47526389365506,3.10172538377398,270.380767839726,996.226974348515,214.674149120778
"PECAM1",0.356265500596461,218.631838091014,1.59963752296477,4.29909740751882,1.06470520810774,1.35821562192285,1.04449742975924,0.960817274371628
"PELI1",1.16537644929022,0.888960423377798,211.98268017113,0.416093572290103,0.784708847717995,0.794035807252253,213.330313092928,222.299234560739
"PELI2",4.73898811182519,105.195956726497,0.714893006302543,201.073965578402,202.03313714178,2.10981161030577,201.789982626284,0.858949849792881
"PER1",1.16613701050902,150.36602442024,0.964867652223905,5.92163672534176,19.3430005292613,6.78514199780253,0.585689361264815,4.08595507806461
"PFN2",16.7809820134831,1.23750043613177,2.60810951143798,0.411639172636736,0.539006128056612,3.77939699437473,1.78768232077858,0.480778023352096
"PGAP1",0.952866960793215,154.753710459893,0.5030720946122,0.691399102604378,0.747680355334761,150.275079318558,151.251319455801,141.515921473018
"PGCKA1",100.795388669407,101.398535991044,92.1359757117659,0.323853963196076,89.2795577066579,1.5511902999328,86.1212228722301,90.8542721588894
"PGRMC1",1.96157807805945,192.439412139371,0.32196031139011,0.49160342777802,0.713155597668554,184.273201780064,3.76879065823364,0.236362294336489
"PHACTR1",209.332381415338,207.917435298479,213.285401006581,0.769829470039785,212.432170964228,1.36278799160456,213.202918475874,1.2853912049114
"PHACTR2",154.748738298112,153.204973312688,1.17784657550027,0.452397075542209,1.31704248101734,2.04875383029933,153.040976375172,152.157387444572
"PHC3",0.692751718318422,0.47446712290744,12.7088146274091,0.754158234564641,0.422445405357454,2.94359062780486,201.761892830417,227.496705293331
"PHF1",157.005448644068,2.78126307661844,149.741201072456,0.761762528786103,150.605704925897,157.754869803005,1.23545644931456,0.886112054257207
"PHF14",229.293189868739,227.031323262985,0.370989638983467,4.30181152000113,0.422298466607887,0.719668145320214,227.294473549653,0.710473423747471
"PHF20L1",2.37135323516563,0.928058899894207,0.541914167996573,164.597254099305,0.808369318019807,1.85810220557733,0.326644657295055,150.205098887213
"PHKG1",1.97971297694585,157.561803872436,153.909028225503,0.422994345338583,154.149927247959,153.863290204015,155.575145742122,153.341512801853
"PHLPP1",3.72158480983338,223.756432017141,0.261593798570923,1.07886710801372,1.75892371563572,19.2878569555268,0.731428233363983,217.877869178948
"PHTF2",154.889187485695,154.066006951652,1.39818849470339,1.41814930607511,152.761194686742,153.774330989182,0.456532477800004,150.148588870965
"PI16",156.567642552185,159.083272586539,153.939940894475,0.391355117599652,1.1686056665602,46.472113104871,154.978104737153,153.366152708811
"PI4K2A",5.668066450121,156.61668136153,153.331678554536,33.7808153942662,14.5200869653734,154.525549368833,0.711407837457732,0.788478650941237
"PIANP",3.47305698783827,226.105993900626,223.451177997471,0.656723976507532,224.355444364498,3.6876727743918,224.083572473801,0.510094572582496
"PID1",2.52386501763566,153.861699379304,1.57702598704794,6.52535700830295,0.579972264721546,0.532162501636097,149.559088024157,0.702452312024749
"PIK3CD",154.619457743143,2.77567448259294,152.198865277163,150.337833522558,1.09495652239513,1.10335960576062,0.684792826931435,151.389065809801
"PIK3CG",213.28484167075,1.69476338897012,209.012125056511,4.76439102815846,211.1159604698,0.989010093715018,1.03994388808519,1.4106595125123
"PIK3IP1",0.757526912954603,217.87034536645,213.132005005719,0.549763847660006,2.15839609177611,222.563098866349,3.89135437495394,211.766923124459
"PIM1",159.724497984247,174.087196491339,173.993995515742,25.6044314141127,174.753408677037,0.433551139474579,0.659347259119354,0.979699662963756
"PIP4P2",0.868727303357861,0.742009425707167,6.67714578739017,1.21135091992961,152.809202781792,1.8083208533182,0.474667488351968,0.392617681971214
"PIP5K1B",213.211694244067,0.421676894676368,200.650164762473,0.489276871277068,187.823042297779,1.83651080763869,0.952340181538236,205.259621031109
"PKIA",218.052699595818,61.504576635657,210.236960752362,0.424969960700658,0.773050655241171,0.818696734759589,218.91337928173,0.420382548143847
"PKIB",1.89912006270513,201.438011040182,208.375830025,206.3660777703,186.868072386664,1.2178253731893,0.911339856919146,0.334297927503967
"PKIG",0.952327319052687,8.71568308464929,199.739641483979,1.24376828185963,0.88321882252292,194.913406242242,205.058276158063,0.782065534672214
"PKN2",226.156282846548,2.75153301765271,0.566236592164788,0.770328584436369,221.954689814266,1.52084796341221,2.04923633268677,5.0747410340824
"PLA2G12A",20.4126470347419,44.9425551312831,0.677278175571339,1.27084140128821,153.807822911825,150.361811121364,0.56678751721682,0.487726484607263
"PLAAT3",3.24586489394423,174.205245694576,0.632349418072965,0.260637904447775,0.514965824645456,0.667180273567827,0.36815431654667,9.25207905367516
"PLAG1",154.842135927986,2.31394978605073,2.34372622577769,152.262436315778,1.43628249422588,2.86489021902796,0.611946879441469,152.993972281708
"PLAT",0.574492940880109,0.830028911284956,153.569483703378,2.58143650642922,1.82376902412195,3.72860160535993,154.414211602913,153.90664859393
"PLCB1",144.753705829054,215.705045066538,4.3029251242093,71.1582718105926,3.4135055414905,209.780104985647,0.46893511853347,0.440865353229833
"PLCB4",13.2452160448506,153.31519194349,150.804960669045,0.983881678798684,0.662308317397415,151.064233206822,154.096063302111,0.356361727557542
"PLCE1",0.753831985929228,153.204407630882,151.011236694634,2.00100042233518,1.46885308374895,1.77164328986794,151.768829686164,3.0012875830476
"PLCG1",1.7695900444919,1.00382261314902,153.980285808816,151.805941501641,1.66999404439915,1.12104064875424,0.789682901499206,153.217848838706
"PLCG2",0.977537938885908,0.773202231519757,0.338119603183192,0.274857808505268,0.500013425105526,0.563505313283221,0.495616216275659,198.650504282342
"PLCL1",156.539467490839,154.25007290291,0.254758187208413,1.08542267488427,2.10760084360917,0.691262840608948,0.528398574423995,150.717143311901
"PLCL2",202.096111173044,201.95560834077,198.926170106627,0.986730505176956,0.644147763779756,198.118178530374,200.638125126003,0.988648900589237
"PLCXD3",4.54343874601688,216.70929218324,212.621698452146,211.573298593408,212.513657894917,208.472613538245,0.902895121080978,0.256833112923418
"PLD1",208.656013823738,210.508447436906,0.271433878767239,207.319688032075,0.957377109279335,231.401344089598,210.442945223131,206.997861301792
"PLD4",156.452124964953,156.514017871452,0.876867377390255,152.407215027926,1.16591196291124,157.003504134048,0.573259791400077,152.524538325156
"PLEKHB1",1.59274988193938,172.030821261391,0.233916710796427,0.150813787014812,0.302785855467658,0.67535927870938,1.35420514477362,118.609532451377
"PLEKHG1",5.25967598115345,1.02266274613213,152.606294904496,151.478338208114,0.879672423512263,1.11517847884823,0.590859697178712,151.801941152768
"PLEKHG3",153.581321825448,4.95008238644932,0.515240374655659,1.17183856694559,1.11770405777301,155.665758769413,1.31701079605889,149.085166774248
"PLIN2",0.33554636233337,0.738709085804956,1.36920266322358,217.976532017819,221.329046940683,221.651498945599,1.89564404091905,218.981480288257
"PLK2",157.656207389208,156.661022436037,151.685571708445,151.282595667306,156.947387609284,1.07433614110537,0.582686922288254,0.877238518893174
"PLOD2",0.999871700346241,6.03193171602989,0.711637287744227,0.563344576244977,202.886807448627,2.39407220749021,3.4682849556897,205.117484941756
"PLSCR1",1.1325369002227,1.28782827683836,6.68696994227461,0.660799028341726,0.767432046759618,1.17812754863416,149.524492632813,2.14640978404042
"PLXDC1",0.613788511592316,155.812418875732,153.620187570845,155.046682862144,1.00359509003169,156.594142554721,154.13743426147,2.85915165032161
"PLXNA4",0.890217253623365,157.182560256407,151.878970626969,149.877644753961,1.12077767258431,4.94759295621494,0.582330784645105,0.554512109854218
"PLXNC1",2.15842516764028,1.89098799775664,14.9293949575655,173.177380874239,169.797571984973,144.470288573927,174.903774553261,0.355383313799861
"PLXND1",152.910846480142,164.484610581345,0.445140726377544,0.761035086211936,150.503497890925,0.784939255408788,154.247877520741,149.649560605423
"PNMA1",0.723226187538998,169.927727530759,160.292116797683,0.536870062919543,1.33156595912396,3.32986693868634,1.72871945072976,0.244207924180792
"PNPT1",1.48307412259847,223.395444553084,0.673477104343891,0.672686391004893,0.585831041636573,0.457896095483182,17.4780231726129,4.21547653997925
"POC1B",52.691182663729,1.12367729831916,21.0744801312663,26.9302884497907,0.91157214794052,47.7130457815846,0.497220982844558,34.4079327553057
"POLI",2.36717591523158,13.0562364331036,155.401517545994,153.044963184394,0.873178061001765,2.73011056559116,0.612024819517577,1.56118272764272
"POLR2A",149.566962258577,1.23151456269739,1.10437353164764,0.773521909784793,0.756357363660699,0.765893481616115,91.8586044150885,0.61949499484256
"POU2F2",158.007546190866,157.162931481657,153.126654187763,0.395637905268786,1.1038760687999,1.19900555434577,155.690688587587,153.862725037614
"PPA1",0.493775434779001,181.612204498842,0.164017187360524,0.375891309975418,2.3249191840586,1.56300396430918,0.440831324041141,0.517594873640561
"PPARD",181.273534565904,186.061956148134,21.5243872868593,188.13401869422,187.946643093672,0.617942705644244,0.560447810621822,2.01916134190357
"PPFIA2",205.572700578534,212.280196926987,60.7377258535081,0.514804891702119,0.642392876229777,208.906994017212,209.793941376933,0.545212649274149
"PPFIBP1",223.592074983443,223.08386202932,0.641051982624499,1.12176256234843,235.769857195825,225.211072510332,0.736911431937072,1.72463514893215
"PPIF",3.82418103793189,0.803640520997356,2.20157111505949,11.6333323600815,223.561795221579,27.8750497917273,0.525096545403295,1.55418622655174
"PPIL4",0.764916265738125,4.02241402766604,0.882621650105772,90.500059714346,0.696915575297965,7.39592100585663,0.731117141012568,211.564190255172
"PPM1A",207.495000520319,209.150002418659,0.664696943624256,0.724700211333909,0.89460872921869,0.599145886248564,4.93553305560776,0.379087269759135
"PPM1E",211.515323283859,21.4610169817029,214.560810104111,0.922396107878954,3.20490057009804,224.053334254865,219.37180508325,0.474464154896696
"PPM1H",150.928431152832,153.290695399951,0.783224154639726,0.81510678752338,1.67282157830652,1.12149785740216,148.15317356713,1.16343476243146
"PPM1K",0.969876214468016,0.709681359241682,0.406061221515749,0.602398852073501,0.373046584304554,1.62231309875306,0.498026653938948,0.363975853821018
"PPP1R12B",0.915409353000413,1.18671437280675,0.862492368048629,1.52897840250624,1.68598545936517,0.798652166132609,1.9619997312326,1.46098416405019
"PPP1R12C",1.71559599971931,152.892309636807,1.77824406783627,150.124664929553,152.627759643413,152.090676057673,0.416222931048744,0.504016340794471
"PPP1R14A",0.700119355074688,0.531233566947077,0.352455532733749,1.9143300295284,217.871778810506,1.01438761983069,2.57998373018793,95.9810531010374
"PPP1R14B",0.893182086241426,0.562614661631541,147.617605619019,1.21146855170083,1.72299506063297,1.42672570829097,0.967124972240825,2.33507296453397
"PPP1R15B",199.231105469142,205.32682917329,17.0561572166231,5.98101477997082,0.629875578180512,0.6174569500645,1.25071231227251,0.84188614693131
"PPP1R16B",218.198671804546,2.13001564453718,0.934313764406477,0.802159890515693,0.69996659433653,0.9591003387181,226.32923073776,217.544622283151
"PPP1R3C",1.57036071644049,154.446990045722,153.581080928732,0.255305148873732,0.465757635367115,7.95480103288078,154.402418077571,153.847691670679
"PPP1R9A",3.67270024182872,217.041326235983,204.149566695796,0.641805956808101,1.50868326760924,5.66329119737948,1.06572173420173,0.428296901482252
"PPP2R2A",214.356928478885,210.498930061018,1.02239513391004,0.950092772744656,217.649573721461,1.71229378303836,0.365489816627889,1.02243683379133
"PPP2R2B",154.225292648857,0.673901617621782,150.34671156089,0.286061115117916,0.47118488570139,154.407971474732,152.89910754207,1.64105359270724
"PPP3CC",1.14865402671821,4.32881583198683,150.378885029112,0.599407805938688,1.23413141578911,155.069513853822,152.659164232512,149.472572965232
"PPP3R1",0.899860842892087,163.255354449599,153.51156655623,159.578728299193,0.370603517901459,157.640988434961,155.343099898946,0.203662864897925
"PPP4R2",0.812862180458567,3.31635379584701,0.38019544197791,1.28531245066935,9.52799015907214,5.06557822110085,0.441610617551288,1.83718538779219
"PPP6R2",207.105990478187,212.090069891816,208.759440126477,208.103616868623,1.35200422016212,1.66222984975928,192.341871691278,0.382474183837417
"PPP6R3",5.22444404827051,152.958993891933,153.076701760332,1.22321044066399,0.627240307741459,0.783462643593326,0.866422640900082,0.872092936712788
"PRDM1",4.48245783433577,0.863696694643368,204.538317010486,201.916435334162,206.19462167429,0.730942665834225,2.23760352487997,0.969576981555938
"PRDM11",156.515976151859,1.73554527343762,163.265390015391,16.1688228961008,152.166332627133,2.81504890560538,1.61202847083092,0.890696262753303
"PRELP",1.10792248743133,199.887643020692,203.25135437964,0.374248041416812,0.638703888696718,3.30314641405307,206.886006445289,238.747040165536
"PREPL",0.417274440686217,163.881187673676,0.540719513118787,0.567418669239752,0.626367538686094,1.4356567967561,162.17715705788,0.154986401030635
"PRICKLE1",0.96037628926104,157.258698722076,152.585765392848,151.448460924399,153.29071455813,0.776863991305344,154.528037894262,0.874958856170465
"PRICKLE2",0.848185556196438,154.825138121498,150.863697887504,1.563015619121,153.951290226927,0.68203605479658,152.073268261633,0.497042347306949
"PRKACB",1.07286132120372,0.563366516726308,0.368614851559961,0.624508304576657,0.788961318476886,0.725769250562308,203.372768062645,0.232419762314579
"PRKAR1B",180.583464678831,0.921261990089406,175.50247295221,175.507460064378,1.51109988578448,179.945583939185,1.01336328625081,0.155332142523004
"PRKAR2B",211.210301396258,215.864139819371,214.253257256331,1.16659966223546,207.157841550257,211.368873265513,0.534240633593411,0.29055993191071
"PRKCA",264.028543533361,1.29894979779223,1.05982777036286,0.719340833249264,0.547686182852116,206.771044040867,156.563103377262,0.529434628603897
"PRKCB",0.7626962809379,210.876637982974,0.725216824432269,1.19028966793298,0.995988140035496,202.497844670185,7.5076026867885,0.263589097683736
"PRKCD",14.1150859397769,157.813291947731,153.793791274566,0.477796793753241,0.962180643655846,158.613397112466,153.423116095405,151.681428753205
"PRKD3",1.11580067664073,41.7280769766337,181.130525878888,180.065291927645,0.686467708158625,0.678736094561187,0.486296061174156,0.689733909200957
"PRKDC",156.200924350053,157.535496182598,151.630270344138,0.502890547226152,0.687694790648977,152.992130943946,5.74747584642411,0.453711274501003
"PRKG1",14.4488452403892,212.031076759921,210.987396530938,1.24634402358269,0.912653842667058,211.545865516816,205.967938403169,0.491743388346495
"PRKX",216.380429834461,218.144320760548,8.46321299177438,0.31345630851897,0.413858207232727,0.668105660331527,144.201480389537,1.48413419261253
"PRNP",186.731227532892,0.850436119294689,0.255124033582772,0.380675182435129,0.368522813094368,1.36517224055223,0.962856850295689,0.155324718735241
"PRPF6",153.47533673897,153.822821394121,152.372321130663,0.423613625364693,1.3856635852212,153.037014634915,2.44051701154211,0.903643062263888
"PRPS1",152.952407331238,3.0322846221969,151.737873802134,1.06373010240582,1.88204494303732,151.580199075425,1.33546275807491,0.373846338394157
"PRTFDC1",155.093772378774,156.804698750626,0.838626633245432,0.656736208692221,152.866887895844,151.734939947169,2.3448973131895,150.618726873532
"PSAP",2.29103959187121,0.464084518998223,0.405358252597439,0.214469202560257,0.477410935254096,0.412999028960422,0.2246604500834,0.191663989736256
"PSD2",197.40930198736,206.670355127873,3.0892660612663,0.320306171001749,0.783256095528892,0.634922745325617,207.816536080634,1.28025364351094
"PSIP1",0.825616837622248,1.3556155141262,0.660669028274587,0.730749772068948,0.464050647529081,1.4050536197623,0.86877117893173,0.755496140803069
"PTAFR",1.08252592959147,1.34574388678153,2.03776589076328,203.001036491779,1.82658478383956,0.654688285703292,0.698664703589682,196.923087844124
"PTBP2",199.045871632241,217.532532009124,217.010414509833,0.465945102891907,219.356796169863,0.593031068050936,215.354171191751,0.310648264807278
"PTGDS",4.56743527283343,0.62593301205734,0.209630580210929,0.142616790902796,0.32129913575101,0.452158854772198,0.354150671792329,176.454957321561
"PTGS1",4.07333192718247,210.48522818435,195.545109668177,2.53447617504523,199.558105434417,208.393847203519,0.528471371418681,208.185527520989
"PTK2B",156.695199015064,1.15139936636788,153.740356135099,1.25195125485538,177.419231039241,0.778066196163125,0.966032290727034,153.310010270452
"PTMS",0.926684941965901,1.3263923507042,217.360778991068,0.523514488600319,0.399330767651867,1.07795064298053,3.0827289699242,1.12333051799722
"PTN",1.59575109519904,1.07102761859727,0.878598157506283,0.390024277740773,1.61901193675019,0.93230199880937,200.545618020846,0.775779773221397
"PTPN4",156.650323401469,156.84504766393,153.447460701781,152.335555169309,152.552022529445,1.10126943699243,0.676323584927237,0.363633739425815
"PTPN5",202.897547532107,200.886731832608,198.271233962276,2.85534038463681,196.448943032482,196.700014781836,1.67794841769788,0.613795321670402
"PTPRB",0.516267693714429,40.9285845655568,22.5445918525241,19.3430870762842,25.3356591597456,37.0422120322496,0.408136970847086,26.4127931578844
"PTPRC",0.687256126072455,140.850685206723,139.137468508079,143.660472106336,127.336424764859,0.554333209650728,0.240313794542287,151.024485883708
"PTPRF",1.94767284246172,198.712824103503,0.671745201424772,0.934557013019988,0.624108463214027,1.329184481776,0.676993747252964,2.44295259543599
"PTPRG",155.450130587458,0.71608218381804,0.909192405618091,149.834570998799,159.984133053188,10.1125401660682,0.658332008362028,1.43354555700111
"PTPRJ",62.6347635430927,0.538149851141872,42.3293681284733,34.3200853146407,0.918759270464231,62.5595302388307,0.330341318122396,41.0441354382702
"PTPRN",208.11547734728,206.756416542288,203.812936935147,1.26975100443691,1.00338522660015,172.996862869275,206.827207418327,0.182501386414726
"PTPRN2",163.543660489332,178.056103164124,170.462113711441,0.598020597045435,59.1616642865501,174.521542698248,0.785536202611923,0.308075096686052
"PTPRO",214.999248476824,214.71768936398,211.505383942644,211.373749716025,213.76332255819,1.60150249383285,212.970553607709,0.291800242744236
"PUM1",13.9789579184931,0.479780736344878,0.828465949055117,0.747369536259531,0.596339360200673,1.37486512604245,0.627014264650626,0.490273876048828
"PVR",162.871159034718,154.857505133617,154.822381443273,152.057919508542,1.52588924341177,158.731264090008,154.794435429004,0.342462138890041
"PYCARD",208.438837171751,208.584304711609,0.617003791682234,207.60993282843,209.575346927705,1.90478718364313,1.53538460369613,208.343717143157
"PYGL",218.028038066864,218.344415445951,216.856932395511,1.43543506526314,219.592945147969,1.45715125839016,1.94709464811112,1.82157848032866
"QPCT",1.02609956928714,227.237549556511,220.840478232124,0.625508939597603,224.602285135056,1.50038350137201,225.339977309229,1.34374347639623
"QSOX1",2.67200058756042,4.85062769769329,0.650252033386796,159.447624202126,2.1430005492309,83.1097999704441,1.61136262447891,1.4334212306471
"QTMAN",2.52975810345181,224.426465519299,0.652317529826961,4.46331640614692,1.00781010601453,223.658114529095,0.540928901766204,226.83235200464
"R3HDM2",8.27781851673514,1.66144484586371,1.13853914426477,153.423727347417,161.405019860489,0.912630791786768,154.323098789509,0.450919670853716
"R3HDM4",0.44394904156109,0.716137605232038,16.4777086745461,13.2801280614844,20.9723932091636,23.6643561893849,22.0397014845602,15.3628646160493
"RAB20",0.453348371658708,1.00353283197658,16.5736839460955,13.9131621815313,24.5538586684924,25.4353644788804,21.2240972815093,18.619714396333
"RAB30",1.14895986053575,1.06210688321222,0.30048582561094,5.1648226084223,1.81945471397523,4.76553694334161,207.180786033335,0.605533081860295
"RAB3C",1.2123722748506,3.57379959357167,1.32283713519658,2.30967791587078,0.93734649575144,0.950578576042144,181.941992124336,0.130665548679742
"RAB3IP",2.02440304200253,153.161877581314,1.25231473911495,0.967934908366293,150.869113291139,1.50503128031227,0.407985362739892,0.352339498530084
"RAB6B",1.63284680891262,195.031657705332,193.123884809983,0.836394244266406,197.45605648713,4.3408807889186,194.009860352461,0.143879752822804
"RALYL",2.55753923143104,2.61448516939102,1.87715735675356,1.45673872520918,175.862503262674,211.818256882175,2.41443392164642,0.47521432272608
"RAMP1",0.569562338583823,2.15074971694774,1.05397817174529,0.350782646280288,144.836882266705,225.985883643108,1.03741926920218,6.4989464469623
"RANBP3L",160.273326585953,154.230443950855,0.843671815391595,0.916932434450531,1.1182537680234,151.891183224152,1.05003141028205,153.366784244478
"RAP2B",0.63567341276117,156.121229501035,151.345007812705,0.781985933259445,150.121985196523,2.74895204151331,3.78614007165245,1.74678791440762
"RAP2C",154.975849625516,151.541925523964,3.70209340331224,0.737149459695499,0.901882512127113,0.96400722586895,151.956854860441,149.479300737448
"RAPGEF2",1.28652012808255,0.601831708492479,9.62958155418532,0.844105053697822,0.580460792348246,1.15192640190059,216.621061701478,1.03119860903134
"RAPGEF4",0.557408748008191,1.18747924222304,150.678187733764,2.51698099951949,12.3110086341372,0.618609093643069,152.424937703812,0.477323353458409
"RAPGEF6",1.78408159906342,211.186266973447,0.750025060060472,0.86841904408968,0.862551853502896,215.952464668141,1.57987125694185,2.33360115742608
"RARRES2",158.326264038467,1.91379801504087,0.690004241932559,153.476357564101,1.03518236578686,156.795333313994,0.514953354802386,152.183628720295
"RASA2",1.15772784045931,219.540589998887,0.543266264372722,211.179829254808,218.713886391054,0.775305557227386,220.569895050122,213.576849881268
"RASAL2",153.032921420231,157.892952545292,151.289674280797,0.417669709985085,0.803086512042053,0.598540481650651,153.301186413598,0.860801376768165
"RASD1",161.161112876613,161.489083623224,155.389732682939,155.317501309637,0.530285154866486,1.32288673067025,0.28518415551495,0.990630932342541
"RASGEF1B",156.676341992564,154.115502467451,158.67112179748,0.770029350160036,151.36737211632,1.31005467488637,0.865465225724128,0.882819053543974
"RASGRP3",2.22494389652961,2.23224504418537,1.09370565812576,151.560451159297,1.73773366746617,1.34304685145639,0.741952860328394,153.707900407036
"RASSF2",1.04392731124956,4.39203762131563,0.317842675228912,1.73407229097503,197.947058294825,0.649139091671092,0.493450173417477,1.38549474190272
"RB1CC1",0.398244689736948,0.984649284774919,0.304715077659737,1.88528665146078,0.489850057018854,0.852646255644082,1.7427797397098,6.80895990376303
"RBL1",211.859583682008,214.216319122279,0.332526707651469,210.453930210766,211.144292142808,212.741468259559,211.752428665779,210.564680452619
"RBL2",0.642609508120458,207.517064413171,0.515923347108486,1.02913542597851,5.70192369743183,208.004485565835,209.333871498884,210.361222538963
"RBM12",1.59751635501472,0.746780392597672,1.91566644049888,150.009648110041,1.71484523781311,3.39018419995926,0.766748972091313,1.48949755024133
"RBM12B",1.93993166228969,222.429522520493,0.635894908756851,8.7028048006549,3.32914002309738,216.434504036437,0.581027028552904,1.85761174371312
"RBM47",213.751285041388,0.904472969207028,210.997420360116,211.117402922066,8.78053555980925,1.63633016246143,0.286695404123029,212.426335347279
"RBM5",0.637297503582405,156.688922935241,150.955643812369,0.574491572862784,154.42872441628,0.988162097139857,1.54649521070501,1.1886876664993
"RBMS2",1.03694162514525,3.95517524659011,209.411784325823,3.16276743863536,0.842562734863658,1.58238674483922,0.886800364819094,214.620969503833
"RBMS3",1.67067480218048,155.998200874239,0.434252817109861,153.131702541875,154.123721253928,2.19889872876353,153.667783955852,1.66199804053479
"RC3H1",52.9042637188732,211.793952795206,1.14828716317895,3.18840837911741,0.506030909095931,222.539281680545,205.614507789852,1.1115180280608
"RCAN2",4.14176184006288,175.593147629814,172.333398531933,0.889182164631614,173.027130081258,0.597111393377458,175.282456618115,0.10280151812196
"RCAN3",114.701478709972,134.374142120916,130.35918494956,131.856992190585,132.21800757435,129.617554488903,0.552281914411087,1.56388183897185
"RCBTB2",2.84482351516124,2.79513863609379,0.84664036066647,2.03046143835442,2.13519919442762,0.899379178164912,1.27749465049552,168.305776939802
"RCSD1",1.2706417901496,218.825963049481,216.325520756892,1.55433754792291,3.39884639165524,0.854081615738511,1.21354836935422,218.227647313396
"RECK",120.736605836479,120.701151854729,89.8630854024715,0.871645441719761,76.8318223437424,0.963719554214983,0.497490871215945,113.645191683914
"REEP1",158.528195746598,156.81709955873,10.8985358438616,1.19563824082422,150.945481004594,152.817057364678,0.74204262984672,0.212295110964788
"REL",198.738638637767,1.3080182242138,3.33482767786164,196.980891992578,187.498450125638,0.809903697555319,0.940184717550493,1.19484841392141
"RELL1",1.72277701134559,158.121722674546,153.62371803642,152.577900580474,92.1195444814922,156.472939442692,0.25047010547935,1.52299922889326
"RERG",156.438636291174,0.526255793905076,152.408865034194,2.40441270393107,153.486844968052,161.974790467445,154.038675121733,0.410943648726032
"RETREG1",205.538376019129,194.321957778428,0.56889403305949,0.755489522999354,0.393298111761257,203.041209038434,1.01726831553794,0.394540638132082
"RFX3",203.107824172471,203.155696692522,0.766060639120234,0.904923051446023,1.24476816854391,203.296051127013,206.565448453563,1.93461645766196
"RFX4",1.58751985986807,0.873600950801919,153.891128029196,0.592944008995482,2.02104176045547,1.06355908709581,156.369493283345,151.990119613657
"RGCC",0.739112447274162,0.867758255764443,0.259080001252384,0.512013561677516,1.18848848201407,195.389328769435,192.556955589238,0.581710652791784
"RGMB",156.034550951168,1.2133307246547,0.611127618208237,149.841030027502,1.20974670170409,155.879505924413,153.102551419842,0.672797752211934
"RGS10",151.859938381436,160.509033428637,1.19159638952185,4.41319924360055,0.631887451145235,1.20014628238192,0.308473045334407,148.530761084535
"RGS16",157.810954168623,1.3638525899071,1.38228142286005,35.5911656909269,156.29901950731,0.369593876714131,4.06072274363293,153.853816976263
"RGS17",0.560154230118432,110.144519353646,8.98730181995552,143.322649708781,0.562692404435114,153.695774105988,81.5887347141023,142.510834129497
"RGS19",156.365540378938,0.682911339713098,2.2401039534477,150.596166135609,153.419075546846,1.48080971128141,25.2805750039094,150.491104318261
"RGS2",1.25303583847882,232.182383390619,255.350820235741,0.53639853326195,0.849275481766005,270.269617265643,1.70013556021577,0.477955994919306
"RGS20",0.972173240467468,36.7293303659568,4.57017901626717,9.57630695761913,25.8692902782682,35.7302363370641,13.2279134849045,17.3636990496123
"RGS7",209.281577076073,214.476262032838,210.761161678186,188.096883222988,213.11678820708,1.28024255525685,0.93628159815092,0.848945279006806
"RGS7BP",157.153899355984,0.648573320014168,155.256040668066,1.44661870692667,153.637049256098,1.32263362787945,153.325793502533,1.45878252138086
"RHBDD2",193.406956324081,0.797460470845767,137.157144114631,0.501651470643568,0.667258745600903,11.051065923607,174.976135957185,0.217232852632791
"RHBDF2",3.400271432392,155.353999007809,153.752457593469,150.486600565621,0.950843315817804,1.48430695289202,0.567749943581617,152.492492596582
"RHOB",0.511359996746756,1.80505171716976,0.978857444667144,0.386292886156905,0.386894464642458,0.817184471798512,0.693732593724863,2.01893340856596
"RHOBTB1",197.732735820052,195.044274068115,193.221300206221,0.791751138478212,1.06378289522474,196.718553938719,0.517665909094771,201.639413717274
"RHOBTB3",202.867097787675,0.613822579929081,0.506340628016631,0.389528706470774,0.493732833859133,9.94932225942769,0.585647251932375,2.26319394379922
"RHOC",0.983704808623434,0.778995550411182,186.767424493463,0.35509906432261,63.2324530285595,0.587933365843567,188.385947932483,7.49334777942839
"RHOU",2.5452261331162,222.558114862399,0.381570764557556,220.705003102672,0.623645308373573,0.919728084796637,0.367927221871575,221.272644073748
"RIC3",17.1002533620547,1.46275125254328,149.842434171419,1.01118903597098,0.551876212983381,1.02979611428359,1.36997128936848,10.2704074530819
"RIF1",193.859609838672,1.76393527193357,0.490830882325491,0.847917108473519,1.26199887607019,0.830780819894234,0.543927766296829,1.56211577515653
"RIMKLB",1.11220092120759,211.920656137243,5.92321649878593,0.551211844385816,2.47645817282359,224.230598097174,230.564005415361,2.06206392367535
"RIMS1",193.779390450394,1.37640268927068,1.34222859869962,0.98901728122549,0.766571790888109,6.10999644374689,223.506429229693,0.473501107174306
"RIMS2",156.392349608557,154.395736664948,151.100567530664,5.77556402967126,0.791921160545304,152.666904277279,0.838515026418539,0.523636063891287
"RIN2",2.86892045439229,1.35172569635771,0.658873771633811,0.885156966953877,4.04267086956806,4.74562884854327,205.348516651707,209.469747843262
"RIT1",202.149459105414,1.87236937091554,1.54297978665782,1.21805581069715,17.2527577423096,201.367794546247,0.550876395467024,1.56394057139669
"RLF",5.17807381890405,1.68544751442212,0.998528328968796,186.492114508017,75.7708803235731,1.11034483057031,0.670091305372704,191.62774025334
"RNASE4",0.548993824974478,0.739451115508224,153.175149966798,151.868514475861,156.230898100716,173.722994269809,159.050873875688,1.33108039616331
"RNASE6",2.71523382958318,1.99084749564502,20.0055172931185,142.457531468876,149.525804718749,0.776907079620285,0.577530248736283,147.970506383351
"RNASEH2C",218.341596550984,217.069804748314,0.378615700255155,0.487056306486477,221.879480759586,217.06437778491,220.103492177603,236.562626443027
"RNASET2",0.714389892319298,2.52424796872216,0.794918053188956,2.77415638683608,0.815434927708345,0.546245406552352,0.293381770157491,0.997775928687839
"RNF103",149.320263026708,15.1672401732637,0.746556341720899,3.40480481534168,149.834302929203,0.965555750310093,4.42043662153656,0.391878710302914
"RNF115",153.471099828827,0.539960333929297,1.75877558824821,0.599632764259125,150.89022110561,153.772232520975,150.341512281065,0.770945049695445
"RNF139",1.15783612097188,8.03782790247097,58.1595183494268,0.401240127668124,55.2894937644286,1.040722859131,45.8073122934737,76.8781135428246
"RNF144A",215.747078377461,1.40136775244724,0.288757140782191,209.792304988378,0.555883724432332,1.0373672789612,211.854518885065,0.844029869758789
"RNF144B",206.190779751281,206.363813295446,1.95961303941347,108.858971473603,203.782561157865,1.33461621562507,1.70633250560137,0.609879701225654
"RNF146",141.41174888843,1.20989183904293,133.975665668099,0.52869160741494,1.64592773764053,0.821331301215542,0.73147091082483,6.41094516167298
"RNF157",153.08740175684,0.749170137762025,4.84811587350568,0.808484829570294,1.35352519764101,3.55141337822923,151.152957839206,0.497691168405297
"RNF175",155.130196723068,154.766730443407,151.501871366075,151.43881673954,153.701127421328,155.551220301791,1.91789918071178,0.568388476175586
"RNF217",214.377402350946,217.902723003477,203.721268604092,0.321939833416027,0.93275617137237,214.693801008136,213.24141898619,215.496374987474
"RNF4",2.00938996812602,214.915041935691,0.495658594436656,210.560023937325,214.45925409372,0.716059583570906,0.791862435393421,0.515267013859165
"RNMT",199.290109023294,0.95957112889993,0.814370595087919,1.06807559301594,208.525047700025,0.935158065518909,2.02590134140156,0.597363915015416
"ROBO2",157.168642780323,162.723833714971,154.196081458998,153.594057979654,155.366986831968,1.02840347298564,0.543901788967168,0.399745732175883
"RORA",0.538557489359429,3.35416273012158,0.325346197931015,150.721558243569,1.29182842657336,153.224198602955,154.118580019141,1.34369058854946
"RORB",134.400858289386,112.818920787533,126.719183100329,15.9775606729765,0.551220349884239,0.969129098560385,0.584302855112181,137.174664757432
"RPA1",155.375241749151,7.91996521087093,152.186816985605,0.556596087113912,0.931000293991915,159.580166110667,1.40772891848031,0.73781172755777
"RPGR",0.600128980342427,219.597730088919,215.669466872115,0.630606800333204,0.514444968188606,1.02794894917635,216.893269319107,216.729396535897
"RPH3A",2.9493640037194,0.871009165716492,152.444177955766,0.792208545165095,155.07865118043,1.24882721223851,153.340940942706,0.602787461664191
"RPL10",0.300781306140979,0.491179007947715,0.383817271915617,0.329101704757526,0.315228270388251,0.316440077198898,0.231125889394055,1.39846653028457
"RPL13A",0.318516946264215,5.1604674510096,0.260809920471702,0.166795143803148,0.243484324007656,0.46978351448507,0.140928968263402,1.34498821280825
"RPL14",0.441170836516757,0.435813402234937,0.432232288742222,0.265530894451249,0.393476236037683,0.335519534879194,0.288116529385173,0.685925025833017
"RPL18A",0.480611963128822,182.302942983495,0.334021718348974,0.41230391050042,0.632415364060847,0.29578116526256,0.209990726699157,1.05994413016663
"RPL19",0.315358532146637,2.27680815534272,0.251237496252659,0.291562117744733,0.362616832710821,0.906032763613492,0.188311624709746,1.1319034675775
"RPL26",0.44868871767219,2.37476807227438,0.39249550401759,0.17469787613675,0.253264598610203,0.314212386008929,0.198646765769898,156.371499517596
"RPL3",0.425712635024591,0.44377456730823,0.322598968971606,0.343154802248117,0.499145555580647,0.248281534545621,0.195933454788492,0.413643794620637
"RPL7A",0.595988227941003,0.435451643807662,0.357933397940867,0.45325781543648,0.291030137008453,0.688350267083448,0.28149947696811,0.691887469132366
"RPS18",0.315034171408608,0.425801480802929,0.350825231243959,0.141724865088462,0.247341488960704,0.58678742754004,0.25379162943128,161.804648737488
"RPS19",0.717776221773375,0.803615631376765,0.282705523264436,0.226915543869326,0.347741786323709,0.298653047941522,0.163561387853443,1.78090142939555
"RPS2",0.467810262381547,160.404822051311,0.424739905853083,0.241677301640258,0.419073996237067,0.582139385203482,0.253219569792555,2.83083398645331
"RPS26",151.838440455469,0.372761796149923,1.37858960457731,0.425174177005026,0.817821066361743,0.635850404882233,1.70093933175848,0.483630225136438
"RPS27A",0.281119026060815,0.57614679923946,0.279253997665111,0.183263945351773,0.175192548336224,0.465307566438767,0.24338064714384,0.694347545085177
"RPS28",0.336178056244094,0.895354411434655,0.564741314620175,0.154706282290907,0.181374129996163,0.227190901303359,0.250921642897882,1.66394059772078
"RPS3A",0.350647619530507,1.19432685953531,0.251285088109583,0.233172744664295,0.759000179821216,0.334534145573341,0.182197298437298,173.959148286574
"RPS4X",0.565518454017079,1.74072179294375,0.361214019124203,0.271058671169925,0.395918025713424,0.867820793527825,0.318474961726348,10.6847730896543
"RPS4Y1",0.722473811985174,0.662186421417387,210.741364232093,0.813715784541463,2.7338659070829,1.97988591114512,0.547882363499893,2.8272249524792
"RPS6KA3",0.747831464860357,212.528897064713,212.511745792694,0.360887587511634,2.18617330707785,197.192493580674,212.817056635805,0.632331657394468
"RPS6KA5",1.03119069337957,117.584065365932,0.851158644155829,0.322943215775736,1.25102075837679,2.81652571411024,215.533375298003,1.54964062363476
"RPSA",0.516140043844422,0.667689125926548,0.259110363666105,0.388084417293495,193.615191048743,0.488483168500376,0.372870771807782,1.88977306879316
"RRAGD",0.885900369488685,2.57888025916571,195.739302895926,0.428111381272067,23.0409666755542,201.914709539203,0.905536899681697,58.6648848184374
"RRM1",133.059177128587,0.692426741398719,8.43821505404519,102.908536472474,0.617395143181716,125.76406701441,0.678421070374163,134.042957009107
"RRP12",2.14995672850754,1.18922802446917,9.59446173392467,113.363157055974,0.939938544436133,113.193606155743,142.776634147882,125.992000898191
"RSPO2",0.820992546952987,162.274664883344,151.79873996585,5.05888728971421,154.233421313176,4.78519985308931,154.03544737075,0.766782348172934
"RSU1",2.26267552090545,160.465442955459,0.305214106104493,153.327995721568,6.68102967041167,154.185772373751,156.323891092878,153.00235606643
"RTL6",152.879506097351,1.39388905388653,150.357691850497,0.439344512109829,0.896049759360325,0.630635484203498,151.196212284149,151.021021665715
"RTTN",191.538571367079,24.8941697383672,183.107068731186,0.628363233822235,0.754978351366158,0.991749185536231,193.828606648469,191.263443561315
"RUFY1",155.098524757593,1.25366505002541,131.495056919871,28.7224261383658,0.59797079755053,155.78553724763,0.419937083657601,3.08407703640454
"RUNX1",1.23673582004109,206.816387955985,0.923046298668407,198.669067739829,4.12445745774205,198.972812019091,0.790272303083123,20.4039687373736
"RUSC2",153.260889426953,156.019104802104,151.783433769367,1.32131329648757,0.440346896996039,1.05445820904264,152.886567241717,0.722240943787402
"RYBP",8.06853941506627,220.112546543148,0.446505464590904,5.80341118613339,1.08284354704384,1.6817524250894,0.538903221762844,0.890377874336435
"RYR2",227.295427568266,1.08920688026959,224.784312055958,225.118692091348,226.389627988051,0.473511053869723,1.24800311123517,0.43628023876493
"RYR3",2.73325789101183,0.635651008800195,211.179538242612,2.67844675506416,0.711269079566682,214.551401259797,1.35191783750732,212.869877188227
"S100A10",1.05053707368549,1.70215129543609,211.909297677417,0.611979479069125,1.40915795784754,213.082436417706,0.713039384503872,212.703413894049
"S100A11",0.542230402997234,4.38352354301986,3.63285802452172,2.68473605921505,1.22479006769901,2.91359803137552,0.414600592793572,225.368748153311
"S100A4",0.494140341637871,0.731542940993012,1.06249868533555,1.4006363334236,218.780995541299,1.30894504671369,1.97979450216234,274.578010455295
"S100A9",0.447269659859922,29.7391780684835,14.4552919631701,12.047635261112,25.3811142215888,4.448504881784,19.4043783570271,19.3305538748581
"S100B",1.2202348890837,1.18256626911565,0.366196242577274,0.230186868866306,0.359256728007172,0.394469021647169,0.417682249947696,1.03627676845873
"S1PR1",0.498195416124949,222.36785226111,211.267316151672,0.342627922716235,0.982601260695215,0.558087952951881,222.531654250791,221.171466800395
"S1PR3",0.719863014470838,158.403481037267,0.98383863955735,150.804912135442,155.311502552735,156.708775483561,1.21091656892376,153.207356204557
"S1PR5",3.51639083665319,153.314723813206,2.42935347397531,4.24516682674386,151.0261045851,153.599147095834,0.894783120277961,149.899743748343
"SACM1L",3.14004595289978,223.627414745006,1.53535875097947,223.959432047539,225.238995938842,1.45589215264463,0.408711875516693,0.403517046709208
"SAMD12",0.857691109408049,0.508140025153527,57.5537633172236,41.9089791611271,1.77801614028889,0.678945803904662,1.79990970122245,58.5808663061488
"SAMSN1",0.566557733464591,62.303474643818,34.5590680885141,27.3897426948534,37.5797911758073,2.82432111226755,0.475452167406645,36.0654685132302
"SAMTOR",0.550265510222468,6.88363541437231,189.175309476664,2.01894007198665,197.426473357921,0.649342972917653,212.84947469758,1.15253129148442
"SAP30",158.668480390047,156.997186060414,0.388259409201687,152.230640335574,156.380717437062,156.247034789238,0.70122940478514,153.880097879087
"SASH1",0.460606533812411,0.442815303126154,0.443576619259797,0.455768056287599,198.613300244853,0.360073102413376,0.368760210674413,2.35285969603442
"SAT1",0.423271740282869,2.63058426824164,0.559804560143549,0.648050461062264,0.642565468795445,2.21059055684248,0.64764492708191,208.333422421156
"SATB1",150.173061393925,6.40807175405904,0.45313084144349,0.611842351813468,1.0041799320477,0.848454282336976,1.45674497898811,149.858192544568
"SBDS",1.44366719374151,189.618542587745,0.499715817362452,0.726161434614834,1.02399968989927,1.90052413757593,1.57032487751384,0.296043050214776
"SCAPER",208.943762444522,0.976885962964455,0.748269994643558,0.549487075916164,0.62459917761371,4.60714138765052,2.14001109842772,224.239895848598
"SCARB1",0.468475611024623,0.657181201106847,0.820628754987179,152.275166731339,0.90799732676013,160.33263963827,5.44370716313466,154.394865588272
"SCARB2",0.459564126188223,0.566677841714874,0.512544987058185,0.392638148582907,2.63510424509289,2.96906916072563,189.871673927221,0.534967190154806
"SCG2",193.991670701179,0.840685716945488,1.02694321750064,77.8390953766146,1.95920702661906,0.380634276871192,208.633555829796,0.105944473440402
"SCN1A",183.18841725652,38.7694961820767,178.112189687996,168.62210390237,190.829026259769,1.03266897857375,0.404347026452554,0.36715175744202
"SCN1B",1.19620012658019,239.783796953083,490.948568790842,0.769134036526998,218.141000486867,2.6460698143356,2.00107640884415,0.33411400487048
"SCN2A",159.528744347564,184.492067770986,1.657674284631,0.950005215240749,0.846703589685513,2.75633817286445,149.667740623613,0.54407872035264
"SCN3A",1.32248122707001,1.90171603256162,9.88366052028776,0.85108357860693,150.788522969571,0.535399854296181,153.094037678279,0.467400085457731
"SCN7A",216.974056698092,16.4622859845593,3.1796344837671,207.234650324466,1.33336990287336,216.207982896934,209.6721298535,0.538431842670421
"SCN9A",220.135921045378,48.3792464628742,192.715022394238,1.51486365864269,7.58821433383587,196.670763681183,197.910772964873,1.27840203970355
"SCPEP1",152.973331647115,0.599900260921691,1.13557085922776,1.87260505739872,0.585526324495611,0.397843329935439,0.702420991174652,150.714979063035
"SCRT1",153.456289203662,153.714477871815,1.74037635546699,0.816804418450462,150.24253435324,156.492792831627,151.880697849618,1.7171471765444
"SDC2",155.813411783308,156.677031833744,153.702618812239,0.341830293249638,0.615657236422787,152.438549725675,2.14414228705039,0.458599781608411
"SDC4",0.620210436891034,152.775325698679,151.792895189717,0.199185267063437,0.704462274087996,153.271704299767,152.383886172967,3.55130045646411
"SDCBP",1.06291387478416,0.841576113184335,1.73949715718732,0.466233983960668,0.567399104866447,0.502952411435294,0.381309021559969,0.679380555174971
"SEC14L2",207.783972562719,207.99639976555,200.130719902602,0.553140319975889,200.778561664416,1.48822539949464,0.586458972285992,205.87940933851
"SEC14L5",155.019092555726,154.630052768976,0.962167358368665,149.844010424929,0.705578586817708,155.730611098557,155.837295703509,1.05523311302897
"SEC22B",213.719355258985,211.844348369089,210.100021763684,0.395076130484651,0.604671214454506,0.73991480656524,200.597656976642,0.46802588230746
"SEC24B",0.782384281301997,2.22244343663154,215.055589573812,1.05530607883865,1.54955557001096,0.408349085687496,5.82367170621531,1.00405619629122
"SECISBP2",0.871176386023565,214.7315942203,0.445301629212586,4.60524286054304,2.30338350885656,214.126922172934,1.59857842523955,213.305147298709
"SECISBP2L",209.080543727415,210.502123868435,0.216446278442844,0.448632737248443,200.832195580119,1.6891777796872,1.31644361975827,0.875640342421455
"SELENOI",214.480002583731,1.07502463826642,194.696198120125,0.623047509948872,1.82919814553881,207.847632905406,1.83817780002939,0.955248585887032
"SELENON",1.13779655136136,1.22468888842769,0.842707839863817,3.49889503223238,150.524911444983,153.069823812511,2.67862531975049,150.187065841169
"SELENOS",216.870295382442,3.22720543317941,209.866153037604,0.329369414168812,0.564564014285294,1.47689006368224,213.238790019393,3.34836850805745
"SELPLG",97.7108994007091,87.6702318182361,86.3691138711794,0.95621788082011,104.774488579264,0.689527470264064,0.287489986390292,82.8098450874337
"SEMA3C",0.555448508068356,212.855638688126,0.662979545148712,0.829482145069024,209.727616508073,237.73858971236,202.499872548917,209.674407183942
"SEMA3E",154.31181302167,2.42997504119321,6.40443336611752,0.411406837727088,0.44069754153415,155.269119779599,152.77263597083,149.314620451974
"SEMA4D",1.93293116254397,152.359810735392,0.242809273338047,2.99142800654703,1.07139208156153,1.52256800794104,152.537348897765,3.67880129153209
"SEMA7A",0.625125183998697,220.095699840363,0.572234576902398,210.275655358615,219.463453595355,130.453298277102,219.895396956432,0.767942010682077
"SEPTIN10",0.697365734457837,218.999398026923,0.698320158955151,215.879751881364,0.71707999358349,1.07793772305586,217.942271877409,1.61337620608397
"SEPTIN6",215.632720026947,213.724339034,1.9252998690794,4.01846777990247,3.28887467123864,1.24535382056822,1.5946620315918,0.826923659901597
"SERINC5",0.617172620246522,222.170207953142,216.852809456314,0.524908635445128,0.76475691631029,1.2480751676696,0.591653684695414,217.458760871435
"SERP2",196.45469650422,0.975447560619901,193.465431175237,0.648315911173221,191.51893461544,1.21431218313246,194.862452214859,0.871497383841306
"SERPINA1",157.344384363811,156.842427094818,154.577807104817,152.026151444608,155.227990887365,0.673000910133513,0.497327094262556,1.89083114401969
"SERPINB6",0.589532954964339,1.25677555567336,0.905131544380925,2.29001061944275,0.458080735413089,0.536894400845842,2.1864042653586,1.99480814044014
"SERPINB9",0.576616816701564,208.484741345264,206.56470160464,1.28053530504561,205.202392921611,207.017998920465,1.07621042347826,206.922327145792
"SERPINE1",0.950249537814417,155.797068905383,1.5169967272387,14.3760091585127,154.741883489784,0.800511702001266,7.38222349271494,159.103445076964
"SERPING1",4.60422301554148,0.96195512571003,150.123758030732,0.658475955567751,0.603440036504409,1.19561722185429,151.970145799774,150.003778508077
"SERPINH1",0.722985619699907,1.65672641169339,5.00753135581345,1.72004776864921,1.74067220285095,1.12474820457468,1.16347900400345,1.41038960852382
"SESN1",0.482942605236096,0.975283616067448,152.554888429897,0.63746324328505,153.617258330104,156.737444476689,0.487845133781061,151.023751138387
"SESN3",0.536822552404824,1.4451956498472,0.510583372558187,1.44167092968576,0.700080342673903,0.498647372447264,1.30931154800414,0.525974923443676
"SESTD1",192.3082096223,206.370926665936,0.477268990340752,0.663914595189167,1.09160680347943,1.88950407067432,8.19653942523113,0.937213129390172
"SETBP1",198.094076948641,1.38168039954255,0.828576557839757,6.60662438140054,189.292124846982,0.911281669236423,201.275159891328,195.746202472167
"SEZ6L",200.484533883378,0.917138239466797,3.62047314557905,4.24616137118773,2.10271807243284,2.95568734629401,1.32135612090668,0.235826520611884
"SF3A1",1.04403400987298,1.53560008182633,5.50755387898802,0.379864025883976,155.668750124005,0.479676486740987,6.92473906853348,152.021928234544
"SFXN1",151.001600210061,149.716200698718,1.45437602577163,3.02288744994728,1.36043110433863,1.25107902341383,1.33599751438506,0.483386172858265
"SGCD",0.904270939842525,1.00363923031339,154.187144909892,152.059540544729,154.277286459236,156.647871543131,0.854797398623693,1.00408268946077
"SGCE",1.13371552139555,0.962732012288235,0.590654511216636,4.6624420598092,1.26328536340221,2.4630948350571,213.958836952343,1.34237139166853
"SGK1",213.173981458468,0.664628701094754,0.318779556257288,0.391490270336126,2.0420465111604,36.0359407215394,0.564088409652146,211.713814711694
"SGMS1",1.00232282988838,223.717506853586,0.543158245037692,0.955972844454791,0.445340250899823,0.607853958877816,216.384227609684,214.701588745207
"SGSM1",1.13904762743144,0.493311840453299,151.458829804555,150.932990470211,1.24354462445979,157.522349959204,153.312783861028,0.437164780900193
"SH3BGRL2",1.1675968447298,9.94263193060351,154.258861416908,152.33367259559,155.097163508254,157.716119035289,1.90002778752149,0.312368846051131
"SH3BP5",434.777423625956,230.584747042706,0.855419023691608,1.68460234677293,0.905055957051961,0.49129486288605,229.342291745318,0.389690565150104
"SH3KBP1",189.378946385173,1.12278232777098,0.37534427569943,175.55367605286,9.37807518862776,1.77608296428525,0.735120211175082,0.381289518585192
"SH3YL1",154.321216975204,153.41190782999,1.05592434646022,21.1406761402087,9.76660597569432,150.266426044557,0.904150071824689,150.63935321196
"SHISA6",206.09450413581,204.749919953618,202.498688324919,1.05599791822289,0.825603974315772,205.655607137711,203.573248944371,0.272412486467933
"SHPRH",1.029211347259,2.69199657596641,0.717932098177021,122.955928989282,2.96682309744168,198.464418428096,203.298267367649,2.54486996253046
"SHROOM4",120.507811202643,1.16757516411916,0.471257465424729,2.97884872169419,201.403313318164,4.6589739565016,3.76832485360093,2.1623031667506
"SHTN1",1.63242518028752,187.89869027048,0.25146629696177,0.712629126144884,0.444634663975213,0.57034491780987,0.407665411832763,0.509684013747636
"SIAE",0.773894945214344,1.64408664644346,0.521414473277149,223.531086123357,3.08282913690162,1.28244410550848,225.938211987771,0.565640283444217
"SIAH2",4.22465314942544,0.727792243788968,0.72492987587212,2.50159385980015,221.476839417103,219.389948612479,2.14813743120456,220.172452876032
"SIRPA",2.11919124530693,0.776908259053906,2.81884136854527,0.715943793190084,0.610016503587823,0.93341297119579,0.578813565081641,2.143103813504
"SIVA1",155.408749383483,0.846693569694632,151.47618549458,2.18077125409899,150.328606702044,0.847957487629871,6.29608696882659,0.466657062051273
"SKAP2",151.748739499488,9.71238046260212,12.8419033052653,0.4024687399843,0.70341924701249,0.711484141098742,1.36406591569524,2.67025614123467
"SKIL",0.607758941052809,215.805977196125,191.825750980951,0.41135961512003,0.575640360277435,0.81172647696179,218.63850390626,1.40019539574907
"SLA",217.246780307056,212.203921897668,211.824023782502,1.10986058606505,2.25886766467334,0.996444627872705,0.331409900732831,213.462614503321
"SLC11A1",158.806584164774,157.996592797121,154.15196972832,152.86460743796,0.969502627332717,0.77979845532766,0.388150911626198,152.142035704316
"SLC12A6",0.426791661021945,218.040673685873,0.79908613962392,7.51486317492868,1.41238934103384,212.705934632181,1.55784306007721,2.18772226841107
"SLC14A1",208.125428826204,208.182174700014,1.64462479729671,0.506879227718394,0.379544136071641,1.03119864809939,0.521776356250775,1.91968942729785
"SLC15A4",2.74783240438651,202.805562744222,202.754602247879,1.52318254071934,0.71711854924028,199.77244207533,0.827058254376396,1.5372921403528
"SLC16A1",0.454737530960525,210.504226419735,2.33934647741129,214.852730799464,2.43465928381121,2.33484975482477,0.668186421768776,3.45193111139988
"SLC16A1-AS1",153.179232465424,0.674971254751737,0.948923361292719,4.21237307477681,154.449041370047,0.825566949439045,161.801271462766,1.15660658215434
"SLC17A6",183.861325323919,203.491308261433,1.53013342099211,191.326318838979,1.03489086358379,1.64309817536913,193.032603317705,0.636799004909662
"SLC18A2",214.575882334177,1.28364447969186,212.28359220077,2.51422576116055,1.28842409555065,5.22177940288877,0.814230520970138,0.291260550656021
"SLC1A2",189.914153966894,1.0189118939524,0.713039514244413,0.186722972543081,0.261302629327964,1.31202539465559,1.17329165814177,0.952567089657356
"SLC20A1",1.65201999806644,0.757150040659726,1.09189966410339,150.039159782737,2.21250954975084,1.70524199974107,153.317822894615,0.463525488121224
"SLC22A15",216.338970955162,197.404158257221,0.398078097801551,0.81680302154813,181.859444794677,217.131229289895,1.19864995217264,217.171898478074
"SLC22A17",151.778853371892,18.2522916678796,0.31378839669512,1.05035474426492,0.802334143774403,35.8720794498321,148.142380883908,0.164085682994717
"SLC24A2",1.28999246583656,0.694025227211405,0.363608014236652,0.892067955228982,1.11419315754879,0.589958537690342,6.87163587326944,0.391900445689225
"SLC24A3",151.470592317394,1.23411042171089,0.969149135073902,1.88250100046594,3.89978359572667,152.290939238652,152.238514846948,0.758383956903926
"SLC24A4",3.81577140225249,225.592246181771,1.66504037000816,0.578386782333539,3.43933164392885,1.94060820168349,213.768688486255,0.774816195853755
"SLC25A37",156.666848998859,1.64182333833365,1.05583115609151,4.71689010871512,0.51086239596166,0.459840184704788,0.455461242277162,150.767812832967
"SLC2A11",1.71519014842568,64.7728037491684,52.6436067180527,50.2822571825749,0.813639582396302,0.839375982910734,59.9198817701499,0.452521054613477
"SLC2A13",223.654370180849,208.257993412549,32.0048591953878,201.233984933247,1.22340288292949,1.88067447758066,0.549416230404596,0.191491638219648
"SLC2A3",0.450056245463537,0.466131691815479,2.98867877238587,2.00508185766124,1.19219537737415,16.2670873951569,217.228091463916,0.488838946844139
"SLC2A5",1.61433741972743,156.656881615465,150.750910425608,0.894016021171402,37.8385329379686,0.550760861441915,0.394128539698113,149.937763846161
"SLC31A2",0.63673597704259,0.851472713767305,1.40541126372674,147.530404450078,0.668279283637763,5.04383876698049,1.08226231684764,0.49258949263513
"SLC35F1",153.198430335728,154.717971354363,151.455975872382,0.884002522260442,0.88480725157819,153.265001368767,6.04800759477019,0.353717418010142
"SLC35F3",17.3290461109818,0.813609474514028,152.28742442248,155.768967928607,167.519384315806,167.22943526895,1.19707772886433,0.842573650022255
"SLC36A4",156.593527951113,153.496605933461,0.432390908020484,150.043206494769,0.681996749141516,2.81176341543249,153.332420731354,0.547505623087088
"SLC37A3",153.454854423506,152.146156589727,8.31766283748086,1.50086700401896,1.93795702565377,152.682190454054,1.06756571827839,0.765047010135808
"SLC38A1",0.951539722169472,0.889936976992405,0.839537975542292,0.395941957391271,0.548867853638013,204.402461550408,203.537904176353,0.289399822271589
"SLC39A10",0.613344363726239,5.97826995309707,19.9976702393293,0.542964654303706,210.300841089244,220.039852193883,219.407745282165,0.670161874214719
"SLC39A12",220.238538227788,214.329757388176,199.821319775282,0.496173327284704,0.612439723697095,205.445609209151,205.025177811658,0.68339067504979
"SLC39A8",155.037135355347,1.18371939150382,1.12506494349893,151.452457355951,154.660894549938,155.25792293769,0.62330522438542,153.505606297396
"SLC3A2",0.709233334878018,2.2869855685651,2.40919828372357,0.998577680791477,0.67338263851566,1.65746020586508,3.25388070148747,0.546937335249894
"SLC40A1",210.043145579122,1.60649047760899,2.68080980082636,1.83609805235119,200.564127537713,1.39832191908352,0.362153963529192,212.330153549886
"SLC43A2",1.40238336355714,158.999632050654,153.706239980148,153.793158100257,153.86139320329,153.86282891289,0.340386501324137,1.15699630051594
"SLC44A1",0.3822488422051,5.97257514273418,0.137250488496305,0.421267681879101,0.477846602331219,0.311111220095958,0.367783773697618,184.943836397205
"SLC4A10",197.353017145814,198.271088063552,191.08694004983,1.06885156615874,192.649917431614,205.187168968076,194.964481356423,0.506275872915185
"SLC4A4",212.999349039163,0.861739970619244,201.632445496162,0.506170487485166,0.621694652112096,7.66407341104015,0.736454433481467,1.67694525043489
"SLC4A7",0.35742862688796,158.187847589748,155.582057752282,153.502945916187,0.839046192632616,156.696223172636,6.31861946872073,0.499678358444537
"SLC6A11",3.00331291333521,21.9670848501298,215.224314803287,0.535027982776758,0.690524634807865,1.62831271852345,1.23921929701481,218.166992188453
"SLC6A12",1.31684895385814,153.220441864913,151.210935590277,3.39289161970961,150.62575137772,0.724579883332513,3.54854129246864,0.985882738235315
"SLC6A6",0.644924424767781,0.644679409178757,0.52802855176468,1.99697468072664,154.076606779124,0.843169080265451,154.880728443084,152.351072448706
"SLC71A1",1.19283296217319,218.200972016107,1.62799158762714,0.823434210796542,210.00272282341,210.508163798547,1.16679383646566,0.884988829548131
"SLC7A11",0.893105637664369,1.10697400178254,213.961287667054,0.518200949746325,0.506589374998877,183.356394577162,0.490679140091414,1.25671633806444
"SLC7A5",0.33612224658251,2.64580800364585,203.704202742267,216.788353427281,1.00194981340572,179.20951958171,0.484589464539533,0.715067179450179
"SLC8A1",211.846436004942,43.883323811133,0.588756264960815,2.82093036141219,209.024101684434,1.38872999021174,247.826692462656,0.462537067663683
"SLCO2B1",0.91176121489184,1.69609102168436,211.937661348092,0.53450169842851,0.884010228189721,1.21650213941566,0.493424804913928,217.21372062995
"SLFN11",22.0521122041187,1.00742425003225,150.481807214177,1.29806946136913,141.222624061821,0.473244848715051,4.4582597293835,145.075923761333
"SLIT2",157.53127658818,2.05361746303108,153.536581938961,150.263669029583,0.57141740372096,1.53294535817353,156.331821729481,1.09769446807535
"SLITRK4",1.6898847701796,0.483632989209299,0.804560848335525,194.756973685227,211.122934168963,202.678278677615,188.597215433909,0.276395046592122
"SLK",0.46717159003758,223.976714906028,221.02077483407,2.72356941744482,0.785616453126963,0.491094474031697,0.331162087592213,1.03947227643165
"SMAD4",1.33577236975501,198.572912085794,0.484760975831794,209.995862264551,0.588738067578045,218.66708496661,212.700195020941,0.682112971704778
"SMAD7",1.0754484853525,0.751375766921606,20.8207120947657,0.358251567861382,183.637747287054,195.286117546857,148.854382140121,189.791458840806
"SMAD9",218.909201599259,219.78604259625,2.66166671492739,0.899248958751678,216.790486403265,218.579376449591,0.595538588523658,219.557433291858
"SMAP2",5.00307547071685,2.62837691701484,0.538525921441029,1.12028619354844,219.69224013461,1.06093915338946,2.77619473015829,0.777236841808461
"SMARCA5",0.805624998955358,1.33319163455424,0.287052034149585,0.742169707421485,0.532849185337395,1.03776786771043,3.71061075627279,0.943780021163828
"SMARCC2",3.25374950363533,208.406122954623,0.463476857879592,0.607228942594361,187.178337180243,0.994075693324249,0.564797488701272,1.69807681825697
"SMARCD3",0.849943795443042,172.132042101825,1.90313490987518,1.23065818001791,158.653245159395,1.44970836874772,153.18194339823,1.4348907265174
"SMARCE1",2.06947547516764,1.11846102751419,150.545945461767,0.5661210105001,150.089932290344,11.4764639924087,0.464461124728977,153.78980496897
"SMG6",1.55701812391703,0.82184336343036,150.099392671735,0.815506191519027,157.53263008808,0.982250074292172,1.17996648985896,149.727546149504
"SMIM13",229.805847583665,0.591144988026604,217.134103452999,0.449510816264511,223.285525413414,2.10931370899204,223.979042566034,0.303615239853801
"SMIM3",0.660126790194077,157.165680824511,0.786715736287815,2.34178189977559,150.507179286193,15.1738471890938,137.115784666382,1.17841422718823
"SMOX",153.400260377876,41.8278735408012,2.10907196405472,1.28957584605405,4.90194717808647,2.05398553467575,4.26251134557612,150.730434605521
"SMS",154.644512777489,1.01237604613298,149.875561370548,2.17710839050206,152.192778530647,5.13778328626309,0.829739827100068,0.525890022816383
"SMURF1",0.529434859116261,0.553594759314642,32.2605203540263,27.5901514712522,0.758093063971231,60.8579968373548,44.8963269430749,28.218339784844
"SMYD2",161.701126433543,156.712375198604,161.468507425335,0.486039743608562,0.630245136917421,155.122341543993,153.375402250504,153.454684454661
"SNCB",60.6977115291644,0.923179330001061,42.1078314659582,36.5545406786079,35.5763482410738,48.4892228605193,41.0712825162198,0.145875763493469
"SND1",3.92449316132256,1.35301774780596,151.839214196896,0.640073703812625,2.13452639258101,153.710737258433,0.752406401642692,149.495568139041
"SNHG12",155.906380836421,152.991293789202,152.056760073796,0.25299881794229,0.924824256450614,158.018292962854,151.99367606996,153.750551721977
"SNHG9",153.791128505327,156.017624580026,152.976917768939,0.633499763171148,4.73381208228981,152.418069859186,1.60377120242415,0.953865306966984
"SNPH",0.719234248249389,169.343976575407,160.444890714395,160.416086816434,10.8507789170765,165.900146047874,157.602228987121,0.393134823933271
"SNRPA",0.859361089914852,3.89961679745284,1.25756346339996,999.903952607045,173.004143784359,230.029362407715,0.907318540794584,1.10978101620495
"SNRPN",201.856647480571,0.800961856605318,190.10917813521,0.433879365563314,0.553918684858134,0.667659656263076,1.58872116264049,0.145911354743185
"SNTG1",0.741362116350509,1.00523908749205,0.674586870325562,221.511566623608,1.1708629393756,224.583059562442,223.156689160421,5.45332078609895
"SNX9",193.093166283617,3.20537148989814,1.02671114395782,0.709199714333916,1.75242151049792,0.970182740583181,210.675574962142,4.29760978156114
"SOAT1",203.960135620802,1.24543745144188,202.144594111075,200.85689633082,0.492953531035371,0.715277857446583,0.638948115830506,1.62502210752639
"SOCS6",219.690339507514,219.37280692744,1.28518520318929,0.721594400840308,0.71920719504265,0.794863503069179,1.30438544769837,220.982282523836
"SOD2",0.496414706723251,0.86229866212303,2.11763979358372,0.331973915623138,1.23689923490732,0.472955852304594,1.30330443524372,0.198448081443061
"SORBS1",0.644213115981826,2.72754622664257,171.171659976848,0.42978958402757,0.438488107624924,2.77917993571832,1.90260193547598,0.867771942241713
"SORL1",4.50731134587261,0.450745001429901,0.589698023934486,0.264544300989509,0.256817922728347,0.316304812336228,0.219021031468631,0.775181936139065
"SOS2",1.98030618405387,0.879959384214183,0.742608028972121,0.585168188608902,1.43492771343137,224.36332038468,224.837906375712,0.718625188418021
"SOWAHA",153.741827992547,2.01671028282375,0.350647297515368,1.56782856790855,154.889463832937,0.515605903279992,6.74309694260663,151.953410064522
"SOWAHC",0.956329009115701,4.48219707028655,154.199484661208,1.791764365391,0.971896319864182,156.678778037814,4.50641005332934,153.391847341029
"SOX13",206.278401763032,1.12138831043551,0.899597149929991,1.37493468153747,200.990796730058,266.407007831482,203.556269414554,205.116463102323
"SOX21-AS1",203.489847057114,4.54585430682327,4.47083076868959,196.662248505548,183.678211871003,1.72360930881478,1.04244724434182,1.85713407521833
"SOX4",0.776067563059458,20.4809146882067,218.629281074883,201.935517630391,0.797982339674382,0.757702675759543,0.529890934720887,0.694245065988196
"SOX5",205.011932850665,1.28445305226062,0.807356428184984,190.637418389301,0.868494108326041,205.057067742811,200.18508188247,193.493798170213
"SP100",157.885567555053,156.813393020202,154.434070703685,151.72646083336,0.80130350283599,155.014434114625,0.363075484100015,151.941141129537
"SP4",157.931109600885,0.721775849390333,1.41640697718071,2.32961212067416,150.075380538059,157.05124959238,0.989725841644555,1.94559436473624
"SPARC",0.434834518462758,0.354383672828326,0.378641828327177,0.0867754838664988,0.191425262047764,0.368578743439365,0.372373150476576,0.831601402108101
"SPARCL1",0.416819757863294,119.966276185275,0.719809171166301,0.135290115027881,0.282091830825857,0.291580886055631,0.242630459833623,2.19645105324165
"SPATA13",215.408338074353,1.26303902979202,0.392880910876417,3.92075116715513,1.32539801050742,1.04178316234837,2.71551740625077,217.982076561636
"SPEN",0.5055065713322,0.458703308169338,0.705611776423938,1.89813152778966,0.447178676597424,201.970732820194,0.787642635055449,199.710884550127
"SPI1",1.76487237366828,0.774168037401808,150.577069093188,1.99586171104419,152.309768545114,2.09364286083157,0.812457615876988,2.23730142087011
"SPIRE1",238.189693211786,228.520429868646,0.843756836573783,0.918820934103477,1.9251632780562,1.72047914631382,0.803221103315552,0.987882357726188
"SPN",154.324890668833,154.412255712632,0.764906215777518,0.780197198209352,154.06867928893,0.922632549639335,152.315555552224,150.161884711812
"SPNS2",1.1406122777707,159.423928393062,5.19742516929303,152.98641166763,156.617288505266,156.922283234037,0.427253148014126,2.38407592404703
"SPOCK1",1.22330671659202,0.579169519988578,0.337293827466206,1.0114066601321,0.72204319199408,0.762538248248705,4.11532817198017,0.683115314777579
"SPOCK2",0.549910255076393,0.624993319805975,152.207413488952,0.425618931604259,2.0364388757847,156.5965334904,153.646678752244,0.187056625238834
"SPOCK3",193.704821073218,1.64433172863216,0.203344729992309,0.451244412282089,1.02301467415614,0.559986910690413,2.11471616814553,0.416443431846985
"SPOPL",3.76377849392955,8.95280954775268,0.582781101028693,3.96586575301383,147.310263382228,1.01785899224214,2.49313128059866,19.3097351895847
"SPSB3",153.741398627549,1.08011618390965,153.58843248567,0.552999990906082,3.7521681254755,156.637278478419,153.2146215659,151.563908953023
"SPTB",67.1256005832396,1.03701299211568,43.6251535619268,25.011316734725,61.4960364859921,70.4187537354586,48.3645690039843,0.357115199917347
"SPTBN1",0.923734345026959,1.23960802376771,0.282016865455001,0.240284658484199,0.465775540279401,0.330632569700486,1.55359491123593,0.31453481856612
"SPTLC2",0.667587316272159,179.137931905258,0.339489202411051,1.15261776481535,1.8573096625175,0.568801448043715,0.971227222314239,173.73276009971
"SPTSSB",67.284428659487,12.4849970008106,47.2180700470958,44.7222096034217,1.31259976181067,1.60190299265669,58.2473393179908,0.727457957531363
"SPX",197.519907278432,1.30126095484964,204.838048838457,1.43366881366693,0.614269218108702,0.914225013237343,0.909037861821393,2.12456100771204
"SRA1",1.87802049781111,224.982143934915,0.744185432337228,227.802095211531,223.143134253487,226.14707186346,223.769623468871,0.55533359579268
"SREK1",1.02750707198203,0.500877912676264,2.00014124908533,0.396113992810405,0.659872871504119,0.562040206850639,8.57421167916864,15.7511492045278
"SRGAP2",0.905186693528749,227.753139504324,223.189454574363,0.38077316612491,0.415706550752452,27.3198077010787,2.12060491530674,248.959165247412
"SRGN",0.337971919749513,2.33476685683384,0.768107357632147,0.521482026012462,3.26477256652215,0.692176669097882,0.532216549856428,2.83891833660162
"SRP54",2.61449989205992,1.03274466809069,218.318464955072,0.553641812743684,1.91960941774616,1.77011239009091,0.993451622713472,213.57100411959
"SRPK2",1.22675073881286,208.428869857056,0.639497950771744,1.94319900402877,0.657267966960299,0.626801670627156,0.450932025093501,0.322452967582667
"SRPRA",156.86037196176,7.77584859209298,0.510179746553864,1.96814208726527,1.78514693432253,2.41461286137983,153.246933121159,152.954061989562
"SRSF6",1.62668017829685,0.954029766863825,2.17986817314124,200.485352729802,1.31241726934586,0.468107490595266,0.810931972485546,2.62487753553571
"SRSF8",2.30645386158165,1.84157830407547,2.27815785790396,0.720760974037972,1.22275459047682,1.11911354492486,220.67277236607,0.466219669498327
"SSPN",0.471211052046471,0.638489953345347,5.58769310364505,0.384978771248755,152.269841832233,152.0537821514,2.72598314391008,0.857839686735386
"SST",3.61259165580252,1.27499874483033,188.300358659327,0.560789839421051,182.388123896024,196.005158918816,190.344551447513,0.618699264771916
"ST6GAL1",83.7678772454995,0.446795653539116,68.4908613137577,35.9485767262414,73.7264856550661,0.454910674267883,0.247872346600007,56.9889736610238
"ST6GALNAC3",0.693700254481755,149.548654488562,5.94820490759056,2.03002029005887,1.00458969381347,54.8402499419734,1.32198484716497,1.85354692041924
"ST8SIA1",221.725769781401,0.454965918234846,3.47131097686904,1.0447153234696,1.57439033839983,2.15071579170965,0.407836182561345,1.14612540828667
"ST8SIA4",3.96915327350756,0.588612396301332,155.350573208717,151.407892521683,0.90046288728214,1.12497146476835,0.542245189041157,151.830611664885
"ST8SIA6",1.06184001082404,215.400350323491,213.912846706592,0.598155738127733,0.877550866909473,214.827850093685,240.092070207835,0.593844467718726
"STAM",157.17829773487,153.056474762503,150.251031074647,0.52394348549196,0.723086935070603,150.942344571015,153.231237358843,0.389046904440297
"STARD10",160.474074052534,151.827364681834,0.299770274735966,150.809793109582,151.466507555948,154.228471256881,154.301232694574,0.347537710747486
"STARD13",224.787318682846,225.246790906906,0.422778575339668,0.928705892356098,228.832436004987,1.17677703995674,226.752520687703,1.21053961985552
"STK11",1.87297734470485,0.891071302138923,178.78140019797,153.864381440318,156.294370860772,0.93767002561299,0.597024968779043,0.483328679541924
"STK17A",2.20812515447669,0.665852449678074,151.446128968668,1.08585666371459,12.3923397276019,152.693715818386,150.551228713701,1.45535652897458
"STK32A",1.25415520692207,0.680035470706921,134.820512525138,0.845115441700345,134.33019402529,138.71989184412,136.944733171415,0.422868889046032
"STMN1",0.798263879850495,2.12139339632651,0.557815971284722,0.668819506659688,0.750029254669972,0.403615528510139,0.319478527703,0.186832507766706
"STMN3",195.544273949097,1.01363571137408,196.858374242394,194.127623100976,1.5750185513464,1.15603518051005,0.816905139158355,0.138792252146984
"STOM",0.28420123353503,0.45302013383029,1.48011450316426,0.435026002055849,0.371155748098439,209.841720801394,2.43861204179099,213.096257143965
"STON2",158.444565825789,155.3856994884,153.6735749624,3.01076134390083,4.37419500168192,1.27300961669276,0.836451257636309,153.476010459364
"STRBP",156.242192022997,154.638653209369,153.576812996608,0.343769254144399,1.99656520375587,2.09573993936103,154.010509081769,0.581794796950542
"STRN3",218.336730277878,212.555741130975,0.856271631756994,0.422227449936865,13.1491147555684,1.25537229642173,216.597064476791,235.025577484647
"STT3B",32.6644393465355,0.576755643359681,214.069338089256,0.455205349928616,217.934067466359,2.77779876899719,0.528373307441883,0.563016681367912
"STX16",203.836234525493,206.386447032216,0.330930592419392,34.9937671781906,194.004281485486,1.05478910105602,0.568699869435147,0.422316244116427
"STX3",154.857777792174,2.7685127971199,153.026194240309,150.168938760952,0.795977826493559,0.786011041662284,154.870708291692,0.936768553362082
"STXBP1",0.862651617701587,157.562502571426,150.588924774267,0.939934333798157,6.66391612364224,0.49836283752958,157.86199396112,0.150710255354746
"STXBP5L",210.03848821339,0.561404278025299,219.552626696249,1.09950122611351,219.478860972365,1.24640121358365,221.510154451045,0.552019838103351
"SUCLG2",1.43156528796234,0.788196282727502,210.098582311384,0.859969967894956,207.269576704176,205.640220540165,0.65532649598398,209.189971074615
"SUCO",175.319950619607,157.844778014101,152.235180910024,0.418829662460642,0.96003610382106,160.877601247395,151.730450021339,1.02683093849818
"SULT4A1",223.606125453786,1.33186289397875,222.18761916411,1.47113672013416,2.10245848737379,0.546354116302133,222.630809765261,0.308628356713613
"SUN1",212.139884134387,0.61221707818315,1.01338447473769,3.73508567976259,1.04170462586616,209.821011340498,207.361673033491,0.84550853822452
"SUSD1",155.425287277446,0.704899326544658,152.28637820346,151.783488534069,152.22428107296,155.456048607429,153.55341434148,0.530999642013821
"SUSD6",210.298663103393,0.92938757948557,1.23411479560846,203.016496616573,206.617121294865,209.935559386861,0.391212642260547,3.31529161828929
"SUZ12",164.169210978193,164.400570008711,165.276267738575,0.372788572348912,0.490267893319734,0.732302980925534,2.3243919904917,0.853060769299049
"SV2B",5.50077470633645,156.530572355058,152.746959789249,152.512306053055,153.593664769414,1.2714516921404,156.552843409171,0.223924124319196
"SVIP",0.905124239636598,1.8714166558505,0.31267337660394,0.542936472663521,0.485325588540108,196.13933226444,194.22071921202,2.46487328364183
"SWAP70",1.37058908273698,213.475377618876,1.08272112395192,0.642618081968679,1.82802379021856,1.86309524997424,0.548890400533952,222.052606659512
"SYK",157.795301496453,159.199513908839,0.724470540539232,151.737569800515,153.865018940535,3.65860863051543,7.51605824479905,150.262025142644
"SYN2",158.379473118171,154.823935849437,151.756546799379,0.794021842432769,152.286786277906,0.907223982463286,153.424164893614,0.319079578825455
"SYNC",1.44299618246527,152.612284995684,152.119578961956,0.517503039442404,0.931736003386046,1.22630184792601,149.784556519887,5.09958860707984
"SYNDIG1",157.078590514842,157.547014972195,0.996647956250538,153.399649636331,152.713328966517,1.25016199620648,0.620192132843392,0.686908130675407
"SYNE1",0.953918320940281,1.71339010881755,4.42597390561568,0.545395935720475,0.445455459205316,216.387649945411,0.420448384305615,0.477061777201304
"SYNE2",0.435703879234403,202.351074596912,1.32669637870451,1.06879388546255,0.824121465507127,201.228667988781,202.223242850804,178.491366660139
"SYNGAP1",203.030054211155,2.98777113205059,4.68321412453759,1.42571982871875,49.3882206116271,4.99008906413285,1.02444385601059,204.433742310385
"SYNGR3",218.057076067735,0.850568798989482,215.861411749628,215.310211190006,0.83890450705962,228.166613278032,214.161733604767,0.143398274218782
"SYNJ2",0.890663800442578,0.787685501148067,0.709435237239731,0.771600680461824,1.20466849541933,1.1446338828849,1.48976916600012,0.755200869118873
"SYNM",238.833865137588,1.67095534364671,0.483022620912914,0.40962615332889,1.01148598090632,0.924731319170278,0.745605166288126,231.436978286579
"SYNPO2",155.706880458403,0.612544858441848,150.550031191799,0.522122474714643,0.480871777680298,151.935364468337,151.62691737504,150.28964044294
"SYT1",160.924528658262,1.15712973309733,181.07930426783,0.328790909378501,0.721204869992114,0.716174951871996,1.32519843785138,0.10437155647816
"SYT13",155.011786036759,155.933774998704,1.67080259307915,149.631396835406,154.099211376572,154.535190128182,153.443060864212,0.194821430402097
"SYT4",1.81758651395315,196.594345481766,0.969089191140216,192.150644701297,194.119642954401,0.585965499166799,194.086204723625,0.154388830706015
"SYTL2",228.824874300069,196.144844095228,2.09700711846194,199.340501943389,198.753580183772,0.743591139738401,1.44597300155028,0.506683407719157
"SYTL4",2.92023555245628,0.969711172745926,223.141344403604,0.275761574889574,222.488115996144,0.807219235080952,224.680838957942,4.58676150368733
"TAC1",207.666822265463,209.597116840504,204.428715964407,0.931647296584583,204.501123039667,1.31440247667233,207.236837907876,0.330854081401521
"TAF13",0.353719307338541,1.51814193967439,0.572483208098794,0.501990028703166,43.6005957716681,176.734040017571,15.9852498270465,0.466303133570963
"TAF7",230.749433937306,1.35675538039888,0.61778353226459,0.498081594786117,0.48903843394368,1.80145737698368,248.322375667967,0.721663365335868
"TAFA5",1.18767427154881,1.46654206222051,0.400482032219434,154.405606276418,0.489186260914957,1.71802349842255,326.733278349529,0.348427298104266
"TAGLN3",209.713853685853,0.679121623622491,206.391077922477,5.66612443071268,0.774788101607827,0.631662839381967,0.970676043015337,0.257106614552231
"TAL1",1.15808806629089,149.502657894526,143.291037674923,143.705509774247,142.875920343763,0.859914326030383,0.415075554027118,8.71660315847635
"TARS3",156.546053642669,223.590612287251,0.343914106495409,1.46522879423501,0.870137854814238,5.18612152591697,1.26248541734611,225.902602925108
"TBC1D4",0.74141661573688,207.134654757224,147.477917524239,0.68054414050384,196.510495269396,2.76015430888075,2.33164427752978,1.73381712080119
"TBC1D8B",8.43365084671624,1.29899389320573,0.985719826911622,150.816972581206,156.16225888618,1.65011804609022,0.947005126872708,150.820015478256
"TBC1D9",4.54770626902018,137.633333389877,131.486125479149,0.624230334050667,1.38730170518003,0.502535794628448,14.8265146223914,0.295298772393309
"TBL1XR1",1.51415684919494,0.601147522644535,0.764288050827041,0.636013433612981,0.428139160251734,1.8852324844256,3.77844688262461,223.777337369754
"TBXAS1",206.371079194055,204.568877981183,1.06031665887953,1.43227549233439,0.916335027768584,0.570328150798929,1.15325902257296,9.58972278563996
"TCEAL2",208.785049819343,0.855308635370484,204.2579148504,1.54657846326103,0.976567287874836,0.376557373365586,1.22169634752978,0.33352366606367
"TCF4",0.89248327168902,0.46646886955646,0.264641439966406,0.269994374603936,0.261703705316529,0.733491503517257,4.15991726338574,0.807145262934184
"TCF7L2",209.753585047418,3.47260432776253,206.517861183043,0.466124830133634,0.739689166874067,211.050559088758,1.96963887684508,8.99007031565811
"TCOF1",0.751520632481822,153.652671834333,36.6405565700336,0.98260184328336,1.45368193278691,149.193035562177,1.49326931710869,0.738463344727692
"TDRP",0.565394518625932,0.888833908815649,33.6448388181858,24.1229054745474,0.988010262836618,55.5691728191545,33.401406769975,35.5664166367124
"TECR",0.621773833043883,11.8642473962416,0.962905393142865,0.425746527955345,0.6771089332628,1.46898304287179,150.143235245498,0.540388011995474
"TEK",1.48964657838673,1.01277774113661,159.537318980964,170.637264105955,5.23999459214763,1.56384019248075,6.23367452487814,2.19395845277018
"TENM2",204.771011953118,205.61033847865,2.79650023569492,193.128473169227,3.58110999748529,206.053647429875,204.553910071501,0.379712460493218
"TENT5A",0.681536258326945,8.07613264141724,183.017997900493,0.540145284075741,190.42179721397,0.708902353573385,194.045191108223,10.6520112008523
"TFDP2",212.822119830283,211.575759235079,5.48464800283951,0.692161074692677,1.0981592028517,0.722926372966944,79.0314961112909,0.414352556485419
"TFEC",239.65042091607,207.416712960422,0.858394540108227,209.826983739949,1.78671243780207,5.31208710780748,0.464180910315417,210.908714814448
"TFPI",159.010745767787,154.657844258384,152.679922862384,0.603409552097348,151.732547964814,154.43703632298,156.157224356774,153.566384685379
"TFRC",156.216705493821,182.338306524761,21.2395548460056,142.964301408425,7.80625073647468,177.925456402173,0.942969116156828,0.76843416495904
"TGFA",0.887195460177575,0.830708107985083,4.39324294706185,151.812274348113,157.892135198774,0.73859074993471,153.723245135701,3.35084317753896
"TGFB2",0.544123847431504,27.6103336480225,18.7058898350065,14.0363842928312,0.478513544330804,33.9946155794466,26.1714194317602,22.8240864808496
"TGFBR1",0.844089530657647,165.384042405096,1.95741580168308,1.07468665856474,152.049839998258,0.486910556841276,0.48244728015692,2.09173276070869
"TGFBR2",0.354273507885109,151.141950178301,6.04215549335472,1.41773169542129,154.987124823231,1.87579806394383,0.47354933857691,1.07261983916193
"TGFBR3",21.8060159719975,0.40371198761492,194.788629497112,0.933372884876928,1.84643476162362,3.69428630710549,2.42445282897878,237.61016781343
"TH",1.0198721387805,205.722267508991,205.811377079334,206.637289410189,204.457222542981,193.672106598531,186.130904557622,0.179265147094998
"THAP2",156.324612202503,0.461352895310816,151.634165096454,0.704155737707475,177.781261832909,1.40197780896663,152.051464360933,6.29541851862475
"THAP9",2.28344350483038,158.072967013692,0.702629617195758,151.188567606753,162.243023532737,2.13459504679428,1.10424883201689,150.16352554525
"THEMIS2",2.65117374021235,156.14970681684,3.75931988802298,212.143529764081,1.37970158255969,155.499856434141,0.83850171589294,152.87767669747
"THOC2",1.01866114252372,219.528897305348,0.567442755109435,5.34520270446684,2.25283092914701,0.530652249257804,0.439413613706666,1.46254130255273
"THRA",181.994497785555,219.451113851349,0.37569782594384,19.0394214337344,2.01169352819032,0.774134123556812,0.623739886284372,0.42869784273116
"THRB",9.22772918989732,198.422192323927,2.92225432820241,2.78029374487136,0.983345380659711,1.53681541006181,1.04738578603431,1.337219492359
"THUMPD1",0.547620787503678,224.012046217708,2.28667090998253,0.810539595433412,1.61004005588645,1.23340304704571,7.50220297715863,1.2499137876883
"THUMPD3-AS1",231.441365293124,0.888020171920596,0.74962272879324,0.508332941372436,1.15094101473103,224.899459746399,5.12281107246762,0.971620957694231
"THY1",2.20189217260808,2.65876743074929,173.695559683148,168.620472179003,0.770015680870373,1.51792031310524,1.12289001088889,0.122294744392346
"TIAL1",0.808334396493041,147.520976883407,2.86857016032512,1.10952281142298,1.06184664255468,2.13028257550167,1.1458002928655,0.487202563193967
"TIAM1",1.3714475235517,1.72782726600744,6.47375034038058,0.931407081622557,1.27126243218685,0.497161075399077,1.74474034134539,2.53229231357711
"TIMP2",1.1050259156845,3.56360923304147,0.318034525068089,204.986462318542,0.600160355260836,0.629350178147573,0.364196043019891,0.627014979483591
"TIMP3",0.433679498437003,0.743470658354781,1.55996424315044,0.381782815370313,0.428636624974957,0.733876053412197,211.141554166199,0.796124927900096
"TIPARP",0.963348212743118,0.586772410370248,151.153961220864,11.3776275420688,149.816176259525,0.744169276773521,1.77620967919015,1.14779458106468
"TLE1",1.11216124975358,2.97915697614735,223.520043184432,0.77517069157113,209.302709745368,189.271341759412,217.026900618061,0.735194563397987
"TLR2",160.327407579231,14.7011674246773,7.53998997553487,150.488771726187,0.79375561851468,17.5708704415511,0.671913051266308,0.706469666744818
"TLR4",214.841937851316,1.21608919932534,211.77208920024,0.332424371399905,0.993456023954809,0.787384485148568,214.083904877651,213.442101601437
"TLR7",19.9358687940306,134.076184941933,132.764529950478,130.315977395438,135.104715010268,0.499690560303039,0.328065415707513,136.369757277203
"TM6SF1",1.0842289710877,215.159825857178,210.534301078266,1.1794496525875,211.439780305443,211.694482745503,0.886284260938566,0.529720360450569
"TM9SF3",214.103487926755,0.435849333434554,0.241219930691141,2.05199038477613,1.96487460787909,40.7594522122596,0.639047494148921,225.604260354701
"TMC6",0.54313857416721,225.271420209703,0.753812116605199,0.525105381710582,223.261808167504,224.16675700837,1.12325019196453,2.26194786562518
"TMCC2",204.389699857454,1.41740942309732,0.808078511867101,1.5092100096225,0.751700462807086,0.920244046244578,2.30919443017733,0.371428220721735
"TMED3",4.02461264028215,1.58782169342891,0.986097044041332,11.6406171212007,0.815820882550891,1.10426976945177,1.2167233439708,151.303485388291
"TMEM106B",0.985328261251108,0.954558903172794,4.57703328119367,118.674190159713,0.829430895013518,2.75835888819811,0.608027195796841,0.336437596081822
"TMEM107",205.266468831494,205.56139457234,0.422486258041286,206.927340329664,203.935676977422,2.45309338963195,203.810634910274,204.425780603927
"TMEM132B",222.913812744639,235.733276800744,224.340181177063,0.398672197656704,0.759321646725142,225.379216099679,221.378990307088,0.576696193898646
"TMEM132C",155.338896792738,154.379595793681,2.60250281510361,3.57088110705058,0.681560465320048,150.7643891086,153.001681025993,0.453823171326149
"TMEM140",162.094327740315,155.684280002332,0.717784648103027,150.370633490219,2.74026819170225,156.79932253315,1.74242680592636,153.513344802295
"TMEM14A",4.73422558487505,1.21703698630836,189.533024020238,1.63418013110503,208.903208257001,211.529884358482,1.3812117259022,0.526280684133926
"TMEM156",2.26709896516413,1.09466517587125,154.048570147501,140.55146654141,9.76935410465908,0.817325047356039,1.59788788553982,1.2563410492027
"TMEM161B-DT",1.68839330064424,0.692229224427828,0.761372241156502,0.389665270725098,0.486196574641401,0.960904952474474,153.093555278177,147.407573418396
"TMEM168",216.806946607136,211.739758647719,0.752800644678995,1.3688614491101,210.59128993278,209.748392579027,209.628916604467,3.70967751655174
"TMEM170A",200.078556490683,0.797891535583391,0.949884846659017,1.21012068482475,2.18401673299334,220.838121042724,0.723690210432315,1.05210373697397
"TMEM170B",220.072413353635,218.87253024427,1.35876109432912,3.62160976585339,0.348999845411401,1.09318552235056,3.04178619420578,0.601122511560517
"TMEM176A",157.564575663575,0.80524613229425,153.673345414498,0.65978454802588,1.26224197026744,29.5005039327964,154.176156698816,153.418467365644
"TMEM176B",153.050755162378,4.00155878492673,2.78328236965666,1.28552452660045,0.792479478616235,7.0664226070764,0.595947321188777,149.450914681714
"TMEM205",4.39984930597092,0.683444442571995,1.65719534802229,0.84165039605508,223.694346060792,222.469059704977,0.933306366721363,222.711634288746
"TMEM25",153.285479940664,10.0867984529199,152.826972052437,0.387737217062714,5.63143111651698,34.2949469234252,152.017706329892,0.852147832066829
"TMEM263",1.07215236497598,0.685683813215292,2.82951898325759,8.61627204676652,0.944211703503822,4.46103822928073,214.848568585916,0.446497252441791
"TMEM273",1.73948496031402,1.65448850093823,159.215179975005,163.876717521739,2.00738786851076,0.729233388374398,1.86385057362896,0.850726113283082
"TMEM63A",153.553037803279,0.553132619154728,15.6462644083413,3.35345672640013,0.721425141847963,0.925798827024003,0.8065770192118,149.684560341359
"TMEM64",1.13365203508226,1.37497931185164,2.93458202984882,1.40753611223038,198.842149872325,100.992342801668,180.669711930904,1.0959539367634
"TMOD2",0.959760309643078,204.554031612319,0.973773500782292,0.344258914156356,0.406518580838629,195.698999462946,203.797107110287,0.408570657704261
"TMSB10",0.304529880340378,0.71904042861697,2.81093039038446,0.402749336214897,0.318157208026425,0.267440606138974,0.220322191689883,0.23847356879364
"TMSB4X",0.265133147016076,205.339255232135,0.217657911747676,0.136365516425888,0.191900258645024,0.162335524051361,0.118557352651079,0.28781986063899
"TMTC1",0.955108662323536,220.883309372546,2.60831998576816,1.23343917626338,0.725573666413603,215.6135166563,210.807515143218,0.28401081130706
"TMTC2",215.313988526275,204.983076641259,0.38668298622721,3.99968908189616,196.680550261716,0.661605731490532,4.01747231876564,10.1604495239684
"TMX4",178.175609523245,1.64684763532326,1.21426747728324,0.599030197755673,2.13083422239429,0.414576430541905,180.719979783097,0.215443642315066
"TNC",207.087002734383,209.784844984618,207.045894488521,197.850108613117,1.09440368862712,207.511772755459,0.719774343998714,1.16646217148976
"TNFAIP1",0.809270723621485,0.85588289279589,0.865740798603939,151.018999201625,0.988950031684431,186.95661012834,153.462127649088,154.339298270958
"TNFAIP2",157.157306134804,156.137205888858,9.06641579901093,151.944799467684,151.948062249667,1.23933511590146,0.611800583049763,0.793483699860266
"TNFRSF10B",210.244541804796,210.021951241843,0.98934808663198,207.255288353285,210.415689086336,0.795329139974423,0.780463802213682,209.353838621438
"TNFRSF1A",1.66779059047591,3.65059648486549,0.798237722685235,1.31411102133096,0.649518612985339,0.780376211676973,4.03694305163572,149.76005798056
"TNFRSF1B",2.55470690833895,3.34797961335548,6.08249764485044,151.828240114226,154.067841464745,0.483492951310863,0.772983405705732,153.203065997958
"TNFRSF21",32.8186145313435,0.344725297767298,23.807805292362,15.8448104809657,0.44074239484533,32.3976975438691,27.2360594500423,23.6296280648364
"TNFSF13",1.13966391837094,215.862996542098,1.39538364952187,1.38268122336424,1.20769590683787,217.009304526148,215.636879492445,213.83579379579
"TNFSF13B",0.648634214245985,1.66680889614449,156.657357070968,152.688902301353,7.11653564784188,0.871005183290701,0.485660892487792,153.470106702135
"TNIP1",0.793096804752388,142.133033346646,137.657903834287,136.88175761837,140.597509414167,139.955897261592,0.473730650719316,0.434270882681394
"TNKS",2.61241246866691,226.082855998442,2.02999809836723,0.465551493978102,3.85132493858294,1.06038095579967,228.404385203187,0.419110873571698
"TNPO1",13.5264357065579,2.45705772569391,0.561611663473057,0.400342695305803,0.559447873138016,0.797134897723685,0.637131127881719,3.70647766656814
"TNRC6A",1.41514568317636,0.809198991361651,1.00586161260039,0.334616854491405,0.428371337952217,208.315084386317,3.3982228998698,0.871130833001735
"TNRC6C",4.22306515117063,0.711814907657979,0.411481201676318,0.414498143907283,0.60947081232353,0.551543700180721,2.14379614045858,5.01397236016538
"TNS1",0.484158524175591,1.33094201453359,1.03161200026813,3.21118575835786,1.23192750065098,0.668749541043136,0.989922637143313,0.47478743661249
"TP53INP1",0.526653475024324,67.2766615885171,41.1325021924393,18.1204760777626,33.4076548182722,0.725593373107658,37.642563271012,28.1171543833447
"TP53INP2",218.560604896401,218.795317763992,0.475221013380841,0.991513840949923,0.548327675389795,0.763279146953413,0.524678802718963,217.180408167272
"TPCN1",207.512200861639,0.504425983374463,198.843194544849,0.354376513951887,198.864586070488,3.37733832365877,194.314740289978,2.39716680208698
"TPD52",3.43420418494774,1.94689164866357,0.336933465682008,162.387345282783,0.423756431001197,1.09766377091843,0.607656023395942,1.66562168376739
"TPD52L1",1.88473032228132,0.949806618975769,210.908675960157,0.49343626668778,0.471758834373083,1.2644240148003,1.16661551229889,1.99981882385204
"TPM1",1.5274571578913,14.5226840694218,186.561729436807,0.526992098795645,0.434833110668496,5.438054697,0.624343089593554,102.360144515269
"TPM2",0.773818986608588,61.8068043259043,38.1017490542,0.682885638536913,41.735468789876,3.14150942432198,33.3136493740337,35.3058980351441
"TPM4",0.647787327609736,172.598679434218,3.80593454362198,0.418299599003158,0.600464740133431,1.54872794024324,170.128900713833,1.34056529664438
"TPPP3",155.934602248939,156.314387604532,0.48547950581756,153.325619761185,157.047705223306,153.91221666111,156.308873925238,0.51331799306779
"TPST1",211.950306413472,197.220566031876,1.73608962768291,1.3810457543346,4.4075448328726,0.967029878751596,213.259092619251,0.985596777356997
"TPST2",0.381500349009237,59.6216897075775,35.3366417220802,28.0168296243383,47.8381377856237,57.454603920936,43.4955457229824,0.561163972414721
"TRAF3",0.772247573168507,147.73460864837,206.571287191285,0.713787698793801,1.17398742082511,0.793281424734954,2.4515052149423,1.94375983718643
"TRANK1",1.71196185046459,178.699292590531,1.82097403672097,169.7299943311,174.545515200208,174.861192522892,170.608782628381,2.55881873663727
"TRDN",213.481687293586,0.75523569834934,0.820255171529316,234.238528924025,0.998406501869888,0.420120899593462,0.427530583320028,218.051128051276
"TRIB2",160.373438065996,164.716992683728,142.416423836346,152.637946821585,0.594391788400881,0.821070257689139,163.52771416655,1.04548002808648
"TRIM22",1.05946302634796,4.37119486155466,150.486376578111,0.696884048038027,0.803058553862624,0.824474382568109,2.44207635438238,157.695967238519
"TRIM36",158.458236029935,159.511448737104,0.624134494428968,153.164681603105,0.813615501369455,154.213223497689,156.272650952765,0.639981096693432
"TRIM38",0.994497928983259,0.67179002374078,154.426238822396,3.99209431681922,0.884942525948832,153.872352912899,183.55573567471,153.19942425588
"TRIOBP",1.07462817221447,154.395015322657,3.59963024154833,0.836099364258024,150.991879465977,152.960467206661,152.593991113924,3.10275183140957
"TRIP11",1.29696462564558,0.817307523842179,2.82531626240709,0.989737565416559,0.56924758158423,215.916433463225,0.555425944584248,5.22062707363739
"TRIQK",153.342408590079,157.593824105041,8.89581114676038,149.520235515056,0.83389088807548,1.06596204935425,1.29674977750021,0.599890907591924
"TRMT1",203.594344160377,200.496362148543,163.603219405009,0.523446785574796,0.491857044904306,202.579499106626,202.185537580027,200.268633324524
"TRMT11",157.371021928732,0.60577508397064,153.147314596293,151.923000342263,153.108719076073,0.852455339398883,0.727455514468328,1.06348059822706
"TRPM3",211.417047766864,0.707792225569819,0.665194456907929,0.683232658907263,0.832887215125669,0.707172300961778,0.650449410624786,1.38879058142719
"TRPM7",153.965575243031,152.866810214255,1.20611320628308,1.22036279863423,1.76624685711308,149.689360136931,1.31721387783036,1.90621973410211
"TRPS1",208.641641844387,0.640056683863696,2.05367088212617,0.312236499628785,0.916658539906992,212.205384176162,1.78202039957525,4.40944103990142
"TSC22D1",0.245083529822237,1.22929590228552,0.434808632941727,0.208618223187266,0.34048493796777,0.864652794805038,208.128026795021,1.08543242464807
"TSHZ2",1.44918234374673,1.13262693369937,196.57978029848,0.634158315038666,0.588790336607049,0.403232740443438,190.072835314121,1.66788693990341
"TSPAN13",187.688573390593,183.20721567849,171.133301691052,12.7559126957464,1.74359494161284,0.86113058305892,176.299635319616,0.30758683856999
"TSPAN19",153.74544693142,153.539687435401,0.42076348462756,3.75053401501757,1.06481122834622,1.26297169553027,151.693829303487,150.591938463421
"TSPAN7",0.693989216425094,0.635918696656774,201.490723391786,0.702653313979221,1.99618377237737,2.91517271028017,204.541312041684,0.202745825631962
"TSPOAP1",0.52347080015002,57.2229123267851,32.5228546715886,23.0931357325215,1.22806363525076,51.1332318614049,0.894485274955781,33.2830697659686
"TSPYL2",1.35393583818309,220.163070213207,214.8222226767,0.35831923277829,2.18917761844183,214.949837605439,225.485607045372,0.780721013548424
"TSPYL4",0.532442142219719,2.72912045625815,174.116997652636,1.3697606145652,0.922470839338137,1.52606175066095,1.07541405875027,0.224423486381457
"TTC9B",1.01953170159019,56.6854087822884,21.4913497265042,27.9805279561561,48.862208239881,59.0358964589749,30.5653665479044,0.356146288112555
"TTF1",159.827623549335,1.31219575776436,0.546987239048163,151.726726485944,0.72997017187882,156.732091837116,8.4970481448069,150.50850524887
"TTLL4",2.7554648848877,202.83374360867,195.030747667514,0.969426797836806,1.06770339213216,0.764925067636525,225.938971524189,2.6207346364291
"TTN",1.9787636310266,2.764162719637,0.701216349846199,1.35088143808278,208.221018297384,1.31427968660001,1.15649918330232,206.921738856375
"TTR",1.38978583876137,1.79198068993598,6.55036540038603,0.683118807501786,205.994663428641,217.789721917871,215.706142440016,0.559787157649165
"TUBA4A",155.003748932133,154.253294571481,149.491760218734,0.661732572375189,150.672176428314,153.459188662633,151.527121366613,0.187531800666748
"TUBGCP2",0.849317049275493,220.91555425309,219.822291258655,0.844196391605014,200.556745271531,0.844026952773663,217.51011508871,0.331452776788865
"TUT4",0.76693962746591,10.5865149065779,1.98012845742351,0.469295930530973,215.312751100229,0.639094383056463,0.829486248077754,210.747808774672
"TUT7",210.429999297524,0.617811347411993,2.61683220997836,199.709247718449,1.04025498165521,209.247573196378,2.55487007211817,209.342180591651
"TXNIP",0.387465153819536,2.98760290405744,0.873170360200746,1.07895721566149,0.42638859324459,0.359953461381164,0.168457129515327,147.203128495883
"UBA6",222.698691830391,0.53275688078468,0.294981392839205,223.637708450621,224.548431275109,1.52111953506148,218.492314993532,225.105049432769
"UBALD2",1.14714879460624,152.930936916755,2.17730310160838,1.38085594998245,0.620195680060686,0.378527083827414,151.617035339764,0.979350654532554
"UBE2F",0.594347507577933,0.848240279429066,150.917048710272,2.75703428285658,4.50584465618331,156.040283939754,0.961231322316856,0.825489592903649
"UBE2M",3.24523051096962,0.820906952366594,2.39814419962393,0.650442825517024,19.703131878423,1.3778812103492,0.632955945612132,0.544018714656511
"UBE2Q2",225.118398868554,226.024438213233,0.966702639348255,0.616654957658108,222.455443925434,222.959433170839,1.90689682389615,1.93057185254459
"UBQLN2",2.26763814932873,2.83862129656685,0.885317092896205,0.429411791655682,0.434647466000309,4.09049717942419,133.289356661969,0.818270882737046
"UBR1",0.703334593229197,1.29190750713553,2.25220739057039,0.889344612912068,3.09669705281536,2.38309311779962,10.0670339329891,149.55535316226
"UBR4",222.354636774905,224.07701158808,0.806513794000033,2.06880222438248,0.499236980725522,1.16414856685101,9.742828684728,1.49826084035405
"UBXN2A",155.373872136797,154.486676229279,0.984338431523223,0.557750801769974,3.83678285739741,152.407638320686,1.57702634378191,152.53477192575
"UBXN2B",220.751311053529,0.586019196080743,205.880852063727,184.159589551392,6.74995489792834,206.504192664714,0.347379963867569,0.634425604928121
"UGCG",0.946960673325787,208.986923093139,5.17483967661255,0.498017590797777,1.07320444661992,73.4538116362579,213.760713205874,0.54526654709935
"UHMK1",0.77327791420196,192.891621233249,0.471438060644558,7.38044065888761,0.85240803653474,0.763876832847909,194.967886167146,0.267502491840761
"UHRF2",1.8683145061464,0.79739759396501,1.57186140264175,1.27912549236937,23.8902085097613,154.12325067408,155.365128849519,151.716503186725
"ULK1",1.87280528123242,0.853178922723564,152.768942279921,153.013832542473,157.058935637228,157.948201755136,0.735998805699503,0.616084458981559
"UNC13C",199.939533391511,201.94905753064,196.869412930958,0.845309185989638,200.280656534191,0.945507495635677,200.068314271579,0.450991931312701
"UNC5D",121.127772786439,130.61615301376,126.137254207984,128.432581635727,2.46199989471881,129.184176478126,131.568948028771,1.91114079053962
"UNC93B1",154.852049758082,156.677738530289,151.942722988024,0.711461398550088,0.625532052161714,0.86038986997745,157.090057351898,151.597520878763
"UPK3BL1",9.02652688629355,151.631411654642,14.0227519379743,1.1270704936995,1.47525235809029,150.719019400311,153.200270188514,1.75137059224338
"USP11",2.37361404952837,0.674021852592735,1.66865901414753,0.793518460008963,205.646719509689,5.08888743588714,1.40015841251124,0.250482219794652
"USP12",135.954874870838,1.65425060370511,0.612747517416678,133.279206850214,2.05446420983078,1.20935949542187,1.56091029693366,0.549402199881338
"USP14",0.859508088141452,0.936153022119939,4.30417960222989,0.309770583436962,162.237861086566,0.847734379287992,165.855357151833,0.830921770710045
"USP36",2.87311071112259,2.60270670143161,187.31732471899,190.80781174002,192.915312528993,2.68742912405604,0.354919757599872,193.92524424464
"USP4",1.44944019798279,0.700807547309832,1.70843203559801,2.29124416861814,0.985255127489401,221.826360632876,221.551848147321,1.07986054676866
"USP53",0.468553591653303,223.199200202755,0.41921106356725,222.169105265977,1.35941376811697,1.79124813276,1.24660265818543,224.916884002681
"USP8",212.459025161425,0.632771484212503,2.49419313446913,0.55048267093888,1.78466734144999,0.46270213076982,0.479783580483537,0.538738230275425
"USP9Y",209.587632281473,4.05273591904407,0.707145624881971,214.968981440135,1.77595982502819,8.99298717770972,0.504671321402164,3.99240246238836
"UTP23",156.198911627067,1.27637867439862,1.17562581972958,2.90955582301535,154.004494066098,0.907040505786205,0.655406844605987,150.76012845046
"UTY",1.10634333911472,157.491239132622,153.831023386012,151.596969635172,1.3691272267192,0.618835955873001,3.55691056320253,154.104072275295
"UXS1",2.22006722567447,2.80956859677668,153.806064965811,1.08492197913658,1.39263558807018,0.532813583310442,0.840290826531457,152.113156637797
"VASH1",152.332573637228,0.844714550643273,156.708038479733,7.60267494927023,1.14415960241698,151.244626137811,0.543679121930846,1.59009621555401
"VCPIP1",208.991092088937,1.4164487855104,205.35361524313,0.29449865042053,202.702527712253,0.49035536450069,211.291731551951,201.356268207997
"VEGFA",3.35752028155721,0.915452046485405,222.948957214196,0.402756507655564,0.439016912067574,0.866740597145462,221.981120454044,1.01613320598864
"VGF",139.10307706522,143.132256349835,139.933437254701,139.261145423685,135.577139678157,35.2370716054528,141.0643824203,0.296669107154818
"VIM",0.299106352559474,1.0984127969681,3.48983598846492,0.495999604513145,0.785192810512157,0.663259168153843,1.01515271769644,247.608793644276
"VLDLR",2.05475413959977,0.45906803194702,149.741435882607,2.4778904038879,3.35241031806503,1.3588917684613,0.770719808343846,10.1916434890457
"VMA21",221.127337334861,235.071196075579,0.533427816703804,29.3775390849538,119.994718335744,3.02256440045528,0.968901462330949,0.532265985410904
"VPS13A",1.66651676337738,215.942481755575,0.753717866121847,1.0621031900921,0.539056398901816,0.753238492016758,214.747700740401,218.706383886411
"VPS37B",5.3492511553132,155.622392560243,153.416857536495,0.730532250913646,152.90518066466,1.2826093107504,2.18078951601154,153.306420992759
"VPS51",1.9427039783088,0.934836810416108,0.69937325739247,15.1651196660765,151.757147683998,153.3568724511,0.734851618852783,1.29413789132732
"VPS54",2.14969063721064,212.909954320794,5.69231639855591,5.71493838578616,1.17126860983482,4.71001925243018,212.17179606448,0.796183068091819
"VPS8",153.770727003589,157.301232872352,0.65606029847028,149.305419025816,0.524865606144914,155.085141826396,1.04188451518404,0.45748453147955
"VSIG4",1.17366752058365,212.64188716009,207.051037327419,2.37347566231286,204.514639843567,0.39837534704704,0.423291837048318,210.650441581107
"VSNL1",206.070641447508,4.0520306414333,204.368708891999,0.513504541742986,2.51092969327262,1.49492447266203,207.265129912286,0.230962821031118
"WAPL",13.3612012930024,0.790321160752515,0.621183103936554,1.5007425077472,12.5671813568841,223.986324084672,1.01610030463001,223.416204333658
"WASF3",1.41306193205554,1.86580088314461,0.850106343358877,0.73882958089294,0.871158548442113,1.04461396614594,0.947102623999578,0.499690920331799
"WDFY3",1.04767777780462,1.33087593013795,0.432422040347446,0.732648241152899,1.66364622351224,0.555117850641777,1.21164126440964,1.44626262834511
"WDR49",0.556045630486618,1.08507428140408,4.04867361060347,147.994580245902,20.0494964066617,1.68624561494112,179.550634070493,176.446633222562
"WDR74",155.025550696713,0.663972918648793,0.848355883021879,149.834333980098,0.632477043246164,1.01160329324346,151.423188566126,1.00422966063195
"WHRN",69.1589272922686,2.65206992471112,38.5270627612194,39.8706500303318,0.502442600122573,58.7470978311116,36.7372988901974,0.941443060135171
"WLS",217.468658454141,221.652479177762,197.065431686098,0.366753232963671,0.420942335674399,120.174724225678,2.73714254369939,1.12483834099354
"WNT3",0.656831607135721,40.898054514029,16.0382475747501,4.4871265918296,38.9005568912886,53.2992871043297,38.585805016966,34.2673457951103
"WNT5A",160.967145214623,156.683443334247,0.430089515523711,150.273505257586,0.433135794643132,156.606084961046,154.322366939232,153.748433676522
"WSB2",0.460185220976403,2.10972389798697,0.440654467914007,2.34974339229797,0.339734957072522,210.762528377616,224.675404687629,0.368668012179552
"WWC1",1.16858398926791,156.532242858544,1.73167492309044,109.294695018316,1.23024312374391,1.25530526016768,152.076209018827,0.990644334623437
"WWC3",206.07577997343,11.8837433089546,5.17641439625316,0.452823751474162,1.10349885229786,1.56720313371266,2.05687683679725,210.661828233022
"WWOX",3.09246106154646,153.249083672931,0.85898467807289,2.13180039499646,1.69250285105665,150.182185710011,2.69109965229426,1.07227570974071
"XAF1",0.880693127680677,0.900615139727254,56.6489233578069,37.2511087127389,65.0735967652475,0.522850555622312,0.735173105774428,49.8635218006699
"XBP1",202.900988891862,42.443669604567,1.49926629280146,163.138785878961,1.16974932003864,1.15069359919412,0.43725319711115,192.290686505706
"XK",157.13838299054,154.640548122927,151.360203228884,8.55275117666073,152.062759597551,156.946633679894,153.151270814729,1.0656691787849
"YAP1",160.398723316864,1.49750144206477,150.496507540232,0.298053022755672,13.3598167557918,145.583339562712,144.624293684242,162.3367390677
"YBX3",0.34493609314937,0.719171693977069,0.927700388484972,205.165363982655,1.51304779423176,206.334608670082,0.408085169513281,206.981309617714
"YES1",227.33967373584,2.15690733741014,0.521431193448042,0.587073320578605,1.27110035181779,228.399696497531,215.397376237101,218.923185121396
"YLPM1",0.559527743956109,1.11480854018963,1.11690577524576,0.920978219824509,1.12022677070945,1.5113330235607,152.904960190216,152.584935834773
"YWHAH",0.647521392641054,1.55053606168048,130.169792242538,0.721372696467496,0.765309292900187,2.06462613174353,0.5395951212183,0.160937543354935
"ZBED11",2.48177815619082,1.71785574755371,6.67499592479682,0.369464841161683,0.755762543787008,1.82800110544675,999.999120379409,0.616937621635187
"ZBTB10",153.875458815097,0.635176389057054,60.7473495914913,155.130430746425,0.77239115169699,1.54315464351317,1.3478164862501,0.575143343600792
"ZBTB16",0.532344470908785,0.445677643929599,0.477316577478498,0.318861339802168,0.432696585969524,0.745425066345726,0.473244890725107,184.271765723693
"ZBTB18",153.834208854809,0.428276023640254,153.078708167155,7.17300127142641,157.009484180595,0.80069095254539,0.656921190804728,0.525544321145995
"ZBTB20",0.673989610106062,193.756793176973,0.442375624637623,0.230932422770724,0.234598524279594,2.73427761553233,0.831013350133993,205.645219407587
"ZBTB21",0.899248830454435,223.328066259866,0.524307560764001,207.098876182264,221.960275864613,0.778052602905718,0.655678313960083,3.57233160944414
"ZBTB25",8.24367206427934,1.2130151137583,0.991866500139679,206.137296509749,215.332275867449,0.634902663383829,0.562750385633763,215.087424665079
"ZBTB34",155.866742099041,2.52248172119116,151.295146343787,1.86094301196399,153.905340915564,1.31034306828332,1.29405894228689,0.7335808831561
"ZBTB37",3.08534826453816,0.648700200694579,1.00416241254599,204.902538303594,170.100014306036,0.786509720250862,158.051133185107,0.663399354049497
"ZBTB38",216.013795309671,0.943517996269892,0.476681188483618,1.30995720337184,0.559185251918668,0.417142575469564,0.602633182094185,0.984786809688325
"ZC3H12C",217.302926994789,1.81705112485833,1.34169316493372,0.643005321636743,0.877424312731436,0.757406222712811,207.123721711952,214.520967133825
"ZC3H6",0.605278455308219,0.552725372374275,1.01703236494924,0.523193137570362,0.42292264732572,156.022742924178,0.738298978207241,148.202769506142
"ZCCHC2",1.39961597186511,153.5535006739,157.769642613713,0.496964322024697,0.698489718105014,153.167350159544,0.979382607752865,151.310364144315
"ZCCHC7",43.5530411557687,162.114386879144,0.421997752676988,150.747697036842,158.700859249957,1.09797366162315,50.8967176027608,160.126402286626
"ZCWPW2",157.005145050964,156.895886904701,0.616288435431361,150.215084023374,154.442556371314,157.402825867515,1.12964362914354,2.80178309067819
"ZDBF2",157.940567153644,156.51573491137,151.968659831969,1.05767980463333,155.271884400821,1.49896204720937,2.14628766054575,0.498273637897576
"ZDHHC2",0.663630442738223,220.724905694853,0.616564201677774,0.922619132560213,0.810476723090991,2.59824085476553,4.60554468511234,218.572032999395
"ZEB1",2.40866909989309,222.007110420896,1.33066779233593,0.619310901032385,0.593177743509142,1.54018361563295,0.716252520282603,0.774510927296883
"ZFAND2A",207.473615826087,4.24910133591424,201.720883200986,0.895372507875373,0.751886208272579,1.27749084261014,84.0943203039135,0.589699334469941
"ZFC3H1",1.68176573539766,212.94332431191,0.433389987217948,0.981055787469255,2.27316879057579,166.127814728417,1.39016425356139,354.568034121356
"ZFHX3",0.736873377019296,1.38184439225388,197.718999835503,2.02144999220071,0.666117201781318,0.517170193606807,0.596746691752338,0.450100932486616
"ZFP36",0.647589586041911,52.2978795190355,39.9114108846401,22.561395842237,52.2369921383188,0.577922520444358,0.266871331671689,42.3298518684514
"ZFP90",155.636508145215,158.391934322918,0.540914967727906,151.267507379184,1.96151047257826,0.776010794472633,8.45583825312401,153.906339069153
"ZFPM2",158.947888451128,1.41041104429294,152.973515389204,152.384378294336,153.267987017546,154.023518979379,0.536334253084034,1.51241303556475
"ZFR",0.393091512463278,0.583679700869711,0.71580251905425,1.99217453708914,1.39323005330328,0.538463207207492,0.986146943277623,0.539667821237644
"ZFYVE16",0.446262428990327,0.487639758541811,1.43405765627753,1.31478018636804,148.436905313829,0.78352390537097,1.29040677416541,0.754421051103804
"ZFYVE9",0.645269958913873,26.9053243531195,101.923648197319,53.4223806174863,0.511865930405108,105.298289091364,107.027224458744,0.320277329712402
"ZHX2",158.275031974926,0.546249581247309,0.889575985301619,151.656127462933,155.44516993618,1.16970974284633,153.425619472465,4.50738482032274
"ZIC1",25.5698799390082,1.00053277680983,147.520949892679,0.866554234146035,143.356337763634,2.60465666652013,0.777711067974781,153.415885906994
"ZMAT3",0.518464848182351,148.598889211763,1.1453379132733,0.313880847841444,0.63001657364256,2.39676679655941,0.589850165430466,0.389679324181501
"ZNF10",1.05522080377119,0.73755987918537,0.630681491279386,211.622106400304,182.544094273949,212.643439506885,213.361982910808,3.76699912660492
"ZNF107",211.976423849756,214.028501472133,179.936530108651,1.00800865291847,0.941447538527977,211.683951603578,0.57825592245219,210.952078200512
"ZNF160",0.79814126379957,2.91428460531267,39.2588910007218,0.496549657419648,66.707936355693,65.72166175784,68.3216118719568,53.59865461322
"ZNF208",3.11372991146965,0.455188759311663,0.974348327787455,202.479389340622,5.47020163087784,194.264599338139,212.15052654761,236.523769983236
"ZNF267",157.215610393717,4.49339971990863,0.682099831045687,153.359689643252,153.723209895349,1.21443599534781,1.45142218589478,152.238691547034
"ZNF281",0.72911740225886,1.23411557211562,0.30210091834403,16.7385360563215,1.81839275465575,3.02669592478543,222.375078360887,1.83279621668469
"ZNF292",1.06995725237902,2.62345231582725,0.48158907552617,0.585324486764194,0.634711690796375,1.19150161257788,1.12377921394061,1.55100480452893
"ZNF316",153.291580842172,0.859589030269558,151.412172840922,0.881469877221837,0.888939471431604,151.595447616221,153.940738076707,0.592317627306449
"ZNF331",213.277652460179,1.09096720720795,1.76034588929875,214.869829655015,211.658046015449,0.793104291908021,0.413479353818934,2.47792517634556
"ZNF335",156.763928956067,158.00424333415,155.208328595133,157.348370953864,153.786049868082,154.200372728589,0.416533393860358,0.978218112865121
"ZNF358",0.78931804565777,2.36600440244003,0.938533390111867,0.528095433718432,0.477279448314479,0.825746840498481,169.192235056039,161.719973225367
"ZNF365",3.93983500627403,0.719169787103059,0.662279428802303,152.318258693626,0.95511517688171,0.90477030761218,155.6555995276,151.276912837654
"ZNF383",224.51674209448,0.609646187701252,202.896092554108,0.321630276041352,1.37692517168172,221.549576426364,220.736905187602,221.267336002623
"ZNF384",222.805707653469,1.65702025004288,217.031297587904,1.02692346310026,1.82643638520929,218.204298614055,223.139807399491,0.939708061158841
"ZNF385D",87.2756146933303,0.725542569581468,212.075215605211,1.99931996011291,4.82367074413191,13.1110027748802,6.56790094079231,0.254085264195581
"ZNF395",0.451971532143156,152.557920326814,1.30503393257774,0.673751122365801,5.67333960618853,151.634043852382,149.601113310931,1.6848647344365
"ZNF429",156.207934395912,158.09085556423,0.631578965390185,152.266071998181,154.640944628505,156.897624463422,0.80129559026142,0.62516742524411
"ZNF451",1.46615822915371,208.533905332015,85.6910270799787,0.434018851250196,0.804448182878034,0.547424703362227,1.24259474736341,1.16203343061558
"ZNF483",218.561363553331,2.19577838833332,0.61185215114402,0.454211295365057,0.548235514425417,0.901362539816339,218.155185744056,0.34569072610997
"ZNF487",46.9163266379777,57.3183085028398,28.6534788856731,23.1329665342504,57.4031885875935,1.04563575452464,31.9237279241355,0.631523542952994
"ZNF493",200.525721197597,205.846070512601,201.716263641076,1.66648836874275,197.121271968813,0.660622546733661,0.655252181744257,2.08443498306445
"ZNF506",1.59868527042795,0.663553933531281,154.271117162075,153.683751252624,0.533809626956643,0.636280502019047,0.376082996270262,159.156219819171
"ZNF507",153.545653622563,0.40480217188527,154.496454938986,0.443405524144538,1.19993860889188,0.570003663164611,153.194920915578,155.754832598085
"ZNF516",163.283592655723,164.029940673544,161.529301609541,1.35948623527552,0.711288998992152,0.751074962641271,1.55794032645092,1.26223019377277
"ZNF529",156.947376916121,5.09047378406616,0.391644512015184,152.662348653149,158.587372920894,2.40569694656429,156.460464781236,0.601788875814405
"ZNF540",157.359675732347,4.76495688005895,154.845823461398,1.54234733943748,0.591232435870253,156.54503875317,1.24955662861278,154.273706361197
"ZNF582-DT",1.38529025362649,194.33861010882,0.569637681886016,192.724314093196,193.52861172732,200.988506188562,193.226763374982,4.84558113131242
"ZNF618",0.448323521132908,164.442297646398,159.448728968118,145.172331191954,165.471993965909,164.581572522311,165.453235706196,1.00004396083242
"ZNF638",0.478257414260566,0.940877511776835,0.500886165564588,1.76487005663254,0.674052112829072,0.616515608773558,214.964203306032,0.630389192052728
"ZNF708",6.01597973779374,2.7727155591781,5.62370174477887,0.493541150744975,1.3866993048215,10.4878251113902,200.585476242031,202.66320965192
"ZNF721",153.731972642187,1.06498240642726,0.564927535293363,4.17220339032806,150.525662224531,145.373725261057,0.896361649700088,1.07208292490782
"ZNF727",157.324665842458,155.707234555598,0.472803821877936,150.830825338356,156.618363682391,158.682240885176,154.257551674728,2.85650486408358
"ZNF737",3.53808600067957,0.480406702820338,154.478033939926,1.59429684458515,157.317779170627,159.424634378768,2.26710395786487,153.213459568872
"ZNF766",4.81718192817935,2.98914269705526,52.118689892096,35.8964172764062,0.826720395443216,66.9460928363071,0.468266168733306,56.0266593928185
"ZNF770",237.486426499716,2.82999875326484,2.3307239443776,0.570621497943873,0.604342817434424,1.02729636617436,2.16724967959696,2.06863883806916
"ZNF830",58.0930226434127,64.3614864408171,37.270496309239,0.464797178836384,30.4652650701413,2.28703520577355,45.3385540814461,32.7162013485348
"ZNF891",172.237390266166,1.20475515828302,155.256527001439,152.670528893905,162.848632019532,154.862368833971,155.50571201592,0.361263331744635
"ZNF91",0.735940094451358,1.15686042769885,0.515757865838143,0.749368126642232,5.67667781362618,0.729503746654094,0.874688600672374,221.077283081534
"ZNRF2",154.450182543661,1.66331299780053,151.547695936985,0.55478806735681,2.50949331615863,3.37405715262856,0.797497840850247,157.070032045162
"ZRANB2",2.31975394109678,149.045374019365,0.638783101360178,0.776117727553049,0.918975001718206,1.15480792178138,0.500485311890465,0.56724585982671
"ZSCAN16-AS1",0.679381492336953,0.859072887765376,0.517752991803521,6.26527624712035,0.559033887917837,1.13838239695454,1.47436756682009,281.268309777542
"ZSCAN18",1.12414402241903,2.26930315363073,8.04780137915685,1.23494916252146,0.640112392094854,1.73732929421217,2.22072410195689,0.448409202359564
