"","Endothelial","Oligo","astro_fibrous","astro_protoplasmic","neuron_dopaminergic"
"A1BG",-19.6469683208608,-10.4700562779055,-13.7928160419391,-20.2912435058583,-19.4725625028643
"A2M",-7.2203008717057,-10.7441760103418,-9.71600051635701,-9.8726587627523,-20.4722845414221
"AAK1",-18.9727445103364,-9.88697989683106,-9.72866088869894,-8.44170910062149,-8.65731739245794
"ABCA1",-11.1089698392819,-12.9198919623944,-9.92034951086503,-9.52607610554782,-10.8719145953609
"ABCA5",-9.35819997201712,-21.0842107092118,-11.2418797876784,-11.0644643799178,-9.77997103919128
"ABCA6",-10.024592745398,-10.1900874464399,-11.864592357107,-19.2836784541436,-10.4435916981549
"ABCA8",-9.57826067172522,-9.65619057377998,-9.5979179491243,-9.50691700256053,-21.3222773788822
"ABCB1",-8.24518222421621,-20.4011389720513,-11.4792204782625,-20.3504580202258,-11.1804734244339
"ABCC9",-10.2351835574566,-19.2564169031383,-20.2862682996803,-10.9751038584752,-10.1713953414643
"ABCD2",-19.8694323217104,-10.5243257380846,-20.6104342589028,-9.59056578232445,-11.2221797394334
"ABCG1",-18.8182037185921,-20.8880762496095,-11.1426748318241,-10.3316235774299,-11.6351282887734
"ABHD5",-9.16602486729431,-10.2858502862324,-9.89899797672069,-11.6590151369795,-19.8580810310732
"ABI3BP",-11.2994056342957,-11.1967551043794,-20.8421662789301,-10.1095621654265,-20.4615584952423
"ABLIM1",-19.0073347429831,-10.3236089606255,-9.16596034386876,-8.81451150012446,-9.02305011016758
"ABLIM3",-9.61994668596507,-21.1746939535596,-10.7316336959899,-16.0203035348614,-10.9100052171045
"ABTB2",-9.69082293394106,-11.7199561439404,-22.3693780366847,-18.171445562376,-12.5105604261001
"ABTB3",-18.8507783640367,-19.5933228960477,-9.79408685578732,-20.7272759998448,-9.63793566545698
"ACAP1",-10.2481927133818,-21.6766094575449,-11.242308479291,-20.4367861511094,-21.1361256620074
"ACBD6",-9.28310482585546,-19.5545200682893,-11.0565024887487,-20.2346918593709,-11.3705921163521
"ACOX1",-8.32255860681637,-10.8896338894437,-9.43663948133008,-9.15833161140647,-9.93428814184784
"ACP1",-18.7369039443871,-9.63894953234311,-9.88482990679558,-11.1450424079319,-8.82484607278526
"ACSBG1",-18.1547281788388,-19.8960177699194,-7.93842321572887,-8.31344045864521,-19.6560601364365
"ACSL1",-20.3210450667275,-9.60606330048295,-10.1925847048692,-18.6123643383782,-21.5601640301167
"ACSL5",-20.2560832962588,-13.2413867584382,-11.785955940581,-22.1039209977105,-22.4203586560219
"ACSL6",-18.9408102068611,-17.3131063798772,-8.83792360890829,-8.5997043545595,-8.18188189442444
"ACTN1",-8.33620311072333,-9.82987287146147,-11.0249086088633,-9.99263210569054,-12.3609780183992
"ACTR3B",-19.0199908001218,-21.6635593311779,-12.4117112846373,-13.9218012900195,-9.97745264326192
"ACVR1C",-9.8083277182747,-10.9609097936612,-20.5517648244705,-12.3150131483259,-22.3772349510328
"ADA2",-10.950157596832,-10.6050044168631,-21.1240999509335,-15.089821973758,-11.0190980300604
"ADAM10",-19.4312568305444,-11.0553534827604,-8.86488254279174,-8.42940018926346,-10.872125886266
"ADAM17",-10.8948856369102,-11.2674783305836,-10.5601472947849,-20.5207006411777,-10.5197476122136
"ADAM9",-19.46677589416,-14.33366087997,-9.47090709334684,-9.64071122133307,-19.8948875009343
"ADAMTS1",-7.30886918060911,-10.1547158722549,-10.4716529733741,-9.27121732146716,-17.2831170523239
"ADAMTS9",-8.67330125040297,-21.0594858652077,-11.0223603026541,-10.1780722802899,-11.4157368336063
"ADCY2",-8.16800716657121,-21.4232293005956,-9.45700727442114,-9.31636104487383,-9.65336303105359
"ADD3",-8.20938745570716,-7.56121754370109,-7.42503678880565,-7.46216062485971,-18.8505563417768
"ADGRB2",-11.4018016000028,-11.0497948628249,-10.6107340229401,-19.7300641609255,-9.12205478297238
"ADGRB3",-10.4907412933999,-10.239221182804,-12.8933298969443,-20.2894807191733,-10.0908756887436
"ADGRG1",-10.6706861917682,-9.57911076446133,-8.16535873951431,-8.63670411720431,-9.68689429126455
"ADM",-8.23136937488403,-9.67314320004269,-9.68169173443919,-9.52593494044319,-12.7327208210762
"ADRA2A",-18.0148007271637,-9.95490871798544,-21.0128720084559,-19.8401255916616,-21.4315038090517
"AEBP1",-9.41383233914041,-20.0863119659852,-8.93901872274116,-9.24162992565076,-11.843520931726
"AFF2",-10.6302895753899,-21.0363944718717,-22.3554644887241,-11.4195939844503,-9.92585151979109
"AFF3",-20.1175066103073,-21.6178755969116,-11.2728355614282,-9.3342082845004,-9.38806852703443
"AGAP1",-17.4730127347429,-8.21951669789231,-9.85141746884513,-8.43172934762411,-9.06722949470403
"AGAP3",-19.4874233606783,-11.5361477586336,-9.67573554466778,-9.24049671637363,-9.49342489367642
"AGFG1",-8.97930811572633,-9.28086505933766,-10.6234062643095,-11.0031459464579,-11.8643383915752
"AGFG2",-18.6829264799401,-10.4188499245277,-10.1470503017082,-9.48649987756017,-10.4951430440412
"AGO3",-18.7973911105317,-8.88183485997299,-10.5759354812616,-9.97793728604107,-18.7495278285056
"AGO4",-19.899964689936,-10.0547095677197,-19.8708560387477,-15.0615836326474,-10.1857065492012
"AGPAT4",-10.3348113194984,-8.14894896642808,-10.4330589297502,-9.75991937608683,-11.9206360753111
"AHR",-19.494727826347,-9.18945737678218,-10.9235248892955,-19.5715751540312,-19.4119665130409
"AIDA",-9.27542174286745,-9.26759990340681,-19.7543257444732,-8.17619310793994,-21.6981991219319
"AK5",-9.69420398977495,-9.84379860628171,-12.3509302419106,-10.0865820525099,-9.2617359428465
"AKAP12",-7.51826200425237,-17.436924329837,-9.18756244661578,-9.45492539792826,-8.19250164981065
"AKAP19",-18.0162877854268,-10.025739925757,-10.1532552923239,-12.1214844109459,-20.2619118416448
"AKR1B1",-18.1581826916743,-10.5557908786606,-8.69736753526987,-8.98562163646061,-8.46872069291239
"AKR1C3",-17.9244018831621,-17.9246522713336,-17.6329209325451,-18.2189383880589,-10.7425548133713
"AKT3",-10.2357859108745,-10.3726981492403,-9.17444153831293,-9.85948525493889,-9.05369438552924
"AKTIP",-19.4688122897383,-12.4285782003338,-9.00418462660049,-20.1578570087278,-9.20864957619874
"AL365361.1",-9.6628612844646,-20.7783178339578,-14.0525949333492,-11.3091357117194,-9.92309800491082
"AL627171.2",-6.88739992286858,-6.60717139913214,-6.81188131466237,-6.70205352748325,-19.5597953863779
"ALCAM",-8.1636125983064,-8.32775179690365,-8.66254991282959,-9.42853087642096,-8.53923620107741
"ALDH2",-9.27823203961955,-10.0293571666992,-7.62778400892559,-8.20877806030016,-8.92132664759469
"ALG13",-17.1409432331457,-20.0840201964091,-9.88910817537707,-9.47131101591029,-20.880010509867
"AMFR",-8.22825327513756,-8.66697915507291,-9.33256891092338,-9.15827088521226,-10.0760459298318
"ANGPT1",-13.4368116069145,-21.5463500741815,-11.1416434134787,-21.4560949640783,-22.1903350402384
"ANGPTL4",-19.8328156596718,-10.0042276530055,-8.2466233067575,-8.29426553642687,-21.50982452742
"ANK3",-11.3723169694917,-7.59005195780142,-8.23421737050327,-8.51174283510551,-8.01033225761731
"ANKH",-8.81282746044528,-9.06912224901906,-14.3199962440659,-9.64082430421981,-8.41644802649845
"ANKRD13A",-17.6803807679804,-15.7276619448478,-10.2830632337705,-17.7477555126557,-17.7028057086182
"ANKRD28",-8.87235245933581,-9.92599780838604,-11.0482226625239,-9.10212920976708,-9.74032852294429
"ANKRD36",-20.1819337896868,-12.7336928418949,-11.647891228534,-10.4311739379431,-10.9519038090427
"ANKRD36B",-18.1129046361541,-11.2557300115947,-11.0313454013497,-11.8561788642291,-21.299923325633
"ANKRD36C",-19.8997302928461,-10.0352080710683,-10.5434711648995,-8.84542191022512,-9.98957759264073
"ANKRD50",-15.8156850597083,-19.9152895036262,-10.280754744864,-20.3265057465044,-10.7330073156483
"ANKRD6",-19.3533201818483,-21.2898770385509,-10.8719269859243,-19.8526059399838,-9.95234932422266
"ANKRD9",-17.6119781388833,-20.3000319449507,-10.2615563111555,-9.68687177914189,-9.64152421744931
"ANO10",-19.0678824485257,-20.002237516369,-10.2372962368142,-9.22516982847652,-10.6549356620514
"ANO5",-20.3929849000643,-21.3360429400567,-10.6390982397848,-10.620129737194,-11.2891327411772
"ANXA1",-19.4147177389668,-17.8619367631869,-9.81736126586896,-10.0192691477893,-19.996298092228
"ANXA2",-7.89037878193935,-10.4302267920333,-19.6766372854694,-9.73758278865086,-9.26123158879862
"AP1AR",-9.04112620209144,-9.89871902986215,-20.5114054298743,-17.9721861488147,-10.0458273356585
"AP1G1",-8.97077624422294,-10.6716303755982,-10.2271358681144,-10.8801022730431,-20.1839236580382
"AP1S2",-8.20505925274324,-20.451622844466,-10.9076543756657,-9.64059198618987,-8.94183798145887
"AP3M2",-9.52211811114462,-19.5810190669257,-9.83651386389521,-21.0589517634577,-9.28753964030672
"APBA2",-9.26691055707352,-17.6348677933232,-8.92252534745557,-9.21245156418165,-9.25450608799949
"APBB1",-7.97817108646679,-8.06939598596214,-18.4392836357066,-10.823073910416,-7.39098812654145
"APMAP",-11.0727215866214,-20.54922453901,-9.9114914855086,-8.94528266346006,-9.05084184246414
"APOD",-7.20021426504797,-6.31178775338322,-17.6333052640801,-11.3334266982538,-9.68361843365713
"APP",-9.07611290487117,-6.81748305640564,-8.07004193341936,-7.6631499867696,-7.06222164025202
"APPBP2",-10.0042290384479,-9.53604611663477,-9.4943123265886,-19.2640717340826,-10.9627414800822
"ARF4-AS1",-21.7128522720516,-22.3171033773096,-12.4560484924011,-11.7338004506251,-22.4991192905787
"ARHGAP12",-9.01949707717939,-9.12519325328473,-10.7137947384109,-19.2837502034165,-9.2531610133624
"ARHGAP22",-9.45191938942105,-10.923620957277,-20.2336430660939,-20.7291737277781,-13.1316520981296
"ARHGAP24",-10.1134281995153,-20.8745824440761,-20.9861601144256,-19.6504910642908,-9.47941727765842
"ARHGAP29",-8.51451867674677,-11.2949951051106,-10.8202377730358,-11.5290067957689,-21.0798467575476
"ARHGAP5",-7.65788468540108,-7.55516674061599,-8.16503775044095,-8.33334036955338,-8.41526137006017
"ARHGEF11",-9.81132637480152,-21.1698961316568,-11.241044279276,-21.2617412161417,-9.83053700409258
"ARHGEF12",-8.59054503687783,-8.57639252478852,-11.483541275634,-8.6777021663707,-9.31954268354602
"ARHGEF28",-17.8420594573257,-18.8636770137383,-14.6953136459579,-9.52199301843585,-11.1254455133049
"ARHGEF3",-20.0335672067976,-20.2848687917603,-9.98162229773035,-20.5265752269395,-9.32412892452124
"ARHGEF40",-19.8553006326098,-9.77486420970128,-20.3799680931977,-20.2431020745001,-10.8555636042392
"ARID5B",-8.76494453740334,-9.55166392914431,-10.0909547383534,-11.1084453616282,-11.7480876143346
"ARL4C",-9.00065858376478,-11.9065101411037,-10.5432202766358,-20.8439404110257,-9.67215748082995
"ARL5B",-9.62157346272199,-20.9316309034011,-10.7827190242315,-20.4024678467955,-9.93941265707372
"ARL8B",-9.18242030700477,-9.22738132756627,-9.04164723184007,-8.46765587911617,-9.1325604062926
"ARMC8",-18.6037018487806,-10.7364721618989,-12.7138401725893,-21.2830165669574,-9.24339084437886
"ARPP21",-10.9603147011243,-12.4096722171864,-10.3190336465259,-20.031147334345,-20.5003876233177
"ARRB2",-20.0742915808625,-20.5216087223648,-10.0645989200865,-20.9007486736927,-10.6433846903091
"ARRDC2",-19.1324585266572,-8.81020236734781,-11.1933054141408,-10.2450971539872,-20.0791987802276
"ARRDC4",-9.68301012172087,-9.96260869994175,-10.7444043005253,-10.0661889254175,-20.2536044923305
"ASAP2",-8.5480258199523,-18.0971327459146,-9.47563187081056,-10.4056725436352,-10.0519735744195
"ASH1L",-8.78496360355934,-9.00661837832129,-9.6722188169768,-8.66424112082978,-10.3091027360731
"ASPH",-18.4568738713496,-10.9128391243435,-8.13170232041936,-8.00944701203379,-8.64211537291048
"ATAD2",-9.50659187559508,-10.5594747125475,-20.9018602770371,-13.7145839460018,-19.3912637761199
"ATF7IP",-11.3967889996911,-10.17280776212,-9.13842435927562,-9.33112380723346,-10.7991134872435
"ATF7IP2",-10.1931939274419,-10.7980372495153,-12.1875597723731,-13.4841600997718,-11.6394932175668
"ATG16L1",-21.1630967044419,-14.8155309453218,-11.7257039738548,-21.8800380230288,-20.8110200838908
"ATG5",-9.3326027818371,-18.8036436491079,-11.5100954160923,-19.711974695075,-10.7050329232832
"ATMIN",-9.25956232963786,-8.60367710567525,-9.30489987304975,-10.9750546976409,-9.28227325557662
"ATP10A",-19.3268002547324,-11.5529629246182,-21.438841466286,-9.70615526447751,-19.591451514244
"ATP11B",-19.5326150984839,-9.90503783288028,-19.7191930505681,-17.9496360649829,-10.4629083987124
"ATP13A3",-10.1249176960949,-14.0159831385975,-9.73684424718215,-10.2091970668836,-10.3682101868635
"ATP1A3",-9.47390139882142,-10.3866100427284,-20.6789974824152,-18.8504486809792,-7.41419996586277
"ATP1B3",-10.5236509753793,-9.85871031152482,-9.23845238542667,-11.2418096780079,-8.56377806688739
"ATP2A2",-8.30328595879665,-9.20735765242604,-9.92326044253021,-9.27141372623139,-7.95229847578803
"ATP2B2",-9.60433020778597,-18.7805026763576,-9.41576521070078,-14.8130613660468,-8.72267431904661
"ATP2B3",-19.7242190035377,-19.2162940954728,-21.2096692010127,-11.3188221266834,-8.94965980917604
"ATP2B4",-20.4351738344846,-20.873180133493,-9.45234399052758,-9.12274692587039,-9.33297812314182
"ATP6V0E2",-9.06954778348729,-19.4192435339868,-8.79225809199553,-7.78071333909128,-7.90709836084692
"ATP6V1B2",-8.51100572787026,-17.2275211813422,-9.62964747607439,-8.76988706569986,-7.08229675023783
"ATP7A",-19.9848872249763,-11.0587300498928,-21.4853361043068,-17.9101024051456,-10.8905941829388
"ATP8A2",-8.10470134584109,-20.8284022413102,-19.4470650776801,-20.5030522123239,-7.8105482186266
"ATP9A",-8.26903703001223,-8.13794479356672,-9.59404912802331,-19.4526210930236,-8.03132213114637
"ATRNL1",-21.0254579330715,-14.6666278609736,-22.1897656521341,-21.1899429992257,-10.6452634169079
"ATXN7",-10.2234060722098,-10.5344272453251,-22.2849113424208,-10.463428555903,-22.4919391188185
"AUTS2",-9.59687871426614,-9.72928503349982,-8.63822387134688,-9.00545244869225,-10.5194626070416
"AXIN2",-18.3218309831103,-21.5657222052751,-11.991202904556,-11.5934606904148,-13.0191151703989
"AZI2",-19.9254071748045,-10.8599568145854,-9.62272903685764,-9.30304933553884,-9.46282078542741
"AZIN1",-18.0247258107507,-8.84128433575539,-8.84828165569157,-8.49675220640839,-8.71665271670054
"B2M",-5.69723357307617,-6.71545800390037,-7.97294493177317,-7.84099436586645,-9.99744139166184
"B3GAT1",-9.97044953588618,-7.68324568059469,-10.6899662975616,-10.1792530549237,-10.0538275011987
"BACH1",-10.3699554598043,-10.3548645268525,-20.6779843934861,-13.685785095845,-22.2884775738899
"BAG3",-8.00649530331043,-19.4219735783827,-8.13050094395491,-9.46971069217521,-18.9365777474193
"BAMBI",-9.41759047218305,-10.2106026536481,-20.1833213287939,-20.3091838897316,-20.6551007482727
"BASP1",-17.1531124234951,-9.85201053070152,-8.87611194328499,-9.00931682039501,-6.55238530539612
"BCAR1",-9.02805629775259,-11.6790303503451,-10.7761059869885,-12.2493422319504,-9.51487899530287
"BCAS1",-9.97216974699527,-7.00944186629134,-7.11074244013728,-7.07018031504315,-20.0171941386405
"BCAS2",-9.85749862939247,-9.51484586756198,-10.4801435469036,-9.95274018366214,-8.3325868691887
"BCAT1",-18.539048211625,-9.6062239295531,-16.3821071953099,-18.9357241256921,-8.09329043200854
"BCL10",-18.8836735541095,-21.4564849764403,-9.86421532001135,-20.8887569411715,-20.4616428348438
"BCL2",-10.2723144924092,-19.9757053798467,-9.22624114568683,-19.4614313035514,-20.9206972403903
"BCL6",-9.98955406962046,-11.4978886634413,-8.17176070572657,-8.38771061749667,-18.078530097462
"BCL7A",-20.7516656727024,-14.9288754887144,-20.9024905704212,-18.2058186274531,-9.79975209854364
"BEX1",-8.41048977254915,-9.2794931931454,-9.50115044197564,-9.40066919285341,-7.14242276747099
"BEX2",-8.73922041435806,-14.2196601896044,-9.32557171503668,-9.62940088732466,-7.82011283508549
"BEX3",-7.94360944543901,-18.2622185106351,-7.97780346359631,-7.61635423306637,-7.25592967421854
"BEX5",-9.53727376678095,-13.9378424859676,-9.47096383783581,-8.84716240240017,-8.20718081421666
"BHLHE40",-17.7210854553086,-20.2192916343747,-8.61628425726795,-7.97977641125398,-9.67883056050647
"BIN1",-7.98121793994339,-7.72816321852519,-9.70798130969316,-11.0501053328447,-8.66234818359277
"BIRC3",-15.78893028155,-18.789644021365,-9.8670590603519,-9.81601986084388,-20.3374665499466
"BMAL1",-18.8786164571309,-19.1403455808669,-10.7409541128957,-10.0405378362395,-21.1175746263497
"BMP2K",-9.41095205238267,-10.4075246880246,-10.3406875313758,-9.84065341447246,-21.2294449792723
"BMP6",-8.89050772778163,-21.3600560681034,-20.5140097305712,-19.9962944779813,-11.5203409260986
"BMPR1A",-20.8390622221624,-21.4828605575143,-9.99354006380485,-21.0920001992629,-9.67566287472303
"BNC2",-12.0980763564858,-20.7480884056174,-11.1572836285455,-10.3994319747793,-9.93413772492101
"BNIP3",-15.678108460044,-8.4201428041616,-8.89468455279506,-8.12677105130589,-10.0535458171588
"BOK",-10.3912544503209,-8.74186955236465,-10.2712943463352,-9.6475667049882,-11.1706083329
"BORCS5",-10.0222597187239,-20.6941196817958,-11.8938087803026,-10.5395381112964,-11.3033132772376
"BORCS7",-18.9031718625526,-8.94824418778781,-9.7980246392648,-11.9130202578784,-20.2469227676103
"BRD10",-11.2326091305394,-8.6324266741763,-8.73709811458758,-8.9858988497254,-10.5346423074395
"BRD9",-11.1568846389649,-11.2780732295086,-17.5009156734177,-10.4134175181443,-10.304547965515
"BSG",-6.71967607557229,-9.48289156717953,-8.44849635050086,-9.48413434460954,-7.94511306830478
"BSN",-10.6751786846325,-22.0140393199985,-12.2744388286908,-20.5379229223225,-9.512404331725
"BST2",-8.2342691746313,-18.5323268416888,-10.3217160152006,-11.2108444066598,-10.1042542134683
"BTAF1",-9.66185735270617,-10.922868991923,-19.2859904758242,-10.2232040585525,-9.78736943164017
"BTBD9",-17.6930396346731,-20.169817495775,-10.8364630251817,-18.7280292391053,-9.97771907689191
"BTG1",-7.81243457135349,-9.35274101683773,-11.5755691101265,-9.93289935231442,-10.7185990116342
"BTG2",-7.97080783352216,-8.99469556295196,-8.86821129275378,-8.78698788026584,-19.4660609257805
"BTG3",-12.1531893958123,-9.57807159170384,-11.5518584830099,-10.7829501509363,-12.4626369583565
"BTN3A1",-20.1659966295618,-11.4253608685534,-21.7511666009845,-18.3123695404657,-10.3168435379212
"BTNL9",-9.42741823153919,-17.6301695104182,-17.6550726566967,-11.4095073757604,-15.7753726546117
"C11orf96",-7.88308461125995,-8.43494424427578,-9.19772235897739,-9.04115102014379,-9.35373056835607
"C1QTNF1",-9.23859832065452,-12.1275348535126,-10.2177241294955,-18.5893484887422,-20.3553149444814
"C1QTNF4",-7.85517958621539,-16.6447333313297,-9.3231450071338,-9.34896279437383,-11.100427368781
"C1orf198",-9.68064610807015,-7.82589393898516,-10.2494835819676,-18.2853271670778,-20.6908980416645
"C1orf21",-13.0424453588514,-10.07574227581,-9.88863343319397,-10.1983075971004,-11.71138160256
"C1orf52",-9.99577392934183,-10.2201261626245,-11.2490444016916,-9.20190800707149,-9.34746764776212
"C5AR1",-11.0047589436921,-21.7433727669857,-22.5713281775426,-21.3853894305137,-13.5978795708859
"C9orf72",-18.3625937649086,-10.4190866358014,-10.0136118378739,-20.1904500566958,-9.88223072665667
"CA10",-19.2382718823111,-20.9181395078963,-10.4711517554715,-20.93474092335,-18.2184444519752
"CA11",-10.0641772137494,-10.3861524693982,-10.495118672743,-11.4967137493754,-9.96289077875457
"CA12",-20.5001994544087,-9.94107531192771,-11.023134855307,-21.1421008142616,-21.4458981384528
"CA2",-8.53949420827631,-9.14865692545728,-19.7420717400904,-9.64600957547477,-21.0124105871844
"CA8",-20.2175238554665,-20.4484673937433,-18.9598609155745,-10.9895615412007,-9.17159647628019
"CABLES1",-8.26430935814209,-18.6201641690534,-9.64514316062877,-9.22308485321796,-9.66633551616914
"CACNA1A",-8.45704170743081,-19.355603503214,-16.5961169595931,-10.8729489388331,-8.06203369294781
"CACNA1G",-20.5163312818897,-11.87658211719,-11.6614152000807,-20.9828987604897,-19.5568402845457
"CACNA2D2",-8.78615818551259,-19.1177440244474,-9.93293981564709,-18.8671371944699,-9.22055077292748
"CACNA2D3",-9.60670967714696,-19.174102157439,-11.2098079239248,-9.33254357530862,-12.1014894731396
"CACNB2",-9.79122416518432,-12.8036727222134,-11.0801402084567,-9.45842666671248,-19.6027235319598
"CACNB4",-9.45253626324797,-10.3061195531632,-20.4657453833023,-10.5253355490758,-8.37588430849432
"CADM2",-8.16274520320432,-8.14538259325198,-7.61028718102871,-8.56868412733646,-7.48281207458311
"CADM3",-8.02865727070989,-10.6114385428865,-19.5242822174259,-19.9104166172717,-7.90022904334846
"CADPS",-12.0500737660028,-10.4768427657666,-10.2695747814568,-15.9808900793507,-7.7130555406144
"CALB1",-11.2598793846044,-15.1476178008826,-20.1356547389827,-11.4321648275574,-9.34346952468259
"CALB2",-12.5180926473726,-10.8652232599575,-13.3121315991215,-11.3186765252983,-8.80019398765908
"CALD1",-8.83857938941894,-9.22377861556532,-9.85585890146911,-8.38795717128661,-21.1859509089035
"CALN1",-20.2984976430722,-20.302118699219,-10.6951986307157,-21.3423183614779,-8.91031976519792
"CALY",-18.1290378774915,-19.5101084553311,-12.6445335669896,-9.05432842017425,-7.25348195672986
"CAMK2D",-8.65588192357468,-9.53112430545104,-20.8549522382692,-19.1080710686054,-8.70060509046561
"CAMK4",-10.0110938426929,-20.6013834423759,-20.3547295630971,-10.0403434204368,-9.79107592832122
"CAMSAP2",-7.6737013533063,-8.17677358263798,-10.5585908788951,-19.2228155631056,-8.26355469627248
"CAND1",-8.07790092895194,-9.57712982411275,-19.7399776145406,-8.21782717209177,-8.76269895447882
"CAP2",-9.20086134360747,-21.094332182868,-14.5210770986852,-15.9631112854284,-9.06196662093677
"CAPRIN1",-8.26120084161925,-8.70461990224848,-10.583446075243,-9.81991015240979,-8.80479702695473
"CARD19",-19.3775686203299,-9.43682703119721,-20.3243925905753,-9.62772882246054,-10.6670937115823
"CASK",-19.1776827042287,-10.4732088427694,-9.18459230375517,-9.34309411429477,-9.29185656706758
"CASP4",-9.70771556756599,-21.4287615593789,-11.198147172484,-20.8765508064003,-20.8103921288177
"CASP8AP2",-19.1957910434394,-10.4301742632105,-11.8691032027761,-10.4056535296803,-10.2541226408336
"CAV1",-19.6559493481172,-9.32664773485489,-19.3808301988377,-19.9429911818887,-21.2654103012886
"CAV2",-10.7127602931624,-10.5085381511096,-10.1589268154452,-11.7240571299302,-11.2199444456505
"CBX5",-18.8117552978226,-8.50931806296239,-8.495991389782,-9.67832068406708,-9.88303346016191
"CBX7",-11.9652192103868,-9.86657082776281,-11.7933979074286,-9.89529112211079,-10.2030484324196
"CCDC102B",-20.1477026822782,-10.9968364332724,-11.213921486429,-9.4592619908434,-19.6084426528499
"CCDC148",-11.0534902452146,-13.0559962019662,-22.26977699208,-11.16794156505,-17.0544334303443
"CCDC184",-20.5405244010077,-21.1110368786832,-20.8522729247039,-10.2191813562362,-9.85507900575288
"CCDC186",-8.90717566811829,-20.6990598112177,-21.421629448529,-9.08816968306231,-8.85646744048969
"CCDC50",-8.95464867067803,-19.0811877132566,-9.23295072061531,-9.82122711498688,-11.1152705947615
"CCDC66",-19.6049723068977,-10.870901815373,-9.32438364878176,-10.5178980682621,-10.5083484797034
"CCDC7",-9.1318842129981,-12.0855008986217,-10.2593897243009,-10.0584003266283,-19.7860178630013
"CCDC91",-8.7150710563312,-9.1510497522007,-9.11693597818407,-9.60150996488506,-8.76041544684322
"CCK",-19.9398812713305,-11.1502224291031,-11.8248960359251,-10.1115016509144,-9.42394625509315
"CCL2",-19.3536881326664,-9.69584396715539,-9.24502803830795,-10.2214232643714,-21.6678421661537
"CCN1",-19.5694493206819,-11.5719361261069,-21.2813143413807,-10.0204442377118,-11.0778633591645
"CCND2",-9.70838220784041,-9.80800086033967,-11.6329284106674,-10.2759215654078,-11.1217362431194
"CCNDBP1",-18.9030982152791,-10.0360507867715,-11.4090774840805,-9.4713279723919,-9.43734179340361
"CCNG2",-9.2306511337818,-11.1769224653938,-21.0009591247607,-19.8919660967408,-10.9258686646162
"CCNH",-9.73185982369835,-20.4741840207486,-10.1141291880433,-19.8397702510859,-9.50252347382377
"CCNT2",-21.0546948156639,-10.3003373986078,-12.0051358938881,-10.608540207741,-11.2758566919402
"CCT2",-8.8829030526442,-9.25459605064155,-19.5126118389984,-8.912169177505,-8.66659675192146
"CD109",-10.5700457330166,-21.6326628549127,-9.65056165658762,-9.98028943464118,-12.7998748524493
"CD14",-18.8908453484123,-11.1645144100948,-20.1543276413364,-9.96430592536762,-21.2790935820754
"CD151",-11.3833204036981,-9.42769508687433,-11.4668660207783,-19.5109523314036,-11.1273559782905
"CD164",-11.2756162649377,-8.50541092043074,-10.1118965863079,-9.64531902558188,-9.55000891114119
"CD200",-19.0039120893273,-10.2921550275924,-13.2360470229487,-20.2945133951918,-8.52619966719564
"CD24",-20.7851389994164,-10.7206652268853,-20.4615396129224,-21.211085650024,-8.96114092894248
"CD2AP",-18.1459213938541,-9.6517992208468,-14.0266143297014,-20.6302029986163,-20.653888573782
"CD2BP2",-19.1886635211776,-10.6348415186847,-20.7724683367528,-9.4337711899884,-9.48878597371858
"CD302",-21.4108102050695,-10.59432003923,-21.0361646028659,-9.98488057312575,-12.0418674502682
"CD320",-8.43431951404843,-20.0746591163597,-20.3375147299257,-17.4048523792467,-9.86874779284611
"CD44",-17.9938385694527,-9.35848187313789,-8.13321229087445,-8.17868045930497,-12.0530672461661
"CD46",-8.78197679325825,-10.0936315101306,-9.12267831694497,-19.6898409095788,-10.7164210483378
"CD47",-8.92395868528302,-8.86201089403526,-10.1162928793733,-9.92432527659584,-9.67397537114211
"CD55",-20.239197331041,-8.64981167992106,-21.5343080312229,-20.733298732045,-9.18416611107665
"CD59",-7.23617136377422,-9.58422240946112,-7.98079787668511,-8.56272238600073,-7.43360911078654
"CD63",-7.60979667768129,-8.54453170175314,-7.82826573452839,-8.9108869616051,-8.58166154495193
"CD81",-8.75634260652295,-8.44665928503844,-6.79801715420629,-6.95167733865608,-8.34707842805813
"CD82",-10.6737852630415,-11.0878964706106,-9.23566308498827,-8.53562276159457,-11.0873425967249
"CD83",-11.556619188225,-20.6125115617056,-21.5192491396781,-10.4565605238384,-9.33699988699603
"CD9",-7.80368983266923,-7.76323667238703,-9.22550549440385,-9.32609743853856,-10.437423576662
"CD99",-8.52920835391824,-11.1788824605255,-8.45443264926649,-8.0991708203129,-11.2373894169846
"CD99L2",-9.24081085622985,-9.94024153464986,-9.53713353465474,-10.0815935675812,-8.59909862381282
"CDC14A",-20.1317140382364,-20.7270866209041,-10.8753665822331,-9.82691758753768,-21.4506848531921
"CDC14B",-18.7872668138506,-9.80870206903841,-10.695846999879,-9.84199950885763,-20.938844934656
"CDC25B",-10.0154756547914,-10.828153231738,-13.1602419978146,-10.388891376749,-21.0191779975353
"CDC42EP1",-9.47855917791098,-8.93471203379283,-10.4378147219339,-17.3938371593318,-19.065354074137
"CDC42SE1",-8.60216642499052,-10.429141955742,-19.692791795445,-20.0835744251161,-9.84060942194266
"CDH2",-9.53214159585239,-10.2919882188497,-10.244731857189,-9.3863825102633,-10.3855986535409
"CDH20",-10.8198611568101,-10.559518580939,-9.54190097455592,-12.1389525736414,-9.87518346946206
"CDH6",-19.4853505394987,-10.4562273896566,-11.2012252789297,-20.4885221739795,-9.41220937193022
"CDK14",-19.0421861678583,-10.1549046941645,-11.1456756200245,-8.82745007011853,-8.43607811692228
"CDK5R2",-19.5613055817153,-20.8215771263498,-10.7615953034755,-20.4955600140826,-9.4883770663269
"CDK5RAP3",-19.5826416471753,-19.4755369985301,-9.83950381707937,-20.4055082810998,-12.0621541363725
"CDK6",-11.0292970473565,-9.59682665245183,-20.5330231261931,-20.2517618502928,-21.0726834072976
"CDKN1A",-8.21934560963151,-20.1340899980469,-9.63049929317201,-9.61092501382757,-11.6348810968759
"CDKN1B",-10.5235561340083,-8.58394405865469,-9.1963125206786,-9.61358379148353,-10.1110770636762
"CDKN1C",-8.0773785936333,-7.13577959672036,-10.3151650297813,-14.0081530681286,-20.8757827134346
"CDKN2AIP",-9.74421823554917,-10.2603129101064,-20.7339202408866,-9.51625971290463,-19.5071621466303
"CDO1",-18.9726966038684,-10.3120901306354,-10.2941160137515,-9.32120346409453,-10.5538199357136
"CDR2",-20.8962889045373,-22.6385958650503,-22.5156674213739,-10.4529385673229,-10.8778253180888
"CEBPB",-8.71549685705298,-10.5490739779435,-8.92380116421525,-9.16897297252429,-17.9408868373323
"CEBPD",-7.99023572793505,-9.08119211070411,-8.72738224931216,-7.98057091620133,-17.0048386907162
"CELF4",-19.2764825313264,-10.0943727070377,-8.46445210877428,-8.37293562109189,-6.53324187121749
"CEMIP",-21.9207420678395,-12.5001836677076,-23.1330637402415,-22.555280736365,-22.8810293163864
"CEMIP2",-9.10846265667067,-17.7217708416113,-15.7911016867842,-18.1269275496521,-10.6481387679045
"CEP126",-11.6912774432715,-19.5038792004496,-9.27274046902312,-9.41397915566368,-8.94784508263439
"CEP295",-9.79842273622368,-20.1604437836605,-10.2075186686448,-10.6769700988329,-19.9926016346781
"CEP44",-9.46702159456886,-11.1562225688898,-11.1896358716735,-20.1668216000281,-20.8343011697339
"CEP68",-9.69311292048396,-11.4132050489896,-10.6381208924977,-21.3243357789633,-10.5172048280213
"CEP78",-19.8257644839665,-9.85918235167067,-10.3201571451726,-12.3835791367013,-20.6310088758113
"CERT1",-14.8203056776227,-8.90218451563121,-9.91745552788398,-10.0282627707348,-8.96861840198445
"CFAP36",-8.06918963516469,-10.6648203564779,-9.71742926102405,-10.2979601773359,-10.0029372060601
"CFAP97",-18.4670014897632,-10.1445337552016,-9.83863773843123,-9.65269778338673,-10.4783827108398
"CFH",-8.22701279963395,-9.97131004980499,-20.9279162433817,-8.98996165008438,-20.6819877514085
"CHCHD7",-10.2831967152324,-12.0820320389197,-21.2825063893678,-9.62435909463724,-10.6887479100587
"CHD6",-9.45990261493694,-9.47063710775804,-9.26348629727041,-8.40365940670814,-9.63916503833897
"CHD7",-10.3162742746488,-9.00814094983267,-20.0238523733754,-10.1117958544329,-19.5279214968103
"CHGA",-9.72473582188639,-21.182507408173,-20.1762518549418,-20.5558124737438,-8.29523206502832
"CHGB",-9.02447640367382,-21.5759871568028,-21.1847976982211,-20.8557689173339,-8.3474600493443
"CHI3L1",-19.5006690271002,-15.8619979104534,-8.39403716401019,-8.25410646878003,-20.417204446979
"CHIC1",-10.5585482809789,-20.4665658143246,-11.256628311993,-20.7737307325304,-9.89158432081835
"CHMP3",-20.2633903378943,-9.5047137121721,-9.99851830603697,-9.15312357032439,-9.07126008852744
"CHN1",-10.2691045521399,-9.10043796588477,-9.48538835236855,-11.0152557439197,-8.15604942817093
"CHRNA4",-17.1130786158871,-11.8333873077142,-21.7118710906041,-10.4466517568872,-8.41789697397343
"CHST2",-18.892992906577,-9.08787434449721,-11.4840621877355,-20.2842743050698,-11.1874526907306
"CHST8",-17.8385920104067,-10.6641219556233,-20.9353151359782,-19.8726265686069,-10.3403543966237
"CHSY1",-8.21137984156586,-9.92168962206001,-10.5815091100836,-18.3511959490219,-19.9851493215506
"CHTOP",-17.8126289785,-8.32637219697151,-18.85513168108,-10.241244078175,-9.89957226146515
"CIRSR",-9.30879102287996,-9.59692874925643,-9.73872035472641,-19.6538184917048,-9.76251360469363
"CKAP4",-9.14303883430328,-10.5276669250007,-9.86363555704951,-8.29742622159995,-19.6767497102859
"CKB",-17.8370209655578,-7.02956473999826,-6.94612553329788,-6.78885365078995,-6.59897825242232
"CLASP2",-10.0604437054989,-7.77542936671593,-10.9878903626727,-9.25980990156432,-7.87956337393286
"CLCN4",-8.98623442170327,-8.55308883846897,-20.3368398625489,-9.79910532419856,-8.36891674291901
"CLEC2B",-9.68991536448868,-21.2096859096809,-11.1949147018346,-12.0644825148629,-12.2006302985822
"CLIC4",-8.24824257150416,-8.30685628477881,-8.25787372440725,-10.1541936431017,-20.6233261477368
"CLMN",-19.3758529226377,-9.22372673589795,-9.62590166646068,-21.2761713473383,-11.5433837382201
"CLSTN2",-19.8589163078865,-20.391806423901,-11.725329373286,-20.6798951701263,-8.17625414871672
"CLSTN3",-18.0026094752149,-21.8547503580429,-22.0815447988644,-19.6960330894736,-8.48122380062235
"CLTCL1",-19.7468130898126,-10.3819035677756,-20.672526642306,-20.5574272726087,-9.56879620302235
"CMC1",-19.0810594575901,-10.0886452998403,-20.2040202090864,-20.0268429725172,-21.1280187669136
"CMPK2",-8.78740317990685,-20.5151818842375,-11.1684259558643,-10.3656453494195,-19.4777632766991
"CMTM4",-19.1858197300112,-9.66193989844548,-9.3446281552282,-8.95253165847028,-10.3461151505029
"CMTM5",-20.717756164528,-9.54141502429233,-12.2533736083274,-9.66832221370061,-21.3027230179103
"CNKSR2",-8.78197883037152,-21.5041458360034,-10.1429511422187,-11.8088573529578,-13.1406274755738
"CNOT9",-8.32079784570293,-13.8924026914848,-10.8824061352068,-19.5901708262546,-10.2443887683899
"CNPY3",-20.0597292996556,-9.97410877495966,-11.3826599950475,-19.8602232327834,-11.1852063417214
"CNST",-9.36323090021355,-15.2950210311596,-17.3536478025602,-16.4638348184194,-8.44491914137578
"CNTN1",-18.6003770296558,-9.19058842799191,-8.18502410921425,-8.13612785460279,-7.08243785917999
"CNTN4",-19.7979555267679,-20.445838400029,-21.4082216449017,-19.3746002631906,-8.90808413556978
"CNTNAP2",-20.6779866889934,-9.09164945736392,-10.8036936662764,-10.0004474927114,-8.96697052042905
"COBLL1",-17.7556653927465,-19.4174082837505,-9.89228450261862,-10.6049506293195,-21.1470110694741
"COL11A1",-10.243013422187,-16.3434393297058,-15.5473651053729,-9.37018961792871,-16.8597796507648
"COL18A1",-9.78082968079195,-9.86911885835736,-22.2659988004259,-20.394660016547,-21.0491964678091
"COL1A2",-9.54579789197592,-11.2003463887375,-12.0589923902559,-17.9851132673034,-20.8730461319024
"COL21A1",-19.0655150408367,-11.2443356679722,-10.0877661794374,-19.5666168926922,-19.8527532298146
"COL4A1",-10.0113564521647,-10.65178734437,-21.999702052156,-21.7830481249682,-19.3746328687253
"COL4A2",-8.56625581257985,-10.5308685826371,-11.336280274694,-10.0420287566365,-21.2638848438928
"COL6A3",-16.9756273329938,-10.8260575180402,-12.1929337173594,-10.6089490821051,-11.5546215935061
"COL8A1",-10.0366435949887,-18.3073533517549,-18.3143396178094,-13.1183623437442,-18.3400577831476
"COLEC12",-18.7032793140699,-10.6564431211547,-9.19420608236152,-9.98650297779156,-19.5717482055164
"COLGALT2",-18.7751162858201,-9.23005245737006,-10.6495466818509,-9.22492779833249,-11.4073791066455
"CORO1C",-19.1593646476277,-9.48825001461802,-11.7312937737366,-9.38044572956206,-8.97731677662158
"CP",-7.54740050432639,-9.84057834355781,-11.9973244329602,-19.1343349948025,-21.8851500980137
"CPAMD8",-11.924742284677,-10.357144908534,-10.4752189913269,-9.22658134188175,-20.3695722614072
"CPB2-AS1",-21.0265356504321,-21.1529278153966,-10.0989123038098,-9.97520442519092,-10.2721346726381
"CPD",-8.84733054313809,-9.20296339209125,-12.7611878681072,-20.3058668752443,-9.94584286449986
"CPEB2",-19.3753256361436,-9.24526031023817,-10.8209750168782,-9.95930532566611,-10.310658296768
"CPEB4",-10.4135291676275,-7.82843092750895,-8.9095656888347,-19.1680029796725,-8.16545835934972
"CPLX2",-8.90375987605379,-19.954032917335,-9.70050375736015,-18.7950696447484,-6.67513503366077
"CPM",-9.24979139181736,-9.30052106955811,-10.417266547473,-20.9186909821391,-21.9608250074634
"CPNE1",-9.68862822230852,-10.3945576969372,-12.2971597617447,-17.5164985848658,-9.99359443570268
"CPNE2",-9.89951603771084,-9.59654094879792,-21.1822358132099,-9.61346733543802,-20.9883318924405
"CPNE3",-9.02531660292996,-17.2442101500129,-9.74747686822019,-8.44491715882153,-9.1322518071899
"CPSF7",-10.5360591037158,-10.1956135133845,-9.60856468007728,-10.1946245696674,-21.6117929981294
"CRBN",-9.35530994946992,-8.90352230612009,-9.84656516824756,-19.5743433290824,-9.84698187148464
"CREB1",-18.7925053755379,-10.4332829103955,-11.6036676484166,-19.6355033150445,-10.3307729632674
"CREB5",-20.2103224854812,-8.00048468422781,-18.2404576605237,-8.66924850020911,-20.4351583312334
"CREG1",-19.062821802743,-9.27108155807005,-10.2278764449907,-11.580959326261,-18.5279345598827
"CREM",-9.60777883740294,-20.7784793120996,-10.0519106978178,-9.62066424178149,-12.5735692426327
"CRHBP",-19.8873739616767,-9.49702983218509,-20.4534838158932,-10.6220882055919,-21.0202864380419
"CRIP2",-7.19704950065836,-20.1154593177821,-9.62256018985917,-9.17991256677065,-9.87501121964421
"CRISPLD1",-17.6071518778429,-20.5219069350712,-9.21076332005673,-10.1890054830429,-11.9914432787678
"CRISPLD2",-9.64777128100536,-20.5123716519879,-13.7366399121646,-11.2556555415994,-21.5593964187048
"CRTAP",-9.2248973744333,-10.8080977126981,-8.91570867519509,-10.2119670368172,-12.0193483396536
"CRY1",-9.17937846227194,-10.8118281937043,-10.6408552274178,-10.3890507874877,-13.0031802342502
"CRYBG3",-20.391746798895,-10.4119801546646,-10.0002520798181,-10.0573986836313,-18.6738835805774
"CSGALNACT1",-20.1386363506796,-10.6767691773904,-10.5509024913491,-9.29264961141812,-21.2798573952544
"CSMD2",-9.56928838572762,-21.4053470317909,-21.4393160591248,-20.0291379741841,-9.85630750337055
"CTDSPL",-20.4999818811626,-21.6636930589465,-11.3348581619608,-11.1616722912366,-11.9408319140423
"CTNNA2",-19.6450654111424,-10.2673728978274,-9.24636847588244,-10.3746907182139,-10.348884368168
"CTNND2",-9.50960594319695,-9.78031927036989,-7.70062552978379,-7.8783911982539,-8.95092819224414
"CTSA",-17.8323978967457,-10.349844278617,-10.7629264981346,-10.146159086072,-9.95557218900756
"CTSB",-7.59982720819215,-9.88108919301096,-8.2510099966299,-8.53974766754269,-7.66123230500848
"CTSC",-9.27849451292698,-21.11311375955,-21.5933525265096,-10.6532436204371,-10.8400012455158
"CTSZ",-10.5664448635988,-11.6114653319076,-12.764583245059,-13.51905647162,-11.7717790186175
"CTTN",-19.7620783811676,-9.69576317934964,-9.89012444359227,-10.8712025149298,-9.43052027934216
"CTTNBP2NL",-20.7818130193351,-20.8682686488716,-10.2265672306943,-10.1424784048558,-22.2033877330048
"CUL1",-9.42057104086179,-9.74550989620207,-19.5228955451923,-19.5631855431556,-8.88730287433841
"CX3CL1",-20.27579596069,-12.3339117023867,-11.3332906727079,-21.9715171817101,-11.7767164311647
"CXADR",-16.202392747843,-9.34721696059788,-9.52016329170275,-10.3764623281966,-21.210135588648
"CXCL16",-11.2595679512407,-10.2351819967336,-12.0468824515454,-9.73817598709561,-21.0714002884876
"CXCR4",-9.04528193851841,-20.9552218416194,-20.3776724468655,-19.7213566636404,-11.8157835350236
"CXXC4",-17.4650998978702,-20.5876170784663,-9.59766297518136,-10.0170211861034,-9.18560800802672
"CYBA",-9.86943485034328,-11.2146240841759,-10.6405277818679,-11.0494019609122,-17.85893035007
"CYFIP1",-18.9534126594544,-11.8298251397472,-11.0332629954059,-9.11610497940355,-14.9441897562418
"CYLD",-8.11949033951239,-8.96292338866458,-11.986739546203,-19.3088470917441,-8.19344463336107
"CYP1B1",-9.47454323534011,-11.301374150109,-11.9614146964318,-11.9462672590516,-22.0026309761064
"CYP27A1",-9.65523321149898,-9.63294568863084,-10.36941003089,-9.88747014769224,-12.9344784528156
"CYRIB",-18.4687276510715,-9.14408365397194,-8.85343491184304,-9.40696554809387,-10.5933605169247
"CYTOR",-9.07235478620336,-19.1969949338042,-11.3802217583147,-10.4407312076657,-19.4079263550184
"DCBLD2",-9.35384833764622,-10.5453621513367,-21.0021502806588,-12.3572566597237,-10.535539990757
"DCC",-19.3567464940637,-13.069422037112,-11.7298613873485,-21.2030185022771,-9.42472129389541
"DCLK1",-8.21336457285507,-19.547370853922,-9.11845871470085,-8.49368168744279,-7.6715193972007
"DCLK2",-8.39059906482809,-20.4205382711161,-9.09588375264613,-8.97122498717488,-12.6024698698426
"DCN",-8.36850614227722,-9.44092137781164,-12.0145789291862,-18.2055800401526,-21.8530697751956
"DDAH1",-18.9043923626636,-20.9045170514242,-7.95631897269685,-9.090061532034,-8.06003505093762
"DDHD2",-8.75539771750447,-9.40712061381264,-9.73372105169363,-10.4863208144626,-9.2860559776938
"DDIT4",-20.646998649871,-9.25973642123036,-9.46676260413205,-9.73701745605608,-9.6589672779399
"DDR1",-9.12027532939618,-7.82412935043179,-8.08328253377906,-9.62291209863791,-9.45898803434646
"DDR2",-10.146051735878,-8.96198835577517,-9.43099061504736,-9.90150483103901,-21.5379517868795
"DENND10",-9.14649777485381,-10.1401019696854,-21.023107574021,-10.4316792177674,-21.7954538813061
"DENND3",-9.51810039422046,-20.7237973268955,-10.0151383233075,-20.6334372519838,-21.040773150264
"DENND4A",-19.1900339093318,-10.788200401507,-9.5398793692083,-20.1804940240355,-11.4646835856627
"DEPP1",-6.77541902436174,-19.5128009965657,-8.29694896367245,-8.35937197381786,-18.4852276390603
"DGCR6",-9.88921907719643,-10.1429624794574,-20.175270893863,-20.0201344883719,-10.2103164082581
"DGKB",-8.8597523322998,-20.2856877799328,-11.9754954667323,-13.8221824184148,-19.8995289068331
"DGKD",-10.3833255619705,-10.0495321928048,-11.7579860036124,-20.1891383992916,-20.8498364201925
"DGKH",-10.049123566093,-9.87760611337379,-12.4354607624765,-19.7868444020417,-11.0342941790824
"DGKI",-19.8697241343132,-17.367740846526,-10.3706732623737,-9.60744885588599,-10.4500450088857
"DHRS3",-19.2721384876125,-19.2469299345329,-9.57858661033449,-10.6157183036049,-20.1828775547471
"DHX57",-10.7744015095379,-10.0451764397687,-20.0270640861972,-9.76272356238903,-10.4114957026925
"DIP2A",-9.625050681602,-9.66160005002915,-9.82501831064239,-9.59265763313592,-11.9727920418161
"DIPK1A",-19.6967819446666,-9.67306381306072,-10.7254278759316,-20.8493172235069,-9.46391875370598
"DIPK2A",-19.5919231882885,-18.8733636152591,-10.8028287435225,-9.50245595875756,-11.2101838818481
"DISC1",-20.8229331713277,-11.0145088292964,-22.3499857257324,-22.3251513734193,-22.5274231782745
"DKK3",-7.86560789175277,-7.91483668789971,-7.26989519132074,-7.2851937834302,-6.93175243190814
"DLG5",-10.3817861593629,-19.875115807336,-10.3178670823282,-10.2603974125921,-20.9881424826451
"DLGAP1",-21.0084684794431,-20.5084972177573,-11.3208905170979,-21.4433036216099,-10.5677218287869
"DMTN",-9.40924069474943,-19.5797321975363,-9.68432640893078,-11.5787942217746,-8.39219776207302
"DNAAF11",-17.5174315139156,-16.7829911923231,-10.4757179273469,-17.9389832900619,-15.5341639824305
"DNAJA4",-10.5896596249336,-10.85512841094,-9.30130744497037,-10.575338279645,-8.40245952830604
"DNAJB9",-20.0301881620044,-10.5264473845679,-10.5833896223623,-9.61377633727585,-21.5143759261307
"DNAJC16",-10.6218525517164,-20.3191137082927,-21.1046397916162,-9.77793199269165,-9.66071801743865
"DNAJC4",-9.64347999473135,-20.6924977060818,-11.0327034899832,-20.843221207972,-12.8157434093628
"DNER",-18.0983712070243,-7.15007011873405,-7.79256556770753,-7.93629717792734,-7.01733350015975
"DNM3",-7.62501149542716,-8.47880490314239,-12.6175560244439,-8.61425277919083,-7.59433600737066
"DNTTIP2",-9.43414198357161,-16.3779358194774,-9.19517749953503,-9.59911868684008,-17.8553318008654
"DOCK4",-20.2362693413312,-10.1707809804025,-9.04987369802318,-8.82087395959295,-11.1664859582036
"DOCK9",-7.94713074940041,-8.8947517289645,-10.2299364503242,-10.0341423456933,-9.57931641109492
"DOK6",-10.0191335971478,-20.7874859839876,-9.93826968804214,-20.4691066375317,-8.02471939959177
"DPP10",-10.2076607582722,-20.8442479855366,-9.71822152034436,-20.0631597974668,-19.1489603345242
"DSCAM",-20.1940238021311,-21.3070506562556,-11.8616721303719,-9.83494703352779,-10.7216076384109
"DSE",-18.119103384957,-10.0807650497295,-11.1837087235428,-18.1866868794421,-19.5685707409374
"DSEL",-9.23295141661006,-9.24048486950412,-11.7058253564368,-10.411326728683,-9.4491445478697
"DSTN",-7.65423568656018,-8.31676992155202,-8.03819942804198,-7.88735301579036,-6.98721064462434
"DTNB",-20.2047632807734,-9.57145102848452,-20.8082577536532,-16.9884306689461,-13.080565182351
"DUSP1",-7.74749379567756,-10.278770851965,-9.35912105483381,-8.36638974965189,-19.2900365123767
"DUSP16",-19.2619380325592,-9.9083393495873,-9.39267452091191,-16.6544591647752,-21.0726344812337
"DUSP3",-8.98488842557463,-9.15236646235781,-10.1211516068436,-10.1166037120617,-9.24376519763504
"DUSP6",-8.28540748563044,-20.0131582783126,-10.3719112156451,-10.4033657606135,-20.9097694306098
"DYNC2H1",-19.3479972816866,-10.0070225241551,-9.65604391115021,-11.2255005865627,-10.6013347873511
"DYNLL2",-9.69822908255408,-8.16727372842586,-8.97313429362474,-9.15987703798912,-7.12883608699137
"DYNLT1",-11.8936801827613,-11.72840515657,-10.6956181472683,-20.8778092042317,-12.2312618349796
"DYSF",-20.5998805088813,-21.0261202982661,-10.551940915805,-10.4184214910375,-9.58774824504175
"DZIP3",-9.04090436818288,-9.02369344309121,-11.0108263867496,-7.97838165405782,-8.96772861038116
"E2F3",-10.9677926665658,-12.1294551738178,-10.7069350020184,-10.4966776012484,-10.9420154789424
"EAF1",-10.3508035707415,-11.8424608901568,-11.5078768177586,-10.2016008463269,-11.6411586121014
"EBF1",-9.91025586497121,-22.1995616774013,-22.5757739793096,-10.1418880846647,-10.8356125057345
"ECE1",-8.46644748911091,-21.1502403699281,-11.2197326933817,-9.77425409742591,-10.8808061144674
"ECHDC2",-18.8683211458986,-20.8785308613934,-9.77491611353446,-20.2543097900566,-11.7670038915539
"EDEM3",-19.8843484861703,-9.51335567400283,-10.9399293559578,-10.7038079634036,-9.71703393698032
"EEF1A2",-9.30596946061614,-17.7452299748751,-10.9360830561859,-18.3993968012457,-7.37182767954312
"EEF1B2",-8.68711994072466,-8.05152741796421,-8.68086011047661,-8.60582499399763,-8.79572683922625
"EEIG1",-11.8742043163999,-10.2570882111399,-9.45511135734566,-9.37393950378856,-9.4804185749271
"EEIG2",-18.3391952835056,-11.7363902245797,-11.487024104565,-20.0566105341685,-9.3917744802696
"EEPD1",-18.6855899211319,-10.4978535333757,-18.4156988620105,-18.5224743543015,-11.4445929363198
"EFEMP1",-10.9732212265879,-20.9802959632318,-8.25394220284177,-8.58458788709882,-20.3525993401297
"EFHD2",-9.2888416355,-22.0233280325537,-22.4296123532232,-10.0190153283679,-11.3931006902908
"EFNA5",-20.236734007087,-18.7941710843293,-11.7406828005734,-11.4146808475386,-11.3099281657162
"EFNB2",-19.4925648573706,-10.0885401116665,-20.9519420110007,-19.6006538407772,-21.2746883491561
"EGFL7",-9.06921607526017,-21.4233819299027,-12.2317800228764,-11.9343726468627,-9.90010483061772
"EGLN3",-8.95175528699048,-9.80920438412005,-10.1889976207852,-20.2953259568842,-9.74893193008364
"EGR1",-10.6123560151704,-22.3650900286547,-10.5934091509669,-11.5255393738892,-11.3823079272168
"EHD1",-19.8033207615514,-14.0082059407121,-9.24308608673112,-9.31897291818158,-10.9899960450516
"EHD3",-17.1885221319749,-17.6535340743711,-10.719381180311,-8.99645150305374,-9.60537213824278
"EIF2AK2",-16.5583403787647,-9.73205342136984,-9.37848940623241,-9.21671582043204,-9.04461372185209
"EIF2AK3",-19.9828803274082,-22.2411673913387,-22.7955120549656,-10.8141017518876,-10.1382914532229
"EIF4E3",-10.7915175909401,-9.77426979427537,-10.4989504252645,-18.4941642614456,-9.4494453699648
"ELAVL2",-9.30057324364448,-20.0315215652159,-20.0583193383614,-10.4589349464058,-7.33652908336955
"ELAVL4",-8.63438592951648,-9.57622730590889,-19.9379202721833,-10.3574726511893,-7.72464553367312
"ELFN1",-9.70501345667018,-21.3009795560363,-21.1253657564623,-11.4852721673719,-9.75023523142997
"ELL2",-9.18045147359926,-9.20955556163678,-8.84512344651312,-8.51038910202061,-19.386889953926
"ELMO1",-17.8923678666666,-8.89136312600872,-11.8428530500045,-19.9836554111969,-9.07820003843078
"ELOVL5",-7.45330081771707,-8.27260904536603,-9.17575565817908,-8.54866371758115,-8.71892614956494
"ELOVL6",-20.0326342956306,-10.2270257709376,-11.1313614028213,-12.091873870486,-9.87024286047087
"ELOVL7",-8.19822016469074,-10.2078585917174,-10.2548712066242,-17.0259314995918,-10.8592952286287
"EMB",-11.2926873142684,-21.9314805627246,-12.0631035151115,-21.5586961779473,-11.2068499810858
"EMD",-9.46347546064986,-9.78924109124406,-21.9821236012271,-11.1395295091365,-9.79912124456776
"EMILIN2",-19.3900967284962,-10.0933844724838,-15.6678425409135,-20.977351952604,-21.1733821248444
"EMP1",-9.44968365074399,-19.5592599028858,-9.19801869473336,-10.4603120403201,-10.4540672019446
"ENDOD1",-8.45726809635495,-8.03787453016125,-8.9065619190168,-8.41347686631726,-9.49746375183109
"ENG",-9.93480741681731,-10.4882304234755,-19.4467864425953,-11.3817541064701,-20.2155590747248
"ENKUR",-10.1619286336126,-11.4747944665078,-12.1272268220242,-10.9568528096079,-10.8274175359136
"ENO2",-18.7346375183366,-9.42708192670827,-10.6684503614824,-19.6708977417839,-7.1144737989708
"ENOSF1",-13.9417826091653,-13.1729483867094,-10.4891620383665,-10.2231304341146,-11.4518333906212
"ENOX2",-9.71613096024173,-11.2099283232322,-20.8226988301043,-9.63230226330236,-19.9105369343378
"ENPP5",-17.4596787041142,-9.32653889340419,-9.3981505049114,-10.7866353940262,-19.5374494731427
"ENTPD1",-11.3514373667395,-12.3622055981854,-12.3299840451059,-22.1896177226564,-11.5485921805305
"ENTPD2",-10.8902666441081,-11.8508201249365,-10.9432120803718,-10.0811006387829,-11.544657296251
"ENTPD5",-10.6323718351468,-21.3997197909874,-10.9224496650739,-13.8460789294509,-19.2948372126145
"ENTPD6",-9.60917473852233,-14.8856041312725,-20.2034370739327,-19.1130240165236,-8.69228013909095
"ENTREP1",-10.1421624012443,-10.3350934932303,-9.14520026632466,-8.41844480407602,-10.8726526554836
"EP300",-15.9946263479625,-8.92860537116947,-20.5386036789904,-10.3108698587387,-9.32302891222169
"EPB41",-18.2199412920875,-10.9320096938214,-20.40455944338,-9.76921762848243,-9.98138992071738
"EPB41L3",-8.78555488155448,-8.60303446061832,-10.3720709705667,-20.5796330057175,-8.19931744842038
"EPC2",-19.0160317982719,-10.545829132709,-10.5447636583869,-20.6081368967216,-20.5269828251469
"EPCIP",-17.1761546679026,-18.5278572397916,-11.8295067963739,-10.9031098967232,-9.73581052115648
"EPDR1",-17.3921549855962,-11.3924729334283,-10.8915807294378,-9.39258812495546,-7.54312802393565
"EPHA5",-20.3404204043882,-11.3405336766659,-21.7897838819359,-12.1009192137126,-9.70260234464875
"EPHA7",-19.3104094797118,-12.9925225074434,-22.8832024376086,-22.122902367621,-13.648292409149
"EPHB1",-11.0397730418499,-11.2549771002684,-20.6174018698472,-10.7190521194594,-9.94346348745931
"EPHX1",-8.08059014147126,-12.427273511137,-8.62170498764176,-8.99674190868686,-12.0919178584586
"EPHX2",-12.3102687534391,-17.9441936206215,-9.75610181899364,-19.9457290254303,-9.85847234398957
"ERBB2",-10.3324429028121,-19.1206785758072,-10.3813782501091,-10.0840886601004,-21.0362967475088
"ERBB4",-19.6161902194878,-10.1555194278446,-9.15893903708987,-8.58595970069605,-9.4274010038377
"ERBIN",-8.52413322697246,-7.12746625720861,-7.7824226722572,-7.97207266695307,-20.4906064936591
"ERC2",-18.2522886113232,-9.65472829886302,-19.1182199238068,-19.193123070587,-8.95518260025482
"ERCC6L2-AS1",-12.5908954130575,-14.5285119188881,-12.9890909969192,-12.2244178465094,-20.3686195283812
"ESYT2",-7.96081115823127,-9.18216964458983,-10.5859955382989,-19.7520494356939,-9.89590079673004
"ETFB",-20.2269040141762,-9.00138185028672,-9.97440732570323,-9.64712204063387,-11.7974884986457
"ETNPPL",-8.20677768712905,-18.0470277088728,-8.15863747342408,-8.20955470049308,-18.8031396875552
"ETS1",-8.95278904766408,-10.4564139962016,-21.8983467848893,-21.4047462292443,-21.7207014543756
"ETS2",-7.91476672154517,-20.1466256377277,-10.1837153442985,-8.69247535271352,-9.52983350049456
"ETV3",-19.5036105582079,-20.7721328246442,-10.5113934268178,-20.5940765156318,-11.5284765598767
"ETV5",-10.4288911171076,-10.58043334469,-9.61560647359205,-16.9041106305006,-12.2653159065832
"EVI2B",-19.449097754985,-11.6732194976529,-20.7552187444466,-10.0788092201816,-10.5679109021671
"EXOC4",-9.47234493930345,-10.2571160511599,-10.8687881058205,-20.2326233440043,-21.9291812310739
"EXOC8",-19.5364353746724,-12.7046317117419,-10.592431788661,-20.1564010837213,-10.5847841990157
"EXTL3",-9.50094225575362,-21.3884772799128,-21.3107303344288,-20.9813254122828,-9.42305462085904
"F11R",-9.56889197017195,-10.9842798708136,-11.0872349279759,-16.577442980566,-12.4568900482902
"F2R",-20.8400606273139,-10.9237103170877,-20.8513434811959,-10.8994343519261,-20.5212760092729
"F3",-18.1034532650371,-18.6981581870382,-7.47814547804304,-7.99558711349826,-8.85952580087265
"FAIM2",-18.5847987657578,-8.7743344735516,-9.58726074006355,-19.8729885267772,-7.62880056796525
"FAM107B",-17.7697200612093,-7.5161341400217,-8.47704003887131,-8.20569321842888,-19.2907456732116
"FAM120AOS",-10.1967448610995,-9.54833939759487,-9.82478053235788,-9.76594543573146,-9.53318692945702
"FAM13A",-21.4673628372591,-10.3997579536054,-22.9910987852211,-20.2797671088597,-22.625261403211
"FAM153CP",-19.8964444603613,-20.0918579138475,-10.8771382414225,-20.8898490490106,-21.1713582272367
"FAM169A",-20.4758731807423,-9.56425223227768,-9.66026246173581,-20.5584043529516,-10.1210807706326
"FAM184A",-10.7739857783109,-21.2891129937684,-10.5336032970054,-12.2551339231863,-10.9163462594971
"FAM222B",-20.5852831885863,-20.9499199968155,-11.5147173938702,-20.9009145047176,-10.0522799789994
"FAM234B",-19.6101559466213,-11.6884863483805,-12.9284238000933,-17.8482173363651,-9.02811504461197
"FAM241B",-17.6395243053749,-18.7804456670419,-12.4878203946909,-20.2689100405432,-9.01985098685038
"FAM89A",-8.53612692680884,-10.5015908053679,-9.67211227508376,-19.6069916072832,-10.077242206289
"FAT3",-10.590058540664,-10.3121595970594,-9.90443729930525,-8.89425919873237,-10.6147674286759
"FAXDC2",-8.35002105851381,-8.81429937457658,-9.55898453420814,-9.26870669777876,-21.6512052527909
"FBLL1",-20.8597625407685,-19.4878638715218,-10.6996631118088,-12.0670627866591,-9.0023044714942
"FBLN1",-20.7764187532528,-17.5524685125719,-10.3629620057918,-10.1771911544333,-10.6938076062136
"FBLN2",-9.16914057253956,-10.8096800010521,-20.6394952046116,-19.9178532039994,-21.3504118425581
"FBLN5",-9.25197044632128,-21.899148791849,-22.198299343719,-10.2428401633186,-10.8889819995498
"FBXO3",-19.0403540331942,-9.3214768372978,-17.8718330235068,-9.454864604242,-8.57953263377981
"FBXO32",-8.41397085862396,-8.58842910658809,-10.1795169778065,-18.3174678017206,-20.1668352473233
"FCER1G",-16.3621507133094,-17.0159737904143,-10.6707593471881,-17.9439533220003,-14.2726255952359
"FER",-8.69129199978772,-9.45437663598592,-20.5353482236931,-15.5318199973412,-20.0028847530967
"FEZ1",-8.77763313403497,-6.8931561482283,-7.73867586955211,-9.08687685130532,-8.95520726024251
"FGF12",-18.6825095230496,-10.7912530376989,-11.607263393324,-11.8410790019668,-7.64293485742307
"FGF13",-18.9117882506325,-21.0853039138986,-21.3487568021296,-9.68135125255819,-8.38994304066564
"FGF14",-10.6735211768391,-10.2075920752526,-22.0795318073185,-20.6485643779797,-11.5484708909262
"FGF2",-18.2357074271544,-18.1228493466006,-7.79855825594193,-7.96539100735592,-15.5232429336385
"FGFR1",-9.34746847606428,-10.424713632648,-9.36549037419105,-17.3635888663801,-10.1168158083643
"FGFR2",-18.8198369174741,-8.03838105259535,-8.95496493347558,-8.75238463923846,-21.5624965921335
"FGFR3",-8.02178552534791,-11.4785406449208,-7.77454474056495,-7.81067612892858,-9.75516429012683
"FHIT",-19.038431151384,-11.4223482459762,-10.3398505953407,-10.0824127252773,-20.1915856082206
"FHL1",-9.09179656850122,-18.4653283319161,-8.15435908876173,-7.86386872102714,-9.22717491564403
"FKBP10",-19.334896981261,-20.9704602426788,-10.1099783720795,-11.8535090954237,-21.504577674881
"FKBP11",-20.0185310953855,-21.0605036841504,-11.3719164996085,-20.3942066368567,-10.8018275015351
"FLOT1",-17.4723266666997,-9.46310341936008,-10.6437299783067,-8.64385849583697,-9.39630528632191
"FLRT2",-18.7167037292227,-21.0287156758745,-11.109723798307,-9.6537013603342,-10.7647885740488
"FMN1",-10.1947617284623,-15.1720725020333,-19.1627469068543,-20.0749096530532,-11.5026671605853
"FMN2",-18.3183089972299,-10.6890360087866,-9.23052817424448,-8.48632864335111,-11.0929707476803
"FMNL1",-9.97984764995249,-10.9473561474538,-21.5076598813048,-12.4314495651881,-10.6802648598608
"FMNL2",-17.6448523502008,-7.15770411662612,-8.25321948931935,-8.88503147055948,-18.0169590452398
"FMNL3",-20.4677868508425,-11.6816745575708,-20.5128983471784,-9.97909436455243,-21.6073333487586
"FMO5",-18.1149168485225,-9.81002553735317,-21.0577516578339,-11.2054303214023,-19.9090141769045
"FNBP1L",-8.80100745900044,-20.2800872980863,-9.90658979887288,-8.94128983886199,-19.558537756747
"FNDC10",-10.0645988594821,-21.2439385768454,-21.787399791711,-10.6377495517107,-10.0930848256929
"FNDC3B",-18.9138878125793,-20.8008630572232,-10.3706409165345,-9.93136976449984,-10.010774807076
"FNIP2",-8.56773192380908,-10.4794305808333,-9.38673211881795,-18.4170390596716,-19.7869565100213
"FOCAD",-10.2971792063474,-12.846899356124,-11.8028842566914,-11.1365997298345,-10.6341690779562
"FOSL2",-7.81357434750432,-10.3021886226489,-10.8778680206045,-10.5675801171011,-18.5157656290902
"FOXP2",-10.7387730556501,-21.2626135963628,-12.5629829360689,-10.6495275273427,-9.65471661802917
"FOXP4",-15.3931405439071,-20.0799276333519,-11.9133385606642,-11.1522338663827,-11.2485888185125
"FRMD3",-9.9745560459337,-12.0736223954313,-21.0529952068478,-22.3328354896112,-20.7711015249014
"FRMD4B",-8.94108879847315,-9.23176488891091,-9.60867021980074,-20.3017814744863,-21.6130757410913
"FRMPD3",-9.49617720764141,-20.8095704543749,-11.5327631130072,-10.6389628297269,-21.0739379473033
"FRMPD4",-10.00526132805,-22.0616484763126,-21.5677118328073,-20.7955752783306,-8.87418249977628
"FSCN1",-10.0628893982336,-8.86279413388363,-9.76788544738955,-9.33475450293123,-10.1909543569951
"FSD1L",-11.2314554576377,-9.76238328302763,-10.4926192729621,-20.4043053109921,-9.71716989353355
"FSTL1",-9.73627609346089,-11.5603932143165,-11.4266822051672,-20.1734854764641,-11.1228683680435
"FSTL5",-10.943859644444,-19.7762270533677,-11.0300969464839,-9.13431768692518,-9.95280872131967
"FURIN",-18.1427760661465,-13.1910522890817,-10.0984017199816,-9.39334360001323,-11.4295459658309
"FUT8",-9.0546865299237,-8.99545826996157,-12.1813397812978,-19.3734051087289,-10.9600821889051
"FXYD3",-19.8695975906525,-21.8413583712857,-11.5729823345961,-21.0401913751783,-21.3163879685288
"FXYD6",-9.01128619629736,-10.4887533121372,-10.3485507389023,-13.4207404490194,-8.27594992729247
"FXYD7",-18.96987876649,-11.761239898136,-21.5071464479819,-12.4311211177859,-9.00325655618116
"FYB1",-9.00231703330882,-10.1652478301132,-13.5633674751442,-20.4968099447453,-21.190019404225
"FYN",-12.8106253065729,-18.1142105415198,-8.30416306170381,-8.34339764239474,-8.47671822901455
"FZD4",-9.82328365065101,-19.8288650555634,-10.5058385277939,-20.0398050151256,-10.2735318710774
"G2E3",-21.356295953093,-12.0583788282519,-10.8685801881739,-22.0192460228738,-12.417641459865
"GABARAPL1",-7.9459421225598,-8.85217991255523,-11.4044342562439,-9.96805335289715,-7.68508627907076
"GABBR2",-10.9472143893875,-19.0468623576946,-10.2548978600117,-9.40625299102992,-8.20321555274415
"GABPB1",-9.75410554351912,-21.3677542735146,-20.3098255111053,-10.6907978724959,-12.0562197570774
"GABPB1-AS1",-9.68659974123452,-10.1202470474016,-9.26426956035686,-8.68532289863509,-10.7082365627157
"GABRA1",-9.61738243139994,-11.125565592929,-10.1136394894645,-20.6968114071595,-8.70597389759113
"GABRA2",-9.72012053204658,-22.732934446873,-11.3680000873102,-11.7967615652246,-21.5887708745849
"GABRB1",-19.2196889839817,-14.2281819679497,-10.1125420684924,-16.8224297729427,-9.42200616499745
"GABRB2",-10.0098988898983,-9.79360704991606,-10.8701445832989,-18.352997593772,-10.07418169251
"GABRD",-19.2641158180629,-21.3103468325999,-9.90299114119134,-11.8917232842002,-14.9890813216057
"GABRG2",-19.4642080458971,-10.8700494183579,-11.1594960361299,-20.3207386933936,-8.48470189212311
"GADD45B",-8.14322188090382,-12.5749254910752,-7.95187369807578,-8.10871212604133,-19.1298147425896
"GADD45G",-11.4450139120796,-21.682247201071,-11.6246959329581,-11.0085299618813,-13.1232820760917
"GADD45GIP1",-8.80936060278229,-11.2415158413811,-10.0538287959464,-11.1333953246009,-9.50839444306433
"GAL3ST1",-16.0350632084006,-9.18639745900503,-20.7128044741256,-20.5559927982716,-12.02793001388
"GALNT13",-8.58930798072189,-9.49663815653892,-20.9020643571998,-11.0055898146888,-20.6063981618472
"GALNT15",-8.22143435011174,-8.27823422325347,-9.35531777918105,-9.81545431312574,-9.72634784067933
"GALNT4",-10.2248932395271,-20.5214496120065,-10.4736927799537,-20.2019344485644,-22.1070699221919
"GAMT",-19.2602446940167,-8.96822681495975,-10.6881833349781,-19.2333481117287,-8.98474866508051
"GAP43",-18.2000115967512,-8.98772335870263,-9.21926706474539,-7.98954000648026,-6.96788919165887
"GAS2L1",-21.0255156619066,-10.268987901006,-10.3944093814682,-13.056022841657,-21.1978991096424
"GAS7",-8.87008171183066,-8.31342949505666,-9.86120727714849,-19.4488188338236,-11.1635283935074
"GASK1B",-10.6122305523224,-10.7683985658756,-8.27560304582422,-9.16498152511494,-18.0484997813519
"GBE1",-9.04464198297958,-10.6412126145591,-18.2966447251603,-19.6557840219546,-9.10904730473388
"GBP2",-9.84160715007291,-10.4978314288828,-11.7549570735854,-11.1126248087558,-20.1945248910729
"GBP4",-9.64520887965636,-20.9847801025006,-10.6351227187205,-10.8686451113809,-11.2597513956858
"GCC2",-8.93589966645763,-8.87464688468367,-9.21688290140679,-8.24083393922582,-9.47989548723834
"GCLM",-11.2032209580928,-10.0368374886454,-9.46633473709123,-13.5971204500446,-11.6541397893398
"GDPD5",-9.5640762484235,-18.7692224123776,-12.0618144713096,-10.6825591187835,-9.93738037497324
"GEM",-18.1079904104956,-20.0746512563411,-10.4465159249382,-9.57480266116405,-20.1091442739086
"GET1",-9.77773307337049,-8.44962923429411,-10.1399177057104,-8.65886160649486,-9.93691709836378
"GFRA1",-16.7134640263295,-10.5544124451132,-12.8730041253284,-10.3199047107094,-7.88863869199426
"GIGYF1",-9.40374917824185,-10.7875934821304,-11.5332974940378,-20.5868440038723,-11.2685370675638
"GIGYF2",-20.772191125657,-21.7631657201207,-10.0270896182201,-9.54760290646681,-12.8948386246015
"GIMAP7",-9.73712139523054,-10.164389812155,-20.4439483044593,-11.6703739194672,-20.3502592756586
"GJA1",-9.58920604417453,-8.70201810061472,-6.52160100749023,-6.75812826483554,-19.3901185536799
"GK",-10.9399856492042,-19.7888794643483,-10.6315078896054,-11.1014594638802,-10.5054062887969
"GLCCI1",-19.7951013716757,-12.2671122956762,-10.8263260415202,-20.1380981776595,-20.9111412243285
"GLDN",-19.6006506657337,-8.38003642025126,-10.1931533102568,-10.112103759956,-11.5206125876338
"GLIPR1",-19.6906472567039,-11.0422119204828,-11.4452117499657,-19.9048183206837,-11.7069170336332
"GLRA3",-10.5516307239655,-20.5725096266739,-10.9905948674761,-10.4214481406015,-9.0427363817458
"GLS",-8.57775403777513,-10.747219110445,-13.9986594878899,-11.1975697400024,-8.10467519208943
"GLUL",-6.63883231947368,-6.07227852506688,-5.41407561565279,-5.54949336189039,-7.40620909394966
"GM2A",-19.0076119758738,-20.4777404146812,-8.98668037212217,-13.7224676327625,-20.9251418212835
"GMPR",-20.0403637559691,-17.6824469098144,-9.36937761598581,-10.2525658792527,-17.746708187157
"GNAL",-9.79762463658557,-20.4004143950488,-10.2867292172179,-10.9371918175363,-9.90472942224035
"GNAZ",-8.50537031536649,-11.6325035598239,-9.80584424946031,-19.5829857801267,-9.04124228448359
"GNB4",-9.24962007850757,-10.7169747367794,-21.1171203396108,-18.6707346040337,-22.2355891314597
"GNB5",-18.414365059919,-20.4445928822635,-9.24466179481579,-12.0278532809115,-8.33164110533477
"GNG2",-18.9038265157255,-20.4698259195852,-11.1782578384294,-9.78670243736161,-9.10723049012036
"GNG3",-16.7042028318272,-16.7363760785121,-16.0711595219163,-16.977693110285,-7.54566297138188
"GNG7",-20.635112505583,-8.55711447890225,-10.8871708988731,-14.303302631605,-21.4722925310881
"GNS",-10.3891628754999,-21.9079974807602,-11.3951250709949,-9.60680074597139,-10.449927384705
"GOLGA4",-18.0229220750714,-7.84333491366797,-8.33671093243172,-8.39320865950362,-9.21142680644539
"GOLGA8B",-19.7351096099328,-21.2195959897586,-10.3223802016455,-10.2726448177212,-9.65085916503001
"GOLGB1",-19.3169616202755,-8.31944549648447,-9.15072343182115,-9.10392470383526,-10.8749954213658
"GOLM1",-10.1948683181121,-8.95091232265411,-9.59847143493109,-9.69233547373829,-9.49435123523338
"GPC6",-10.5558361052874,-11.4806486307929,-11.5154589552961,-10.4314693937191,-10.7806816521175
"GPD2",-19.3980424328899,-17.0304976134807,-9.44676978662661,-9.73325959215662,-20.2981411720447
"GPHN",-9.60265712265595,-9.44299392264152,-17.3153692806203,-16.3362863835041,-10.2774718683989
"GPM6A",-7.56082377601665,-9.54718354904762,-7.01962251530465,-7.76742589896068,-7.15673938801154
"GPR137C",-18.9443665147286,-9.57633082080924,-19.4759233722325,-19.1427463027252,-9.74983021976465
"GPR155",-8.23006312416798,-10.4054089507951,-8.75588818466895,-8.43770905033363,-9.30552730456699
"GPR162",-21.2081023524819,-21.6185122038275,-21.6006932577722,-11.2217218641323,-10.3239464721221
"GPR27",-19.8374619057193,-9.50236148906864,-11.8351495306395,-9.79164661739819,-10.4095476627308
"GPRASP1",-8.20658018967641,-20.2922412131652,-20.1929157919959,-19.4375293654389,-8.03821194970193
"GPRIN3",-11.3159099642028,-11.3033274891851,-22.5282960607419,-21.1950828547058,-10.9563066181837
"GPX3",-8.56463175338529,-20.558276301542,-20.5823260654672,-9.35943303131574,-7.36813182911515
"GRB10",-9.60343527794852,-9.78388862340412,-20.6429507675355,-19.6785086968898,-8.78659063833481
"GRIA1",-11.1889533154662,-21.9062485957722,-21.7516559438753,-11.7403410551941,-9.56751350173188
"GRIA4",-10.5922481875259,-9.63504608537484,-19.5262110365457,-9.04224705161235,-8.8717541975213
"GRIK4",-19.8335347549749,-9.90041102265192,-21.1205418103399,-10.4824696108336,-21.0493706978137
"GRIN1",-9.08114499625837,-10.1862442933216,-21.3709518111982,-17.6106821742223,-7.90824701806469
"GRIN2A",-20.2410325851468,-9.88013955655412,-9.74773826488897,-12.1746260467462,-8.69305254121444
"GRIN2B",-9.63646557870482,-21.9217608279814,-12.900450736006,-10.171550173741,-10.1949536309414
"GRM5",-9.32520594808061,-20.2977061045785,-20.3401670664323,-9.58619843531382,-11.6343357084792
"GRN",-19.2674553853939,-9.57027443395342,-10.4017632597631,-9.67483917135869,-10.8551548087217
"GSTM3",-9.96908516945238,-8.90797004671324,-21.5426640670664,-9.49596885541939,-11.4511624854194
"GUCY1A2",-9.99727179283752,-19.8717998467361,-10.1113970601966,-9.88317830737477,-18.5645379156319
"GUCY1B1",-7.87686633513556,-14.4395650045521,-17.0767964611102,-17.4191330459283,-7.56975724750203
"GYPC",-19.6589206529417,-20.3050298033767,-10.0651090024533,-20.2320377609451,-19.9995439923876
"GZF1",-20.0502205587846,-10.3765622793157,-12.2825066379354,-20.5517157611617,-10.4138424936311
"H1-0",-12.1390279191412,-9.15287909099512,-10.0473442313108,-19.2922615763464,-10.3959302889902
"H1-10",-9.01830999368547,-9.81692411888161,-9.38683045248987,-8.62695580561062,-10.855308060502
"H1-4",-20.3286936110252,-12.1515539296098,-10.631700940495,-20.7132237418418,-21.2746260007848
"H2AC6",-21.3672465005685,-11.6111341801591,-11.8041970519876,-22.1432230310808,-10.6720688847177
"H2AJ",-8.42364937392657,-9.70587553550877,-11.0339368493591,-10.1373108813317,-10.024390920344
"H2BC21",-11.8688993894372,-12.5453663091958,-22.4172126281092,-22.1351788707037,-11.6776889056288
"H4C3",-9.89717179946987,-21.2852101432599,-11.0803812444486,-20.9877272034009,-21.348830682003
"HAGLR",-20.5553503551786,-11.1521793801579,-12.8317996597552,-22.5415358080512,-23.1113591603733
"HAPSTR1",-20.5155784646387,-19.8710244796035,-10.8443711840402,-9.58280125753736,-9.82908135093147
"HBA1",-10.1172635337553,-11.1254361422446,-18.9504004693838,-10.1854642723434,-22.4624564676742
"HBA2",-20.141956065316,-9.74421646551044,-20.8451926674171,-10.4250333934223,-22.0741207165997
"HBB",-9.16629368402683,-8.85990860157285,-12.1441366415805,-19.8718177143164,-21.8319529737427
"HBEGF",-19.7879769924274,-20.2431053263262,-10.0649721261447,-20.7959174276475,-21.1956597962833
"HBP1",-9.47941278681378,-10.3541415131696,-20.9234746844797,-19.0635474647905,-10.371148233852
"HCG18",-10.499402560764,-10.3601268977287,-15.7505293423386,-16.2096734560994,-9.20109728894278
"HDAC9",-11.1582188962795,-10.1187293308262,-20.2095956066135,-21.4979192563413,-12.1496087604854
"HDGF",-9.35848672960279,-9.18769070425976,-10.1029701321262,-9.8640860836452,-10.2869279588213
"HDX",-20.1081022222505,-11.0110298180713,-19.4718379420835,-10.1293072303903,-21.0977578881508
"HEBP2",-9.92463483382124,-10.601752852314,-10.0120924038268,-9.51964933635315,-10.8119327827977
"HECA",-9.34491344308004,-19.9977473587457,-11.6150669481078,-10.0046076859466,-10.2225152289239
"HECTD1",-10.0908840488942,-8.7006426865889,-11.0341753853903,-17.6996973623593,-8.33453893323953
"HECW1",-21.1300471224754,-21.8552061082228,-11.2295562431483,-11.0554427858476,-19.9408442658079
"HECW2",-9.90595253363775,-10.036704555334,-21.4753753699872,-10.2230401292836,-10.5097605699038
"HELZ",-19.5600968707963,-9.34006815248369,-9.85984034450872,-8.94080779445987,-9.87928696957777
"HEPH",-19.793641032924,-20.3309002493066,-9.50825679419716,-9.5400411795789,-12.897806166499
"HERC5",-10.2155054591152,-20.7223951701629,-11.4014615181386,-10.5379619007482,-15.5601456190148
"HES1",-9.50235864059622,-10.3179089357518,-9.27292491416564,-8.82885907884181,-21.5787937009184
"HES4",-10.0722878051499,-22.3192438080139,-12.3184571547934,-21.5079674050492,-9.80312322473234
"HES6",-19.4219429602835,-10.1293527541101,-21.0675270839938,-20.4064896554791,-9.90471692246211
"HEXIM1",-18.6215376140367,-20.2172691155697,-11.450782545488,-16.389920282414,-10.0468140516994
"HEY2",-19.6433494638584,-10.3533837729238,-19.250140102805,-9.95743626963804,-19.5088427553247
"HFE",-10.3091313320409,-21.0228477980267,-11.2163611598853,-20.8476852297714,-21.3168248064711
"HILPDA",-8.12409343915527,-10.1715515255372,-8.57797845185454,-8.3485712366257,-21.1423288652481
"HINT3",-10.0003267656807,-8.7018227963211,-9.37750383380201,-9.12522965313462,-9.86544928843784
"HIP1",-11.5526465405121,-9.94183873349999,-10.8247038495062,-10.1057191622911,-21.3443288725173
"HIP1R",-10.809646675762,-8.98964131697204,-10.6696918964585,-18.8738063915044,-8.80184920293827
"HIPK1",-8.15558953641042,-10.0276530972022,-19.2154882697253,-9.30025154452324,-9.37890207725774
"HIPK3",-8.67315723470069,-9.31901856630569,-10.730173819495,-12.370961601516,-10.0915865878706
"HIVEP1",-20.1949268932645,-11.9245997004275,-11.2266430579858,-10.199200468901,-20.7876760609089
"HIVEP2",-8.12407159501628,-20.1001938780729,-10.4359092659605,-10.5528973867877,-9.42553414182708
"HLA-B",-6.81124960738343,-20.8155776406976,-8.90556394189436,-9.65567375166922,-20.811605131297
"HLA-DMB",-16.7766500635513,-15.8508398216252,-10.6633546652544,-14.5605799780079,-16.8726897742218
"HLA-DQB1",-20.4968376545752,-11.3838158542181,-12.9297826458603,-19.5565210829402,-11.0920998623407
"HMGB2",-8.89122946427846,-11.1538632004991,-9.72310242011089,-19.8103817647818,-9.16146829403646
"HMGCR",-9.99961888696891,-9.77101017080025,-10.1453380600183,-9.00684130178586,-8.71027748468173
"HNMT",-19.1884788227515,-9.64050249713926,-13.7672551703634,-11.4013920778184,-11.4552463986932
"HNRNPH2",-9.0524769035011,-11.4177849394303,-8.85703796145199,-8.29815368390256,-8.63888725543167
"HNRNPLL",-20.9608160033933,-10.7483659875509,-21.9145322100522,-9.9913749336863,-10.6759729237533
"HOMER1",-20.314524242944,-11.4229110308695,-10.4450383448711,-19.0539402459813,-21.112797263826
"HOMER3",-9.75358120033818,-19.168003904136,-10.0156688545259,-10.3828963474109,-11.9334273170764
"HOOK2",-18.8799840065109,-20.8536743505538,-11.397702403648,-9.87681764449972,-9.98867902268511
"HOPX",-9.08331924269121,-20.1350932443747,-8.30503488566022,-9.1595263760467,-18.5181860185387
"HOXD1",-19.7684004633218,-9.98599045855487,-21.3281602306198,-12.3323645849804,-21.3828567027304
"HPCAL4",-12.2674838984247,-20.6238687747903,-9.8593826432838,-12.3597307125241,-9.28027435377929
"HPSE2",-8.91655389305958,-13.0844046446321,-9.99971780394329,-10.5884440850137,-21.5244954901513
"HS3ST5",-9.32646430560671,-21.8431737508806,-21.6952023143231,-19.1063997731865,-10.6963312790008
"HS6ST3",-19.3197030643237,-12.3555334146149,-10.2079156785304,-20.1605939563449,-9.39195765640531
"HSF2",-11.0489140085365,-10.9123294634808,-21.0441041778825,-20.967942476905,-10.9219598798346
"HSPA13",-9.90233346573405,-10.0365277939943,-9.02177481955838,-12.1306747568029,-7.86214781758039
"HSPA1A",-8.01045900889011,-9.17379557673013,-19.8074955789707,-11.0791084336855,-21.9461783149674
"HSPA1B",-7.09831256747313,-9.70715556974066,-9.90361522535026,-17.3284867304866,-11.2035385836446
"HSPB1",-10.0397629439092,-19.0962202249826,-8.48187804694848,-8.02140316861786,-8.42635734682584
"HSPE1",-8.38696899066823,-7.97158377672227,-9.2927232663889,-9.07279396914005,-9.2357807984782
"HSPH1",-9.4986267386875,-10.298335116466,-19.7969782723319,-9.82987562012267,-7.86143069725176
"HTT",-19.0642528792947,-10.015070035542,-11.4079530666236,-17.5850785192011,-9.42614904453788
"ICA1",-19.5762399241485,-21.0336290788936,-21.2124030571748,-10.8150379314913,-11.1097554786579
"ICOSLG",-20.7645988457057,-11.0402105345573,-10.8019312311428,-21.6010850677142,-22.2908346884541
"ID1",-8.18983496490235,-11.4310208589421,-10.2987151221767,-11.657408051956,-20.8565983000962
"ID2",-9.42098894688087,-9.36611773567259,-9.22799831186974,-9.88555365253971,-9.72632709698929
"ID3",-7.76376790093628,-10.1246116015395,-9.45916109056985,-9.82569633194152,-11.6270928574446
"IER3",-10.6460369876893,-20.7348141398078,-11.3712534096729,-21.2460359205111,-22.4304151056894
"IFFO2",-20.2963884769608,-21.1133253947972,-10.0863989232231,-20.6423894185809,-13.3797614118724
"IFI44",-9.25588065471992,-19.8265382033873,-11.2298862330327,-14.8478984791923,-10.8118228443353
"IFI44L",-8.29028673047633,-11.311299518878,-8.65425071660135,-9.33098530922017,-11.3258042486906
"IFI6",-7.74696191414691,-9.82780204069634,-8.6575995344783,-8.3470181497586,-9.02304124429261
"IFIT1",-11.2272197855196,-20.0380354369234,-9.19223228201708,-8.00395148904942,-9.39073476865982
"IFIT2",-20.5758276402572,-10.6957374326042,-10.5334766852261,-10.7069437649035,-19.6900348835029
"IFIT3",-20.4605515408571,-11.0296427929909,-9.58389582094818,-9.33792349308766,-11.0203072213767
"IFITM1",-8.49939465487624,-20.6741732049392,-11.5807905941733,-19.433425136946,-18.9606916025124
"IFITM3",-6.91607066029717,-20.2223582861062,-8.00706646640428,-7.61353831307388,-10.2981252733672
"IFNAR1",-10.7670036524281,-8.90688024816753,-11.0065809242447,-16.7647329705622,-10.3645197420338
"IFNGR1",-8.23212624452018,-9.12192904831132,-19.6421263205415,-10.7266055691247,-11.4607308467582
"IFRD1",-9.58966873205235,-10.3943235802375,-9.56700942330071,-9.18525424852027,-19.0964413249115
"IGF1R",-9.20291157828096,-9.1812644423399,-19.5404939353281,-14.8318345045882,-10.3150908079914
"IGF2R",-19.6745962976195,-10.647280310784,-10.061734728116,-10.2442881494689,-19.9918443737363
"IGFBP4",-8.53566456133392,-16.6490992053717,-10.9646918318509,-14.6817445142662,-8.76958873033787
"IGFBP5",-7.97829522145946,-8.92988682399771,-10.6488145732376,-18.2937169780393,-10.6731366993651
"IGFBP7",-6.5817090959534,-18.8570127080555,-7.80506221696767,-8.28638382852396,-21.0330199506939
"IGSF21",-20.0395920802899,-10.6985812859982,-12.0856109714707,-19.2082970011045,-19.2995887126438
"IGSF8",-12.3960581335776,-8.92893782093436,-21.1241125326669,-9.98771242258662,-9.60975858359946
"IKZF2",-19.8403635375254,-13.0489974772459,-10.6432110583299,-11.4041840399706,-11.0645538756049
"IKZF5",-19.1907714733023,-10.1683843849286,-9.2286612988046,-9.72263817073138,-10.8370347684125
"IL13RA1",-9.05997817376578,-11.0267738737277,-10.8776003107023,-9.25172931641196,-10.9318193749668
"IL17RA",-9.12889241430863,-11.6816224820869,-10.9723395972692,-12.4220846627588,-11.0593410740594
"IL17RB",-19.1733485998899,-10.5112578533352,-11.3319136392211,-16.8009141067268,-11.1127680333846
"IL1R1",-10.1357018760913,-21.8089249359562,-11.71364605838,-9.16864406624953,-21.8187596879817
"IL1RAP",-18.0612031599972,-12.6004903807222,-9.79008841471137,-9.88018503213342,-19.3755874531726
"IL32",-9.64227619010611,-21.7491271931679,-13.1515783015624,-21.7325706091311,-21.7656683271694
"IL4R",-9.30136221333444,-10.6868778241941,-21.230357612188,-20.6917910892455,-21.3822387836159
"IL6R",-9.75660242919462,-14.5329903853995,-10.6269964258126,-20.7774860362287,-21.4612002016339
"IL6ST",-18.9864776129819,-8.52394345315155,-8.02850958876803,-8.374358346434,-12.7731541636552
"IMP3",-11.1779248591131,-9.84351958331666,-9.61721764354038,-10.7503209241752,-10.0698035194813
"INAFM2",-21.1584355956936,-22.1478350515466,-11.1444611743463,-21.8611402456537,-12.450753899306
"ING3",-9.30690177539222,-19.1738568520502,-11.1088486247996,-11.2009982877803,-10.6631297135453
"INPP4B",-9.1682963725244,-21.3260477127356,-12.2105462853576,-9.90356863904367,-11.2879971579092
"INPP5D",-10.4591023062725,-20.3745262534127,-10.7617041994124,-9.79343930076433,-20.4688082846952
"INPPL1",-19.7643907651785,-21.141011894607,-10.4682588424178,-20.8139140442692,-10.6481747835257
"INSIG1",-15.5230020985418,-8.48769694700926,-9.4751207723479,-9.63698063721835,-7.79852390931692
"INSR",-9.75983382669912,-10.2636983393977,-9.08196642103883,-8.33899100556237,-20.3401691639365
"INTS1",-9.34050265230418,-19.1366062794336,-9.65322011670689,-18.1059339506753,-8.63158533804426
"INTS6",-12.7854113779753,-9.49548393676499,-10.9703091153624,-9.03657718681699,-19.6365704524096
"IPO8",-8.84873618412821,-18.1000089068876,-10.1972121893364,-9.9140923415743,-11.3975503426773
"IQSEC3",-20.9565473518044,-21.8758678158332,-13.0222338022972,-21.0313064179317,-9.70901348443707
"IRAK3",-20.0256980500319,-11.4778374024683,-21.1397282394135,-9.74491248552212,-21.0612475844753
"IRF9",-20.5741443555812,-10.5568485210036,-10.0480440654192,-8.75226130988351,-20.6524360699713
"IRGQ",-9.60699074040663,-10.9368000444141,-11.7465363852314,-9.7825177031827,-10.9207037871879
"IRS2",-7.65773474520199,-8.01040373469327,-7.86754379238392,-7.44964670579746,-7.85902360967923
"IRX3",-21.4925594900876,-21.3561327814897,-22.6883191101497,-10.8064316309489,-12.0237196080336
"ISCA1",-10.8268264940249,-19.3684486468515,-9.50171039635586,-10.4770333207029,-8.28796655793529
"ISG15",-11.6678896845664,-10.4949554258723,-10.2041954341023,-21.7368110985341,-11.0142346552264
"ISLR",-19.9703283506537,-21.3208842151222,-10.3949425891093,-9.99604602653113,-21.1054509202528
"ITGA1",-8.43857675441371,-19.1772261679458,-16.9316051556532,-19.454475497972,-11.1073879482764
"ITGA2",-9.42836782711729,-13.6923435389661,-10.6582841411795,-11.7998160877178,-10.7686988082003
"ITGA3",-9.44505056676311,-20.5344242185345,-10.6836950865801,-20.1494774577363,-11.3887695657792
"ITGA6",-7.67283817856361,-20.9997651344568,-10.5526097253069,-10.1150027291135,-21.0434621021467
"ITGAE",-9.12897452266982,-13.0554874005704,-12.6980322704814,-10.741098729868,-9.2950358650817
"ITGAV",-6.89921118021969,-7.81872265706373,-8.72576333951908,-9.31264274437155,-11.3505404789306
"ITGB1",-8.11072536142313,-7.98305698985008,-9.91876568031307,-9.44887477396011,-10.8213056492175
"ITGB4",-20.1522016224219,-10.8738938895611,-9.49826168975014,-8.91720360404091,-20.1436147735912
"ITGB5",-18.6321096125655,-11.8053351012343,-9.860651815868,-9.14326522485936,-10.1796430919217
"ITIH5",-8.69707536619828,-21.1339269542481,-10.540624724762,-10.7360921105615,-21.4825808392806
"ITM2A",-7.53286272501167,-10.0429802354185,-19.8449540227872,-9.77958653706922,-10.70958134442
"ITM2C",-9.28193474610412,-10.2429786023745,-6.41848146356987,-6.86930420181966,-7.96981447928736
"ITPKB",-18.5528575280726,-8.57604806166918,-7.46494959936613,-7.52540877655291,-19.4717630347225
"ITPKC",-20.9397871584651,-10.1639741506468,-10.3342641485781,-9.0753298825551,-10.5434597069904
"ITPR1",-8.35496122764779,-22.0309290971982,-10.1336337596932,-10.213619922072,-9.45707180357116
"ITPRIPL2",-18.2880828885549,-20.2931113090013,-9.71647395653601,-19.7852414056513,-10.5622858952658
"IVNS1ABP",-8.85337982907319,-19.8338039160022,-9.67193823224622,-10.1201868629526,-9.13700948110022
"JADE1",-10.8061031761434,-17.2501356172892,-8.84043829791356,-8.61982619754104,-20.1494270608793
"JAG1",-8.6038634953088,-10.1662107649661,-20.9669866862798,-11.2280840379849,-10.8395765489114
"JAKMIP1",-9.41557861634212,-17.1092657130179,-11.173759964422,-10.1007442816164,-9.55067443486708
"JAKMIP2",-8.28762637056781,-9.94459760340781,-11.0352676247483,-10.0026708620474,-9.74964554962793
"JAM2",-10.6839553734468,-21.2178299305709,-9.37178400127503,-10.8105863499608,-21.7304030763348
"JAM3",-10.8900177240086,-8.84375463995756,-9.49617517481895,-9.11821770121332,-10.5840469467854
"JARID2",-20.028306722745,-9.08914675755151,-11.4596033114929,-11.9593576871308,-11.982890908301
"JUN",-8.0081689438925,-9.16562390011952,-8.91497669781038,-8.81839323600828,-19.9903348710614
"JUNB",-8.95230024336696,-9.305130485523,-8.86514331227845,-8.27565686751096,-13.0952614793733
"KALRN",-8.65061485528744,-11.0477426361406,-10.0182188426777,-21.1997573802571,-22.1615614425918
"KANK1",-8.5566278214554,-9.25664418822924,-11.3631480889231,-20.1327313717965,-10.1645851702888
"KANSL1-AS1",-20.0555952531593,-20.9388920145686,-10.4711027972088,-20.3651517138254,-21.4916479250425
"KAT7",-19.4996049529218,-9.75734330256732,-17.969632943496,-19.1204944591992,-10.561795716924
"KBTBD11",-19.404241879356,-9.13764575116074,-9.04538729505794,-9.68596866896601,-10.1589087272035
"KBTBD2",-18.9815068212423,-11.2620663607576,-10.6447473655591,-10.0015777818666,-9.90335525236779
"KBTBD7",-18.2555325668737,-11.5078410122492,-10.2323925352163,-9.75463628277232,-20.6738025079428
"KCNA1",-11.3699400318907,-12.3759257315538,-22.788146122685,-13.7745710851841,-12.1123302380983
"KCNAB2",-20.5947190588976,-21.672025870525,-9.9886100918534,-20.9080319073966,-8.90230397518583
"KCNC2",-21.8711417133141,-22.7640699076614,-22.8598170347509,-22.3644812199861,-12.198823079947
"KCND2",-18.6057174751741,-20.4682013485505,-10.0624125621119,-9.56899394581857,-9.64900372294825
"KCND3",-16.1714295538659,-9.8615653318869,-9.57720372926949,-7.98241437705418,-7.04034399163559
"KCNE4",-10.1982300441493,-10.8665450036965,-12.9754366402574,-11.0626495004811,-11.8922799255448
"KCNIP1",-20.1074809199799,-12.124649337645,-9.85624780080187,-20.4060690222725,-20.9119389390988
"KCNIP4",-20.3324886726888,-10.8229853322674,-20.463282967996,-20.2473262626248,-8.89892690658647
"KCNJ2",-21.4643691498921,-12.3801376729625,-21.8215024698669,-11.6777740923333,-12.333834688553
"KCNJ3",-16.9475052474627,-10.3867348438163,-15.1321234611611,-22.05067440524,-21.9926853953918
"KCNJ6",-8.6768636505015,-19.6915220475519,-8.55424469127526,-8.51148943200735,-7.027607932925
"KCNK12",-11.653381871872,-9.49228739563803,-19.7396986820383,-20.4102774016539,-21.2490466773458
"KCNQ3",-15.2939914702045,-20.7692134343536,-14.7719930217202,-14.8196603800192,-8.34093990256948
"KCTD12",-7.66005890320385,-8.86296082980618,-8.94958402483338,-9.41739649217027,-10.6480571065939
"KDM5B",-11.5632971278255,-10.3437593019748,-10.037076133039,-19.3864394040565,-19.7623829079337
"KDM6A",-10.9992188192971,-9.47669856954845,-19.3727475747023,-11.569196608373,-21.0924904410906
"KDM6B",-21.7731773949839,-13.0842105701167,-20.5706948766935,-11.2888103939203,-22.5761913849201
"KDM7A",-9.64619170888618,-19.5917640641172,-11.2460259756337,-11.6748945594528,-10.6100850271593
"KDR",-17.4886766162236,-14.2440376952446,-10.0069166269209,-17.2841857150826,-12.7772021822126
"KHDRBS2",-19.9942003812787,-11.4388726588276,-19.6787202879233,-10.2113283554111,-10.3199729520073
"KHDRBS3",-20.2355204127531,-10.0364560722706,-9.8777377731624,-10.0160398637012,-11.5763374558611
"KIAA0040",-12.7500404520983,-10.3967434457696,-17.7885370516833,-9.52149751287545,-12.1109382209023
"KIAA0319L",-19.7040227851529,-9.14242198571727,-9.72804195750409,-10.5294151709734,-10.0060135524168
"KIAA1217",-19.0930127705205,-19.643186241913,-16.115042495657,-11.2388840173787,-10.1904232799747
"KIAA1671",-10.1156929151866,-20.9629173651359,-13.0405684292142,-10.1157822606387,-10.677312897057
"KIAA1958",-18.999367752705,-10.8377590885264,-9.85221778628572,-11.0218736842076,-12.1731791269842
"KIF13A",-17.2622203514906,-9.70203471030007,-10.7680051396119,-9.47063684523331,-12.0289759553545
"KIF19",-12.5086539745987,-10.8195669801476,-10.1963120858543,-10.8263701828774,-12.4124426812362
"KIF1A",-7.83286365373303,-7.39176163186451,-9.39816187651524,-7.80414361997845,-7.39193172517962
"KIF20B",-19.4156633018909,-15.4600134368167,-12.151505362723,-20.8202794037367,-10.4329479654077
"KIF21A",-9.08715885407682,-8.6164509509725,-8.25036928216875,-8.43439253941836,-6.99092449544172
"KIF26B",-18.7662751812523,-11.8478089002067,-19.4350509389761,-9.41510572552195,-9.9054642429041
"KIF2A",-10.0285886285902,-9.94995003325307,-11.208509806608,-20.1074054566772,-9.56495351599916
"KIF3A",-7.81257185020616,-9.15243946714797,-9.22826529579703,-14.97940146493,-7.13228111229539
"KIFC2",-10.5261188263694,-20.5615762967842,-10.8586019380958,-20.2101923191328,-21.2844310524843
"KIFC3",-11.5603781346182,-10.1367956989785,-20.6388423787926,-19.1689668390977,-21.0484126901553
"KIZ",-19.779863452419,-10.1196799028359,-20.3538555344868,-19.2355970178907,-11.5478517807372
"KLF10",-20.3884912654736,-10.8508682490947,-11.9194356631011,-20.9587632212158,-11.46262012699
"KLF12",-20.2315296360508,-10.1905263504497,-20.9477396508339,-21.8858826684296,-11.6044647953441
"KLF7",-19.3438633615104,-20.3763230504737,-8.92535931137949,-8.33694748241081,-8.42267973489054
"KLF9",-7.55632269828936,-8.451876807993,-8.42946568560017,-8.0256933286324,-9.97344293708114
"KLHDC8B",-20.4044022351947,-12.5586967414515,-20.3553973106226,-10.3868271722391,-11.0681372732626
"KLHL1",-16.5546421339011,-15.8285135759329,-16.9859844672791,-17.7644660639569,-8.79369294575516
"KLHL9",-17.89796177261,-20.3568464933704,-9.76898618902606,-9.70656362970552,-9.29679098426346
"KLRC2",-9.69836806752675,-11.1170944307662,-21.242020823227,-18.127293176737,-10.8764955897482
"KMT2A",-8.76772131616827,-9.6844948096908,-8.49624958890965,-9.69497996125185,-10.8774153094742
"KRAS",-18.7272200653228,-10.8491534274383,-9.88638227964136,-11.9326587053907,-9.71240380534153
"KRR1",-20.08455346909,-9.45829722722819,-10.4374665117204,-8.95616146126937,-9.74885475994848
"KSR2",-10.5545254594219,-12.1286495991257,-11.5478505031132,-9.77905574987456,-18.9919431789928
"L1CAM",-19.5095046300567,-20.1001699928149,-11.1972979039636,-11.1562034437916,-9.1201492448581
"LACTB",-19.9320477299535,-11.8480175633569,-12.758759217408,-11.8790206264991,-11.848005107786
"LAMA2",-11.1367747224116,-22.6343321028209,-13.2329844800609,-11.1559629292862,-22.4911875335003
"LAMP1",-7.63599771166736,-7.35039896456352,-10.619479503236,-9.51180427416932,-8.74298293695125
"LAMP2",-8.03890968793779,-6.6202515455522,-8.12919647605208,-8.21778230431225,-19.5710714155186
"LANCL3",-20.1778424991008,-20.6047545242551,-11.66881327334,-11.3232105718545,-10.8202167411976
"LARGE1",-15.4562542778841,-11.2225000496004,-14.2468671760887,-20.4728184632204,-8.93449384038177
"LBH",-10.1958015430453,-12.9144905996337,-21.6987655500047,-21.4331977416815,-9.21252365075317
"LBR",-9.68619178633103,-10.4384416792607,-10.834311925543,-11.2497804072341,-22.0435148543047
"LCORL",-9.10153227592523,-19.1693532387319,-10.1572346364344,-20.4074892013463,-10.3678102705505
"LCP1",-20.8789913058056,-11.1064736086949,-21.8851699659212,-20.8609869004216,-13.452455330061
"LCP2",-9.43490427054683,-10.7785325504729,-20.0522821564041,-20.2783993577108,-12.0554436343893
"LDB2",-18.3823415963773,-10.6109085293201,-19.9745987330896,-10.178394512542,-10.1851766016543
"LDLR",-20.5727707776299,-10.0812201212219,-9.40709157350717,-9.43507424232654,-21.4948221246561
"LDLRAP1",-19.7183923805759,-10.1510941149838,-10.7153533000876,-11.1605869198035,-21.3342530523256
"LDOC1",-20.8539675656793,-9.53980239370739,-21.7470942054283,-9.34893280935377,-9.95743277644337
"LEMD3",-19.6751945129187,-10.3757280861421,-10.717760470212,-20.1981018081351,-9.53655266145255
"LENG8",-9.24637233481668,-10.2207764045448,-10.2420616786064,-19.7831636391831,-19.6359227611182
"LEPR",-8.11731615165601,-20.8535550611466,-21.4732915493069,-9.93229569688795,-10.1286289967811
"LGALS1",-6.93413776743306,-7.96240319470759,-10.2553019481707,-10.1649485094786,-8.26682437158776
"LGALS3",-8.20957608516786,-11.1532936550886,-9.50247714449956,-9.22965120231868,-21.3063320784743
"LGALSL",-19.7823638420186,-20.5948750506675,-10.6856850162044,-10.5482092158982,-10.7468308561299
"LGI2",-21.4888709732469,-22.0984192399152,-22.631213856603,-11.9751738812069,-9.48316421388543
"LGR6",-9.78794460110027,-13.2220578903911,-9.80775818139133,-10.813402762563,-20.2007355997422
"LHFPL6",-8.55743698247033,-9.8748679419547,-9.24536707210606,-9.06109182856881,-10.6422500232577
"LIFR",-18.0114114413793,-8.98534935964449,-7.57673899190967,-7.97343121608629,-9.95722816951924
"LIMA1",-20.1639313948842,-10.5149937989956,-12.0180207454348,-10.7818309214361,-21.3589526531234
"LIMK2",-10.5382471386872,-20.2618755499741,-9.21593481258216,-9.07703241969956,-10.7364384599498
"LIN7A",-19.9938088869546,-10.6399434967806,-11.4705734391591,-20.23701342428,-9.8308500906239
"LINC00092",-16.9369201718084,-15.6254758612096,-9.78120280815141,-16.9276296772067,-15.3437673208108
"LINC00511",-20.2222301101224,-12.5604191753115,-10.841849476802,-10.846650388581,-21.115730864465
"LINC01088",-19.260099529237,-18.7805953550354,-9.07476816783359,-9.00791913154419,-20.5976080686912
"LINS1",-9.66187863627503,-11.6109216811247,-20.8838618140984,-10.685424356397,-20.7055781722564
"LMAN1",-10.3093770265704,-9.03422100253107,-11.068663540627,-8.73237180562616,-9.48287091110674
"LMBRD1",-16.7811278673006,-8.18112675187124,-8.69905374730197,-8.78849256623991,-8.43733972081973
"LMNA",-9.54954792808644,-8.62826520510497,-11.1269129530019,-9.7296286831249,-10.63169154729
"LMO2",-7.80782500354009,-10.8189197573337,-10.1044244352366,-10.2435307917179,-20.0987320864563
"LMOD1",-19.0936149701989,-11.3031041949748,-11.6176748519366,-18.3217639646022,-10.3517512723345
"LMTK1",-17.2270167525291,-7.61410870063121,-9.96986995992517,-19.4999555700005,-10.9979170263971
"LMTK2",-8.70295706723724,-12.1394363298918,-11.3010013907431,-11.8136133689478,-11.5890574247007
"LNPEP",-20.2334685317174,-10.1955899868614,-10.28115735083,-10.3087091310613,-9.38431814029614
"LONRF1",-9.67218059514198,-9.92493389275884,-19.0254335337452,-18.0135994271072,-10.4663990032021
"LPCAT2",-18.3091156852537,-8.86416366199732,-15.8533960233797,-18.430991039495,-11.5769030060455
"LPIN1",-9.29053692819144,-10.2905961232013,-8.14187077493058,-7.62940890591538,-19.6437147093802
"LPIN2",-13.1654084895928,-10.3369995545837,-12.1316164374376,-10.8352292532184,-9.04073133524779
"LPL",-9.61266794298149,-21.9738558242914,-11.6368072755056,-10.2318149918947,-21.2949552476876
"LRAT",-19.7377900763367,-11.9464173195469,-10.796606737627,-9.97751991405785,-21.0983317731692
"LRATD2",-9.10633004622578,-10.7021424555807,-19.8925025788582,-9.83934282587284,-11.6560292255004
"LRBA",-10.7998333313028,-20.5457603663918,-20.1176903482333,-9.50059732158309,-9.77490188065729
"LRIG1",-17.9162404928782,-9.23822773224993,-7.95633231696371,-7.53026276964231,-10.689170493747
"LRP1",-8.03984489627904,-9.47137548202624,-9.20362035521019,-9.22067685752147,-8.55460735264402
"LRP12",-19.2801204813416,-9.89865274135219,-10.8519512590258,-11.5718372597688,-11.8221220336731
"LRPPRC",-11.0357076520205,-9.99682353463607,-10.5794678851584,-8.89647895749516,-8.44680485177168
"LRRC3B",-9.52266123299517,-19.1365269024392,-13.5095645634552,-14.907208355583,-9.32816145880424
"LRRC4C",-20.0625827992282,-11.0044700495113,-9.96799228471485,-9.67328240657606,-9.84504785145024
"LRRC75A",-10.4255417455038,-21.0123453797063,-10.6478707820524,-10.6712461994638,-12.1555221522508
"LRRC8C",-20.4688218844048,-12.4944757277895,-22.3359496145659,-11.2881776078014,-10.911922041337
"LRRK2",-19.9765897841455,-22.0943225455159,-10.3581927764327,-20.8659339128255,-11.7278274352223
"LRRN3",-15.7049891200674,-21.4393552322804,-10.2727040593191,-10.4044854463017,-9.14695796230367
"LRRTM4",-11.1798827068062,-22.6150115677034,-22.5817982264633,-21.9686572706641,-10.4719002929011
"LTBP2",-19.8034555970434,-11.6014174020042,-23.0119161522338,-11.6167126581117,-22.5041911262738
"LTF",-21.9618449217682,-11.0422527655815,-22.3470477374766,-11.3160703757323,-21.3408492414434
"LUC7L",-19.3838413483422,-11.1482614428315,-10.8851872137176,-20.278048750076,-9.37952054204662
"LUC7L2",-10.0237543071214,-8.4708002837324,-10.0264720133647,-11.1148125131953,-8.90494151433647
"LURAP1L",-21.8332215406974,-11.0007564544765,-22.8652676078939,-21.9596285662804,-22.66133151669
"LY6E",-9.58054728724774,-10.4723091968836,-10.0327451046365,-10.4954114407411,-9.34066642576654
"LY6H",-8.9589737879833,-18.5296373188392,-15.826791919352,-9.51821190814739,-8.72463429952254
"LZTS1",-11.7005848569144,-18.5807510062782,-18.5876847578646,-11.5890200785808,-18.6163397954811
"LZTS3",-10.6562407490018,-9.72824901548845,-9.55444801782219,-19.9516217708249,-11.5713241210861
"MACROD2",-10.0293505040191,-21.9785312840525,-11.0967004644291,-11.9662892985595,-10.4770820365708
"MAF",-19.9558001726462,-10.173774886521,-10.9885144444773,-19.8498224563969,-20.9151059095413
"MAFF",-18.9812249681391,-10.8203118329228,-13.1466025406212,-10.4007479008793,-10.4800524642498
"MAGI3",-9.35135757738214,-21.7424890890768,-12.305305890878,-21.5388954168275,-9.66203701735712
"MALT1",-8.7580446008194,-13.3881056315472,-21.3120880035208,-19.0989407290729,-10.9022708971909
"MAML2",-9.633631365333,-20.4556713132287,-9.71742673547375,-19.6802075269987,-20.9168692283631
"MAN2A1",-10.1077157974925,-8.34937773325218,-10.5170933307465,-8.81119539414084,-12.5725509780708
"MAOB",-10.4349906117692,-9.36940897045527,-8.96743151098574,-8.89346006769194,-9.99713502132119
"MAP1A",-7.33647500369306,-7.56119321860065,-7.89946101245332,-7.84998589072369,-6.79842809126026
"MAP1LC3A",-18.5234528834397,-9.08503500843903,-10.2384828402787,-19.886351035633,-7.81701773571934
"MAP2",-8.50411682872891,-8.08333279317383,-7.71546006485109,-8.42602615195191,-7.31238169157462
"MAP2K6",-18.8351518109345,-19.6400586525335,-9.6114329189703,-19.7501462380965,-10.7001818276518
"MAP3K12",-9.57258395756611,-20.2100764911576,-10.8888841968743,-9.04976464527252,-10.9827002436001
"MAP3K2",-10.6174238877492,-9.86065464406776,-9.52186198996461,-11.4930241502691,-13.1189826797448
"MAP7D1",-16.8150812902895,-8.00528863815607,-10.0360373558753,-8.98133058275688,-8.38529240934972
"MAP9",-7.94768095036827,-17.7435723422533,-8.49674039349876,-8.40684220194854,-7.41888392971974
"MAPK1",-18.6919086027632,-9.1062219389935,-8.53640240423138,-9.99277860805302,-7.94647203911992
"MAPK14",-19.3899565056226,-21.409713288254,-11.2873173747155,-14.9181571429045,-22.046766745193
"MAPK4",-19.1410305974921,-21.5424931707413,-8.96204665739369,-8.9639573978996,-20.6437678062139
"MAPKAPK5-AS1",-19.5894657867744,-9.6051259617557,-12.6858703140225,-20.3762509688687,-19.4791357448364
"MARCHF11",-20.4503169249625,-21.1394725809329,-21.5977202269422,-11.5796296699359,-10.2426182385231
"MARCHF3",-19.7044781929035,-14.7108608944913,-9.64745048579689,-10.1028588727888,-20.5985040868643
"MARCKS",-8.57520029830934,-8.11830155378591,-7.46446485874773,-8.42023419177322,-8.17274565049063
"MAST4",-9.55288946296282,-9.05908615294436,-20.265051408372,-9.06041007296692,-21.2765457026349
"MATK",-10.1036105360734,-11.7277891458936,-20.138001481043,-18.8850922529318,-11.5401820585059
"MAX",-7.93430912214145,-10.6442279322641,-10.9169994193661,-9.00112414359737,-11.0670379948401
"MBD2",-9.11500817274163,-18.6988684660946,-9.32854849887596,-20.2558752301189,-10.5140938191907
"MBD5",-9.55367798488363,-10.1197668502562,-11.6646498598076,-19.6647073694395,-10.3660983324599
"MBD6",-20.3275284734587,-22.3445395535716,-11.6812503008592,-10.7914660467824,-13.1694305568478
"MBTPS1",-9.24582897957748,-10.312378276941,-10.9001074455353,-20.7092061056285,-10.5855027820387
"MCAM",-8.18443857268376,-10.2896145289397,-10.4713993998561,-10.3327269649198,-21.2786196422027
"MCF2",-20.814799221326,-10.4486412726929,-22.1729751928511,-21.8146249340635,-10.2086307073936
"MCF2L",-7.90573877341097,-11.8884122811189,-9.92576161924411,-18.8299464316391,-10.7119931622094
"MCM6",-10.9855952044967,-20.0793669804652,-10.4945115985459,-9.98486282808319,-20.6068132680848
"MCTP1",-20.2892729317508,-10.4741008325373,-21.4393464847416,-20.2348093451553,-11.5290287723188
"MDM2",-11.3010681875487,-8.81028797018421,-9.99422402490677,-9.71506522229729,-9.30074634369703
"ME1",-18.9689750026089,-10.1129426370414,-8.60857890833443,-9.52883673830299,-9.13239928396293
"MED13",-8.0724314780303,-9.35593613995224,-17.2392523116189,-20.8694628609387,-21.789999509014
"MEF2C",-10.241341756125,-13.3119407543882,-22.5184248001197,-20.6065386491644,-23.1217702177336
"MEGF10",-10.0517648901094,-9.03267208396285,-9.96158226487874,-11.170314810502,-21.0963966533237
"MEGF9",-8.09917287361526,-10.8585527373099,-8.37073187949968,-10.3776129628717,-9.20304486219531
"MEPCE",-19.773319324779,-10.715640486434,-10.5575516105574,-10.3571256125973,-18.9514906379844
"MERTK",-10.8455886759622,-21.7446443390292,-11.581455619242,-22.347167990977,-22.5100387150821
"METTL16",-20.3822814525752,-21.3276605005807,-10.7012729135737,-12.1401932161134,-10.9541931040514
"MFAP3L",-18.0772567138602,-13.0026832820659,-8.53626192955859,-8.29568467694831,-19.4622283329427
"MFGE8",-8.65732911769618,-20.9459863713117,-10.9087831505491,-12.9818273024165,-20.8832262561985
"MFHAS1",-10.2066742887812,-21.646691083611,-10.0209862063281,-9.95520624206771,-20.4538193125016
"MFSD1",-10.8531902498901,-11.4227364795569,-9.83461584329503,-9.48857532437509,-10.653596591045
"MGA",-20.7145634086489,-10.9550466124125,-10.799761788924,-10.5429889024084,-10.2612584110042
"MGAT1",-8.32737045547315,-9.92086061633739,-20.1663593431431,-9.7063474175201,-19.1194197605862
"MGAT4A",-9.22626644680041,-18.807571443139,-10.4000161552981,-19.7596246378979,-9.92279803038163
"MGAT4C",-10.5352698903171,-9.95878031319957,-14.5384413424376,-10.5285998316506,-10.8128974578902
"MGP",-9.93524258076354,-11.4257237547859,-12.1223369970272,-21.8480159240771,-22.2731343525259
"MGST1",-9.00144906423995,-19.4223019929784,-7.67933671353258,-7.97263634845745,-20.2239040776579
"MIB2",-10.8477547798743,-21.0067761739032,-13.8832943814398,-19.2554545010061,-9.77717172116038
"MICU1",-10.9650841397229,-19.9226950751127,-9.28528325569579,-19.2764500388932,-9.98569227273706
"MICU3",-20.2491979865833,-10.7556662322882,-11.5414169466489,-20.9336101036284,-8.50385786931989
"MID1IP1",-11.5174504244462,-7.53607156716308,-8.86896759634657,-8.85820209656091,-9.50809397200215
"MINDY1",-19.1622279472492,-10.7760569043258,-10.3933982646902,-20.4013479142155,-20.6653689961814
"MIR9-1HG",-7.91002007984308,-8.3010747478622,-6.96985880806154,-6.91739521810363,-8.78141898021187
"MIR9-2HG",-9.75113883520547,-8.83736698089354,-19.3374552365877,-10.3081265018546,-10.4334025773796
"MITF",-20.7012527554064,-20.7275553866239,-9.95291059432563,-9.30084561957226,-20.734793319661
"MLC1",-9.17020591088581,-10.1021861207308,-8.66759046885241,-8.42477611688195,-19.4876559810266
"MLF1",-17.351240547622,-10.2586892641711,-18.7186149129931,-20.6226093353662,-10.1343077705228
"MLH3",-20.7123005363,-10.3484788437872,-12.5151846204921,-11.1526687717178,-11.7933462737064
"MLLT11",-8.48374125305065,-10.2676474853157,-10.2030324853269,-17.7243064856315,-7.64383342729413
"MLLT3",-10.9626261252327,-17.6250505212394,-11.0415689120559,-12.0188369917414,-9.37347176368394
"MMD",-15.8016710567004,-17.3022885990677,-17.3911903027182,-17.8758181019664,-9.17729298404279
"MMD2",-20.1062624400384,-11.0055801292785,-11.474577890111,-20.9795382648089,-20.9317066067528
"MMGT1",-17.5890101849133,-9.38522114012205,-11.1557906561438,-12.058619226802,-20.3361301356254
"MMP16",-19.4308020375894,-10.4254958460163,-10.2542871964451,-10.4790921638706,-19.7554424220216
"MOB1B",-13.6900182909093,-10.0890391344657,-19.9378668959969,-20.5008498486102,-9.34591189727854
"MOB2",-9.87266502902421,-11.7639868191704,-21.0287851982601,-20.8696950842937,-10.1653888511065
"MOSPD2",-9.98181020847162,-10.252166028819,-10.6021835407385,-15.1347990384143,-21.0341351611679
"MPP1",-11.6166949380003,-10.619380153789,-22.2986348816439,-18.6827646327412,-9.73476370132227
"MPRIP",-7.73484759514091,-8.90595970274948,-8.71542918791816,-9.14196311075324,-9.64818827198266
"MRC2",-21.2509873983379,-22.3530668943701,-10.9744977345064,-19.9106003244729,-12.6487624184899
"MRFAP1L1",-19.1850317050519,-20.7202520211619,-9.28809355760158,-8.98137404885885,-8.79438493277115
"MRNIP",-18.9099854526343,-12.172527497528,-11.4123244307353,-10.7194963998045,-10.8018330132755
"MSI2",-8.81197543524222,-7.93820536745951,-8.22205561600961,-7.73437577163278,-8.29679275269579
"MSL1",-9.0338972673458,-9.2723527380535,-9.10408068283973,-9.57655917426564,-9.69717360194749
"MT-ATP8",-5.96456809599195,-6.75345059957935,-5.91500554034901,-6.08560215612878,-7.93912067011666
"MT-ND4L",-7.66618652090273,-6.5814947421661,-5.77431350918395,-5.91620000507445,-7.8914784429871
"MT-ND6",-8.15143613170554,-8.56433577901167,-7.25079964382324,-6.92354376797855,-17.319867551783
"MT1E",-7.20297370917737,-8.75316431709683,-6.31830444605413,-6.66060800417138,-19.2031735222549
"MT1M",-6.82227865942938,-8.43013448988152,-7.1119290264427,-7.60630563525359,-19.9330224893294
"MT1X",-6.54994841755457,-8.30326925377726,-6.43815362629865,-6.54249253131177,-18.9870150613712
"MT2A",-5.29848449056936,-8.59641480709381,-5.75595868454933,-5.98965670073217,-18.0951833125071
"MTARC1",-11.6802437777854,-20.6529475810376,-10.1268050826252,-10.1998130141985,-11.571072881105
"MTCL3",-9.07620198866276,-19.7878716244751,-10.0023164525132,-10.0556037678927,-14.0853946810739
"MTF2",-20.5887278343775,-10.3381959027866,-16.4236189232119,-21.6680304027014,-11.075261832843
"MTMR3",-7.85624357495455,-19.1601509216285,-10.4980335954663,-10.1746906889144,-10.4340584028828
"MTMR6",-9.30605700391101,-9.42992202446112,-11.1473536036621,-19.8619577234818,-8.73001879602601
"MTRFR",-8.68734072050503,-21.2371064715384,-21.9852722708301,-9.32980000630065,-10.9031983433274
"MTRNR2L1",-10.2416179701156,-10.3097297683011,-9.18346323842245,-8.90200163434483,-9.18185183227776
"MTSS1",-10.7783394596512,-10.2178696452271,-10.3445114879855,-9.45868483967438,-19.2418957862356
"MTURN",-7.38807270952867,-6.2350749686128,-6.99767461483278,-6.58249569719258,-8.52547588488464
"MX1",-8.97867769176112,-10.5552392861255,-10.1890030248585,-19.4545403285152,-9.15260074311706
"MXI1",-19.1917198129333,-7.89683942120598,-8.74380423058543,-9.60686880973311,-18.7771679173268
"MYH11",-10.0740263592554,-11.8825326236871,-13.3368026691136,-15.8284873736109,-21.8784379190376
"MYL9",-10.2724154884435,-10.6915368983441,-21.4369808961962,-11.7900813649401,-12.4295149261499
"MYLK",-8.65736311525607,-7.7329283705363,-8.22905544770434,-8.61841003688618,-20.3125587661596
"MYO1D",-10.184242874909,-10.2927260632687,-11.1665330870632,-19.9543554647792,-20.9540637697651
"MYO5C",-20.0900335926596,-11.2434380983412,-21.3567462433023,-9.89731707198938,-21.4749799019698
"MYO6",-7.87805092504358,-8.43933554623739,-8.9977138423326,-8.74558151081076,-17.5024534128026
"MYOF",-18.2075629715622,-21.1262273082067,-10.4710368050776,-20.9898962887227,-20.7231068089699
"MYOM1",-10.7745604443573,-20.5154888837984,-10.291255025679,-10.1468372780396,-21.696290220024
"MYRF",-9.61552651248388,-7.57928558907207,-10.340962032934,-11.1376948112894,-19.9797278210868
"MYRIP",-9.48886926567923,-21.6633307537989,-10.6806669392189,-21.5571515963421,-19.4564088720308
"MYT1L",-9.46344069604283,-11.2218047859576,-20.2813360200247,-10.3048434657231,-9.41802985761934
"MZT2A",-12.3555228350292,-11.7650104292348,-9.77979441918355,-8.95819141127155,-9.73281647921118
"MZT2B",-8.75067875210881,-10.2286401717738,-8.45795789822623,-8.80003690485887,-10.8308823692033
"N4BP2",-21.418190932179,-20.247331786469,-11.494041476949,-12.2257980608157,-22.6409726476311
"NAIP",-20.4865464556058,-20.7577858002822,-10.0769222547564,-20.9139975394023,-22.144098182406
"NAMPT",-7.54277757806885,-8.87299664201434,-8.97702269336354,-19.9456197538137,-19.0915723488428
"NANOS3",-19.8516246572696,-10.9011032625671,-20.9826395430467,-18.4648257454368,-11.1059951003888
"NAP1L2",-9.18337794979881,-10.8423685870251,-19.5970380047635,-9.81832946701896,-7.7876580122101
"NAP1L3",-18.8651934336088,-9.27232622736431,-10.3976195131191,-19.7048064752396,-7.95495081069341
"NBN",-19.4530884814912,-9.7276349460523,-10.1402756608685,-9.39315294346756,-19.8272174623522
"NCALD",-10.8041435289945,-20.0205073063726,-10.5835182601505,-20.7365506133045,-10.4182728753163
"NCAM1",-8.7068375927643,-7.21251844801644,-7.99768333786308,-8.35711039600463,-7.64407327593079
"NCAN",-19.2663729088899,-20.9637357563652,-9.73213281129192,-9.80864747686243,-10.3603791163388
"NCK2",-18.0529270371031,-18.9192075597851,-10.0114211953805,-10.0816225306912,-10.9600376903208
"NCKAP1",-8.96769819183154,-8.67858050622935,-9.39810932489839,-8.95492599071438,-7.83236324270905
"NCS1",-8.21319453955486,-16.3867872791514,-10.4506774066402,-9.68492364659305,-8.10696683917778
"NDFIP2",-9.59972585176518,-10.3207844851917,-9.78700327985283,-20.5243633518307,-9.5780452947362
"NDP",-18.6156878638954,-11.6794897858407,-10.2839166034912,-9.680208447755,-11.870676483508
"NDUFB6",-9.132838811223,-9.20075279863123,-10.1624845424268,-8.95793688265865,-8.83455942347135
"NEBL",-7.23749195693426,-8.55176570364547,-8.21806905031537,-8.51172059611992,-10.2214542375611
"NECAP1",-19.2607050937864,-11.6299394069615,-10.0689681608361,-8.85716651869266,-8.35130166596024
"NECAP2",-20.9186358724677,-20.4987941368886,-9.98646436318127,-21.5260233735874,-21.7372150738194
"NECTIN1",-19.7135127942009,-9.91935899486452,-10.1061180395312,-9.52229042354979,-15.373886599481
"NECTIN2",-10.3331146497784,-21.196125511123,-11.7355091612943,-17.9754766756255,-9.42067657733212
"NECTIN3",-19.8990442327049,-10.8305201143061,-21.3302896689998,-11.3836147485682,-22.4074540117734
"NEDD1",-11.08999504435,-10.4463507861177,-21.8709604583698,-19.2074088714484,-22.515632233015
"NEDD9",-7.72644733249482,-21.1504782417895,-21.8661134882711,-10.0031214513685,-11.4992144309922
"NEK4",-21.0486225106206,-10.4782601668808,-13.1773744822974,-20.0135188941901,-20.7874027066325
"NELL2",-9.95477339515056,-20.699686256883,-20.8560091385127,-20.7935854633439,-8.67962334699311
"NEO1",-9.98502163592351,-8.93102057694479,-9.6051449218618,-9.14420625622741,-20.4675401483365
"NES",-9.74164764299245,-9.99791974786825,-11.5568122091544,-10.6704497375339,-21.198428245165
"NETO2",-9.42459029363824,-19.6418820213963,-11.1767200827987,-10.0056078769029,-9.11989196710258
"NEU3",-9.4754733476797,-9.65273299841699,-20.3217614751875,-11.5432646078154,-20.8220787098157
"NEXMIF",-21.3345047128151,-10.6015455790403,-12.065761845808,-10.8965680777757,-20.1627568790628
"NEXN",-19.5576934104003,-11.0200603525779,-22.8059946895713,-22.3134916052385,-22.6185920822299
"NFATC2",-21.8315347286228,-11.7442356385992,-17.5458134014959,-12.4440620750624,-23.0524091566003
"NFE2L2",-9.5778673832852,-8.74814007733842,-8.55037136399471,-8.25503562256339,-12.9682240497609
"NFIA",-8.99477623162343,-7.53704344939676,-7.54951085085382,-8.03613980166609,-8.76008604340369
"NFIB",-7.60858507621683,-8.73435326919834,-8.22621851334521,-8.38104486820886,-13.0626486268511
"NFKBIA",-8.3288222176453,-10.0060145097632,-9.02735406547956,-9.21090407764638,-9.97039035754873
"NFYA",-9.34067011484882,-21.2599645757891,-21.3932028133618,-9.56764742882029,-11.6550753757299
"NGFR",-9.70361750057483,-10.5185744341742,-19.7520752071352,-10.0737522484514,-21.2576258024479
"NGLY1",-18.3731939483121,-18.7249217874817,-16.3195066072998,-10.3748928971081,-9.86659613434462
"NHSL1",-20.0054360061834,-20.6000763059982,-10.1312654424992,-10.3382052248474,-19.9691793074426
"NHSL2",-9.45201486718622,-22.4264192362561,-22.5760787244338,-21.2889742000377,-9.78935279269091
"NINL",-20.1306743532903,-19.0803981798765,-11.1845259036246,-9.56562190624427,-9.92308023515253
"NIPAL2",-10.3722136552453,-21.1382973978262,-21.5081345797056,-10.1859502935621,-10.3995573806649
"NIPAL3",-7.21959452568011,-8.2517615639076,-10.0943717056589,-19.8221533257259,-9.28853377194283
"NKAIN3",-10.6309623677873,-9.49187448685667,-8.55636359187938,-8.20302554075571,-9.62560284200444
"NKAP",-9.8475524716139,-15.8896014505127,-9.65380835557002,-10.4585342794902,-9.54511800350494
"NKD1",-9.61698621920189,-9.59348965873738,-20.0467173067511,-12.4145843571404,-20.2192697034451
"NLGN1",-20.4714884193608,-9.16106929112015,-10.9203424463029,-21.0230340986092,-20.8251433439572
"NLRP1",-18.3562164973361,-10.0186148342489,-9.49822204647004,-8.75910710033403,-10.141190773936
"NME3",-9.22665808883766,-9.59623730271364,-9.7991107375076,-19.0265362844977,-9.60910913798336
"NMRK1",-17.4684834642529,-11.2021512725804,-10.9908928451402,-9.83140309309912,-11.5980557420621
"NMT2",-19.0358558448637,-11.7956893879171,-20.2851358986065,-10.1648665159637,-10.2166061470357
"NOL3",-17.7381682814205,-13.6029829364527,-9.5129015300855,-9.77059410491776,-18.8451775107687
"NOP53",-17.8943782285017,-8.68033958928704,-9.80268679546786,-9.57446505929481,-9.81389416667744
"NORAD",-7.65736036739356,-7.64196234997202,-7.20200265396815,-8.22499187182922,-6.61101960220584
"NOSIP",-9.23284590464594,-9.45369926404679,-16.5620852174408,-17.2789600457624,-9.88263472629058
"NOTCH1",-11.4183703247249,-19.8006138603546,-10.5146282927306,-9.33840212713076,-20.4142293986322
"NOTCH2",-9.5741484146352,-9.71377652215685,-9.98767372851459,-9.13762758686111,-10.5709263943536
"NPAT",-9.49548801916696,-10.6710792416523,-10.6393482713996,-19.521861165245,-10.0497582785356
"NPHP3",-8.8795845322702,-9.94230498064668,-11.1736495220682,-12.2483969183842,-21.5950484060595
"NPL",-8.72554273757735,-20.1572088754758,-10.2922614146183,-10.7188497351308,-20.8038863369572
"NPNT",-8.595809613779,-18.3723021899233,-10.1590935107082,-9.67890027254074,-8.97140715750217
"NPTN",-7.64860552944872,-19.812994432859,-10.1511761152868,-17.7048216291527,-7.48831293802648
"NR1D2",-19.017802629537,-10.6290485373988,-9.43785491488651,-9.29628880298821,-19.5788674997962
"NR3C2",-9.96921784638996,-17.65660546476,-10.2767044239955,-20.2116434535904,-10.5791362650044
"NR4A1",-9.6141862031206,-17.0593718428543,-17.5006014360439,-9.66253495908885,-17.8036189415883
"NR4A2",-10.132082550115,-21.2465269969936,-20.5306581905004,-10.4635055985005,-9.03059590740764
"NRAS",-18.0395613790455,-9.94026949972889,-11.7136013955324,-19.079904678451,-9.83442889844332
"NRG1",-10.3797862733677,-21.9884230910667,-10.0946700130094,-21.8362315763372,-10.3845618517783
"NRG3",-19.6213423518046,-11.9923906307796,-10.7589740591137,-15.9349340716988,-10.2477779720954
"NRN1",-19.7806195322208,-21.1967765881391,-10.9172954489164,-9.52764899850534,-8.99693342650608
"NRP1",-10.2301076753324,-17.6901836824366,-17.6775077124228,-9.39609372840454,-17.6590394613407
"NRXN1",-9.9888510456022,-9.9913279941589,-9.09744164052147,-9.38934493726962,-8.56229953758802
"NRXN2",-18.4932617639538,-18.5186859097395,-9.28307878256894,-19.514109607505,-8.04261657167023
"NRXN3",-10.6102211263229,-9.74772115754433,-10.0589840319267,-9.4757992578605,-7.19846580802273
"NSD1",-17.8510517064355,-9.92908891030471,-9.39024236454588,-8.93882303098028,-10.6868144437286
"NSMCE3",-9.62953211903122,-21.2836041075369,-10.1360334424701,-9.80856769046287,-9.63751019452072
"NSUN6",-9.88658886130067,-10.5615046951546,-11.6098936943758,-20.2077088609718,-9.95603508453756
"NT5C3A",-11.5308655015972,-11.4976531631482,-20.8660493894313,-20.3957501854886,-10.3688348702285
"NT5E",-10.7943369964044,-22.5210295329317,-10.556300868999,-9.85763710582671,-12.6780470744473
"NT5M",-9.07455991303322,-15.6955742278039,-15.6575736825931,-15.8992187065539,-15.9418344569806
"NTNG2",-18.8803541436877,-21.3763473530508,-10.4711535728442,-20.932792279224,-21.2716523347083
"NTRK2",-7.71181796430763,-7.86788113016293,-6.38052479855314,-6.46430410673809,-8.41733284537676
"NTSR1",-10.5932911432619,-21.8079735833799,-21.2660105203831,-21.6754455593064,-8.98287258518506
"NUAK1",-9.76202265213843,-10.3633125981682,-9.37790401680449,-19.9537663783462,-10.9599300584335
"NUCB2",-18.397832760863,-9.07040158590128,-9.60867928733514,-9.4684015142568,-10.3140560492325
"NUDCD3",-8.11789336637944,-10.5613370122037,-10.5304254921561,-9.09483510935999,-9.13836795373217
"NUFIP2",-8.1150641514167,-9.61708690803549,-8.95094852909079,-9.02691147014155,-9.95548800667694
"NUP50",-19.9209721130892,-19.5390067472176,-11.2616477953337,-9.77139730750445,-9.33151876992201
"NUP58",-8.86018315683854,-9.27891284414373,-10.0281928978851,-14.2737253079956,-15.6209543320218
"NXPH1",-21.4068808651754,-12.6382384490347,-22.4450601703619,-22.4486965392888,-10.1925630074994
"OCIAD2",-8.42372808386896,-20.2184625417196,-20.2606537180028,-20.6040570335174,-9.14429281692343
"ODC1",-20.6035265386091,-19.8334506964105,-10.8224708712331,-9.93121138140038,-18.961789331689
"ODF2L",-9.83078522239263,-12.5636324251974,-12.4964593528373,-10.6589073799428,-10.6626769133976
"OFD1",-10.6263194194836,-9.52637323313528,-11.2602118058279,-9.50029627625183,-16.5181224748918
"OGFRL1",-15.7693938387678,-7.71792669291071,-7.51131366570033,-8.21917632629826,-8.40512992793174
"OGT",-10.740910919477,-9.67950575132045,-18.1020551326127,-10.2192339598281,-9.28133268569861
"OLFM1",-10.187303494579,-19.6514073515942,-8.48126165944633,-7.88185281868728,-8.81460700920852
"OLFM3",-20.0006513314107,-11.0611637505844,-12.3626630696252,-10.8949068064108,-9.30578569486753
"OLIG1",-8.23724129375136,-7.59162941985041,-8.41181142828671,-8.71833712117047,-17.6628237573074
"OMD",-9.0769706014259,-10.2353924452019,-21.9951668065666,-19.8504838733058,-22.209819085263
"OPALIN",-19.1230430636787,-8.25969570261464,-8.94013763041552,-9.76105507656698,-21.3107445270503
"OPCML",-9.21911901581292,-9.90713585158011,-19.0674175275402,-12.5766046210712,-20.6297911512249
"OPTN",-8.20450560833826,-8.95334120700197,-8.9231947804478,-8.32238657848723,-7.53343929023544
"ORMDL3",-19.1275649618012,-10.7271776849339,-21.2114075908113,-9.83631389796718,-10.8927149951563
"OSBP2",-18.9075663280664,-9.85858512535752,-21.1549109129798,-19.4118000656096,-13.3901497921643
"OSBPL10",-16.1873737951925,-16.1064187627251,-16.9317429930781,-11.1500883207484,-9.3271525940398
"OSBPL11",-10.7989200207377,-13.9181234642014,-9.34346356680188,-20.0649480827764,-11.5105129280593
"OSBPL1A",-10.9560890625143,-7.85543810117774,-19.6115362247055,-9.93574529881309,-10.5152463799112
"OSBPL9",-7.93580382086467,-8.99756986179846,-17.3847579325489,-11.8715362785862,-10.0434163270302
"OSER1",-9.93889838513918,-11.8579070196457,-11.1392631917262,-10.7753154976992,-10.3521172792637
"OSER1-DT",-11.3247878765476,-10.3261780866002,-20.7403518787918,-10.9530628402627,-11.0027911884695
"OSGIN2",-8.76539606670211,-18.7028089631869,-9.27248701372435,-9.76714561791944,-18.7607354086719
"OSTF1",-9.14467042066685,-10.0184340098356,-10.8038514688864,-10.0312593220206,-9.53534660169799
"OTUD1",-20.5147397521495,-11.8350338755353,-20.4066586892017,-10.1414547385381,-11.2792654242648
"OTUD6B-AS1",-19.2762247871237,-10.2920759188197,-9.68980530849624,-8.56799978979731,-8.19481419134113
"OXCT1",-15.7921581135682,-10.7438969245278,-10.480534189544,-9.1910098280414,-9.94422461655419
"OXR1",-8.55114332101347,-8.88270646405512,-10.2067514041189,-8.61172109210977,-9.17697143584319
"PACSIN1",-19.7411329901882,-20.567027455133,-10.8422870073286,-11.5899190142068,-8.6451913972339
"PADI2",-19.1386932907605,-7.82676035598757,-8.1773991405376,-9.00094533851178,-10.8835781025201
"PAG1",-18.006295149291,-9.84935925240687,-10.781805506643,-10.0341808523556,-10.9188293352311
"PAK3",-8.78301819479751,-10.2124780249526,-10.6637738617334,-9.74731509892622,-8.14081586596328
"PALM2AKAP2",-9.55394057667132,-9.58204691717452,-9.74743040105854,-8.56415171634217,-8.94699897555526
"PAM",-16.5993204107851,-16.6762642259194,-9.38826002233532,-8.55707076500868,-7.61899446520487
"PAMR1",-20.1830543393411,-10.3424417703005,-9.99588830908742,-9.32657959947881,-20.4290458524063
"PAPSS2",-10.2235948314011,-12.5657407200948,-12.7797475903624,-12.7562957194253,-22.0228225322328
"PARD3",-8.81031314649401,-9.80126033701494,-21.0062810532068,-20.6910166744655,-9.38349646007645
"PARP14",-11.2148481345014,-21.992272353245,-10.7369096208273,-21.1571516402622,-11.6518209774114
"PARP8",-10.3363485447203,-11.2733845129559,-11.9179877399724,-19.8122136749493,-10.5392069253796
"PATJ",-20.2304553996255,-11.3001739272553,-12.4053211904832,-9.06932270844063,-9.70441305673814
"PAX5",-19.9305356992774,-12.0685630490042,-11.3873886550169,-12.1101935741077,-9.63108458152337
"PBX1",-8.98550347265519,-8.36918093025514,-9.05189225218427,-9.76435402843867,-7.97100391264004
"PBXIP1",-15.7589584687148,-19.7513858547442,-7.59252286220076,-8.12476594180683,-19.3019528576004
"PCDH10",-8.80942002436662,-10.434363466729,-9.25961900345937,-9.03826979939249,-8.0304202840788
"PCDH15",-10.5063409935005,-21.2688881178706,-15.1762190681526,-21.6038267126883,-11.5960209197638
"PCDH9",-8.08151576117866,-6.68494469658947,-7.80737572070523,-7.74614589069829,-8.64607318585963
"PCGF5",-19.1493773681455,-8.62421939715666,-8.79472281678701,-8.62054996462611,-10.0373222829696
"PCMTD2",-8.50210146435244,-9.1123748981016,-12.0001787203697,-20.3653173440905,-10.3208597567023
"PCNX1",-19.5862838684111,-20.5789821575414,-9.81889515600267,-9.05388955424653,-10.6082541947367
"PCSK1N",-8.89526838167064,-8.44537203968191,-9.13604219791685,-8.22766865454724,-8.28876757632213
"PCSK6",-20.9016250804959,-8.56309511785896,-21.2808170764012,-10.715894368162,-22.2151681610234
"PCYT1B",-10.910949386316,-19.0768649409595,-11.6988539942969,-9.96541960672564,-20.7382741283145
"PDE4A",-19.3553396468518,-10.2232507332145,-10.6392792488722,-20.1662603250559,-9.45632775410846
"PDE4B",-12.382529547076,-8.39833992814983,-8.47420245535149,-8.91962186145457,-8.54383095328063
"PDE4D",-17.6229635054592,-20.6922879836251,-9.87942442604655,-19.5821318790069,-8.95856342284403
"PDE7A",-18.6559885153708,-10.5526164203619,-11.7954673339942,-17.9566083533147,-21.3986928041512
"PDE7B",-9.73620569602391,-12.0711350232132,-11.3349552966859,-10.9847524209706,-12.3860483739586
"PDE8B",-9.67478805017873,-20.0369254706267,-9.17819609894618,-9.18743564493628,-9.09314982680697
"PDGFA",-20.4521865129871,-9.54815741838379,-10.918736914072,-21.4968604717612,-10.4506983537559
"PDGFRB",-8.90138147575259,-10.403061544749,-11.7482549023778,-9.99843690784545,-20.5898833778283
"PDK1",-9.16528678539753,-12.6007572359278,-10.4807928003208,-9.1508854467566,-20.6497130891372
"PDK4",-18.7070303773505,-7.96194148729751,-9.4765461293697,-9.82533932873118,-12.0212917903398
"PDLIM7",-9.50573062994819,-20.8261266042801,-20.0371047364222,-10.0395823530814,-9.94822180152591
"PDS5B",-9.37671862991617,-9.61596050608635,-10.2233036244788,-19.0960240878698,-8.83630751389482
"PDZD4",-20.0478616430257,-10.057411223227,-20.6704649837989,-9.1684171401109,-20.303427608804
"PDZRN3",-10.5740877101472,-20.4046036834931,-10.4513789277244,-20.1876627871359,-20.7706807003779
"PDZRN4",-9.95701949121784,-10.6726402200246,-20.3094610019295,-9.65199208408377,-11.8520992086555
"PECAM1",-7.19183012798378,-20.9558682594091,-13.437520511996,-9.37260741176671,-20.19102611821
"PELI1",-19.7807754046268,-9.69925814665653,-19.325506905434,-9.78493960632917,-14.8835409160278
"PELI2",-9.64567782203337,-10.4728932008087,-20.3939790830706,-20.0978224376516,-20.9510897994987
"PER1",-10.079971264632,-18.1472323450725,-8.90664533145294,-18.897423832657,-11.8242622579516
"PFN2",-18.8250403635537,-9.39363544357769,-9.70370680302217,-9.0487132996348,-8.25143143061984
"PGAP1",-20.0658247058695,-20.006425641857,-11.8732681099778,-9.99305555061817,-8.84476734294775
"PGCKA1",-21.4020839588605,-11.7120141284479,-11.4651821124745,-19.6987366911074,-21.2405352052235
"PGRMC1",-8.21645119151591,-7.80077261959579,-18.4405828147114,-8.98066541494756,-6.7841121699054
"PHACTR1",-18.6716345382921,-10.8117654476974,-11.6678004506961,-21.9105408149254,-21.5826755412273
"PHACTR2",-18.3370886321729,-9.13583749466946,-11.0304426186502,-19.1305414781862,-10.2498326058437
"PHC3",-18.9258024734554,-9.83468952900137,-9.57371572893108,-9.73525312878282,-18.4271567127078
"PHF1",-10.2956492319838,-10.1433168074108,-20.806138594342,-10.3574212908576,-10.045741590551
"PHF14",-7.91661652720339,-10.0169328988892,-12.0045112859699,-9.35201699412944,-8.41446511175334
"PHF20L1",-13.1916043994564,-9.31961405812248,-10.2059758394435,-11.2287181547039,-11.1036492121329
"PHKG1",-20.8691153857027,-21.7095177409473,-10.347490062847,-21.3321702978455,-20.202299131615
"PHLPP1",-8.77809219767908,-8.32335316283201,-9.51084951805411,-19.9479389349106,-19.5201530168337
"PHTF2",-10.4743211278365,-12.6228305059063,-22.3577598524579,-10.9055788074974,-13.6433647862473
"PI16",-19.6919596585914,-20.3430385296862,-10.2304225137784,-10.075729503452,-10.345446568153
"PI4K2A",-11.2486801471987,-17.9640003502607,-9.92007482086719,-19.6532030637459,-10.5950527689596
"PIANP",-19.7344305908493,-21.4320618219351,-21.6265885005545,-10.705476922659,-8.92228442557163
"PID1",-9.02062214788532,-10.4650099119083,-11.2002132633972,-18.1655381469491,-9.64612872545426
"PIGA",-20.1614439565112,-10.1501074546539,-11.3787521068964,-20.7898803554839,-20.2807194261513
"PIK3IP1",-10.0042818010615,-9.7144296837954,-10.0801606636863,-18.4908548999683,-10.5140603487538
"PIP4P2",-8.67383241208162,-9.34201312996216,-8.98974334215628,-9.50266993897624,-9.67711911036783
"PIP5K1B",-11.0056529141447,-20.6838177275479,-12.4557020829047,-20.0099862812857,-8.81794492049796
"PIWIL4",-20.415230468323,-20.537660872902,-10.7346798437058,-11.8712895060155,-21.1144735135639
"PKIA",-16.4151089208509,-10.709013523021,-10.5020465978914,-9.94617033628726,-8.05842865835428
"PKIB",-9.39796046497752,-15.2597659386935,-17.2447211317828,-18.4706522747453,-9.37574470762373
"PKIG",-9.10781708068452,-21.7196985329673,-13.7022485003518,-10.2832869228372,-9.53618347077322
"PKN2",-11.3110615378534,-20.6283948251385,-10.0110618967946,-9.47393972588217,-21.7772813673561
"PLA2G12A",-18.7833953634914,-9.12571957404617,-10.0004261242756,-9.03187309455264,-8.57000813079511
"PLA2G6",-19.2080307781558,-9.97732866371942,-10.9979597814498,-9.9523045845982,-20.529879272489
"PLAAT3",-7.82121511113091,-7.01762803687628,-18.5059556232353,-8.39208157508038,-18.8425122091507
"PLAG1",-19.7479614432345,-10.9377049656482,-21.165622150681,-20.1123968260162,-21.4465667311458
"PLAT",-8.90889476411776,-21.0505887678387,-10.9609875242637,-10.9605097850432,-22.4096744492142
"PLCB1",-10.9902072347404,-10.5342949323173,-8.83367762986461,-9.25636215849566,-10.0674869657036
"PLCB4",-9.01161658397312,-20.0906382302611,-13.1210196417546,-11.3185082826778,-9.20626271288962
"PLCE1",-20.5631090765832,-11.3878744968921,-16.9220686688929,-11.1864940047005,-22.4635920603891
"PLCG1",-21.0639093790691,-22.2509386715859,-11.7566742550827,-10.6592002943803,-12.5082744031638
"PLCG2",-8.50416815540758,-8.91120622861962,-9.54383392679937,-8.66000241058487,-10.5734718140754
"PLCL1",-15.3737949960519,-8.48695364479653,-9.64667299040637,-11.4660603820295,-20.8550504974317
"PLCL2",-20.3275729309754,-20.7564901265284,-10.3167202395504,-19.3216446319096,-19.6101269983218
"PLCXD3",-20.5979882960291,-10.328452805498,-19.2400453198963,-12.1964821125627,-9.53492833153456
"PLD1",-19.6399027105821,-10.6492596023343,-20.5013309381841,-20.9798599212706,-21.0035482983236
"PLEKHB1",-7.50627075779849,-6.79203988848868,-6.87843038232898,-6.91299876829651,-9.10236919946383
"PLEKHG1",-11.8545118726891,-10.3501359663156,-10.0058879809294,-19.3448519903209,-11.950886383315
"PLEKHG3",-9.52680766435416,-9.27107702387693,-9.55520536686191,-10.5115283857413,-20.7375706653643
"PLIN2",-9.85575860238634,-17.7285601154959,-11.354652334657,-9.61329663728029,-20.7117834375263
"PLOD2",-19.3739817867151,-21.4251106600638,-9.72200092670571,-9.64496559146743,-17.0053744723662
"PLPP5",-19.8548811027144,-20.5709354578254,-11.1165680633466,-10.0308909064394,-11.3982552123341
"PLSCR1",-8.65017685535166,-10.5965455389578,-9.27779186808934,-9.89012891500824,-9.91889934624619
"PLXDC1",-10.5163706501484,-10.4363112639738,-21.6243779182114,-13.0541478667845,-20.1172485700991
"PLXNA4",-20.7400499984252,-22.0155199954583,-12.6862837983294,-21.8160253760881,-10.3242601121291
"PLXNC1",-19.9289353967572,-12.9465861900648,-10.6510461645358,-18.8138660899803,-10.0209108263171
"PLXND1",-10.2482970168998,-20.8173546573851,-10.1577388806774,-12.0858360766524,-21.7219234016123
"PNMA1",-17.2583031444335,-8.96333216271451,-19.2180176354412,-8.39846419014341,-8.60625089938244
"PNPT1",-18.9822395802466,-10.4053731158492,-9.42132118859928,-9.59140950836076,-20.7585092075055
"POC1B",-19.547636415195,-10.0494824635604,-10.1049363453662,-10.1968914430566,-20.6521512422888
"POLI",-9.97372144245455,-10.8049018611974,-10.241431522265,-21.1132486352781,-21.3331809029624
"POLR2A",-9.66277488103473,-9.26588294037604,-12.1914831001277,-9.55825809612127,-9.94701562657518
"POU2F2",-9.96075177100934,-11.4535822763175,-12.212237520937,-11.5634764350379,-21.1439984830765
"POU6F1",-19.7975766963921,-10.714221601788,-12.0365541267141,-20.5645321089698,-21.0985489177011
"PPA1",-7.14607384931714,-7.87280760609572,-8.78806637420765,-7.68780596175878,-7.5756174550506
"PPARD",-19.7189615962048,-11.1971062415965,-20.4251688527614,-9.37860709514863,-20.6277166868583
"PPFIA2",-9.85954165709607,-16.9829368018861,-9.37982764712888,-8.29472141611137,-9.06684917569306
"PPFIBP1",-9.071164448722,-9.3152517864501,-19.913042169106,-18.0962720505806,-9.67660031775356
"PPIF",-18.7640078258002,-9.48915558439609,-9.91910662155499,-11.2879992028651,-8.95832043794837
"PPIL4",-9.62941576369886,-9.43339529297696,-10.3680224078983,-9.47089445712375,-13.7278302544136
"PPM1A",-9.28582454803551,-8.62699428528471,-9.9241730934646,-19.1848631486287,-8.76662717507432
"PPM1H",-19.034000358913,-10.8003850665502,-10.8976266738673,-21.4005073730013,-10.5181495976424
"PPM1K",-7.75895376500589,-8.64170176656371,-8.12062242073944,-7.80485958303665,-7.94009631494424
"PPP1R12B",-8.5069982953972,-8.89331456420869,-20.3405748186332,-9.55845826614831,-11.7303731084954
"PPP1R12C",-9.41398964510001,-12.4053106349441,-9.68345073877189,-11.3067092839222,-9.47572759250112
"PPP1R14A",-8.2762266224778,-7.03792182685854,-9.61956329212497,-19.382126413872,-20.5685228409484
"PPP1R14B",-20.0247623210418,-20.2174050892336,-9.93883461546786,-10.8188137299365,-10.1972742800465
"PPP1R15A",-9.29506151123328,-10.8220045818443,-11.1041574521916,-10.5863806813456,-11.0912734062359
"PPP1R15B",-19.3848403307569,-10.481710630344,-10.2571928956453,-20.136090112539,-9.9736411153633
"PPP1R16B",-9.34925945231936,-8.99437567612761,-10.6851682615543,-19.1210942390912,-10.2888100217203
"PPP1R3C",-19.0308295532531,-20.7741120727267,-8.69338703072947,-20.2518587651819,-10.0264947066364
"PPP1R9A",-17.8696075494868,-9.15636373817385,-9.57173781471176,-9.66798096231846,-18.1035720556598
"PPP2R2A",-19.5799025927944,-9.41746480586157,-10.0204493236709,-9.0745189403224,-9.45136492051013
"PPP2R2B",-9.85220762296266,-10.3766060959896,-9.11971314300847,-9.35416114129484,-8.79641072647954
"PPP3CC",-9.98883096289594,-18.6074339503614,-18.4438447286289,-10.8161088960173,-18.3502638135404
"PPP3R1",-9.22340101414965,-19.8100962206751,-9.20010818347801,-9.23267545973213,-9.45694418310974
"PPP4R2",-20.3429667557745,-9.71109708138474,-10.098936967994,-19.1106623835051,-10.2774519750178
"PPP6R2",-20.6026404631781,-20.6689006632917,-10.5165644642187,-9.1026165423674,-10.2897174936492
"PPP6R3",-9.63183357151289,-12.0572743006763,-9.26092104580264,-8.88670544425193,-19.6278337499342
"PRELP",-9.52277624671221,-22.8383843165864,-22.6604223004826,-11.189750385758,-11.2655595886747
"PREPL",-8.78011855370808,-8.43815480573844,-18.8079845759349,-7.90505376470173,-6.86928903790158
"PRICKLE2",-9.00409142981623,-10.7596135785073,-10.5849309901244,-9.84943373303059,-21.1915842611034
"PRKACB",-8.42269859845952,-7.66340308857013,-9.70150931736695,-9.22160917134937,-8.30853292035691
"PRKAR1B",-18.9070897323281,-19.3445187131072,-9.86661914261902,-9.73899043911676,-7.60082841029209
"PRKAR2B",-18.9403567495409,-9.95858085388385,-21.3781934908514,-19.2912250478819,-8.22761184732498
"PRKCA",-9.25673225016971,-8.77724863790437,-8.72444705030633,-15.1934207257371,-10.2712798751375
"PRKCB",-13.1109643193002,-10.1096549389191,-10.2247411040568,-20.3579372311641,-9.4939114796264
"PRKD3",-9.51225834910687,-20.9753975262107,-10.9622993867398,-10.2672556854718,-21.4330256261948
"PRKDC",-9.74752847341339,-9.17770506529824,-9.57719900653563,-9.47084464691222,-12.6120726880908
"PRKG1",-9.7159736914925,-22.1953112309544,-14.84080192766,-12.4869440129319,-11.4722786487194
"PRKN",-19.1504441406539,-10.5611167731994,-12.3546510182194,-20.7781343106588,-10.4268556062477
"PRKX",-20.3587863854245,-19.0260771047936,-9.50287615859748,-9.15895339431961,-10.844398782495
"PRNP",-8.56515076307552,-7.42004035431777,-7.52411383874723,-7.37257876334444,-6.81238174193436
"PRPF6",-18.3133750267286,-9.19739824505454,-10.5242252765166,-10.4555177420983,-10.446111950001
"PRPS1",-9.54291946560689,-14.4282739026032,-10.7861622389927,-20.1793518366984,-8.2374475220179
"PRR5L",-11.0449695785353,-10.909495681351,-12.4575213615986,-19.4697241188248,-22.2430449007284
"PRSS23",-8.57238837983719,-21.9327283188238,-22.0939949203144,-10.3992500371732,-12.7869969908552
"PRTFDC1",-20.0823919625512,-10.8847303724819,-10.633491992298,-10.1059808438391,-11.7382948202987
"PSAP",-7.25826472795666,-7.16232912830458,-6.8712566507065,-6.95356712308511,-6.35430101817513
"PSD2",-18.9742851919255,-9.32230332202406,-8.10729161118942,-9.07963746121266,-19.7137445850631
"PSIP1",-8.15124975979303,-7.75357830464132,-12.2141469681631,-8.96748078934327,-8.35286033156515
"PTBP2",-19.2815524418978,-9.40310137561213,-9.5521246661302,-9.60171067175199,-8.50804718898126
"PTGDS",-7.02939391032624,-6.22153144767023,-6.00688781585093,-6.51367966608081,-7.98419778309044
"PTMS",-8.49039478030328,-19.9364279808365,-11.6198596519209,-10.0247560721861,-10.0255304165098
"PTN",-10.4595339122419,-8.42958309115027,-8.35330039771277,-10.6825795104038,-20.4762551092532
"PTPN4",-20.3729901444699,-10.501880784855,-9.95435432783059,-9.91329885948566,-21.5957468755369
"PTPN5",-19.8425513790582,-10.5489442350098,-14.0118052990415,-19.9661177868798,-11.4007821492799
"PTPRB",-10.4125675372611,-19.5661348534063,-12.610132089811,-12.5197180519464,-22.6274199808455
"PTPRC",-21.2916618652203,-11.689549634411,-22.067822080965,-13.7788662102911,-12.1242235717553
"PTPRF",-18.216956660804,-8.89433056340557,-9.00561695050235,-19.0607165990912,-8.33921460604184
"PTPRG",-7.81605144654087,-20.671504227259,-13.0500822207236,-18.2019130488794,-9.71113475253729
"PTPRJ",-21.2221655614435,-21.1005528725715,-11.3158476546736,-10.8448210212838,-19.8005075964159
"PTPRN",-9.56012358003369,-10.3118008950225,-20.2966811794798,-18.5529734835251,-7.64132450783741
"PTPRN2",-20.2357972859296,-10.4985280368235,-9.75952482238681,-10.116834287786,-8.3987582428854
"PTPRO",-12.4642395899878,-11.3008045620813,-16.8474646101539,-19.836563392524,-9.19429272683992
"PUM1",-9.41678342171201,-8.68451802466193,-10.1892862421026,-8.53159696998771,-8.74736391120065
"PVR",-9.79638002726226,-11.2931328911941,-21.3160493541766,-19.9271354404488,-9.55521033416124
"PYGL",-9.17219477043621,-12.4214433570724,-10.9507532412751,-12.007122111457,-10.1967215944535
"QSOX1",-10.571981166248,-11.1198020849818,-9.72968819147872,-20.0628282339303,-9.20784643790373
"QTMAN",-20.6455582872473,-20.6449912550892,-10.1824134800071,-10.2007966692282,-10.3923142238825
"R3HDM2",-19.829475377458,-9.75647410263116,-10.977428266116,-9.54076807710054,-9.96926762218527
"R3HDM4",-19.9176083257245,-20.4149513800859,-9.9595341607949,-20.9882158000285,-21.2060928962412
"RAB30",-9.17609032987411,-8.9734667209761,-8.66698939061174,-10.0541779948288,-10.3241648127417
"RAB3C",-9.19589947899142,-20.8340055693945,-19.6204624880915,-19.7512197228118,-6.95269686677891
"RAB3IP",-10.9063020790077,-9.64696434329229,-8.89536868781644,-19.3679285516965,-11.3121827228145
"RAB6B",-9.35909050227483,-9.9684929431274,-9.68278813617689,-9.28844889995915,-7.06520654942788
"RALYL",-8.49635697326398,-20.4582922263355,-11.2658117028239,-20.3067875145031,-9.01855698231274
"RAMP1",-9.02389345424594,-10.49745688896,-8.29667628551233,-9.39026608115938,-9.67912938618068
"RANBP3L",-21.1354282705508,-20.3216960829452,-10.7441613699152,-10.125284098579,-10.7740958001217
"RAP2B",-19.9715350369305,-15.5056287971017,-10.0851733895355,-10.7853400771017,-20.5648750660098
"RAPGEF2",-9.21039618776387,-9.1793454013674,-11.6824056192464,-10.2643372144128,-9.93226719481993
"RAPGEF4",-9.77853544191829,-9.74337928566593,-10.278906111751,-8.697143918125,-9.85176686491957
"RAPGEF6",-18.8704063977207,-8.91751624850045,-12.2966253917604,-12.5358106042503,-9.44681640144167
"RARRES2",-9.41972752754149,-14.8704307023433,-10.189369851304,-19.7375395039209,-17.3716413370342
"RASAL2",-9.62293919549278,-10.9508072815399,-22.6037290197728,-21.1616217928173,-11.615095443427
"RASD1",-20.1377244723532,-19.3667560578461,-8.79549650725487,-8.58528331650122,-10.5311503147387
"RASGEF1B",-9.96205661498126,-11.2055920663286,-20.6605467220873,-10.0570892203541,-9.51627522494215
"RASGRF2",-8.81818489219544,-11.3176373312578,-21.4364808562376,-9.87732791032051,-21.3268414809844
"RASGRP3",-10.2825564084391,-10.0515695467352,-9.86147395466279,-10.2499457496726,-19.3527513565847
"RASSF2",-9.29605728514974,-7.56948055379221,-9.74449840139738,-9.38990578253311,-9.8160030177955
"RB1CC1",-8.88142017886681,-9.02368257917342,-9.14679042355842,-19.87022465199,-9.47732978975546
"RBL1",-21.7364328377055,-11.9609494209086,-23.8276627732025,-13.3463285003505,-23.2332283331621
"RBL2",-9.59585920712881,-12.2617198919997,-9.65441776300381,-10.7418464449874,-20.1762157012235
"RBM12",-10.8871600243761,-12.3154524698834,-10.8188860457406,-21.6653430875662,-12.204747244682
"RBM12B",-9.75573042515329,-10.913375429457,-10.6664932969385,-19.7313005690152,-20.7846954578374
"RBM5",-19.4694960786605,-9.43387773225333,-20.6021610926845,-8.39854070087241,-9.78690633604949
"RBMS2",-8.14645090402635,-16.956580722823,-16.9547325652615,-16.9577448190238,-16.9484908626967
"RBMS3",-8.39937745012767,-19.426908463474,-9.13649576609337,-9.67575609802021,-19.1524237940584
"RBP7",-10.2790800839465,-10.274408893985,-20.0653454868352,-19.6139679525601,-21.1221695029352
"RBPMS",-9.81769171496007,-14.5309178755837,-10.3265666072272,-19.4370315969762,-11.3951870859858
"RC3H1",-8.11456359701281,-9.62487343786029,-10.3772191554798,-10.2382940839925,-19.976613763632
"RCAN2",-18.9510643001916,-8.5121016440309,-9.67009575578638,-18.884531375544,-6.78646311064739
"RCAN3",-21.3854190368932,-16.0973530850226,-12.355683981164,-20.3577386278119,-11.214805197886
"RCBTB2",-20.119100572122,-10.3380609671704,-10.1965674966104,-20.1038463854754,-12.160421027732
"RECK",-9.49116034530909,-10.3503135957272,-17.3882448740015,-19.907920135799,-21.086542854057
"REEP1",-9.41801610493636,-19.3750997272275,-9.81448160129913,-9.22726589276429,-7.69250017222882
"RELL1",-10.433258871965,-9.50611815365747,-10.790484039459,-9.45150903588515,-11.1838895283541
"RERG",-21.2602980056738,-11.951612159455,-21.5865482513763,-10.6446813393408,-10.3364075316599
"RETREG1",-18.3097940893502,-8.00829711305978,-8.55824494374028,-8.2302392056364,-8.45497497376047
"RFC3",-10.4399981315014,-11.4499925385496,-21.3995803548008,-12.5588402473849,-11.7457029415077
"RFTN1",-11.2477268265337,-11.5313362528939,-19.9927992582593,-20.7921615740202,-9.96748837539867
"RFX3",-10.8127663646162,-19.4332819974932,-9.89875169413972,-9.28353533327931,-10.818854853198
"RFX4",-19.2203628099734,-12.0547403403673,-8.62565335944452,-9.18196727928156,-20.6691315843412
"RGCC",-17.8227173843475,-7.99321156733633,-9.20688316417252,-19.3869774702205,-19.579687201319
"RGMB",-20.3504025237563,-19.8957060875147,-10.8406469721403,-19.6155144829056,-10.6933161748873
"RGN",-9.96409810464747,-9.58249963739075,-11.1363677643309,-11.2905395783403,-20.7228287628217
"RGS16",-19.6573813175606,-20.1631921647729,-9.73261673826942,-9.05692746087674,-9.54496813559301
"RGS2",-17.9070051650832,-10.617752095938,-20.5277181678688,-13.1807191147526,-9.87558374309609
"RGS6",-18.4138679442787,-11.4089446745728,-10.6183462184553,-10.739887447864,-9.99197054335816
"RGS7",-18.9827170949524,-10.9182349634304,-19.4474715737995,-15.7515918550495,-9.26116861211607
"RGS9",-10.1825380241106,-10.8858713632321,-10.6095837268322,-9.72270012564669,-20.9663083277629
"RHBDD2",-7.9173495522158,-9.19764377502328,-10.1089604924132,-9.95869336360033,-7.00314714852015
"RHBDL1",-10.4622162583296,-14.7697325389958,-16.7639042717902,-10.9881750296498,-16.2731066233371
"RHOB",-8.08638938728756,-7.80818992400056,-6.81420894582277,-6.83866631849836,-9.04325800809824
"RHOBTB3",-8.119560036289,-8.26844966305525,-8.01723688938,-7.65326037605871,-19.6947092605275
"RHOC",-7.46217665181747,-10.2117865399212,-8.83078186220931,-8.52215075225392,-11.0144043340811
"RHOU",-9.67154526681133,-7.87951899608248,-8.86311224244649,-9.73381596567062,-18.1933207689687
"RIC3",-9.53914891973398,-10.7276471615956,-10.8654226038622,-18.6141244562505,-9.52773142110922
"RIF1",-18.4940739172342,-9.06237701048145,-9.86957989640308,-9.12049888187591,-9.72706782143976
"RIMBP2",-19.7894436163456,-11.4611629197011,-10.6521528816058,-9.80140212088425,-9.24339736217551
"RIMKLB",-10.2135040271986,-9.52936878760731,-11.4112911091623,-18.4671607411096,-11.5942278872291
"RIMS1",-9.93856336718386,-19.9810955785859,-10.5081765250355,-19.3020312572465,-8.62505211044617
"RIMS2",-8.37836661278787,-21.0757328047231,-20.5538715483986,-10.2508051040335,-8.7401069341533
"RIN2",-9.9028359630727,-10.6755817497352,-9.84142215154578,-20.2106048574849,-21.4034215571001
"RIT1",-19.2934005621399,-21.151664752476,-10.5566769358769,-15.5147810118361,-11.5919527031453
"RLF",-21.66512094129,-11.4072792750671,-15.4803493243706,-17.2610588485139,-10.6709384097037
"RNASEH2C",-9.55610464282788,-9.63681367947785,-20.8675278987574,-9.01164598030089,-12.2307178954747
"RND1",-19.5345023192539,-20.953322414924,-10.3165405228391,-20.6168720674055,-21.275890471005
"RNF103",-18.9126863177307,-9.03740655541707,-10.1676373764844,-10.8655063115618,-10.7110313525668
"RNF115",-19.0085652882851,-9.55289059977073,-20.6644632021926,-10.1168142757503,-9.56496899895168
"RNF139",-19.8449646635228,-10.6281629583123,-10.540220126708,-20.97041166567,-9.8641494956094
"RNF144A",-10.2281976696403,-8.6962123337057,-9.39354726048738,-20.2408401608621,-20.1642180646717
"RNF146",-9.11182647276125,-9.73920062425815,-12.9989530614016,-10.547337891729,-9.46947876364592
"RNF157",-10.4384166238824,-11.1383572461863,-9.41657115874136,-9.49569116532343,-9.52443090611465
"RNF2",-11.1050887161652,-20.6415552262524,-19.301741363872,-11.6892265620629,-9.9477729684228
"RNF217",-20.2101437558967,-21.3859570186517,-10.9850456911451,-10.9287494630565,-22.5743664620344
"RNF4",-19.0410086435987,-10.4693185104819,-9.9809102297993,-10.4405401873347,-9.04562113749196
"RNMT",-10.5739365922516,-9.30881344653519,-16.6040028577814,-18.7037175345198,-8.66028279761436
"ROBO2",-19.6913861294637,-10.1812743534954,-12.9248493010753,-10.5325613879215,-8.49692293536445
"RORA",-18.6709006506363,-11.5570104274869,-9.22701483315096,-8.31262580106742,-20.1018773477007
"RORB",-11.5660321271152,-12.033523070776,-11.3653660186386,-21.6421783612246,-10.3887472201057
"RPA1",-9.88234724661488,-9.47048979995403,-17.9011072017017,-9.79086576129656,-9.13172186663622
"RPGR",-20.2502631432349,-10.3127844189786,-21.7359800892852,-21.148219325036,-11.6701410547415
"RPH3A",-20.9888652074113,-21.3059430120953,-21.8733352090252,-14.3552220917628,-9.89301833819502
"RPL10",-7.95573820011037,-7.34266912386042,-7.75908157025638,-8.23615152305793,-9.45130408151353
"RPL13A",-6.30540236257362,-6.76042929524789,-7.19599163443752,-7.07598719227101,-8.03334407017941
"RPL14",-6.62120598522346,-8.14956427952444,-7.78858632369627,-8.48565009864019,-8.42108398399547
"RPL18A",-7.48237230444316,-8.48151574979397,-7.96952783798309,-7.69265968808058,-18.7408308657566
"RPL19",-7.70727886022318,-7.39767940962738,-7.35524072215418,-6.83373738913811,-8.69786170824183
"RPL26",-7.52473743663593,-7.27431027225152,-7.44445119546524,-7.56465490089046,-8.80922039715315
"RPL3",-7.16645657901643,-7.13431955534837,-7.5096635715789,-7.92504188492322,-12.0726289011912
"RPL7A",-7.89200749884552,-7.86272597066808,-7.65446925724405,-7.66930358986685,-11.7413947492033
"RPS18",-6.9737116073934,-7.1923941250678,-7.16937932589514,-7.26370289278904,-8.87957109674917
"RPS19",-6.92444118688953,-7.58741732155901,-8.13390959425889,-7.95405963855992,-8.16422186343909
"RPS2",-6.61185880315117,-8.17276184847106,-8.41096904095738,-7.95883602586101,-7.90577888537038
"RPS26",-7.485988215617,-8.87536399046843,-8.89008641194502,-8.96226274705575,-10.1538952421858
"RPS27A",-6.67670257086275,-7.14909509977478,-6.79239322853066,-6.69866272433646,-8.7479585251331
"RPS28",-6.99845887693859,-7.56674915494824,-7.28596974088246,-6.81843704416746,-7.26562836900401
"RPS3A",-6.76936189213059,-7.68883154885239,-7.66083048348797,-7.39199602802863,-9.30294462737505
"RPS4X",-7.54854894828887,-7.25805638746984,-7.59995985514833,-7.56076967546069,-18.9819942821721
"RPS6KA3",-20.2675923887569,-21.3335085737429,-21.9041256895263,-10.0940039219931,-9.39988972882701
"RPS6KA5",-18.2840313823843,-8.84231241195442,-9.39537734679297,-8.25621072280812,-11.040122133208
"RPSA",-7.10536383081035,-7.5134404442817,-8.63836694751582,-7.9900409749635,-9.00711524817918
"RRAGD",-10.8927199218015,-18.378057647307,-9.49764145245796,-9.42022934798461,-19.1691676005361
"RRM1",-12.804815918244,-10.5340446985787,-11.6450307713526,-21.0050143423511,-20.6769800830217
"RSAD2",-10.9241273145708,-21.7501890987749,-11.6397570022481,-10.9647723797531,-10.54136607081
"RSPO2",-10.7055700066615,-21.2292751166935,-20.507637672163,-21.08622392909,-9.11288228322784
"RSU1",-9.77765886545982,-9.98515560176961,-18.589189162155,-9.38264482911159,-10.2129155607657
"RTL6",-10.6546332844245,-9.49784795728297,-18.580328677317,-13.2816390559181,-10.0443657104118
"RTTN",-20.1340974075396,-10.4638784681774,-10.9383617743352,-11.7634457443372,-20.717066034894
"RUFY1",-19.7210686161792,-11.6948675977115,-21.6143786250272,-9.48178264079585,-10.8803416780538
"RUSC2",-18.5899010056411,-9.85044502277184,-19.5853002494947,-9.86264929419702,-8.9536747006419
"RYBP",-9.64774413125733,-9.55071315154694,-9.77124694161997,-8.64673907959818,-20.3540497213486
"RYR2",-20.929793377807,-22.0122403696119,-10.7665275302528,-21.3288496860146,-9.98806115779194
"RYR3",-9.87109867393737,-21.145204164347,-10.0744378694877,-10.3493663924285,-11.3245327844499
"S100A10",-7.75529293868497,-9.94212804193245,-11.5231918476298,-21.1298632702887,-8.96364870091927
"S100A11",-9.08224232932975,-16.9491311858406,-16.9481842572573,-13.5238124720378,-16.9435742020951
"S100A8",-22.0650388689399,-12.2917182375627,-22.2385290160525,-22.2435141357708,-22.8825767070233
"S100A9",-21.5347975254364,-21.0873552657651,-11.2507196967599,-21.6166250856129,-22.0395216409964
"S100B",-6.67496066059402,-5.90439647550222,-6.39296670818411,-6.61038741935221,-18.975507442921
"S1PR1",-9.40615391825879,-20.1877961092196,-8.1644458915445,-8.45201079777193,-19.880297507164
"S1PR3",-18.7744875224866,-10.2875075285736,-10.4270150351622,-20.1262310151719,-20.6944158399314
"S1PR5",-10.5023540971332,-9.02697005645491,-11.6535776163295,-19.6022748448196,-19.1323814690128
"SACM1L",-9.81420606946731,-9.492989955613,-20.2455389566417,-15.42589537412,-8.43083753603568
"SAMD12",-9.08547861380675,-9.66494573005304,-20.0876546184419,-9.69890512239172,-18.8337746736804
"SAP30",-19.2379996703158,-10.8269506247326,-10.8985843949736,-10.8873274019317,-21.3744194113721
"SASH1",-7.82137154002516,-8.20008967376601,-9.23619602960639,-7.75436965870939,-8.53856453664222
"SAT1",-7.80197153015088,-9.35077467706146,-8.6667404660344,-8.69312555441331,-9.13145010263812
"SATB1",-17.9490292983988,-10.8124263826531,-10.1555931431848,-9.60419443521306,-10.0554128640526
"SBDS",-7.74089401653474,-7.67674306609082,-8.71440516340595,-8.11988076698836,-9.66077537256392
"SCAPER",-19.6915455567775,-11.0550126302605,-9.25828430797629,-10.5573557644561,-10.1595832729034
"SCARB1",-9.19579219054174,-12.1115082453682,-11.4661986792514,-9.84159447076344,-10.3215586943643
"SCARB2",-7.73832737310971,-7.57418868754138,-8.50879631105776,-8.967065955811,-8.41185432565724
"SCG2",-17.9918103952207,-8.89432685506105,-11.594248835432,-10.7153481789446,-6.86959617280855
"SCN1A",-18.9089096053871,-9.57447457022536,-20.0965222177425,-9.42603889587444,-9.45834485739546
"SCN1B",-19.0716138697628,-10.3481771565426,-20.6270523656847,-21.3366446051341,-8.74785922327237
"SCN2A",-8.93653204674013,-11.305997873956,-9.90539790071254,-9.22078086482025,-8.07352695080162
"SCN3A",-19.9350312639438,-20.7200171155858,-9.96341960505359,-9.7182907499886,-8.54060540973526
"SCN7A",-9.90754210975705,-10.5749126819437,-20.481660087539,-20.6929470899771,-10.3608827470886
"SCN9A",-11.313365530855,-11.899101833738,-12.3528900815108,-10.410342413554,-9.93381404842209
"SCPEP1",-8.65891943559599,-10.9743851508356,-11.2817711665722,-20.861551818732,-11.7323704514148
"SCRT1",-17.6524489653357,-14.6692111848772,-10.3231022656225,-17.2206301928683,-9.4409291383465
"SDC1",-20.8214209907601,-22.2984100352713,-22.0785351977175,-21.6246912830344,-9.32641473517017
"SDC2",-12.8861723984787,-13.3409161020834,-9.59058433740253,-8.41097201235035,-8.02132613879035
"SDC4",-9.83339355889578,-19.8426794391325,-7.89687957140282,-8.16970824624144,-11.0071524586875
"SDCBP",-18.6009046846609,-9.14610607584772,-8.97742203677633,-8.64745813881052,-8.4276065476111
"SEC14L2",-12.4969041976249,-10.0043987361547,-8.89100507287019,-9.25046576493959,-19.6766226190259
"SEC14L5",-11.46286181403,-8.78805492904105,-20.3702091276155,-11.1505981614302,-21.6756075425463
"SEC22B",-19.2843226288531,-9.79058913220167,-22.2359503378639,-11.1785705155043,-10.2287441057359
"SEC24B",-19.2300970860308,-13.5716666038548,-9.35255583316713,-11.8896518237857,-11.6817213893749
"SECISBP2",-8.70772084786034,-10.5243971551121,-12.3950205907162,-9.39410291361237,-10.5538160940629
"SECISBP2L",-7.87448747786222,-7.39503460288928,-8.18736959363061,-19.0429136799763,-20.2581896890022
"SELENOI",-20.1917529463817,-10.0390751323805,-9.53615143542685,-19.0350279293716,-9.07600793004186
"SELENON",-11.2821769244576,-9.88646465946522,-10.3694250009199,-10.8031515920102,-10.296530626559
"SELENOS",-17.5220113631487,-10.5263800085837,-9.44493683096133,-19.55328291129,-9.6911246728244
"SELL",-20.7360071132928,-21.7299339723071,-11.2664006107599,-11.0602997410955,-22.5459894268078
"SEMA3C",-20.8200112905275,-9.57464829318861,-11.3526142825043,-9.96984506638587,-21.5411436262235
"SEMA3E",-16.3425243777696,-11.9095389711212,-9.7488842060424,-9.94879361871095,-10.3862343187143
"SEMA4D",-7.78186579626003,-7.80499890181243,-10.6130482889064,-18.8114642693386,-15.3590123873294
"SEMA6B",-18.8943779307355,-10.3111125348383,-10.2606361375892,-20.5613965707093,-19.5353477121204
"SEMA7A",-9.7544276341363,-8.54746836997952,-21.985746418842,-20.6695827102245,-21.2064510187975
"SEPTIN10",-10.0245538918346,-9.69169322626025,-10.0437206249066,-9.64340408855552,-20.6770560159229
"SEPTIN6",-9.69569142099352,-21.0286260143135,-21.2713376114005,-10.876357493772,-9.06627940713308
"SERINC5",-19.1373549072439,-8.61032593547255,-10.07250579433,-10.910693157036,-10.0520247198022
"SERP2",-19.9454612270296,-20.3660197574161,-10.8677491388148,-11.83677125546,-9.85973009174692
"SERPINB6",-8.22552194889572,-8.8182860832586,-10.7523943699503,-19.5939590409326,-12.8322870667711
"SERPINB9",-8.63850926622337,-10.4192480806951,-20.3515680764408,-11.0564972555651,-10.6487419791228
"SERPING1",-10.0637005319663,-19.9177130252701,-9.39564161862571,-9.38381537940333,-19.4241817807882
"SESN1",-9.1245878669156,-10.0221455946952,-21.4100606468145,-9.49975073040076,-11.9969474518755
"SESN3",-8.44228054792691,-9.69851568250867,-9.53739322871422,-8.38170981125642,-8.78856405139436
"SESTD1",-18.6769290065219,-9.03487857190613,-9.10977299206941,-8.23765040443766,-19.5660633157041
"SEZ6L",-9.92931348425124,-20.632050310466,-19.3290504964658,-13.9413295652879,-8.5795417401215
"SF3A1",-18.7975111739331,-21.0159312580947,-9.44546227248337,-10.1792726536778,-12.6336853823739
"SFXN1",-9.11522512665954,-11.0841692516754,-10.925217244254,-10.7494484801027,-8.83954268066638
"SGCD",-19.4943557725813,-9.63465903637828,-10.5646489641604,-9.41203075576797,-19.3590951746017
"SGCE",-11.5845230498756,-8.88799136696549,-9.99897762841269,-16.4733639931296,-9.90752264261846
"SGK1",-10.5811157144412,-8.62778942464771,-10.0815036460329,-11.130631317282,-10.3819597111556
"SGMS1",-12.8228700908858,-9.64797911761486,-10.0245238181476,-9.58329884024214,-9.97467678575479
"SGSM1",-18.6782376567383,-20.3025851071543,-10.4911564534262,-10.7352636754105,-8.91314993049883
"SH3BGRL2",-20.6190681079302,-18.4042397321384,-10.3531443721975,-10.8449856545749,-9.52505929641611
"SH3BP5",-8.61639989749818,-8.80571253775161,-9.57199973747035,-17.07090298194,-9.56318432039809
"SH3KBP1",-8.77325658746821,-9.79889539116984,-21.1819574261985,-9.98806134716164,-9.34138840083181
"SH3RF3",-19.9564403533267,-22.4673897074251,-12.6705662962644,-22.0184970361848,-10.7953324309116
"SH3YL1",-17.9794247338565,-9.47212324363415,-12.4012496326893,-18.9325801152643,-10.0986077563763
"SHISA6",-10.0929023594517,-21.3344452288512,-9.94750662905213,-19.4686006493315,-9.0445458495552
"SHISA9",-18.3598988662468,-20.471971841881,-9.8158246296858,-11.8994388274957,-11.0094900664163
"SHPRH",-20.8183973609886,-10.9673882938967,-11.7171113117896,-11.5689121564747,-12.8233361678452
"SHROOM4",-20.0675311037483,-9.26112397319221,-21.5610863683321,-19.9983544398764,-21.0066263934631
"SHTN1",-10.0284245137906,-7.27605905883464,-7.96275301670148,-7.85182421213248,-19.5163406005892
"SIAE",-19.0490489815992,-9.32948909134844,-10.4426173637142,-16.9855666887795,-8.97607356358568
"SIAH2",-20.1847386488444,-10.8471369040699,-11.7728034586831,-18.149019708534,-11.0058159436029
"SIRPA",-11.8128839129262,-8.65051981814145,-11.306322637311,-9.90184665054766,-9.4580756229147
"SIVA1",-7.84204298125386,-12.4452368764712,-21.0403945173113,-16.0263985501403,-9.98571796762602
"SKAP2",-10.659378322785,-21.8925506013065,-9.86523242872608,-21.9624853549082,-19.3051251436516
"SKIL",-10.0235623133938,-10.4784703614691,-11.1208109683473,-11.7589916733083,-9.5360129699292
"SLA",-9.96791240349652,-22.2167228422124,-22.3333758182224,-12.2471269743378,-11.5774787459317
"SLC12A6",-7.59208455137107,-11.4130681663742,-19.6537281988046,-9.6465616391223,-9.92401274497487
"SLC14A1",-19.0467925081979,-8.87136778230951,-7.99543527389116,-8.2250606282503,-20.9075019708702
"SLC15A4",-10.8053963173026,-11.5216228606074,-12.3941099947315,-18.9689999744961,-9.69413528425917
"SLC16A1",-9.71691954249565,-18.9111187213164,-10.2723971459882,-10.1352015857258,-11.0036538024665
"SLC16A1-AS1",-9.22906865475399,-10.405152844181,-11.2602443111103,-11.1569577047044,-20.6533925360933
"SLC17A6",-9.60343982927052,-12.4723561796306,-21.9967321246944,-22.2657173692608,-10.8967763150529
"SLC18A2",-8.63026418125419,-20.2185949954099,-9.7945535835188,-9.08271808280662,-6.80735611206935
"SLC19A1",-20.2138695622912,-10.9331299004056,-18.1880994268227,-10.237340062114,-20.8558062644263
"SLC1A2",-7.062845860118,-13.1110399615467,-6.50533284971443,-6.73145173979564,-8.00992355065265
"SLC20A1",-8.1802600350725,-20.3352958117372,-10.6570488866001,-21.7787123574823,-10.2441703025313
"SLC22A15",-8.91957468890514,-9.98443895902458,-10.3718265753865,-20.375139515827,-20.7920277970806
"SLC22A17",-17.4768988581092,-8.89087649619843,-8.82952847767584,-8.68769981850877,-7.31454882628682
"SLC24A2",-9.44381590853833,-8.49532039957169,-9.39274871832955,-11.3713467879136,-9.65122527859708
"SLC24A3",-16.8242137906146,-15.4540014786106,-10.1956841171406,-16.9522355996773,-14.3392209414556
"SLC24A4",-9.11452118910452,-11.0630150827389,-9.46189686844741,-9.92117885877109,-10.4518498583007
"SLC25A37",-19.1391697352021,-19.9643239302101,-9.16690501419343,-8.62886233154359,-20.4970083047347
"SLC29A1",-20.1358958551424,-20.4669710651185,-21.3657631475979,-9.62424074140737,-9.89602661024189
"SLC2A11",-18.7322760613385,-10.599949423132,-20.0608886207387,-10.7706372001597,-9.58547253524845
"SLC2A13",-9.64787542552879,-9.91600697009136,-21.1476802201274,-20.2637612500444,-7.65702171661642
"SLC2A3",-7.66036175408829,-10.7188021969862,-9.78687613170614,-11.4448665091417,-9.78472801362594
"SLC2A4RG",-9.72054506664514,-11.2170824011493,-11.1782679749627,-10.3890382793079,-19.7520998723919
"SLC31A2",-18.2278519284251,-8.55552371316126,-9.45072394222953,-17.2273245317587,-19.9954869708054
"SLC35F1",-9.75774122859999,-11.0906266951707,-18.6968168516553,-8.99049029962764,-9.70564525258123
"SLC36A4",-10.6723913546665,-9.07016865233118,-9.77148323027912,-10.2123405779486,-9.27835698718287
"SLC37A3",-9.60317059410791,-19.8419094565675,-12.3203618945604,-10.6749102569153,-10.2465856704107
"SLC38A1",-16.2524626668679,-9.80617014729942,-9.38034398584258,-8.67547687706816,-7.60650169592246
"SLC39A10",-18.6369892296601,-10.7373427575055,-11.8827601419795,-10.5853793064931,-8.93983197917711
"SLC39A12",-19.192368884725,-20.5333590059229,-8.9804250525804,-19.0784005433506,-11.4106133808124
"SLC39A8",-20.1265969949373,-9.83691722199462,-11.9645405026869,-9.62692245039558,-20.9793080432611
"SLC3A2",-8.49239042504931,-9.44801894493378,-9.57760351287071,-9.6396600242063,-9.73769936021922
"SLC40A1",-20.0570638857604,-20.8587731392582,-9.84104314258908,-9.01645487692987,-20.3448061257656
"SLC43A2",-19.753138097368,-21.2790569631614,-21.6529638787554,-9.21943744907494,-9.3895040720682
"SLC44A1",-7.78142521012819,-6.7609673981356,-8.41646754545293,-8.64696124325463,-19.2944245762056
"SLC44A5",-10.0633548672387,-22.1743728487685,-21.6239863091236,-14.4329133874034,-11.5753163202135
"SLC49A4",-17.6145083104094,-18.7040590917954,-10.1996648676573,-16.0253567714569,-18.7275745509731
"SLC4A10",-11.3811427720524,-20.5515780155073,-11.8928595748614,-18.4263756986437,-8.78906375806072
"SLC4A4",-8.6150749656557,-10.0311359660519,-7.9076417125317,-7.89151089225962,-10.1582256260763
"SLC4A7",-8.92933147189651,-10.6878350431539,-10.8150436063687,-9.72041326874091,-17.4164529615552
"SLC6A11",-17.7281681018447,-10.1425712253277,-7.77879538700049,-8.14199779315902,-10.2863754564785
"SLC6A6",-8.55926127995936,-9.38432543145079,-14.7492059067471,-19.5290252238201,-10.9773720558156
"SLC71A1",-9.66014553563842,-16.1630734742106,-9.20362907100215,-8.30182632743121,-9.04883231154169
"SLC7A11",-8.89728114683624,-10.4958404697581,-8.27691672920352,-8.13403035654174,-19.7760771294332
"SLC7A5",-18.2533430852033,-12.1252823677195,-9.40360020729429,-8.62056657706917,-9.47399577499665
"SLC8A1",-18.7060972709994,-11.6906265117214,-9.60559593085265,-9.46974923779578,-8.15469161063495
"SLCO2B1",-9.06370324738911,-10.3599401532385,-10.7200324583985,-19.3909863686181,-20.5872230237072
"SLF1",-9.72393818349424,-11.2136022132584,-21.4164290067471,-10.261482252562,-10.7400882339423
"SLFN5",-9.47823429983216,-18.3420956963849,-11.7380401912248,-9.81329346848568,-13.1403233389582
"SLIT2",-10.8577797920723,-10.1540291141107,-19.0986417305306,-10.0270843736272,-10.0673998779783
"SLITRK4",-8.33041085361795,-11.3017207903547,-21.4445741993417,-8.64401234239517,-8.50192411204525
"SLK",-9.1255936338545,-10.1472054092902,-10.1036757289539,-10.3682393759195,-9.66951406259176
"SMAD3",-9.99138587914544,-10.4135971105224,-11.1386291602815,-10.6702288171393,-20.5932736168314
"SMAD4",-11.0422904337805,-11.9187330494647,-10.8097609455733,-9.36327621671882,-10.2883027914883
"SMAD7",-10.7914080699199,-10.3318640647785,-11.1449919624347,-20.8805304915284,-21.6997889373703
"SMAD9",-10.7777808112536,-8.91506405066864,-10.6792100456027,-18.0465765185813,-10.4045759056967
"SMAP2",-10.3539749642423,-9.14966808510342,-20.8687315331744,-9.34854041643191,-9.76822471190552
"SMARCA5",-8.57491817023436,-8.45978388790723,-8.53259643904676,-8.40272241876597,-18.0308499226313
"SMARCC2",-7.93371625015602,-18.1591378107702,-8.88686739737243,-8.67671231624892,-10.1351893158308
"SMARCD3",-19.4548106808162,-17.9738205081646,-10.0471972914534,-19.1803280127453,-9.26983827823701
"SMARCE1",-10.7695848666305,-9.24713115183923,-9.99073491861263,-19.5838736742369,-9.61853133934357
"SMG6",-9.37104454084564,-10.3957250832592,-12.6340897785538,-9.48195430351024,-20.9190273753466
"SMIM13",-7.74483885634564,-10.05106904567,-20.7903590131736,-17.6444593222057,-8.86192545571097
"SMIM3",-9.05814797429143,-16.6196160360421,-11.1884441843433,-18.7527635349163,-18.8384043539775
"SMOX",-18.4481527867153,-18.4603549386592,-9.27654385044039,-10.0617540678361,-11.9229698535845
"SMS",-8.19908104748332,-21.3773848181337,-20.4503746952149,-20.2415115421311,-9.13631866827832
"SMURF1",-11.4440326856168,-10.7063801980419,-22.3725140353712,-21.426445511803,-10.8254226870066
"SMYD2",-10.9297347500759,-15.6501359326252,-15.3228546267647,-23.2028968585059,-12.0470628800212
"SNCB",-18.8212039433222,-20.961656027574,-20.9813518859083,-19.7151431727238,-7.59860916742223
"SND1",-10.5676267487601,-13.1290063838103,-9.72275640646217,-9.40011988045191,-9.70401001904632
"SNHG12",-10.6092248068848,-21.3168991321532,-10.6652906784692,-20.5465036052776,-11.5532396173749
"SNHG9",-9.77425963814924,-10.55530486592,-10.8253256410356,-9.70677119501946,-10.6193281518246
"SNPH",-12.4290857704764,-20.3132767656296,-11.0181872938781,-9.30914612472416,-8.88654992881001
"SNRPA",-10.4371210269029,-22.1590221690804,-10.5772168751301,-21.495216734531,-21.9614082320275
"SNRPN",-8.37800051738542,-8.18179733541578,-8.73426978019808,-18.8468738849608,-7.37454289838113
"SNTB1",-10.8761987764936,-19.4103931834317,-10.3331448425096,-9.75439770400527,-11.5212957316904
"SNTG1",-19.7793645350818,-19.1605837552258,-9.88193110470665,-9.76778529622638,-9.94689015736411
"SNX9",-19.6192766272486,-9.40105380305056,-10.4391408624223,-11.7772130769857,-10.4964459548171
"SOAT1",-10.0922870924948,-11.1766646886021,-10.292697621467,-10.210944297198,-20.3064739950239
"SOCS2",-20.0706477843994,-11.2251143126883,-10.6089709092327,-10.4423584711956,-10.8456241379847
"SOCS3",-8.82838942640685,-9.26976311802716,-8.80792688184629,-8.59940881375637,-10.549655596425
"SOCS6",-10.3394348399124,-20.680783376392,-10.4558410236555,-11.7596932992188,-11.4334016463552
"SOD2",-7.59780296888798,-18.7824030787948,-7.45876598126448,-7.60448622931145,-7.37267862501599
"SORBS1",-10.5447938165718,-8.90578905105072,-8.24441368211109,-11.5720063692554,-9.75994784225461
"SORL1",-19.2871551301863,-8.22339832647231,-7.67962683230884,-7.96008718749408,-8.27750166334381
"SOS2",-8.35267486901287,-8.77734864392649,-10.3548398419344,-20.0109154530039,-10.8940064001385
"SOWAHC",-20.3842043306778,-10.7101400397416,-10.9040081932726,-22.023774410658,-16.284623983774
"SOX13",-20.1383164045539,-10.5195661097044,-16.5643893734573,-9.6887395448566,-20.954899946734
"SOX4",-16.8888669658189,-10.8517531764433,-10.9563335131278,-21.9052290668893,-19.3306053938876
"SOX5",-9.95520924507685,-12.1594378285963,-19.8540540733888,-11.1642326839439,-22.1073801603843
"SP100",-9.19363585346589,-9.95206970140891,-11.7258674906257,-9.90587940980483,-20.6745775954642
"SP4",-13.2057836092875,-10.5122251223862,-20.9034891884454,-20.5257402881976,-21.9406995202104
"SPARC",-6.00490189062452,-6.19293996470958,-5.86259764355385,-5.95517511488457,-8.38699842622979
"SPARCL1",-6.11401635588353,-8.32735767572037,-5.76015198268026,-5.77939191011679,-18.900247163749
"SPATA13",-9.9457701772745,-9.45888867107287,-8.97178416947075,-8.92263482363448,-19.5403084559369
"SPEN",-8.81026041200199,-9.3947657129451,-21.1040262567967,-9.96779873743177,-11.2612891462788
"SPIRE1",-15.0094305163333,-9.65554188664669,-9.96628970934277,-20.8736636243615,-10.2865212840162
"SPNS2",-9.61419823798119,-11.2144655452596,-11.5138728322241,-20.7452846646232,-10.0716509804766
"SPOCK1",-18.5096275409244,-8.10853549051334,-8.80112953830123,-8.88504043307349,-19.2418470965222
"SPOCK2",-8.04967451400509,-9.81492710006741,-8.50314380298604,-8.60616478127012,-7.47572233691602
"SPOCK3",-18.8162984136275,-7.34174434836523,-8.87303303967626,-7.88504254301828,-8.06966793899261
"SPOPL",-17.3800197002712,-15.4758778245709,-17.4032928837425,-9.67703964351166,-8.67336505743147
"SPSB1",-19.4316853650994,-20.4476277084435,-9.68652030635082,-9.57155708330918,-19.9787361233176
"SPSB3",-19.8517799142977,-10.2103124590667,-10.692738278659,-19.159950630572,-19.1791363993522
"SPTB",-10.084142288718,-12.8287224321508,-19.9589446073676,-18.7102903204764,-9.53262343168684
"SPTBN1",-7.63367427686527,-7.34642508386428,-7.08122998029519,-7.25298668367886,-7.57514847886955
"SPTLC2",-18.7502167739083,-8.45957477252884,-11.3759105487824,-8.97041515002936,-10.1561671871189
"SPTSSB",-21.3513230886761,-21.4782224015253,-22.0279378687425,-11.7033126725742,-10.4993996564499
"SPX",-20.0484668124127,-9.93190715965622,-8.88725743141666,-9.46123927811431,-15.4565357013976
"SRA1",-10.1826243982778,-21.2301129329174,-10.9497386996913,-9.6133310845143,-9.95715274361318
"SREK1",-16.7831971395179,-19.7126783274236,-8.64787412974653,-9.67937121032763,-12.5902765164812
"SRGAP2",-10.2348963042014,-20.1946209126459,-12.4721038312051,-9.62829901936919,-11.1816918206265
"SRGN",-7.33503873292946,-10.4460889059227,-9.64544012170339,-9.75057410630339,-13.4766718775064
"SRP54",-8.84792888811384,-9.57619719947374,-10.6185665447516,-10.107004228711,-9.26753460317702
"SRPK2",-8.15707001440219,-19.0370522213287,-8.29543642339703,-9.92444477313598,-7.790866783411
"SRPRA",-19.5567750189354,-9.93842008788763,-20.4093708015028,-20.3926128054603,-9.81444631279664
"SRSF6",-19.6368248390052,-9.13009394660117,-20.3218386231251,-16.8538925253872,-11.1787962834198
"SRSF8",-8.99544318181375,-12.9049630635163,-8.83913782330239,-8.90965583004404,-11.0936043237624
"SSPN",-8.70095660488397,-8.97659182938836,-8.27513078730267,-8.60853240846712,-20.6657976223334
"SST",-9.77996020171666,-10.5492353982876,-21.7038319351021,-18.686767057895,-10.8543126705252
"SSX2IP",-19.5668298371047,-19.9566181039043,-9.95962217286229,-20.8213980752075,-19.9101644114004
"ST6GAL1",-9.43769460140293,-10.6531481130574,-17.5931343211446,-19.0061883504563,-11.510123671204
"ST6GALNAC3",-19.3733530569643,-9.34498290433538,-19.6594771893337,-12.1748507115885,-21.192655832233
"ST8SIA1",-8.42038464391009,-9.61734402134141,-10.2693902769232,-10.7211286461079,-8.71290820960883
"ST8SIA6",-10.8758976418561,-21.500186912672,-21.6557402683208,-9.4365823937296,-8.80146121954614
"STAG3",-10.7072807216661,-22.0397774821626,-22.2107131330419,-10.7216053972001,-21.6797057225117
"STAM",-19.4469699297413,-9.45603151895466,-11.547917644726,-12.8429170074093,-9.47471639618307
"STARD10",-11.3812068368896,-10.9223841645178,-12.463940296127,-10.1698566089136,-9.37828056745468
"STARD13",-9.95691192741283,-19.6692308610216,-10.138269133877,-20.9849022428954,-19.2402387260713
"STARD8",-9.73971391560916,-19.2816532795845,-11.512110114794,-11.0932349477929,-20.045884235694
"STK11",-9.06462468321298,-12.7253201796232,-10.874680258355,-11.3156583636985,-10.0670183009377
"STK17A",-18.9191457805934,-20.1467450982059,-9.69708440820754,-20.3148977111493,-19.7095787207453
"STK32A",-17.4413228387734,-19.8866406502524,-9.72486933478097,-10.9319555089704,-10.7887376984096
"STMN1",-11.6656904037922,-6.49111072714195,-9.08800801495126,-8.07585179551949,-7.40421353346302
"STMN3",-20.1838190570092,-20.6393451053988,-21.1934185826296,-10.7360102539891,-7.33927108977336
"STOM",-7.53655434868045,-9.97392509679735,-8.35249160870661,-8.48741478830896,-19.0831698857437
"STON2",-9.18833270154737,-19.4784960092944,-9.54571602680939,-9.45135880628196,-20.5380990361109
"STRBP",-20.3888664488704,-10.4143975904871,-21.2630070020495,-9.72391225401607,-9.2724660340583
"STRN3",-9.27769133392817,-9.77424268489127,-11.8914801988365,-20.6032861497688,-10.6506076889563
"STT3B",-9.9317822123512,-9.9830729519615,-10.0087829921243,-9.50468102221738,-9.21248105117957
"STX16",-18.8170861167193,-8.38558016498923,-9.5893275028172,-8.58148279878367,-9.19292976934109
"STX3",-9.2706802974438,-21.2221016770029,-21.0968153453906,-20.352802805299,-10.7307763952696
"STXBP1",-7.55762913820539,-9.03930515176408,-10.9651366311271,-19.1329352288789,-6.90468965792804
"STXBP5-AS1",-9.76833267717954,-13.6187473413027,-10.4861280757164,-10.2021931516513,-9.97333387097179
"STXBP5L",-9.46259416219285,-12.6272280144396,-11.0906764023877,-13.1311613418831,-9.14280984686314
"SUCLG2",-9.31279318199998,-21.1530870531232,-9.90906344796764,-14.9359285594152,-11.0585758704867
"SUCO",-17.6432917889551,-20.2634680927458,-9.38460038279888,-11.8967555699644,-9.68053100570125
"SULT4A1",-19.5287666530373,-20.7765810386106,-20.912483048257,-11.0013657275643,-8.30492205303126
"SUN1",-8.95560842776874,-9.48854552123638,-10.602837613742,-9.26615168507736,-10.8699534458815
"SUPT3H",-17.4075099533809,-10.8591265645194,-20.7286452433906,-10.739674570333,-12.3341978160879
"SUSD4",-18.3818573781613,-19.9552247869564,-10.7150137012919,-20.4359964775386,-9.23157289281921
"SUSD6",-20.1110755554347,-9.472108594748,-12.2002285193895,-10.5275151004382,-12.1591256517766
"SUZ12",-9.38115815977609,-19.8667382211097,-9.05240591125601,-19.8114269361723,-9.61911520349823
"SV2B",-20.022407295216,-11.5426631238826,-20.4333732131571,-20.7837902872856,-7.80804888335462
"SVIP",-8.99799878988289,-7.92449471465734,-8.33851645415183,-8.56401726956108,-11.1471610974745
"SVOP",-20.3326227771391,-14.9704331657795,-19.8408923111367,-9.72245167399462,-10.0498097133473
"SWAP70",-10.3221360039809,-12.2215616445978,-10.1419873301666,-10.6005960859415,-10.2778887481034
"SYN2",-9.39224598231904,-20.0271389179663,-12.486144212198,-14.9255379231329,-9.51561153260325
"SYNC",-19.6616178850175,-10.0558054320517,-11.2824784271764,-10.1782728575187,-19.8297091601439
"SYNE1",-7.79542830466846,-10.6416258660328,-9.10553151297584,-8.14260367555664,-8.67916654750955
"SYNE2",-10.3536470203736,-20.7403506295814,-10.675101129828,-9.82205984473828,-20.392369218724
"SYNGAP1",-8.97564508704032,-11.4000639093887,-20.6703451569384,-9.91165595239937,-21.0852035730107
"SYNGR3",-9.37867597388693,-19.0368538479436,-10.794368413403,-10.0021585047911,-7.4083480145748
"SYNJ2",-8.81040364679095,-7.96151259833748,-13.8258635622837,-10.1415659089324,-15.1413257340299
"SYNM",-11.8874652025855,-8.09127308548987,-8.25477558237061,-19.077154183067,-11.1956716533994
"SYNPO2",-9.06276720511852,-10.0410569036778,-13.5112325346812,-10.793506286838,-11.1305837085917
"SYT1",-8.77192906759749,-17.6593601985903,-8.71618544148089,-7.9471564395997,-5.77411125671862
"SYT13",-19.5182167576998,-11.6370730001517,-10.6105050093653,-10.629803193384,-8.80014491863436
"SYT4",-17.850088327007,-10.9631383130409,-10.1286638525368,-9.15322400354568,-7.4378052845185
"SYTL2",-9.03116252623805,-10.9595069129046,-10.714692672905,-12.0582543105072,-9.40218685266407
"SYTL4",-9.2543043749967,-11.0572580192189,-9.55093815247618,-9.82704371126339,-20.6961995452617
"TAC1",-12.4656774448054,-10.599619440144,-20.0275149595239,-20.5172600252183,-9.21863972221091
"TAF13",-19.2163208740908,-9.31559836348402,-9.61622774999341,-8.96323986989115,-9.18942957959342
"TAF7",-8.08980207879751,-8.99960519939942,-19.5406935184765,-18.3099571751983,-8.53570434467519
"TAFA5",-10.8527586279916,-9.34131019151102,-9.93282555408564,-9.11773987014074,-9.01819429323946
"TAFAZZIN",-10.2290652095371,-10.5897981981914,-20.9322781694684,-10.0185450392918,-10.6288262200453
"TAGLN3",-9.06183847983732,-21.5709928143167,-21.0353341313334,-19.9544683569021,-7.58665867848708
"TARS3",-20.1661859106432,-10.8145033834772,-9.91036715271716,-9.008413709244,-10.5755226113561
"TBC1D4",-9.71567722465495,-21.2824143225315,-12.8762438696671,-20.5020643383283,-22.3472791700797
"TBC1D9",-9.16337399832302,-11.073088745,-19.0631116635993,-9.45945413381602,-8.77437396564711
"TBL1XR1",-9.3725884912331,-9.30012767093067,-11.362867929696,-9.9362154817522,-10.1506107981063
"TCEAL2",-10.401897412646,-12.7228466448666,-8.99111582868477,-8.76478521183952,-8.58421532642482
"TCF4",-7.15704306314061,-8.46930801663718,-8.32634072652397,-7.97909935398823,-19.2946249580059
"TCF7L2",-18.8569959450651,-11.1415434024799,-10.2491112251839,-8.89951379605201,-12.1787911288758
"TCOF1",-8.79261892483897,-20.6767110270653,-20.6576954953604,-19.7288903260019,-8.75785521512091
"TCP11L2",-18.78031090215,-9.8354396383065,-20.319714659094,-21.2563785401913,-21.4165381339663
"TDRP",-19.4826953595065,-20.9190890350902,-10.3166746389178,-20.036472208032,-20.7890397960953
"TECR",-9.3726208792524,-8.56086185089908,-8.75513504653468,-9.04488887005562,-17.1570904238253
"TEK",-9.32212161763478,-21.7245468907298,-11.6145178548305,-20.7774992007644,-21.143450506183
"TENM2",-9.35281210096582,-13.4802005639217,-11.3742373344968,-11.3465530049804,-9.86924442299556
"TFDP2",-18.6861938945315,-11.1372388147522,-9.79994603459699,-9.66061785759524,-9.62636635773659
"TFEC",-19.322745696739,-11.1206900860972,-11.8571340322936,-18.8410853896347,-21.1679099815672
"TFRC",-9.30850862130347,-19.0234476526662,-10.6736966068247,-8.72027936491306,-10.7950858362982
"TGFA",-10.2345666380311,-9.4880217380873,-20.9455914291556,-20.115029385998,-19.8927317294642
"TGFBR1",-8.76911975040623,-12.890355596575,-9.98860362734369,-18.5520844792701,-10.0368415696924
"TGFBR2",-10.319163481604,-10.964126383544,-20.9074200687699,-19.8566667502818,-9.34844204056077
"TGFBR3",-18.3370975305871,-21.2219380643233,-9.65362983574249,-9.73002702431947,-21.8151869798109
"TGFBR3L",-20.3494998267315,-19.8455400685716,-14.3561316188532,-10.7434375114911,-10.005391253469
"TH",-12.9872298186778,-21.0505348417197,-20.8350675789052,-18.7498683969164,-7.27698224257781
"THAP2",-10.6256307473679,-12.2594419756419,-22.4683508965016,-11.1601387196836,-12.1480431479903
"THEM4",-10.1280689528725,-20.4264430364863,-10.2631212489575,-20.6633028762182,-9.76160429333746
"THEMIS2",-21.3428443617815,-11.3697342424796,-21.303559548668,-14.7243720809532,-21.408400378968
"THOC2",-17.7666086192238,-19.1364966681479,-8.8842634696084,-8.40636688195669,-8.72111101967871
"THRA",-17.311491377871,-9.23822244849473,-9.22270288528286,-8.89789684037535,-9.43689376314968
"THRB",-10.8999984809354,-10.4992371127696,-11.2165620466061,-20.5275109274749,-20.819697180134
"THSD4",-10.3819370490867,-22.4287353154623,-10.9457120554044,-21.7788243132057,-20.7355627914417
"THUMPD1",-19.7224678128622,-10.4076699441742,-9.95589938698442,-10.2916453905557,-9.94903362649481
"THUMPD3-AS1",-10.8522102260388,-11.3360397466973,-11.0104273609862,-10.4272802442973,-11.1070122447292
"THY1",-8.8480034351509,-10.0313599272124,-19.2591067820176,-19.876109539965,-6.79606691303341
"TIAL1",-10.1556214891913,-9.8997355896563,-10.7624162391666,-9.51341421303607,-11.5223743304889
"TIAM1",-20.7964406558457,-10.0003446562173,-19.9849022462336,-10.1142268049737,-11.8883417716388
"TIMP2",-9.6784563623219,-8.31282004260617,-10.2243103171075,-20.3996860269296,-8.11189505812679
"TIMP3",-6.99936588120408,-8.96285805007614,-7.89472128927779,-7.73007943967379,-11.6672643229806
"TIPARP",-8.96598365734359,-9.81771828950963,-9.91783048312868,-20.7396323646063,-20.0256692083702
"TLE1",-9.57786881116866,-10.0942617251524,-12.9647492012984,-10.0738235526861,-21.9601822513872
"TLR4",-9.42107335350829,-10.224880167184,-9.75738166630592,-10.509319366798,-12.7844828862502
"TM4SF1",-7.68599626199192,-10.5585790205398,-20.9077647505692,-21.071157737071,-10.7992893914
"TM9SF3",-18.8964336735267,-9.40865132712636,-8.28104241308663,-9.88388016072889,-10.05544418332
"TMC6",-19.6276993806628,-9.03387731537016,-21.1294353055668,-8.73391994961332,-20.3323765621149
"TMCC2",-11.1257660173692,-9.60545574674994,-8.90032026588025,-10.0014724965891,-10.7124197288638
"TMED3",-19.1448150998536,-10.6787849075554,-20.8031182751999,-20.0321766586506,-9.42702168882729
"TMEM106B",-8.3324009629955,-8.72275642378487,-8.4776616538532,-8.80959454938091,-9.92065897973897
"TMEM106C",-10.6102066797622,-18.2397141597939,-11.0699111177701,-20.6599354069924,-9.68105356684867
"TMEM107",-17.5464307251194,-20.7341290322973,-9.86423695963199,-20.9151207417947,-19.8883690952838
"TMEM108",-21.02178359241,-10.5648824808235,-21.3166035504814,-21.0370064669456,-10.271010152177
"TMEM132B",-8.45866464872383,-10.8160925896174,-10.4182583464316,-20.0222935205157,-9.95232803409669
"TMEM132C",-9.75223679267973,-10.3469826515803,-20.4624531464932,-10.4617446329015,-19.5462294733727
"TMEM140",-20.0560031369578,-10.9579874251897,-10.6400539710005,-20.802563449557,-21.545886599747
"TMEM14A",-17.5885890108229,-20.4433489681529,-9.87247585323232,-12.8396972352483,-8.87858918428491
"TMEM161B-DT",-8.22419834840418,-17.7881797938343,-9.08463962403016,-8.94305711733267,-10.5447087478812
"TMEM164",-19.4961032296705,-10.9504007295835,-11.3396809292942,-11.568274331523,-11.7412713014774
"TMEM168",-8.92581757828556,-18.3211246318188,-9.41595272153461,-11.1114111473264,-9.88855824103332
"TMEM170A",-9.76765618874518,-10.0514756616255,-9.36869468163298,-8.87926729445741,-20.4162614753938
"TMEM170B",-18.042865407681,-9.92083668939885,-10.4301775888679,-10.405337662642,-10.1715578444504
"TMEM176A",-10.9205554934119,-11.4974983129202,-10.0753442745722,-10.3583877080054,-18.7110409984606
"TMEM176B",-19.2458086438115,-19.642913580449,-9.59893115106731,-10.4156154225419,-21.0679925360552
"TMEM179",-18.3380194618587,-19.9528763346399,-10.3642426339318,-18.3301444754604,-11.798148856671
"TMEM204",-9.07578094145118,-16.806579029258,-16.2452298079157,-16.864362279077,-16.8490332201531
"TMEM205",-9.23961387495475,-12.0012137508074,-9.90046900871844,-10.4329492190873,-9.68591979065081
"TMEM25",-10.159732349868,-21.2639976038704,-20.9560948144167,-9.79351017876741,-9.58101130191132
"TMEM263",-9.97265360519152,-10.5262544074631,-11.3445665416665,-21.4742587698965,-12.3234283874393
"TMEM273",-21.4150243053727,-11.8930759830358,-13.6737724893558,-21.9465495226734,-22.7963043513904
"TMEM63A",-17.7281478453333,-8.34469982585589,-19.831813482816,-9.12933151045576,-20.7691143482161
"TMEM64",-12.9238213454377,-9.53121240288582,-21.3653745323862,-9.61558881481237,-20.8547244373132
"TMOD2",-17.8922443136598,-8.97125238713485,-8.66588596021519,-9.17172275787939,-8.42148558800534
"TMSB10",-5.81475938513981,-14.482977526734,-7.87822814585781,-8.35259597948089,-7.62465300509565
"TMSB4X",-5.83355161113318,-6.07029351680352,-6.45590911250554,-6.28366649084725,-7.49038959299729
"TMTC1",-8.89468709080294,-11.1527681913384,-12.8061043203352,-21.0507277900625,-9.01353125786878
"TMTC2",-19.05768084032,-8.76769047548501,-10.9882817213098,-9.61649100682235,-21.6884113226659
"TMX4",-9.10192356853354,-9.4978937037449,-9.59616350223237,-8.32998044989278,-7.94176767582627
"TNC",-8.46362079472535,-20.1753179193566,-9.9283908793039,-8.4039153738746,-20.0673555385051
"TNFAIP1",-10.0748518356319,-21.2716105737937,-10.4840171072996,-11.3572329348561,-11.006328103413
"TNFRSF10B",-10.8844247922207,-11.6546193970847,-21.0935298833211,-11.0469334475679,-21.4043947966767
"TNFRSF1A",-19.3334935950127,-21.0218372692487,-9.09298638225213,-9.09514093810481,-19.0506528711655
"TNFRSF21",-10.6797443995309,-8.34227151129885,-20.3668099782029,-19.5891843776072,-8.10076544597828
"TNFSF13",-19.7036749812406,-20.2807475064643,-9.97573421440036,-9.77230922787542,-20.2908054517434
"TNIP1",-10.3495142151875,-21.1796548437631,-15.0174756665883,-10.8772275089845,-9.1913892432971
"TNKS",-18.532535966436,-8.94524701773364,-11.1390994235362,-8.97998569967955,-9.79400059548568
"TNPO1",-8.79476473823216,-9.23877429702406,-10.1418434167109,-16.2243240732065,-8.7915034557373
"TNRC6A",-10.6639393003954,-8.48629159852915,-8.70536261933877,-8.01276049942222,-9.65978391034067
"TNRC6C",-19.0486436578829,-9.05563280821978,-8.62598154681409,-9.15480869745887,-11.8818120076158
"TNS1",-9.43577247267816,-9.1275412474179,-9.81442273521324,-12.2926278891219,-21.3931129166787
"TNXB",-18.9655450907942,-20.5757253582304,-19.6656608261749,-10.0247748042607,-10.477583707751
"TOGARAM2",-19.6559579873054,-10.8882595782755,-21.2435728646471,-10.3080543678492,-20.8023817018213
"TP53INP2",-10.522519314515,-8.25896027598048,-8.89884008833596,-18.4883269104311,-9.69173022604723
"TPCN1",-9.17382223303719,-11.4448515666368,-11.2288796724821,-9.52351596925184,-11.4153232329982
"TPD52",-12.9180332869737,-8.74581572193369,-10.6113504180845,-10.5775874299119,-9.34462630499428
"TPD52L1",-11.3436171761101,-18.8192183813018,-9.46308351818252,-8.6045660218465,-18.9063536681417
"TPM1",-16.9868918309994,-9.64435843591803,-10.6403368191935,-20.1878891662352,-11.1258401740038
"TPM2",-8.16805638893704,-10.74720659891,-22.2061211996535,-18.7757682267428,-22.2443220926714
"TPM4",-9.98428448304742,-8.50698585974749,-18.2784114509681,-9.60722715741599,-12.5933585024595
"TPPP3",-18.4292883782529,-8.36223076307023,-11.6165044389468,-9.21007478827075,-9.6274781788433
"TPST1",-9.7129232638229,-18.9786104027918,-9.80754236177788,-8.92519999723631,-11.8406247453191
"TPST2",-10.4643238609944,-20.5854693474311,-11.3671484436139,-19.4863375469326,-10.8007156829885
"TRDN",-17.7801244542472,-20.1071703194524,-8.78075853575641,-8.63820960281258,-16.2421465132922
"TRIB2",-9.44827261632173,-11.824696685084,-10.3599083515929,-11.7034076186528,-11.6020515344367
"TRIM22",-8.59348789614642,-11.012113046923,-10.31894698142,-9.88130916680482,-20.6545981708228
"TRIM36",-20.4311982280326,-11.0869476084875,-19.3992977179742,-10.279404450367,-8.90275379737739
"TRIOBP",-9.74547183369451,-12.7818791883867,-9.7154265642793,-17.6998501953971,-9.69437690176156
"TRIP11",-10.9000186733965,-11.2860990603332,-9.1015935764574,-11.0866930266602,-9.56184770492891
"TRIQK",-8.96048226312914,-20.3140611799171,-10.7429894448315,-18.7897116842636,-20.6858568135618
"TRMT11",-20.090480641051,-21.3424450905073,-11.4474500595059,-10.2993423777879,-10.9659386566985
"TRPC1",-17.2911258227539,-9.97129691839291,-11.0381641129503,-13.2705397596698,-10.011482942087
"TRPM3",-8.07055024907621,-8.92744424070901,-8.53565393999941,-19.489893524336,-10.6953678666026
"TRPM7",-20.3837716672953,-10.8667488454661,-22.1916260307728,-20.4564493431191,-11.7525982113575
"TRPS1",-9.18183731995344,-11.1238401311558,-9.40145168390083,-12.0527157376755,-20.5283876710005
"TRPV3",-20.3026700142056,-20.8959423345944,-10.6539142101711,-20.6307213951758,-21.3437715739833
"TSC22D1",-6.02572182798577,-9.92553839715012,-7.2024121413134,-7.03316419140388,-8.00720971979405
"TSHZ2",-9.1202606269305,-10.247381772083,-17.8852017569334,-9.74371250595327,-20.6513674692236
"TSPAN13",-18.3401502356948,-12.9179511897143,-17.2400881826152,-19.4728912615808,-8.66932428117167
"TSPAN19",-12.1126566821405,-10.5977591733948,-11.1918256344668,-10.8111234678359,-12.3069363042349
"TSPAN7",-17.4466308921491,-9.3351974257941,-9.11778636320627,-8.51042402057679,-7.71381284888098
"TSPOAP1",-10.1487582453683,-20.1925565580486,-10.1593974993041,-19.9898198706166,-9.7325113836492
"TSPYL2",-20.2474110475912,-16.1236878060238,-9.89120969691554,-9.88261186137217,-9.18343496765193
"TSPYL4",-9.69231011044701,-18.9035278098928,-20.4626911091137,-9.03590711972202,-7.54745899820078
"TTC32",-21.4035261197391,-9.75265311156199,-11.8113989224451,-20.4758280112265,-17.9344946563121
"TTC9B",-9.79601680056263,-19.9789398760551,-10.9463022208935,-20.600372288232,-9.40385810367477
"TTLL4",-19.1141922195033,-19.9038231216169,-10.0650998047623,-19.0995540847012,-21.1037744512237
"TTN",-19.578085428869,-10.0301776811842,-9.94921028168665,-10.5267282847339,-20.3485036084786
"TUBA4A",-10.8242812901606,-10.8656030940398,-10.9492357474344,-8.82566384426345,-8.24462045670965
"TUBGCP2",-9.01044561766381,-9.89529579076339,-20.3673850173926,-8.89497422659906,-9.28138203310013
"TUT4",-9.39684097132466,-10.4602554882494,-12.1737304157984,-17.0658713135543,-9.67093044719475
"TUT7",-20.1288701550682,-21.2919634134363,-10.7723422276422,-21.7549241999766,-14.3970097384913
"TXNIP",-19.8766592510858,-8.4484038779461,-8.43528897701956,-7.935299532229,-20.494813034183
"TYMP",-21.4161973159086,-11.2873567364556,-23.2027798444004,-21.5089278754698,-22.4236343500766
"TYMS",-20.298292266976,-9.94788597055989,-12.3200907370368,-20.068278234756,-20.6757262486275
"UBA6",-8.63787141758333,-9.2252558778852,-12.4044327631827,-10.1926479560525,-9.36777924525225
"UBALD2",-8.76957909940125,-10.7263848441265,-9.75865454708778,-9.66363792436012,-9.9156876858081
"UBASH3B",-19.3128943659451,-20.5163363493881,-10.3752702503518,-19.6149713199084,-9.50024193836592
"UBE2F",-17.6360312336987,-9.93063325508206,-20.5919592096199,-16.7396075011507,-9.04635364129461
"UBE2M",-9.08644869620877,-8.92600292752524,-10.3335518239856,-20.0811883917814,-8.21837014594225
"UBE2Q2",-10.0291075411811,-10.0720294950729,-11.5677523631373,-12.7178480138728,-10.4723042702493
"UBQLN2",-19.4688823158629,-9.26923102535621,-9.75401219760928,-8.90108808654989,-8.41823274237456
"UBR1",-10.4020816079541,-11.8999082499331,-10.2915880748173,-19.5806778086904,-10.012490435956
"UBR4",-8.23267982683845,-10.2344634585906,-20.5605452158911,-10.3429027190443,-21.788007968692
"UBXN2A",-19.4853136623413,-9.27712243329289,-19.4707089473936,-10.9665120848907,-10.0734448757091
"UBXN2B",-20.5158229793656,-11.5960084032827,-10.6206358178385,-11.1394740744258,-11.0344908733494
"UGCG",-11.5460969316749,-17.5151247167274,-10.9249244253658,-20.6371834248849,-9.2223365858737
"UHMK1",-19.4729518938541,-9.2920600176617,-8.90382563032396,-8.89255031255628,-8.71905285181221
"UHRF2",-9.19840442860352,-19.8792490714744,-10.1208581236003,-20.2896140653991,-21.048231327821
"ULK1",-18.7250193684371,-10.8592943372762,-10.5112359663421,-20.2093167541845,-19.5448311827608
"UNC13C",-9.23940868073496,-10.5815462479424,-9.66639310722078,-12.0709535998071,-8.80338124378922
"UPK3BL1",-9.99164231376588,-9.055700282022,-10.6617403249082,-19.1158016420368,-10.702444357312
"USP11",-9.32795864060214,-9.69435422333165,-8.70686979106941,-8.96000269330119,-7.72445322453468
"USP12",-11.0513062263873,-9.53265250253523,-9.88052462949698,-19.4075833855593,-8.82690165779315
"USP14",-8.72651903504616,-9.32938249062491,-10.2348985278709,-17.2903565509208,-8.1604233057375
"USP36",-19.427239870324,-19.2033845038428,-10.0011350266119,-9.44153332842772,-18.2833789049335
"USP4",-10.7436120774982,-16.6851121710974,-16.2520445556227,-14.2297244578282,-9.08828595303223
"USP53",-17.8408700658797,-12.3984784215823,-8.9184324152428,-9.95340199848116,-9.92924799504812
"USP8",-8.16004878351167,-18.5353113790488,-8.6797302691015,-8.82364798192724,-8.69434475819438
"UTP23",-20.2085651881631,-10.5128652291919,-10.8936569709492,-9.96868198464559,-21.816043207626
"VCAM1",-9.64754572465145,-18.0144434625209,-9.84271337009263,-9.99425496373155,-19.7325159645934
"VCPIP1",-19.0273772592963,-9.84041322630014,-9.95301128532072,-12.3142107807535,-9.12195797235376
"VEGFA",-9.13532757451132,-16.2150751697569,-9.0054749017112,-9.37253447930473,-10.4828909288359
"VGF",-9.44557393928672,-22.4176750330752,-22.5650835746399,-12.2583738852397,-9.57381762038421
"VIM",-7.52490142111539,-20.1898221201731,-9.18684001517715,-8.08165997881379,-17.5269312236389
"VLDLR",-20.2357227446833,-12.0970207973754,-11.569090477539,-10.0140488060922,-10.3065020404059
"VMA21",-9.66313744359021,-9.16214080988188,-11.6381103439472,-11.8948355866842,-8.08017310432141
"VPS13A",-20.2676445645928,-10.8084732545709,-10.0613466327873,-10.4768866655297,-20.6315311332023
"VPS37B",-9.96141597558647,-10.9246982925072,-11.5807784644783,-10.0642392658314,-20.7208429847872
"VPS51",-10.8974237260597,-11.3296320459035,-9.28409896528614,-19.3231321016564,-9.57708740447944
"VPS54",-9.77226846933085,-12.4934399722614,-10.8679765795373,-10.611799037908,-19.4072544249939
"VPS8",-9.87957958835632,-9.3328620319389,-12.6795443655599,-19.7044554021555,-9.84127086032983
"VSNL1",-8.52860575580282,-21.0992591165704,-21.3011238631981,-19.7039409675925,-7.29601572750889
"VSTM2B",-10.5327023122802,-9.81233124735876,-22.3566072425428,-19.4535142272622,-10.9574312991727
"VWC2",-9.90148965062017,-20.2566556389473,-10.6948812894262,-11.6705547714908,-20.5221151600829
"WAPL",-12.6774392077516,-11.1376364554312,-9.31295457953487,-9.59903785397938,-12.1187969373475
"WASF3",-8.11648649575013,-9.16826586203353,-9.52631861992751,-8.99815135509987,-8.31810467972858
"WDFY3",-8.92628436073607,-8.68631404404176,-9.66488834562863,-9.56549468329978,-10.1469805150161
"WDR49",-10.8427149769841,-19.4847094326643,-11.0630148946219,-10.9239344713873,-18.0960126547622
"WDR74",-19.6869551389616,-10.2727440419772,-20.2659958147409,-10.0991820767993,-11.1005313873662
"WIPF3",-18.5810601829205,-21.0593777191888,-21.9400768789905,-11.1486710172785,-9.63742145373716
"WLS",-20.2884265912715,-18.9073677552281,-8.71560932359666,-8.39353798634393,-16.4753771649148
"WNT2B",-19.8283297284005,-10.4402452689549,-12.0809118705084,-11.0571949362212,-20.7904086322886
"WNT5A",-21.5529006404721,-22.3543977568923,-22.5131042828396,-11.587532373956,-10.0891593974506
"WSB2",-9.65597452368039,-8.89435316167465,-9.41157835330455,-8.41430589078706,-9.0970733062033
"WWC1",-9.35964948597671,-21.9635014017503,-9.8706864663019,-9.85105819585207,-21.0272395418644
"WWC3",-9.03480687922565,-9.79593561627447,-19.6148948419147,-19.496652268789,-20.9278740745125
"WWOX",-8.44467748546554,-19.2766818618018,-20.9155094830485,-9.46285010526606,-10.2880994288697
"XAF1",-10.3210271982589,-11.0667398690991,-10.6501570031641,-11.3975440076703,-12.0093806994737
"XBP1",-10.2163694732942,-19.0390947811095,-10.2715808035328,-9.93131851295924,-9.46704463570379
"XIST",-7.24228026174639,-7.5572476543438,-7.97351662828003,-7.14095491173012,-20.9520840408621
"XKR4",-20.1223355794666,-20.7337957855637,-13.1384896641715,-11.1623670263648,-10.4085437470466
"YAP1",-9.57597751916477,-20.2792232534196,-9.05178401920824,-9.58052509992447,-16.5427894915918
"YBX3",-6.98724973102807,-10.1745228763589,-9.15585802844906,-8.52676258397788,-20.5855319117825
"YES1",-18.0196297024151,-12.3520759770983,-10.4118020909509,-10.9559367817517,-11.1772257042972
"YLPM1",-10.5823095814384,-9.18224222133692,-12.2760753142271,-10.55993551887,-9.66189392246578
"YWHAH",-18.8033916866378,-9.76550612795329,-9.96275796660098,-20.5179699705304,-7.11794940382091
"ZBED11",-9.33426869465366,-10.3689202807796,-10.420132713595,-20.3484171253964,-10.006255919975
"ZBTB10",-19.6456877020769,-11.7174736182364,-9.92999907010469,-10.2055485916444,-20.0011347282251
"ZBTB16",-19.4859962612985,-8.29926071238783,-8.7367481137579,-9.00764783523091,-10.0764768330995
"ZBTB18",-20.7589531794074,-9.34487558421703,-21.3963474778126,-19.226385363033,-21.562160185484
"ZBTB20",-17.1746793654798,-8.72150387512122,-8.12455943137669,-8.38192801329054,-19.9231412723074
"ZBTB21",-20.3423326707892,-21.3308928203282,-9.93446264692914,-9.62586621228539,-11.3809491670929
"ZBTB34",-21.2358627600423,-22.7566569304927,-22.019402257717,-11.2198795741899,-10.6290751031251
"ZBTB37",-10.5636034311573,-11.3237981117325,-21.3973490552604,-11.0260498131423,-23.0148746301918
"ZBTB38",-10.1565833315275,-9.19589395619763,-10.1681238280361,-10.047407443229,-10.3406627573091
"ZC3H12C",-10.9582812825218,-9.50504346667927,-11.9305914453691,-19.2797113933991,-11.1048758749662
"ZC3H6",-7.64695302642389,-10.5714381120526,-9.44902764265186,-8.46087455472278,-21.6979021694469
"ZCCHC2",-9.74148253226984,-10.7946454541146,-10.2389559813452,-19.5336434891643,-10.6571777056343
"ZCCHC7",-19.2946201403195,-11.3600101059685,-10.5522996550643,-9.69250745106828,-11.6588699023668
"ZCWPW2",-12.5323306160196,-23.0917401303426,-14.0325368718781,-22.2296642581801,-22.8411824385556
"ZDBF2",-19.3381601956522,-10.9288226852033,-10.4125928706109,-19.9773884100684,-10.210259561038
"ZDHHC2",-19.1187847661741,-8.92686646079234,-13.9031905987731,-9.83669915227993,-10.8292293116985
"ZEB1",-11.7431447623928,-9.03262783916725,-9.71287476053304,-9.94330408747163,-9.52435863164627
"ZFAND2A",-9.94365147173543,-14.554980913726,-11.741335408352,-17.5281887869602,-9.59226724805428
"ZFC3H1",-19.1236791853247,-9.86422919434828,-20.3813167478078,-10.1667401360809,-10.1418099691229
"ZFHX3",-9.0049540655606,-9.55635480237105,-10.2008224987745,-10.3914228730127,-10.5713133570053
"ZFP36",-8.23876258907048,-10.3729794626307,-7.85716631184811,-7.81868804786189,-20.7862314094721
"ZFP90",-9.93724916878879,-9.54966336131226,-21.04344460726,-10.8599276511921,-21.6274687990411
"ZFPM2",-10.8542097030194,-21.6096575538073,-13.0178946429798,-21.5020224308916,-10.4922331662075
"ZFR",-8.50928567826444,-8.38199424117832,-9.46865658832583,-9.50412520345047,-9.04098872957347
"ZFYVE16",-8.04195957944267,-8.25204443977123,-9.59401189603915,-8.30788426696329,-18.9554638279593
"ZFYVE9",-8.80421767931287,-9.9367879178198,-10.6354731034841,-10.9103556156763,-10.7924071842097
"ZHX2",-19.5383028713637,-11.2607862403275,-9.82675931139706,-21.2505556024262,-21.1837902420198
"ZIC1",-20.7580660522264,-11.856733974755,-10.5834028218539,-11.5952267908096,-22.2425817959772
"ZMAT3",-16.7570699562142,-8.54098657376044,-9.49960990182719,-8.96256142467972,-8.75972657396836
"ZNF10",-20.4226709596859,-10.4255589504427,-21.3905829212917,-19.9382852046756,-20.9660055079471
"ZNF107",-9.47817833489983,-13.1272882893188,-11.156158483541,-20.6817210275139,-20.8191672379139
"ZNF160",-9.17687623064955,-9.44979977201934,-10.2921838733384,-10.9065588618559,-20.7798282820365
"ZNF208",-19.487965077803,-11.155362558328,-21.7405678325711,-10.6905187702516,-10.8979340623273
"ZNF267",-21.6173818362721,-12.7254898122598,-13.4783374997998,-22.2501954696303,-22.591075343995
"ZNF281",-18.4585099260795,-9.10685723696733,-11.8746300526626,-10.5159178812511,-9.89355366752932
"ZNF292",-18.8207917590021,-8.47874274875287,-9.65405012679206,-8.80339101284551,-20.1008187510725
"ZNF316",-20.1588844948592,-21.1663776009781,-11.638520601792,-9.76072243900482,-11.0836976462267
"ZNF331",-10.3922728591983,-21.3176019376267,-10.256630835102,-10.0283868981897,-21.6851120687969
"ZNF358",-9.84372517777377,-9.61238709908467,-10.1757947498616,-9.62768835638335,-9.91600902416616
"ZNF365",-10.1309826029792,-9.40707477648008,-10.3455232750094,-19.3123809252194,-19.4007281796356
"ZNF383",-21.0109864559834,-10.7636332562735,-21.2466280043054,-11.0267546132389,-21.8566677679246
"ZNF384",-17.8317764620449,-10.385468294221,-10.6361094390467,-9.91966053803854,-10.359918913552
"ZNF385D",-17.4753408704205,-20.3829123035858,-10.433569935788,-19.141334688082,-7.81333708771152
"ZNF395",-20.2164131107315,-9.52197441057109,-9.36793642513095,-9.6566760030224,-11.5694418546077
"ZNF429",-20.4195609322902,-19.6284150343653,-11.15047623325,-10.0044080517794,-11.3708766222056
"ZNF451",-17.904758573082,-8.49833875021862,-12.0450429173642,-8.679508255418,-15.6648960063146
"ZNF483",-8.35491983313552,-8.84722831671186,-10.7393234378375,-8.52171608976478,-8.29774661346363
"ZNF484",-20.2938004897276,-11.7518014373655,-21.5429364667807,-10.4122942507444,-21.7116085002996
"ZNF493",-9.40456205859931,-10.2991349123178,-10.6328901304653,-9.23754717025277,-20.8548358709465
"ZNF506",-19.5798558220481,-11.7535089028627,-10.4513729079456,-9.4058749781611,-20.2712548959967
"ZNF507",-21.0499329145106,-10.6986212011963,-10.8268176545878,-21.3520604839321,-11.4752931531381
"ZNF516",-19.1436391206949,-10.7727111472195,-10.5449188272076,-10.5749054781672,-21.1936256586884
"ZNF529",-17.7209453678603,-10.111711285867,-19.7838451567921,-20.4386970682477,-9.77236119910091
"ZNF638",-8.02905784774275,-9.99087529399153,-8.99920124386461,-8.57129653148618,-11.8866598237016
"ZNF708",-9.55044333234732,-8.93718621752225,-10.0072022899247,-10.4257778249863,-10.080624651215
"ZNF721",-19.1160780139586,-10.2651639388537,-9.9436235285387,-9.46217667165152,-10.7986031047779
"ZNF737",-11.4578354895379,-10.462511540921,-12.1921093697943,-11.9409757790741,-10.2630246935274
"ZNF770",-9.27868172900221,-10.5617483494814,-11.3244361497818,-9.51307889499669,-11.5787872684251
"ZNF830",-9.22408457389351,-11.1948327961616,-20.3912544053391,-20.4703956757641,-10.9171623711772
"ZNF91",-9.54363043207909,-9.10885514062739,-10.6873594506968,-19.0810077351353,-9.68164814764692
"ZNRF2",-18.3892271555348,-10.3689766254004,-12.6043791630823,-20.9038697654701,-21.437305363386
"ZRANB2",-8.60085155181595,-11.4771687700696,-8.71796489968582,-8.59766407693942,-19.5278803539799
"ZSCAN16-AS1",-9.1082491568101,-9.11195508402599,-10.7768639054069,-19.2564530849061,-13.4140830261192
"ZSCAN18",-19.6539000724276,-9.54666818621368,-11.0505188184103,-8.82216296014891,-8.42860057889606
"ZSWIM4",-20.1605291962803,-12.3205174386807,-21.7906858566449,-11.1079679488905,-11.3975384800544
