"","Endothelial","Oligo","Tcells","astro_fibrous","astro_protoplasmic","neuron_dopaminergic"
"A1BG",-9.59858016580791,-10.1728417197449,-10.4736457722432,-21.3461156005631,-12.478480419193,-21.5128525749346
"A2M",-5.94354905309401,-8.66242844663336,-8.03144517742716,-8.7759151169843,-10.5333293679376,-10.1348112723553
"AAK1",-10.1108789130368,-12.8837953587706,-8.56670898196687,-9.5592759249539,-8.71075093929989,-8.21949192254432
"ABCA1",-9.83729233225399,-21.1578852244144,-10.3718717018991,-8.55362631037088,-9.00346313277099,-14.5185056594073
"ABCA10",-21.2559016578772,-21.1465980663599,-11.5730884862403,-12.2652549953124,-19.7237021142825,-11.3295206806948
"ABCA5",-10.6859721530624,-21.2629069121449,-10.8041925359383,-22.309281724182,-10.335186244912,-9.5230928248423
"ABCA8",-10.9615639530328,-9.20456953174593,-10.5878214166246,-10.9184289706284,-9.56540300585849,-22.0392438152278
"ABCB1",-8.84245983826856,-20.3228609982185,-9.80350856440112,-12.2004343317905,-10.4615762213933,-11.0108414703863
"ABCC9",-11.3440007495354,-11.5410018727434,-10.1630343905231,-12.6383054599614,-10.5729974588901,-11.468897051764
"ABCD2",-19.9611102784265,-10.8871094497311,-19.4086191610694,-10.2020731134566,-10.8448668576195,-11.1645516417883
"ABCG1",-21.3015173812448,-12.4092113875431,-10.2051490407888,-11.1223279609243,-18.0947960850645,-10.9942070666246
"ABHD5",-9.69933261446533,-10.1043102506371,-10.6049815178832,-10.6578979694011,-15.5409322563691,-10.8800753215735
"ABLIM1",-9.24188704907761,-17.2747613390687,-9.45670240367278,-9.54096173344741,-10.075190163435,-12.4924666960646
"ABLIM3",-9.64393042451834,-13.2345801840376,-9.57998179699002,-10.8279326399095,-20.1917921599875,-10.1719396687904
"ABTB1",-9.84973219409872,-15.6912706393729,-11.8829165494673,-11.8902233634776,-20.9702843156509,-10.9051130266949
"ABTB2",-21.4345679325167,-10.0325877899476,-11.7526446569548,-12.4985520326894,-11.0791848904785,-12.4658379691287
"ABTB3",-18.9366122372684,-18.7570302985578,-20.7442513632455,-11.8711157847203,-11.2949406895912,-9.18330811441175
"ACAP1",-20.4790536399606,-10.9269516458742,-11.5300621344056,-11.6629519073855,-10.0272512549758,-20.6864839844589
"ACBD6",-21.6564865275991,-10.392681111952,-22.1158441926418,-19.7617935963554,-10.1688094945248,-21.0839378299096
"ACOX1",-20.5244612232541,-19.431516449454,-12.1832827806271,-9.38227836244799,-8.54577701880004,-10.1780368362526
"ACP1",-21.3211938323751,-10.7416295287045,-10.7466571931071,-10.6548418523811,-9.3139122449701,-10.0473228403754
"ACSBG1",-11.6113904558305,-10.0865384346481,-8.27548799161117,-7.95636525388014,-8.46025756262333,-18.8785764399569
"ACSL1",-19.9226818360537,-9.62946996994618,-10.3740255105537,-22.0440598442014,-21.1845746245518,-11.166218398203
"ACSL6",-8.26827508836298,-13.5625378011492,-10.3172455116823,-8.78961556029878,-9.02585429571808,-9.27180618068154
"ACTN1",-9.16058273644274,-18.8995193986926,-11.2648185976717,-18.8825120672906,-17.0139081847428,-18.875545502799
"ACTR3B",-21.5253166664163,-12.2307515954795,-22.6780908822388,-20.7557619134702,-22.0150675844058,-10.1783245443815
"ACVR1C",-22.0918144122731,-11.8736817198866,-16.3596330378507,-23.3021408005654,-13.3151103287616,-11.2942628468847
"ADA2",-9.73216418790464,-16.628278838052,-11.7228268628376,-18.4710183513456,-9.60750968559963,-18.7554775694385
"ADAM10",-9.86293318513108,-8.87985747732141,-9.78205668010372,-11.1251137981525,-11.8402276703917,-9.0541288693932
"ADAM17",-9.35117318323673,-10.4324464360706,-9.33843010253005,-10.2293566828011,-11.867911451973,-9.72371092201741
"ADAM9",-12.848768279897,-21.2937532260457,-11.2164689686701,-9.5783836140958,-9.99940604049389,-19.1732593317436
"ADAMTS1",-8.36260848908923,-9.83254732562561,-10.1954473202066,-21.6839085440572,-9.96581077100499,-22.0669372451766
"ADCY2",-20.2979409774128,-20.1817043588825,-8.73522801905859,-9.22261207298572,-9.02402005911968,-9.52849818720377
"ADD3",-18.4906918436617,-7.66381924659609,-8.48123270950816,-7.78475862819148,-8.18528653877905,-19.2283460280902
"ADGRB2",-9.03260459099381,-21.6554396601525,-9.88356774301292,-21.5070024948719,-12.5105230202674,-9.28444589394904
"ADGRB3",-20.6118242670021,-9.59855531044618,-9.42880298385776,-9.9707443418183,-19.9265947749146,-9.39185516871006
"ADGRG1",-8.07584913218393,-9.62205036443995,-8.26108231554727,-8.20208757963718,-8.50512580768795,-10.2329598506907
"ADGRL2",-9.32053744896066,-11.4409686466857,-18.8978906030471,-21.8612343329625,-19.6916504435511,-10.8600349575317
"ADM",-17.8032378529081,-10.9878394133591,-9.58363357761933,-10.9993417334265,-16.3983382685595,-20.7567686070763
"AEBP1",-20.0231891426512,-21.2103352080829,-8.9111655210775,-9.07847516261318,-9.51518773948091,-20.4589507573945
"AFAP1L2",-14.3170941324233,-11.822415667221,-11.319433914054,-22.7919063446045,-10.1016762958259,-14.2795649593128
"AFF2",-10.6519351406419,-11.260648604261,-20.6638172387033,-12.0387576809407,-21.967741851967,-16.0899615355843
"AFF3",-11.7402188603029,-21.4911970022113,-12.0517792729646,-11.1813796659226,-12.8371916499592,-10.143719834538
"AGAP1",-18.3955209944118,-8.9275560650329,-9.01572235668128,-9.49435636183387,-17.897067667535,-10.1051442205073
"AGAP3",-11.6794729008931,-8.80681410118257,-9.6914123033436,-20.3438817450978,-19.7498112226009,-8.66876635333191
"AGFG1",-8.86012282161215,-9.73439252339602,-10.8339689204275,-9.99221536528173,-18.2835312311192,-20.1921190644388
"AGO3",-11.0815708062633,-21.4982661824119,-9.78898516027961,-10.0860360954846,-10.2496219359938,-10.651414427636
"AGPAT4",-19.7912208609758,-8.75512946721248,-19.5586382156213,-11.345354514887,-20.1891124238046,-21.0211658442109
"AIDA",-10.9626740358409,-10.9581615533708,-10.0831017182385,-9.74624140530419,-10.4738236117419,-10.2911298544694
"AK5",-19.3901960356163,-10.1061049000018,-10.9513386678016,-9.77723295285576,-20.4006008957657,-9.97914232948489
"AKAP12",-8.70777593894707,-18.2219113864926,-8.85717000843303,-9.98184029290828,-9.53542822108792,-7.75196541659197
"AKR1B1",-9.3541592650907,-9.97922981668832,-10.2365483081224,-8.96971783248824,-18.4832202307715,-8.77512924524087
"AKR1C3",-10.3351749769697,-22.2462743372074,-10.0600921254017,-10.4326629684058,-20.5170538959367,-22.1085462128671
"AKT3",-9.40309844091892,-10.7005292865772,-9.90867954867241,-10.5042746785218,-11.2610860842815,-9.17149445477178
"AKTIP",-9.87580039317734,-10.2504756606904,-11.2945963341738,-9.92580153953189,-9.28730436878471,-9.54247426446033
"AL627171.2",-6.52579551711827,-5.46816719503674,-6.20072425338393,-6.05185875111925,-5.85439813941803,-19.0125849163426
"ALCAM",-8.92692357808996,-7.83335547432473,-9.02426774313481,-10.1403331341124,-10.0730312977246,-9.42614700152456
"ALDH2",-9.44367306777594,-17.746920890655,-7.85634341178102,-7.5370180606084,-8.14606795490059,-8.46541336866379
"ALG13",-11.9548625706687,-11.5293721594215,-11.9779645383537,-12.0172855991074,-10.7544073735169,-12.3090517239086
"ALPK3",-17.6526849819017,-21.5049787559767,-10.7664176045637,-10.6357962809505,-10.3638493392408,-12.5851307678018
"AMFR",-19.457259476364,-9.15929923071438,-20.9441486305818,-9.84273824246152,-9.46460075993635,-9.30729821153111
"AMMECR1L",-11.8189653813326,-19.4323395260411,-11.5605323998234,-11.271325144736,-11.2781817029156,-10.8994612646045
"ANGPTL4",-20.9755634086901,-12.2927400917471,-9.90275280248958,-10.4245752633002,-9.14964074219887,-22.7128866549713
"ANK3",-9.36715331751776,-8.16592640592596,-8.99407955195049,-8.75562675023935,-7.89808494464573,-9.05136534415245
"ANKH",-20.6491656690027,-9.56118669727667,-9.53986900414674,-9.51937530531334,-10.0341694833919,-8.43126315320324
"ANKRD13A",-11.6160412045232,-10.3690860182466,-10.6779481318629,-21.0298101807223,-19.2434612116079,-10.98610631444
"ANKRD28",-10.173838158212,-11.2709713626563,-21.3955124350557,-11.9996185414944,-11.0966067534155,-11.3145286328979
"ANKRD36",-10.4963959779959,-11.6665174516992,-21.8978796573723,-11.6244463495544,-12.2948620149139,-20.5286999318361
"ANKRD36B",-11.2698929350329,-11.3796450248742,-14.2720434154736,-21.0163399480461,-10.2245467418874,-11.167592922656
"ANKRD36C",-10.1244379644153,-11.2438784307949,-9.92430086805677,-11.0661044149551,-11.697001042915,-11.2390280985791
"ANKRD50",-10.6246337697773,-10.9727906545121,-20.2829721039913,-12.5187093927801,-20.1466695647219,-10.7524515955087
"ANKRD9",-9.91938931598655,-11.0612963810524,-12.8614798547502,-10.7029360196623,-10.3160692598716,-12.1463067274625
"ANO10",-21.1919069573045,-11.2239925833635,-10.313932378287,-22.3642589164848,-20.9341965216094,-10.6606472346927
"ANO5",-19.5197543530259,-10.9748538194246,-11.2197634712541,-10.0008594986301,-11.0648456933532,-18.5634190696144
"ANXA1",-9.21929412954374,-11.6613622345971,-13.7165652123208,-11.0683236979754,-18.4314583160894,-19.8162172606083
"ANXA2",-9.54620864412303,-17.5318385654873,-11.1166043086728,-10.6121010476288,-12.6539690059884,-11.1194831136203
"ANXA3",-8.96051078668958,-21.9277947013411,-20.9877652446352,-21.9421635477867,-20.550663233216,-11.9354080839498
"AP1AR",-10.5128343498464,-10.0943412968579,-20.0731865844109,-11.3447654477934,-18.866751107497,-10.0262750712293
"AP1G1",-10.2185246536918,-20.5021918510885,-9.55225062383816,-10.0149677433763,-21.1350089285094,-11.8893860532857
"AP1S2",-10.0982794370114,-9.66780997318803,-9.28922532191903,-10.5281927160156,-9.80489945125589,-9.89237893106647
"AP3M2",-19.5149827471014,-10.3838899813316,-19.8136614887076,-10.7549031593275,-9.51962831994424,-8.70955812210131
"APBA2",-9.09301558333558,-9.33588907614195,-9.16078408061555,-14.3175588410792,-9.6070002293403,-10.182534839183
"APBB1",-8.03661281210469,-7.9939374846067,-8.54355544610865,-9.42204172131897,-17.0889879656628,-7.77377282094875
"APBB1IP",-13.1507000993654,-14.173680811513,-20.1986556453355,-10.6203914018453,-20.0621760103309,-12.0935270381595
"APMAP",-19.8131101135655,-16.368586527055,-9.45712026209505,-9.28702773581963,-9.32381861787268,-9.14892849586644
"APOD",-6.81155019720322,-6.63302876206045,-7.21746615414664,-8.52637668035768,-8.20455033228513,-20.419353769161
"APOL1",-9.14156698087621,-21.1683746268721,-10.1607921172278,-11.3060777808038,-11.0413367651692,-20.974537585672
"APP",-7.67411024530855,-6.97055413297397,-7.64703167861826,-8.66761110716344,-8.09949932874265,-7.7729353650304
"APPBP2",-19.3650657480425,-9.02493914835681,-9.59379286398524,-9.58806538785772,-10.657468118545,-10.2673112032717
"ARHGAP12",-9.19506594113821,-9.15813620669456,-10.3182559999356,-10.2568361569605,-18.2265985596186,-9.29463490550852
"ARHGAP22",-16.7757070440844,-11.4483487492501,-10.9777310828015,-23.3353036604915,-21.7745153511555,-23.1545608324378
"ARHGAP24",-21.0281403287576,-21.7213052867002,-11.5008088547331,-11.9981631324314,-22.0355513404524,-9.83421520145308
"ARHGAP29",-9.97506914231351,-12.0493026924506,-10.6941976528548,-10.5296537944019,-21.9693911389206,-19.3320834073605
"ARHGAP5",-7.5585245405148,-8.09418579679476,-8.2891815232794,-8.4489525433312,-8.17095975160031,-8.29903219570114
"ARHGDIB",-9.03166942185971,-10.9669259680307,-9.77035908274729,-21.2759243094429,-18.7245003246244,-11.2186856971675
"ARHGEF11",-10.264181025653,-9.98610586346399,-13.9341431054954,-12.2642227011372,-10.8082171650586,-9.56923328722181
"ARHGEF12",-8.41411946092171,-9.99882119591543,-9.41921374416402,-9.37818457236325,-8.68193377012509,-9.41544283708276
"ARHGEF3",-9.39504168073942,-12.309244512771,-21.2872728994765,-11.7202984438033,-21.7121190733532,-10.6780547171545
"ARHGEF40",-10.2509236950074,-9.78598636226445,-9.8218994617178,-12.2771919721348,-10.2449684510597,-11.027772450574
"ARID5B",-19.7817982398195,-10.5431599630363,-10.6764312122382,-11.041505798165,-10.8559722584933,-20.8031847936889
"ARL4C",-20.8425640166528,-21.2249312273679,-10.623881863652,-10.1030994639911,-14.0973721924949,-9.7449665005064
"ARL5B",-19.5597069098663,-10.0808609918962,-12.3128755436876,-12.8774319163761,-11.8884536187198,-12.4124805937088
"ARL8B",-8.56525264539961,-9.42625634634025,-9.06904738332306,-9.66876926858696,-8.56019794624968,-8.81158322125014
"ARMC8",-9.52436826067054,-10.9427427673157,-10.4153450566565,-10.5065022809174,-12.0105685297448,-10.2855160562359
"ARPC1B",-8.89778854428948,-21.8457095455232,-10.3238089498417,-11.2064578145217,-11.0197603723301,-11.6511023895876
"ARPP21",-10.970046593616,-11.7775425464982,-10.5422551596836,-22.7368611892425,-9.70266260871353,-22.0015446529225
"ARRB2",-21.2175406987615,-11.5348335845626,-10.1099068751183,-10.6625450248716,-11.9678546605309,-19.3796387053556
"ARRDC2",-21.6982490734476,-10.6835693244756,-10.8151009924856,-13.1837348282988,-21.6401156727189,-12.9111455959995
"ARVCF",-19.3631014287839,-18.5854659992344,-20.4422357870329,-11.624884423469,-9.21091438822452,-10.4036380883003
"ASAP2",-17.2101680893986,-10.6165199700639,-9.41444014455275,-11.0411644426678,-20.1981377610002,-9.04955521097444
"ASH1L",-8.5198949616216,-8.8421063113616,-9.2394316341632,-8.87702103843787,-9.20964716990404,-9.20618730901339
"ASPH",-8.22935934995327,-9.78287851932964,-8.35271826270865,-8.3921760295346,-8.70248184147345,-9.69837753397803
"ATF3",-20.8298578263688,-21.6510900405416,-11.4745033708869,-12.0011253161345,-21.6160963784067,-21.9459555287356
"ATF7IP",-13.0589111336197,-9.6318318561789,-11.7800092552734,-10.4634996696351,-9.32626019836531,-9.54508176824324
"ATG16L1",-21.9915765096642,-10.7782482062856,-13.2273016158219,-12.102804570831,-21.5793767352872,-11.946910417195
"ATG5",-9.11285593838453,-10.3658262226015,-10.7103401701501,-18.7550034056504,-11.2928735435563,-11.5260320097575
"ATMIN",-10.3432330532341,-10.8943669494027,-14.3827495978428,-9.58202184563238,-9.59254122012676,-9.21322037954819
"ATP10A",-9.57622620477634,-22.8384482025537,-14.8310864229931,-12.0417335413552,-21.3282095210964,-12.6746463377525
"ATP13A3",-9.13330321469697,-21.5568601801736,-11.5321533926311,-10.2588587728873,-12.1266729057081,-11.9081176324702
"ATP1A3",-10.796933295323,-20.4845281688087,-10.0397564187845,-11.9882131830515,-13.4032738124401,-7.57215604305365
"ATP1B3",-9.45248716297005,-10.1358268374545,-9.0010277526887,-9.80416581895484,-10.2248553974706,-9.28846985380441
"ATP2A2",-10.1778793832392,-8.86223910030369,-8.39605664990022,-8.45649742684422,-9.64711927387006,-8.45489319820645
"ATP2A3",-10.0443268427222,-20.0986970220351,-20.5948882932158,-16.8109283804777,-20.3765626519036,-8.84725882415369
"ATP2B2",-19.41771052599,-11.1683334201099,-9.14031065426953,-9.49144435615543,-11.7366350413217,-8.62183321424697
"ATP2B3",-12.0149860067788,-21.5355811989747,-21.3522598112689,-11.9978313910493,-18.6103125021112,-9.42445453487953
"ATP2B4",-8.83703756117154,-11.5850809227253,-10.6077883889399,-8.72731677168454,-8.65119412514356,-11.8558224376479
"ATP6V0E2",-19.2702661090289,-8.88969938828638,-8.54034178292576,-9.77164873419944,-11.0516893352319,-7.96599572747067
"ATP6V1B2",-9.77676728217447,-9.21513113316075,-10.2256094517947,-20.4457150488112,-9.43702900399136,-7.22859089391038
"ATP8A2",-19.8492512029012,-9.4114074296628,-10.3184814492657,-12.3678729308939,-10.647639175783,-8.32807140397571
"ATP8B2",-20.5945207526074,-10.6414561689481,-18.1616363231375,-20.6105658360757,-20.1370502406313,-10.2780294089627
"ATP9A",-8.15186048661484,-10.120242880747,-9.74484263630356,-9.55816638023568,-14.1780452579522,-8.17809416607424
"ATXN7",-10.2824666323602,-13.8898110389358,-10.7329472513897,-11.8997302960143,-14.5096417661987,-11.0117636555996
"AUTS2",-9.32594692507296,-16.4123556322061,-9.27693630467118,-9.38079505026745,-9.91939671642107,-9.17895788391218
"AXIN2",-10.4265898310005,-17.3250145531401,-11.7815543291816,-12.553640831661,-10.3478498280809,-22.9181309775852
"AZI2",-9.01965618584478,-9.88530774223001,-9.71460069189876,-21.8052646731298,-11.0367067429753,-9.74681410193523
"AZIN1",-10.9189130655991,-10.5418676836067,-9.27018937851409,-8.96222593756374,-9.3429185808112,-9.34539979287153
"AZIN2",-20.8737646115186,-10.4043481860875,-21.0914044783749,-22.6956949933029,-11.1197880318887,-10.4123555381479
"B2M",-5.26567418343306,-6.89913612432653,-6.74283845896267,-7.32208750936658,-7.52878450605676,-8.19045102805847
"B3GAT1",-16.5966642213252,-8.02736859193528,-9.35960723769401,-20.257988818821,-9.32479707315341,-9.21695789547613
"B4GALNT1",-18.5452938960483,-10.7657271576877,-20.7036180960088,-21.5446664906467,-10.5186494240955,-9.42271496824848
"BACH1",-19.4857595863647,-10.038052154787,-10.2313903695483,-11.2696095916337,-12.4900233048494,-11.9000831412499
"BAG3",-21.0782387829679,-10.0854086215595,-18.141846200254,-9.6286066615194,-10.6489834131793,-9.66508026593417
"BAMBI",-10.6454935604969,-12.6893820791665,-10.2092192903606,-10.77259942543,-11.0216648282337,-21.5461629623658
"BASP1",-8.01113244699208,-9.61797734101271,-8.82758601371872,-9.92934392769157,-8.6036887924308,-6.87377295842273
"BCAM",-9.69305261136273,-11.0720361655363,-20.605316205341,-20.6595239519385,-11.9758110810064,-20.1422584806792
"BCAR1",-8.90160991773092,-9.38559467612616,-10.2342952456775,-13.6970091264492,-10.1860476418513,-10.1990417946759
"BCAS1",-8.3709895571314,-7.12583615646071,-7.98069955937001,-7.63118616213192,-6.99782348403542,-20.1778666496389
"BCAS2",-19.6692294115074,-9.95082424698512,-10.0277724431116,-20.9537897023884,-12.2513325565972,-8.690120992404
"BCAT1",-9.05404222058953,-10.1660608741292,-9.35107776120126,-11.4349475237861,-18.210843116582,-8.03744084753584
"BCL10",-10.5231912778624,-10.3912590219856,-9.71576202060574,-20.5820794821907,-11.5976954087657,-18.6205428738135
"BCL2",-9.52729997238084,-10.6854342864211,-21.0336921369911,-9.24873912415186,-8.78801993846668,-21.1835198569002
"BCL6",-9.19605268555199,-10.7390779979512,-20.1755829237194,-10.1239324250362,-10.534026362525,-11.5543122136985
"BEX1",-9.02074335225679,-10.3422283349651,-9.93199936339335,-9.27998957759146,-9.81833112305186,-7.49396031986564
"BEX2",-10.7717145918972,-8.78243231033975,-8.61209064350331,-11.9580740689566,-20.6441938988327,-8.97647719638248
"BEX3",-7.60291389190611,-8.49080774102538,-7.85812627234247,-8.05936074222446,-8.72663799923704,-7.93462529585596
"BEX5",-9.22404212557945,-10.6558278987113,-9.34941050490494,-10.3851063054913,-12.2989617644666,-8.34658103394503
"BGN",-8.84939614134718,-10.8116644081675,-9.58125527329423,-10.9510401887217,-19.7480371828111,-22.4985844841121
"BHLHE40",-8.51936257505841,-21.5545955644333,-10.0571372997744,-10.0117716132902,-9.92666277785556,-10.4749314810529
"BIN1",-13.4257203372335,-8.37580928365149,-8.30766221497334,-9.36858985652901,-9.42047176073767,-8.50367230185842
"BMAL1",-10.615721703608,-22.2232805597781,-10.2316630203096,-12.3628776869553,-21.1966350926847,-10.3948261375449
"BMP2K",-9.16905255696583,-10.965885289647,-20.1716582853613,-9.97125299677361,-10.0236387959169,-11.5016999071589
"BMPR1A",-20.6341246550096,-19.4749248165643,-11.3711927148489,-10.8592379714413,-10.4488370316152,-12.6639300429397
"BNIP3",-10.2067081737475,-8.24308446714052,-7.88966944048469,-8.85864703255671,-8.09673486132489,-8.08643021823339
"BOK",-21.3745521290712,-8.56373867597623,-10.2021901309158,-21.2473391800901,-21.3386863465614,-12.9091918114234
"BORCS7",-11.6767946285889,-10.7005530073275,-11.8790883744577,-10.5019054411031,-9.28551839599934,-11.4762517496892
"BRCA1",-20.9936843875653,-12.6709691687073,-11.5106322951785,-11.4406400733035,-21.1039665152979,-16.4602316522932
"BRD10",-8.87955495445137,-8.59894938049929,-10.8563937135563,-9.36463011442601,-9.72853594749561,-9.80590625152306
"BRD9",-10.0071663043231,-10.6094993764261,-19.4357839882831,-10.4159336121836,-10.5158366997085,-13.0225835281661
"BSG",-7.56163183867901,-8.08959392015595,-7.78137625832988,-7.71522055933107,-7.47662828033952,-8.65288579519749
"BSN",-18.6757098815403,-20.9296137709867,-10.0003836535736,-20.4327215798285,-19.3274430343379,-9.11811061921788
"BST2",-9.92113224168494,-15.336294529656,-20.8794965154169,-10.5538335239858,-20.0627402895882,-10.833320242306
"BTAF1",-9.70035762694201,-20.8195291320305,-10.2999080109037,-11.484081567629,-20.2137360539553,-21.3388448169576
"BTBD9",-21.4269188258806,-11.4303650506338,-11.4284591576403,-12.4372345476213,-13.1967845922604,-10.0868834052306
"BTG1",-8.58339574706533,-9.78336671416494,-9.73525352131964,-10.2356013098674,-11.99789283535,-21.688157466226
"BTG2",-9.11380958240759,-11.999769343216,-10.7814758936873,-10.7445112135429,-11.2293829998674,-11.3750308829491
"BTG3",-21.6245463012591,-11.6742709777368,-21.4907377606263,-11.3381706575746,-13.8840454007281,-20.7148001763032
"C11orf96",-8.84244160778091,-11.3782665675639,-11.0416383608274,-22.4373440989381,-10.553807291637,-20.2882521646714
"C1QTNF1",-9.81744346179885,-16.1047699176234,-20.375990749361,-10.4071768688984,-11.131473954585,-22.4443940178797
"C1QTNF4",-13.6461559016111,-11.347745983863,-9.08029865727752,-8.3775468285615,-8.56955874354128,-20.3847881774257
"C1orf198",-10.0071892668228,-8.71997429828533,-10.8008627991374,-9.81307215143682,-10.3635214685621,-11.1428627232263
"C1orf21",-10.662830500016,-10.7506635348693,-20.5943223229075,-10.0476036154539,-10.3197996669,-11.3048084821867
"C1orf52",-9.58562609893528,-11.7941156335345,-10.0344853557837,-17.2393601046391,-19.0176136506126,-9.1216356161131
"C9orf72",-21.2879982751472,-12.0858901875392,-22.1522865538126,-11.7746330800344,-21.5507580307713,-9.70626177740713
"CA10",-19.6119315988278,-10.3695813268182,-20.6338979732225,-20.9223102372427,-20.9629816598884,-10.211760510339
"CA11",-10.9837598612529,-21.0523806136643,-10.1739126059542,-9.92837472321507,-10.4540445580443,-10.7161275414578
"CA12",-9.1088263064647,-10.1786515655998,-10.4629802724073,-11.2422489765281,-12.3512645207396,-20.7409935792195
"CA2",-8.41081046330909,-8.2033520212669,-8.87191200285533,-9.93608973670794,-13.5710518742115,-19.8094974405165
"CA8",-21.6490595697208,-22.5700237971716,-21.9862662695148,-12.3928419851005,-22.1175113711639,-10.7106219652315
"CABLES1",-10.575314041675,-11.4060788868522,-9.92275632235103,-9.33731286689863,-8.854921605954,-19.6922876852426
"CACNA1A",-9.98399417694191,-11.105433846301,-9.68189420000206,-12.0484312838548,-10.1534548262497,-8.83130618141497
"CACNA1D",-21.2843620572038,-12.4262090043326,-10.209092545055,-11.2022174618176,-21.632475964107,-11.6487291357282
"CACNA2D2",-19.1887656658699,-10.273226905798,-8.88927087495641,-21.1593747018501,-10.6163341135565,-9.05953177600946
"CACNB2",-20.096363930774,-21.357727319239,-12.0123005545346,-10.5537341408341,-10.4720344342371,-11.4192350670112
"CACNB4",-19.1767349390275,-11.7102042343503,-10.0364153125215,-9.86210682643214,-9.50428406527104,-8.46180356764096
"CADM2",-8.2635274196257,-8.23984736262784,-8.44514601008676,-7.96534782851028,-8.16428879284421,-7.28317621777351
"CADM3",-20.0205586506723,-11.3079712856085,-9.29456714248898,-10.2016411479508,-9.31198227662088,-7.86444103984765
"CADPS",-9.37717594703152,-21.4698955642983,-9.35175698348431,-11.2838892940858,-10.4200120215375,-8.60033927503994
"CALB2",-21.7558376422979,-10.719893130408,-11.5138092847301,-21.9842328367452,-10.5591783849772,-9.29374436638536
"CALCRL",-9.72027169672273,-10.7075297403925,-20.529863100846,-10.7271920687394,-10.0147079134733,-21.2137523316547
"CALD1",-9.89842802808735,-9.79900495469915,-9.08331622881721,-10.5388771963462,-9.81173654189264,-22.0714262743483
"CALN1",-9.41934524326525,-20.9058141485471,-9.64547230304744,-21.8366913802567,-13.9793026022472,-9.04863536739742
"CALY",-17.4591370500495,-10.4178568183263,-10.3443717173494,-21.2168315804163,-10.4027967843801,-7.72137645302896
"CAMK2D",-9.89397360743934,-12.8730191454041,-11.5905008668377,-10.2954960412117,-19.1366214923734,-9.34810516002152
"CAMK4",-21.604015319969,-21.2542657532645,-10.5974584452862,-10.3819519035717,-20.5503034797776,-11.7253177475142
"CAMSAP2",-11.0041107268895,-8.67170528942465,-9.0116769162412,-9.64987969361159,-18.8631335268787,-8.42752501874371
"CAND1",-11.7319433433832,-18.6432731377879,-9.92253287244654,-9.02994608759895,-9.64005533911493,-8.8941547063372
"CAP2",-21.3432939202689,-12.4253876894961,-11.2622709976784,-19.3940535552338,-9.77295387945873,-9.47047085428255
"CAPRIN1",-10.1715649707608,-8.91922709747097,-10.6204887369264,-10.0330852280912,-11.2310353157597,-8.86435153379081
"CASK",-21.256446189509,-21.2745808054364,-10.1457121231012,-9.83337784337197,-10.4891740298081,-10.6597306522794
"CASP8AP2",-10.0513029453059,-9.89913176400033,-11.0985661174995,-11.8734997375238,-12.4524965351775,-20.6342984307786
"CAV1",-8.32767583477857,-10.0351875745206,-13.0160946860407,-19.6655445899034,-20.5511696907782,-21.3289923359136
"CAV2",-8.74920995781481,-9.94310452081019,-10.492786247083,-10.9775595859262,-10.6456945894364,-19.7052787570005
"CBLB",-10.4002626608728,-9.99527380379427,-21.0193799768786,-21.3300701631367,-20.0292433685572,-19.5997516423748
"CBX5",-11.2573009821829,-8.74259664198993,-9.4430759078865,-9.19560034146837,-11.277633991942,-9.3883678249499
"CBX7",-18.841349853178,-10.0575087551147,-8.48909425090757,-18.4129387626223,-19.8093055847612,-9.61984006010195
"CCDC148",-11.6217227173628,-10.7691583502201,-11.3947981201108,-11.3173475258564,-21.4340890764397,-22.2277400132817
"CCDC160",-12.7630841766208,-20.8765224436293,-10.1101210618539,-10.7262157057215,-10.8215812483959,-22.9428688530349
"CCDC186",-20.414887004713,-10.7953690640019,-10.277268245681,-10.8017065353915,-9.90865658124016,-10.2361489155746
"CCDC3",-9.59965325523532,-23.3218562848796,-20.9126237426187,-12.9728598115276,-22.2426737013063,-22.8188112507616
"CCDC50",-8.68852185493458,-10.7562702257729,-9.01134192813703,-9.64807394278708,-9.67175371903967,-12.8517447855809
"CCDC66",-18.9808093564943,-10.5445598732468,-21.0965427136665,-11.3962796221849,-19.9572524247362,-10.7887356168236
"CCDC7",-20.6218123283323,-10.5064354151369,-9.4666924341513,-9.95340803635456,-10.0568175521378,-10.718714870609
"CCDC91",-8.55959309042852,-9.18542454071173,-8.76611053020923,-9.19064821116353,-8.50613593840022,-9.70140351510663
"CCK",-18.6733872259852,-21.7586927493953,-20.1942979354341,-21.707624059163,-21.34899626741,-9.82669432752019
"CCN1",-7.73654543740438,-10.7874750009474,-10.2597909644252,-21.4212509624655,-20.9502194507974,-21.6907051002012
"CCN2",-8.04969903815374,-10.9676625635841,-11.1925643302552,-20.6059883857359,-20.8099779484895,-11.4179621231816
"CCND1",-10.0736200366581,-21.2498347720858,-9.61618643294632,-9.98878571044785,-10.4418879330943,-19.6804919905635
"CCND2",-9.72881103579882,-9.9831338989934,-11.2905149147427,-10.8140829066789,-12.5737620347938,-22.0790573121877
"CCNDBP1",-21.0987910168545,-10.5656078129151,-20.98682095911,-10.0569964090912,-21.6797432546308,-10.8299699030199
"CCNG2",-21.3857773279912,-20.7898204670111,-9.80587495626293,-10.6709438340036,-11.3502149346425,-10.2605423018027
"CCNH",-9.88599542949149,-11.7645294196554,-12.3779851557884,-10.8609645579971,-20.6859096169858,-10.6301234978393
"CCNT2",-9.5479748783064,-20.2803063076244,-10.6624654460701,-11.3274072226354,-20.4199895395858,-20.5523171033327
"CCT2",-15.9698917658961,-10.2725090705785,-10.1600642032814,-9.99486248926188,-19.622225201236,-8.72574739441744
"CD109",-12.535010213784,-21.916035953993,-12.1099534349941,-10.7571814634176,-9.88891404868393,-21.5613963314014
"CD14",-9.52405648383948,-21.8847604075055,-9.98892621861211,-10.7143350127769,-20.3173668016034,-11.1192504118031
"CD151",-8.59750750999232,-11.1745692882462,-9.46457676084367,-12.914040261,-11.2304328075755,-12.4591545950844
"CD164",-9.46454759842307,-8.75297679127143,-9.73488649861851,-9.36678026685159,-11.569332522734,-12.5062799534337
"CD200",-20.8273165760537,-11.4050746345786,-10.0806018401467,-10.8286539696073,-10.784656395804,-9.90045574000182
"CD24",-20.329492151782,-22.2285997428034,-11.2223302027178,-23.1310226031128,-10.1946263838139,-10.3977988831594
"CD276",-12.7056675511137,-10.801869222293,-12.0926631780353,-19.7900222354956,-21.0268020074764,-10.7134092366209
"CD2AP",-21.5638735787671,-22.0703701708078,-13.7140115853093,-10.6437855565031,-10.9058948533076,-21.8448079793321
"CD2BP2",-9.77015818111505,-10.5300972948365,-10.1886908199389,-10.3103850136879,-10.7291828858815,-10.2790264597935
"CD302",-8.92463498137678,-19.5412087786286,-10.3684488119099,-14.6141882874193,-11.8982517948011,-14.3662720052592
"CD320",-8.70978136071126,-17.7156217684413,-10.1062918377062,-10.1151597486768,-19.2060358384198,-9.4605201582456
"CD37",-10.2226236456384,-11.5507160931216,-11.6650299276386,-12.493189891845,-20.8379316434012,-13.3502455256949
"CD4",-20.9586307370538,-22.5261160128233,-10.3211883651264,-12.5659394516535,-13.2597358122734,-11.2929928973204
"CD44",-21.4355201255854,-21.7422750025132,-10.8542032801129,-10.1954454962944,-9.82965728420594,-12.5878307344188
"CD46",-8.57764295791412,-10.4047070903763,-9.92248299698828,-20.8459076146258,-10.0948903128987,-10.1764299473959
"CD47",-9.23638386592269,-8.57947831414143,-9.10969445187319,-9.72812122528404,-9.7278925507532,-8.77467153803953
"CD55",-10.4534830085078,-20.9701291024428,-9.96293984404211,-12.197958645792,-12.9082348935534,-10.0418550322585
"CD59",-7.99679641491389,-8.68272667044391,-8.53281830566173,-8.0239528729661,-8.04858781024125,-9.19526674981786
"CD63",-8.10150868172947,-8.59808732974672,-8.02295408211159,-7.92693157688761,-8.71568108131079,-10.7116354644244
"CD68",-11.9142815123213,-22.6633613767379,-10.8460948432365,-11.820295062015,-16.5203724397714,-14.2813489108761
"CD81",-7.60942621246605,-7.67974023655149,-6.98891128735037,-6.32064421715166,-6.83996240685358,-8.37213994387203
"CD82",-9.76868125327902,-9.5744304374049,-9.39576908900904,-9.42983710801404,-11.3372365909492,-18.3622157432217
"CD84",-10.1691811188904,-11.8995930074829,-10.3375263706686,-11.7444473217011,-12.0065046768888,-12.515692190838
"CD9",-8.86192499841848,-8.13460900912283,-9.79940615900908,-9.71171113514724,-11.3544988323747,-11.7611899952218
"CD99",-19.4260966579228,-19.7519420067659,-8.40768868432512,-8.545513722913,-7.96686850865585,-18.8033852372461
"CD99L2",-20.4284318560806,-9.0176141347631,-8.89479354553199,-20.5211648436568,-19.4667316304888,-8.66823300876941
"CDC14B",-12.4674581599071,-10.9392383948893,-10.6811820541312,-10.9977662902742,-11.5294689445985,-18.6818377638524
"CDC25B",-20.6257044408843,-22.8505097359393,-10.0676215406716,-10.9977828079073,-10.0847875256365,-21.9205326064064
"CDC42EP1",-19.9705024638291,-8.67384122634605,-10.869459808412,-12.3435616811414,-10.0904893720683,-10.6393384139319
"CDC42SE1",-9.50083971813229,-9.97852816591403,-10.3548755817648,-20.1933788253175,-20.8744843720167,-10.1881864981009
"CDH2",-9.22794780738537,-12.6732499271149,-8.93113733743077,-8.83931000280785,-10.0613373715981,-19.467337009609
"CDH20",-20.6592894305068,-9.5907592998129,-9.87510361941428,-9.06754190387672,-9.31670114000971,-12.2322320271856
"CDH6",-8.61134684548537,-12.318246553579,-21.3130386471295,-12.0148359431887,-20.2662978237183,-9.7381806065979
"CDK14",-9.00107960464787,-10.9116962876088,-11.3870536706747,-11.0969549839521,-20.4858346358222,-8.91364842154112
"CDK5R2",-10.9071134817428,-21.7963888981691,-20.9903825588042,-22.0508002049979,-19.365212219413,-9.36103837952784
"CDK5RAP3",-20.1507701808978,-10.8806681876124,-10.0724157321093,-10.2470669058038,-9.91044261404369,-17.3651097280955
"CDK6",-22.0104044272904,-10.0715899530272,-20.9584063608353,-12.0039671559919,-21.087365743221,-21.8824945595763
"CDKN1A",-8.97144308556767,-22.7054240426899,-21.3627655612802,-12.0875873223511,-10.2581263551119,-10.8605648564443
"CDKN1B",-10.1507629980208,-8.5746874005762,-9.26675904214942,-9.82548585903768,-10.20534003841,-10.6902966315494
"CDKN1C",-9.08934403598233,-7.57671119611318,-8.44194660968341,-10.3144267381849,-9.39325591338189,-11.8092977236401
"CDKN2AIP",-10.3528231989031,-18.1381602245873,-21.2181129436197,-10.6013339553349,-9.65400834957238,-21.0604172451661
"CDO1",-19.861066212278,-10.2646963882606,-22.0106315193253,-12.6585340272588,-11.8658782243477,-10.8016176900733
"CEBPB",-9.93968178393012,-21.6791502671307,-9.64831333882196,-10.4708292531303,-8.94829522853709,-11.3285530662095
"CEBPD",-9.49505486439272,-21.3764383596903,-10.5209535276159,-10.6706094646307,-12.3085910024626,-10.6869293706986
"CELF4",-10.626761375511,-9.23017521002658,-7.84291238520254,-17.9766903236183,-8.80888524325279,-6.44508265076258
"CEP126",-11.6622095146707,-10.7857997163916,-10.2991572086725,-10.9530691621712,-9.13216321078719,-8.48725504097145
"CEP295",-14.6678024375968,-11.5498014093759,-10.5858615972973,-11.305575334014,-20.3298691080091,-22.1259932833431
"CEP44",-20.9616303846855,-11.2238694355414,-13.273424841496,-11.4579932122347,-22.1342890990773,-20.6450732963307
"CEP68",-9.8561805185608,-11.2628101209599,-10.1634293437558,-10.8990800897505,-10.3048643934717,-11.4865535144782
"CEP78",-11.0580350565726,-9.93629065176049,-10.734286245143,-10.9076216086478,-9.73736639483525,-12.0761248569595
"CERT1",-11.0779033754634,-9.97983873509173,-10.1189136509843,-9.73437670187939,-10.6973957171081,-8.60354883782979
"CFAP36",-9.24188836686463,-10.097748422082,-9.80755529965099,-10.0886547982541,-10.1241479108727,-10.174027951575
"CFAP97",-9.96290895477924,-9.49803205892702,-10.6760913937047,-10.0244594646597,-9.23227804468187,-10.3760622629777
"CFH",-8.63512870897922,-22.1144485116762,-10.3923781151662,-11.3870678750892,-21.2919536238401,-22.257761423255
"CHD6",-10.5838144498104,-9.4328807079249,-9.28208160182326,-10.150776081086,-9.66850833029755,-9.40916334904477
"CHD7",-8.72366882400471,-9.54737548151601,-10.2196849259904,-10.7426766743109,-11.2984336414883,-20.7114975489255
"CHGA",-20.632747746216,-10.6789238624227,-20.3767339869649,-21.0153855881713,-20.4215316631575,-8.63816004556698
"CHGB",-12.6105741464178,-16.8465872768737,-10.8343269356622,-10.435570844853,-9.63833034509086,-9.83327461744642
"CHI3L1",-10.4698698778776,-12.1444639538678,-9.14932318642735,-8.67624730726675,-9.36530885227593,-21.3782142805568
"CHI3L2",-20.1075176574844,-23.0152462672486,-22.3132699372787,-12.5392603659125,-22.9385656416883,-13.8061826381776
"CHIC1",-20.1484435727924,-11.4320385215569,-21.0991441643607,-10.1999084486659,-20.2725674464398,-10.1096610857089
"CHMP3",-8.76456255652721,-9.48588776979677,-8.62013753956687,-9.34451920610746,-10.2701361017899,-8.94993697595547
"CHN1",-9.2349915499742,-9.25381232158793,-9.1082583469806,-9.32034922044994,-8.73682874560538,-7.64042509072392
"CHRNA4",-10.9923298834658,-11.3695549195451,-10.494100416439,-11.8807565536397,-11.6908357402992,-8.70206742701683
"CHST2",-9.75982904896134,-10.5011278257983,-21.4469528268051,-13.3742695035959,-17.167107362985,-12.134297218659
"CHSY1",-17.7252738617548,-11.4597702243973,-10.440811982137,-12.5872257648202,-11.6880466238133,-23.2653330024572
"CHTOP",-19.0577423272138,-10.1437579989836,-20.7233496350577,-9.78859027790298,-9.06533194810205,-18.8776602558733
"CIRSR",-9.55135866036723,-11.0912346506757,-9.40551679817954,-9.51189424913784,-9.22331679471027,-9.79544867263541
"CKAP4",-11.5448934540922,-21.4795885867722,-20.2286576282579,-9.83179671815819,-10.2567543659475,-9.97296308348116
"CKB",-7.65370062631239,-7.76763593863465,-6.88781123124759,-6.56077797594167,-7.03627669983239,-6.68273473881207
"CLASP2",-20.9977707809975,-8.26930068176176,-8.71578216600253,-9.82952557524324,-10.2382965854043,-8.92299611516037
"CLCN4",-18.9889013779537,-9.11006608526091,-9.7598831946706,-10.1042104428041,-9.3468526046996,-8.86267434022274
"CLEC2L",-20.4849641985701,-19.5400968818052,-10.7235983155377,-20.9495164112166,-11.8116746236909,-9.88254552188792
"CLIC1",-9.18591137445685,-21.897793453915,-10.7379220931201,-11.8405987995418,-21.0478457393612,-22.3724974447378
"CLIC4",-7.7146791138355,-8.28254798715102,-9.10187793770361,-9.47461586544015,-8.37470691852237,-20.0467735622716
"CLMN",-21.7607958266682,-9.62559716914672,-21.3791643626362,-11.5020765122635,-10.9783264735989,-21.8090912822348
"CLSTN2",-20.7373411716725,-13.4862636595007,-9.0295208884903,-22.125357299388,-11.5758885747234,-9.22157281800048
"CLSTN3",-20.3726740793784,-21.8266847295503,-12.2939524921089,-21.7262229083194,-19.5437277931177,-8.57319929525773
"CMTM3",-11.1259265694666,-11.0990918873734,-21.3524101627096,-13.6954791992316,-18.1131327951769,-16.7306916563101
"CMTM4",-18.77246840838,-9.59174361284167,-9.04413349897474,-9.40117502990115,-8.86555136516749,-9.68067651965941
"CMTM5",-21.341997591534,-8.83997435427468,-11.0247764408027,-22.4568996465356,-12.3897234240822,-22.058909472545
"CNKSR2",-21.1649967807383,-9.88960561410155,-9.60497795203491,-20.2360983386981,-8.99625353035914,-9.47212083873604
"CNOT9",-10.761278696898,-10.2106672385169,-10.3316838907494,-11.4453788582301,-19.805100594178,-10.9945755389226
"CNPY3",-9.49091696999085,-9.74250907592631,-9.9844474071069,-12.8082217898182,-10.4501258041246,-10.9719240895299
"CNST",-21.2827052144899,-9.49546602117864,-10.8750345214411,-22.0483101180434,-12.1438258582839,-10.3758933065796
"CNTN1",-8.26962771768593,-9.8773630151773,-8.32678764558948,-8.37948235978068,-8.32017682237553,-7.41092249515705
"CNTN4",-10.4080903587216,-12.5840894726684,-10.6585596845738,-22.425785353064,-10.1132419362845,-9.74177219340569
"CNTNAP2",-9.57670735621132,-9.29366316575882,-9.36504911465563,-21.6238489279472,-10.0122717771781,-9.07994459681775
"COBLL1",-8.93160010233679,-11.0230805012264,-11.4926221211748,-12.982775333011,-11.0895697928638,-10.6741486535173
"COL11A1",-20.9787827328774,-13.4931591833019,-11.9656314236823,-12.3244216704149,-11.4289716477791,-9.74665035289922
"COL18A1",-8.83381695126539,-9.24949004704838,-10.2863154661896,-19.3707754404766,-20.12426154674,-20.525164699697
"COL1A2",-9.25307977518871,-10.6850353803262,-11.3622311575862,-21.0843449350494,-11.5300201233695,-22.7303419497416
"COL21A1",-22.3216226707987,-11.9785502664346,-22.1629686925281,-13.6831518351727,-11.0335224259409,-22.279015522777
"COL4A2",-9.21606702873458,-18.0258245828457,-10.3350160708777,-17.7828069639401,-18.1083688576501,-17.8256854503154
"COL5A3",-9.64417757489341,-15.4720591283447,-22.0621670354349,-12.6461383043378,-21.1506175710923,-11.6640781411061
"COL6A2",-10.1535331955142,-11.7532929066343,-10.371836136454,-22.672678050293,-21.2794141754709,-21.7363058810778
"COLEC12",-8.79819315343039,-20.3264724191149,-9.54477945763586,-9.89786016665387,-9.10985931049329,-22.2132408778872
"COLGALT2",-10.8163325162026,-10.7200967244585,-9.79150107675644,-10.0975765392672,-20.60398443551,-14.4253005720921
"CORO1A",-9.58962253164341,-22.7608637937725,-22.0793974874345,-22.0694225262059,-11.8702089496094,-10.9156803451176
"CORO1C",-9.06055942657388,-21.4449307237417,-19.9612092475881,-10.9737741072394,-20.1101098487436,-11.9176179038828
"CP",-9.14234827205733,-22.0899214424621,-10.9935630068293,-11.1692057318128,-14.4135565575462,-21.8885622915906
"CPB2-AS1",-11.3211595692449,-10.570253249991,-14.8096486597198,-11.0406616284005,-21.5742299986888,-11.0002218941385
"CPD",-12.5084728531221,-9.54093315729539,-10.3065694932841,-9.6826551008153,-12.7183342119165,-10.4293182379116
"CPEB2",-20.5036436628925,-9.60768269301435,-9.46366133677501,-10.9099008834321,-10.6996803954641,-9.94293545672098
"CPEB4",-7.85283716629049,-9.05771729469256,-9.39368274862958,-10.3372058362747,-8.49591721865652,-8.85755440606204
"CPLX2",-8.69472613774519,-11.1442382966077,-9.21742953026556,-10.5903088729589,-18.7111399325305,-7.18869721008335
"CPM",-19.8783987082866,-9.01628497847001,-10.5468056931404,-21.1081917813688,-19.4846553777607,-18.6282842404109
"CPNE1",-9.88891285984945,-12.3741458068839,-10.1516112937697,-11.0336058892619,-9.69448025256646,-10.6404618317312
"CPNE2",-10.7787645724296,-10.8602017519506,-10.0830115334754,-10.8011559532072,-9.78885031671009,-11.8951911517053
"CPNE3",-8.82048538502789,-10.530332389705,-9.32561516071066,-8.87057694343893,-9.91771334332858,-12.2905222987788
"CPSF7",-20.1512839570134,-10.219414979101,-11.8933273841773,-11.2431044914843,-9.72657478304938,-22.1168732207557
"CPVL",-11.3244391132307,-11.4705254907655,-9.75477449706436,-20.4428782733818,-22.0127771007598,-11.8416146958025
"CRBN",-9.86690393681691,-9.41039064765556,-9.71297658640307,-18.3882291706867,-9.29516276368755,-9.42258994919354
"CREB1",-20.772254428984,-10.7824735769868,-11.2877275486417,-10.7427407823483,-10.8475310162921,-21.3583562625144
"CREB5",-13.7915856425472,-9.57300476854297,-10.7230184786522,-12.4093741754062,-11.0694546762193,-11.5990860205856
"CREG1",-20.4507114235203,-11.4429242653263,-9.73563346935885,-9.4774773532007,-11.2754173207801,-9.74954077299343
"CREM",-9.06781463231577,-12.2272459976152,-10.6589569607878,-21.9963238844931,-10.6772967789827,-10.6184214645502
"CRIP2",-8.39065186704532,-10.3814860936563,-8.82745792378643,-9.49118443825966,-8.70369419912486,-9.74863343527216
"CRTAP",-8.11567797716018,-9.87446094534765,-11.8527999707996,-10.3689723959414,-9.82310926898537,-10.6267531075372
"CRYBG3",-10.3098915707126,-10.538232403721,-10.7655900759568,-12.0684897221023,-12.6903725758982,-22.0388692224338
"CSF1R",-10.0832350800225,-21.5229899218374,-11.1664551182733,-10.8194984361088,-21.174204249308,-12.3885982407274
"CSGALNACT1",-10.2388440195392,-10.8607497507769,-9.6268731326216,-10.3915689275893,-10.4186848523436,-20.7981494991902
"CSMD1",-20.5726498864607,-11.0286058394687,-10.2572552014902,-20.1985077223571,-9.98282873310351,-11.0506557166597
"CSMD2",-9.95256012133932,-12.4925191914413,-10.2461691194672,-19.4768155948384,-21.0429043958447,-9.60495304515874
"CTDSPL",-20.3787493071269,-22.0769751750506,-10.9789193384107,-11.0800110766217,-9.35454845058526,-21.2825930546103
"CTNNA2",-9.37250949169041,-20.283713448876,-10.012704460566,-9.42776299258596,-9.04985918014203,-9.9199469097968
"CTNNAL1",-10.3392645789285,-21.7438036232169,-10.1976101447707,-10.9319880063728,-13.3692520126139,-21.1103017630359
"CTNND2",-8.51177051491431,-9.45501475287986,-7.69617942726383,-7.68002252096772,-9.01668745266624,-7.951778670487
"CTSA",-19.7998063265902,-14.1702306717149,-9.22461384986683,-9.37352683066678,-13.2016001974627,-10.5295805809449
"CTSB",-8.16422264348303,-12.168243896778,-8.08702993133056,-8.41258165417521,-7.90110064504109,-7.51911853862385
"CTSC",-10.0894467063057,-22.2429090700659,-11.1760213741182,-11.4559013318233,-21.2189399717932,-10.7161550222941
"CTSS",-19.7765158540438,-19.2725877868829,-9.86565405633313,-10.0854691694093,-11.0501203635715,-12.6433017551678
"CTSZ",-20.8005538814474,-11.2640449976421,-10.0664557582646,-11.0926867726648,-19.6699899608562,-10.923995100414
"CTTN",-9.6683321886301,-10.3582689970801,-9.22669848864619,-9.6066121385935,-10.5820628120158,-11.1682069478252
"CTTNBP2NL",-19.5397661837222,-19.3142960930413,-10.7636411925477,-10.5439392534181,-9.32878130111204,-11.2299608787098
"CUL1",-20.4006850369618,-19.7766755853257,-21.318467208481,-10.3020001120075,-10.8636807355548,-9.56899076676697
"CX3CL1",-9.41360259856175,-11.8166307996708,-10.4832284880835,-10.2769989401745,-9.89396684252882,-11.0311526373009
"CXADR",-12.1051518160661,-9.98125532504947,-9.8871731134614,-23.1932183639513,-21.3428386713209,-11.7411292082509
"CXCL12",-9.32299698125819,-19.8457822284828,-9.72923737645304,-9.77269407560439,-10.9040673526818,-20.8523560702231
"CXCL16",-20.618546504856,-20.1178474853644,-10.6576954444325,-10.5530780290398,-12.21642737711,-11.4548366110668
"CXCR4",-11.5701599624398,-10.9200927006927,-10.3222297868469,-11.1317488528397,-10.7250827190234,-21.8839557679803
"CXXC4",-9.27701810147361,-16.3655563302216,-9.64646320055959,-9.56060075503181,-9.62015157632432,-8.6397074974493
"CYBA",-8.78176880650202,-10.1097774363733,-9.43635340109607,-10.6638588116828,-19.771013296507,-19.6852094083645
"CYBB",-10.3797721688127,-18.0210978050288,-9.88031736709793,-17.5724801788677,-10.5858194399922,-16.012575699578
"CYFIP1",-9.84164736564558,-11.9879579130371,-10.918832622062,-9.54428387153363,-11.2193199868357,-21.7769984236692
"CYLD",-17.2700635054615,-12.9477095868808,-9.46523467675865,-10.1629214165771,-9.72039183591204,-9.58840848310624
"CYP1B1",-10.7052608058627,-13.6660387608323,-10.5011580199479,-12.876134967665,-21.406134710355,-12.3147612766124
"CYP27A1",-20.8929800028706,-9.15445435673673,-10.1655065174356,-10.9722697779305,-18.5070408012355,-10.1615044136099
"CYRIB",-19.9403121363896,-10.4398113565678,-9.23938720177153,-22.0752441446085,-9.60974332647767,-9.05170914933295
"DCBLD2",-10.663193089757,-22.1865030288823,-11.3377173126654,-18.9904015797742,-21.1162548705769,-11.1114019476089
"DCC",-20.7462392449702,-11.4564209011379,-10.248648740873,-12.9193325858383,-17.4236033474965,-9.46400145022285
"DCLK1",-8.56225773859057,-12.0461569223091,-9.37637857853684,-10.0281480520036,-8.83242195711312,-8.63270305620724
"DCLK2",-19.2167384144421,-16.0771544252374,-9.3682838309024,-9.43432449081247,-10.8590095731526,-10.352877439203
"DCN",-7.9895615341599,-11.5888637583955,-8.73296646855058,-10.715858095509,-21.2966405900288,-21.8471877312568
"DDAH1",-8.40719696946836,-14.5156585002839,-8.82315322835102,-7.84115451099117,-7.84711420788674,-8.81263474690615
"DDHD2",-17.336961377551,-9.7600385838103,-11.7932991327267,-10.0655064866595,-10.4327753486539,-9.37845424258322
"DDIT4",-18.7286466998552,-11.8352611901028,-9.83744819303948,-9.99889281929231,-9.27920017932553,-10.4477768996853
"DDR1",-17.7533542868823,-8.45465718730049,-8.92461815970434,-8.16406819090261,-8.44500446060544,-20.3390199499865
"DDR2",-9.56117925877499,-9.42777625307814,-9.55676142253433,-19.5667413175365,-10.8061912251672,-9.70404508598334
"DENND10",-19.6953609674112,-14.0174438259658,-11.456653933707,-10.022451113647,-21.3097463242972,-11.2266146900483
"DENND4A",-20.1900677037784,-9.51980463681423,-20.1882195482925,-10.7453735683308,-8.96305999387316,-10.2021851511436
"DGCR6",-19.5367179827872,-21.5840022859094,-18.4949539160604,-11.173870411414,-9.94453976525678,-9.99670934037069
"DGKB",-10.5460041013518,-11.5949894826947,-9.76000593689175,-10.8188216751151,-20.863806660328,-10.6052781262714
"DGKD",-20.9237991412881,-10.2865221465946,-21.2437980011549,-22.4354372254752,-21.8052817441257,-11.2234073178222
"DGKH",-9.53819867014348,-11.4108326430765,-11.3037383484826,-11.8767646026349,-20.9811987948379,-10.4567195911171
"DGKI",-20.5361325833737,-11.2543221383563,-10.8466353997977,-10.354557085847,-11.2662342836797,-10.5198265861805
"DHRS3",-10.0972196699069,-21.2489009210351,-10.4601044315848,-9.86320576548496,-9.4066643686192,-21.774491749446
"DHX57",-10.7231876437627,-10.4880846954703,-10.3767861757191,-20.6951052229767,-20.664733880355,-10.8392814794713
"DIP2A",-9.88879151598166,-9.16814464092069,-19.5579598515158,-10.5087670813496,-9.95027548959395,-21.6768923928933
"DIPK1A",-21.6574524828303,-10.5964791515705,-10.7985085981483,-10.8058455368494,-20.6363757808228,-10.5090250363247
"DIPK2A",-10.1313838739915,-20.2949262196898,-9.74968539573847,-11.0437255144979,-11.4287139296359,-11.3952350080563
"DKK3",-8.01647485535915,-18.9386072065923,-7.66993668604156,-7.18029375095249,-7.40124512971265,-6.97095274297376
"DLG5",-11.220018420106,-10.6336148076844,-10.0358070033468,-12.5305718036814,-20.1392654247874,-11.4797215056456
"DLGAP1",-20.9948194775928,-16.757564419471,-11.4182771754517,-12.4661309861716,-9.45692496513968,-10.847449599218
"DMTN",-19.5049212800533,-10.1180172049386,-11.4642909566109,-20.6597859925284,-10.7131755377905,-8.65930151100293
"DNAH5",-21.394464179134,-22.0169385551365,-22.9039625675131,-11.5707440009611,-21.859338244131,-12.6234292792307
"DNAJA4",-20.8954492368742,-10.3252266877821,-10.0264386210008,-10.6187816216123,-20.3345551532228,-8.5209872790936
"DNAJB9",-20.0965702979002,-11.2553716168105,-10.6148631313039,-11.1590262199474,-20.149511486745,-9.60064978405995
"DNAJC16",-10.9637387250006,-11.3532816559855,-21.4228147767532,-11.0258895648453,-20.8675632885947,-10.6689595661321
"DNAJC4",-10.13811349811,-9.93436436888991,-20.4762182507103,-11.0273868802951,-21.1407335854633,-10.7134962712305
"DNER",-18.0556939528924,-7.87038224954291,-8.32269289048186,-8.62581090633679,-11.6844234542761,-7.1276590977985
"DNM3",-10.231803714955,-9.29701930255231,-11.2629717371453,-10.2075057401615,-13.9457234408121,-8.76023840632808
"DNTTIP2",-10.1669686958711,-10.1099186843009,-21.0787581275862,-10.1784786049618,-10.7695040863382,-10.2450140599156
"DOCK4",-10.7135680129458,-10.7223731640089,-9.62273816921351,-9.63494813155248,-9.61145500850632,-19.5806613521196
"DOCK9",-9.90672323930599,-9.98628570667112,-9.96108045365788,-10.8137705270038,-9.2612276890574,-10.1957115393013
"DOK6",-18.8430551831791,-21.405925751293,-10.5919414740196,-9.40374528618542,-15.7984188586446,-8.9525910013448
"DPP10",-11.6374694459461,-21.5693326181222,-11.8803952301874,-12.2554932100617,-10.9856275242886,-10.4647893530778
"DRC8",-10.2395612674495,-10.9975748330594,-21.2778227342118,-12.6666497888434,-10.0228164236828,-10.6493476816628
"DSCAM",-20.761541874567,-11.1378851966369,-11.0724321684698,-21.8994053644694,-14.3110925585235,-10.6358661624595
"DSEL",-10.6471134866415,-9.81953747072064,-9.51731545464206,-21.6515014345911,-11.6629176581961,-9.47243073321987
"DSTN",-8.11525634492568,-7.89363437260174,-8.31121723848684,-8.34031389650899,-9.11963140963093,-8.16753800071046
"DTNB",-9.30488424549038,-10.125340777995,-9.88040931831683,-20.1669056426115,-20.737939353043,-10.5713905529654
"DUSP1",-8.04967221392492,-21.6114286745069,-10.6615421134016,-10.4996454850983,-9.68102581042758,-20.8912443576752
"DUSP16",-20.1616273744984,-10.1446648642081,-10.0652345719314,-11.16632910585,-21.9370277659447,-12.6422610041194
"DUSP3",-19.8908476427202,-10.9904325108015,-10.08733726949,-9.90147291784056,-12.511718195063,-9.28959683587341
"DUSP6",-9.60437447472138,-18.0629345486751,-10.8090797127468,-12.5323239013244,-10.3110868644308,-12.2608988062124
"DYNC2H1",-10.2212686907528,-22.0665949046487,-10.7722419785531,-10.9199681376653,-9.92016741654183,-10.977782456346
"DYNLL2",-8.14686851417529,-8.83333745855912,-8.7716959023896,-9.24326520249721,-8.14815199729223,-7.40908620386392
"DYNLT1",-21.1864033064626,-10.8836067248029,-10.2296972676286,-11.7856905503783,-20.5875763975227,-12.1660378658253
"DYSF",-12.7879591857034,-10.7125372757859,-11.153642455088,-20.8140732155586,-9.59324384108564,-10.7961551535131
"DZIP3",-9.11002255934595,-9.99828838069036,-10.7665822010149,-10.3604655730014,-19.200891920639,-8.92076966911875
"E2F3",-20.6062427444549,-11.7734427606416,-14.3508163769693,-11.8656226699506,-20.7023260661834,-10.7369917539595
"EAF1",-19.1828827878953,-10.9086343990095,-10.6113677013165,-21.2695136036142,-9.98021565631511,-9.75339073813356
"EBF1",-8.74699192910649,-22.5038879975919,-12.10600481773,-19.9209323919084,-20.0999811485829,-10.3049590864372
"EBF4",-23.0330631749218,-11.8275517389809,-11.8995836275538,-22.9804765892174,-22.2011530300835,-23.6855556075376
"ECE1",-8.80545137026635,-20.7803099023511,-11.0930632781521,-11.5597984614653,-9.79673790664404,-21.405648118306
"ECHDC2",-10.6181999184973,-22.8058838234185,-10.8003165686748,-11.4736450077745,-22.1023632662849,-22.960859657787
"EDEM3",-16.5994369552251,-11.6425586279298,-10.9394070837187,-10.2107620916901,-13.1838354909914,-10.6505806531846
"EEF1A2",-20.30500900073,-9.32821216570925,-19.8124316798936,-21.3385542061335,-12.1659651217803,-7.82510627397118
"EEF1B2",-7.85614939700454,-8.28528562172163,-8.13821036465065,-8.69159754377828,-8.65244032138424,-20.3437157641397
"EEIG1",-20.1859206369772,-9.321707549437,-9.13571069220911,-10.5757055852369,-9.94186547394188,-12.4343757433749
"EEPD1",-21.1029142509508,-22.0232732058071,-11.077948657251,-11.6133655108827,-21.9144196041264,-12.194668626954
"EFEMP1",-8.13911635073567,-19.9156812809109,-11.6772573297128,-7.91315846883433,-7.86921492384318,-20.9695021330165
"EFHD2",-10.2097222275237,-21.3317849431806,-10.6755014463501,-11.4359048649383,-20.5135561919863,-9.6352780469218
"EFNA5",-21.4038794346532,-11.4306294434827,-22.6981501737925,-23.4377152119976,-11.5087211634415,-11.0945992193409
"EFNB2",-19.8813154056082,-10.5208228343401,-11.0110168266758,-10.0763226132958,-9.92864563329255,-20.8520695506903
"EGFL7",-7.65663728874259,-20.501011541228,-10.2170426926068,-20.190111749665,-11.0043425003422,-8.73079206996053
"EGLN3",-21.2566340807852,-9.62315322367022,-12.4586008134064,-9.92083029271078,-9.39238237322899,-19.3038382313336
"EGR1",-8.10638574761155,-10.2833760691811,-9.24493827700828,-20.1230329641587,-10.9147375064802,-11.5203065952066
"EHD1",-9.60708587371778,-10.3194459893713,-19.4611018004019,-9.60925475651069,-10.2126266979514,-9.6334336167962
"EHD3",-9.94628820294592,-12.6359380962882,-10.4974421983939,-19.6571743315442,-20.0957200421991,-9.34625103982562
"EHD4",-20.400730385714,-11.5931029934577,-21.7581064310154,-10.9196566925212,-21.0982000049235,-22.9866687742907
"EIF2AK2",-9.07196281775832,-10.7742876538657,-9.42961455889339,-9.86068167041859,-9.62514592589427,-8.96781250441549
"EIF2AK3",-11.4026201988672,-9.7753712398906,-10.943699600394,-21.6743906371292,-20.7380906223727,-20.2338968501898
"EIF4E3",-19.9620498498914,-11.0113387018188,-10.0251804737593,-10.5315526944358,-10.8372009237175,-9.53308239288244
"ELAPOR1",-19.8755536071526,-10.0407127347292,-20.7445881778707,-13.7472013186514,-12.2652308917166,-12.7511548811936
"ELAVL2",-10.0927559910449,-10.1613449348555,-8.68489965221843,-18.6766641390465,-10.217623943467,-7.22316109331982
"ELAVL4",-18.818474169527,-17.7951152065693,-9.34780836803041,-10.3844224856109,-9.72246627648184,-7.31871379323348
"ELFN1",-12.6091859214186,-21.2578848447887,-10.2555447645253,-21.5773759164462,-21.1394705569355,-9.93994593852298
"ELK3",-10.3445524708009,-21.5816824799681,-22.3774845457843,-11.3926770245903,-11.2182835456975,-23.0235490556204
"ELL2",-21.1583516385817,-9.42820625920639,-16.995144536823,-10.1141728932493,-9.65134953991882,-20.9173624253147
"ELMO1",-10.9006128244417,-9.36178681844086,-9.36219642645921,-11.607525214513,-20.2755179969618,-9.74582765363373
"ELOVL5",-10.2668508812049,-8.70886278895015,-8.36437235168317,-9.63158326685355,-8.60108833144641,-8.84184352864699
"ELOVL6",-9.63900196617817,-13.7983789153441,-20.2277836019475,-22.4168234661229,-10.1013311273819,-10.2455555427197
"ELOVL7",-8.62599387504307,-10.2028245058966,-10.4263185270758,-22.0698384597347,-10.7522644541346,-10.8615293829086
"EMB",-19.8372952669032,-22.8168010993908,-22.4776196081856,-13.6072714500517,-11.7568190547177,-11.4534731987663
"EMCN",-9.48428595105422,-21.5622847826891,-10.0671416846114,-16.3758357682086,-12.6305931432449,-12.237881897256
"EMD",-20.3909565386524,-10.8372342160531,-11.145891954663,-20.6809262391907,-19.8914259208547,-9.73297227545546
"EMILIN2",-21.7349585926563,-10.5378946306646,-10.4884309773938,-22.9875102879785,-21.5004432729501,-23.0960422188351
"EMP1",-19.9428962026454,-19.1956723198197,-11.3147329921857,-9.74348876422801,-10.4838209400582,-10.2112448126415
"ENC1",-9.51065066683026,-20.2491705233885,-13.6806557461386,-11.4576727229659,-20.536069698546,-12.1676983275523
"ENDOD1",-19.1362024116215,-8.36534697090067,-10.0139879029685,-9.32335464859632,-10.4941285864163,-9.94586218273665
"ENG",-7.23090827237267,-14.3760839853945,-9.75587843630215,-9.92838004381342,-18.1680521541045,-20.8784427088028
"ENKUR",-10.6714405896137,-22.7207398044666,-20.3337575457997,-10.7423460187569,-11.281883221209,-14.6720828555496
"ENO2",-8.64835356210095,-10.0325379486306,-9.41243603657435,-12.3343306737236,-10.9905307871492,-7.85245735824398
"ENOSF1",-20.9805439934993,-11.6788620727097,-21.0462660084527,-10.3540604829161,-11.4856100850896,-20.4633613558143
"ENPP5",-9.74445221499635,-21.0067846370718,-9.27863435070682,-9.215638681586,-10.2529479271082,-9.98423557937024
"ENTPD2",-19.6811711981684,-16.0644066688006,-10.572668163787,-9.7332883796803,-10.084648138011,-12.9516344292366
"ENTPD5",-10.7097826966669,-10.7146834746823,-11.7249322853327,-13.2380745874443,-21.4383823428743,-11.3386194742752
"ENTPD6",-10.6754774678522,-19.908721435015,-13.4286217688714,-10.9328905642544,-20.1088049984845,-8.85954397914593
"ENTREP1",-17.6578173624589,-15.2908036675439,-10.0272255927509,-9.22605503312231,-18.0332080969475,-17.9791750159502
"EP300",-9.76588746667538,-10.0944165771759,-9.77062641664117,-9.85442532593055,-9.3617583307795,-10.4978747076219
"EPB41",-18.2766972732155,-9.95962228065487,-14.2067523543281,-13.8814795557898,-20.7463531968649,-9.86873997739662
"EPB41L3",-9.60868014594808,-8.27199403729862,-8.39393028728373,-20.6043979571299,-19.2455068524532,-8.71707468238324
"EPC2",-11.3091260563878,-12.180520333989,-21.0347207741131,-11.4319685825416,-10.1227337412197,-21.4249719515595
"EPCIP",-21.9338133901877,-20.3030423628308,-11.5912771942029,-10.8078776176632,-12.7062645355315,-11.477883414401
"EPDR1",-19.5905116563319,-18.9036264917279,-10.6599686944627,-21.6108368530773,-10.5858896072925,-8.12513888916573
"EPHA5",-21.6286779056385,-22.3820445284316,-10.7931891218221,-22.6229298028817,-21.1513615431383,-9.63855513046563
"EPHB1",-20.4822966356076,-20.9703992671456,-11.2684030717729,-13.5968778832576,-11.1438217665338,-9.97454937390819
"EPHB2",-20.3493108022896,-11.0460667274463,-9.87889071027872,-21.4357127578136,-20.7317339992304,-10.4456109901736
"EPHB6",-17.1179401733195,-21.2616243589268,-20.78256203403,-11.224907589516,-11.3897503341102,-10.4690385625205
"EPHX1",-8.29506748125545,-9.41200397763966,-8.57181975396698,-8.32172818941789,-8.50232143978098,-10.0132849029577
"EPHX2",-20.5887580453592,-10.3491744725987,-10.8534820908027,-20.7921006824362,-10.9900629603287,-10.6410315870078
"ERBB2",-18.3243710137601,-20.630905831002,-10.2459597530835,-10.2038839127607,-9.75840462672646,-11.0391935495944
"ERBB4",-11.4918564367489,-9.96927269329755,-9.46575952835425,-9.97448241357644,-9.74460993731845,-10.2255074848969
"ERBIN",-8.65492529557655,-7.94993897894827,-8.21867638498464,-8.17733113395529,-8.18502107695711,-20.0435406391389
"ERC2",-9.6751381047245,-10.4705256832347,-10.7443192650684,-10.5739185159895,-20.7512580400351,-9.78663036505376
"ERLIN1",-17.5080608687976,-21.6500069648469,-11.0763987274971,-10.7391215507222,-9.75555541620119,-12.655474342655
"ESRRG",-21.6620636713944,-12.5747199122447,-20.935671542414,-10.604019887205,-20.1587745014451,-11.0494962914952
"ESYT2",-8.76841282990085,-9.84242355409286,-20.6794953175166,-11.4946206339545,-10.9461239266319,-9.80643460243037
"ETFB",-9.05850202569175,-8.67246045213917,-9.1530296468715,-9.41934445665751,-9.09595412361652,-10.08875730487
"ETNPPL",-17.5597852935541,-10.6590186114662,-8.31842882146638,-7.86635462571819,-8.67409309043223,-10.5364599155365
"ETS1",-10.0101293434901,-20.1579875977673,-10.0585318578236,-10.4577141217082,-20.9770380241604,-21.2227597230078
"ETS2",-8.89590835827242,-11.4269469446994,-11.5871295015089,-21.114189078103,-11.3577109886434,-10.3854166243291
"ETV3",-19.297387394754,-20.299501448895,-10.7459111814505,-10.9357494034236,-20.9117357780579,-12.4231287922346
"ETV5",-10.9577468204431,-10.4703904121061,-9.98379708976644,-11.0300293213805,-11.4061129785715,-10.3481264448932
"EXOC4",-10.2567218651877,-9.94757157065557,-11.5352609514083,-10.586939971997,-10.1615292072021,-10.1265143449671
"EXTL3",-9.87192290936335,-11.3903642303369,-19.5744984568564,-18.8523890765316,-10.2192798924864,-9.42884278877956
"F3",-20.2858454410923,-20.9302634249376,-9.32778194088938,-8.72733996754389,-8.66404121870316,-10.5154241711588
"FAIM2",-16.542428704727,-8.38974690343368,-8.81381143874125,-18.5323625856113,-9.3844970698032,-7.52841437564651
"FAM107B",-10.9785129035038,-8.20304816373837,-9.0345646569221,-11.4121056609505,-10.2106239131643,-22.0432180604952
"FAM120AOS",-9.78479471516169,-10.4189810734041,-20.7767813525161,-11.3400991752343,-9.66723084159826,-9.76929284185596
"FAM13A",-10.7272809834163,-18.5381079305514,-10.0146167329015,-11.4623229284131,-10.9942240302196,-10.5294919458914
"FAM169A",-20.1696933644961,-8.99772301208997,-9.78279122219175,-20.6511806119594,-9.47029893840943,-9.60352325955165
"FAM184A",-20.6946544086348,-11.3278854895771,-10.524962775357,-20.8393111463968,-10.8399521918006,-10.4631169249302
"FAM222B",-11.1471691637305,-9.76419301846721,-21.1878036481801,-12.9209613913593,-21.1934744511255,-20.6541567456779
"FAM234B",-11.4035218003338,-19.7716673502627,-9.71833610575746,-10.8195056501961,-20.2484402049148,-9.51605267964031
"FAM241B",-20.7139938590723,-21.3355397571761,-11.3993254392388,-21.3562553904436,-20.7077625941142,-9.405817329803
"FAM89A",-9.14132076352133,-10.6935174065842,-9.66289213206783,-9.93093854402569,-11.5512721217824,-11.8926174245269
"FAT3",-9.37667570802225,-10.7730847612787,-20.1414690411817,-9.33413956061925,-8.66795487818468,-9.8837184841561
"FAXDC2",-9.13357672735518,-8.77617300010733,-9.91771067313001,-10.0265141389126,-9.26696278794631,-21.4305075003631
"FBLL1",-14.1751315740278,-20.8052571473334,-20.7015215866841,-20.0130627300918,-10.676194513727,-8.50692247523502
"FBLN1",-20.0833477258625,-22.5730168329244,-10.7483933757521,-10.4148696035286,-11.2282537509936,-22.7012526653101
"FBXO3",-20.2355766130087,-12.5545917661923,-10.4971516546855,-10.0832707203926,-9.97236096075535,-9.25464388117801
"FBXO32",-9.94602669351719,-8.74598188623282,-9.81699528413865,-11.6874317928627,-19.542186460725,-11.8678284965292
"FCER1G",-11.2708249709235,-22.7357274969248,-10.097952050706,-22.4898622646401,-21.4906822083372,-10.9701813213265
"FCGBP",-9.43026227969389,-11.3031920358157,-10.3964522064274,-11.4386015429158,-19.0203810036678,-10.9157298545801
"FER",-20.2253415057178,-10.7045343664222,-9.57882160218751,-10.2795874738333,-10.4051594963569,-19.7509169711422
"FEZ1",-18.0645838162845,-6.8408311291921,-8.04086064203728,-8.31826574950836,-9.10137702684758,-8.89216000128635
"FGF12",-18.7312985376076,-9.89905690689586,-9.0868580230075,-10.3605693504369,-19.868980073993,-8.33569320868776
"FGF13",-11.0054388930196,-21.4632468411119,-10.616708361907,-21.4959332940963,-9.01592646669164,-9.01037114067719
"FGF14",-20.2389457653442,-12.1506594884944,-10.9931339953033,-12.4508630857984,-9.97774177194781,-10.1616627117301
"FGF2",-19.8892630929789,-9.76836190889837,-9.55902574232998,-8.68794047393597,-10.0102464740563,-20.021714875055
"FGFR1",-19.0281971685411,-9.94319749647595,-9.02773031938784,-10.1255908444229,-9.759120496804,-9.37932428443497
"FGFR2",-20.1715351344943,-7.59131289519533,-8.40949868137466,-11.5746084211308,-20.1351518617514,-21.3130481412622
"FGFR3",-9.23238451744347,-9.71080464524968,-7.85819926261289,-7.29847778496737,-7.53311771891364,-10.262896497543
"FHIT",-20.4076373726524,-11.2209485667805,-21.1318462813066,-22.370351941013,-9.92055164924032,-22.2395574519842
"FHL1",-9.69638843833768,-12.3572359149521,-9.60989311604074,-8.53669608838581,-9.10502377050056,-8.84278895920616
"FKBP10",-9.23627375858991,-10.8877736888253,-12.395694351496,-11.85918623304,-10.4308536525329,-18.3063113301079
"FKBP1B",-21.3031067676086,-12.9547852084183,-20.0200275279572,-20.1338719933816,-21.0880387064227,-9.87168379320105
"FLOT1",-9.53107433302152,-10.7228585703709,-8.39519283028152,-9.84051831164619,-9.59850458143289,-9.32502485981777
"FLRT2",-11.6935098261553,-10.6860883830331,-9.42961318781458,-10.0332857487589,-9.13012437741887,-9.43534988896879
"FMN2",-12.6276400793782,-9.6575030068648,-10.9426240819201,-9.17987755367093,-10.2895592903383,-12.6546324541582
"FMNL2",-10.5043259640092,-7.24811880896963,-8.14424261562622,-8.65798115669954,-7.9927042454358,-19.6307544494312
"FNBP1L",-20.3772391084539,-11.078933308972,-13.4766109487829,-9.51284096465274,-10.0234074200925,-20.7719754706606
"FNDC10",-17.1614532052446,-11.4088452186115,-9.45035976027685,-19.5197656691631,-20.389582501816,-9.66784010284595
"FNDC3B",-10.4357438526674,-19.4325151715539,-9.99231894281944,-10.9422601612081,-18.400208092761,-10.3838130166191
"FNIP2",-10.4353574150806,-11.2406748810121,-9.6730026801226,-10.0002062153616,-10.5426448085856,-13.5903498577869
"FOCAD",-10.3169804660511,-22.1930836668194,-13.1913990997558,-12.0444060348131,-21.7440876656488,-10.4998790446552
"FOSL2",-9.72330331353393,-11.5741756423896,-19.4555969054198,-11.1920640727364,-18.4995432658653,-20.6974059326203
"FOXP2",-19.663356688504,-12.9823017277294,-10.3729809168833,-17.9595212710134,-20.0002421416178,-10.335584214533
"FRMD4B",-20.7552740449459,-9.2442656196432,-21.4979401087677,-11.0510396259638,-21.7228362668401,-22.5406804746859
"FRMPD4",-18.1517359933132,-22.169139565046,-11.491138291269,-10.5464222768474,-9.94826023523612,-10.8599803610641
"FRZB",-9.34263763985829,-22.0114006644319,-12.0687027697525,-11.415220305277,-10.1525337214022,-19.3089815387489
"FSCN1",-10.834756197966,-8.1688303756089,-8.97616001217699,-10.1619771328028,-9.32737630213056,-20.9893500201043
"FSD1L",-11.1246129262685,-10.4600157421323,-9.93253490889811,-22.2044748980432,-11.192243114518,-9.80070301085234
"FSTL1",-10.97061695517,-11.3289009274712,-9.71859216060134,-10.4827116899026,-10.5485470235798,-22.4098243235481
"FSTL5",-21.7678367827695,-12.3596282334755,-12.063413029645,-10.5853317984338,-11.4175124848245,-11.6674494921588
"FURIN",-9.80267776397758,-20.4036456276352,-9.98571902403979,-9.90911862146983,-11.1700071410378,-19.9013927792563
"FUT8",-11.7214406756444,-10.4589171438155,-12.3989820130967,-10.6669262729235,-9.92503334929433,-12.1828012792313
"FXYD5",-9.67565105285783,-22.2743595182852,-14.0087301639039,-12.9700788468786,-12.0513143861182,-22.4340899810964
"FXYD6",-20.6028583403939,-9.67937491133713,-20.7849799301126,-20.0314298660304,-10.2570332205773,-9.090901322439
"FXYD7",-9.84257895731848,-22.108546030744,-12.2672554476606,-11.0998532420277,-10.5858347929335,-10.3100322618313
"FYB1",-10.4749477771736,-12.7830690772336,-10.0614441039353,-11.4680727941317,-17.9172373559978,-12.3579703325847
"FYN",-9.48020642634646,-9.34276289573065,-8.92148916807644,-8.87513117148099,-9.04724975076698,-8.76343944425978
"FZD4",-10.8137264060229,-22.8756679628192,-22.0775531706407,-11.1619188752942,-20.5051362311314,-15.4079587742673
"GABARAPL1",-10.0555422374116,-10.2106972804603,-8.78026042770924,-10.18999262624,-11.0823401541785,-8.30166376468343
"GABBR2",-10.6000837905025,-20.1541639852773,-10.4283595987461,-11.4658157306323,-11.658402787549,-8.40268681708169
"GABPB1-AS1",-9.43755878073568,-9.82314897515161,-10.7423223282974,-10.901720781162,-9.27878992585124,-10.3820532983466
"GABRA1",-21.0059100199138,-10.3867959498274,-9.36252916584813,-20.5228343702717,-10.5922404103784,-7.84266780064384
"GABRA2",-9.74994842292576,-11.1563241153692,-10.9351095640986,-11.7053110824691,-10.0559726945864,-11.7981243052535
"GABRA4",-19.4807128385938,-11.7904807994874,-11.4175282465986,-20.8677396741455,-10.7371655560626,-9.80093849836512
"GABRB1",-9.8491372640652,-22.0324052789121,-19.1316600278429,-11.4373080370794,-13.2476511438584,-9.47546907345887
"GABRB2",-20.0876247838768,-9.54694038306662,-10.6624214767219,-14.1147964989076,-9.99764022156895,-7.92366503994374
"GABRD",-10.5026150648438,-21.4980913779355,-10.5578338043634,-10.5306834465362,-11.0920532570327,-19.9467262063834
"GABRG2",-9.32698967661049,-10.7946214108294,-17.7704131541085,-13.7069820513177,-10.3241613157556,-8.64195990601549
"GADD45B",-10.1518324253717,-22.4966665382043,-10.6685348067598,-10.3211616245349,-19.4300127419528,-21.093021675811
"GADD45GIP1",-9.48179378499311,-10.3481268473038,-9.30296932574246,-9.7274656332764,-10.0256254302737,-9.68092623014308
"GAL3ST1",-20.1889712498891,-8.90986388762473,-11.1220203947848,-20.6745990197578,-10.947777170754,-10.824800688249
"GALNT13",-19.081025419276,-20.2911800729797,-10.4931667020966,-10.9142299198362,-10.2006998835602,-11.3503902823435
"GALNT15",-9.25553770910861,-8.69560935174964,-9.71076589117365,-11.8975847140409,-21.1504122145544,-21.4715381456241
"GAMT",-10.8366943929683,-10.4742785889218,-9.23083705920006,-9.17269894985129,-11.0579534374323,-10.1788707740555
"GAP43",-11.6423568203942,-9.93525410145247,-9.38098741695953,-8.89755138530548,-8.67977471574186,-7.3411183255223
"GAS2L1",-19.2325616553373,-9.0606957569045,-10.4451569102003,-9.69069223840093,-10.2056302138682,-10.0564646247287
"GAS7",-19.0999611351534,-8.38562729411142,-9.00826474037491,-11.4237297414515,-16.6852538262878,-10.9940216005675
"GASK1B",-9.02620466784028,-10.5472344472009,-8.83953457044475,-8.54397382335774,-8.4184058371305,-10.2464922417207
"GBE1",-10.2567931626867,-22.4368888480922,-9.98134531646418,-22.7083210824553,-21.888328087405,-9.46985070831802
"GBP2",-9.89566778316707,-20.1940255583334,-21.2571737995484,-11.0710840470497,-20.292934604027,-20.8074851805684
"GBP4",-9.43470616160138,-11.5109725480351,-10.2393965247595,-12.8062669289401,-21.4617838568002,-22.8221208939181
"GCC2",-8.68260219731148,-9.024015900313,-10.0060509257652,-9.21103115519799,-8.77949327663083,-11.3259693919574
"GCLM",-9.04543963005601,-11.266573938637,-10.8536921647756,-11.6835651919031,-10.9629217411798,-9.41594156479722
"GEM",-20.418838549388,-12.1443420232771,-10.5568723973947,-21.8717222256833,-11.1761615770108,-20.7745713885994
"GET1",-19.4068101956331,-9.79555453096653,-9.36636661080989,-10.0754854251272,-9.81029008163889,-9.15949416090949
"GFRA1",-10.4984223304443,-20.8703747458085,-10.5136066855858,-13.9632109816443,-20.9306055303695,-8.63602698921688
"GIGYF1",-12.7110758393325,-10.7840631724061,-9.63011423259644,-10.7706471417412,-19.484596957689,-12.0580356750502
"GIGYF2",-8.85993789205736,-10.1535743205625,-9.68976286186215,-9.92406725583682,-11.4714131169629,-9.54246213228006
"GIMAP7",-9.88036821101499,-11.1339429967862,-11.7806544799444,-13.3828058911473,-19.9114149322479,-20.9853551516236
"GIMAP8",-10.7097848316479,-13.7898324963672,-21.5174713118051,-22.9461628172615,-21.2171505924116,-21.7972421966407
"GJA1",-7.89587921318743,-9.64240151318143,-6.62661422204121,-5.88978016387642,-6.29211614113538,-18.6794882485043
"GLCCI1",-9.47745531716229,-19.7733784554357,-9.74260223663988,-12.7488097058043,-19.7180736397504,-11.1551519306387
"GLDN",-20.9553958379223,-8.79834389930108,-9.14982847305727,-11.5847309326133,-10.6486907331921,-22.4111349708011
"GLIPR1",-9.9747751159099,-21.201384418413,-19.1182811686963,-11.6394772636487,-22.3544315516705,-12.3698200069452
"GLRA3",-21.4196030607612,-21.7640097945054,-9.76914964698102,-22.5813880546203,-10.2502076776604,-8.98453847706733
"GLS",-9.42039536198818,-11.0805392161272,-10.6316795910461,-17.9480257637555,-19.6930016926113,-8.19206378470891
"GLUL",-6.72891274682063,-6.48072753847803,-6.64365359749339,-5.99213762633336,-6.05225302076941,-8.21453005797141
"GM2A",-13.1424628374032,-8.98738380092841,-19.2273076992998,-9.72012207148465,-9.29938995238581,-20.1069023819863
"GMPR",-20.9496469914689,-21.4710245506936,-10.8909860088119,-9.65787477894093,-9.09883147779215,-11.5002673517035
"GNAL",-19.3719969664972,-9.96698992936675,-9.40636863657829,-16.1744417739758,-18.9721460844839,-9.07228049707369
"GNAZ",-20.9448731723867,-9.92487670547741,-21.1348841767887,-21.4649084362729,-20.3323038406308,-10.3321363997674
"GNB4",-10.7269349433199,-11.5315720571327,-10.0091716259576,-11.9957933519854,-21.7851924607307,-22.4659860372588
"GNB5",-9.05276962635773,-19.7789886125468,-9.87069473879063,-9.46499230158139,-19.8155669833054,-8.74128112261833
"GNG2",-10.0548466947619,-21.3803844121141,-22.0471721084475,-13.4552979169334,-10.5817861987988,-10.4619463132774
"GNG3",-19.1409080659287,-20.916300306404,-9.95176360026126,-20.8984973480934,-9.12831218736162,-7.6685147115353
"GNG7",-19.7328871531931,-7.86540478682238,-9.55354504718892,-9.5529395902885,-9.92223770981754,-11.130010034715
"GNS",-9.71291472201357,-20.7843848497063,-10.2267235053362,-10.541170086093,-9.89719203237957,-10.0355260308622
"GOLGA4",-9.6417646708499,-8.35481496857954,-8.23707153412293,-8.60805644077468,-9.1367335168017,-9.87840975522839
"GOLGA8B",-11.7719952320766,-10.6359737332692,-11.212756662326,-10.0356999196727,-9.9723982413476,-13.0151077862578
"GOLGB1",-9.33554104385256,-8.82595369515421,-8.89182366450015,-8.96613803453549,-8.7291066780155,-8.73282397817088
"GOLM1",-9.67276768042108,-9.60960761358607,-9.1171684090481,-9.19134134711128,-18.568372090169,-10.9792910408745
"GPD2",-10.556063569917,-12.343402234174,-21.3135100393713,-10.9643653261931,-10.5142065942919,-10.6105619306875
"GPHN",-10.4277477617545,-11.0039710026328,-13.5006113018667,-11.6990825263801,-13.3105193800017,-10.6204192666871
"GPM6A",-8.07347552792076,-8.77836068923951,-7.82930123801725,-7.18201110935451,-7.12541770749904,-7.60458555770811
"GPR137C",-9.93962553778404,-12.1727364886944,-20.4652465046227,-12.1316528244957,-10.5681242156966,-21.9625464371349
"GPR155",-19.8870962079963,-8.89737198330103,-10.4610680544385,-9.87071376227844,-19.9087241993547,-9.34660676428219
"GPR158",-19.5305048757118,-10.2255679656719,-10.1858753000097,-21.8481142415908,-11.0769406778912,-9.51703471895374
"GPR27",-10.1737099110852,-10.3442115696114,-20.2426191157343,-22.2956442668122,-22.2884186851672,-20.9989823065863
"GPRASP1",-9.9959546338701,-18.4006902544263,-11.0940181629529,-10.538035432114,-10.1262270295736,-9.20409446944676
"GPRIN3",-9.77851659224913,-11.1358177576618,-11.5416908242806,-11.2351094131695,-10.2923269496919,-10.9903997972296
"GPX3",-9.76986889656338,-10.7424265164609,-8.65569117514958,-20.3174752841329,-10.233112981588,-7.64893509892952
"GRB10",-10.7292837345827,-9.6165038207748,-10.2858762932639,-13.0880405455205,-9.38613872258917,-10.0247744691808
"GRIA1",-10.4942541045788,-12.05409801642,-10.019387508264,-12.393767028093,-10.0785423836138,-9.31953109060614
"GRIA4",-21.2285375489018,-9.87584768432861,-11.7733146308179,-11.4015105106725,-19.9693841843633,-8.96837069080582
"GRID2",-21.2372273710854,-12.7388018823687,-12.0073883023774,-11.4833644965795,-20.3472997566039,-11.4739934325855
"GRIK2",-20.3598731342085,-19.0019983699575,-21.3512246892313,-11.8470931280709,-21.9863015532963,-10.5468818531771
"GRIN1",-19.6151237493213,-21.0674700650465,-9.16649870969726,-21.2439504293152,-19.6886364036228,-7.45320738103358
"GRIN2A",-20.9777230080335,-11.250624375145,-10.6533580831362,-19.2008540696888,-11.4560008497442,-9.91395852621127
"GRIN2B",-19.5920905429191,-21.3382344931189,-9.74793475477995,-12.0015297742833,-10.3577562946871,-8.95545415982128
"GRM5",-9.44724275776384,-11.2891679020239,-10.1382944807277,-10.3646801378072,-20.9401850388367,-10.3512165675518
"GRN",-8.59866543365083,-9.99208038243843,-9.2647340114869,-9.42094755252149,-9.46860771366284,-10.4892198849793
"GSTM3",-8.99526299008447,-10.3402567712302,-10.6157314992174,-9.65807711056131,-9.80896547309216,-9.76933771481559
"GUCY1A2",-9.8472153646122,-9.97618150259289,-10.7796022644128,-9.70436851640639,-20.598985570517,-9.24811785078347
"GUCY1B1",-19.4411886913155,-10.8346127692451,-10.9105507915914,-21.2766543587581,-9.24438584968374,-7.59017729572587
"GYPC",-9.95961633972824,-10.9972559302475,-21.0644912605189,-11.4445117888323,-11.6346255416059,-12.1195943536114
"GZF1",-20.5047417998259,-21.6999201257783,-10.3827936394543,-10.9723801956477,-21.3977750031458,-10.7713683954867
"H1-0",-10.3014687791606,-10.5687480873816,-11.2018415392389,-10.6644789609914,-20.1850926584948,-21.7260240822108
"H1-10",-8.4068519309613,-10.3493689587839,-20.2149087920178,-11.755112240294,-10.5353964531675,-9.33382778322158
"H2AC6",-21.6629483858845,-9.54162653422127,-10.6328923037032,-11.2344457583579,-10.7084411837576,-21.9784457700844
"H2AJ",-9.55681578155189,-11.1717378664143,-10.7063448663988,-12.4976572797435,-20.9372901974189,-11.3598530156964
"H4C3",-9.51560843623429,-9.63756543511559,-12.8391339024169,-9.89523039267023,-9.24217679643552,-21.031804858927
"HAGLR",-11.0181486879499,-10.2097552793172,-14.0307628091567,-12.6545860488787,-20.3544501492917,-10.7850924874407
"HAPSTR1",-10.1704146527933,-10.3910257803753,-10.1009262299976,-11.4915876752622,-10.2011231593135,-9.89417036326189
"HBA1",-8.67925208711446,-9.70211339024953,-9.76805759156228,-9.40516660157036,-9.25076630508927,-12.3588917142339
"HBA2",-8.02187459726237,-9.2756585992512,-9.41974029723227,-8.93764398512947,-8.60548800918338,-20.8649430802236
"HBB",-7.01719099652709,-8.14112335933483,-8.25020033979663,-8.39163433512292,-7.51092799514022,-9.40332768944022
"HBEGF",-9.66220091287773,-11.5081192485645,-11.8789865572864,-10.5731323093015,-20.9140557662761,-21.583385381339
"HBP1",-9.07695521409138,-10.2005862040052,-9.07289916975592,-11.9226328707299,-10.2500367502179,-10.7711737037999
"HCG18",-9.40894070733597,-10.482105525593,-10.1456175209198,-10.6494663393242,-11.7339317138079,-10.0185402821931
"HCLS1",-11.8284209079165,-12.0087439427613,-11.7089856239642,-19.9760862862543,-11.0806316980111,-22.1103574707939
"HDAC9",-10.0360565658399,-20.6955256925867,-10.5337929677564,-19.0869667145545,-10.089225731456,-9.31279637333182
"HDGF",-9.28220237383299,-9.44593927353393,-10.8197016502132,-10.1898903485145,-9.9934195963693,-11.679449190305
"HEBP2",-9.56112523071652,-19.5252307711291,-11.4127955893411,-10.1699632193339,-10.3936646138083,-11.7542933740497
"HECA",-9.85274117040925,-10.5996490504949,-12.4042974060971,-10.5563234136965,-21.3165864724775,-21.4302141627354
"HECTD1",-12.4182879429656,-8.78281548277503,-8.46247231323514,-20.2460865173131,-9.9597562667036,-8.89558685943575
"HECW1",-9.98429015960469,-17.718998690394,-10.5413171525022,-18.6955768230603,-13.2799812563859,-17.0468372672415
"HECW2",-10.9848490049415,-10.2864797600546,-10.8701078599015,-13.2203404720273,-22.0810236360339,-11.2263329483322
"HELZ",-8.79298871558787,-11.8012367335521,-11.5804024167806,-10.9126833681862,-20.0627168292737,-9.37828635590963
"HEPH",-10.3948864334425,-10.3729581507759,-10.3123935157886,-9.77347847371357,-8.35736387610086,-21.7410664581324
"HES1",-8.3263365350561,-11.0233039193055,-9.69857738510602,-10.6212575941561,-11.8359053807691,-11.6238303352549
"HES4",-8.27134825935146,-13.034162491219,-14.7562015917059,-10.686192543487,-18.9326701597661,-10.2143314229396
"HEXIM1",-8.9580510513247,-9.9651317822785,-11.3997513943479,-11.1925096025229,-10.4911313210144,-9.52421534320705
"HEY2",-10.3253107139319,-18.1192829061072,-9.871845595948,-10.8130498417718,-9.16237587623683,-19.1147273308711
"HILPDA",-21.656736634652,-12.9803895074108,-22.5517730040561,-13.8594906177007,-10.1734989008571,-12.365129370426
"HINT3",-18.9123186268246,-8.92350889747462,-9.18135059870506,-11.8187710749246,-10.4663014244801,-9.4478097695305
"HIP1",-8.67521649364186,-9.3465275219575,-10.0549928059599,-13.6847455397534,-20.9655324504492,-21.9456995725544
"HIP1R",-19.8208508998851,-9.03907943030336,-19.6822029580669,-8.77956432727026,-8.81410098748762,-19.5919185297611
"HIPK1",-9.56459260607571,-9.36333893704166,-9.87900620297577,-9.61219967530999,-10.3371747743094,-11.0746922773392
"HIPK3",-10.210674003688,-13.1387601716168,-10.3039177402669,-9.53474625519328,-8.93770599223842,-10.9174750100521
"HIVEP2",-11.5364171675573,-13.2771351083512,-22.2577001240305,-11.3542956563918,-13.8131473045528,-14.4031723574231
"HLA-B",-6.44514207952339,-9.14052253192026,-7.49752799807953,-8.25465193873102,-8.35692077665563,-8.88485274787698
"HLA-DMB",-10.6113409648196,-21.335864013494,-10.2229230131045,-10.8036789921516,-20.7700833810446,-12.0085786981073
"HLA-DQB1",-9.54135140713255,-20.9542872155082,-10.1091233528957,-11.364117940611,-10.9608802269978,-11.2300825588521
"HMGB2",-19.1523739134732,-9.58406163765243,-10.9430520438514,-12.879035364624,-20.8544648792637,-10.3695909841532
"HMGCR",-20.8107246472835,-20.8464911563471,-10.2769568267235,-11.4008314606653,-20.4466849988123,-8.78378752847167
"HNMT",-20.7139540784312,-21.7415917325589,-10.1037558665491,-9.93578064769524,-11.8830005286603,-21.3652285229722
"HNRNPH2",-9.20001180096848,-13.9478244155052,-9.04946202857329,-9.62171290938171,-8.78153430930533,-8.56358115539562
"HNRNPLL",-21.2994293905309,-9.92966608501869,-19.2124623706633,-11.7102937957369,-20.1264480071119,-11.3949923680162
"HOMER1",-11.6396578110343,-19.3973965114477,-20.3916923524949,-10.1165420020324,-18.4037569686464,-10.9585692538002
"HOMER3",-10.3416954716578,-10.1058042535313,-10.0027655003869,-11.7252735079151,-21.7917645084815,-20.6984084768258
"HOPX",-9.37599994428544,-20.3282657559311,-8.59049887375469,-8.77703092458285,-8.10317629492163,-9.55240403340518
"HOXD1",-22.4239820770802,-10.3911056007144,-22.3260809188624,-23.6680690745584,-21.9445718436248,-23.3294666571804
"HPCAL4",-9.59349651159582,-10.1634185944554,-10.8938307829047,-10.5167179331043,-10.6745962505292,-10.4891116637456
"HPSE2",-9.78215647033311,-10.1772224055739,-10.0551927128221,-9.78194882716108,-9.60420624258022,-21.0920063933041
"HS3ST4",-9.61613339793234,-10.8445681853628,-10.1858873081144,-20.1195027179532,-21.1640292759735,-11.0105728262808
"HS3ST5",-21.9861512243579,-11.6571157678903,-21.316712387363,-22.0049405614055,-10.8568189501384,-11.469651404393
"HSBP1L1",-14.6508952092039,-21.0273847407317,-11.460744796973,-11.6609634786335,-20.6013505116488,-10.2864151773668
"HSD11B1",-20.5462953798975,-9.86371205924837,-9.85999642106531,-11.3690868270341,-12.8342564535767,-21.5379656094575
"HSF2",-10.9519563257888,-20.776128624656,-11.4199213127111,-11.9013775984283,-10.1369654396642,-11.7148183529303
"HSPA13",-10.3849846611873,-9.44958565246265,-9.09277497587479,-11.4268530435776,-12.1450066332257,-8.45459335063627
"HSPA1A",-19.6388925092098,-9.30376003985469,-9.68839066153751,-9.18478786335191,-21.1460254121817,-21.7601560579987
"HSPA1B",-21.4473186736358,-9.50609590107452,-9.48539770623189,-11.7156510727857,-11.0164127100151,-10.875370012119
"HSPB1",-7.93212542032285,-9.69932907437762,-8.21844956637435,-8.53885667159407,-8.53270992924884,-8.7946413427567
"HSPE1",-8.67262017515061,-8.74491295479721,-9.06406913202477,-8.94541846267144,-9.1918235105661,-9.46355549820423
"HSPH1",-20.3477467364775,-8.93149229013935,-9.03796634975088,-9.41860441716154,-10.2149396472282,-8.87307192735669
"HTT",-10.9650372114021,-20.2429819143209,-9.90342514135694,-10.7575146934548,-9.3565440721553,-9.32177129953623
"ICAM1",-9.25353585017935,-20.9783034523222,-11.3483815961445,-11.8535851116489,-21.2303469996934,-20.9493346944614
"ICOSLG",-11.4670296797524,-10.5392727954265,-9.266246235568,-20.1188390897191,-19.0361169111541,-20.61299529787
"ID1",-7.4150366645519,-9.97714233794289,-13.3000590223421,-10.4427975928354,-9.08192858101426,-21.520141815694
"ID2",-9.35598399240452,-21.3431171684823,-9.21599766792515,-8.67155705105827,-9.76625047850428,-10.9465938558569
"ID3",-8.34521865679795,-18.6248099402671,-9.31467308417453,-10.7467425951085,-8.85040638174192,-10.0580248516304
"IER2",-8.22188412406863,-10.3318103249,-18.8243891690515,-11.2636578972368,-11.6590865035728,-21.3210001536444
"IER5",-10.423802472948,-20.1755522702619,-19.02627922711,-10.752107278349,-9.83617664807901,-21.5294263902232
"IFFO2",-11.658349182293,-11.3473895274647,-11.2520722105611,-21.5493403398499,-11.2714296313725,-10.9264580219474
"IFI44",-9.87662791233161,-18.6882110311089,-11.9931022623883,-10.4028411894696,-11.4035657108408,-21.270731806888
"IFI44L",-8.53800366945806,-22.3336470336082,-10.0499357571804,-10.9418475781377,-10.9736608823232,-22.5529347003642
"IFI6",-8.23240059181794,-11.6797116722183,-8.56772151795066,-9.92449834793588,-8.77173883946731,-9.14397274978038
"IFIT1",-9.06710773747747,-9.57187833539751,-10.4521306012132,-19.4459732960442,-10.4601614759976,-10.792622141949
"IFIT2",-19.9547463250298,-11.2002224209538,-11.3926487793574,-11.2129883112172,-9.69217769160667,-11.3222782083475
"IFIT3",-20.7285171284822,-10.1310724374692,-10.3086187093061,-9.97191203763252,-9.98294452972453,-11.2129746579738
"IFITM10",-20.9150480279618,-19.7064371562052,-10.5981950625267,-22.1006667335161,-10.2926190688302,-9.47718122584404
"IFITM3",-7.04226747839416,-9.46701959438164,-8.48386938115738,-8.02652019979733,-9.50672688530438,-19.5178057538366
"IFNAR1",-8.51983070215305,-9.63179533973295,-8.51787570122314,-9.88514963393215,-10.476563905111,-11.7209802088611
"IFNGR1",-8.70406590491946,-9.38157452478899,-9.96211183274066,-21.6707171859441,-19.5144855507282,-10.0137781896541
"IFRD1",-9.95821843984455,-10.2519278796826,-12.9759694205872,-11.3544862666445,-9.77019364777889,-10.8648460529964
"IGF1R",-9.63540771180008,-11.6343124772819,-11.8286154928517,-10.1809306001039,-9.36965763140047,-9.11777724474051
"IGF2R",-18.8527144606552,-10.596254074194,-11.1507362697415,-11.4919645170769,-10.7866548274,-9.76650618567517
"IGFBP2",-10.1122130259915,-12.606233601085,-14.528307461904,-21.7768942836631,-22.3134591648037,-14.9117348899935
"IGFBP4",-9.70731588399717,-15.4445918713387,-20.9494108986094,-20.755007235326,-12.1122586540099,-9.80535405953671
"IGFBP5",-9.18207600544675,-12.5429639914411,-9.97961129920774,-10.5864189686695,-9.92112407502989,-12.5839807239254
"IGFBP6",-10.3884769111143,-20.8238755153506,-10.1439996613832,-12.1479766104795,-22.2309551805387,-10.4792962844483
"IGFBP7",-6.37528085207013,-8.90266977854977,-8.55748211673634,-8.05970459625682,-8.02009839232846,-9.40640214651316
"IGSF21",-21.7166839650141,-11.0572271994043,-11.8666623731374,-22.5382133218057,-22.1443013819162,-10.8054822795887
"IGSF6",-22.0804598239357,-11.6235417137009,-10.0817290068546,-22.886324528162,-10.7108587630455,-22.6983322044066
"IGSF8",-20.1180878501183,-8.59511933116964,-12.831647498082,-21.6251986799575,-9.43884789888883,-10.3223770258035
"IKZF5",-10.1255151580987,-9.67337793708669,-9.99154071912188,-17.6992672462228,-10.9408098667143,-10.0595513923152
"IL13RA1",-9.08614624801423,-10.9658449362388,-10.5453024620397,-10.2071913236464,-9.73574561722598,-20.6115053713642
"IL17RA",-20.4457815561299,-12.061165351139,-11.2037245978594,-21.9305067734914,-11.8068637019172,-12.1680170627341
"IL17RB",-19.0606912272963,-11.1486989397006,-10.0307213952674,-10.9619624424852,-10.7306632779386,-10.3829686110933
"IL1RAP",-10.1318635752956,-12.535603248238,-10.3388645584063,-21.8372863070347,-12.7444413489095,-10.5858702918001
"IL6ST",-8.73517205958267,-8.18017009735302,-8.66180337905118,-8.6179896674258,-10.023123686221,-9.05111027483525
"IMP3",-18.6010100743594,-9.5551746454589,-10.0168088563565,-20.1510915615749,-11.4949004832873,-10.1477727244839
"INAFM2",-11.6313583843914,-11.5104766693663,-10.2820705277926,-11.631462422818,-10.0150287667006,-10.0326441810307
"ING3",-9.84853690278734,-12.1498791053978,-10.4399698619321,-11.7935506469536,-11.3881273137554,-21.1388816441036
"INPP4B",-11.3902606139737,-20.9566122897258,-10.564146017215,-10.1462423839329,-13.9008049195107,-10.4454198979771
"INPP5D",-9.19415089815374,-11.3509046907839,-10.3253667344988,-10.6743170950045,-10.4162882880748,-19.7682161614885
"INPPL1",-20.4946045776685,-20.4428177041532,-10.0723552004972,-9.64224012221644,-10.0327591546119,-20.6694981270346
"INSIG1",-9.53766623055175,-9.67085406431724,-10.4887734455801,-11.6631721725758,-20.0823610235236,-8.61293146730317
"INSR",-9.17816575385927,-9.14109079966565,-13.1622916004301,-10.1069970724654,-9.73803225895535,-9.8385390646713
"INTS1",-8.63464667304965,-20.4328663828635,-9.15362299110712,-9.95041073705307,-10.0122923492049,-8.87121778841646
"INTS6",-9.43761521146787,-19.2387616019738,-10.7736228019288,-10.5001197692954,-8.90563546669662,-11.000534237088
"IPO8",-20.2728970404454,-11.094105388117,-9.53397931860939,-10.6279820178723,-10.0684145006667,-10.4297045682345
"IQSEC3",-9.71893276858431,-12.2199080902978,-12.1487204438167,-12.0028478186285,-20.7002733543966,-9.37196739320619
"IRF9",-12.5841805515516,-13.1016383339965,-9.71940488012578,-9.85987635641267,-10.4853344555214,-19.6912401859636
"IRGQ",-20.3134440523249,-11.5040991467116,-9.9204885023876,-20.3330944494127,-10.4201932774959,-9.5190469840629
"IRS2",-9.03582167313176,-9.20349186167188,-8.83156090209581,-9.14925966428698,-9.85755449755088,-8.31789351603081
"IRX3",-18.7408432372647,-10.5194891105991,-9.34636849118045,-9.41184619947683,-8.9769824497662,-20.5176180907065
"ISCA1",-9.50295221918153,-9.42096906549815,-9.98363621287706,-20.4043172243412,-16.0687957991916,-8.59325534290743
"ISG15",-9.23082048512405,-17.574205234125,-10.3517153570335,-10.6722119499745,-11.0451039108178,-10.0644599143968
"ISLR",-9.73579057787373,-11.4476847843866,-11.3504733386383,-11.4345427242424,-10.5118687403707,-22.0761421609065
"ITGA1",-11.3883809948763,-11.0153129710926,-11.4283122672411,-10.9613397031045,-10.8083762590976,-21.2992490157232
"ITGA2",-10.5153823794518,-10.9170384242963,-10.1218646015119,-22.6463419174067,-12.9621194983776,-22.4696955758875
"ITGA3",-9.76913112485854,-20.8882218550759,-20.1776857375059,-19.6204315193009,-20.9206527608271,-9.90195297896436
"ITGA6",-8.60730994836944,-9.90033516890554,-9.85207008353245,-10.7178244244526,-9.82488795627755,-12.9108045941069
"ITGAE",-20.0141465992236,-10.8247434379164,-10.2646784896628,-9.99670133936046,-10.6073771701955,-11.2928282179355
"ITGAV",-8.64434862759185,-8.52066670954598,-9.01983701543472,-8.23367752446314,-9.05237262252181,-10.1535051488025
"ITGB1",-8.32783650878969,-8.90724402358955,-9.26812010306799,-9.35144428397987,-10.0526545151154,-9.83580963796658
"ITGB2",-17.8366833741088,-20.4103811737553,-12.8108430372837,-10.8685054941537,-11.6979350005079,-10.7624971307205
"ITGB4",-20.8033681807978,-10.6606961006565,-9.98744940964327,-10.2838144356088,-10.2203569266641,-11.2412446020599
"ITGB5",-8.72262730931813,-10.8920603675076,-10.1214155250899,-10.4309607653745,-9.87422631637129,-10.5436887380158
"ITIH5",-7.9766299008626,-9.99221767899963,-10.1770126415032,-11.6243986802516,-11.3034766856994,-12.9976724758939
"ITM2A",-6.96595123975609,-9.36562584204849,-8.92173475812921,-9.61069956864078,-9.38601399105045,-19.8985573699988
"ITM2C",-7.50389152443312,-8.39164103390593,-7.43761203538111,-6.43755375012725,-6.87621803656333,-9.20302502621828
"ITPKB",-9.57939051942817,-9.01115276415827,-8.3379650881226,-7.79265171308838,-7.63580583318733,-19.9295909565791
"ITPR1",-8.63343239685604,-14.2237581459766,-9.61081063972313,-9.46652364550876,-19.8806730718196,-9.88829913295369
"ITPRIPL2",-9.3000831820651,-16.6632536506699,-10.9701640099118,-10.6339176229437,-10.0760890614464,-22.1755063253508
"IVNS1ABP",-9.38243378704007,-10.4639006826512,-9.5815709501431,-9.64662705772377,-10.6573902304062,-13.2461851805946
"JADE1",-10.6306338104199,-19.9093606502557,-10.473700088668,-10.7886705819776,-10.5589637414394,-10.2876710316995
"JAG1",-9.08950815842982,-11.225742150894,-12.4400981216947,-21.7775945957663,-19.9571824967798,-21.7810093928654
"JAKMIP1",-22.0923406074452,-11.4181886749012,-18.5837191067492,-22.1436970358449,-20.98290500916,-10.007550573389
"JAKMIP2",-17.4091891283572,-10.0552275776144,-9.88306242490231,-10.4404748454996,-10.2530090259926,-9.38688558588956
"JAM2",-7.70661457915588,-11.1233801571966,-10.6181502312279,-9.3327057292104,-9.81103721732217,-11.1523925536046
"JAM3",-9.62826258586661,-8.84854108975798,-9.11092781635162,-18.717052088697,-8.70432781945127,-21.5924561391581
"JARID2",-10.9288546654695,-20.387976814167,-9.57450090470627,-11.3345956269701,-9.41366077486274,-10.5580129130688
"JDP2",-19.954281321178,-10.2751441825168,-11.5038938921172,-11.1011932305176,-12.5589745141271,-18.6598744079613
"JUN",-7.75283250336467,-8.83566019598689,-8.89047593731638,-15.9325676518713,-10.5570746860912,-10.3081974999314
"JUNB",-9.12323342889154,-10.424214272267,-11.0853697699743,-21.0088212483352,-10.7748073224753,-11.5046970704525
"KALRN",-10.2591689546482,-22.2547963263011,-11.3619447035789,-10.8018297518215,-21.1031201684967,-10.2153165746164
"KANK1",-18.9925716310861,-10.2969223020748,-9.02715316739665,-9.3869562206416,-9.1701891232117,-20.7453581708619
"KAT7",-9.42389063163733,-11.0768735475395,-10.7051518495412,-10.3563807491852,-16.6318411511176,-17.2105487161151
"KBTBD11",-11.2006996352793,-8.89842015967828,-9.99567609716182,-11.3259264628731,-13.8151414294172,-10.0832255315312
"KBTBD2",-11.0279008778813,-10.2272687605507,-9.62153455510359,-10.5738175685213,-21.5214092271393,-10.2155737643802
"KBTBD7",-9.31996759062085,-10.2200675529281,-18.470525498468,-11.0063919878069,-9.317143292136,-11.4862375690485
"KCNAB1",-20.2450761808698,-10.7490015579981,-21.5313117111736,-11.5676214073318,-20.1875212578909,-11.9806851997391
"KCNAB2",-21.0902204347184,-10.9991527196571,-10.4670011179214,-22.3687248956681,-19.8207888540516,-8.81884564229276
"KCNC2",-11.4161733300581,-21.8127835391312,-11.0679756877741,-21.6910552694599,-21.0958965565088,-10.153115599758
"KCND2",-20.9977411343448,-9.74944611621254,-9.74222032194629,-13.2904680131449,-10.6277681660483,-9.90628530227429
"KCND3",-19.3720842521415,-10.1797321340442,-9.18441288236025,-9.47694328569359,-8.8032811264493,-7.34464569354129
"KCNIP1",-20.9080653916335,-11.8875229120146,-10.0023930098966,-11.0233297368926,-12.0913140135043,-21.0987747657399
"KCNIP4",-19.375118834358,-11.9428295521077,-10.180469997622,-22.2613935304404,-19.6609930901986,-9.40202740323715
"KCNJ2",-12.8019627162719,-9.85393159486966,-12.1876393725496,-20.7340303097641,-11.3287451374498,-11.7600420613363
"KCNJ3",-21.4952715148143,-10.4203306255833,-11.9511939017191,-12.2905624776702,-10.5614977920761,-11.0835795943511
"KCNJ6",-7.71455928814163,-11.0508387152945,-8.08878621907503,-9.81082286050448,-9.14103964932231,-6.93109068617009
"KCNQ3",-10.3581369019834,-20.661058085852,-9.39752740328536,-21.128638228955,-9.62599102540192,-8.57557117521156
"KCTD12",-7.58152068484951,-18.4058477189363,-8.97599857874472,-8.73574748754756,-8.87916723141733,-10.1022826064953
"KDM5B",-10.1749300125183,-21.9089220243909,-21.4630640109554,-12.0822357588607,-12.8140793454904,-11.2443112514314
"KDM6A",-13.2902625753005,-13.7263819349107,-21.9629149668975,-10.8846739554416,-11.0881035134202,-22.5580264599942
"KDM7A",-18.4956681966398,-11.8756875028115,-22.5638955064186,-12.6670110427588,-11.3634997947777,-11.9158602441267
"KDR",-10.4371494155997,-11.080532112108,-11.5720241360869,-12.0146003154334,-9.53541212987339,-20.4809716603567
"KHDRBS3",-20.560436476641,-9.7455363120379,-9.9868748038086,-14.0062807403303,-20.3224269678357,-9.82249368700108
"KIAA0319L",-9.78545023126494,-10.4026574495226,-10.9377830315666,-10.0082802011301,-19.4807193703518,-10.5139170136554
"KIAA1217",-12.2553954130034,-20.8701072713976,-10.0590682474669,-10.2532106146062,-18.5713069928403,-10.6826306182601
"KIAA1671",-9.02767593126887,-11.671797772885,-10.4130113365137,-11.7061804833022,-9.42986196478136,-10.322892399938
"KIAA1958",-11.3945442140646,-21.0142153684191,-10.4591529425741,-22.5663537782221,-10.8697770320524,-10.2737448046511
"KIF13A",-12.5650718893526,-11.7865873122093,-11.0234442376763,-10.2761789151434,-10.930127481769,-10.0755047559938
"KIF1A",-18.1819424216958,-7.9307200789059,-8.02668710364484,-8.69276105717689,-8.95536211484601,-7.20344591774421
"KIF20B",-17.0214727987314,-11.8739127291146,-22.0491873996272,-10.9160566140164,-10.6953917035066,-20.0561729320922
"KIF21A",-17.3004846080042,-9.03010763301579,-7.43625374912861,-8.77044662233724,-8.65788532684166,-6.34488456866893
"KIF26B",-9.63071303936116,-10.2867062476063,-10.7131935218661,-20.7828952702034,-19.7620687559655,-10.2209313141382
"KIF2A",-21.3424673207526,-9.78232934349559,-9.8116116018133,-10.7255967605221,-9.59918198871745,-10.8865764639
"KIF3A",-7.93651269797537,-8.77815574109635,-9.0814508943533,-9.19582133640511,-18.5185672599965,-7.02318621803961
"KIFC2",-21.7690006570604,-22.3525307327418,-19.3484052499685,-11.5891073100592,-11.6788910728156,-10.8154092235258
"KIFC3",-11.4936380823577,-21.4240960423687,-20.8668905976012,-11.2002600697138,-10.1517510922611,-10.3200983927335
"KIZ",-20.7212477322957,-9.93051115932224,-21.1755850586681,-11.6114845600743,-21.0406482565327,-20.7444055159424
"KLF10",-9.52449961065113,-21.0282908727245,-19.2670656990976,-14.1460485131659,-21.1061615208885,-11.8117989981703
"KLF12",-20.8197988518733,-23.0242541778791,-12.3260129179717,-13.1732627905691,-21.394777177451,-11.7786716145476
"KLF7",-9.31726943667125,-8.85352272611793,-20.8484301424704,-20.3020433082445,-10.303158235316,-9.24415395955466
"KLF9",-21.0418206634702,-16.5628350897376,-9.62776880753283,-10.8064506710451,-10.0659426035278,-10.2754757088505
"KLHDC8B",-10.4463833184257,-21.5430173210254,-10.8705876349822,-13.2001346986687,-10.1618317460243,-11.3243442994444
"KLHL1",-21.1362168157587,-11.7655512350957,-11.1606771271391,-20.4040610797636,-21.2322396273259,-9.09746096719315
"KLHL9",-10.2130437157614,-11.0108159512253,-9.18282898641451,-10.321693396772,-21.2097013749,-9.83092982765399
"KMT2A",-18.3376665618434,-8.68148514738083,-9.24917316775965,-10.0706448954737,-9.59545691469555,-9.15035172211699
"KRAS",-10.2484024187268,-10.615422122517,-11.1616536138729,-10.3591585518769,-10.1210047478687,-9.61516730468526
"KRR1",-8.56267812580878,-9.69809160347379,-9.48090133441878,-13.6163887296046,-20.99710369576,-9.82224347891955
"KSR2",-22.4709627632904,-11.6769894651101,-12.2290962163061,-23.4088030142672,-21.9053908536165,-11.8395083780842
"L1CAM",-11.4538075667798,-13.0450383132635,-9.94532882857561,-21.5659516421996,-20.1284330346418,-9.85784301501706
"LACTB",-18.6311712127388,-21.7337415588357,-10.0101042982247,-10.5389063673061,-10.1362839421777,-11.439769830199
"LAMA2",-10.3025926974354,-22.5412542390854,-9.79534090766523,-23.0781253429789,-10.2389432210639,-22.7085421577607
"LAMP1",-8.3553514902736,-8.03694657337049,-8.38400281321003,-9.06934780394394,-8.54444588436026,-8.58563853980993
"LAMP2",-8.59241480106744,-7.24580443064336,-8.1171936105444,-8.54208230278791,-8.31557864852597,-10.8470583411597
"LAPTM5",-8.53127318930997,-10.2076613850263,-9.31275196405559,-10.9195632456406,-10.4375076933271,-10.9453199371105
"LARGE1",-18.2343743465476,-10.6189443165977,-10.1789268917248,-12.6214866176905,-12.1684786681356,-11.332042776235
"LBH",-9.93721453438339,-20.8189721734611,-10.1787147116249,-12.6781779997497,-11.5532656501043,-9.62283522809786
"LBR",-9.78949561299029,-10.0520607961186,-22.2946767978718,-11.5415997074821,-11.704227723014,-21.3091331074523
"LCORL",-10.2707627782562,-21.0486859666263,-19.7744282688489,-10.8360100564797,-11.1142096494668,-10.8333821792662
"LCP1",-19.1367309823488,-21.6755811931974,-11.1316220105042,-10.7717757585538,-20.977998617398,-22.1174005269052
"LCP2",-10.7230707173436,-12.7272585304633,-12.3391459906685,-12.9607852326011,-11.9055144115661,-22.2732578229294
"LDLRAP1",-9.48184506515065,-9.48210451553765,-11.6573723831592,-21.6236356060718,-20.7489620574505,-21.5443675937366
"LDOC1",-19.5451173370154,-12.7518580334658,-9.24192221331386,-9.90036252184908,-9.56778879889903,-9.60134360952197
"LEMD3",-9.4637007800508,-10.5433234870637,-10.8560007217143,-10.7262314650344,-11.1747490228615,-9.77964887068985
"LENG8",-20.8500452144166,-11.5045721358475,-11.0843458088236,-10.8731676489827,-10.4857446778615,-21.9743541620592
"LEPR",-10.0512657235352,-13.4816472343282,-11.9482528741175,-22.6635976149223,-11.5168252935988,-12.3295770760346
"LGALS1",-11.05348683919,-8.38174957719956,-8.71139977565121,-9.05336852959171,-8.60695789996877,-8.93726349139376
"LGALS3",-9.1047893151158,-11.1798174119303,-10.0871669790956,-9.98714709798067,-9.70116475767672,-11.383182910227
"LGALS9",-9.87041587677671,-11.4564926943784,-11.2040517739666,-12.6552154746591,-12.825327101396,-12.6324446060934
"LGALSL",-11.3090333987655,-20.1203063876953,-10.4634501265919,-10.7565127187658,-21.0650994511294,-10.9438110737621
"LGI2",-19.7327646425351,-20.0845782124731,-11.325713908995,-22.8070950692171,-21.7968541989897,-9.64762669958437
"LGR6",-9.23618403731437,-21.1314659163054,-21.5575132269718,-12.5659052974375,-9.60201811772454,-10.9818754471388
"LHFPL2",-9.2306115179013,-11.1040663322243,-12.3758484913954,-21.4771163887033,-18.8898651442954,-11.4281216628774
"LHFPL6",-8.32966465347973,-9.35584543775155,-11.1211921126152,-9.53324111700643,-8.98726363915382,-9.91501010116772
"LIFR",-18.6184223556627,-9.36944072883455,-8.3323798439373,-8.34564050150639,-8.55864335932659,-8.65290541799768
"LIMA1",-10.0982665458129,-11.3639122938294,-10.1553353146024,-12.1277350797578,-10.2418529781204,-21.3088339530425
"LIMK2",-16.9642801721708,-10.1970295484192,-9.60930243931217,-20.5618112248404,-20.1478981154226,-9.65386495820124
"LIMS2",-8.74967697612755,-11.4518826099189,-20.1645331459426,-12.314753225566,-11.2471998756026,-10.2516181961862
"LIN7A",-21.0315923350743,-11.0469386165505,-20.5767883132047,-11.5320631285809,-11.1436243212091,-9.86772197644109
"LINC00499",-11.3705123460017,-22.1413040884177,-12.3320450254786,-12.9987472731459,-21.7038052755176,-20.6118415533501
"LINC00511",-10.6857889742689,-11.5251424906075,-22.5416584271331,-23.0204018415989,-10.7699687438789,-12.8102403136167
"LINC00623",-20.0029612990078,-21.7479683253051,-13.1721942534893,-10.6258223020403,-10.9532865584868,-13.9051865969584
"LINC01088",-19.4693540930096,-10.2039881041773,-10.5936636818928,-9.37016613390013,-9.34136995795144,-20.4025599075263
"LMAN1",-8.84410596193042,-10.5862498794598,-10.2977455254797,-10.0347727960234,-10.9417253494535,-10.1843114352125
"LMBRD1",-8.12778119375094,-8.57397618500113,-8.83064065830368,-9.12887312767332,-9.96008318237702,-9.34746523800237
"LMNA",-8.55613400134912,-10.1660020743088,-9.0402183205661,-9.55166929116441,-9.83673272171212,-11.8842917349353
"LMO2",-7.75936051820455,-10.3005188266702,-20.8068692686287,-12.6455669619055,-10.4987183861281,-21.6332024510316
"LMTK1",-17.6612404788247,-7.9844885437544,-8.8178611883266,-10.5462396757021,-9.52134782110255,-8.9918755363067
"LMTK2",-20.0836807560072,-10.2587125405999,-10.6002310446583,-11.0575360816658,-10.2995345537513,-20.9443927340896
"LNPEP",-8.96289083029811,-9.23957165833904,-12.227442577403,-10.5600824966755,-20.5821513134302,-8.86924883298306
"LONRF1",-9.38057073410893,-18.7491695463761,-19.1789965518257,-11.4298811144041,-10.530491366296,-9.62046881321225
"LPCAT2",-20.317761519573,-11.0594784488473,-10.0977438312471,-11.9479324874432,-11.5613459349171,-11.2019333080316
"LPIN1",-8.75872139529006,-9.83443326156721,-7.99065709636547,-8.45524780501672,-8.03993608503715,-10.2929475079843
"LPIN2",-9.26389850185463,-11.967172285608,-20.2305970632331,-10.0037922481582,-9.35642598637771,-9.92875027533785
"LRATD2",-10.4518345774162,-10.2849661028172,-10.2593331592675,-11.6606900822705,-20.8620426059651,-21.5010323587068
"LRBA",-21.3389791010902,-11.3337450685344,-10.424681794586,-14.7068135468119,-10.3735278391858,-11.52573940995
"LRIG1",-19.3837456132749,-10.526639096301,-9.65771584112743,-7.87253056368321,-8.32266717277699,-12.3686863410336
"LRP1",-8.48542543002633,-9.13870753869486,-8.49119066745393,-7.92472268927101,-9.36258487284588,-9.98052807782638
"LRP12",-20.4672736320517,-21.7455074654814,-9.55897119906552,-12.3525883342306,-21.0385813142783,-10.3607262511454
"LRPPRC",-19.4638661176145,-8.74239795118008,-10.7743684087339,-9.68629794062789,-15.7000914545076,-8.54814922386224
"LRRC3B",-18.9409213662574,-10.9164344898733,-11.883483935325,-11.9233291100604,-10.0983488182355,-9.41362625564143
"LRRC4C",-19.5300451686641,-10.1982328859657,-10.8857097958424,-10.1717601517133,-9.40943598085034,-11.546975199666
"LRRC8C",-9.03460872899934,-12.6809672142425,-10.9888692084704,-13.9334347211562,-19.5989005232704,-11.0426309566476
"LRRK2",-18.3910886115433,-13.155454111503,-10.5881472094038,-11.0441709487409,-9.88011260989891,-10.9748186131719
"LRRN3",-9.97563242095345,-10.8282327347406,-9.14916837561652,-9.81289030973362,-9.84943175461752,-9.99699155886944
"LTBP1",-13.0477536675454,-21.7587181274983,-9.90999924886749,-10.6347473606346,-12.8430856089147,-22.924053329964
"LUC7L",-9.6076929481232,-10.0928965437565,-10.4962667633367,-21.4577648040543,-11.3168465530206,-11.4532904293316
"LUC7L2",-12.0793889243108,-9.96180337396766,-13.0085036217432,-9.86331709471255,-10.9617428327502,-10.0717097353154
"LY6E",-8.89272064814464,-20.2395769268119,-9.65255256375258,-10.0696812526002,-9.35710850288822,-10.8141278187865
"LY6H",-10.0287087699022,-19.3652930506134,-20.8184487184661,-10.0989390596542,-9.8295743246716,-9.04266957514019
"LY86",-19.1619120790577,-11.0708610608227,-9.82418181016973,-21.5777567171614,-21.3087639017765,-21.8246284375393
"LYAR",-9.30408716873572,-20.9346000242333,-20.3016713662404,-19.4857299423243,-9.86276508424112,-11.3122261333445
"LZTS3",-9.19329755665659,-9.72851230275298,-10.2987254768302,-12.0757420994198,-19.5793799080346,-9.71280407773787
"MACROD2",-18.8547612968724,-10.9009549064494,-9.65290047119761,-11.9028890174808,-17.0073397741788,-9.44582867130323
"MAF",-8.66916898117399,-10.0695073006664,-9.89947196507711,-9.74034859068864,-10.3477737091718,-18.5121753631023
"MAFB",-20.2003170476474,-11.4413888624037,-21.1091750958435,-11.0860591815266,-11.2202075895813,-21.8950378741089
"MAGI3",-21.7662597699634,-10.6233555818221,-10.0628359094029,-20.5447256800682,-10.6683234284664,-9.78521928237443
"MALT1",-18.9414548941428,-21.1894951482595,-11.00012750236,-11.5204614185263,-10.8174268637142,-22.3133041685082
"MAML2",-11.1478027780925,-21.1017206075881,-20.2224476694441,-10.0503009760682,-10.2611820463681,-21.098671901072
"MAN2A1",-21.3111035414579,-10.1435175407055,-11.8462459784143,-11.0258845501298,-21.6354595541323,-11.1095276099635
"MAOB",-14.4322173129109,-9.56342744255175,-11.0489003164189,-8.63673733449943,-8.86231984715711,-12.7919049992357
"MAP1A",-7.27535111406821,-7.19660808555839,-7.10525695621322,-7.9779899342097,-8.97368251917813,-6.18855255037742
"MAP1LC3A",-9.20135959973027,-9.27843082636027,-9.9250042206057,-10.4546275179529,-9.59685325085397,-8.32672034110771
"MAP2",-8.35359692833087,-8.47899168615782,-7.75139138289514,-7.57024186833653,-8.00807926969218,-7.19666226853905
"MAP2K6",-9.62298606002919,-11.1483667375654,-10.075324175794,-11.3737817752361,-21.1115329221211,-11.9536541936698
"MAP3K12",-9.97488862875147,-10.9409507023219,-9.66285046439393,-20.3182902611693,-20.8739890076053,-10.8098191857049
"MAP3K2",-10.2370988816827,-10.1616707117874,-11.28533823993,-10.8017782423538,-20.9743602831871,-11.138189129744
"MAP7D1",-10.1224039085093,-8.28890753739884,-9.89751210647164,-9.48006219557589,-9.15657795682396,-8.39935357064648
"MAP9",-8.2708585013818,-9.60602855204564,-7.71821186001971,-8.54105705884292,-7.77468810127417,-7.05947246651686
"MAPK1",-8.73305942401418,-9.79196621949649,-8.88457918968443,-8.62570472341873,-8.5888683477104,-8.52245714663159
"MAPK14",-9.54827356447624,-10.7585055219013,-11.7079738559096,-19.6428912612714,-9.28804353139284,-13.0209720795805
"MAPK4",-10.1114346037422,-9.75756257842212,-10.5642437179392,-8.53129980131595,-9.48149308744165,-20.1740156236802
"MAPKAPK5-AS1",-10.4800761257527,-12.3810944317136,-13.1642100518685,-22.3009772483115,-22.3135289363478,-12.2990808518275
"MARCKS",-7.28259720155368,-8.47683725285539,-7.67229519144136,-7.09030166808215,-7.71147613886598,-9.11602665566914
"MAST4",-9.03163682638634,-9.81396842340003,-20.6796031774704,-10.6218869594579,-10.1028095580842,-22.0082578596229
"MAX",-8.76467335487649,-9.97531547152396,-10.8485075606561,-21.683277282128,-20.6344562367755,-10.4291299940548
"MBD2",-18.7460997454859,-11.2558197484536,-9.32333192785999,-10.2129097416146,-13.1370112889349,-10.6602265538512
"MBD5",-10.9668002089072,-9.83334643859643,-10.2516309963626,-10.9371703754432,-20.7271949655438,-11.578832579971
"MBD6",-11.8652740302645,-11.1407443127263,-14.6445316384729,-23.1954998430511,-21.6270732777604,-20.9186876596138
"MBTPS1",-19.7069880004312,-10.5912068394987,-20.6327975891599,-10.5251581335407,-19.9100534564258,-9.79900198573941
"MCAM",-8.78924529848241,-10.0832263396676,-9.6275389099079,-10.7784831384446,-21.6854717025593,-22.338278684101
"MCF2",-10.8094729223733,-20.4288454567405,-20.7260268193775,-10.9589445937158,-12.5201779967956,-9.95235557348878
"MCF2L",-9.90148195222706,-9.59658179690766,-9.8454052170304,-20.9267828718225,-20.6417828946446,-9.328207796232
"MCU",-10.9622198898172,-11.3189489476934,-10.776762300112,-12.7849569288209,-21.4810297235169,-20.8900028803502
"MDM2",-10.2202428279307,-9.37231150930496,-9.26290708809471,-10.2362566566521,-10.2935998522099,-10.1375711429523
"ME1",-14.9031294709893,-20.1641550267476,-8.85352588668291,-8.81583773818735,-8.74039416769193,-9.81088765816546
"MED13",-9.0361520606326,-9.79561036716668,-9.69959070831857,-9.92053328950819,-11.7839261355974,-19.4347481967776
"MEF2C",-9.36196044086836,-21.3659482920368,-10.4738095416719,-9.98915434765892,-10.4142954252072,-21.1141093768655
"MEGF10",-10.164895213102,-10.0621888016822,-9.38308254446975,-9.67949335005205,-10.6021708672402,-19.9735898827764
"MEGF9",-8.99171414894921,-10.2214744036252,-9.20643274601765,-8.72156860488825,-8.33966970992564,-8.73566487010642
"MEIS1",-21.010845398279,-11.0704884245535,-10.3560836957802,-21.5422155855106,-21.4566390587541,-11.5118920989476
"MEPCE",-18.8191428808718,-10.6339995570092,-20.3011071967095,-10.3185374763994,-11.8217343491503,-11.5415730145101
"MERTK",-20.981564981087,-12.3967686393405,-12.1792031298678,-10.890379226434,-11.6840419402496,-22.3670252389143
"METTL16",-10.0178327581448,-10.0075909327423,-10.116337374468,-12.0832487730404,-20.5277014394512,-12.0042177958266
"MFAP3L",-20.8996500774855,-8.85376963930161,-9.02975060188994,-10.7556434304175,-12.9370959167165,-10.8894043729131
"MFGE8",-11.2001945699437,-10.4831198646218,-9.41659386994593,-10.2170358026532,-10.9186090155418,-10.180305281673
"MFHAS1",-10.0702021251708,-22.3724858598333,-21.5723004685122,-11.6178475516094,-10.8646149143693,-12.1679099042933
"MFSD1",-10.092197654794,-10.60728591032,-21.155475339538,-11.1395291206714,-21.1297479113675,-10.1658226425861
"MGA",-10.6487804817525,-10.1555077108339,-19.955869067819,-10.8586192773561,-12.3670916927603,-21.4306748656604
"MGAT1",-8.45780496956611,-9.62017055147612,-10.1598114377763,-10.4328764574531,-20.5265775203514,-21.7640225069275
"MGAT4A",-21.2384260995597,-22.3672898480029,-10.2993972298948,-22.7909508005846,-9.83752844237763,-10.046623982777
"MGAT4C",-20.4101900732254,-10.4890817388667,-9.76130814072595,-10.241735638329,-9.91938926335751,-10.6038538611592
"MGP",-11.2770870543011,-21.818129312404,-10.7588247467055,-11.9389916205009,-21.7379107981873,-23.4604807882811
"MGST1",-8.76372239707017,-9.22933193386954,-8.90949223655723,-7.70521070293101,-8.25969379684448,-9.49269789115234
"MIB2",-10.5821765737808,-22.1361635904606,-11.2332963810574,-10.7736919509358,-10.7044397040576,-11.3119867434894
"MICU1",-19.870149328472,-9.63011227517646,-9.23289471198091,-10.1672743639303,-19.7980188393867,-9.51971302481392
"MICU3",-19.8889862965201,-20.4631074142889,-9.9734240660976,-9.86134349746539,-9.60490975900051,-9.08111158766267
"MID1IP1",-9.66462951706156,-8.39090642619544,-8.86999995337333,-8.85822973267749,-9.42216401726793,-10.5799696526135
"MINDY1",-9.70706810131274,-10.8349302403436,-12.1474178846641,-11.7034770366253,-9.73852774184941,-20.2649332690013
"MIR9-1HG",-7.40883582132946,-8.03671950619501,-6.98561093133309,-6.1516339244166,-6.51189068812242,-9.46955051089374
"MIR9-2HG",-9.22603306809951,-10.87106525965,-9.04002741719933,-9.35225198649663,-20.4170420586638,-20.4855830671078
"MITF",-13.4136441216575,-10.5492848568477,-11.1924635369593,-11.9602899778202,-11.0677111701295,-10.0247544320703
"MLC1",-14.98877911739,-19.8358986531898,-8.63064312199866,-8.24396362415672,-7.951444835999,-20.4377661303652
"MLF1",-11.221332842212,-21.1105858232163,-10.9924895331102,-10.6084153266741,-21.6790112149106,-11.1203746641167
"MLH3",-19.2179213775818,-10.6362283215367,-18.3320220205905,-10.3754445274806,-9.48475357186884,-20.8022312142809
"MLLT11",-9.99901693531858,-9.66756620333736,-11.8952565413666,-11.3044395345308,-20.2730909484891,-8.47811320717114
"MLLT3",-12.1746046397574,-11.0558385041098,-11.3903757960345,-21.648748593643,-10.0574739871586,-11.3837402374767
"MMD",-9.14625920012609,-10.2705974781964,-10.5728598238494,-12.0999457719491,-20.4552563097701,-10.0381821711283
"MMGT1",-18.4745520518702,-21.0011565948956,-10.9828968107633,-10.2533219999388,-10.0836275468987,-12.6242515256129
"MMP16",-10.0691565403436,-10.3410345460199,-9.90422044054332,-21.5481109126126,-10.338069843663,-20.0545036980586
"MOB1B",-11.186545646539,-11.1588721975952,-20.8939670649498,-10.1878564366965,-11.7695468065768,-10.2422888186371
"MOB2",-10.1603001113022,-11.3360686924398,-10.3223312479637,-22.3123988877272,-10.8968143825308,-11.2867987012994
"MOSPD2",-19.3514900674133,-8.83895427245459,-9.16851395858902,-19.8603114108907,-12.3242687034878,-22.6236506642366
"MPP1",-19.9589529311791,-10.1327109573783,-17.6639074869872,-20.4661344947862,-10.3479314119065,-9.83761387773181
"MPRIP",-8.92706474567206,-9.45847321290607,-10.9426668933214,-8.65451982616159,-9.02585997448941,-10.0533193721639
"MRC2",-9.57520857780093,-11.6433663372331,-9.70590550899736,-10.2545116328873,-9.76501234776165,-21.3512159559945
"MRFAP1L1",-9.51039282438828,-9.72155811692529,-10.5036741335934,-9.88529376793851,-8.92307488849869,-10.1009384845821
"MS4A6A",-9.57171020779723,-11.916708617546,-21.2016329994612,-21.2593979103152,-13.7932317364814,-11.4593752918249
"MSI2",-7.99527984471113,-9.18967226339823,-8.15600753681417,-8.89443610291646,-9.12248178532118,-7.72171262570039
"MSL1",-9.57163388633484,-10.0150652192612,-13.4634073552297,-10.2374361556668,-13.8316328008561,-10.3218933902805
"MT-ATP8",-6.11182919375809,-5.77422664386759,-6.36223097793139,-5.70385695769912,-5.60366479752303,-6.49150490270199
"MT-ND4L",-5.61947410695725,-5.7458891242858,-5.89560307242105,-5.35112267095274,-5.21995787201123,-6.50177269546739
"MT-ND6",-7.97106671779148,-7.45894723126824,-7.46440185033997,-6.76972372237307,-6.6343615271691,-8.63548743376908
"MT1E",-7.84559915578285,-8.3195755769629,-7.41042471285757,-6.53136223468229,-7.26548033987072,-10.0313956681781
"MT1M",-18.4448894375569,-18.6042839948983,-8.50983712512281,-7.53644333600935,-7.84317071161252,-10.7261977516636
"MT1X",-10.3728675193787,-9.27167337050593,-7.8528045504594,-7.90907906941683,-8.00772878720637,-10.4208039230973
"MT2A",-6.29927259212948,-7.84893081180315,-6.7283726528878,-6.26225506104808,-7.00607456018862,-18.2005566917827
"MTA2",-9.46572207074185,-21.0859794436466,-10.9676203765843,-10.9167869453571,-10.7787983727985,-20.9412152113279
"MTARC1",-10.4057639766943,-20.8991928503742,-11.1144692593674,-10.7967575939287,-17.5917949210465,-10.3239844064878
"MTCL3",-9.38228275945174,-11.0172507802152,-10.567131006551,-12.6992708630246,-19.8631977417184,-11.3526040546746
"MTF2",-9.8359420201863,-13.3099032015042,-9.93991329270389,-11.0052719407599,-20.1397880652015,-12.9336866490062
"MTMR3",-18.1932091134543,-9.50229480441475,-9.42949621860516,-10.9168476110593,-9.36539081322256,-10.3310941095464
"MTMR6",-18.1261652314269,-10.0381267588633,-9.83715095163405,-10.6184871960669,-9.30455348302559,-9.35806180328039
"MTRFR",-21.7591814568627,-11.3448044509002,-10.2507092791481,-11.1474270706825,-11.3018062259844,-11.2790005125931
"MTRNR2L1",-18.6180704275663,-9.27709289033953,-8.87732816774531,-9.28220585388573,-8.45027316363152,-9.03169085786859
"MTSS1",-10.4292607257563,-9.60518579536527,-9.94478412042425,-12.766473147512,-11.1858239528263,-21.5354528369864
"MTURN",-8.20361104466208,-7.02336771643725,-7.56289699392414,-7.04164502369192,-7.04921852254382,-9.96878625800982
"MX1",-8.91889032616431,-10.6905793578267,-10.6247043266091,-19.0834064487844,-17.2921503385901,-9.55732804438618
"MXI1",-19.6115585948759,-8.95780914415273,-8.89913180169132,-8.6330010791014,-9.41318835045185,-20.6907273287315
"MYH11",-9.81475572414534,-21.6828154550352,-19.2670316289014,-13.1189721699696,-10.7216758854405,-23.2977372384701
"MYL9",-8.86176927198462,-11.2901474548608,-10.8785752799373,-11.5243840103666,-21.510469385055,-21.7053453827118
"MYLK",-9.84232743120905,-8.81439715654947,-9.35314303358189,-8.87955801605424,-10.5548673382969,-12.4057222857483
"MYO1B",-10.0169576139621,-12.3794524390829,-22.0356177962997,-21.3437041329891,-12.0251795028609,-11.260321583823
"MYO1D",-21.2215932007797,-9.5734044996951,-10.47717176562,-22.4745432181679,-20.3301972388111,-22.2469615074631
"MYO6",-9.52301097678411,-8.92218482170451,-8.6728850731494,-8.88334428034324,-9.31015316764534,-10.0339283230333
"MYOM1",-9.58506045861682,-18.9989133233153,-9.62752458457589,-10.446752039415,-20.7179912675308,-21.7098626178098
"MYOM2",-20.4328955509482,-21.3199160946812,-10.5596436999797,-11.8468534947144,-12.2688719995799,-23.1687921605319
"MYRF",-20.33992993707,-7.81354359905528,-8.49710803586221,-21.8738796517067,-10.7382979302879,-20.9794707943635
"MYRIP",-10.4339551037729,-21.543947231858,-21.0051494524413,-12.38025546979,-10.4640704373978,-11.2625118273218
"MYT1",-21.4222355495047,-11.1630920807572,-22.3045673321543,-12.5115819959642,-10.7908154158272,-11.2168372512034
"MYT1L",-17.9955898782474,-11.1020531694074,-10.2550667145686,-20.6560852379782,-19.8026500041015,-8.91414361610468
"MZT2A",-9.77682586725779,-10.1201786040859,-10.1152300035244,-19.3064212134264,-20.3831167662483,-11.6352530711649
"MZT2B",-9.72818410570753,-10.6965793990642,-9.02965958333544,-8.83236301847472,-8.68417123897612,-9.98119031048993
"NAIP",-10.2383737259695,-11.0710785850067,-19.2772880871116,-11.3944291160501,-20.9778825335281,-21.8861716580218
"NAMPT",-9.71442396205198,-11.3939956307213,-11.664838226153,-9.67162066357395,-9.9738951948969,-10.4974788551978
"NAP1L2",-10.3052428516769,-21.2528439790044,-10.2717874733828,-12.0595624052057,-10.2712276006972,-8.29279188928624
"NAP1L3",-18.287690830755,-9.15909261579668,-9.19343823585957,-9.92516225148691,-9.90703458696877,-8.20519471522521
"NBN",-21.2306513139693,-10.8979003862413,-10.1758100054833,-11.425853743343,-10.7666698717475,-10.5338081977936
"NCALD",-20.244889593236,-12.778186995379,-10.736278222005,-10.7309328278682,-18.2321348908391,-9.92411707312069
"NCAM1",-9.73860826922968,-7.43849819972421,-7.69276223959136,-8.69923882468259,-8.8465720322746,-7.35548205830188
"NCAN",-9.00974409840444,-11.3124704335735,-10.862545444907,-9.73795193045524,-10.4426657593539,-9.75066601990532
"NCK2",-9.65671641034827,-20.9884586604428,-18.7513664894529,-19.6785223198451,-9.51775828216211,-9.84963142466484
"NCKAP1",-12.5639926596043,-8.83205333079476,-8.83341686148923,-8.78826821601219,-8.327436073074,-7.82651664773065
"NCS1",-20.4970718276288,-9.91220479991301,-9.34431302973947,-18.9711088215052,-9.95870645496056,-8.11412725379498
"NDFIP2",-9.4009175207598,-9.3871562107147,-9.37710561399203,-19.0709724669175,-16.2375889689362,-9.93432513484014
"NDP",-20.9359638058805,-11.82222453294,-11.0379228542912,-10.0073721696459,-21.9403538933539,-13.9968078266837
"NDST2",-9.49376226862406,-11.2682454382163,-10.2006179511702,-12.2394150110216,-19.62739237423,-19.4176492877013
"NDUFB6",-17.5408129920597,-9.39714530963422,-10.0632311740281,-9.05702449688732,-11.438356311549,-9.79893986608265
"NEBL",-8.56530631675361,-9.13174957681159,-8.88796028516284,-8.01242494149813,-8.06214659883106,-8.45636399714379
"NECAP1",-17.9077985718763,-21.607081518997,-10.9351138143813,-10.5645887340499,-9.87084516161821,-9.25714679889328
"NECAP2",-19.2243693937398,-9.68262654364759,-10.9639825622942,-11.2634200020919,-10.3091817595428,-20.2838285352452
"NECTIN1",-10.500737092574,-10.5122935149651,-20.2482188234934,-11.3365496768589,-20.3780367131588,-10.6005733334722
"NECTIN2",-8.36838540949175,-10.5079898655069,-12.4946643875949,-22.0911992019699,-18.4281531894766,-22.2461549384522
"NECTIN3",-21.6418830533783,-11.9989240385151,-21.7241622322539,-12.547370534507,-18.4243739254933,-15.1178692162851
"NEDD1",-21.2585656782251,-13.5968002891941,-11.6400240574591,-11.9931749306973,-10.9371500174251,-21.9521929005278
"NEDD9",-8.5995497583486,-10.8076335054271,-10.2923646561838,-11.2744675432918,-11.1501705285721,-21.516787772332
"NEK4",-11.3757186007899,-11.0076182382537,-10.7176232342329,-11.7520042651528,-10.4408745199378,-10.9936221612486
"NELL2",-20.2384379726254,-16.2810910473569,-21.4223970372634,-13.633109689868,-10.7036101441086,-9.96887705159492
"NEO1",-18.1117123691683,-8.93542337900933,-9.39900678559146,-10.8502351882157,-8.94000305769479,-10.829540252837
"NES",-9.29260525211451,-11.3254462045942,-10.1065939224943,-10.4962716546478,-19.6995052569267,-20.3093828973702
"NETO2",-20.6438866696,-19.875090909136,-20.6817928435211,-11.6135856608495,-10.4478705289554,-9.78730352128754
"NEXN",-20.7970219672123,-21.7530287473486,-12.4426319262032,-11.7662498513741,-10.7556873116049,-12.5513104446326
"NFE2L2",-9.95351053300162,-9.08224428447808,-9.18010456746821,-8.39411752995384,-8.86922749623549,-11.2830019584169
"NFIA",-8.2048019377816,-8.51368060224245,-7.74516253962965,-7.60307811183398,-7.91781323941297,-12.4363536610798
"NFIB",-8.11164189736316,-9.43932633155543,-9.04056605379471,-7.80839007117013,-8.58121974985526,-11.0352490825689
"NFKBIA",-8.58688167680726,-21.2984828167156,-9.50058516179771,-9.62675996871122,-9.50133697405936,-20.1884732066974
"NGLY1",-11.211132395046,-10.3589740341471,-9.75025707753647,-21.3164039492785,-20.268430769715,-12.4094610054706
"NHSL1",-18.379362154256,-19.7380097170864,-9.65707188909642,-9.58322917305206,-9.84134129057112,-20.4591940944271
"NHSL2",-9.74009564011972,-21.2787740580055,-10.9170102623086,-11.5394702607874,-20.3979448775993,-11.3438593615773
"NINL",-22.1793844939063,-11.0112799028194,-11.022552195592,-12.6509161220668,-11.1170819842703,-22.7116327433999
"NIPAL3",-9.21329257781358,-8.18484558763703,-9.18759803433423,-11.1432165968076,-11.0921397328174,-8.81250954112745
"NKAIN3",-19.258531217841,-9.97123758693507,-9.51811448777192,-8.80414567613947,-9.22838556379238,-10.4295688189443
"NKAP",-9.3022969334582,-11.8826380485467,-9.98298345734113,-10.6677385439643,-9.8649375407297,-11.7179903595273
"NKD1",-10.0470659688729,-10.8577845475123,-20.8017604846034,-11.0741720577806,-20.3622881447315,-16.6178214471694
"NLGN1",-9.99717870236513,-13.1728953060888,-10.8460756142585,-20.2787425524384,-10.4614676706701,-9.81592936112096
"NLRP1",-10.3858017931742,-12.6142869974938,-9.88050889641615,-11.3893902701136,-9.95056326808495,-10.2331887764207
"NME3",-17.4388967283177,-9.44350896992871,-8.9428124138486,-9.53322483830781,-19.865528823648,-9.41419164370135
"NMT2",-11.2802156726879,-21.7500145561759,-10.3369300045782,-10.3611060017611,-9.65604303191856,-11.9309639734975
"NNAT",-21.7236120592883,-12.3591275179871,-12.5861447026141,-23.1542178392277,-20.5131299476701,-11.3135981129815
"NOL11",-19.8463673061003,-11.9341514137602,-16.5957762872269,-10.9447050729244,-10.6143241045928,-10.3580148030584
"NOL3",-10.5474609056659,-11.6914066011718,-19.1222140558728,-10.6017071630638,-11.2771365210692,-9.75301008458342
"NOP53",-9.16691282936758,-8.84979771604324,-9.19325897309044,-9.39680873855375,-9.50196967453615,-19.5193705960894
"NORAD",-7.67038653112996,-7.80388946644701,-7.60555075468208,-7.39241198361829,-8.23906755387235,-7.21432581882671
"NOSIP",-19.4490032931441,-12.8464831954142,-10.1634269049472,-10.1940157320591,-20.1078845134204,-11.1970586984107
"NOTCH1",-9.78258895487015,-9.39672231226725,-10.0911086942887,-10.2985465269835,-10.206239818694,-21.121282632614
"NOTCH2",-8.85983215562989,-20.6405367734941,-20.1782405372652,-9.91023602724256,-10.4253307770954,-10.7916899402681
"NPAT",-11.0424327129546,-22.9135544263685,-22.6500247878287,-11.6999827957346,-22.2777803816115,-11.5245043212161
"NPHP3",-12.6537108934649,-9.82370107276111,-21.1722013934543,-21.9464653736423,-10.4406600622232,-22.2958095136282
"NPL",-20.6880196693155,-21.9247014784911,-11.2391825571011,-11.2662384747156,-11.0320602101675,-10.7569052640208
"NPNT",-10.2270711070888,-22.0376622574706,-13.2774095814704,-11.0850777739704,-9.36390419385652,-9.00730678154236
"NPTN",-8.85154013786033,-11.4716612196299,-9.49798049566077,-10.4298326671741,-8.79016695574171,-7.93312669217477
"NR1D2",-9.34456859659646,-11.7181733786654,-9.42406620367592,-10.6767268677793,-10.2470444755799,-10.288834294543
"NR3C2",-20.6554046116626,-19.7725415378754,-10.1375152280733,-9.80505568221398,-9.8382406039545,-21.3016984509648
"NR4A1",-7.50843352888369,-10.6725749510539,-9.48278510647671,-9.67033461092883,-20.6837604105422,-20.6332944998532
"NR4A2",-10.0126509828564,-19.7194575128383,-19.5346965845703,-10.7910512786549,-9.76228334153681,-10.234519218227
"NRAS",-9.69884297001862,-12.0670423030821,-20.4499377686283,-20.1291534075925,-10.405224146347,-8.8969405837775
"NRG3",-19.7766024262295,-11.1631144371538,-10.7474883909105,-10.7354135376009,-11.0084724575284,-12.386987490098
"NRN1",-10.5267044667618,-21.5953926069329,-11.6043754083892,-11.3435400795016,-21.5235799491568,-10.9417261633956
"NRP1",-9.83877335795331,-22.7614106171202,-21.4054116201364,-22.6010738338466,-20.928625296403,-11.361442621395
"NRXN1",-9.49578633735475,-8.70633220648669,-9.13144563374698,-9.87727516736827,-18.007073394965,-7.99597446806151
"NRXN2",-17.2667505698028,-11.718856504985,-9.14354556131976,-9.71057492380634,-10.4193019056083,-8.0199523691693
"NRXN3",-10.2850677254784,-8.83583157751416,-8.64294727125175,-20.7809681399141,-11.1044393679755,-7.04208941653816
"NSD1",-9.93667106427002,-10.1877131740865,-19.4554921969996,-21.317517459709,-10.8860135558876,-10.808723347591
"NSMCE3",-19.7640003170919,-10.143632526679,-21.0974655998922,-17.4863901963438,-10.8647124817694,-9.2501044092448
"NSUN6",-12.1292641986667,-10.1807967909794,-10.9842899201994,-11.5727329335483,-20.589734413759,-12.0669049403502
"NT5C3A",-9.58691446686428,-10.1543220109023,-19.4747908051063,-18.8276381654304,-10.1906683343025,-12.5966900030037
"NT5E",-20.8378549030023,-11.171636818706,-9.81692077450432,-9.5481247849249,-9.94661885734601,-20.173250247396
"NT5M",-18.5061976934354,-22.0584224885173,-9.66433102479657,-11.7817777464294,-9.90769872660415,-22.0524219640898
"NTRK2",-9.6722114030579,-7.88088021078652,-7.08870610099454,-6.51800525037361,-6.92888249379919,-8.39902131408457
"NTSR1",-19.7337965570771,-20.9357235597871,-11.0456690929827,-10.8535733862236,-20.0741654474327,-9.71168797341519
"NUAK1",-9.04116764705253,-9.58378762703501,-19.7479180275184,-20.1381721223984,-20.5230341207224,-10.6446512378774
"NUCB2",-11.9518136782651,-9.6596459155344,-9.50572697755494,-10.1124416779752,-9.70480426830071,-9.65233548362168
"NUDCD3",-9.48719586081943,-9.65271036263672,-10.6397856526106,-20.3325339700175,-10.2793760052161,-9.29643136678625
"NUDT10",-20.6336567528743,-16.9868274919687,-11.844363220612,-13.0749204777128,-11.1984178957628,-11.4271661966344
"NUFIP2",-9.03598060144065,-9.75439914974097,-9.75850702203092,-11.2110336362307,-19.5596393898093,-9.27430861035837
"NUP50",-17.3593351470245,-21.8034280707544,-11.2588070195931,-11.7619995476147,-10.0518104521888,-10.4835765647225
"NUP58",-21.1523224052094,-11.1971899822795,-12.4259297783239,-10.4143173533699,-11.7951732206031,-10.0664424679622
"NXPH1",-21.5276499923411,-22.3222371590164,-9.75734886451268,-20.4338362855673,-20.1690467718699,-9.60006595145264
"OAS1",-10.4097743924305,-12.5960204095009,-18.3165750598813,-21.1207444117097,-11.4948604198569,-23.5598563998392
"OCIAD2",-10.7245464506361,-11.116063285651,-10.2801631464567,-21.6475665211263,-20.197595920162,-10.3651954871462
"ODC1",-19.5783575595401,-11.380381660967,-10.6628996476553,-10.4282478387861,-10.8116848994067,-10.3660453447975
"ODF2L",-10.3618908119502,-10.1295170088844,-10.46287194261,-11.0137064735548,-20.9306866570854,-21.4777886631211
"OFD1",-10.8643060497155,-10.5057655887228,-15.2707999865587,-11.842031008453,-10.031520698856,-12.8880765293793
"OGFRL1",-8.52281387346612,-8.89498667902981,-8.82279443999665,-8.26459132879602,-8.33925081365677,-9.52770191850492
"OGT",-17.6290361936685,-9.69561946372066,-10.0063217079893,-10.0390001718574,-10.6528455261495,-11.5837835321022
"OLFM1",-8.68029571458106,-20.6264528355335,-9.08913261469088,-9.07590726485114,-9.93929071921635,-8.53555184245858
"OLIG1",-8.57475648411923,-7.33477528132428,-8.22078217118438,-9.21452868213217,-8.85983429248317,-9.91396109865647
"OLR1",-10.049114927041,-12.1603989770242,-20.2187370520352,-10.9521574243806,-10.8545754883027,-11.4586728695486
"OPALIN",-11.3923671650609,-8.38770488173195,-9.08477411659149,-9.65598935537775,-9.82200534506221,-21.8122152567784
"OPCML",-21.5069870286698,-20.5311659591096,-9.74294672068604,-20.555227565446,-10.4069740183508,-9.71729020327239
"OPTN",-7.99336222492779,-8.92803191647359,-8.68144315464614,-9.65182906214995,-19.352815544108,-7.5551600538281
"ORMDL3",-21.030751209697,-10.9409874623842,-9.51881324068015,-11.8264249879709,-9.70282549693767,-11.3279356111912
"OSBP2",-9.79145160155126,-21.3301830652574,-10.4200225285933,-12.9484732486676,-10.3183687466347,-13.7476683733488
"OSBPL10",-20.4867263696196,-11.0453040345981,-11.4801702203416,-13.0949141467435,-10.1947630666451,-10.5301932353682
"OSBPL11",-9.05517095688118,-10.6842101188218,-10.9840199945669,-10.5537848030291,-10.6276186157518,-19.1283431306695
"OSBPL1A",-11.670100539243,-8.19512191702906,-8.84684273235132,-10.1972476256494,-19.7549658691185,-9.43612837562633
"OSBPL9",-12.0337687338333,-9.49227556770707,-19.9245635036374,-10.424934049256,-10.2487421008051,-9.26455877600226
"OSER1",-19.0927793082185,-10.4699252379923,-10.1957765629334,-10.5449408908671,-19.5606512784991,-11.5348811488658
"OSGIN2",-10.4181204924863,-11.5829195973073,-9.98279280294034,-10.4317229223029,-10.4877220337607,-10.7186807021337
"OSTF1",-20.7679245204085,-10.6258689361884,-10.9567119738349,-14.5124094117051,-12.5082151065033,-11.2766168366158
"OTUD1",-22.1056741696001,-10.6147920635963,-11.9037392715069,-22.1324113170108,-22.1468817540093,-10.7912067633381
"OTUD6B-AS1",-18.741226312587,-9.59347889372366,-9.34827292609619,-9.41774360088659,-9.92867895027594,-9.03626388887633
"OXCT1",-20.7387098712261,-10.4230365390156,-10.2712888565439,-9.99789674159435,-19.2304628416007,-9.96504639561
"OXR1",-10.9846652907394,-9.31845251463551,-9.58870734227152,-10.4484584295369,-10.4720838704118,-8.93456062132332
"PACSIN1",-19.6454757660681,-20.6745601533031,-10.4651092729899,-11.5660166729231,-10.5015217993826,-8.67389489341374
"PADI2",-8.5238926252249,-7.87997036400786,-7.83638527981391,-8.64471292240711,-19.1394200622277,-20.103017179185
"PAG1",-10.9455550388345,-21.7693093857311,-10.6589462391894,-10.6388098675676,-21.2850293496134,-22.6007420699191
"PAK3",-8.2642677462819,-8.93564558156744,-10.2054746729946,-20.578256409937,-9.07827307486957,-7.90373469838418
"PALM2AKAP2",-10.0544467543578,-9.84123578378484,-9.85948783384248,-10.3193710622618,-8.88059126292501,-8.81463431114157
"PALMD",-9.24303307653481,-22.3095237619765,-11.3644739211982,-14.3940173785932,-21.2380025335218,-17.4941613873027
"PAM",-8.85391394273826,-20.7289506132282,-8.99339056144684,-9.69368441375351,-11.6067307193286,-7.97659684038928
"PAMR1",-19.9847686173404,-11.6337424236852,-20.4370831651747,-9.63183936366019,-9.60807080148478,-11.1764427380359
"PAPSS2",-9.89615579565786,-11.7982392574602,-12.2953658152857,-11.579026843468,-22.3741331056887,-22.6699543136013
"PARD3",-18.6836736961648,-19.9469389013049,-9.55668215248689,-9.33730611646648,-9.2165796868077,-12.3358204712666
"PARM1",-21.2752101507212,-21.3100323645489,-16.1729265981551,-11.5482448438337,-13.3896628810145,-10.4800841917495
"PARP14",-8.8626916510575,-10.8224944856688,-20.4285699971749,-10.6010329760338,-11.0403269355494,-20.9340524193912
"PARP8",-20.1404144953696,-21.2100485080682,-21.1793121371353,-10.20518207724,-20.6675635272579,-10.6989785917487
"PATJ",-17.794651957669,-11.7765255662971,-11.0689408401301,-21.911842096212,-11.8533225887788,-9.98667809122383
"PAX5",-20.899624708831,-9.93818659533231,-21.5962303293605,-13.7963054819133,-11.2081110112131,-9.51209978170741
"PBX1",-7.93908527727024,-8.84995161856496,-9.40282689062879,-9.06185976896714,-9.48167517344105,-8.054666808458
"PBXIP1",-8.41141451865633,-10.002667894458,-9.11306218930461,-7.91694477125023,-8.02202030118496,-10.2172682083928
"PCDH10",-9.05892040880497,-19.4312216796358,-8.89331015533261,-8.62375725585624,-9.07454040875521,-8.02957081533749
"PCDH15",-12.0250866733408,-10.6723215989027,-21.4988954227314,-22.8935829645165,-11.7472552169944,-22.3286089569857
"PCDH9",-7.76935121036456,-7.02704282686108,-7.53530231647598,-7.93138494756189,-7.34220986991679,-10.5444446008754
"PCGF5",-9.21179079960693,-9.30704634603711,-9.64157609320532,-10.3081200507776,-10.6837504827006,-8.89917384961471
"PCMTD2",-19.1596189886422,-9.16799972355018,-10.3504672807334,-11.2331314082697,-20.6164817857434,-10.0822432275439
"PCNX1",-10.3058451617712,-9.55860250137488,-10.7739271029979,-11.4584936963449,-9.38982513645097,-9.89841533590994
"PCP4L1",-22.1790829041183,-21.3294578975807,-10.8257094717406,-23.2219420345921,-12.9138841803561,-10.3380682805978
"PCSK1N",-10.2610888708065,-9.2147895670527,-8.94191774542086,-9.35778818400163,-9.52806119865529,-8.05180749959801
"PCSK6",-18.4791877908978,-9.23055281482726,-9.87866585419726,-21.2361935116851,-9.61673624360371,-12.9070356422306
"PCYT1B",-21.3398951737334,-11.5497906813767,-11.4653323472905,-12.6866323110921,-10.4663158481007,-22.9296667299132
"PDE4A",-10.6426976161772,-21.1176037910519,-10.2493365099512,-15.9548870792302,-10.1840053057541,-9.66180400201345
"PDE4B",-8.99346579077479,-8.74218642639699,-9.04517251916508,-9.32732920215916,-10.6326418121666,-11.9698098849148
"PDE4D",-9.55635183994258,-15.6608750534437,-19.9476524221792,-20.887984029766,-21.4355322244014,-9.79280773259561
"PDE7B",-8.9314944508023,-18.6350999767548,-18.7279329549698,-17.2197260762226,-11.1408223335966,-18.0734357954129
"PDE8B",-9.36648017080822,-9.83979539733098,-10.6657908196282,-10.426483745955,-9.50440806794282,-9.98052816802622
"PDGFA",-16.0909837932522,-9.33029502862903,-22.2654968910128,-12.8647788217873,-21.3265556252231,-10.2034617532244
"PDGFB",-12.2822822375114,-10.9974773753494,-21.6145220898588,-11.7270250757319,-11.2438962750274,-10.2641438751094
"PDGFRB",-8.50788336093711,-12.5326783929602,-18.9086112259543,-17.52916504827,-19.6882742248521,-11.9360525060312
"PDK4",-10.0657902980898,-10.1858864064583,-10.3343446158376,-9.37371262055423,-10.0982370695142,-21.6789939383333
"PDS5B",-8.92592288620947,-11.3549408247384,-8.9779808098389,-10.2891930244972,-17.7252789949482,-9.33024343680978
"PDZD4",-19.1081132744538,-10.3334008198468,-10.3220636967866,-11.302289103534,-20.4884317393498,-12.7291906454453
"PDZRN4",-10.8368183306206,-22.4391670959798,-19.9766526828451,-12.0682406758659,-10.971516881111,-11.8046080747825
"PECAM1",-7.98705743366374,-12.3167774742223,-10.7213081819599,-10.9605508892085,-21.3180762117321,-22.5840465562321
"PELI1",-9.56292982272544,-10.3147114163919,-12.6401243195889,-21.1858483370122,-19.8997879510469,-21.0695168836128
"PELI2",-19.9855204640763,-13.5513005101635,-19.9066161684372,-10.5610424664087,-10.4797974295842,-12.4554090627873
"PER1",-11.0559774193441,-11.0704613942406,-11.9284300156288,-11.0065894633364,-10.4445876681461,-20.4017121897668
"PFN2",-10.8887720530963,-8.44341771120685,-9.30254121871367,-9.61398290937469,-20.2100505491955,-8.33553206664991
"PGAP1",-9.59148914977852,-10.239580432179,-11.7572939403108,-11.2370688228033,-10.0188418961795,-11.1769406182206
"PGCKA1",-20.2431217854048,-10.7215864327215,-10.5351350594276,-20.5186667157593,-11.4386216832325,-11.1192101051595
"PGRMC1",-19.1368583730614,-8.53997785976849,-9.04826011892768,-21.4062921417574,-9.00146240038384,-7.50375836217197
"PHACTR1",-13.6040652252064,-10.8085216088277,-21.663773968045,-14.5986869883678,-9.99959127922476,-12.0730683791008
"PHACTR2",-9.20203103451518,-22.3787798910852,-9.83646690091718,-10.2942331951811,-21.1121524061483,-10.3092284226746
"PHC3",-11.1421402064805,-10.0565076743071,-11.0869255692149,-10.8295602069056,-9.92930474940085,-11.6264033099274
"PHF1",-10.5581424873539,-11.5716477147059,-11.2245590476232,-10.6468824511805,-10.5870293270358,-10.626685530955
"PHF14",-8.7151537713395,-9.629224148789,-9.51419374159103,-9.59929988350086,-19.1905763791489,-9.06357724835244
"PHF20L1",-10.4096105960404,-9.61334523191467,-20.0011676829254,-21.868273600886,-9.52935278703066,-9.63288195508896
"PHKG1",-10.8341462246759,-20.5922242925323,-18.5145906238744,-9.63400608942982,-10.772540463736,-20.3362611767669
"PHLPP1",-9.45011260287462,-8.48544873762105,-9.29075327515851,-9.71342352506404,-9.62148196815009,-10.497586533148
"PI16",-19.5821480739663,-11.0290811538993,-19.0099851531741,-10.9066433342195,-9.29913193244952,-19.5399812942708
"PI4K2A",-9.69923571078452,-20.817870125143,-12.4823599873976,-11.3082832773544,-10.6448912194784,-10.5823385498045
"PIANP",-19.9058114781851,-11.7015928570211,-21.8491221014477,-21.0232754184261,-11.5339513309463,-9.08007333149094
"PID1",-21.1191718581137,-11.135183941333,-10.2666068668719,-10.1673766486853,-21.1261470516914,-9.93353871747638
"PIGA",-18.0889979215855,-17.5777868561232,-9.71542487194579,-15.8212381445838,-10.4294126999492,-17.5185379732361
"PIK3IP1",-19.6328203975321,-9.43901300155835,-9.68518528233696,-10.2684926806326,-17.8869052795479,-10.6812556739387
"PIP4P2",-10.6597119007849,-9.77803563185348,-11.5201673761475,-10.9791540543867,-11.8087277830101,-9.22465427119084
"PIP5K1B",-10.3980848074118,-21.5391418208009,-11.6525204052455,-11.208578136563,-20.8701944107232,-9.16740668493444
"PKIA",-9.79832893843635,-10.5613085642896,-10.3544991582502,-10.681290674855,-16.5892738131169,-9.67467809015996
"PKIB",-21.4858382552279,-22.5697478451414,-21.1967777992218,-22.4453830977854,-21.3434289239691,-9.61131836945921
"PKIG",-18.684860135812,-20.3279825590853,-10.2587440786872,-9.83393897258646,-11.1456376672199,-11.4199971545085
"PKN2",-21.591446413762,-9.92889673533733,-10.0601132522449,-10.3173692127923,-12.9916234508139,-21.297349667411
"PLA2G12A",-9.21063312044607,-9.58355234607809,-9.21350126984703,-10.9729843196007,-9.32218783784423,-9.74416041057553
"PLAAT3",-9.39645041466338,-7.7235186200021,-8.13418716961421,-9.19073407811519,-8.37422085138303,-10.3592285968024
"PLAT",-8.23439496251182,-21.0979858703691,-19.0595531476805,-10.497878352149,-20.3056165441553,-12.7942833515731
"PLCB1",-9.67270220481567,-20.1309175520967,-10.5144633409315,-9.14804454582529,-9.83442875027455,-9.14555169349673
"PLCB4",-10.268202329255,-10.8913153136697,-20.3650445851822,-21.5540690739782,-11.2452236464325,-8.97473437851938
"PLCE1",-16.9977221381202,-17.1915621200861,-10.3604098971632,-10.1556629516342,-17.4381407136976,-15.065915549445
"PLCG1",-9.81017986145566,-11.0262130830811,-10.1618800997171,-20.4587503181639,-9.84676355173708,-19.2473823469901
"PLCG2",-8.15510872796423,-8.85748517818014,-9.14037079442252,-8.95026103551013,-8.39949676241597,-10.7705207242554
"PLCL1",-12.8811348325816,-9.32803127204833,-10.3339614224332,-10.458600062217,-9.77467357137078,-11.1747172109664
"PLCL2",-19.4410096488219,-20.4634342291417,-12.4251767883921,-10.4831599743745,-11.4756149158909,-21.5442899683629
"PLCXD3",-18.7485226173848,-21.3769133001953,-10.4132134465493,-12.0723935591281,-10.3562750556696,-9.09294961291308
"PLD1",-20.0095276500171,-9.63246396899964,-11.4012128284584,-14.5663679192188,-19.0982725007624,-21.5725638952688
"PLEKHB1",-7.85619779710738,-7.12321927164015,-7.34087937034838,-7.28114830231755,-7.77529474618517,-19.9662593376446
"PLEKHG1",-9.81648079465628,-9.82527998230931,-21.0759223720686,-21.8129306480167,-11.693186617323,-20.9875280546963
"PLEKHG3",-10.9617428508406,-10.0173414442659,-9.502041603418,-10.4205399650234,-20.4642893190209,-10.8050082179485
"PLIN2",-10.9772436669915,-11.2957858519063,-9.661584425886,-11.01555477781,-9.4221577180377,-20.4406144733869
"PLOD2",-20.614733339397,-21.3648702498292,-10.3048664343291,-10.1931222302675,-9.74665387580909,-21.413096781995
"PLPP5",-21.6490134842392,-12.3641398912931,-12.9126578238348,-23.9719821113602,-10.6178033435309,-12.1434087508671
"PLSCR1",-9.58938956259989,-11.1636821718044,-10.2222186744231,-10.9610837226845,-20.8485458826356,-22.4092258777031
"PLXDC1",-8.82205460107988,-21.870351872278,-18.3793123807416,-21.808327673263,-20.6766656444418,-11.9670775332193
"PLXNA4",-10.1843353899759,-22.0676946520495,-10.249968626926,-10.4724193993472,-21.6745864761736,-9.85147595366465
"PLXNC1",-22.4169011713599,-14.275062247319,-12.3651286612898,-12.2740343153846,-11.251133860632,-13.7746985928173
"PLXND1",-9.53067384206049,-10.1048639444765,-13.5315658592005,-10.7942500897389,-20.0031610731859,-11.4054762205719
"PNMA1",-9.16113206349387,-9.09338258127276,-8.8220370576436,-9.43149747814793,-11.3903044422616,-8.68276017818269
"PNPT1",-19.6689915955169,-9.30210544980355,-11.1374451978283,-21.2081797434792,-20.5102595452237,-11.0791538177337
"POC1B",-11.1203661769048,-10.7624206376965,-10.262044419002,-10.3679479870107,-10.0670274297331,-11.9171356355358
"POLI",-12.8500940584649,-10.1505540317351,-9.51148051335682,-21.8758231502193,-10.4675573760697,-11.6527191805737
"POLR1G",-20.7182565434336,-21.1639334809102,-20.4093318147694,-10.8633559572799,-19.7028652168403,-12.067526814576
"POLR2A",-9.35159222374542,-9.59953297438918,-10.8336871713434,-10.8192070716991,-8.97142874294073,-9.11301471554967
"POU2F2",-9.92143127830298,-21.901723068933,-21.8828445205308,-11.4556029455944,-15.6984145992501,-12.2385205673099
"POU6F1",-12.4482695914969,-11.4589486223555,-19.3526960487231,-11.1735766045591,-10.4323675630065,-13.8274245165043
"POU6F2",-11.5417597938413,-10.9572049984117,-22.3693010254537,-22.1568662581427,-16.6029712370256,-10.2768052106696
"PPA1",-19.1305233331128,-8.06656926998373,-8.16329383785732,-9.45618886695814,-10.4728288272327,-7.98787348142896
"PPFIA2",-9.19697498071188,-11.7968739784884,-8.79014860933355,-9.92804546391111,-18.8379159289685,-8.88766858714754
"PPFIBP1",-9.15475345754531,-9.92492126084249,-9.91115734510241,-21.9600895216379,-10.1155155121254,-10.1470948902726
"PPIF",-9.00110783919209,-9.33193155519128,-12.2200863831476,-10.62334511525,-10.8617262759359,-18.9760411430666
"PPIL4",-21.6777112305973,-11.9838440310848,-21.3840338799587,-10.7264883750938,-20.8894335303734,-10.270655097225
"PPM1A",-19.28670840912,-9.73537723288707,-9.64279889805559,-9.78287718128314,-9.7127435990807,-8.99615164413789
"PPM1H",-10.8356805516131,-10.5128184709258,-10.1975115020198,-19.8396938747044,-19.9270112364231,-10.7088666233057
"PPM1K",-9.36341457673371,-9.04099705151536,-9.06874707693003,-9.85961251621905,-8.7379258204237,-8.26525904578331
"PPP1R12B",-9.50183664424871,-10.0167236171237,-10.0356502405765,-12.0661541954494,-20.7927265172565,-9.48275380802633
"PPP1R12C",-10.2957295212577,-10.0216775181395,-20.0249196490209,-10.5407494680453,-20.9590604358657,-9.43555045849165
"PPP1R14A",-8.55035569062939,-7.41050947977065,-8.73890524850426,-10.700528881003,-8.74397995910554,-21.5564523597489
"PPP1R14B",-8.78361334060561,-20.0325346629643,-9.4999087697566,-10.2986254246291,-9.20622247631354,-9.63489184657433
"PPP1R15B",-11.1591766130993,-11.3645763508936,-10.7798345877961,-10.6577536517669,-17.9830129595192,-10.5936174481276
"PPP1R16B",-20.6219900908656,-8.78529469125419,-10.3300821651288,-18.7928511155224,-20.956645250913,-12.7783895005852
"PPP1R3C",-8.76811890301324,-10.6051483740487,-11.0211773324756,-10.6069326606897,-11.1571372680009,-22.0391581532355
"PPP1R9A",-9.60349778577605,-9.72046607731125,-11.651198240219,-10.1161016442567,-21.1852556195661,-10.2605948738612
"PPP2R2A",-8.97636933378583,-9.29369297285088,-10.2220466459567,-11.9596630787935,-9.95436518511305,-8.98131087671988
"PPP2R2B",-17.9640440556537,-9.05301286298833,-9.67203454746546,-9.4193963439014,-19.6496088609803,-8.96712903523425
"PPP3R1",-9.55632954225859,-9.81650987699792,-10.4170493863962,-19.1079854285685,-10.5529866194623,-9.17043599661495
"PPP4R2",-19.6829526810962,-19.5405329858034,-9.2225031488847,-9.39231035523752,-9.27226236089078,-11.7213795043519
"PPP6R2",-19.2151387277177,-11.1883367758601,-10.1416905701949,-10.4270959713618,-19.3243368647772,-9.80200320346879
"PPP6R3",-11.3745893281368,-20.308816343472,-19.1208986009608,-9.91219132506568,-10.0911431965981,-9.93458833709162
"PRELP",-8.00768307380327,-12.1168644665032,-10.1892456772088,-18.5022580731647,-9.56645441043817,-10.8180657055832
"PREPL",-10.0735033891618,-9.15989852883221,-8.22793201700522,-9.28614259667816,-19.2536752851473,-6.94401402941019
"PRICKLE2",-9.89637346693106,-22.3253661142886,-10.9274760397448,-10.6742336403973,-19.746740389525,-10.6855030960656
"PRKACB",-8.63942224824587,-8.02661104428805,-9.3614816773164,-8.46264159266986,-9.75299497125601,-8.41921732635981
"PRKAR1B",-11.0668577796756,-9.84875403291381,-10.0149097560958,-21.2899622359425,-11.1911636847005,-8.12488676111897
"PRKAR2B",-8.76195865447839,-19.6289602602575,-10.6281807015547,-21.3873500968708,-9.2357087477798,-8.59771634619892
"PRKCA",-8.05561129873585,-10.1144553457034,-9.20003081699311,-8.66268937071366,-8.64382750652739,-11.0883807245376
"PRKCB",-9.69946421028084,-10.0713073446826,-9.86461572005574,-21.2367390884405,-20.623736924853,-9.2088515256841
"PRKD3",-9.82638655881268,-10.4978660445612,-18.6274997491687,-10.7004184048175,-19.3329373691196,-11.9858398155268
"PRKDC",-19.8679887333831,-9.19549127335105,-10.1455494327796,-10.3131156808034,-9.91165142270664,-9.49684561918799
"PRKG1",-10.4321997422973,-12.8729017601851,-10.7107627450853,-20.1485968112856,-18.1236290230148,-10.1079933713723
"PRKX",-15.7940908519682,-20.7293619842295,-11.6517271437496,-9.96935544214339,-9.95175199203405,-11.0993603175532
"PRNP",-18.4318850678083,-7.62853224492088,-7.55935085050725,-7.5445732077936,-8.05592913232202,-6.8723772374438
"PRPF6",-8.91823201897509,-9.7319910740062,-10.3893387243545,-10.3718501566672,-12.450286603899,-10.2192032939915
"PRPS1",-19.5835139993549,-9.90743794899556,-9.66567007346543,-20.1874252535763,-9.96993917088423,-9.10205712665377
"PRR5L",-21.6732400480763,-10.7550327733058,-21.937815666432,-12.1075489766983,-11.1749369659906,-21.5834160830984
"PRSS23",-8.90275810629356,-11.0034245881479,-12.1664283638832,-20.9551490912978,-22.0631967531768,-11.7152577874957
"PRTFDC1",-11.3662791573958,-11.2875813167382,-9.92916573134966,-11.7864974180069,-10.0521695179775,-11.3342504418791
"PSAP",-7.62213830047753,-7.24232760035863,-6.65285853669588,-7.08485187884834,-7.13251163910085,-6.68937744056531
"PSD2",-10.4128765546919,-19.6831126776241,-8.30783242989244,-8.06790426762389,-8.70911826836836,-11.0363129232316
"PSIP1",-8.35062528233949,-8.68011387436642,-7.54827625259803,-9.51713374649402,-8.9158361418334,-8.06838860236278
"PTAFR",-20.1576572534083,-11.047141683981,-10.7637432515082,-13.2109610232933,-11.0806042273091,-13.0360930649192
"PTBP2",-20.5372516939346,-9.66308613639941,-20.8987741786708,-11.0194495167845,-20.5895758428122,-8.79459674158515
"PTGDS",-6.55786632820682,-5.91266831954093,-6.1895286810604,-5.88752799654215,-6.40577390634142,-9.31575374049106
"PTGFRN",-19.1927051312345,-10.9900765674214,-10.2104749159395,-10.566321989022,-11.6989132170149,-21.7499779700446
"PTMS",-19.6822543932112,-12.0571763046253,-10.9949863440812,-9.69527316139553,-9.77567836049777,-9.22222251805627
"PTN",-7.99150469753377,-8.83480891950014,-8.26357564476606,-8.31554258822391,-8.7631272548295,-9.00377524157489
"PTPN4",-10.2928253309809,-10.2603031246314,-10.1646735882757,-21.946403658856,-19.3551329333097,-10.0081313968821
"PTPRB",-8.82580662065953,-21.2234607838648,-21.0306899586278,-10.5004442746756,-10.9717442511546,-11.3938664218436
"PTPRC",-12.9376861490299,-11.7821038207961,-10.681585099849,-21.4235789715065,-11.1152523444265,-22.7579437914313
"PTPRF",-9.64956065059481,-10.6436504811886,-8.89119143131592,-8.85520245626659,-9.16538387166767,-8.45701370147194
"PTPRG",-9.42754501374263,-10.8260448153656,-19.9734602789311,-10.6036594702385,-18.0953267785387,-10.7595428488366
"PTPRJ",-20.7836675543001,-20.7945714789722,-19.3475939832619,-12.3588110455155,-10.1585194220728,-9.76567474042051
"PTPRN",-20.6423318966395,-19.9064127490492,-10.9590168661502,-10.7079794130892,-19.0683725420489,-7.88785967332011
"PTPRN2",-19.1789861110442,-10.839946728613,-9.47320127650038,-9.96001124297908,-9.65574223479976,-9.06497014186949
"PTPRO",-21.8008241964296,-10.9633119869032,-11.1586878402186,-20.6396153872513,-20.7569540304192,-10.0194831578639
"PUM1",-10.520450184698,-10.4762024037025,-10.3376467585,-8.76605442769797,-9.00695983555382,-8.29937447008627
"PVR",-19.1730611797159,-20.759742452986,-12.0046351069884,-11.8217950008228,-18.978380623999,-9.96244326410558
"PYGL",-9.96178241899278,-11.7143337708027,-12.2585040002218,-12.4941012397619,-20.3839342798386,-10.3720440261663
"QPCT",-9.84361186731132,-11.454774080268,-21.8920497698937,-11.6133100646564,-19.8881796595875,-12.1984425735642
"QSOX1",-11.377682498312,-10.592586050187,-10.2909580404174,-10.6555862311546,-21.49683225778,-10.3142995720255
"QTMAN",-17.5047535910717,-11.0667588384368,-21.9086660724768,-20.7871234094101,-10.7063768552905,-10.3192971189235
"R3HDM2",-20.130274098011,-9.2946061880824,-21.0295912144899,-11.4857154335881,-19.9280631886151,-9.74402258019381
"R3HDM4",-9.30812869784483,-21.3668140217125,-11.193453774181,-21.4400552365506,-19.9751121321147,-11.0920766101586
"RAB27A",-20.5900545037043,-20.8589618415633,-10.9800427490285,-11.0590055238006,-21.9464931442529,-23.1055451117668
"RAB27B",-21.5776756834564,-22.1701351426738,-19.8866745424461,-11.983335685786,-22.2663290359723,-10.8555093302231
"RAB30",-10.7975039763782,-8.89531463869185,-9.83571050589499,-9.53879561270619,-8.63289025250752,-8.73100250641119
"RAB3C",-19.996466719793,-10.7756358663737,-8.79735981898978,-11.0730304441282,-19.8417494460298,-7.34224773167414
"RAB3IP",-9.16466375172285,-9.74118463426353,-10.2902047846516,-11.1133351117975,-21.1780513953851,-21.9080946468219
"RAB6B",-9.64127213246323,-10.1616672995722,-9.90323648133575,-9.05931706228472,-17.4641051189218,-7.46002188241439
"RALYL",-20.9325753135058,-21.1861449039054,-21.6149618616173,-22.3736214283809,-11.0085206549309,-8.75241174136544
"RAMP1",-8.87149897632946,-9.47393947183163,-8.71666174366843,-8.32056016374258,-10.3914579711345,-10.7134079850161
"RANBP3L",-18.6629720317942,-19.2794605640085,-10.0375130163966,-9.9956291381852,-9.63475380604326,-16.9277465489403
"RAP2B",-19.8176737956901,-9.56473100735207,-19.4665744236054,-12.0065941113608,-20.1207473650884,-11.5612351903986
"RAP2C",-10.7536038974114,-10.3234627728133,-10.2249001318481,-20.0574789606507,-10.7680645184507,-10.3487759240813
"RAPGEF2",-10.8531264702385,-10.9491984829728,-10.5875732965564,-10.0978112463333,-19.2663110186714,-11.2427269542757
"RAPGEF4",-9.58376672149831,-11.180953936455,-10.3800567256125,-11.3498811893058,-20.9394171602059,-10.0684330405655
"RAPGEF6",-10.077170330701,-9.82918316972368,-10.5414087618892,-10.924101965809,-11.3684828367502,-10.9012362826066
"RARRES2",-20.254275487108,-10.1055403029361,-9.14895365308597,-10.0652552728694,-9.64856610400488,-20.2197308792715
"RASA2",-21.9925146203118,-11.5010290896091,-21.7098088776859,-12.9452148110157,-20.8843209724219,-11.3358775319064
"RASAL2",-18.7645658846518,-10.4016945856814,-10.1229318888014,-10.6865346410197,-20.6357163470379,-10.370013887204
"RASD1",-10.4249975662316,-22.4405714466834,-18.7085848679134,-10.4184168171925,-20.3309423872853,-10.7333775340152
"RASGRF2",-21.2277907577065,-10.7267629526464,-11.3494241993902,-22.3672607527896,-22.3582430426743,-23.1472670432243
"RASGRP3",-17.975637797822,-8.65491093840997,-10.804225487063,-21.1536069154418,-20.0083831279049,-11.343302278719
"RASSF2",-17.5290292853061,-7.77789515197609,-8.96962799501346,-9.45924922050332,-11.2913317700067,-10.6765146522869
"RB1CC1",-8.88720689096157,-9.32831521026853,-9.8787777223218,-9.68800441374948,-9.01376353218225,-8.28807115739253
"RBL2",-9.38624620754539,-10.6973093045338,-9.68089084620516,-10.0468184189263,-10.4166169302755,-10.1768585388378
"RBM12",-10.8882978469009,-20.2532725988752,-11.7564312605209,-11.06081538891,-12.0637100945146,-21.5176201992955
"RBM5",-19.9087812076536,-9.55578471118895,-10.8574256906539,-9.41904046185788,-11.5164380710598,-11.6117410759955
"RBMS3",-9.35373835430782,-10.4224009418313,-9.98236899934416,-17.3878457370554,-9.43893654940908,-10.0079038744014
"RBPMS",-21.4227660780774,-12.0131789487916,-11.1703980775369,-11.1791389549321,-21.8567583068409,-11.8127566551581
"RC3H1",-13.86633915198,-10.3694647644388,-10.3743631779364,-10.356105047513,-21.175270116459,-13.3401786062902
"RCAN2",-8.94649999059675,-10.1949964769473,-11.1899250982175,-9.96852637035216,-9.89471669404671,-7.36817056276319
"RCAN3",-9.29667808368559,-11.7159048644242,-18.5207794292284,-18.5782132485053,-20.3353644232898,-10.2100093060243
"RCBTB2",-19.3333615530824,-11.1401961310217,-10.1828482231995,-10.8582972708357,-21.2648151020312,-12.0702988882085
"REEP1",-20.4153106303946,-20.9789518599759,-9.12021609774167,-10.9665354228765,-21.1221509340426,-8.01039052209314
"RELL1",-9.57427594016386,-9.65520602243589,-9.48724954537088,-10.156050289076,-20.5732489004362,-19.8614872274207
"RERG",-10.3652944930755,-12.2844727476181,-12.6965029903804,-12.1360832458699,-11.0859057268452,-9.82185607955456
"RERGL",-20.4898050108469,-15.3826929203939,-13.766721799136,-10.7987106289106,-21.2224321018585,-21.5351217053818
"RETREG1",-10.7688427503163,-9.06319367657672,-8.91896634785271,-9.49939134118561,-10.0318033620594,-8.44716784711007
"RFX2",-18.7043814816027,-10.6083586826529,-11.1037236270457,-10.5803399129455,-11.4469886966054,-22.0653135552801
"RFX3",-9.2445321724877,-10.9169778742382,-11.0438137564857,-9.94660116356232,-12.0253588175209,-10.2867441723657
"RFX4",-20.5105344574106,-21.4667052242288,-10.4265953365925,-9.32734056533614,-9.94555532842275,-21.6422292518301
"RGCC",-8.45021812035348,-9.49272009544618,-9.59465134113819,-8.94071421878298,-10.0650932139168,-20.4147017111587
"RGMB",-21.438039397938,-10.5565815561063,-13.5853939136413,-21.465173482743,-20.9413991822091,-10.4611856369348
"RGN",-19.1208502513861,-19.3227947162897,-13.147402973106,-10.3119682676028,-10.3685427729452,-12.2394957794716
"RGS10",-10.5417736864906,-22.6131446568742,-11.2819782492366,-12.2069294664874,-12.2191737661649,-22.4211704272811
"RGS16",-19.9649939429204,-22.7338977563523,-10.2254863421846,-23.1972833100945,-18.9862417714381,-9.29487461141116
"RGS17",-22.3803122375262,-13.365474142982,-12.9949186307854,-23.3521399739914,-15.8517427293997,-11.3199760204032
"RGS2",-9.71611352184627,-10.6954043605808,-10.2000640840205,-21.1346733277445,-19.5289431826149,-9.48190066399652
"RGS7",-21.9276280037745,-11.706114975246,-12.5408961651484,-21.4719188428746,-21.518302224878,-10.0249913385697
"RHBDD2",-8.26529624693115,-10.8343006772219,-8.9401258558616,-9.50417788354468,-9.61092311708787,-7.32106977548702
"RHOB",-8.18581346851508,-7.81037250393645,-9.26131251933858,-8.21979685327485,-8.76969680652462,-10.1742635758427
"RHOBTB3",-8.41628655785183,-8.67982376342116,-9.00537073041144,-7.75750713176988,-8.39741926849101,-20.1767316389349
"RHOC",-8.19519661113774,-18.6926444685337,-8.30640552365083,-8.72589107813036,-8.41832594897153,-18.7843189761072
"RHOU",-11.2922563231501,-8.30739272122545,-9.91116001412345,-10.1910012509867,-10.5459015076416,-21.569637073572
"RIC3",-21.524232779065,-21.6835395426957,-10.3052763033256,-9.89947644101103,-9.75700503047988,-21.2628396732362
"RIF1",-9.06292017287469,-8.92461298909375,-9.88712357775301,-10.9073079962902,-9.64771851310994,-9.60969691748075
"RIMBP2",-10.2100143476226,-22.2787273264351,-12.3164300668936,-20.5126865000778,-21.0372102247822,-9.7290815564743
"RIMKLB",-9.97072216835811,-10.1832027989878,-13.0648485525,-10.4106387529795,-12.1056102591646,-11.1306216991811
"RIMS1",-9.10266164286335,-21.5306487716399,-9.62352164549679,-10.2621595564529,-9.59543966659295,-8.86259443357637
"RIMS2",-9.56249245491338,-11.922668267563,-11.4266238293183,-10.5374426433221,-12.3537424592802,-9.29864497876018
"RIN2",-9.39616211646064,-10.1684080456377,-10.8274299636878,-21.1201699416553,-11.2518705389709,-21.614624804885
"RIT1",-9.99398232542364,-11.419284463265,-20.0655663353479,-11.2528612432962,-10.2819723089838,-17.8075040015194
"RLF",-20.1386409457184,-10.611267777444,-22.2897785332691,-15.0631389330215,-10.8539534356525,-12.1047839614294
"RNASEH2C",-10.0355768533952,-11.2626877424452,-20.0404816921518,-9.98120009217201,-20.961780743157,-20.5650018689562
"RNASET2",-20.1195870924864,-21.1670764571002,-10.0688773025002,-9.84443042602874,-20.7381354033836,-11.0169600872783
"RNF103",-9.53776439422039,-9.82175739397461,-9.89880299935806,-20.6609050337124,-18.8705113153712,-9.64998031093499
"RNF115",-16.7096993812462,-20.5755641957926,-11.0943955630431,-10.0002945647936,-10.6035884807304,-9.94957390936948
"RNF139",-20.1108510163463,-10.6245312577754,-10.8719432466881,-12.5468492336638,-11.6045675816305,-12.565428396863
"RNF144A",-11.6284912402626,-8.88089008988417,-18.8092577678136,-20.4252327091667,-10.1671906861633,-11.7644882561423
"RNF144B",-10.5573298505133,-11.4527400237918,-22.0007587186938,-10.8945051136996,-19.9697691769736,-12.8826709173303
"RNF146",-19.7818183028996,-20.0385494564775,-9.75218434058069,-9.58582746956371,-20.19647047346,-9.61248188053305
"RNF157",-10.2485495275037,-11.8510270722549,-9.79771576702816,-10.9808312018426,-10.3102894041535,-8.99648173315909
"RNF2",-9.52545834975247,-21.7768120250728,-11.1240805226231,-21.389911680761,-20.0818682904899,-10.6156512488243
"RNF217",-21.4477826571096,-21.3545667391306,-22.166880488638,-11.9790811360804,-10.0862475221241,-10.5240198073042
"RNF4",-9.95632908410414,-10.1952871388488,-10.8362967522924,-10.2384888732864,-9.86196594139118,-9.79442137502617
"RNMT",-10.1455910103537,-12.8803189465521,-9.64399252681,-10.2153383651816,-10.1979099538079,-8.84895194723176
"ROBO2",-18.7819825871891,-11.540530767675,-10.6757535970943,-11.2992176877445,-9.48913640590251,-8.65477690081267
"RORA",-20.9867785941312,-10.2978230836017,-9.35171544451066,-9.9610805355296,-9.85610815028923,-10.9855944768848
"RORB",-19.7237147580921,-12.7700903651737,-10.5232371064966,-10.4358530473467,-10.4860011125497,-22.4298978720003
"RPA1",-20.8184937922057,-10.2727797980369,-10.9140796608821,-9.97992422391454,-20.5140633478468,-10.2659117335456
"RPH3A",-9.5720582894534,-10.7536306150901,-10.2266638777115,-18.2842467113843,-18.1808703791053,-9.34634488278601
"RPL10",-7.2903339622437,-7.64751985191232,-7.80016604180111,-7.78616386711972,-7.76779099081947,-10.3361075390023
"RPL13A",-6.75892285302153,-7.00493638217747,-7.34423103192415,-6.96852902772666,-6.95389020137481,-9.73922090385611
"RPL14",-7.54081473478963,-8.16524335934251,-7.77232857202004,-8.08808044009056,-8.59612184126747,-8.82069162821289
"RPL18A",-7.54604271609773,-7.64751962029665,-8.514001778142,-8.15253979345015,-8.31171787757303,-9.64350266422653
"RPL19",-8.57007736451925,-7.45796368066588,-7.49293959169002,-7.30930012220709,-7.44657101138596,-9.76273672624238
"RPL26",-7.37803524435505,-7.48333962757934,-7.71717480409891,-7.34537678733337,-7.44872252402313,-20.3419714024612
"RPL3",-7.01932279449075,-7.41631551411747,-7.58140945075521,-7.7424420357496,-7.14964117202041,-10.1167821597719
"RPL7A",-7.4124299982258,-7.60889137554389,-7.5471692351099,-8.07145142579663,-7.90874273202773,-8.73052219327181
"RPS18",-7.24277610557967,-7.03750247337241,-6.96699939978897,-7.24487046468997,-7.07623552115631,-9.70493397146723
"RPS19",-7.33024010499228,-7.61705728675112,-7.34581763330597,-7.48531949465196,-7.54445784158175,-9.31664954791182
"RPS2",-7.66733808843304,-8.02772968118455,-7.88879779981529,-7.98907190902826,-8.11361561014414,-8.15864549841478
"RPS26",-8.79642558885587,-7.14544986950393,-7.4180650038257,-7.26527683508632,-7.68744279848157,-9.04735949797444
"RPS27A",-6.41199268214993,-6.89802279724919,-7.02770823241517,-7.19152492149298,-7.3858974387951,-17.897611696633
"RPS28",-6.74021462735431,-6.98358920884048,-7.21127430933289,-6.86399079874959,-7.04327910754355,-8.16982723224616
"RPS3A",-7.56461363205675,-7.38814338731708,-8.39902796568365,-7.54100396220653,-7.54485003357641,-10.3726733120288
"RPS4X",-7.38175557504405,-8.5789409760535,-8.32840663007399,-7.77436287589608,-7.68946448832738,-9.84288788902677
"RPS6KA3",-9.609251131924,-22.3264491020589,-12.1305001673584,-21.4120403978199,-10.5727503199887,-11.1264095237321
"RPS6KA5",-19.1637464690686,-9.34601775332335,-9.29280013262536,-9.97203598194971,-9.99232587552212,-12.9224108497937
"RPSA",-8.11348081759217,-7.78995996700743,-8.33241364383472,-7.89229472742243,-8.38087523326256,-9.2479210826656
"RRAGD",-19.2543883971057,-19.8139990960134,-9.96483841239434,-10.1892111893789,-10.0909754724961,-20.0760146939856
"RRM1",-9.51290886921216,-11.1510710329355,-10.3324110191267,-18.5477220848372,-11.8161650904979,-10.7123360685193
"RSPO2",-10.4547251831537,-21.104196518267,-10.7950367277103,-20.4171839668144,-19.551385182597,-8.89109178064489
"RSU1",-9.77287663583895,-10.2913863834407,-12.2534104562915,-10.9553500241962,-11.5913512364401,-21.5631160964728
"RTL6",-17.6781648010191,-20.3111197503336,-9.47272152570846,-10.5943463943954,-9.80771767586901,-10.0930875542031
"RUFY1",-20.2552184222209,-10.7711529090491,-11.8707303286226,-10.9233638495509,-12.1416959705357,-11.825762179723
"RUSC2",-14.3899201653947,-9.89611239205562,-10.2619092497349,-21.0882966156054,-20.0006914965719,-8.74004127505446
"RYBP",-20.5474751584053,-9.77083367502273,-9.55243658478805,-10.8702128043331,-11.057971960415,-10.4728744671417
"RYR2",-10.9416308324209,-12.5361644882134,-10.1726391569902,-21.1824513312481,-21.2851905383787,-9.91185546564518
"RYR3",-9.69269756727749,-20.378554963591,-10.6083182478918,-9.65981855117835,-8.86636600334253,-21.9597587430541
"S100A10",-8.2432146052128,-21.00857250632,-11.5054065991013,-10.0122521882967,-9.52340032722296,-10.5743017845433
"S100A11",-8.30758076415666,-22.2099333830196,-12.4184551205609,-11.6263462019866,-20.9595226248749,-21.6404627806997
"S100B",-6.89763705764617,-5.71159446831651,-6.20547859549521,-6.3951659250947,-6.35460414193881,-10.3441722563418
"S1PR1",-7.83666962100028,-19.6217599054156,-8.80374025036032,-8.05325519552064,-8.36435436163145,-13.0577333205336
"S1PR3",-10.2851512086043,-11.6188302547374,-14.4946728998751,-10.5310885123794,-11.5163443322322,-22.3790408628141
"S1PR5",-11.1231664612886,-9.68684044066499,-10.9298726635331,-20.1850222273323,-20.5255171563946,-21.5054086502872
"SACM1L",-20.6026194483783,-10.8269508102978,-20.9758035199086,-10.5778860796837,-9.64920393139426,-8.58107933046974
"SAMD12",-10.6217481863027,-20.1497307767815,-13.5309408713239,-11.5136297003415,-10.0311465698979,-9.91491919526016
"SAMTOR",-9.95486725134935,-19.3565722951505,-9.71586140086115,-11.3655499698919,-18.940042119505,-9.99984448792318
"SASH1",-8.76715332763425,-8.51762759471916,-8.3703204572206,-8.25196413594241,-9.00517885184128,-11.3069508504577
"SAT1",-8.50453483438785,-9.43595423071521,-8.70922432380586,-9.16578347367173,-9.72962619954066,-9.6546169210977
"SATB1",-11.0646792848609,-10.9208238835471,-9.46292039635691,-10.7435218155134,-9.55900524025681,-9.68314898359465
"SBDS",-9.0114726465064,-8.2637063878642,-8.77406477355459,-8.59895318878251,-18.6632060437602,-8.93768865471334
"SCAPER",-8.93879316468018,-9.88088690938288,-12.3076433521217,-10.749509318373,-19.7018936055277,-21.5930560398924
"SCARB1",-8.93226398079859,-10.5108945323047,-13.0329861069362,-10.2529851070557,-21.1806778946418,-11.0460497210333
"SCARB2",-8.61674750898039,-7.60885082954777,-8.23986524813555,-10.0190183332341,-10.8721716328972,-8.5714632322633
"SCG2",-19.404752637189,-19.7543497356537,-8.32582782006633,-9.93237901816357,-8.6700336821646,-7.0065562696311
"SCN1A",-21.3169226674968,-9.3391836292028,-13.043272722314,-15.402736437772,-21.2584437606293,-9.40613570675734
"SCN1B",-10.24604269769,-12.4310893901766,-11.3322187345764,-11.2201516617457,-20.580309533126,-9.3204790191895
"SCN2A",-9.95404868557493,-9.19243735433612,-11.0167174131514,-19.9982013067867,-11.0417532662273,-8.31423818667659
"SCN3A",-10.735331829577,-11.8950472406987,-9.49000422804398,-9.31033790579478,-20.9350547949366,-8.85965924466502
"SCN9A",-20.4859979670005,-21.9599467513121,-19.9426084240173,-21.3526649999302,-11.6487548520043,-9.77399637536642
"SCPEP1",-11.0694151137513,-9.78484409707745,-10.2888877597116,-10.4946609941259,-10.7741373833531,-10.5126222984635
"SCRT1",-9.5187109704633,-21.6094439536604,-9.91344955418842,-16.1316878626318,-10.5425151107192,-9.8953670038136
"SDC1",-9.98657832057498,-20.9418239546859,-12.3286706849098,-21.5229718739558,-17.266695922906,-9.50007727952385
"SDC2",-19.4566414987324,-9.49809459804005,-9.79579479851311,-8.75733622484806,-8.99200891231641,-8.63185055809581
"SDC4",-9.93861780074904,-10.2681833456374,-8.88445104807154,-8.06544705675018,-8.03270201365532,-16.838110826314
"SDCBP",-8.21543763006274,-8.79715797895179,-8.85315508452152,-9.47516925789783,-18.4481598122848,-8.31684092487298
"SEC14L2",-9.48953307892652,-10.1123295714915,-19.0542900411092,-9.57474469554115,-10.7003756470962,-19.6130608196346
"SEC14L5",-19.9282735686038,-10.01130961982,-13.1996517036145,-11.8246475703699,-20.8613849462029,-18.8729074873389
"SEC22B",-11.4431449065963,-20.6122097249681,-9.35419287741396,-9.65787449638948,-21.7335942112877,-12.17165507894
"SEC24B",-20.4809437987044,-20.7432902498924,-10.3717543536587,-10.1841980467751,-10.086934444752,-10.5112838810983
"SECISBP2",-9.82229190271434,-11.5054042324526,-13.6738063086596,-10.6773291285833,-10.6482499184205,-11.8588466384667
"SECISBP2L",-8.10356963687561,-7.64503761907382,-7.90665900550829,-10.7610211793871,-18.2032950552441,-9.24729054513343
"SELENOI",-9.79333998543347,-10.3455015158133,-11.3344437490707,-20.9697557520435,-21.5110394000689,-9.74494893288498
"SELENON",-8.14341817556695,-19.2857547133709,-10.4189821840387,-10.4130439691152,-18.8902306352263,-20.8772927720456
"SELENOS",-10.1421050493919,-9.53516982417476,-8.99867195030709,-9.6287564377554,-9.52676765559582,-10.8450247886985
"SELL",-11.992660767856,-12.988386420305,-21.4131844637079,-11.5048041664306,-20.9053737006987,-21.734872192184
"SEMA3C",-20.7406544857711,-10.4968378337328,-21.7666580370852,-22.5757907631646,-21.2927573195151,-10.7037969104839
"SEMA3E",-18.3472832438735,-18.7232316461763,-10.9111009480025,-10.949321460068,-10.7980791519833,-9.23807549780161
"SEMA4D",-10.35780460892,-8.14138550783822,-10.4800199164634,-21.7035145286379,-10.9148925797022,-10.5479737125598
"SEMA6B",-9.83712979305049,-20.8775400688629,-10.108738547557,-21.2854711225096,-20.6893236458567,-10.3383116889501
"SEMA7A",-20.4050586760524,-9.74238699583311,-21.5497420722808,-13.3341083425751,-21.6820330523303,-10.4063241871829
"SEPTIN1",-10.4505790151111,-10.1061270782161,-20.328864186061,-21.802818632759,-12.0217536409492,-21.1159845925397
"SEPTIN10",-10.5757175103688,-9.58703922094358,-14.3707039519263,-11.1253741991387,-9.45305975296093,-21.4002658326458
"SEPTIN6",-10.0308001391343,-9.7779212644797,-12.8992051900628,-20.967180726129,-19.5666643653469,-10.0235073851461
"SERINC5",-21.6060691244447,-9.49881335921145,-10.03350733769,-11.11607696302,-10.7162076023929,-21.5807691059366
"SERP2",-11.060314747923,-10.7577212028831,-10.9480793932441,-22.2035419135367,-9.96251066469285,-10.2377562302862
"SERPINB6",-8.88790342431854,-9.02897372728963,-9.28673845746544,-9.8673463950536,-12.2651095720674,-19.6174816660202
"SERPINB9",-20.7925424899857,-10.5755822555565,-10.199417310397,-21.2897794164012,-20.7425119290454,-11.6754588569735
"SERPING1",-8.41878360565705,-20.4069255430599,-18.9818207327581,-10.0881033536757,-10.411453122955,-19.8983532216845
"SERPINH1",-9.00067355093648,-19.5947656886157,-10.768286610094,-11.7414914620374,-20.9106103282018,-12.1372012448501
"SESN1",-21.0452745253006,-10.8178941151981,-9.55778949147553,-11.2833827356974,-11.7977814189458,-11.5477257262208
"SESN3",-8.24593431946104,-9.30190853988735,-9.44381429350321,-8.35100409746694,-9.92029859722632,-19.199914563752
"SESTD1",-9.13243573067628,-9.3945002583621,-10.923856567875,-10.4480119600699,-11.3296700827367,-10.2340795675802
"SEZ6L",-20.7490754754796,-10.8979718769232,-10.4938382291672,-13.3157666352114,-19.6561802029196,-8.24279855262057
"SF3A1",-10.000916751279,-19.7447811966152,-10.2431461356852,-9.84881682992655,-14.7817214605613,-10.1904756958498
"SFXN1",-20.1443508589041,-19.9785361534305,-10.587126166383,-9.86762229323519,-19.0955586579031,-8.71893728824099
"SGCD",-19.7375923760188,-11.2426720374349,-19.5790724984195,-21.9403503780904,-9.18571088174772,-10.9245918342513
"SGCE",-20.202871193404,-10.239694018418,-9.78761529981771,-10.258514558548,-8.78769602007249,-10.9604009926585
"SGK1",-9.23143868049672,-9.52702474697795,-9.4379766715213,-10.5226146056664,-18.0239963769371,-11.1173741412712
"SGMS1",-9.3446084242384,-9.17908489325554,-10.1735145331429,-10.6038058549758,-9.84508377005487,-12.0146067792104
"SGSM1",-11.0799717687489,-12.1793841232454,-20.8803973842522,-11.4114488638707,-20.2582754237189,-9.34832437682978
"SH2B3",-10.8000667957396,-11.6466177496983,-11.0300783047631,-10.9701282716175,-11.0314578482225,-13.1707969337527
"SH3BGRL2",-12.29904798874,-10.7985096838601,-11.0827507083034,-20.156896415937,-9.12480479123848,-9.48869708103281
"SH3BP5",-12.0007146503567,-9.46189987433465,-9.60429078536145,-11.7119099037666,-12.5029559094379,-10.1623226357812
"SH3KBP1",-18.3920473506729,-9.06852625392693,-11.6049640016344,-11.0551699483554,-9.30177249752881,-10.6460780529727
"SH3YL1",-21.0335263476856,-10.883626944898,-10.2344694243788,-10.7532740015493,-10.5734428474697,-10.4161114730765
"SHISA6",-9.16356363200102,-11.4914632849452,-9.28258501350147,-9.06423379560441,-10.8257269332022,-9.54955446535149
"SHISA9",-19.1978709609801,-20.5151405599145,-20.362548661424,-10.8725156370459,-10.7261364412133,-9.41795625066882
"SHPRH",-21.440897382518,-10.401689828242,-10.4319978899571,-21.9766032493505,-10.4024574515067,-22.1487854473043
"SHROOM2",-11.2431352149134,-12.1893940667872,-20.2090861228448,-11.4338020272427,-22.0420371734985,-11.5269863852937
"SHROOM4",-10.977295517399,-10.1209237718619,-10.7774465590158,-20.5568172052684,-19.4784714838771,-11.9564747596262
"SHTN1",-10.1564919018307,-7.90282713551855,-9.35145426605534,-8.88753697265807,-8.83492714794608,-9.7569858821857
"SIAE",-19.3125485425694,-9.95387233564228,-10.1838704364409,-14.8036454534134,-19.2825543711889,-9.18403071171948
"SIAH2",-9.66967623164904,-10.4730951958803,-11.4979145129683,-21.0975593039667,-10.8092188201107,-13.1468111145036
"SIRPA",-19.6942410146679,-9.22488777868872,-9.21291526964592,-8.96538151786028,-10.0580544839881,-9.23213093365048
"SIVA1",-11.2485317234926,-9.5902500769339,-10.3902300175795,-9.9546361901533,-10.7941596232514,-19.9351387222443
"SKAP2",-10.1771963964493,-10.9064853445082,-11.4405430431513,-10.1167813314882,-19.1100367845651,-10.1126032258038
"SKIL",-11.2669472380242,-10.830596049252,-9.77587647530544,-11.636363458726,-9.4728857988307,-10.1152938099371
"SLC12A6",-9.9987706680478,-10.6536945347377,-10.1166176533381,-21.5408277125244,-12.8791554537995,-9.88697742440627
"SLC14A1",-9.43815128813947,-20.7659822068998,-8.74373032406127,-8.6545377967897,-8.94414299727479,-20.4710373736963
"SLC15A3",-10.0558798905774,-10.8923569380569,-12.2749419644388,-11.8961978200957,-20.8696916849656,-20.5401372241591
"SLC15A4",-10.2253894580867,-13.2296305902706,-10.7900665690114,-10.6402766161948,-19.6373957513222,-13.6873721330298
"SLC16A1",-19.6586642917272,-10.0434902614248,-9.48631065446719,-12.6344883368908,-10.4536865256577,-9.95129958885
"SLC16A1-AS1",-10.0493620054881,-10.7197667592957,-12.766970165466,-12.4066743578422,-10.3344404282686,-11.9488352136618
"SLC17A6",-21.2205422209411,-21.1374621296951,-20.0182679332219,-12.1461469785861,-21.1894151055118,-10.4167498656203
"SLC18A2",-19.0704710513859,-13.4321773934035,-10.1557814751492,-10.3054099585201,-19.5699193126054,-7.57767101685767
"SLC19A1",-19.5967483445298,-11.5559070615168,-20.0954045035897,-10.6113359640238,-10.424075306832,-11.872661556398
"SLC1A2",-7.94782506080684,-13.0583559695979,-7.81857456452642,-6.28461983823167,-6.60648459691203,-7.92040516243672
"SLC20A1",-8.94950736463796,-10.8511963026078,-9.47946008632372,-12.5324552311575,-19.9707467474546,-9.6243083445116
"SLC22A15",-21.5180238909514,-10.5788432799104,-10.6385369525772,-12.9609348163743,-10.8208545622633,-22.9267252729483
"SLC22A17",-9.28997124532462,-8.67371439989161,-9.02290770264006,-9.98593785674896,-19.7160752561566,-7.86100096770876
"SLC24A2",-10.045599778312,-8.40483543278778,-8.73105160140736,-18.9524568210704,-18.5942800200585,-9.0703838589715
"SLC24A4",-11.2588514915798,-21.1230302803373,-10.8647545107064,-9.80368799059485,-10.7108451742677,-19.9815931349852
"SLC25A37",-19.7825478231556,-9.60086185394764,-9.53616035389919,-9.66707711487452,-10.0526358644654,-21.5911851179339
"SLC2A11",-19.9948444572459,-18.2469512341949,-10.2349326787095,-10.4919832093799,-9.50618510484173,-11.7402623508061
"SLC2A13",-20.1981539690934,-9.78139251644302,-9.45267877063585,-20.9505103963699,-19.8793181672063,-7.82287209974041
"SLC2A3",-9.41724770450507,-10.5832375487409,-10.4937954562414,-22.8325168510686,-11.0512316003136,-9.43268466690575
"SLC2A4RG",-9.65228698126266,-17.4023093100599,-11.5615993214082,-10.869062255049,-20.8615594815576,-21.3447749638271
"SLC31A2",-20.2438847426834,-8.34675223744723,-9.42136163772511,-18.8272342829562,-20.2414719723297,-21.0592741365488
"SLC35F1",-10.1933992792287,-20.2476812175416,-9.67535021888298,-12.4757043326297,-21.9903881383159,-9.93219843143185
"SLC36A4",-9.82656798865352,-11.3944422707986,-13.7173815978807,-9.86063575980131,-9.2770977927059,-19.8648034120343
"SLC37A3",-11.0788860698058,-13.3677759952622,-10.2311811043011,-10.5971539867153,-10.2174509221338,-13.1759782998667
"SLC38A1",-17.1610916098361,-15.204665846305,-9.29326457798149,-9.6436594123438,-17.3935514657981,-7.75672810405191
"SLC39A10",-8.85685701790407,-21.7925071990877,-15.4860870387398,-10.1199385747562,-21.54365540248,-10.6697570573217
"SLC39A12",-19.1794390536494,-10.9853810357424,-9.6881260039982,-8.82751808566781,-9.98230841958107,-21.3043597175439
"SLC39A8",-9.46313763610839,-21.7557462221687,-21.6386587573997,-10.1082731588106,-21.8629932656353,-21.7861491136167
"SLC3A2",-8.03421038746941,-9.94294035230604,-8.95835291180979,-8.51497163967279,-9.11611111494534,-10.0351873351354
"SLC40A1",-8.32240625789112,-21.1722323826134,-19.9042863530003,-9.40042014770694,-9.78170813511285,-20.1684165788084
"SLC43A2",-11.5363337838062,-12.8866188849048,-9.99566503954177,-10.968919593607,-10.4614106514384,-9.53226190562639
"SLC44A1",-17.9262122088072,-7.28457264902555,-7.89416558466046,-8.57870800808267,-10.1289122207957,-19.0584162720864
"SLC49A4",-9.91282502806138,-18.7661940661868,-11.7955365170286,-10.5654479701721,-9.99341867942454,-11.5957316814307
"SLC4A10",-13.0250798729833,-21.1812053391525,-20.8598481231957,-20.2121435338199,-10.8733484345039,-9.83658665915363
"SLC4A4",-8.08455601863119,-8.88617000094308,-8.37667668724407,-7.38570187930105,-7.56174595952194,-20.1604190064679
"SLC4A7",-20.0160415867087,-11.0033694615788,-11.1430632296413,-11.1938466204654,-21.3072200667645,-11.8926185403138
"SLC6A11",-19.2022211651042,-20.7584186824555,-9.04504239729886,-7.54906316642611,-7.84630068745627,-9.52971758210921
"SLC6A12",-8.73903474225633,-11.4046646412815,-18.1720226183831,-12.9685278449377,-21.6209903622156,-11.161790230306
"SLC6A6",-9.23174799807381,-11.4693862502986,-16.1397792773644,-10.8342772619594,-10.6302477245822,-11.8337801430517
"SLC71A1",-10.0708467896243,-10.479926378045,-10.0328674706136,-10.1237292422028,-10.3954657248568,-12.017789662676
"SLC7A11",-18.8750061983568,-11.1328918666081,-8.17074956719391,-8.1053559065213,-8.09090147498738,-9.74087459675673
"SLC7A5",-7.61718176511556,-10.6120871944378,-19.1665636475969,-10.9285478709601,-10.2718061570239,-9.47615504899183
"SLC8A1",-11.6919884067179,-15.6049247686079,-9.09086415768427,-10.5576700747507,-10.7174784074356,-8.5287619942594
"SLCO2B1",-8.29500402916309,-21.7326724398162,-10.0999333595755,-10.7119193237404,-10.1641595876214,-10.3280123702329
"SLFN5",-9.82349004409028,-9.86367049467525,-10.9412907982797,-21.7431193218399,-20.8546549689782,-22.4233415859122
"SLIT2",-13.1028939643567,-12.2073879816841,-22.0288899632122,-22.8010607915078,-11.8227980560398,-10.4573563325595
"SLITRK4",-9.36140665026184,-21.0952941884398,-10.5131660482253,-19.7291080393106,-10.2981078216168,-8.52420773239699
"SLK",-19.8638133615156,-9.63877466042691,-9.85025236209643,-10.3347442861133,-10.1269508963213,-21.6050608643472
"SMAD3",-19.8000809036622,-19.8451230073141,-20.2248451451625,-9.83533498528593,-15.9470402461148,-11.9285685382864
"SMAD4",-11.5472455380913,-10.6577344321113,-19.5947597986272,-10.3294457517423,-10.4750409113012,-22.3104306744019
"SMAD7",-11.994401615312,-11.1300071432626,-10.6452116251887,-22.4348994908277,-11.4537844673793,-12.8124452087376
"SMAD9",-11.1520210318472,-10.6625469715476,-21.2852379325244,-23.0546017054112,-11.229968721774,-11.8967386346805
"SMAP2",-20.0234739673602,-19.1939895793383,-10.252308307726,-10.1384869356833,-10.3109238183063,-9.02061389343137
"SMARCA5",-17.6758980342701,-8.43049224669115,-9.02254233784801,-8.69082786000518,-8.81199343103702,-8.73424551825119
"SMARCC2",-9.03452332768926,-9.5193434826129,-9.17687450095863,-10.2342369710383,-8.54109845157955,-9.90095729122993
"SMARCD3",-12.5937894030485,-9.73050169948791,-11.6065018610953,-11.524037752762,-19.0065630469161,-9.10037079258255
"SMARCE1",-9.49618462666729,-9.61777367075983,-9.80973836856667,-10.248633739271,-19.8783156463453,-9.99424538134654
"SMG6",-21.0478001792194,-10.4585333331229,-19.4527991302893,-22.2869430651571,-10.9879587263471,-10.2857397514902
"SMIM13",-21.0376720681839,-10.0309648135631,-10.4064067371534,-10.2052022564337,-18.0852746598071,-9.68083215373952
"SMIM3",-10.8364192522,-11.2134958725843,-11.2328002397126,-13.2427130740141,-19.2666297114931,-12.6116700702965
"SMOC2",-9.08836194166388,-22.4083075639352,-21.1953681854334,-11.5531181118691,-21.9267365936609,-12.2856074902199
"SMOX",-19.5691374989341,-18.738476129019,-20.1355804380606,-9.38960417144057,-9.53569380697353,-11.2096059362457
"SMS",-9.96705758565353,-21.2504537179563,-10.0260421767744,-10.4835031872343,-9.11259425008482,-9.44732738838611
"SMURF1",-10.0481179531273,-10.0309370128952,-11.9821824951062,-20.833285326524,-10.0184020056925,-11.5734187432346
"SMYD2",-16.3308508342232,-12.3357920679493,-11.8094690418404,-22.6047869495408,-21.1223557495799,-10.6431071929327
"SNCB",-18.328845579726,-21.5942310862929,-12.0120789444401,-22.0590839123515,-9.40861407655399,-8.06066120978294
"SND1",-8.83817877332273,-11.4248800238588,-10.0790177143439,-9.66261856404313,-8.82823406866169,-19.8762263406742
"SNHG12",-13.224237439578,-10.1783468510397,-9.67798851045598,-18.7578350133096,-18.466371506992,-14.1804333716338
"SNHG9",-19.230466121688,-11.5511706262693,-10.6667154794228,-9.59070951472225,-18.6083429320746,-12.9460565955083
"SNPH",-19.7940511898814,-18.661500285209,-9.22468154252072,-11.8606240041811,-10.1751505430683,-8.71854241251306
"SNRPA",-9.69178812986402,-20.455213151647,-11.231380975201,-10.2731684808905,-9.81496216565769,-11.3416260098015
"SNRPN",-8.17814090293837,-8.32108343693132,-10.4194475987487,-9.56733219099848,-18.6913803203495,-7.27059955507659
"SNTB1",-20.7013681264007,-11.5432882550182,-12.880075624234,-10.5886698236189,-21.4453079253275,-11.0492796375042
"SNTG1",-20.6939508657506,-10.9318757847404,-9.61872333052563,-19.8618863254921,-15.3857007105778,-9.76604210263133
"SNX9",-11.8024860429602,-10.889471603855,-9.86367844835031,-10.5504864102429,-10.2447404919322,-11.7358384753839
"SOAT1",-10.9064582437262,-11.4302107672419,-12.1222362330853,-10.2394068509096,-21.4895600101786,-11.7476618091066
"SOCS6",-9.61490989910501,-10.2202525616545,-11.0264748643827,-20.4181604373541,-19.6765897179482,-14.1268681056366
"SOD2",-9.32874966352053,-10.1905342797031,-8.31455357580618,-8.5691287446758,-8.81631292797258,-8.05890685516062
"SORBS1",-17.9895580802183,-9.36842442041504,-9.51272805623833,-8.79088662851307,-9.92303162351434,-10.466727983656
"SORL1",-8.77528971506535,-8.61320425384594,-8.11730987810106,-7.96029850698293,-8.31280601976779,-8.23704659385068
"SOS2",-9.71993638397947,-9.40674330783129,-10.356588539984,-20.8569041487202,-12.6240532436014,-22.4963410447811
"SOWAHA",-21.8796639134613,-10.9541077809088,-11.835153275431,-23.7357679245013,-20.8177611445029,-23.159114875052
"SOWAHC",-21.7605962207655,-12.2294707426426,-11.3448667218939,-11.0374198335065,-11.1930170485828,-12.0246691867537
"SOX13",-20.0533432391706,-21.6618824241014,-12.0295924556514,-14.2544615644442,-10.489381402823,-10.4675332542767
"SOX21-AS1",-11.5217095398437,-15.2044680192741,-11.2022399292512,-11.6644183553723,-21.9566347636804,-11.8664602137249
"SOX5",-8.97058574917214,-12.4618437454591,-11.437593293621,-11.4599999988503,-20.3603765844661,-22.0237457597508
"SP100",-9.08430780200794,-18.9103152561855,-10.1475528710717,-11.053609947154,-9.55593341886397,-21.2436257906168
"SP4",-12.44166592493,-10.7339725128552,-21.3655397611936,-11.6467342427393,-17.6420975090335,-11.0923177847619
"SPARC",-6.19996813126907,-7.11971919856204,-6.48764892260075,-6.07487880237527,-6.3516064648766,-8.07992502194148
"SPARCL1",-6.12635580854825,-7.38828087474294,-6.35138343614332,-5.4267424672732,-5.82573754593498,-7.78404191838508
"SPATA13",-11.6106949035561,-10.1542890105689,-10.1488884740955,-10.6558733744453,-22.0295050969699,-10.7603967545999
"SPEN",-18.8887252262605,-12.0345485695966,-9.76896272737306,-9.6402105505152,-8.74134872733036,-12.5905077545239
"SPI1",-19.3483423235806,-11.6854502917403,-10.6527961677227,-11.6219713234159,-10.7859859242356,-23.1770284720834
"SPIRE1",-19.8720988545767,-10.2200156342425,-8.36533017416825,-9.43740973911729,-8.79957913477518,-10.6081255042471
"SPNS2",-21.291222378811,-12.9070490295674,-9.82617488346245,-12.1485081695957,-12.0655292537392,-10.4465851508241
"SPOCK1",-19.5165446646012,-10.1106692444573,-9.39708414376051,-8.47482970619234,-7.99077101379119,-9.6767804153145
"SPOCK2",-8.45574721193372,-10.1296936603019,-7.88213433150777,-8.55753883920383,-8.57523679739771,-7.55329370517921
"SPOCK3",-8.26592715372705,-7.70392679098136,-9.5490721972805,-11.0391818627554,-9.18038721815073,-8.39625770647164
"SPOPL",-10.0037355846963,-10.0678083539344,-9.94566620615711,-11.158242191526,-21.3350551988195,-22.3533817573995
"SPSB3",-9.71345146496617,-10.3411198960234,-12.6906873238715,-12.1981415428883,-9.18288578968073,-11.7024876307341
"SPTB",-20.9381541631483,-10.1308325033788,-21.3057303412108,-19.816583162922,-18.3804171941573,-9.66023321711853
"SPTBN1",-7.46457828556804,-7.24506712198277,-7.72909465631185,-7.36183837034653,-8.35936810767042,-7.86669445379375
"SPTLC2",-21.1700369881328,-9.8173816502701,-10.0112901926294,-13.6199582209993,-19.0239181703426,-11.6082675022327
"SPX",-19.7955088181349,-10.3070534175205,-9.56615059450687,-9.05280512727638,-9.8720926442355,-11.0860488502923
"SRA1",-10.4672782215928,-12.0522214645187,-11.7979574973565,-11.0664248443072,-10.641493513844,-10.3395516735301
"SREK1",-9.77691076893973,-9.20603309242571,-9.23650892150441,-10.0546359701519,-9.74213478101757,-9.70329949081796
"SRGAP2",-10.1197240192311,-11.7023640389432,-20.424152642935,-11.71277203273,-15.7966800675888,-11.1873333250122
"SRGN",-8.09003831321044,-11.987306682832,-12.6414007157557,-11.5006351165085,-11.6901869833562,-10.7576580246765
"SRP54",-10.0137865330425,-10.176250058849,-10.6531406764918,-14.2520109729418,-11.0678963394112,-10.5688040921536
"SRPK2",-10.2141513824259,-8.43568469195027,-9.18071265108594,-9.11074288777159,-9.29523672783094,-7.51189517043612
"SRPRA",-12.5037560139101,-11.3393486840604,-10.9015802505735,-11.6065843413956,-19.2439928482713,-10.4546759814833
"SRSF6",-10.6210323081785,-9.76397360038909,-10.2195316709742,-10.0866636428607,-9.19466872836809,-12.5536248229085
"SRSF8",-21.3410393261093,-10.2763244239949,-11.2919090100722,-10.7994490630503,-9.59120876491958,-9.95842678496959
"SSPN",-19.2922269952738,-9.29624512563418,-8.79072768488212,-8.29327773504194,-8.21903327808745,-20.6462110003131
"SSX2IP",-12.2107776226379,-10.7131410659402,-20.427684407602,-23.0586746923724,-10.9888858837062,-22.7060928244869
"ST6GAL1",-8.2481875111317,-21.2142219610487,-9.78469821041182,-10.0160143685032,-12.2427780248091,-21.0104596564468
"ST6GALNAC3",-21.5556479283352,-10.2311214012367,-11.0956532981679,-22.5377425663933,-19.2800280782806,-23.0586846148027
"ST8SIA1",-19.4235203858846,-10.3340002217032,-9.62955920894589,-10.1669658106215,-20.9637926638069,-8.70297537711076
"ST8SIA4",-20.7939367797537,-11.2614171759833,-10.9859312696354,-22.7166605756653,-22.1918752304562,-15.0481786155169
"ST8SIA6",-9.47238343674879,-18.1603000875054,-21.2947676287564,-10.7442087300836,-10.8118993262422,-9.23846722482177
"STAM",-10.2703889932282,-9.58842067519164,-10.6095609713015,-10.7566531704789,-10.8515321669525,-10.5443728396586
"STARD10",-10.8229308769618,-19.7343071545479,-21.4834629934228,-10.8220199388028,-12.256074109378,-10.6195275099834
"STARD13",-10.1521804934363,-11.2023258961037,-11.4215046609152,-11.6997322905675,-10.6647697586457,-22.8092200384072
"STK11",-9.41852749917923,-9.27573507054667,-11.4285941492114,-19.1611765943295,-18.978015638916,-9.23083317528719
"STK17A",-9.07150297973215,-20.2302063127551,-18.0311790448398,-10.5829708877907,-14.0752502664046,-11.6342365337515
"STK32A",-19.16979751584,-10.277260691251,-9.57987837522125,-10.3784623089302,-11.761123897149,-21.4508714967303
"STMN1",-7.97515103911102,-6.83330736031318,-7.62045616391568,-18.2319316725861,-9.25358219920301,-7.88290032649312
"STMN3",-11.8051707731504,-9.95589254094425,-9.97923790985794,-19.4470464508813,-9.92705227742488,-7.80542408303412
"STOM",-7.53151346919375,-17.3951739507385,-10.2493209635587,-8.5316557653547,-8.77606004388042,-20.0928851226623
"STON2",-21.5324485223414,-12.0430810608304,-10.644154384224,-10.5926924314115,-20.9712475440861,-10.4556848542464
"STRBP",-21.0392513164001,-10.9617573149945,-16.9069079319283,-11.5504024753767,-21.970681955679,-10.2465581909658
"STRN3",-8.80741140314396,-10.9824607837349,-10.1443323480966,-10.7725090186421,-9.45970682143838,-9.84030751473208
"STT3B",-18.5409850395447,-9.51340719010631,-9.33910136013062,-9.76134712997575,-11.9136520115364,-9.7804583842283
"STX16",-10.8841495614881,-9.13852840471238,-9.18247033603617,-10.100444535423,-9.78951003847699,-9.2548113213631
"STX3",-10.7173045846612,-10.8934929182892,-21.6823112180023,-20.7778664111417,-11.2111741888999,-11.417648603136
"STXBP1",-8.20096504772983,-9.94702126708761,-10.7152436408874,-10.4534725457257,-19.0026535250644,-7.37467749949218
"STXBP4",-17.8962379820567,-10.3930450004627,-10.0060980296254,-11.617670555043,-21.4118394513066,-17.970618237863
"STXBP5-AS1",-10.2826262887513,-21.6819821019503,-20.083901872609,-12.1159072111993,-19.9586311823802,-10.7433625623341
"STXBP5L",-10.7184691526039,-12.4776618225703,-10.348398871294,-12.6524543720112,-20.1279074477704,-10.8242252908121
"SUCLG2",-18.1693036548513,-11.3907276887832,-11.2762963019696,-9.56523768853649,-11.6617430904211,-21.4425734988907
"SUCO",-9.91364520137458,-11.1940204277476,-10.415999097882,-10.7171417429378,-10.5744762754881,-21.6922830249696
"SULT4A1",-18.5976880387543,-10.8227112629823,-9.84646113826441,-21.9744462687857,-20.6539106690406,-8.72422516363924
"SUN1",-20.5870409413303,-19.7690957784149,-9.5626045668608,-9.74586325512821,-10.2270248661572,-12.4548797618811
"SUSD6",-10.7309617951262,-10.3836398083146,-10.1367591563826,-12.3845612673472,-22.1237884673529,-22.4847446537957
"SUZ12",-9.04986717168783,-20.4993877023044,-10.0700404093092,-10.0325867025901,-10.0110923254615,-12.091473357427
"SV2B",-9.43703318259866,-20.5820574469151,-13.9097445278959,-11.6364655867519,-20.8659437610346,-8.7765279013211
"SVIP",-9.06135228246076,-7.94565054343513,-8.73774475119853,-9.5643041689151,-10.0412403043711,-9.98260178509813
"SWAP70",-19.2725102923126,-21.4453173175946,-10.0766764090643,-10.3373371431188,-9.63807211473709,-21.4967610624604
"SYN2",-22.0422177734231,-22.4787141346137,-14.8370915651855,-21.3506573777997,-21.7242390871071,-10.0168549676715
"SYNC",-9.64186122921325,-10.414629504066,-8.86781363565001,-19.8216442973551,-10.9699767391624,-10.5371183527559
"SYNDIG1",-10.9599170653869,-11.0222388390326,-9.66580741719467,-21.5632715241142,-21.9552779874115,-15.7980031911287
"SYNE1",-10.1806743486708,-8.8875776351575,-8.51958981055804,-9.35423455861136,-10.9448237133111,-8.66957935691621
"SYNE2",-9.73121373733135,-22.702509516285,-20.1733969535934,-11.177166744906,-11.0761833020505,-21.5369144857072
"SYNGR3",-10.5157244202113,-18.6656479812429,-9.04249441309194,-20.5123655729276,-20.0184648656308,-7.59938454752662
"SYNJ2",-19.9669434680907,-8.11826390391161,-8.93308986606097,-11.6016820990641,-11.4312688161683,-12.5394011520389
"SYNM",-9.75820728723493,-9.02479829922567,-9.14122954012861,-8.81279418531473,-9.56256525735141,-10.7703910387164
"SYNPO2",-10.9524592523059,-12.0695458817529,-10.0046897222071,-11.7138376727757,-10.2081484411106,-12.2706621300302
"SYT1",-7.91579487289527,-8.67574189503864,-7.26931226812048,-8.56139753695197,-8.58762299435756,-5.77202724440805
"SYT13",-10.3222576331634,-11.1513450829849,-20.4481755516392,-19.7305869134262,-20.3057384407332,-8.57969375902672
"SYT4",-9.37033225700533,-10.9785867847621,-9.5427386802113,-12.9326709726133,-20.35795155237,-8.74987885702884
"SYT5",-20.6563244680548,-19.9828548359671,-20.3775814824659,-20.459107858547,-19.6279183417621,-9.77084735281574
"SYTL2",-10.5179364703447,-10.2984863751473,-13.0050576452741,-11.7503295932823,-19.3224007617132,-10.5171515628501
"SYTL4",-10.093725870074,-11.471586523395,-11.6715172518155,-10.2600372400064,-10.4519566915241,-11.1156629505532
"TAC1",-22.8335321005424,-12.7145144208372,-22.2815933275702,-23.5070140616751,-21.754501885358,-11.3117759359455
"TAF13",-8.20118502558994,-9.01977049056953,-9.49272654889146,-19.2105730577144,-10.0091387046316,-9.19273064158727
"TAF7",-11.7323180558049,-9.63626053965401,-10.1800693343475,-10.1490283693844,-18.6365938878175,-9.20290082155521
"TAFA5",-9.55688164718056,-9.74687251339421,-9.65060326060387,-9.72432142763666,-8.76381892706463,-9.02907405428541
"TAFAZZIN",-20.237494140159,-21.5778060818299,-22.0100627141765,-11.1010973032259,-22.0816217519031,-11.8501359041723
"TAGLN3",-12.0853869254718,-10.5717291236066,-10.6514164781888,-21.3191030300306,-11.128952359135,-7.48474280573066
"TAMALIN",-9.4685279951462,-11.2713450015877,-12.3984259442631,-12.0484168623629,-12.4145667758756,-12.2961433814097
"TARS3",-10.1833687026001,-10.4645329587769,-8.84534247423209,-9.94378287956131,-16.0648201852753,-11.4675145590835
"TBC1D4",-9.41831630184034,-20.7687313833325,-19.8170380162616,-10.9089403247686,-9.53414070417497,-11.0483324089808
"TBC1D9",-10.9104330204363,-20.1000254287023,-10.3505741831133,-11.0559589445811,-20.3454419380434,-8.77871440461023
"TBL1XR1",-9.58599508992012,-9.08697200453423,-11.7976971769066,-9.83207195374574,-9.46853749636515,-10.2628026068194
"TCEA3",-20.2180605631671,-21.1170262436753,-10.381518480715,-10.2478528092721,-20.7681678836387,-11.3287092645944
"TCEAL2",-20.1602799179153,-17.3041620083178,-8.44974958385452,-9.97279676523836,-9.22594229517702,-8.18391377120095
"TCF4",-8.07443887238314,-9.34070230797764,-8.60914619525586,-8.18298376361258,-8.51891461932829,-19.7432727174301
"TCF7L2",-9.25624476184752,-20.9211758636376,-11.0249061850969,-9.77372622376236,-9.15401002956628,-22.1027858458198
"TCOF1",-9.10355947847229,-11.0078719440348,-11.4557979623802,-12.2092918102301,-9.96775941420306,-9.23342508228295
"TDRP",-9.67293454951586,-11.4720507092653,-21.4946103063212,-10.9960097199089,-19.2287072800612,-11.5065726977917
"TECR",-7.87080522470032,-8.21559198764734,-8.92694848754579,-9.03043553121814,-8.33717884267415,-10.9650808087524
"TEK",-9.5511972106643,-13.2132351954497,-22.6393807864673,-22.2555383168683,-13.8726500941376,-22.2499410569554
"TENM2",-11.0328115877965,-10.4917605952387,-10.1528775134839,-11.467647028862,-9.7606427607489,-9.21958402069791
"TFDP2",-9.98274879325002,-10.6251877867205,-10.6885898608416,-11.3467572841768,-10.3401087001167,-10.0791982448505
"TFRC",-9.34227749774485,-10.6493379803906,-20.1567903352664,-11.6912616751431,-10.694652114724,-21.5337163690038
"TGFA",-9.9268299699046,-9.94506469879703,-12.6884552042712,-20.023760764128,-20.6175673631893,-20.7715125922555
"TGFBR1",-11.5898083930765,-10.913233702222,-10.3207465781889,-20.9227909404504,-18.3049093338874,-11.4119309397622
"TGFBR2",-8.13279443855678,-11.6419882146578,-20.3218248896167,-10.6803730025737,-19.3816388358746,-9.99409646332316
"TGFBR3",-9.22302812536113,-20.1352620824883,-10.3642513190805,-12.5130511525096,-9.04277367432324,-10.5262052732965
"TH",-20.3749927541091,-21.8542354072368,-9.14762415370156,-21.9876427091472,-20.2513167245327,-7.79366475348926
"THAP2",-21.0291207690057,-10.0960719050633,-12.534507011175,-12.3071733666078,-11.4545716250932,-20.8699760923945
"THEM4",-13.8196237668373,-11.3338408040093,-10.5244688505396,-11.3422120795551,-21.363234135829,-11.4894364979803
"THOC2",-8.81440236964913,-9.56197578995783,-10.0397776700472,-9.1606119197899,-9.47643923174783,-9.57053276335571
"THRA",-20.2352984813533,-8.88643948759388,-9.61035756795333,-9.01017427250946,-10.0558192583608,-12.2714170374002
"THRB",-21.2874378042157,-11.4363609836463,-11.7053285866025,-11.8465870436617,-14.3639506593544,-12.0092973839268
"THSD4",-9.2041720166207,-11.2420824987191,-10.2743871392509,-11.8445243600531,-21.299192528254,-22.4183214200908
"THUMPD1",-9.40756892127721,-21.2068617542875,-9.87028752471251,-11.5397777879472,-9.43589415526778,-9.76714416227689
"THUMPD3-AS1",-19.6115481335941,-11.0197668481753,-10.9838623734821,-20.8101871070469,-19.8645914468819,-10.1412149188771
"THY1",-10.9995181382621,-20.3817197017664,-9.37303509571922,-21.4648235302124,-10.5394837490726,-7.08320679886258
"TIAL1",-20.9472468789615,-9.45109555794668,-10.003815424002,-11.5213278322514,-11.8363072589974,-10.5792201708254
"TIAM1",-10.5195873137806,-10.1495453394619,-17.8141332258627,-10.4371057227184,-9.77359084276035,-10.3682046794471
"TIMP2",-8.40595164861081,-7.84801871491949,-8.5259435061339,-10.8866783206307,-20.0985022939046,-9.87565728448607
"TIMP3",-7.23315025282589,-10.7872108405263,-8.27312572717685,-8.08820296076721,-7.65230541140352,-8.90394391748119
"TIPARP",-10.4933674542384,-11.4982088432287,-10.9509241538955,-11.6579047005949,-20.650512088273,-13.6987258265856
"TLE1",-20.6158055278346,-10.2136522716413,-10.9072205212532,-21.4861279710006,-21.4637574793629,-10.5020780275799
"TLR4",-9.76337622863628,-16.3725229263492,-9.29614612475596,-9.4903369995651,-10.7551873062308,-19.6640129899569
"TM4SF1",-8.47195293365081,-20.5005272630114,-9.57271346842877,-10.2378948018492,-11.6290836608984,-14.1470583086103
"TM6SF1",-20.3157510131137,-23.096474676968,-17.2146458390371,-22.743065359938,-16.6417176559149,-10.8908823257725
"TM9SF3",-8.62063797724513,-8.9826594377301,-8.77071686803103,-10.1257600252004,-9.70259517434457,-8.87768712410817
"TMC6",-20.1711438503323,-9.04059119140891,-9.43702057904186,-11.0408537521759,-18.9054414403192,-21.3490615631906
"TMCC2",-9.9619415139646,-9.65958357910709,-9.31932397509083,-9.856267923265,-11.4478197986861,-9.50244177450715
"TMED3",-20.1988298070764,-13.2145716547928,-10.4514383566142,-12.3085692772439,-9.26788684578305,-10.370408268403
"TMEM106B",-9.04220755179965,-9.217331570381,-9.03457477097919,-8.87976214576323,-9.47272702061414,-9.26731740296505
"TMEM106C",-19.2923675229205,-11.7126655246787,-9.57794947360679,-19.7745083445104,-9.96172335695367,-10.4675005280679
"TMEM107",-21.7991235054533,-10.7819786155595,-21.8649634568013,-11.8176835231231,-21.8695646582086,-11.7454207489058
"TMEM108",-11.4884400760762,-20.1576979726643,-10.7227397729763,-10.528645209449,-10.5054113718791,-20.7420637340282
"TMEM132B",-21.2751324423675,-19.3871230197905,-11.7771973531729,-10.5596185229093,-12.7041497602317,-9.24053913322298
"TMEM132C",-11.4131570835682,-11.0086233903445,-14.2255158340279,-22.5151073967738,-21.6836434484135,-11.245291695837
"TMEM140",-9.63347888336126,-10.7195165199911,-11.1336213767043,-17.8714061909488,-10.490573229142,-21.0531471265615
"TMEM14A",-11.4760447111345,-10.2810098679818,-18.8271351360589,-10.7556011167227,-19.4397757369646,-8.94147317941471
"TMEM161B-DT",-10.08601418533,-9.36037898329825,-18.422125755476,-9.45209860411285,-10.5322329870631,-18.1061414031874
"TMEM168",-18.9255502352835,-11.0356992078719,-9.43820956695013,-10.0341290100274,-13.1566112199526,-10.5913728761397
"TMEM170A",-9.67030617433372,-9.08031561565519,-10.6811132873613,-18.8758044666582,-10.4451281067999,-10.607300574692
"TMEM170B",-9.64784202681644,-9.69358635726043,-10.8075763898974,-19.5369478371817,-19.4551858313111,-9.3819487407467
"TMEM176A",-9.79169214507516,-10.323284916489,-11.1112726981425,-10.109052228327,-9.79298228688501,-10.4318230900558
"TMEM176B",-9.0142574333929,-12.5303162969855,-9.4005432136754,-9.81967435210924,-12.2435960348036,-10.7427932046031
"TMEM179",-20.1973808026628,-19.2535798285547,-20.2724655906456,-12.1892604736431,-20.4205317608814,-9.17812828950529
"TMEM205",-9.76593711574121,-10.321290286919,-9.40864243702897,-9.56623769409812,-10.2348164431771,-9.92991819682157
"TMEM25",-21.2533420169822,-21.3338124123468,-10.9230044615073,-13.2052629646918,-10.7181429397511,-9.61851309057598
"TMEM263",-21.6519833179417,-12.0798417761407,-11.4989125396591,-12.3321752736582,-10.641360871184,-11.421058675207
"TMEM63A",-10.3831089049031,-8.92528842282653,-9.79494220669616,-9.98932850971738,-18.323278809597,-11.9162288603327
"TMEM64",-11.8510892945941,-10.4894898510074,-20.4376494751147,-22.3556483714128,-21.3949368557324,-11.3905952601897
"TMEM88",-10.451623380205,-22.3042047566278,-22.5039149879583,-22.6727831649858,-10.6509608985209,-12.5405732715035
"TMOD2",-9.14875613531315,-9.00744804163048,-15.2239207055196,-8.67610922031498,-9.78322981890903,-8.91757854692492
"TMSB10",-6.55520068472404,-9.32578907395925,-8.20945795817234,-8.5628742806537,-8.57608721337725,-8.60635434222009
"TMSB4X",-6.01743360193732,-6.13716711062879,-6.31299618330869,-6.76277588959615,-6.63382801604558,-7.47643851249222
"TMTC1",-21.9002224294789,-21.5638832651037,-11.4039869262078,-10.6327317819261,-10.2222335533837,-10.7778375770127
"TMTC2",-9.37614183114127,-9.67237238454678,-10.1557124157144,-20.9454046381034,-11.7710448250104,-21.3946910861441
"TMX4",-9.11324230066418,-20.0303363472397,-8.8629763320635,-10.3192712141501,-8.2129993733708,-7.58345819575131
"TNC",-9.03512008511243,-21.3131362132633,-10.0920492779542,-9.55573518606387,-9.63371459713751,-10.604997995074
"TNFAIP1",-9.68751134176497,-21.1156536340552,-10.3707143848225,-11.159449883358,-9.51271838677961,-21.1547467121786
"TNFAIP2",-10.6819617811491,-10.989587945697,-20.2862798116369,-12.6295662613296,-19.6944352989498,-10.8922219273564
"TNFAIP6",-10.3364846088913,-10.482042233132,-10.4058702236786,-19.5935902181897,-10.7876627151642,-20.1328368420694
"TNFRSF1A",-9.41267783217067,-20.6562665483403,-12.2297762537316,-9.85651120579974,-10.3318195205757,-19.5954895172061
"TNFRSF1B",-10.1032691292764,-20.9572958901875,-12.7420621661774,-13.2756703944471,-10.5539230970913,-12.6745308004331
"TNFRSF21",-12.1722652516048,-8.70714090101952,-10.6559121055991,-19.6762755480842,-19.8282392126327,-8.94804173294576
"TNFSF10",-8.35581601824759,-9.70609427306555,-17.0719659524136,-10.7267707876918,-20.7496555309698,-21.0667605644323
"TNFSF13",-10.4599625905734,-10.87197572578,-21.012855047446,-9.48222517587798,-9.4393940746045,-11.1224719231039
"TNIP1",-19.7225162856105,-10.4749269843537,-18.8864323716963,-10.1921343476052,-20.673106589083,-10.8015884027622
"TNKS",-9.64759215752645,-9.17519852871177,-9.76121221745551,-10.7031306764921,-19.5865970522037,-10.2981628680065
"TNNT1",-12.3512340940425,-19.7810977840144,-21.4048082482871,-21.1451266399969,-10.2216112652806,-10.4802187005448
"TNPO1",-9.66304630914252,-9.4788760626788,-9.87509904005422,-9.12246582555685,-9.07230322926211,-9.54623155272394
"TNRC6A",-19.7849092699142,-9.96999600039467,-8.80559159254648,-9.62936553677476,-9.41754481608339,-8.45558095078142
"TNRC6C",-9.09391869737565,-8.76676459681878,-9.90376130150602,-9.44675592944809,-9.69383764274778,-10.0550037496755
"TNS1",-8.60911076813421,-9.04075599913082,-14.2008980468896,-20.9659104306058,-9.28876629211912,-11.7079882551462
"TOGARAM2",-12.0839411818287,-17.8228768730455,-11.0692609412173,-11.6686688381302,-10.7048550242861,-19.0365645100909
"TOX",-21.5978026014873,-22.2819505419846,-11.7569722459517,-11.4837160860736,-10.0016239217142,-20.2217494507887
"TP53INP1",-9.63309694566152,-10.5122654045814,-19.3417344148964,-23.0428484366103,-19.4523876458059,-18.8591236658339
"TP53INP2",-7.81296154090087,-7.97096657622374,-9.4195588940499,-9.13330320338643,-8.61751788796163,-10.8332900881482
"TPCN1",-11.0797705482445,-10.2288296934294,-9.94954681780813,-9.68608044548477,-9.99337060665733,-10.2750240940253
"TPD52",-20.1780159427959,-9.09831351380238,-9.85111718706617,-20.6243113114854,-10.531616897767,-8.83987014399159
"TPD52L1",-9.40335036461032,-11.153090383308,-9.12675441770534,-9.4571998923284,-9.39673492074192,-12.0916176258792
"TPM1",-8.64059396738985,-11.522115865415,-10.6844512858524,-9.60176766798221,-10.1034363989983,-11.9355935923927
"TPM4",-8.19994999597453,-9.42640407867108,-9.27972606630365,-10.4184965756212,-10.2023561215242,-21.4295386896127
"TPPP3",-9.55552818081084,-9.47864487433477,-9.67626670224528,-20.1267785235041,-11.7678560369899,-10.6757375580932
"TPST1",-20.8173858103404,-10.1446637308633,-9.29186110492533,-11.3059921305008,-17.0420503384567,-10.5407619499688
"TPST2",-10.1489296920287,-20.7270490121083,-19.3504423102299,-10.7909672721903,-10.395546409003,-10.6180975258734
"TRAF3",-18.5130992395614,-10.5892601512155,-21.107191576493,-11.3752446697402,-19.1605882453324,-9.89426635974137
"TRDN",-9.56851910476077,-19.9473216697774,-10.3089717455732,-9.72921331081021,-9.0868627958232,-10.7391273019896
"TRIB1",-9.07871070656787,-21.180850479505,-20.3974590256548,-11.2136373180511,-11.4377307031987,-20.8959225789592
"TRIB2",-9.9461204073898,-10.4179234436073,-10.6442933938165,-19.0234881671208,-10.8002176850445,-10.1402047154843
"TRIM22",-10.4506914089174,-22.036990918225,-11.0292408752296,-12.1328229585878,-22.305739040833,-12.1039190065361
"TRIM36",-8.95112985806639,-20.1768973217371,-16.9711054050838,-21.6671007920804,-17.2135794732279,-8.85458568217602
"TRIOBP",-10.309884984252,-10.5071409387197,-9.71848703520211,-12.0647672496915,-10.0087982358668,-11.9327502892129
"TRIP11",-9.92632921228209,-9.96992877957456,-8.78912299322268,-9.30114388991939,-9.42841288548539,-20.7408283202906
"TRIQK",-11.0528222097474,-9.89886968718342,-9.77082220757673,-13.8147196114429,-11.7005346002178,-11.4858928642861
"TRMT1",-12.6815419936257,-11.6904092238451,-21.0095756786612,-11.6938602307479,-21.408965517998,-10.8510937356035
"TRMT11",-21.5793988732278,-11.2221443804357,-11.1530387080837,-19.4014891945097,-11.0447454675363,-11.685749051075
"TRPC1",-12.1497298226918,-22.6239090024814,-13.2973023531843,-22.175979961043,-10.2496594189586,-11.217374714991
"TRPM2",-10.5335198146321,-16.5975541366293,-9.70012584070787,-11.525790555177,-21.1527043626605,-9.93360196318765
"TRPM3",-8.84833058804051,-9.46110872229897,-9.37068708485607,-8.15127790847497,-8.03267613025463,-9.40651022797737
"TRPS1",-16.4774086459304,-12.9000101030234,-9.38653125833219,-8.66943327010651,-8.46612839119741,-11.6911974259326
"TSC22D1",-7.14940924630355,-8.95171244229336,-8.50975136936939,-8.61090742150053,-7.9382009933513,-8.97336353232194
"TSHZ2",-9.23567941393122,-9.94653744181096,-11.3184930643304,-11.0954970271125,-21.1384708847618,-13.9472916985019
"TSPAN13",-10.7287330078114,-20.1578097235186,-10.7402904121846,-11.9197952608876,-10.9816545129381,-8.88575378535673
"TSPAN7",-8.96211348612895,-8.98966530159695,-9.42708947466529,-8.39358366605297,-8.09675563752892,-8.05890950046048
"TSPOAP1",-9.98199836171336,-21.1624419910394,-11.2312584458305,-11.1142091910864,-21.2622861029152,-10.051127243258
"TSPYL2",-11.1538004921203,-21.5813855414948,-21.1550030723708,-12.1790977146696,-10.9145623365022,-8.88586192010436
"TSPYL4",-9.18154811765894,-11.2317122156891,-10.5732969753962,-9.78142869310253,-17.7195141362145,-8.07529961770644
"TTC38",-11.302137814389,-12.5969630763811,-21.654061482784,-11.3002052590347,-10.6308115983261,-11.9267256845923
"TTF1",-20.5186239209118,-10.394652271856,-10.8787369503148,-11.4464711722037,-19.3418286719102,-11.6330010319573
"TTN",-11.4830425154208,-10.7667746017561,-10.3609403691053,-10.7388690985781,-9.86758711590227,-22.0862174615587
"TUBA4A",-15.2956723543913,-19.8108505547851,-9.51964677569365,-10.4466470891488,-17.3713655007515,-8.20897143387146
"TUBGCP2",-8.83400188613711,-11.9822234646412,-10.5621122276318,-21.3354380698233,-9.66754402972267,-9.01257869814476
"TUT4",-9.35225074561402,-10.6928583786456,-11.0593295107364,-10.0763806578804,-10.1476957683694,-12.1292155405243
"TUT7",-10.0670154263786,-11.9109968704772,-10.8776690769837,-11.8672662894191,-13.3194147016749,-13.2593671719834
"TXNIP",-8.11931049245208,-8.76366277446775,-9.44086225627687,-9.55880862510586,-8.68191370534047,-19.9628398717822
"TYMP",-18.8891574066368,-21.9149220685702,-10.2156514229625,-11.2343445934885,-21.3950971683632,-21.8675613399316
"TYMS",-9.72525597348278,-12.0365413864654,-11.6667341441475,-11.4452489335741,-11.1746157662887,-22.1100430885824
"UBA6",-9.5830377333347,-9.5936678261983,-21.2591652480462,-10.4642783971316,-21.007078814503,-10.0496276088779
"UBALD2",-11.4912980571393,-11.2364933811851,-9.67634720989448,-10.4544766262698,-19.7096590537292,-9.72474125045453
"UBASH3B",-20.8655279346236,-20.1652240488381,-20.7176426481722,-11.653744675607,-19.2664027300256,-9.72654262452612
"UBE2F",-12.2864247437227,-9.80391443312381,-13.0828815476985,-10.9005054206094,-11.6057918509801,-10.4778249987467
"UBE2M",-8.91558703453989,-11.1287645126998,-9.64122594536668,-9.14684890637373,-9.13927534069321,-8.72188577650856
"UBE2Q2",-21.2254529299481,-9.89293726634681,-15.7081548155801,-10.8857349438929,-9.54350142048446,-10.1838137862753
"UBQLN2",-10.1076674477432,-9.7281684006452,-9.09562482318362,-9.72691922471634,-10.2232490909186,-8.86934672213702
"UBR1",-12.4403452992214,-10.8903236384893,-9.4628421098679,-11.2644166048818,-19.0997975031594,-9.76264721574631
"UBR4",-11.0881493898169,-10.6340165340827,-9.45493670919778,-11.0084007398677,-19.246963346819,-10.4183290271675
"UBXN2A",-9.57281297998632,-9.79895631710979,-10.0064262197096,-10.540648039599,-19.3262590589365,-11.225564783918
"UBXN2B",-9.30008589634426,-20.6979165561099,-10.0282618974578,-10.5450225593005,-18.4267442687463,-20.3195795928692
"UGCG",-10.5521288925531,-21.7988166949319,-11.6365077710088,-12.2591326111695,-12.9041851677173,-9.71391705397197
"UHMK1",-12.0655633147445,-9.01819368820595,-11.1036058839178,-9.5735920447268,-11.195650020031,-8.44780018322686
"ULK1",-9.65752740353128,-19.6386269762209,-11.3563846947332,-13.3784290966838,-10.2890642916953,-9.37374866459914
"UNC13C",-9.49914243992972,-12.2649771684118,-10.6938101809096,-9.53348164290739,-9.64876594877137,-9.06687804136919
"UNC5D",-22.2900453483547,-11.8923042088611,-22.2442925294137,-22.1772997279535,-12.6220537827793,-11.4707992944917
"UNC93B1",-9.93838712037026,-22.1252107566521,-11.058187725981,-10.5838451367246,-11.8181261448248,-12.3743911562523
"UPK3BL1",-10.5250029943502,-9.59613197314662,-10.019137739229,-10.587109566205,-9.52046725824493,-10.2286219109375
"USP11",-18.2757605063734,-8.54218343573637,-10.9225568945944,-11.0502687141923,-8.51348433637279,-8.03017897327281
"USP12",-9.16479240508505,-12.1788106584919,-10.6043967918703,-10.7409006316344,-21.358750760072,-9.80168249108836
"USP14",-11.3586418711881,-10.1226846241108,-8.81831038069148,-9.93632820152707,-20.9098654766223,-9.32116067258829
"USP36",-18.4533981439073,-10.0445433767602,-11.5302051602555,-12.1252929315332,-19.0914980788115,-11.18441118703
"USP4",-11.2664995369504,-13.3584251375114,-11.678517631779,-9.96098679119637,-10.3448441195648,-21.2751355798706
"USP53",-9.27897376349958,-12.5231715373992,-9.69543004975524,-9.6009141393105,-10.7362052490995,-10.346187412327
"USP8",-9.63533220576029,-8.93353812804947,-8.12234161468132,-8.98303462703288,-8.67770673114131,-8.50380303126809
"UTP23",-9.6229588518236,-11.013821715544,-10.1675469989257,-11.5370964978085,-9.82159486541488,-10.1041925912032
"UXS1",-9.73365243576808,-11.9616549253102,-20.2106444803585,-10.8730584657937,-19.4645718149548,-10.5217803072326
"VASH1",-19.4235446840131,-12.3306684007445,-9.80568157950342,-10.4318343291779,-19.8041056076959,-12.6747232670745
"VAV3",-13.4334786585435,-21.3348301021319,-19.1813204794503,-11.0712880682416,-21.1591579415394,-9.9988406028537
"VCAM1",-10.0554277734572,-22.301940136757,-11.9003534830614,-10.8944006049652,-10.185575624147,-21.8901161240602
"VCPIP1",-20.0252334017828,-10.374711811258,-9.65146512545793,-10.2764320988769,-10.0366649368264,-9.82280633686649
"VEGFA",-10.8122990293283,-21.7337653920726,-17.9129904203862,-10.0060714393705,-9.77347685422228,-10.0332514489396
"VGF",-21.7222673152198,-22.7693664053255,-12.0167862315639,-23.6542758757722,-12.5774522304497,-9.97273218340453
"VIM",-6.89074760262577,-12.1019279401867,-8.63064540839235,-8.93762094405304,-8.71189328760703,-21.0254629193382
"VLDLR",-21.5292591377843,-9.84084365435724,-10.2852305812484,-22.5468390998851,-10.3249204581866,-10.4849951778946
"VMA21",-9.67460648744737,-20.8189985072489,-9.90127541215634,-9.16848208348038,-9.50084238949246,-8.99813469894745
"VPS13A",-19.3734757289373,-18.0843096646006,-20.8585626436283,-10.4016841341786,-13.1695013013633,-10.6590499742882
"VPS37B",-9.72206763900568,-11.2598773760981,-11.1950286977599,-18.4331066667191,-10.3977371595225,-22.4711669689338
"VPS51",-20.4069354302129,-10.1160363936394,-10.2774761030836,-9.93459706508982,-10.2873940824273,-9.88818205330312
"VPS54",-20.7418895984965,-11.2667380238854,-11.6419707014406,-13.0318729450086,-21.7158925110046,-22.2789583693353
"VPS8",-9.28352585610295,-10.0371475955407,-20.4039293569758,-11.3279542761766,-10.1378245694112,-9.88921053995702
"VSNL1",-20.5485448820462,-21.052139359107,-9.41470445865402,-12.8381940346101,-20.6911271753241,-7.99821783464338
"VSTM2B",-11.0660423246275,-14.9576938573782,-10.7732803397934,-11.5421891018022,-10.4213854405416,-23.0382358180397
"VWC2",-10.8549094046506,-21.9758347060024,-11.5411978396469,-22.3870788342368,-21.7041115606908,-9.80695889855513
"WAPL",-11.3147205873533,-10.1772069357146,-21.1424503685819,-10.2163579036095,-9.94387715517415,-11.6276380843631
"WASF3",-9.96922188101795,-8.99896055231551,-8.83972155109403,-9.26008136891706,-9.3775551736359,-8.44167513380991
"WDFY3",-12.3427988628138,-9.17374577322777,-11.6581135285653,-9.5383729087958,-18.0827638808411,-11.7519339028873
"WDR74",-9.89389517530208,-9.79483429122688,-10.074827511415,-9.6587378867846,-8.89474445844968,-10.8810723159535
"WHRN",-21.0280886225808,-10.2870431657367,-12.0059503910755,-12.4417872207077,-11.0862221067884,-10.5657051093257
"WLS",-9.71000955903629,-21.2450846356383,-8.68449092379158,-8.1315758902909,-8.52490148467128,-16.0243097249922
"WSB2",-11.7632095451235,-9.79200519697567,-9.25788884704609,-8.92738693184869,-10.818788412721,-8.81058568994769
"WWC1",-19.0789602888371,-10.4363506863806,-11.3276877114626,-10.9126556142207,-9.74619946196006,-9.33216428987439
"WWC3",-10.3224613081118,-10.2242316549072,-9.70608442789705,-22.3364947716729,-11.8549730553718,-12.0190929749586
"WWOX",-10.5689807698617,-10.1001503797628,-10.9944105802911,-10.3119806705011,-9.53517299031027,-18.0473428663331
"XAF1",-10.7402842956706,-22.0369158812657,-12.1705037750977,-10.4794317002704,-10.8804792864979,-21.307671084663
"XBP1",-10.4798885281647,-10.8750226161288,-9.64750407239494,-21.985032601978,-10.6752461434034,-13.2080192891502
"XIST",-8.44040699587514,-8.45392285290161,-9.56085105976484,-9.0011285250189,-8.33694769821214,-9.96705631278538
"XKR4",-19.6843707813358,-17.4796405577933,-11.2236189045852,-11.7898420116629,-12.2862702548972,-11.4207902328673
"YAP1",-8.99386745636759,-10.4051546272316,-10.2483284209097,-9.77780865172324,-10.6698487374159,-11.2258335833675
"YBX3",-10.09408829877,-10.1755803927028,-9.03297706891973,-22.626461073173,-9.16255031536976,-22.6205980056961
"YES1",-20.5168778109961,-18.4932036033751,-9.61441183849204,-9.9153112173219,-9.53574068202798,-10.6464567176959
"YLPM1",-20.5940157492245,-10.2204303873661,-10.9989612684116,-10.1763623041429,-9.70398260371088,-11.6296428242007
"YWHAH",-8.22533493552583,-9.22167089718073,-8.92623935790657,-10.0371311449972,-9.53625944235629,-8.07191864891546
"ZBED11",-9.89985752387009,-8.97194278717918,-9.64130763237373,-10.0571391692171,-9.62808590765905,-10.1975359434639
"ZBTB10",-11.0012593442853,-10.7154376510852,-11.0631814013768,-11.973844332651,-11.100563104269,-20.9854997316487
"ZBTB16",-20.3582210968025,-10.4678364804757,-9.12403325471224,-10.0094071865759,-21.5055790926137,-10.1076965691732
"ZBTB18",-9.84478920422586,-10.8262883001598,-9.72066324567568,-11.9340942405532,-9.75248623136285,-12.1470737588964
"ZBTB20",-18.9094142132789,-8.3165422785794,-8.5030938819209,-8.58289204989602,-8.08491742295085,-21.2993251832195
"ZBTB21",-16.2801440338475,-10.808942076297,-22.3211761425577,-20.6039530225831,-10.8705178491017,-10.6587317397339
"ZBTB25",-9.70570031392447,-12.1238724776867,-20.629430169245,-11.5643498400376,-20.4888801923556,-10.3428849186675
"ZBTB34",-11.1988205621244,-10.3531757194318,-11.879510651785,-12.6499672229832,-10.2171592558556,-21.5314353994816
"ZBTB37",-11.4247529165447,-13.271490857745,-12.7438251096308,-11.3954905296377,-12.0906565610134,-12.5922051617891
"ZBTB38",-9.01737047859456,-10.321143052142,-10.9417257836842,-9.48676066065867,-9.06751185344888,-8.96950424542242
"ZC3H12C",-20.5270816174794,-15.1140115277302,-9.88275625970283,-10.5652963292234,-11.276270962524,-11.8683133052471
"ZC3H6",-10.5288904925909,-8.91226107348543,-9.09503896029779,-8.64853525317791,-9.06637723240992,-20.3371363205156
"ZCCHC2",-11.9058868462615,-21.7027903172179,-9.67031561811254,-11.1805330454971,-9.68263326708354,-11.7512322425372
"ZCCHC7",-20.0036079743056,-10.4631700945932,-11.8982544939367,-10.4757849779898,-10.3899285975894,-19.8573741548052
"ZDBF2",-12.2806743107121,-10.5212400343703,-11.5844576201961,-22.1409115571866,-10.5985919488863,-10.0436667536303
"ZDHHC2",-8.76766425357433,-9.50021280010674,-9.90504528953483,-20.230304792317,-21.0376592339154,-11.3384492986171
"ZEB1",-8.77334711595191,-9.82071880724809,-9.47516535177209,-9.93139895504677,-10.5162466053098,-9.8325128102733
"ZFC3H1",-11.2456478088637,-10.6813902684703,-9.74140106193284,-10.0322899332891,-10.0269701786349,-13.9251778160768
"ZFHX3",-19.6527872710227,-10.8631595836994,-11.0422038052381,-9.52537660146736,-8.56267231872338,-10.0555174926743
"ZFP36",-10.3116657738395,-22.5323642387744,-10.8854635038913,-11.8408009026244,-12.1859651035157,-23.0529571927979
"ZFP90",-9.56146987639312,-21.1179321268027,-11.4709891884573,-10.7793634938985,-10.8646826764931,-11.2456324013108
"ZFPM2",-9.61233079879689,-20.1165425710202,-10.5867380831423,-10.978581391615,-20.1799919986309,-20.159907914222
"ZFR",-8.29802957995374,-8.71883837269488,-8.37433625420151,-9.67723914087945,-19.0957699008208,-8.82514592673944
"ZFYVE16",-9.11575755052307,-8.96157588720989,-19.815369932694,-17.7794637616484,-9.90587584626477,-11.7981215477708
"ZFYVE9",-9.58710770618858,-10.9644824548122,-10.2847646685672,-21.3480307401215,-19.6128067371301,-10.5798517265889
"ZHX2",-9.77088798659555,-20.8977371725712,-20.2133406091956,-11.2147266450576,-10.3394494026146,-21.7847385538846
"ZIC1",-21.5468671074453,-17.4159940902245,-21.5483382559336,-10.6568205539974,-11.3252040197675,-21.9208624658881
"ZMAT3",-8.37514826650346,-11.4853186273587,-8.53669604583312,-8.79083191383556,-9.54434486266384,-8.98079334650536
"ZNF107",-11.4903301082221,-11.8714398223084,-12.5589356306488,-22.1630810139202,-22.3867545166658,-12.2641468524372
"ZNF160",-10.3124791134854,-10.4798831463563,-21.0720660063656,-11.939569357818,-10.5583129425605,-20.0183666708385
"ZNF208",-21.5734677358028,-10.9662606663168,-21.9539712137158,-11.8978269703026,-21.0522234430186,-9.95319026212264
"ZNF281",-9.61999049098711,-9.39898467352319,-19.3102080670518,-22.0542169348289,-21.7054665476773,-11.1231809624876
"ZNF292",-8.75976951409524,-9.34183471008769,-11.5546887441902,-9.62803357435718,-9.69412514944598,-9.25732522062893
"ZNF316",-15.4793069693403,-11.6459261075105,-9.86036390547962,-11.9228168347753,-10.7485896293777,-22.2442686845759
"ZNF331",-12.5182237018973,-10.284438665014,-9.45474888089124,-13.3094520727828,-9.49424143981918,-10.5519430497972
"ZNF358",-10.8659433320228,-9.68839992388602,-9.70280733281414,-9.89716337782628,-9.21305750160891,-12.3400350502771
"ZNF365",-21.806261538161,-11.9277391797635,-22.3589168507717,-10.9503660989817,-21.4074783258355,-11.3268156105125
"ZNF383",-12.2777062264881,-12.3400924404929,-11.1044809615286,-23.2307958790576,-10.3777904351997,-23.2246442275731
"ZNF385D",-19.9593485022819,-21.0030718251669,-9.60249418197835,-10.0388218608241,-20.0555192564208,-7.88462953960023
"ZNF429",-10.218750506271,-11.6490505917329,-10.517940593794,-12.1057755315131,-10.6515617633042,-10.9276178288692
"ZNF451",-10.2553706339906,-11.5944259888263,-11.7073475657247,-9.92661123081345,-11.7811707900947,-10.5731936178875
"ZNF483",-20.1599656654106,-10.1927161426483,-8.71542295417968,-9.39427322251788,-10.0478719837193,-8.79156996776425
"ZNF493",-21.4724626845348,-22.1241421911078,-20.7304860213853,-11.7015246991352,-11.060013115362,-10.3253304988022
"ZNF506",-20.0821558366136,-10.5633123871693,-10.5197239052731,-11.5329748345743,-11.0489658806851,-11.4905126899972
"ZNF507",-19.2891831648274,-20.8840649013784,-18.1738077415747,-10.3249374411181,-11.1852298201537,-11.3524115449495
"ZNF516",-13.7938135211944,-22.8993659994943,-11.5697777882858,-11.5711367931881,-12.9293381581574,-11.8279499761297
"ZNF529",-10.3841862745475,-14.1847992615639,-21.1196770412672,-11.7598952236029,-20.9573838530019,-10.978503463409
"ZNF540",-10.4875213045527,-11.8771231728555,-21.1454413706436,-12.9373298150421,-10.2117255259205,-21.0422483045737
"ZNF638",-16.4519016090605,-8.97137590944955,-8.5604405885271,-10.291020903481,-11.6338377359465,-9.78493747727031
"ZNF708",-10.5759238053822,-10.3220326445063,-22.1486899617302,-22.2353715745423,-21.694146056458,-12.0157723867606
"ZNF721",-9.36932430286842,-10.2457570794302,-10.9468103796902,-10.536232690235,-18.6887981045475,-9.98406715189098
"ZNF727",-22.0730047894928,-11.4095583862583,-11.4920776213506,-22.8188692899879,-22.5095334857684,-10.9310891966324
"ZNF737",-20.5253542201315,-18.9757492217668,-10.1115810478879,-11.1901895870891,-9.68266957291775,-20.9826820962163
"ZNF766",-10.5629882715144,-11.3303549319315,-11.2301988615796,-14.4080377267011,-11.7489738951942,-19.3588315624578
"ZNF770",-19.5746638332283,-10.8441636321931,-20.3269235860316,-9.72305060209671,-9.96674211986943,-10.2606349523435
"ZNF91",-9.22493055204632,-9.49527481542029,-9.24002106536043,-9.76899724706934,-11.0021325571908,-20.2504391043298
"ZNRF2",-20.4467716206955,-11.698452976312,-10.4260180634613,-10.3432559497975,-16.7876480103326,-20.7013650954245
"ZRANB2",-8.96156522702047,-9.34955070640181,-9.90311585628648,-9.72984063140577,-9.27910879373391,-9.22743244203613
"ZSCAN16-AS1",-17.3369953519428,-9.77136940215,-9.6972376751888,-9.56565374691117,-9.96509352695688,-11.4995095154286
"ZSCAN18",-19.6700819246392,-14.654923061666,-9.2383563829907,-8.9754986521214,-9.85188435710688,-9.67094020751777
