"","Endothelial","Oligo","Tcells","astro_fibrous","astro_protoplasmic","neuron_dopaminergic"
"A1BG",0.595271902586609,0.423557207046011,0.918371584280284,150.494486076424,7.14751906975226,150.703573226414
"A2M",0.0892165281401222,0.418563972385135,0.327513922276155,0.380586882792044,3.48538576567626,1.48288491254175
"AAK1",2.4743779646673,18.3815408959314,0.349016892063992,0.599373093326778,0.453140284329954,0.200073741001086
"ABCA1",4.5632536320409,205.216186580404,1.67889544165754,1.11026127598877,2.07306331589234,999.988177133045
"ABCA10",152.551250773472,151.544513340076,1.1823375818174,0.975534157116743,156.198552128894,0.649953649753862
"ABCA5",0.951077760861736,190.489956983056,1.03932296772588,209.100837568074,1.13483161686421,0.271529893533955
"ABCA8",4.04783427526708,0.351001622237792,1.24924987529417,1.08740543459699,0.543892068840806,214.767820190736
"ABCB1",0.377026931675375,183.259894922389,0.545732570963534,2.35794132669532,0.733578542012442,0.918140259200677
"ABCC9",2.47878798459455,1.55646407713666,0.541793572738977,3.68225105433781,1.03170696977471,1.1769410703967
"ABCD2",149.61633485643,1.04480544295795,149.806704007307,0.426259627971869,1.3969040870355,1.24785470727429
"ABCG1",210.477668272575,2.70681602954635,0.530342720836072,0.494989775888383,165.574282696789,0.62853650436519
"ABHD5",0.814839864706127,0.550476427560933,0.893721705486849,0.846720023525528,99.1477999865676,0.976423815058478
"ABLIM1",0.687864525700595,145.619652064138,0.494710052256097,0.271526983172081,0.747919441328491,4.46544823493736
"ABLIM3",0.932347392239524,13.3080765297592,0.482423998628146,0.832259826601422,144.472050679717,0.548422219417899
"ABTB1",0.557706643952225,82.1911789443972,4.43818540352999,1.31781895844592,219.559187849849,0.687102072998531
"ABTB2",212.989741808035,0.497415041101383,1.94293854869497,3.79502049092916,1.50500549195481,1.88311113770027
"ABTB3",153.319665897148,166.894696230338,150.045885145597,1.84638227064924,2.70207730333026,0.225821330773431
"ACAP1",154.551423260233,0.804128577183022,2.08710437686596,0.981956244236342,0.612829623620824,152.001649555216
"ACBD6",211.765106536896,0.301537679467043,210.651414143644,218.663106523141,0.530251390359699,211.6198587519
"ACOX1",202.599076970571,194.610478170644,5.46516149183168,0.245095896091366,0.287764253408369,0.67969451257157
"ACP1",223.940334444709,0.897831651053036,1.44009534002718,0.619835890035244,0.476065274697465,0.452156645996554
"ACSBG1",12.6914946759478,1.07859894818502,0.305497129309596,0.126950196571525,0.390022100387282,198.939859296971
"ACSL1",239.524587588446,0.240318134273942,0.65381615497151,219.153239773985,207.945851135481,0.775703926605035
"ACSL6",0.528948962115791,38.1203453517786,1.34716931237697,0.233969072253011,0.541786807030328,0.476069843691715
"ACTN1",0.282846060439171,26.167888647592,1.27499615516766,21.4880162452778,29.9445330558487,26.0269997351132
"ACTR3B",204.351290526769,1.2467262488562,209.038539074022,183.91863087672,209.627982276607,0.27407869428322
"ACVR1C",195.920467459737,0.674152082815848,68.4990234124934,200.360119504775,6.13139397281404,0.455538375059621
"ADA2",0.411241501909062,23.9984919375442,1.24660491528327,23.8277103869738,0.385656225120387,29.5401272972264
"ADAM10",1.36578723938307,0.274466894668841,0.671400766131197,1.8575471027707,7.24931295193595,0.335234940319071
"ADAM17",0.736844712240905,1.21006174783656,0.515768688770471,0.716649760619016,6.77229818954278,0.468546424878655
"ADAM9",15.5271700500413,220.311467256882,2.74315338818088,0.223207850308485,0.855001849098557,209.666365175027
"ADAMTS1",0.261372819080085,0.367134514786377,0.75123214832721,214.812604702874,0.829762935485933,217.001333956909
"ADCY2",210.474905914511,211.306099248096,0.359399482473899,0.223714284358042,0.462896715431895,0.404550792608188
"ADD3",192.294693807834,0.204174113169803,0.440532411727908,0.146989782332495,0.367953207513728,195.153120199928
"ADGRB2",0.451501782417646,202.23018799846,0.723269845658766,200.686085297311,9.9528005505587,0.264465250061722
"ADGRB3",219.941407246803,0.590548610222505,0.575816487629185,0.562296972658095,222.515813127714,0.39143907024651
"ADGRG1",0.45795642475842,0.743252544407929,0.313099227884612,0.17367268360218,0.439846209203619,1.21776903425946
"ADGRL2",0.40018432343586,1.15460405776282,159.036325197127,150.029130728732,156.793357546943,0.733700294659847
"ADM",152.551962300994,0.808398594706434,0.391266299026517,0.524317102967168,83.6883030237563,223.548666427425
"AEBP1",197.780696021701,193.709033088064,0.355244221048133,0.147698674727176,0.495479187901251,209.617003994013
"AFAP1L2",15.6865256321489,0.96464137631312,0.887579384696375,195.84320201772,0.438967515286645,10.9336057826366
"AFF2",1.42672438579569,1.40816502558998,203.161750983004,1.75521806176375,212.397086047126,79.3843789974577
"AFF3",3.04476829570671,199.585210547019,2.07262094520835,0.605743494331645,9.40297260994257,0.361197360788192
"AGAP1",148.223269464003,0.318447595888208,0.4480113049311,0.370875894463281,151.628695697528,0.63185344132732
"AGAP3",4.96895898083183,0.246344095553532,0.784795337912395,163.912004788961,166.248125229711,0.214921293843613
"AGFG1",0.446448874922903,0.383480947724149,1.7609364630386,0.376858698595869,221.020614432797,234.37906852645
"AGO3",3.20141642217255,212.387698611212,0.535925119153295,0.394320643604468,0.914421837401763,0.739548648647208
"AGPAT4",153.247812414086,0.227643743460115,152.798716015293,1.50497962647081,152.248000129215,149.270628056354
"AIDA",2.56363543162047,1.38641430366321,0.738141426853546,0.339505441734609,1.55085812958202,0.628431407614509
"AK5",155.017182900083,0.647034425488914,1.95508303319332,0.37814822604701,151.091499178226,0.509154687068633
"AKAP12",0.583193344703268,178.588648888629,0.48677186830845,0.688634086400994,0.912586825099547,0.149072756389642
"AKR1B1",0.968536191376366,0.942562522147176,1.50416639202882,0.270242934626992,194.368269480475,0.269063396937871
"AKR1C3",0.981958348807034,203.553804539153,0.646635272113755,0.309802178355718,197.561883269794,204.921871197394
"AKT3",0.771230758832232,1.19604663567789,0.706189160887926,0.731644820576802,3.21741702640785,0.33179064438833
"AKTIP",1.10056211789208,0.981856182214503,3.12186382477197,0.494713192301688,0.613661680954718,0.447809234764833
"AL627171.2",0.385601099624462,0.0802307109497268,0.170487163139549,0.090507524044647,0.144040988080376,158.476412967132
"ALCAM",0.812860895927267,0.163365322883141,0.528788488707327,1.00620819125223,1.87410222335788,0.50126538027679
"ALDH2",1.82854431241756,146.371068845686,0.271620510115796,0.105292283620166,0.405732147503922,0.339193221782829
"ALG13",4.12530155057484,1.67393058095416,1.96735747276253,1.5570911335162,1.42104165372601,1.97165041361371
"ALPK3",152.067115360861,150.965091303759,1.0249833899407,0.459596904869058,0.839841825092395,4.02236766130512
"AMFR",216.246340441986,0.318894944824926,208.874665479408,0.461825133335181,0.785222468232875,0.404645279905283
"AMMECR1L",4.91660714038524,151.061714013207,2.43933501008595,0.838692338692454,1.65501392068166,0.716719447642977
"ANGPTL4",227.686940156997,2.36233147710899,0.619290023903587,0.368470689823588,0.41711867384315,223.487915478301
"ANK3",1.4157288339635,0.249638929597019,0.553441484325987,0.330260134756074,0.303795178873759,0.47546025711634
"ANKH",205.133566230039,0.600228163021317,0.75056779460129,0.471603753768922,1.4361663983909,0.259841778814678
"ANKRD13A",4.80965194925424,0.579109029115983,1.10573941117055,150.383011431103,157.32987009161,0.737930399881333
"ANKRD28",0.904020761326447,0.944696370988872,215.700008593366,1.91838020400485,1.51641096271456,0.806905134251004
"ANKRD36",0.75892909219326,0.971217836747695,201.672986612236,0.641483173505291,2.21605376376613,243.3961407921
"ANKRD36B",2.50186356743694,1.01840816571141,24.6840981033637,150.730259757541,0.77506238137202,0.694077659929916
"ANKRD36C",0.86418372416558,0.909356324629986,0.524827981464205,0.734352718446285,2.6704879418876,1.29321031642595
"ANKRD50",1.21732383096878,0.781606301979051,191.480849373212,2.34006563458479,231.733432260308,0.480669451084366
"ANKRD9",0.972104252809511,1.1633735421116,8.56948411857501,0.603302387531714,0.785926795588116,3.61739336234916
"ANO10",224.52937967831,0.579770637085318,0.619100323183609,220.334587723955,229.35175381573,0.387886390593191
"ANO5",153.176168295285,1.44116494142186,2.59675941248597,0.423806642615732,1.53693604704236,151.2623121372
"ANXA1",0.441102975089183,1.83380035165065,14.8062114919827,0.72842659949454,154.764251856022,148.552255333671
"ANXA2",0.657270879165993,83.5942788928545,1.4813386139477,0.593945270994529,7.80036198092135,1.04559990805099
"ANXA3",0.308528876116307,153.885519169571,157.260111925789,153.756015168188,158.18654837645,1.24201779410048
"AP1AR",2.14442374191023,0.54484155645824,159.479375110167,1.84000909419731,163.730422614719,0.497573915713622
"AP1G1",1.29821946732091,217.661272171578,0.506057692696339,0.335588445868661,222.240494202986,2.11740188328788
"AP1S2",1.4021477715346,0.524820389041795,0.529068753092669,0.740359006597492,0.872701551164556,0.652682461633511
"AP3M2",150.21070124878,1.07708030423346,149.294996570751,1.07596864550731,0.792805710892931,0.229256019607979
"APBA2",0.684433131888367,0.337223356291393,0.456079565689202,33.8027904277703,0.727342490026055,0.752439216316474
"APBB1",0.43385979623764,0.21911694552664,0.438445876915354,0.701352196478919,158.462359776837,0.162154300668783
"APBB1IP",17.9390748086746,16.5857085700179,151.092016750554,0.59149694257877,150.863985496295,2.20878357069546
"APMAP",149.378568586111,656.795176207753,0.57694434806693,0.357594148858735,0.653039506756425,0.327527495988064
"APOD",0.247210019724163,0.0998090562146952,0.227579755256006,0.35716005504306,0.578543390384279,178.298468607124
"APOL1",0.466739587252335,152.284540100036,0.74614696636528,0.832569228184551,1.32400400064569,151.89418960802
"APP",0.460564089148322,0.121801283778801,0.249018469754233,0.43263038132353,0.48216612229768,0.194663318384891
"APPBP2",239.000197643812,0.363799391268986,0.622354650877925,0.418378723573316,1.86728801558082,0.78714162306909
"ARHGAP12",0.696992316678641,0.32728115054498,1.11212749367645,0.790400013123915,219.14996595968,0.356170456682479
"ARHGAP22",73.8963028636534,0.468676417731172,0.664865040327639,206.162426100954,198.981077810523,202.040204575149
"ARHGAP24",207.004959306688,217.520887053311,1.25433249519075,1.29967934081673,205.928716351231,0.300864377080132
"ARHGAP29",0.75954538222376,2.96318519884468,0.909616488455761,0.487535180220519,212.727541280432,186.067009765717
"ARHGAP5",0.316836380900332,0.256271156323224,0.373320316375066,0.279643500371578,0.410576150106047,0.280914662453119
"ARHGDIB",0.388854606452064,0.990958789623932,0.597302633539221,151.028437414454,157.473387144873,0.997549209826944
"ARHGEF11",1.07644126913612,0.685884025324318,42.7973978798224,4.13752074930218,2.32204440366082,0.394757043904067
"ARHGEF12",0.417264809469333,1.00132376219737,0.664516985298871,0.435719123621136,0.427486995952108,0.485942937558397
"ARHGEF3",0.491999987226682,4.17921100661515,223.940953496573,1.9286041708711,222.184036867284,0.798542969859556
"ARHGEF40",1.33988628100051,0.503742226754928,0.600114707003262,3.88128570260192,0.874009260827042,1.03138001064676
"ARID5B",206.270724480506,0.651384344635487,0.790386473545425,0.565132243226683,1.10694505401668,207.425447718499
"ARL4C",178.853757778219,165.422847608547,0.9833033577784,0.355097190992438,27.5961972241118,0.390211529312362
"ARL5B",204.45962574503,0.465861862385088,2.82372022371023,4.70005088804137,3.38177189211372,2.17243057176857
"ARL8B",0.575843460106145,0.606872445978051,0.511295717034232,0.570633150943103,0.470389206988252,0.296461991178573
"ARMC8",0.686167646388833,1.32851246608749,1.01052820343697,0.686340387763662,4.85289900918377,0.57180870509952
"ARPC1B",0.395336263411102,215.884149591937,0.670496999166373,1.00377440105849,1.636352821022,1.83102572447211
"ARPP21",1.94163242608325,1.58690491212594,0.734796499467287,222.911260960926,0.46969650784338,223.985845816464
"ARRB2",216.822658811337,1.11923840620438,0.578765479591755,0.389347258481511,3.10893448682022,250.368006335835
"ARRDC2",201.2153331116,0.450639326259887,0.636668102042836,2.99159483098622,198.500679640715,1.73544556799545
"ARVCF",153.816462752825,154.787007334928,151.280198879511,1.32902416406007,0.415987796738888,0.709891131765042
"ASAP2",196.970412070321,1.4152733884829,0.464697860123805,1.35635273795482,191.736005408101,0.253397052107742
"ASH1L",0.682947517579289,0.378909151134692,0.637564731016995,0.332362879039395,0.807537690855956,0.489978955117988
"ASPH",0.524545318123045,0.916854336858982,0.344917537181783,0.204979814168086,0.493213890322115,0.773989138575107
"ATF3",157.373923137212,154.466461348623,1.2033607148854,0.626320827730957,155.09211830629,153.80470064743
"ATF7IP",20.487505262743,0.480880026712413,3.108576883793,0.78147136068429,0.617239863606048,0.400209536922126
"ATG16L1",212.123880671,0.487936763249204,6.29468602595953,1.01474967100884,211.438015628802,1.10906659129376
"ATG5",0.579651599803932,0.746794745610184,1.31705535131009,153.346867820952,1.96170545875877,1.84040444375615
"ATMIN",1.90156243877208,1.74207170907337,55.5126397845037,0.348877771268133,0.812902588755363,0.356403939875618
"ATP10A",0.348976134108254,203.341840542792,29.8615534987754,1.00553474503662,194.830710338294,1.71013044742867
"ATP13A3",0.55118240632555,216.484465082595,1.81865542794504,0.409072914827125,6.26203158191803,2.03170238623824
"ATP1A3",4.12613229973055,180.126439297386,1.08465401149814,2.62717486523741,37.4810970650013,0.10472309667153
"ATP1B3",1.08891633871084,0.818182209372072,0.477670460008562,0.509630077640395,1.27287051720356,0.382888805191573
"ATP2A2",2.96481612738116,0.407926889108367,0.358867593075349,0.225322625004484,1.13437587693632,0.278299112749279
"ATP2A3",1.09990667054174,154.658851082333,153.928906934146,155.838283682186,154.647936635291,0.185594599302327
"ATP2B2",195.235975002744,2.7606879303222,0.465303632926554,0.403281239899808,5.51258617165229,0.248034170402627
"ATP2B3",6.26244617651197,208.893999694284,209.800234525389,1.59589688397461,195.631215520118,0.268623424054143
"ATP2B4",0.617692539862988,5.06712914230117,1.55833583036881,0.246148030302318,0.397271254055656,4.03014513522653
"ATP6V0E2",161.119472063768,0.365428971858122,0.3764161980409,0.646030455852734,4.50656650240498,0.159206061644664
"ATP6V1B2",1.57304485070164,0.450796780013298,1.45833968350184,132.510779307152,1.05394174106587,0.0899749812343056
"ATP8A2",175.407450581008,0.466380287539168,1.19392598933478,5.70774897165189,2.23676210300652,0.1845264601478
"ATP8B2",154.216030853598,0.797553657075977,162.927172601317,150.769142574037,154.897169930785,0.557527534266573
"ATP9A",0.408384621153446,1.1077100305909,0.997251081466094,0.522265500936115,93.0790065666203,0.203580321276607
"ATXN7",0.946403450853182,19.6865229124559,0.976410169295402,1.98998197318893,41.8784981048057,0.894281417068595
"AUTS2",0.915723282486725,161.607143166232,0.54934638893011,0.30269703270786,1.35954462843891,0.369315499669631
"AXIN2",0.908301846366923,50.9328139980456,1.72124333457887,1.39321277463593,0.644922848978242,205.989644095982
"AZI2",0.505282018111702,0.503826990320329,0.561497288329546,210.038919224436,2.79322499866141,0.391087600829534
"AZIN1",4.22502905036332,1.26321896972412,0.560610908378959,0.253324372929854,0.677663661159225,0.46062419703765
"AZIN2",223.98688138415,0.483449142555361,222.371796964422,219.654327794312,1.80266173909126,0.431775006649923
"B2M",0.0931659962373432,0.16535765310749,0.19334148986863,0.194360062815442,0.437178283593418,0.483241702322663
"B3GAT1",187.75232704658,0.136364775420168,0.540082435716409,171.373784555115,0.690047881985012,0.345104259341286
"B4GALNT1",151.112606362209,0.961462080816341,147.823570194469,144.526832032809,1.47972097188421,0.263929371984208
"BACH1",219.116156852626,0.47420548528706,0.663631495007867,1.20124867712924,5.16974503248467,2.81755153265082
"BAG3",214.896783075643,0.831208274113226,227.137283679298,0.360835301261664,1.93849345016087,0.459756253917757
"BAMBI",2.18296508703501,3.10642877411316,0.603252540314869,0.422729520594662,1.66170793478626,215.673268207036
"BASP1",0.477846573850856,0.902665737317569,0.59464611705238,1.15471576772148,0.689108323644103,0.0954563828543152
"BCAM",0.555800974992557,0.700849646958078,157.510103157225,152.466035848705,3.50636591575028,153.541698544458
"BCAR1",0.56593336998653,0.403603209223869,0.934328263487432,20.2462740757103,1.1389502050555,0.808797665657371
"BCAS1",0.912681249815938,0.151399342989364,0.337798462721468,0.158797236193503,0.186183603944324,176.20431038269
"BCAS2",194.010136631658,0.474001373558721,0.729210563342842,187.459827241421,8.54307410865322,0.185383009577918
"BCAT1",0.722934087916084,0.840200069845235,0.557076234129942,2.47148103764604,200.928727046452,0.160531614232932
"BCL10",1.03518071620766,0.468228368360982,0.528221698368478,153.431763682458,2.38333276894149,152.082762975727
"BCL2",0.879553664745915,1.37849016233646,221.983763881573,0.253831761291264,0.368772552945408,223.674177719375
"BCL6",0.602996424919169,1.01083733812077,210.33589399502,0.454142634999359,1.15149241111514,1.59230565046454
"BEX1",0.822901789604629,1.79377499036421,1.39717411648335,0.496577951368513,1.47672801693306,0.129138060835352
"BEX2",2.97812067558581,0.262861116482539,0.324702684530461,3.91042768240441,211.4430121061,0.296986899988814
"BEX3",0.356850687438324,0.369136046025315,0.275948036511953,0.196498658297772,0.689802664472892,0.217145884197032
"BEX5",0.883241161020966,1.78021004275131,0.586927141405326,0.924209899939391,14.3343719946176,0.198702319320212
"BGN",0.353464560498592,0.815823262401436,0.498740710895187,0.788759656910713,345.875768553884,214.324455947595
"BHLHE40",0.379241070576478,197.631876298982,0.922940459237805,0.425348900059237,0.848684506139636,0.938382609233129
"BIN1",73.1874960288323,0.262917348133292,0.31794769300722,0.507283978047986,1.11808963687379,0.276472589281333
"BMAL1",0.904694588815672,219.856036918768,0.713245239305501,1.59771331392241,222.340713283076,0.417371782921477
"BMP2K",0.460639865930254,1.0138381402767,219.969057786284,0.384879850736723,0.758267616296174,1.96632051867933
"BMPR1A",213.534403141923,146.772534391752,1.73337785271247,0.394889622678433,0.812844526617829,2.35728415992148
"BNIP3",3.88099927157136,0.262265246186387,0.247701248888976,0.357381189957256,0.361541548936489,0.211583356298992
"BOK",202.241589828614,0.139925237427007,0.8423230003889,196.337969637533,200.242875326427,3.91315190914673
"BORCS7",5.94158203157799,0.699924226864963,2.40279147376768,0.636303309048238,0.401669548157345,1.23383193595243
"BRCA1",210.831311945029,1.84339110762111,1.01161964621814,0.553996153634972,200.18551765882,74.8385063361707
"BRD10",0.646948049826192,0.260517772093779,2.36914878233551,0.385563410792002,1.07003003677415,0.656564054988193
"BRD9",0.989260985329726,0.793200380824712,212.354458963731,0.556473114938187,1.14997299224885,8.07722517676329
"BSG",0.393265504129231,0.28614019332837,0.283859859330891,0.164652902946072,0.264091085488756,0.464724899927045
"BSN",158.170572167091,152.815330795088,0.598027729112595,151.951739457649,158.996930804349,0.177035998599685
"BST2",0.762426211362078,33.8521415086814,181.467315758283,0.42565227967922,153.064727587233,0.825133386421361
"BTAF1",0.500698812126196,194.795656473459,0.620755356872359,0.586014182374406,204.778104692046,214.407442997015
"BTBD9",212.120939768643,1.31726362802315,1.66090471503206,2.82499742366919,8.07107458530926,0.434536398102343
"BTG1",0.364786829383873,0.472589018651695,0.631801799885376,0.544430008951248,4.57275497612501,149.867594930403
"BTG2",0.486258788951234,3.01294194240495,1.02432450270899,0.715334265601411,1.45028267832756,1.27891825440567
"BTG3",207.754989101448,0.97321948863467,205.930543688641,0.53302496744175,15.1153648283275,199.063812749041
"C11orf96",0.283954331828153,0.729791669488833,1.34288435263205,213.695787390857,0.662444402496311,184.191765462551
"C1QTNF1",0.797673012325995,89.3995113493979,269.416729332246,0.351628862283154,1.10723998009458,212.817793687875
"C1QTNF4",82.6006849931796,2.6644985752864,0.524592648010555,0.157884445684636,0.358120036156035,195.158293447378
"C1orf198",1.4803427411735,0.252084766916099,1.74173259571107,0.490331746373071,1.51957742633182,1.6009235128764
"C1orf21",1.97555067238013,1.10532135296937,215.903217647392,0.380641286786003,0.888115791099262,1.76178717105891
"C1orf52",0.893730823508612,2.49096311911862,0.697710809486584,172.825256379111,229.357952599324,0.231217990278156
"C9orf72",217.028622606149,2.55402461508243,216.289313248734,1.64586237271331,216.645020666054,0.330769352424037
"CA10",154.435301493482,0.50488439605824,154.049991418784,150.875139596642,153.438472138633,0.429932308523741
"CA11",2.91919624350867,220.789994887277,0.808473979971501,0.370035420734461,1.15834946206406,0.933266912263319
"CA12",0.590370026701122,0.556332082899893,1.13069210274067,1.34570241552316,8.06976295663138,148.926819422427
"CA2",0.441207423659748,0.194179358912811,0.424353733512477,0.580155175280999,43.6923868492065,186.142046696443
"CA8",205.551855223972,205.394128923368,223.955724946599,1.27467001743633,205.027658411668,0.451220462381157
"CABLES1",2.23452229054712,2.54263359552067,0.871311336470139,0.268023784232653,0.367811597472147,152.438716164975
"CACNA1A",1.36893756193191,1.64766139728833,0.610511585641163,3.10251068736858,1.06869669377611,0.226428976736176
"CACNA1D",206.80312806867,2.66189780907249,0.556145892183906,0.723064659258532,208.972577698048,1.50988751467325
"CACNA2D2",152.841385581898,0.695191058611697,0.36582567202848,148.056439511134,1.66660497038164,0.242216113800807
"CACNB2",214.191648110109,208.775135740359,3.370911818229,0.409813021720219,0.686592523192714,1.17491414624061
"CACNB4",162.561785482464,4.27324351950867,1.01544705452122,0.574116446088658,0.778902957036259,0.213148210560667
"CADM2",0.737510152180474,0.380717515591765,0.506601522612705,0.227081040621477,0.519563852984247,0.157682348884357
"CADM3",184.115393395283,2.41590878173342,0.555346333641872,0.739758567276195,0.731461888385466,0.136236779894098
"CADPS",1.01335856222387,198.167312169038,0.522509841005419,1.43861970568372,1.57356286418424,0.196456206307139
"CALB2",214.674574985379,0.681276889973676,1.71257529924407,210.767268603472,1.21166980601967,0.260637257009333
"CALCRL",0.691131681312944,0.923638245835258,225.654960548208,0.636449318073693,0.652347068486433,226.199314302861
"CALD1",1.06497532646409,0.503085250769771,0.397312512003784,0.616724824190837,0.672475561657783,213.005558014222
"CALN1",0.707901488189884,164.374660892299,0.564887674464722,169.17628503358,26.4360558472396,0.225607821648105
"CALY",276.647024964344,1.00537142365491,1.02977511612944,197.311837632436,1.90734950321268,0.109109497914379
"CAMK2D",0.689804082623122,9.17873544963764,2.02311780242213,0.559221224846768,221.609121435644,0.312480676744894
"CAMK4",213.60758805989,193.546438935214,0.778300115161619,0.333208080621045,194.226214494105,1.79843892920342
"CAMSAP2",5.64229160895323,0.322521305497088,0.523472407072712,0.572514976189099,202.303787214968,0.24109556047081
"CAND1",8.53117875881621,150.636819922284,0.952424782602038,0.22614710581216,1.06240779588693,0.33715544449242
"CAP2",202.32612533237,4.04904805129049,1.29251975045912,219.989023374342,0.564853009377048,0.273534291318101
"CAPRIN1",1.96537138165703,0.337880694589025,1.53559732029558,0.78471777996444,3.61317451196745,0.291552491228051
"CASK",225.317245735224,219.06045595597,0.711604403223669,0.254119935926522,1.09362858392481,0.768451005247158
"CASP8AP2",1.00581806562831,0.433869086008529,1.37785957089927,1.61008730890197,9.17096282866329,149.761689619222
"CAV1",0.242092103561786,0.400695057988056,10.647638819225,215.87235948402,222.272978523718,220.47835885786
"CAV2",0.351160895127779,0.600295528121601,1.06670427132711,0.980584889980933,1.21240720942228,280.919003696194
"CBLB",0.96630708977131,0.331926693582622,153.437429192238,149.839823349041,154.898933676241,153.016451768187
"CBX5",6.16668033814979,0.330347450082066,0.640885287360458,0.372081259552966,5.35124392682671,0.567268395815524
"CBX7",155.762851790389,0.515639634201556,0.249134926429901,149.482556571797,153.405738019906,0.33761233387032
"CCDC148",1.76054672875227,0.792083090029481,1.31006215043708,0.798838725857459,212.1485786251,214.613393365535
"CCDC160",7.73942922751954,221.523487764938,0.574038423141154,0.391435777390043,0.974149088048276,225.231175235255
"CCDC186",222.817548341675,0.87608763584924,0.692059223755524,0.733325472772017,0.67669809973277,0.624056670957452
"CCDC3",0.315565529579952,207.890666248654,218.197529558546,1.02698341441767,209.62360067328,211.277287462541
"CCDC50",0.462904589975531,1.14733293988946,0.40806744724419,0.400395194449253,0.678760804158439,7.431356885849
"CCDC66",227.46539884401,0.590329317225652,217.017056845117,0.994659911870942,208.05259699249,0.733483121064402
"CCDC7",214.38146314537,0.964734854612615,0.483965667524224,0.396936389973964,0.781889820631018,0.845486692004423
"CCDC91",0.560042285065562,0.46761036272876,0.388124694123087,0.350348561004742,0.409611381855786,0.728207181528036
"CCK",163.067682151755,154.178658312881,159.786980259845,154.1472220571,155.653075180515,0.24288089982517
"CCN1",0.170105629921137,0.744320195528286,1.05326588028828,150.62140378475,152.990963464188,149.708278450994
"CCN2",0.194562991067518,0.9360982376145,1.4945508077591,206.825794360852,217.054837072657,1.15296655926683
"CCND1",1.01180573789832,223.400038274194,0.544419424587009,0.274815979019541,0.897538858060531,228.539094872234
"CCND2",0.854889047601998,0.499436664239018,2.62856925783147,0.821658322310508,6.75272199039564,209.470206280899
"CCNDBP1",217.199259916596,0.788542612792209,217.647069766796,0.341244789973948,217.365971718205,0.839519137948462
"CCNG2",218.354246521738,209.642005695683,0.493725110557048,0.548958993041886,2.23077255127491,0.543284374946615
"CCNH",0.874926139166226,1.74500571342392,3.08562082168858,0.764862950559841,215.98587272247,0.630470591671819
"CCNT2",0.481525983025271,201.426071209326,0.802431973688481,0.549201020410079,210.340822011839,214.662144744553
"CCT2",999.999786973645,0.912812560538564,1.17258728736177,0.650494574852511,184.690081591232,0.220898125610824
"CD109",8.54344491819111,215.001986173014,1.89105721427214,0.332020496944271,0.564171833727319,218.923956765616
"CD14",0.519505969225932,220.40583753153,0.573723369042041,0.623053085975201,219.0238682184,1.42763186581607
"CD151",0.378050014954219,1.49099251085042,0.501399913157287,7.52655413012373,2.46148020191073,4.65737398109058
"CD164",1.2521219229129,0.260681804405698,0.767335911967665,0.36235475324512,5.31891071591954,7.24808933765456
"CD200",212.40264708125,1.7084641210152,0.647248097029821,0.687058657123994,1.45843852401271,0.392868286164331
"CD24",207.140805797488,207.174707075251,1.11125984505881,209.626291775953,0.658458410959633,0.359800317575591
"CD276",9.88737969806018,0.789146793274924,2.33592955300182,151.074950958724,153.346270181585,0.641259609387992
"CD2AP",216.404571058,212.734334852369,11.4748184612509,0.281554138852127,0.818224567307035,214.787758302473
"CD2BP2",1.06734043661807,0.891865206086401,0.89073291665445,0.582982950581987,2.04527983454224,0.707778322684914
"CD302",0.367525844835039,150.671849270125,0.621437987204668,14.0121834832664,4.48891694291542,20.6176453810646
"CD320",0.468923067873359,147.709547416644,0.89145602727314,0.576432128656029,151.39824399879,0.395311335755156
"CD37",1.00643594740652,1.22026436589132,1.77058479223853,2.45305265388607,150.430942430236,7.31939757614312
"CD4",216.553800366864,219.394139534468,0.54851494361755,2.34664562956983,12.0624248431117,1.1412274377449
"CD44",211.541791435513,213.792739094312,0.974723512047456,0.265060201579291,0.494655525620385,2.80126180229628
"CD46",0.356165304341638,0.616011104264535,0.664189416226042,202.282706830869,0.994994353767287,0.564902519245804
"CD47",1.04682144130852,0.285393858466058,0.523335041297764,0.603862943553509,1.24424738378581,0.288032963367715
"CD55",1.10731682992558,180.826489907557,0.527954479208173,1.40530447066464,6.39777612275409,0.349284545099586
"CD59",0.500676853496386,0.427253132347622,0.453367089322493,0.186821822438134,0.341716391163285,0.619737975887562
"CD63",0.564504020236047,0.402315604639027,0.311479266602107,0.163003486341999,0.657336728045255,2.26811315382504
"CD68",1.92414163809014,150.292184674478,0.572890613715867,0.660557589071697,23.6225616109723,8.15251175597075
"CD81",0.598312903926626,0.288103568334949,0.194683840045351,0.0668827457917357,0.200885326791945,0.521396971522308
"CD82",1.07796863520387,0.538357084769094,0.564993786004382,0.322258065025169,2.88119719702904,179.394848684674
"CD84",1.14342917411096,2.13999140373458,0.789033092280093,1.75036596184099,2.98280019595134,5.48775591092428
"CD9",0.746531081445946,0.180909036582539,0.885550980845105,0.556412953281649,5.24112534598409,3.72331219609688
"CD99",188.62579286959,186.235830801194,0.326785122933578,0.126218429095594,0.233345130511856,182.38844288068
"CD99L2",203.892423484247,0.261690017668109,0.377754062191992,203.355786483591,211.142758564445,0.201552907770229
"CDC14B",5.72884033564209,0.708582922201092,0.696742971638451,0.501402986756271,1.63248896736074,84.699498068455
"CDC25B",211.613487027078,213.125581949213,0.577957703417232,0.404016569455164,0.544970179853228,215.821940899434
"CDC42EP1",149.08359497087,0.223641637268952,2.2024061953244,4.35521542407224,1.02477636992311,0.769695213070585
"CDC42SE1",0.684912629514295,0.435621008606136,0.941408345248904,151.373154590562,153.262784517152,0.495221024931635
"CDH2",0.881068814301782,12.6077005927982,0.411464261811404,0.218078186676955,1.23594073959369,160.307579131354
"CDH20",211.744022187825,0.491591540852139,0.897386322033792,0.254838901206394,0.555782725359599,5.52358581038067
"CDH6",0.335551857325627,3.68446301845914,201.544307361265,2.24768928065227,212.538592368052,0.420150115246155
"CDK14",0.572588955642276,1.39719854674669,3.28399636796833,1.45476003676223,212.668384573265,0.251577929616501
"CDK5R2",1.30303338489769,196.974022973439,200.255632605389,200.145345657209,181.600636781279,0.196448293353285
"CDK5RAP3",152.437219854215,1.00824530276153,0.799114344805785,0.3874145607453,0.718497085280032,153.185803129281
"CDK6",215.627634051816,0.41809495233144,215.559034288052,1.51853700561385,206.774836318737,216.417230378917
"CDKN1A",0.410775602296122,211.824071427442,211.121502398702,2.24325890189094,0.756050524801585,0.754812037399184
"CDKN1B",1.60684032069361,0.269693129485623,0.48319062559174,0.548408307293983,1.56298287576228,1.13396006135942
"CDKN1C",0.915159819449819,0.124966189513193,0.344991770982514,1.01911776544164,0.979333534851668,3.78737968397492
"CDKN2AIP",1.04993397345105,158.518166750982,152.700048161675,0.420938622656933,0.489772167578356,152.398462539007
"CDO1",206.390423781314,0.503296222688445,211.058229320638,2.77312436101253,3.28853699355934,0.58519205141325
"CEBPB",1.29102307918376,211.037751984764,0.552306616908534,0.545461837759031,0.373167484071912,1.2633686763459
"CEBPD",0.564902591100863,215.19588664106,0.948987244664853,0.551921097888487,6.43559296519134,0.843437181513661
"CELF4",5.26521759918113,0.593812674293107,0.284654637872734,150.05319262592,0.876308428161559,0.0653216749441637
"CEP126",5.39620957561078,2.0931680231037,0.982020100341325,1.53502673199331,0.542592348574277,0.197228263445563
"CEP295",69.1247008145968,1.08010506256568,0.744165480541889,0.828392499538568,201.196621640645,209.949606198915
"CEP44",209.824466288779,1.04373791536506,5.83275835497335,0.847493803698632,204.753870092114,217.396061439709
"CEP68",0.707541757266134,1.23269976196339,0.720805397413094,0.673916410355402,0.796053420808026,1.46700394088537
"CEP78",3.81687715864236,0.528997331035873,1.13169935363253,1.17943095021132,0.70627009489916,3.93077110710845
"CERT1",4.93216944932929,0.972606769345988,0.9873831963389,0.577526922169645,2.38732569083874,0.258846489263335
"CFAP36",0.669944975022417,0.84358720691689,0.770152275885741,0.586731390894636,1.03887915554681,0.744152228168794
"CFAP97",1.5475113028328,0.528951789989275,1.5496465861099,0.650859309342338,0.609203937596562,0.798642407393966
"CFH",0.249391460569384,213.40681184834,0.783223018957271,0.6025258029722,208.663212159732,209.286283388638
"CHD6",2.34056485045026,0.485515749209799,0.47974968732602,0.689223546777605,0.841438870759729,0.440171168494016
"CHD7",0.449923241989354,0.40396256830868,0.957194081819676,1.00051467769739,2.83388518595629,217.248962236785
"CHGA",200.687325777666,0.785617195568799,185.993640959238,205.590022754922,196.99930472926,0.163474617742082
"CHGB",13.6181910772545,193.095705355892,1.33532399734601,0.607640770154629,0.643430107824316,0.498374674018203
"CHI3L1",3.02105108143354,5.80054539472516,0.461868527572926,0.181496064797495,0.632443643606123,211.501510144188
"CHI3L2",136.997784076761,139.947060090806,144.223570415443,0.79285579537809,142.975057771709,3.68547757256616
"CHIC1",222.721302238018,1.79242811023217,223.406771088505,0.467019906966233,226.144052834339,0.545105862698206
"CHMP3",0.635194453535381,0.623327064952551,0.368269013516613,0.411524788221508,1.65832087897303,0.330794749496178
"CHN1",1.20618173816157,0.641830089338636,0.710380480293671,0.537058016861673,0.66435156828406,0.153631520841605
"CHRNA4",3.33506905858085,2.04921477747322,1.13194708863923,2.54177971432704,6.27300583065772,0.202258683930201
"CHST2",0.535607033259107,0.456291265630908,203.566036168317,4.81677744904727,62.4098531887025,1.74428364096072
"CHSY1",129.836817294987,0.803721246109242,0.552408053590416,1.30077688970923,1.37478144992225,203.055182913549
"CHTOP",196.440398849891,0.661513933535489,198.774558287737,0.313217920769909,0.420623031014133,199.9893539357
"CIRSR",1.0884288791936,2.05115483772142,0.647781407789457,0.367222655049424,0.553485120320049,0.516615324597247
"CKAP4",4.92800930866297,209.9589389285,210.823467353503,0.351873372967403,1.19215503789323,0.599501483653403
"CKB",0.673172623131656,0.358501102487228,0.206742498046725,0.0946363214646874,0.270919673601977,0.136708276120825
"CLASP2",211.981008912101,0.24543229526768,0.386525980388371,0.723930803076166,1.93373628830879,0.321766474171034
"CLCN4",174.220378861853,0.458686693124864,0.764335784823793,0.754701132364144,0.73108822972868,0.278599252087
"CLEC2L",154.167447651941,154.553512028628,0.904144267554968,150.873359982883,3.84600276088727,0.303127290876808
"CLIC1",0.382930399685945,210.405035974811,0.846229964267782,0.926291838102879,215.448834792033,216.839858230407
"CLIC4",0.304055722637973,0.244283505949772,0.637688349550127,0.511144438173528,0.37398916074289,194.641385019544
"CLMN",213.891722624176,0.371064675241143,212.388592775394,1.23680945794056,1.63862056841448,214.286990432615
"CLSTN2",205.771025540141,8.38323495435718,0.361866640774221,203.190408797953,2.06815342093892,0.204862889850544
"CLSTN3",154.853264979971,149.597919398094,4.36401085704032,149.593961733217,157.61768935228,0.133578856736256
"CMTM3",1.02682550737389,1.07295113920297,193.806976334525,7.60550401417069,999.803094741635,80.613104548533
"CMTM4",149.632941330459,0.549437808939753,0.48329388023262,0.394382279010854,0.47669208477205,0.552091559914447
"CMTM5",215.270447059323,0.15336471855725,1.61335196098783,214.991531136263,4.73218375141353,214.904696920108
"CNKSR2",215.474922734003,0.418752376653694,0.519480372899535,194.355968726004,0.42985485407817,0.363753683454163
"CNOT9",1.80177804423244,0.666450373746303,0.865270803316511,1.68994554973334,150.155723185734,1.00073871649893
"CNPY3",0.679939331857676,0.416330214685312,0.673101590166472,4.61506909980227,1.38035029037999,1.16842707766376
"CNST",226.31455662304,0.301118899837594,1.43223869908915,224.944626307654,5.77807954101161,0.534671446671445
"CNTN1",0.621519945574116,1.30330540881986,0.404230499722542,0.247333980006652,0.449714106655012,0.149613021475046
"CNTN4",1.42443424263052,2.37284953846028,0.939862397391758,217.867079196806,0.901193759824851,0.311912118982958
"CNTNAP2",1.09917911270602,0.326614613773629,0.483994991795801,212.74789794463,1.0472902423478,0.265478077210842
"COBLL1",0.371913395724002,1.09324072124839,1.9478385741027,5.76256733407662,2.03737672276387,0.694579017802137
"COL11A1",210.796006539645,8.39410459711165,2.47917000104772,2.11833396566686,1.95859001150552,0.326230181932263
"COL18A1",0.377371576549074,0.225890874117008,0.982089220492159,151.452684997588,156.132329061369,151.697370203276
"COL1A2",0.347726916326502,0.526211163432617,1.59259600046241,218.135092658929,1.6097435349204,216.561777209322
"COL21A1",192.129908201249,0.687580562389658,183.912168866867,1.54756858815158,0.678430552352764,209.968055233582
"COL4A2",0.351305227387228,23.6203005644007,0.812622089669224,19.9957235756348,34.8444029148764,23.7507473736382
"COL5A3",0.467997965458008,29.3667543509509,172.33650999843,2.59926239354648,170.632084980984,1.32788346001204
"COL6A2",0.524238791505467,0.654663564236516,0.551578187044682,202.238029925226,205.519809840032,196.594025721255
"COLEC12",0.441984779588886,197.137688547324,0.501306977082537,0.276997142673273,0.438723548862982,206.748804510742
"COLGALT2",2.47934878962058,0.79412806307494,0.62144351456736,0.444961291796619,218.51838983517,22.0753652099995
"CORO1A",0.430639097370039,215.308627756625,217.838493343661,212.870889661286,2.0877298121081,0.503768162698192
"CORO1C",0.469806264466467,151.396784061517,157.055537364434,0.700986589819963,155.637659147468,1.9823984067737
"CP",0.345174442317577,154.683336562158,0.871173781930324,0.504878624619434,14.6204528297738,160.928330798506
"CPB2-AS1",2.76703520090956,0.592462888399401,36.6986753900977,0.918316813377959,207.949925210014,0.84899145903454
"CPD",15.0509421384321,0.440989444966348,1.09026459241489,0.41927780687964,12.7912691439524,0.917420022021733
"CPEB2",225.481107723853,0.46822471401103,0.449207468653627,1.14662913656115,1.54720501043761,0.469234729559493
"CPEB4",0.332938193746839,0.381669790936026,0.796654802225952,1.07954846776646,0.367251606742241,0.328692021824816
"CPLX2",0.735768438438114,3.39974453616907,0.625118593511204,1.33237372050217,167.333105702728,0.0950772944513024
"CPM",156.721126054897,0.171556508195081,0.86018077370778,150.430171337071,157.207740029922,155.496336899656
"CPNE1",1.03571809941798,6.16430635832196,0.721001761325207,0.991159320146464,0.718206424004756,0.664553703264753
"CPNE2",2.04790769011527,0.950752921875083,0.800947144598977,0.726854832864378,0.639180176645315,2.38426962238743
"CPNE3",0.620194708688579,1.20819085837893,0.545659218253901,0.209798319831631,1.02822304035922,5.69182827782075
"CPSF7",228.31052932127,0.603090377811439,2.88763799013175,1.10183813578918,0.495231132929515,219.373874590229
"CPVL",1.11175488208255,0.793213411954234,0.386539024753674,205.493514495165,209.019818358313,1.09478470961051
"CRBN",1.01211750862847,0.356175274142633,0.694514833602139,85.5443551219274,0.533066356808581,0.386934061206841
"CREB1",219.485255804427,0.661233254916957,1.51183733527335,0.456578604667221,0.92937232258152,212.957873329584
"CREB5",28.4388999863306,0.314524487828643,0.834248297539935,2.57183689279246,1.59455748032399,1.15078593486257
"CREG1",227.927126865759,2.82669171102538,0.695908506550822,0.30807950167683,2.62615094073751,0.434114907220443
"CREM",0.410678244584646,3.4034413541255,0.916540350422606,217.073754800457,1.28308001086052,0.605139846155533
"CRIP2",0.432035487116586,1.24374682151893,0.451703175259512,0.485895348449599,0.394723829854527,0.577781879575076
"CRTAP",0.280152703340801,0.712043141646403,4.77257156992337,0.841528040416561,1.15716706782191,1.14295022002612
"CRYBG3",0.871404457101,0.51274723414475,0.795544901806473,1.2303763571026,5.33834327247422,212.032944927828
"CSF1R",0.727507487745348,191.624519746005,1.39557776113128,0.397903538605979,195.659917777749,2.10706997454673
"CSGALNACT1",1.37857657017061,1.08048644966318,0.542876830639786,0.553024897151427,1.05465941707057,149.749161991002
"CSMD1",153.970018543572,0.945723104474264,0.76803019715496,151.078526583944,0.732687668339734,0.824487171808419
"CSMD2",0.952569631372556,6.14103962177688,0.818872365090002,152.569211636652,153.057921003802,0.387798250519118
"CTDSPL",224.018447494411,223.907128775259,1.11774823236638,0.433152447647625,0.36391086797,223.1611642499
"CTNNA2",0.873292033965216,193.657410681248,1.01199368127002,0.272522931168969,0.442294477056051,0.587069920933291
"CTNNAL1",0.9730233108902,150.3232517764,0.659077069590766,0.621204487800734,14.8437171659829,150.950446455371
"CTNND2",0.948586625924385,0.908309450691057,0.247928247447274,0.158076364406614,0.892213298524018,0.243868128258268
"CTSA",211.467916174226,34.7607638124901,0.414956887621486,0.278278483879146,20.8859869657797,0.898124952111091
"CTSB",0.570215634036308,10.3067795931958,0.31395783877352,0.262881451637461,0.311029231121907,0.159640241776823
"CTSC",0.665234957171564,208.762981839835,1.47445856059953,0.704099119690659,208.08994623585,0.538012518185741
"CTSS",222.565131305461,215.36100020915,0.510634667576443,0.310377212357758,1.89824878490884,5.02986774667416
"CTSZ",214.298839635605,1.20348064943972,0.56751245842028,0.880323988408539,229.087358002078,1.02630766733699
"CTTN",0.997992494520661,0.812126304312207,0.437367850402876,0.337517934984736,1.5947217493806,1.6242464605395
"CTTNBP2NL",153.425698029009,151.838621568872,1.27927925855676,0.463068475179353,0.408856452495969,1.34796096539051
"CUL1",224.878760309722,191.994435470435,222.3896345892,0.520140190724322,1.58583302278325,0.442841605445319
"CX3CL1",0.747823102012842,2.94059845532352,1.15238654376038,0.529760568076586,0.697691420769801,1.27339658283317
"CXADR",2.84801770647177,0.276869464758966,0.48963734800927,214.49175139961,224.776605455483,0.992773896125971
"CXCL12",0.657675840570238,176.771631091438,0.614674280078754,0.272138425296379,1.33693431439541,179.104204017858
"CXCL16",211.429531915215,185.373260466325,0.748251432442652,0.380959839026364,3.28193313174327,1.02675025701582
"CXCR4",3.81596255721228,1.09549937670388,0.910755932108291,1.02757070380005,1.07341948591236,149.922073900964
"CXXC4",0.996815065308236,191.345672906421,0.752809916138391,0.405317089263806,0.925394939842132,0.231384514414242
"CYBA",0.462609169921182,0.647441868122587,0.524839081683263,0.745257615846788,154.036771367399,150.763155808418
"CYBB",0.910959292703574,21.8919387685187,0.550925065828411,18.7050562419794,0.856182271774154,17.7376551349597
"CYFIP1",0.88522854297066,2.66099815392722,1.37676299243655,0.25074528523426,2.01299165845664,221.576365455342
"CYLD",188.092680568464,13.049417287007,0.513694866617816,0.52012354360954,0.597655777661739,0.418409651753547
"CYP1B1",0.81953122320351,3.29263233652824,0.567430243507399,2.04502107513369,185.562075480857,1.66203901730039
"CYP27A1",219.552747311817,0.293882179205489,0.784631824839203,1.11582106510161,196.827879864871,0.635177938884207
"CYRIB",186.509516638436,0.78585679786078,0.444702968327504,180.39710987987,0.690607440442889,0.240607698617681
"DCBLD2",0.622301250021309,179.572832597483,0.940556346617054,48.7454139252355,176.795686625576,0.439633136665973
"DCC",220.909062193336,1.61573513460568,0.616398361912048,5.54463968727937,271.759275486848,0.327899604029701
"DCLK1",0.458641015829181,7.27875111320821,0.586065270005704,0.765701345323255,0.489943104900579,0.256624372043099
"DCLK2",221.679665528134,120.332657690991,0.513178387779673,0.250457360651265,2.25466008475402,0.725933579318229
"DCN",0.217147206410553,1.38021187364313,0.319407816165545,0.557753565113289,194.768606969112,200.264391232477
"DDAH1",0.665839482447614,37.1916475496769,0.581628500232014,0.134971871168626,0.26080724928087,0.430918183666207
"DDHD2",195.56998948212,0.54089323562816,4.0012654781077,0.500098985024475,1.19894271804684,0.366191586574523
"DDIT4",147.22286232401,4.38154133482179,0.691632031314186,0.470073269570658,0.525792388908139,0.90435088369157
"DDR1",189.742194162751,0.281141476708772,0.510553749979504,0.146251848646486,0.390413698485482,194.477270852734
"DDR2",0.774672834121649,0.357412558909059,0.532650424000778,164.169622839705,1.97838674479919,0.439794515953975
"DENND10",172.015679451854,17.886882507004,1.75249336268161,0.311284886054442,172.543426571096,1.07562495918063
"DENND4A",216.915065581087,0.425412236503896,211.593626848625,0.817675120473706,0.409177881881282,0.570256855779915
"DGCR6",158.015638207717,150.59753730586,157.763046241593,0.801874378212551,0.645308265901072,0.429484841521089
"DGKB",1.6940040119239,1.714969550606,0.475880343304732,0.586304461666657,217.714710675087,0.678152961217169
"DGKD",211.072091018699,0.327356891663065,213.566220750002,216.235267216966,216.351556891833,0.617076972436867
"DGKH",0.539795496481453,1.82176944628401,1.50863594666389,1.9179317884823,221.441860442177,0.579801695330174
"DGKI",150.755446362318,1.8155378500203,1.63066516791163,0.748531784743974,1.93310567128885,0.859831453658391
"DHRS3",1.28154786067665,206.055182539921,1.24561187939571,0.293068312550765,0.515693806753716,204.845885893966
"DHX57",1.78550660680505,0.564912068199491,0.875048077196409,150.456129051033,154.105825129114,0.673837872255955
"DIP2A",1.09461698707735,0.327486579984192,207.774238654581,0.744458141590772,0.672996085171182,216.506002908535
"DIPK1A",219.333771550519,0.635821103452882,0.929884902094729,0.626854775006055,216.086908323955,0.548606707252054
"DIPK2A",1.5712447895517,204.424251710159,0.502978562662553,0.913963242687928,2.50278671995677,1.65629595198717
"DKK3",0.686188591746673,146.388966801293,0.292342291625146,0.111683965741709,0.271169115716193,0.127611096744585
"DLG5",2.31359909870802,0.638917918402691,0.607454214943259,3.82761725207905,148.800260002695,1.1973885186102
"DLGAP1",149.942233769507,175.903549264396,2.24195201553971,2.06456090642409,0.44751645552552,0.649392612646599
"DMTN",153.527444821073,0.59408609761839,3.2215675882816,149.255952726591,2.23141502009204,0.197271305285109
"DNAH5",205.141810561628,180.554380711254,195.226550294367,0.436087594633999,194.953472698816,1.50369043916835
"DNAJA4",209.9240230172,1.04559969493442,0.75905506937577,0.955381963443346,208.97297271861,0.187337101282647
"DNAJB9",221.467797432923,1.10019128789496,0.949799737190725,0.849706871324159,219.577952205605,0.307632580007095
"DNAJC16",1.64219693451729,1.28887623508609,206.559180762687,0.655102923872832,210.620459052983,0.516481084888156
"DNAJC4",1.29134265981593,0.497816151787236,222.604753943743,1.14043124630217,223.615936877711,0.943829596749087
"DNER",208.17316970591,0.249671603764094,0.408712019641404,0.350168623666582,12.0305435804942,0.122521261951978
"DNM3",1.71018554864914,0.411731730791582,2.41248369139318,0.753064517721047,60.8716124995616,0.26744439599731
"DNTTIP2",1.50418838515368,0.680519141681342,224.327221890736,0.544168382468331,1.81154199217619,0.6247725727051
"DOCK4",2.02295732989025,1.27772259024261,0.487322829569699,0.282259346746167,0.511869587929361,214.282747568052
"DOCK9",1.08827857813085,0.523084157975432,0.680219048425525,0.894021306305059,0.510106616297045,0.664077156176464
"DOK6",184.347415243488,178.604474585996,1.75250000811739,0.305674686619907,126.859190010098,0.31416229206996
"DPP10",2.48023434895793,207.822050770021,1.71314846583683,1.48724484718676,1.3106247477086,0.417626974950699
"DRC8",1.11929049685133,1.05830780041192,221.952571764471,4.2962409426289,0.727460497617738,0.883418481752207
"DSCAM",208.004352284536,0.713150954596662,0.93322593161234,205.441131031544,26.2427934158339,0.485380547299853
"DSEL",2.38475459311675,0.463843128705757,0.504244946689924,217.145745590749,3.8766324489545,0.308445920409511
"DSTN",0.530660510569598,0.223178379973178,0.407710872274012,0.259594412585496,0.9759123822593,0.25920795886714
"DTNB",0.598555957813618,0.578925081634283,0.657124805037996,152.64755963931,153.601285756551,0.655276239390868
"DUSP1",0.225414303865404,204.217324471899,1.18951901802803,0.444703104725144,0.617484447832015,211.303586005102
"DUSP16",226.495903486993,0.622300650981007,0.590631408992372,1.07523357366782,223.293201603204,3.83431006662391
"DUSP3",193.008668055462,1.47746338728938,0.875104106643017,0.366122415762174,8.58780636103056,0.321573881576454
"DUSP6",0.405434005672702,52.7859015700468,0.702852852126664,1.29275604597109,0.61919828067641,1.64133654276266
"DYNC2H1",0.882822892254451,210.131467831447,0.844702662291648,0.518908063532292,0.545830557366491,0.773370464119546
"DYNLL2",0.5127728710749,0.456783299946819,0.50862166549995,0.551249869227564,0.394703779659187,0.137194562888288
"DYNLT1",205.083951120288,0.660660456704283,0.551191114981491,0.97914384299161,203.286865723038,1.56570717981681
"DYSF",9.47895705167984,0.729099215929589,1.3357139005925,217.37509879469,0.49817658126802,0.828388053476025
"DZIP3",0.647105903502377,0.693493794283618,2.33274714924337,0.799321346993423,211.295025199007,0.287635788750799
"E2F3",216.464674051774,1.08321842507511,26.4583052216235,1.25623150980791,215.941791786096,0.654865244051066
"EAF1",211.285148373242,0.833075065818272,1.06913853745213,214.670661384449,0.829612524735881,0.293754872965661
"EBF1",0.277793371508944,208.697393115158,3.16879259670445,999.999912315014,197.417030342037,0.392166326896451
"EBF4",186.958094212093,0.411781793186888,0.886361052617427,208.98893255013,186.902573446017,189.260158877203
"ECE1",0.386271967537888,153.910722451035,1.93557704856743,1.49960277835797,0.634162082037837,151.121183315533
"ECHDC2",1.41601579255202,210.444213230528,0.814683616043175,0.767985056209533,211.012006526474,212.689138131215
"EDEM3",121.800414035162,2.12369123420279,1.10548207608002,0.431615530851925,10.692700473037,0.649704308677828
"EEF1A2",184.903988542098,0.433084680919297,185.878319436188,181.242237949301,10.5997694287064,0.119168263844542
"EEF1B2",0.388875927766313,0.272640479162168,0.289408356383368,0.269128673435437,0.488164797757495,183.986804627178
"EEIG1",214.018760679352,0.334118653645812,0.415260428425363,0.712766838352663,0.829769916454474,4.83225641218498
"EEPD1",197.990532203824,198.298501872074,0.657478782563781,0.512841293334484,196.9063613816,1.21491306972381
"EFEMP1",0.499966852725926,196.061793153948,7.71826703117787,0.109640558973913,0.240609619479222,198.007698589952
"EFHD2",1.03398196723077,203.274827851358,1.05157988282217,1.24562758682368,209.110749195893,0.340056615706554
"EFNA5",213.565747510577,0.803433929383837,212.006083397053,211.463451967252,1.41958933072329,0.53937914134788
"EFNB2",153.33297981823,0.996353303892533,1.33162121280623,0.412352480659004,0.688919124605006,149.518024166731
"EGFL7",0.198698811168034,167.209241753876,1.33558917242669,166.297005675537,3.29317497580201,0.217495096604142
"EGLN3",226.520251715201,0.374237335967968,5.87016938117501,0.33624717722461,0.472225783142175,251.597573726057
"EGR1",0.236273338409632,0.557360721739012,0.410023130169019,223.513253258905,1.66109199482703,1.82678604593639
"EHD1",1.24597529930513,0.863233111423908,165.015771932999,0.381919171716798,1.53603220298928,0.485136884075944
"EHD3",0.866911663841174,5.80404334282126,0.728288332869365,251.003046220322,182.857139088356,0.268560041945947
"EHD4",228.465421250064,0.9122399010661,222.173514012334,0.385468159271574,222.423445227328,220.178063300628
"EIF2AK2",0.707437476136544,1.2260600732263,0.638355194447818,0.535580753369659,0.901919715067665,0.311746550161909
"EIF2AK3",3.10034208867457,0.323211876226998,1.10072620874625,150.182423331683,153.820255422742,151.683580152018
"EIF4E3",149.97216436374,1.41811622646846,0.815332917146708,0.764352562224492,1.85327094878626,0.377904724183978
"ELAPOR1",152.175995135929,0.399620225961552,150.298456760033,5.22326997773999,5.5456096530577,4.89052868428569
"ELAVL2",2.374720244947,0.730539843506353,0.408311827298748,130.799616975326,2.28424441028845,0.0848010765581669
"ELAVL4",191.910178979744,117.391463271637,0.688737681960121,0.930819206655117,1.18475417491092,0.110601754844275
"ELFN1",8.9977364967168,152.282456931405,0.848514958318757,150.486491328123,153.333311160814,0.303412084916741
"ELK3",0.712129715109432,177.185249728731,197.595892027373,0.438886933137072,0.819365639890076,201.465223171458
"ELL2",214.236778723344,0.352036077372831,179.487465760984,0.409523744992913,0.579035995316363,214.272150669329
"ELMO1",2.98688387476301,0.372690397571989,0.463330669198375,2.20482965280663,207.857774727386,0.393080125641968
"ELOVL5",2.82883426937029,0.308144942317006,0.311600653806223,0.583784499909297,0.438544214668633,0.31034477447517
"ELOVL6",0.500510862956593,11.2643678455475,179.944977173776,180.876709146205,0.783181228292303,0.413449083567357
"ELOVL7",0.355612714216442,0.529317519277678,1.04153029466225,214.830111244056,2.12417679415906,0.887600337127321
"EMB",247.842695720413,195.171250885329,194.179207133876,2.05719097777886,0.967954651419387,0.547588994801747
"EMCN",0.373493477275178,159.984837103505,0.500677563557504,22.2424138270993,5.14863533979972,1.08140149812477
"EMD",154.6679381275,0.819005619126967,1.5765870905964,149.971685077718,156.80816886906,0.335809182115247
"EMILIN2",214.743722224048,0.313445237947345,0.602063691575624,214.618664583619,216.132322960189,213.169103196321
"EMP1",175.659928421817,176.202742575589,1.84426787346238,0.285510409704187,1.47577532058412,0.697457632774453
"ENC1",0.547103866753931,208.803375854085,8.60298791928188,1.15855694524848,218.694298764127,2.51263340073527
"ENDOD1",203.435921433108,0.229710131320877,1.18583534677919,0.363445258505242,2.08289845120692,0.667528496990588
"ENG",0.135206697244816,27.9527209021647,0.746153355176843,0.346355857926615,129.745620278392,151.672337412457
"ENKUR",1.12729679019677,211.75827293215,213.168498536369,0.376627000971713,1.32379345055641,22.0308625370367
"ENO2",0.624276708028523,0.872177082424723,0.631958422078614,8.03666300522472,4.27789533802761,0.148352616575381
"ENOSF1",153.252280259964,2.56802263112207,153.390001486959,0.457532874214034,1.41795916407932,152.686250601097
"ENPP5",1.10653104899078,215.858958451493,0.49106759057458,0.233378302457496,1.42333528282373,0.683906251290067
"ENTPD2",180.783729454481,105.822884888608,1.1819111675113,0.287574243305737,0.879071191805076,6.49522752091693
"ENTPD5",1.08435067012238,0.532140130629705,1.5633655239579,4.05180674573872,213.196778204642,0.794766104501267
"ENTPD6",2.30080390339747,151.615884872884,20.1393981766297,0.874965356822634,152.37617235633,0.217201235342897
"ENTREP1",56.9211261974057,38.7697861092095,0.719256265680991,0.16082300719489,53.6023640941856,33.8022179382177
"EP300",1.22863085360155,0.832467542929975,0.754434179347325,0.521778902695553,0.56687995379126,0.880027775126659
"EPB41",154.497591606533,0.544282757875681,33.4643494515339,16.1632945977015,150.067598796252,0.430081767307132
"EPB41L3",1.24566490229775,0.180093528022921,0.324905719598432,182.5624870696,186.47263161528,0.233479167110016
"EPC2",2.16919403302528,1.68889524659366,205.352997861817,0.725047610470325,0.50352011762859,199.002290088371
"EPCIP",215.308129157941,216.72845507231,1.49754814495637,0.45213243545563,4.16789996145738,1.12284542738389
"EPDR1",188.654858381966,182.529370313918,1.87709978344714,183.333457918074,2.01680233372785,0.127738269391028
"EPHA5",224.194530431446,222.49668027121,0.702314174991868,223.749601191401,226.096871313922,0.204174012769149
"EPHB1",154.530613074446,152.437232444937,1.30155242873177,7.37780298653078,1.32102295413437,0.384554975195438
"EPHB2",155.028003839226,0.74487967380133,0.581113600832786,150.10049482709,153.882786551178,0.470707319838848
"EPHB6",148.914303508763,207.253657900061,204.579939647154,0.555288665776945,1.46229994747007,0.468527735402928
"EPHX1",0.530969384479524,0.722113963254295,0.417053899301196,0.199326529107561,0.446813190126283,1.04072996785799
"EPHX2",216.71661305616,0.375978167559278,1.00830879752755,236.680285133742,1.34553958940476,0.474229402960234
"ERBB2",221.622994830261,194.787855993691,0.717435840654988,0.348493981794912,0.626036864518661,0.980785025722576
"ERBB4",6.84989896481752,0.724272364442824,0.543454762508647,0.59388464147587,0.81377321281992,0.791875049596646
"ERBIN",0.886124113375278,0.221042281805575,0.347769232545525,0.181887640076058,0.375972518875771,188.938632215948
"ERC2",0.958672735010612,0.941978864897323,1.31553398919798,0.692827150650481,213.812701162003,0.462805479350215
"ERLIN1",267.058622039288,225.146927795458,1.49328856275142,0.580621869904749,0.510111072388038,5.6943680195122
"ESRRG",219.167463276922,2.40741010484534,214.005341709854,0.407306568842609,214.681596929111,0.75301023173175
"ESYT2",0.403108419996577,0.483308045765215,215.107671791547,1.81955226473438,2.98974384163588,0.469976831300765
"ETFB",0.885497752830835,0.276704331900492,0.561447782126606,0.424725750838612,0.635437491264141,0.788132779611292
"ETNPPL",200.240328513013,2.32517202211699,0.337440367570089,0.129350685843814,0.449764700542351,1.7402887526347
"ETS1",0.925556724159344,154.510773962524,0.753714693604471,0.391497742196754,153.61109496047,151.784423313659
"ETS2",0.327699586728471,1.60199044946934,1.79409769518696,220.504866157401,2.05911134384654,0.680879633081068
"ETV3",145.592980714939,141.830084881851,0.87718153774531,0.572246505554458,143.429181962058,3.31221957597685
"ETV5",3.49407842901284,0.999849756542355,0.840643278390851,1.26746628649207,4.80494842592097,0.614374664208541
"EXOC4",1.29648443427472,0.570704141666491,2.48053138827459,0.76307250741792,1.1967887409676,0.537698734765452
"EXTL3",0.861382017318114,1.75296003714548,155.615281817315,157.712382965483,1.06650334066258,0.294743364581655
"F3",206.489571971617,202.932013966899,0.532288473046954,0.166359945994469,0.371894234212649,1.18659567573859
"FAIM2",319.090248996005,0.224530246073382,0.48824114299158,230.508302607078,0.893001781938763,0.115623438963055
"FAM107B",3.51485476168241,0.173900592731083,0.384233563357795,2.11816677882645,1.26340791145691,207.241379833698
"FAM120AOS",0.91827156488791,0.795839866404469,218.166789265927,1.5652140193411,0.597970603415956,0.449452942879861
"FAM13A",1.78833545006668,153.197153388483,0.700507050447073,1.12090333246579,1.75132170138521,0.617593014646381
"FAM169A",215.592294283999,0.238272971999289,0.617469784548476,213.063826622151,0.64546518441853,0.39162920246473
"FAM184A",220.727936024109,1.04305030935146,0.760859471955786,224.329333661455,1.01690213927249,0.488497686258837
"FAM222B",3.15206554816134,0.384043529258186,152.933957252616,4.94826988344842,152.776316670529,151.974937171732
"FAM234B",3.16470263375112,150.90424303579,0.631188561431853,0.681822933447086,151.855486491797,0.327587593314003
"FAM241B",153.723513352393,151.465895959939,2.21853892774626,150.343629312046,154.017454855658,0.214559665080623
"FAM89A",0.722434062382725,1.04374682147223,0.620004948565474,0.426905926635976,2.79217128264113,2.92348328313114
"FAT3",0.94069112904809,1.52981764402309,205.072089162459,0.329673428245912,0.359720717824694,0.661028391594435
"FAXDC2",0.704328630994532,0.289784935236901,0.889071776393744,0.639815766635607,0.527057765765817,218.637674772292
"FBLL1",102.021334666555,153.859647325385,153.932351526718,154.495885833834,1.98952266121737,0.181380767251925
"FBLN1",191.885265514345,205.059737872698,0.907385031287564,0.246638364935052,1.48679720579365,211.671270298511
"FBXO3",215.780171530459,7.25630916768652,1.08115444239458,0.519436503847458,0.850083808770399,0.339671991309279
"FBXO32",0.96943321093796,0.229571013166734,0.839843615361662,2.41874987327258,212.657367271008,2.24444696362998
"FCER1G",1.42136389864567,205.353645262987,0.504419664077261,206.86889584189,211.27634088267,0.402985596919282
"FCGBP",0.58007670690838,1.55616777201404,0.791083258350207,1.21149443219785,206.995689827005,1.04821112288893
"FER",225.94732162672,0.819168573163767,0.474707572705014,0.3752888792184,0.816074606626528,247.102693181307
"FEZ1",130.036039041741,0.10283960651589,0.329828933302565,0.267308086742592,1.11549818114997,0.507676573714739
"FGF12",183.146648201895,0.734820489765769,0.447494883885118,0.785940751324458,187.602051732083,0.184157695443346
"FGF13",2.58391288440938,150.738485896557,1.11148218260384,150.280864668969,0.414793816866785,0.210224431282892
"FGF14",148.616987372232,3.10569970325121,1.16478172875065,2.83132456723349,0.69463259319771,0.50621996229692
"FGF2",225.053636195231,0.596868077967886,0.659879343168367,0.163370050039018,0.7991903158572,217.667286900792
"FGFR1",149.644211307864,0.650550614053007,0.40256752141372,0.593077024245706,1.02550472355331,0.402055831030507
"FGFR2",195.978997649241,0.120161136833738,0.307728607089834,3.02113324493224,194.189292611531,192.660273333798
"FGFR3",1.75133384526893,1.26595165930868,0.295540210852092,0.109632884948517,0.259254560444101,1.9739996698792
"FHIT",158.316466752132,0.570797221057904,157.382380652739,151.839578621009,0.50261803945161,152.63931302472
"FHL1",1.84184324891742,8.45180129999078,0.835190774576476,0.202897556208018,0.68116263226315,0.356557859007765
"FKBP10",0.476406403949359,0.912285153904973,5.45252528783345,2.20036031586874,1.37478017024872,148.839738121347
"FKBP1B",175.785534024824,6.14611626331913,175.57555502243,178.393489769032,175.617769906403,0.362329003564595
"FLOT1",1.07569296824929,1.58311593369184,0.266371403425563,0.531696438853471,0.800951894184534,0.407410302743036
"FLRT2",7.22955424297278,1.45789416707533,0.576849480662695,0.671012541116961,0.512622835890537,0.383486379263628
"FMN2",16.6280694263681,0.541222073965994,2.17176873324058,0.277407762549556,1.38514614632262,6.52692263659849
"FMNL2",5.12162141418489,0.125866803739936,0.337125732086496,0.289290249338242,0.307297338646976,168.942544484228
"FNBP1L",151.027137982458,1.91251790254777,20.0794327146016,0.298047562725671,0.751841621824278,149.710171778044
"FNDC10",169.304518911198,1.26074226703901,0.443112560024195,152.834989720103,155.228233936503,0.3014459390882
"FNDC3B",1.2100572253332,152.507810369034,0.772304360264438,0.716979477657377,149.584907966031,0.642024316981078
"FNIP2",1.38375455048969,1.30718647495018,0.518553966357473,0.361333452996818,1.00118783823752,9.23729475075074
"FOCAD",0.973942943678516,214.519230261883,9.30960173291297,1.65868368336171,215.900467269107,0.492736395868947
"FOSL2",0.505607966676488,1.28463504351072,154.771008767526,0.680679628945329,156.90942041464,151.684054854624
"FOXP2",155.24497657658,6.47434271546306,0.82319312176439,167.527994729408,156.501572432337,0.529530997706795
"FRMD4B",216.992964883291,0.276273249544469,215.921795215513,0.86810588426654,213.408609384814,215.833063086769
"FRMPD4",232.968010345868,222.214383718234,2.1245643104381,0.469479830231561,0.674778019433315,0.790881370192122
"FRZB",0.436724473298833,220.483858315831,4.10583833922343,0.723566109692016,0.726809793859598,169.394760881897
"FSCN1",3.41750409023936,0.183054738250656,0.43862985906723,0.683851520108111,0.747093460428263,210.907071976796
"FSD1L",2.27446043721832,0.601727119671149,0.554580473102178,207.679439478738,2.28347167480081,0.341376142774779
"FSTL1",2.4078292128452,0.985940890676262,0.460245497209654,0.424007209287118,0.959517620996148,217.548588637699
"FSTL5",209.623293513059,2.51431126838262,2.41996871833853,0.377085377981203,1.82522356308022,1.36373457371748
"FURIN",0.956314920965133,150.603123263549,0.702041699828225,0.292036057845153,2.04866432001727,149.548507510279
"FUT8",4.91085915136527,0.602395647739022,3.73352983174048,0.603378386323522,0.658090907036501,1.90007010602599
"FXYD5",0.460867026005661,188.383025849556,12.482941521187,1.83796039125652,1.14498188020907,193.026922145368
"FXYD6",208.706219697471,0.374481408304649,209.145694294995,215.731038835491,1.00432653237398,0.238345164861935
"FXYD7",0.86600458505107,219.7855313508,5.07275958260473,1.16903663996427,1.14308189091284,0.678114368801313
"FYB1",0.762179743059676,2.73750166084006,0.478877313168642,0.610579324326498,118.700667886726,1.75765624379758
"FYN",1.35983201522938,0.582348403576605,0.510681583602968,0.298237781398472,0.688277621056381,0.308225074961698
"FZD4",1.207690451969,204.501321194361,204.987118581634,0.52770999510511,189.988338441948,31.9710442897198
"GABARAPL1",1.59956915265811,1.12210536548015,0.358735186813345,0.809142678990894,3.80002840149969,0.184806229014268
"GABBR2",2.2322857319604,189.455109464625,1.32680977754104,1.47371389736141,4.34544450544757,0.157207960988482
"GABPB1-AS1",0.76487710789654,0.52217858969345,1.37180595801979,1.27220180547718,0.540585891324136,0.9534043086356
"GABRA1",200.418471914162,1.01390482823959,0.544169724521245,214.417018112617,1.78122272059964,0.136580780317869
"GABRA2",0.802661902759349,0.793454921468233,1.53244036511606,1.49848025909911,0.72157268535921,1.5814810624336
"GABRA4",156.555870191456,2.21168910387415,2.51511951853835,150.738832158621,1.40259588065042,0.387995598291941
"GABRB1",0.588101523676681,212.128395783511,190.692794161121,0.993714338876704,11.6747315223547,0.286217382990626
"GABRB2",251.881868473537,0.521720174990027,1.62334381307858,29.928067090125,1.13029515550594,0.176563172226678
"GABRD",1.63915650136406,151.072176701137,1.05648526213938,0.474420510013728,1.44479966874425,152.499906579366
"GABRG2",0.84043226018522,1.21121639093509,166.104693009329,18.8861579424059,1.37863586356695,0.206903548475266
"GADD45B",1.0153269876746,222.628744510102,1.13319384432144,0.348616410127524,220.943251661755,225.917969127283
"GADD45GIP1",0.918453544168157,1.12398975485939,0.494629472166148,0.559281785478811,1.25963491208329,0.581514307058276
"GAL3ST1",152.187993895436,0.205762800251452,1.96180945879567,148.673835208037,2.1434482916124,0.813234519728834
"GALNT13",153.069627777404,150.172387141987,0.986664606016868,0.644629348897222,0.876633162896235,1.57337801309192
"GALNT15",0.657918542499873,0.182656516748196,0.62324958332621,2.24602721625646,208.398261001675,209.639372116986
"GAMT",4.5630335928221,1.11177631860441,0.498701809241763,0.270545081206403,3.2991391090164,0.800604332753553
"GAP43",15.681004657502,1.43681333512162,0.810607104759114,0.437542892879124,0.59091036181246,0.120905844359439
"GAS2L1",204.725773673536,0.36237520907899,1.28516448698666,0.48321169636099,1.33853214808057,0.879220838284877
"GAS7",151.647695527092,0.181928932511115,0.416625983407512,1.90951464412581,161.980074797955,1.2294551583359
"GASK1B",0.829030214948182,1.53153040409462,0.439816868549373,0.190703045354402,0.382634853702129,1.07311484730098
"GBE1",0.996166817794838,206.410588370236,0.610165840741397,207.42083540354,204.717673534192,0.235471279401178
"GBP2",0.708527936576052,152.217920906782,152.48228763114,0.549496449189133,154.943896748319,151.034985131286
"GBP4",0.388957872401042,1.01939516263887,0.611001900035536,1.77081957892282,205.689476174048,209.655191768298
"GCC2",0.627330666145345,0.359516833707554,0.987568654496048,0.345061944539305,0.483537142832648,3.41235914478072
"GCLM",0.604336233518206,2.06532395183564,1.59198323790215,2.66244095857198,2.04893504305419,0.37175617926685
"GEM",173.551905471271,0.900443661554005,0.619886323762731,216.193050226526,0.864445742370003,187.979012104668
"GET1",202.649334182515,0.731733444368667,0.530407295371232,0.603250291843813,0.860218750426617,0.322586822354733
"GFRA1",1.37676187121295,150.507819484415,1.1246023200641,15.6139991996606,165.835819489943,0.188834334761577
"GIGYF1",12.4502980138315,1.14351796787836,0.505943379685685,0.772598991817023,150.743644361852,3.62831934329189
"GIGYF2",0.615063036630218,0.846818357326329,0.685947377936122,0.560486747915773,4.57825965963388,0.491289955051559
"GIMAP7",0.584160617493571,0.736913230318306,2.47690145945906,3.90196321329258,219.030035583159,228.147820430504
"GIMAP8",0.518154828559635,2.37327122422474,134.640915039584,133.956543344283,132.109648580502,140.507299209569
"GJA1",0.918507070928634,2.06110769980409,0.168968083120537,0.0484140833355933,0.1441162341275,148.19233255427
"GLCCI1",0.503237542105842,151.720233634628,0.496242430048363,1.72239621134936,153.951599157023,0.900502662187018
"GLDN",229.266115546212,0.224252509864592,0.437898025650368,1.38003445908939,1.61497558331576,226.952496633432
"GLIPR1",0.705531069219826,208.918787901778,220.059994328059,0.731329483658416,217.97345572008,2.18880584103497
"GLRA3",229.156019095569,228.641032548475,0.582811258566449,226.923278029932,1.03249037628991,0.182687792305315
"GLS",0.82917006513312,1.64713346929651,1.52289016403704,141.33883727954,152.483801771358,0.14055004722293
"GLUL",0.382927732099089,0.144513948584892,0.19846225082947,0.0723601424499291,0.140185015124739,0.617521305991886
"GM2A",25.8255445353967,0.326498767699782,165.357829884908,0.433323394852234,0.562760216993905,161.622755114305
"GMPR",214.895112545215,208.364150925195,1.6476073893398,0.238185919145585,0.364470045152492,1.8464590025881
"GNAL",167.274055645188,0.604601568610679,0.524378850271391,143.327683158287,166.618563935347,0.266151797485297
"GNAZ",209.662503743766,0.304358008954125,213.940935560785,203.011069334743,210.678581387651,0.410147337009122
"GNB4",1.40499603687899,0.812859809340236,0.459711536412777,1.07267159190876,210.097039698533,211.300399148698
"GNB5",0.750194545070047,181.880747773524,0.851904485931048,0.368706661315296,188.56722611023,0.243669041128144
"GNG2",0.775687954399032,216.831979124341,221.454575365659,6.56630760276976,0.862205081882355,0.533510771091442
"GNG3",161.834637411915,159.563894802572,0.791564636700053,159.184168229549,0.594062194550915,0.09359853862203
"GNG7",161.927451201306,0.156755016060975,0.718099614861504,0.485044670661855,1.40968303670341,2.22155742744721
"GNS",0.836252391267646,202.378412833994,0.79950626298011,0.691164081542311,0.71295832089412,0.550804608924749
"GOLGA4",1.71944484241902,0.274862367368673,0.303746771869278,0.230262598970719,0.775733273878302,0.85017739009978
"GOLGA8B",8.58485482178965,1.18109178468023,2.00650602181498,0.456084305884786,0.881787688777827,8.30262599411734
"GOLGB1",1.22039003526523,0.402374005126278,0.455383450014078,0.329591739171088,0.495413392819949,0.340596983223966
"GOLM1",1.31013968408984,0.478920838697807,0.458401153588389,0.273901883138321,197.124571176689,1.93835507680457
"GPD2",1.00499500553829,3.00044272586387,198.498307796381,0.665235517974187,0.935001104656245,0.678230184017362
"GPHN",0.901374875221086,0.786971071839509,13.0751000782204,1.25421417142978,9.37294089470008,0.560595832406912
"GPM6A",0.670138508195278,0.706444632893437,0.322873761324626,0.120914829795388,0.215146372189433,0.205445217759215
"GPR137C",0.762288614669168,2.30835392363911,154.884867084369,1.96129036629057,0.784356114177717,149.945804332198
"GPR155",201.28717434884,0.302461265184438,1.54777527568919,0.526948274460489,193.926015097803,0.347256196709572
"GPR158",229.916720266524,0.519838674569133,0.748616746121893,223.930743677174,2.16622166545281,0.309397755995102
"GPR27",0.649388565330049,0.346631384657232,222.497465978002,219.469887537155,218.820121089346,225.351066018777
"GPRASP1",1.06992273134525,196.296114449109,2.10617091642164,0.659697101122877,1.00742803679293,0.300762856378006
"GPRIN3",0.845455573517425,1.20899788133506,1.86107470076423,1.05107514075992,0.727023767403718,0.936391546151881
"GPX3",1.48724398816206,1.1550693723835,0.38676098501649,185.039650869761,1.51655981653362,0.10387942739578
"GRB10",2.19082227630609,0.426564541337567,0.86228522177971,8.81599845131509,0.580570787627297,0.482103715155885
"GRIA1",2.34105937496444,4.11071786124533,0.792291472657079,4.37780715173193,0.948928162188608,0.335666189487373
"GRIA4",203.536295734522,0.506009308058601,2.76774564335348,1.76262930059601,224.384357362248,0.260249921219619
"GRID2",198.695744576052,2.61364228655974,1.48075959085048,0.697768039234369,179.296785733143,0.791489317284813
"GRIK2",220.967279394588,171.847124858543,216.265333075817,0.978218693255985,214.794341123572,0.48146592879123
"GRIN1",186.849065941682,182.310120638104,0.528530814023093,181.764004338265,186.326119912326,0.0785501122567502
"GRIN2A",219.114638646804,1.27944942496273,0.901345675140431,191.333946319888,2.30466377874594,0.43397347974489
"GRIN2B",217.923703185246,211.742451965183,0.628931546484248,2.1866448438239,0.975630859827426,0.235624342728315
"GRM5",0.703289085427008,0.926724759168907,0.697809940732285,0.496054448828421,214.845045298132,0.562056399856278
"GRN",0.52293579135498,0.778182730112938,0.550810411729398,0.36065323185477,0.800226581913087,1.28093934108483
"GSTM3",0.611352129481068,1.05661725878504,1.77492493736049,0.425869961464135,1.02245733770803,0.587371825923698
"GUCY1A2",1.54602721881065,0.657489991993564,1.66017836725841,0.435087669166651,205.707113850528,0.366108914544172
"GUCY1B1",198.126710254559,1.33335410222533,2.03154177764046,193.296768440642,0.668884231092529,0.0993180941763167
"GYPC",0.702058843193628,0.921551266863013,200.290618601007,1.0214595441718,2.719245685676,2.20071807359883
"GZF1",154.248576188579,150.665334532593,0.818949945270381,0.650196620930817,151.671873366386,0.793375424988533
"H1-0",1.25892809454505,1.07754675405386,1.83171034435708,0.78329261187776,156.428245605404,150.148926257753
"H1-10",0.389372445519694,1.1168805979852,209.544411903944,3.09203275000625,2.05110352426415,0.348595015176755
"H2AC6",224.599457336691,0.336942559478228,1.17023338670046,0.799266642535687,1.34783643866205,224.379073266364
"H2AJ",0.507611247742298,1.29745130450443,1.07355625047815,2.14770115652583,217.534438984376,1.46723677464618
"H4C3",0.922830183425846,0.525908648819581,13.4967352192469,0.486787146432507,0.529297834870143,162.760817835964
"HAGLR",2.75255616774083,0.526787684670112,43.4972302978425,3.78356461877565,171.79079791641,1.12445602436847
"HAPSTR1",1.5969259773655,0.912746904452687,0.918607917953802,1.90341348366316,0.977869675605563,0.481228065272033
"HBA1",0.602188504621676,0.647661990891707,0.781247578638779,0.386757925514235,0.564057552532746,6.69884493121396
"HBA2",0.428321080495847,0.565040312650311,0.870873087520404,0.318913387124829,0.413853639867118,220.097233770247
"HBB",0.28318913237998,0.349517725635106,0.474526266561544,0.350845594484,0.314412618416212,1.00935233995367
"HBEGF",0.723825473745143,1.59625287074833,3.8685847345276,0.573725405602098,153.805244793614,150.513035386103
"HBP1",0.5321572236238,0.76294300167434,0.359353308101207,3.02247271722952,0.926051665659005,0.966672894347806
"HCG18",0.77242629867323,1.05213668491111,0.780876128845103,0.872514586562427,4.75817589689796,0.50309999613214
"HCLS1",2.58462083512187,0.991734836663293,1.24077300791295,152.462573879111,1.07786023305692,153.162778816394
"HDAC9",1.06483017673245,154.747118207312,1.1792533954799,157.406699545744,1.1091151323829,0.269068337309172
"HDGF",0.738668400582013,0.426414155532771,2.0958567974474,0.565515667063785,1.10704270374484,2.29377477814353
"HEBP2",0.618739883872026,173.000832732538,2.06034063669466,0.374781073132804,0.998688235155137,2.25922492942068
"HECA",0.780662162736006,0.66206007610143,3.94637462740786,0.507297066638503,222.577292510594,222.624563594265
"HECTD1",14.1683260034845,0.244663303865578,0.300797931341347,189.704885770993,1.22102422451844,0.257894093442764
"HECW1",0.456497869136252,22.111243931947,0.579173550688842,19.7943922904759,6.90364114189451,16.9235795644834
"HECW2",1.9867165488294,0.559877780895394,1.1110808304663,8.69612892305781,223.721710909715,1.09049179984752
"HELZ",0.507369416143222,2.40433272035547,3.07454475966922,1.32376599400051,192.338552843541,0.324382808274396
"HEPH",1.90185710803802,0.963483480130644,1.17890961687489,0.373775606480477,0.274608279762697,221.652678657676
"HES1",0.346428279153171,0.998815396269541,0.56161847615786,0.646844273820214,5.3904157750517,3.0794339677747
"HES4",0.274379837918482,16.2786113563897,80.4512283675256,1.37157184635058,155.334069270443,0.583558647272254
"HEXIM1",0.527400349103321,0.633136545237774,2.76278172459711,1.62091235631573,1.4516361318661,0.433166625241597
"HEY2",1.68836673335438,163.15903091122,0.584676824151931,0.51232669191172,0.42552430464597,151.982348204256
"HILPDA",214.012248517477,2.85484123291887,211.940414831534,4.21942976562553,0.462428975641451,1.66365459708599
"HINT3",209.665581027693,0.263382351598821,0.399295630373071,2.48379128549693,1.6269417496561,0.400847673488511
"HIP1",0.359587495960995,0.318524980450419,0.763385975540755,11.7213086429596,207.77351529046,203.419584917338
"HIP1R",174.967051863283,0.432849444924231,175.857512496404,0.210656049533333,0.431242689254735,172.632954702183
"HIPK1",0.835332888227033,0.437733718897519,0.752553992973758,0.369135914974659,1.2594903647395,1.35750511194739
"HIPK3",1.9281925258419,15.6021538495658,1.22601312532403,0.369649484439426,0.424521456820201,1.38307516103873
"HIVEP2",1.61014766778343,4.41309144711577,196.799390646108,0.537113642920538,16.95069116842,11.4138182820242
"HLA-B",0.135015564848884,0.638617031035344,0.22450506095999,0.226396736035866,0.412389089357058,0.51677047173119
"HLA-DMB",1.48894983532059,152.050170439176,0.79471230226003,0.541755915486471,154.146856336366,2.35148651679627
"HLA-DQB1",0.608420919302056,211.251650511724,0.595256054576808,0.918540255608027,1.11431331890712,1.16938551594664
"HMGB2",206.826377854793,0.334812840930135,1.35338248139421,4.48111077213119,216.147623748615,0.511159479165749
"HMGCR",200.102246177638,195.412488977544,0.903193186666629,1.72365195609515,202.404422073382,0.225859721731782
"HNMT",217.265791453465,218.765149092293,0.686937889813087,0.208961039328092,2.37121288510021,215.781139393662
"HNRNPH2",1.10977264187219,43.8660918177479,0.458092344512276,0.556473520733785,0.484750191260796,0.261757677513061
"HNRNPLL",215.81916922683,0.394405002560534,188.138553808222,1.43047306903513,217.725818574439,0.885223729657321
"HOMER1",3.94326249099952,226.873230940367,223.170044866677,0.327812027751724,189.211143240683,0.817135200600596
"HOMER3",1.18893016899181,0.474346816955894,0.56814394768845,1.5028787335724,215.847287876776,212.724686388114
"HOPX",1.25088737866482,207.485733206658,0.374677613885422,0.230174669211418,0.280494243290027,0.627572433269932
"HOXD1",220.624636611907,0.293042970764138,220.295710304801,218.530188347732,221.760888256167,218.854106109516
"HPCAL4",0.969616133260792,0.651401786545016,1.68335921758983,0.811765446512067,1.71100542039214,1.10799663264276
"HPSE2",1.1029745989295,0.621832804828593,0.811605830010599,0.332198763007831,0.651698381784628,228.501529656211
"HS3ST4",0.69525370846411,0.927366980451364,0.712112946699579,151.293742261124,152.926223651478,0.708503204721208
"HS3ST5",211.107695114195,0.887571573137241,197.962924671478,207.298060495942,1.04831141236339,0.706529220639842
"HSBP1L1",67.3094374270908,152.137883875133,2.053370090175,1.4123721451067,154.823658781234,0.504113625060774
"HSD11B1",225.484598473613,0.391836810527988,0.589090671160832,1.04021394554342,8.22037668123502,223.611793260123
"HSF2",1.68480670112439,219.453655320385,1.20383589898701,1.20826333907449,0.592932565153405,1.08802213328633
"HSPA13",2.71407299229938,0.532131853704804,0.424008156487082,2.70828985536637,10.7489939842751,0.222119628502753
"HSPA1A",223.336327794122,0.390515186056295,0.695013894943946,0.231138674249367,218.69177216234,218.789416114191
"HSPA1B",221.410102918085,0.381891970613789,0.511760580013685,1.76832990849834,1.8811822060485,0.923218944107639
"HSPB1",0.413891830976377,0.934616359375736,0.319506018678735,0.241046262410999,0.463826380589344,0.352748598872592
"HSPE1",0.649216326759775,0.328471155999271,0.542732347064094,0.321337216388288,0.79502071132867,0.577934374115813
"HSPH1",202.797866758726,0.334949452639793,0.451614531341132,0.39631566140479,1.70837236003075,0.330228611156826
"HTT",3.14579779658426,160.871821627012,0.670450629780429,0.913419864840564,0.577573150712442,0.35662785317289
"ICAM1",0.387919631635815,152.004259588656,1.117408242297,0.883854524848034,152.853652902002,151.226612194731
"ICOSLG",1.3664811476148,0.344759596184498,0.320753906272519,190.373249362749,207.113582621886,211.215908295902
"ID1",0.176115143862641,0.858867859116679,25.3142769959681,0.845703735343484,0.492486781674868,165.236027676238
"ID2",1.00619189342928,196.91484684597,0.510864560314997,0.170471107465468,0.967395959846386,1.92286737698517
"ID3",0.419680808845387,154.093500018813,0.528527957430987,1.16784630247519,0.417719080211033,0.618939475488562
"IER2",0.257896414343267,0.819269120619494,155.111134411525,1.34622055534531,3.43158347697015,147.744089557309
"IER5",1.24326504883587,152.877385517804,156.295053182101,0.484159356779073,0.528724680767606,150.606120431289
"IFFO2",2.28268094644222,1.14248584198116,1.36694089734391,204.5456402637,1.51854193587423,0.581135867939781
"IFI44",1.04986053965065,154.949635029041,3.41428413029535,0.479922196531971,2.09171260367526,151.377375207079
"IFI44L",0.272591809147823,213.754610953056,0.681765342269491,0.530110249689053,1.47932183032385,220.358648566745
"IFI6",0.362847445683651,4.30663265864836,0.330509503257153,0.571947012890481,0.45233237738009,0.407335247354416
"IFIT1",0.442289564299389,0.333505768597678,0.950207121217676,190.524955312361,1.06810466685114,0.919249126830603
"IFIT2",204.966926942471,1.22347080309735,1.24220446018711,0.746325965828806,0.434757898659995,1.38291594161639
"IFIT3",212.422484923387,0.60666727371725,0.741083037248921,0.394014295937176,0.863457011685422,1.65294563358356
"IFITM10",153.375165821487,154.340300081681,1.36704198651267,149.141699589394,1.28184049472039,0.249564877433185
"IFITM3",0.201388175704626,0.742225165007765,0.425058946738637,0.152791697656745,1.04562241178055,171.577057380919
"IFNAR1",0.451298679134978,0.599843612464384,0.299482384962782,0.500246851048642,1.79528064399472,3.51844734608443
"IFNGR1",0.407544441557816,0.301417013591442,0.77844736971178,202.480093586044,204.046206452848,0.486827246552299
"IFRD1",1.11255419664156,0.567493196587161,8.28270339793346,1.44966278731974,0.650652604568821,0.810620052304295
"IGF1R",0.929835420715424,3.11439729931034,4.60573079567796,0.712447395552299,0.638513615664715,0.326624520128734
"IGF2R",150.713763230472,1.06637136803831,2.4682014365762,1.79073632157164,1.39080567939573,0.415175256593989
"IGFBP2",0.696603928105342,1.26295116434411,27.5812681480813,195.932429748487,193.33984371527,22.2281275349823
"IGFBP4",0.485238194872486,22.1057110343784,242.051885918398,182.615991149592,3.63343427337413,0.276187523802798
"IGFBP5",0.474314310876576,4.78643487209523,0.678009056995809,0.476409334361583,0.618500550279008,3.88593389195037
"IGFBP6",0.947638171860667,198.7270007081,0.66437740954079,1.49109254189052,219.622865622531,0.424941744085248
"IGFBP7",0.138861033342403,0.55268436395024,0.541340432405955,0.210643554577676,0.342855464909744,0.81354920784039
"IGSF21",222.148660739661,0.761421840579773,2.16012224599759,216.609523776642,221.100565935679,0.556388917466175
"IGSF6",221.594163784117,0.955924509454545,0.474005419204806,218.784837311851,1.00881505806611,219.957788470024
"IGSF8",214.021279787198,0.172094629946263,12.1910402494719,212.437707682217,0.745777789319923,0.622163622992038
"IKZF5",1.06939807655301,0.397866591166507,0.689532358355399,154.768046697131,2.02147178342032,0.550793970195179
"IL13RA1",0.478403703575908,1.24923152049259,1.22572786498678,0.4680185453602,0.712389759686809,224.555170172975
"IL17RA",301.441777700251,0.769245612843442,0.759253597448689,227.871415508175,1.04794353630239,0.741849482402679
"IL17RB",147.799216168678,1.62251115726759,0.749381200114447,0.949076898121309,1.4895177048697,0.697305523839048
"IL1RAP",0.759989030310375,4.50765405917887,0.686454543640284,221.594811525023,12.1544505315386,0.603225222078637
"IL6ST",0.775076159627117,0.231961878565187,0.41820795481536,0.276177398905603,1.819135803856,0.423910744288534
"IMP3",153.661280848666,0.342212077681482,0.792049444131069,147.503324233765,2.55229945097298,0.435460092369378
"INAFM2",5.50187653189967,1.8458223401579,0.787284540672068,1.99629292573414,0.848091031675776,0.469362376388645
"ING3",0.646039712684709,2.23879602810662,0.775085197588797,1.37653822096424,1.65485604808598,147.942566582211
"INPP4B",5.13668879162256,149.787195715922,1.13192231283273,0.501991179127099,52.6921888417004,0.673828207703984
"INPP5D",0.514740482812243,2.0016679131346,0.834460071693207,0.702180031058226,1.08052574789546,150.833399739992
"INPPL1",154.218815973722,153.988472218392,0.815459088468369,0.20693710814784,0.724199731618014,152.714348528018
"INSIG1",0.884811266518704,0.48614571974779,1.2570067493065,3.16096013604982,202.832916755961,0.224985890629262
"INSR",0.846978266260082,0.388163606126195,15.8129970020308,0.668438984109482,0.941927037629533,0.575660366244507
"INTS1",0.48516456340318,206.646921893366,0.448461413234255,0.544095124970775,1.38654410509743,0.287658151055959
"INTS6",0.667815383494899,152.106935646857,1.67746734460522,0.481061478653497,0.35516557204594,1.0342762320656
"IPO8",148.274074636766,1.24962564899654,0.476183047866407,0.653195498367606,0.862625750749451,0.616020735717027
"IQSEC3",0.970294755822959,2.60749600992142,4.55674390451059,2.50335375753108,208.7298283228,0.282522028769369
"IRF9",13.3599636680853,14.7085140423239,0.559348883846569,0.381216977312618,1.45767027040092,149.377456720962
"IRGQ",155.453153204429,1.64098777798967,0.544226544674496,152.028279518922,0.987579714780376,0.286717704876544
"IRS2",0.905517941603567,0.525596693404696,0.443845241737167,0.359055651841715,1.44091089780511,0.235095113374262
"IRX3",166.585731366645,1.09929932183851,0.484440323557353,0.246745881010965,0.404760166584757,164.032686192663
"ISCA1",0.992254599900262,0.397328276146601,0.857666879663752,193.530937941606,999.999708746816,0.19320104874888
"ISG15",0.537973958367263,174.242320094766,0.948901422182071,0.741581845366286,2.59344588098008,0.626535919100828
"ISLR",0.640332900780837,1.2980916858922,2.32771776141984,1.00806839001304,0.799315471811385,204.58960163283
"ITGA1",4.34712376383492,0.842704628040519,1.90299938616701,0.805705476560696,0.824068933253782,213.021356287452
"ITGA2",0.933884038603703,0.545493231568243,0.595789529331894,210.578966560696,11.1395961238782,212.837876985041
"ITGA3",0.645928609410727,153.007008069503,156.368064568802,154.221706390074,153.768067766031,0.321393943306898
"ITGA6",0.362091685510467,0.624845955570963,0.699836780597261,1.04050531591513,0.874619444060202,5.5573675275271
"ITGAE",227.78560733494,1.30102861203498,0.841625905393032,0.372441995867477,1.27070831766495,1.34015444199703
"ITGAV",0.768710204002528,0.321177031564299,0.56980431465948,0.199577225460265,0.675644792766422,1.15478654091811
"ITGB1",0.439143353714784,0.316949879513602,0.619463668379421,0.390048337803226,1.31259498524843,0.679160532655079
"ITGB2",154.108438040315,150.274921848383,5.17229882323085,0.585731277362117,2.43926201873478,0.899108550086113
"ITGB4",216.783961657688,0.757622910336325,0.635267149801849,0.463595018698246,0.839615953183454,1.17719022412663
"ITGB5",0.433394342109291,1.19268411554666,0.821137932562187,0.711340189164531,0.775008850007651,0.801946679271926
"ITIH5",0.208477814311318,0.557165305316958,0.926154816382038,1.82790750083543,3.25863711446232,11.2053826187225
"ITM2A",0.152616227945127,0.56593415541665,0.52450027485062,0.494818548075988,0.769631113166666,206.51194949985
"ITM2C",0.53192205522552,0.565254592706511,0.27373378871813,0.0723175243736383,0.199333048582292,1.06291237301846
"ITPKB",2.27516622856441,0.54061798152234,0.360209299518943,0.130015269263836,0.246877679610992,187.714063079386
"ITPR1",0.446236811311693,28.9334640187243,0.584168173005511,0.293566607997663,175.299597861412,0.546891350844095
"ITPRIPL2",0.591395871776407,148.561968776238,1.30739635063904,0.502572336837885,0.783000525091942,225.447279452736
"IVNS1ABP",0.858502268236519,0.908220758722136,0.51168525593767,0.380106467572073,1.6319475480062,10.0500695854387
"JADE1",1.26234091882716,193.997728895128,0.724862585240716,0.578245366127039,1.10520361390752,0.549457843565226
"JAG1",0.312813973085121,0.629532916012756,4.47345238824095,200.075662900998,206.311769319335,204.253611451901
"JAKMIP1",211.934657549001,1.01996842572013,297.497374830786,215.011449368761,213.008084254883,0.315703866111016
"JAKMIP2",153.962987645747,0.729134481535739,0.738575539471584,0.807475275131963,1.44819830404156,0.397384953212486
"JAM2",0.236638459074133,2.16814684092023,1.79192495984627,0.366966946743232,1.32037498243973,1.84842714646839
"JAM3",0.691600470465001,0.207661135238265,0.389028039832725,303.088701793884,0.388369382738295,222.014290681187
"JARID2",2.19944810336064,150.799114470815,0.497788571892942,0.91555548871223,0.482625555596282,0.672247303521833
"JDP2",152.533892191697,0.660271986669598,1.594990469115,0.68192781690732,9.92300408663617,147.651591749106
"JUN",0.232523113048978,0.333133919612045,0.419705776167041,265.975438349378,2.33858246323025,0.798995935939924
"JUNB",0.362417808050084,0.491397255066648,1.18692338520455,207.305815416807,1.17587893922355,1.28607100505619
"KALRN",1.32608286986091,216.681684089726,2.13676084392138,0.756501817356584,219.628882052244,0.475444614778291
"KANK1",155.971440518226,0.869113986177327,0.411936183717998,0.259524507100602,0.467972579330543,149.351715177926
"KAT7",0.64679685462854,1.29245250294785,1.19215810672704,0.437007641169081,176.042611998908,155.740152964276
"KBTBD11",4.79555654658658,0.307299233005012,0.828033555244514,1.83916101039823,34.6651897527153,0.643159937247351
"KBTBD2",3.88229788894156,0.811424675606521,0.593078931962493,0.831719401490069,225.974786897888,0.588568247817027
"KBTBD7",0.688150883302865,0.678614074191423,149.937511353127,1.23613780812523,0.532021859296128,2.19651613362137
"KCNAB1",156.098279837539,0.75492041325485,151.064102247087,0.875388286073528,156.541260354044,1.59850590774726
"KCNAB2",208.198855627249,1.37579310002086,0.887646569179797,204.000791309072,209.868707727744,0.212838628407265
"KCNC2",2.34480116407258,153.943563841529,1.50289086211352,153.851153206969,157.015127989263,0.32857986887644
"KCND2",213.919283602955,0.453346486751718,0.476157340754007,9.64333282843337,1.40073230953432,0.439231102296939
"KCND3",186.788349630711,1.35879284920209,0.709392780836298,0.567945948715476,0.653913530177541,0.111635057750915
"KCNIP1",153.840190727391,1.87505139294187,0.550538163061713,0.544719474138624,2.40001623256152,152.630962534533
"KCNIP4",192.66128591335,2.13563728277423,0.596186361361374,203.944309629157,203.612834890811,0.24850484411611
"KCNJ2",10.7799639756346,0.320492466522169,4.24404793731409,215.628142013318,2.39917046284325,1.36859843081935
"KCNJ3",218.913300375975,0.621656740201835,2.96158677724252,1.93210125679099,0.971790926918746,0.950406318261678
"KCNJ6",0.382165996756581,4.27502820137233,0.34319454305191,0.983252993518921,1.10573859174017,0.110370635040427
"KCNQ3",1.82270796916607,164.087603397291,0.516493021612858,163.468772062469,0.679206469111177,0.159808202491741
"KCTD12",0.244171999513903,169.967704662745,0.513530282762767,0.211617910012039,0.504187951625324,1.00676405351205
"KDM5B",0.59137749677004,197.485159623245,206.895043916761,1.25844506689027,5.16033748935304,0.81494316259412
"KDM6A",16.6758338798622,13.9230708924631,204.51121054263,0.550220074120996,1.01561034271958,208.748694533979
"KDM7A",394.367136713828,1.21977530888333,196.689771639598,1.31441506640529,1.1649935430144,1.1675357093916
"KDR",1.18794692053698,0.887027567375884,2.67933666742124,1.36416397719846,0.508601608018498,148.717536353707
"KHDRBS3",216.967041304424,0.35818661298961,0.645226598959201,12.9327797779714,200.263241702711,0.439747343726057
"KIAA0319L",0.944792953325754,0.699555430668268,1.58830829868776,0.449506746584757,190.587784135089,0.948348019324823
"KIAA1217",7.64753212827556,150.202314234639,0.78661790221703,0.43353427208094,155.664968556603,1.00685273616363
"KIAA1671",0.446513668200539,1.42858299096753,1.44314359478684,1.59844559548087,0.563895234119076,0.684825408787312
"KIAA1958",2.00307736821618,204.126629911955,0.669375560979309,204.809565200078,0.974429311521862,0.339008156325557
"KIF13A",16.2150869881592,3.1127976610367,1.50987248136045,0.43234228680194,1.54008950303847,0.520811833453319
"KIF1A",158.904226292483,0.247538315104111,0.328147738794978,0.359744902719168,0.930967114776156,0.12293731342874
"KIF20B",220.653561283474,1.41585791806644,222.728703929194,0.415485387048038,1.0802850834994,204.966354206579
"KIF21A",168.815183836064,0.667066305742063,0.222411791584985,0.437973806618756,0.787635003033641,0.0791396657951923
"KIF26B",0.74968073030931,0.636751546030356,1.33485360975841,151.390282832806,156.721115640412,0.565291644087718
"KIF2A",220.225093173368,0.487553312615135,0.558463980640443,0.677791433217707,0.562115304177195,1.07598192209899
"KIF3A",0.484721816173983,0.433014770104057,0.696545266038769,0.563009776219771,176.657434470369,0.113690422005849
"KIFC2",212.86189646964,209.488168284896,256.481695000943,0.719202712181204,2.02192914274863,0.591402859748401
"KIFC3",2.45911300044019,204.207316032177,217.488581266146,0.675072359318127,0.60083679303559,0.513218565073747
"KIZ",153.668613039506,0.499515856306994,152.909846591735,1.49346020452809,153.344786747305,152.039887645339
"KLF10",0.402613237147458,166.227663442131,158.879853237207,6.59395039117268,181.246972019639,0.882136840233884
"KLF12",198.551682147167,183.725771126818,1.51285263744614,1.4026423638341,192.48090787393,0.671421390039582
"KLF7",0.627258635108001,0.232194189383725,201.740912376982,193.319633623,1.46370899100184,0.306157250581028
"KLF9",225.022306474297,50.1004478677615,0.452104303907544,0.520051389207681,0.647573671848013,0.522770246292351
"KLHDC8B",0.905995532836899,210.389886822597,0.896793732121632,4.54836306290048,0.589049198081116,1.11397732857245
"KLHL1",219.995662411824,1.62473717728836,1.7707942015723,211.691474109037,219.055016422696,0.199401291436024
"KLHL9",1.5601693613311,1.04813395929946,0.426957939547407,0.591069371955478,224.404114599795,0.432517746944393
"KMT2A",230.052949930794,0.267753171722008,0.518213923237322,0.68150851955522,0.926169381215617,0.37519781225157
"KRAS",1.87734158119778,1.33808632332964,2.09488325455106,0.778712366363771,1.25549868238775,0.450516827835957
"KRR1",0.428665845162693,0.471069197587562,0.566506010797341,20.1618572024421,201.166140086308,0.527411980985323
"KSR2",197.26515831193,0.538104781505352,1.12885621643075,195.542812750196,196.193230221716,0.610064953426097
"L1CAM",3.09881267953008,6.91923589891163,0.58392659920174,149.999956965971,155.98595047786,0.367304043215849
"LACTB",233.230529664977,220.465745734132,0.623679569665324,0.411370426257106,0.636502322923143,1.36971067228822
"LAMA2",0.609765063725636,201.07632096311,0.410789745141373,200.668846143847,0.538371585636553,204.291900825933
"LAMP1",0.586313234659133,0.210182246328078,0.35322154829842,0.399520711038877,0.548874144646044,0.302300735821897
"LAMP2",0.822558015675543,0.137132864130681,0.331423460781832,0.32778040390017,0.465408800183041,3.17848987468377
"LAPTM5",0.398623194072891,0.654064785272659,0.445365778106086,1.19151404161063,1.37326134504262,1.08208655311637
"LARGE1",232.242934586986,0.600254779965186,0.584487361196727,2.74663615947195,3.61810073783254,0.838701566816135
"LBH",0.902515450433256,210.672999177852,0.679270199083575,4.59599377879302,3.35401279957139,0.363284831556139
"LBR",0.755483520882509,0.572894168210128,224.492430600329,1.49395881260017,3.16268360057925,225.909255646173
"LCORL",1.01870961363346,149.523783066451,153.516900774406,0.643055363104028,2.212315306292,0.994759812715454
"LCP1",207.746792247136,208.887935637666,1.06661235054215,0.29651602216236,211.959415247018,216.775115029123
"LCP2",0.698859249139826,2.10003710596278,1.67412758299705,1.25883314209856,1.20435310718881,205.680784587664
"LDLRAP1",0.50038789600002,0.24364370303921,2.20915702418226,150.218841202249,153.401202340707,150.369805369264
"LDOC1",220.781223395318,9.9120943921544,0.431307030179902,0.46697694365635,0.668922324177556,0.452909532363522
"LEMD3",0.707754339542982,0.813747567945542,1.52946279396026,0.825743150750423,2.91541077954906,0.424571629030577
"LENG8",214.039214819867,1.79405988819903,1.14227948250466,0.475484111408442,0.801625378776057,212.814056870075
"LEPR",0.545507464846307,3.19586320398076,1.54220373312732,183.880698525827,1.05505137604615,1.23730154036814
"LGALS1",7.19291834780589,0.252137832790857,0.423504614481858,0.364860445707615,0.529531742834362,0.359356394427024
"LGALS3",0.566715696056869,1.50227124093898,0.770242539673179,0.455771048797712,0.676750261446558,1.84819699718977
"LGALS9",0.678529179691871,1.2383882114725,0.947742315268475,2.37112807402616,15.6934595383822,4.58387463455478
"LGALSL",2.14001987944886,190.698942395374,0.753077903258018,0.537564494614199,220.041192800026,0.808260941942981
"LGI2",203.512656362736,196.434700104796,1.43677663205496,215.111875863059,216.658171730768,0.209131747061343
"LGR6",0.39258370063532,216.661190833417,220.672549146605,2.82171522083918,0.489053735215583,1.00399715147633
"LHFPL2",0.416617161697798,0.781312012619634,4.46863896193591,150.295032218246,157.35574762815,1.07707337475358
"LHFPL6",0.391612412002168,0.526823736687285,3.27570267481377,0.500276684976095,0.558181182388587,0.664153324730047
"LIFR",200.020788280752,0.613201333942932,0.328268479437587,0.188713465714511,0.43956851357568,0.362045072806039
"LIMA1",1.02444845530225,1.58740015467764,0.754005186631159,1.76841166705816,1.08041873379386,147.654428589306
"LIMK2",150.655997499124,0.468364359748559,0.552845123093784,151.377636859185,156.57340377178,0.298034535556595
"LIMS2",0.343165521905121,1.8622591629555,148.569142695071,3.32349162662934,1.87279334341746,0.560192035528277
"LIN7A",220.531089444884,2.01386915403137,219.725484277002,1.74594620043769,2.863708343947,0.388182545899236
"LINC00499",0.708504137401805,166.891301660748,1.16492636736717,0.852379252751359,165.795405593403,999.999778133475
"LINC00511",0.827684208128689,0.882330563365599,211.622357362357,210.245333916619,0.824701844048771,2.19863911765372
"LINC00623",155.531285033812,150.33463003474,8.58774086149367,0.433217870742612,1.01861858355582,14.5979970336365
"LINC01088",230.752868621501,0.759499258216203,1.35466139923332,0.231109498741577,0.509322114082626,231.188221517131
"LMAN1",0.461631526279026,1.38989564098012,0.959504833703223,0.535863077941115,2.28984890908804,0.70616881582654
"LMBRD1",0.462614498819412,0.306073570299485,0.482560950687676,0.397631145355058,1.64910961904006,0.47937453708302
"LMNA",0.415963527377756,1.0031026809778,0.432690092726349,0.415667697713911,1.07245069887342,3.21825414915877
"LMO2",0.170780227887527,0.641165068088876,186.742265783964,3.5471105399978,1.25815961960599,188.93084413652
"LMTK1",148.41592787816,0.181642215510922,0.438918672052958,1.33795500471041,1.07299121964596,0.337666953647919
"LMTK2",153.225190580778,0.604393507999868,1.05422182990245,0.902233875125975,0.877771581931748,149.702573396494
"LNPEP",0.689666508232661,0.378124038984146,8.72134366014707,1.06052650149461,201.037530478734,0.278160480705483
"LONRF1",0.6582505113495,149.097128091372,153.368525285273,1.4065040552664,1.52574511943033,0.401817373815199
"LPCAT2",197.463005559333,0.881725973396447,0.492845211952932,1.03561324246735,1.76081207994929,0.711010604288878
"LPIN1",0.729574782402931,0.914358991256908,0.248264554559969,0.200041244850605,0.285816126338091,1.36597777914069
"LPIN2",0.696853445314835,5.37844068495365,215.696294099725,0.622299662463519,0.615506257947987,0.531841993501375
"LRATD2",1.34153538010464,0.513255721107635,0.731551503368813,1.05567257732029,153.666835271352,150.962083354513
"LRBA",214.112159409177,0.974742356114158,0.679861211991158,14.3652173228256,0.73068411263827,0.917660655168252
"LRIG1",203.085178169251,1.64684214175054,1.01996688204833,0.122689384006526,0.370606914185496,9.84148700413757
"LRP1",0.73876627502187,0.598138379594197,0.399591684049136,0.153922109219062,1.03625545782851,1.10886620623983
"LRP12",155.252272064674,150.475496399653,0.46639845540899,1.92707944178943,153.692722743554,0.483312729723717
"LRPPRC",150.183844553199,0.301686494636776,2.51057295122834,0.490351094665068,149.714265323159,0.228619275659678
"LRRC3B",226.995435167411,1.33017934964879,2.62397302775747,2.27698724330427,0.804157117470107,0.300903029954597
"LRRC4C",229.243526324515,0.622604649322563,1.33367944710841,0.422985703457705,0.472415625499901,2.06342121933657
"LRRC8C",0.396215467575624,5.26687603254824,1.4691767570934,18.612921923894,154.581619054441,1.22337721933701
"LRRK2",460.391768083697,7.90493291354564,0.835242654476612,0.665887830511937,0.506213756298795,0.883775752574651
"LRRN3",1.34815024882398,1.21944619008277,0.417058064458967,0.422082920503041,0.848766320732822,0.566188505086562
"LTBP1",18.6729568878291,212.046498061709,0.52198560109009,0.401786680014236,9.09353160534588,210.796660463905
"LUC7L",0.967400335619748,0.526645712985604,1.08877095748689,150.595140198195,3.20567638564897,1.4129388981357
"LUC7L2",8.60734434371246,0.514934591777988,12.5213525918383,0.419027073824495,1.64566737939261,0.578129531246753
"LY6E",0.48701000277267,204.276241767084,0.64566391065626,0.435541070745776,0.503776163198824,1.00637515087825
"LY6H",1.49065848215642,210.695209666755,223.702251634286,0.453565232347134,0.763354690518652,0.271780025312447
"LY86",159.282502430175,0.498659565647375,0.464134386450242,152.516379015691,156.145528376028,153.756006481447
"LYAR",0.428339850776492,152.350614958877,155.778142956386,155.254312146084,0.683333154853626,0.828057621580435
"LZTS3",0.651807155660144,0.53481067504477,0.967105421927102,3.33979545786407,172.31334769317,0.429517611697151
"MACROD2",152.272657267483,1.22872351939577,0.502643212225139,2.56459020368391,163.745792877933,0.323758275328281
"MAF",0.488203138907026,0.821056207956849,0.817602056795705,0.452509802298967,1.24777449860367,170.398756008233
"MAFB",155.614098248719,1.67462542300595,153.477351740601,0.625057957046453,1.85755680842703,149.970563333944
"MAGI3",217.012203451231,0.560593069174396,0.557933841701191,217.942924785285,1.02703974262945,0.311772198336966
"MALT1",151.046788312084,178.316202847745,0.756827854276625,0.408304020280381,0.749828957914876,200.784827998469
"MAML2",2.43770047089439,152.817414550402,156.004752175341,0.302543849751321,0.959784831907035,152.368627993616
"MAN2A1",219.821310226751,0.437058841953736,3.07955504937982,0.741281557161792,212.647226232541,0.84665439044496
"MAOB",45.0859117141409,0.559444855148068,2.60456117411736,0.188070115824238,0.429873976815737,10.3321712636306
"MAP1A",0.437217550257746,0.191206800441924,0.212947468322247,0.321613853497818,1.53092099733449,0.0855279623371458
"MAP1LC3A",1.05716970362134,0.481600280728412,1.05774881871443,1.30496983944667,0.852666751357766,0.199764386980417
"MAP2",0.816639395258156,0.481764655817699,0.282054973201636,0.171098597810067,0.422668955136831,0.147564077141002
"MAP2K6",0.596355633668396,1.44056114324672,0.644250316973645,1.09583425525111,212.339486867622,2.36826009847375
"MAP3K12",0.846153468163731,0.859516561876077,0.549211330600005,149.431087905974,153.533740535497,0.653750582636519
"MAP3K2",1.19872858388095,0.47704153284479,1.8005454983544,0.806563501942703,219.962241037377,0.94351652579799
"MAP7D1",2.35328349623101,0.225986975186691,1.18018427025822,0.50214607938142,0.712205754509565,0.217285561841269
"MAP9",0.672055895259907,1.26834234614254,0.248559599381547,0.350188651714245,0.314997422439358,0.122649941683055
"MAPK1",0.804956272097146,1.09609804091403,0.486089544234658,0.278104949930078,0.514119958685346,0.297759069365325
"MAPK14",0.552550774377867,0.660671965886884,3.78502873487444,150.691771853446,0.476332043916625,4.74974630036736
"MAPK4",2.17051184028893,0.607517792790475,1.89340981416052,0.16705984457229,0.714348321382992,198.941813114583
"MAPKAPK5-AS1",0.68764040904623,1.8972598078675,3.72513438760707,208.878519616,200.619275188704,1.24924248038014
"MARCKS",0.317681485590514,0.426585592229416,0.277607109294974,0.100631105319996,0.327812317327488,0.73572961522548
"MAST4",0.448018671097063,0.379763585156971,219.219739843365,0.554117593334276,0.754396980520124,216.845773638448
"MAX",0.378650269737158,0.445724986923425,1.24280367059138,221.208997322856,228.180019809305,0.595204305567912
"MBD2",150.220189649887,1.74604710250344,0.435912084697859,0.545039527711529,20.8372558824787,0.920196835222113
"MBD5",2.42361190166758,0.490477393444121,0.933780435299651,1.00678043326715,150.426755143225,1.95633972020018
"MBD6",1.85493663674684,0.41829924728791,15.5762495160181,193.591009779802,199.695784388612,173.739424136659
"MBTPS1",153.343808747133,0.97901482170202,150.421148539654,0.66875062865816,153.062938714391,0.424355412300826
"MCAM",0.392007786014829,0.549797349925711,0.531733787138794,0.69893872166968,203.505465635788,206.149045298653
"MCF2",1.88484723270285,150.178564658293,150.390829249945,0.742101120624331,9.12621748082868,0.415997079819531
"MCF2L",0.962416065078451,0.429350373527213,0.737743584816193,150.027461877716,149.90513956115,0.331324703878617
"MCU",0.987238819197062,0.616584575627118,0.639765732596159,1.42106811684241,206.407510591029,202.863535835612
"MDM2",1.87728267490986,0.412254560905291,0.485580376154689,0.673942976920186,1.52790553178123,0.653856865326939
"ME1",43.0082390496737,186.991097499834,0.376892580932984,0.174827564722538,0.391160205722131,0.663614617195721
"MED13",0.682877150973086,0.593351385536315,0.686788510100895,0.473547544225534,3.69404597267404,219.392021112494
"MEF2C",0.619511528137359,223.247612830433,1.22383366183251,0.299853690510232,1.02728242541077,226.755633557226
"MEGF10",1.34522321435331,0.482388324811666,0.487250565444265,0.26871976499304,1.28633140163889,214.939227545454
"MEGF9",0.985677952239828,1.64992100554156,0.60576486772534,0.280500300989414,0.373740158481929,0.310321125398307
"MEIS1",205.105150985674,0.565353038527156,0.566763080944904,193.340648254988,210.294383021814,0.800242110497388
"MEPCE",154.347015117039,0.714235655850407,151.84267022988,0.397884514901191,5.63719051884263,1.71718206835134
"MERTK",212.150156677378,3.36850331858269,2.12265170929312,0.571187790302012,1.69963939595834,206.22332250723
"METTL16",1.31377097313133,0.479021827945263,0.695783124513288,3.07682519646745,150.971908953734,2.22408021749697
"MFAP3L",206.071963821239,0.289086960958276,0.372924970538381,1.08299201436351,16.0357702765701,1.2966733931781
"MFGE8",3.38712666466256,0.776229728145286,0.524862143170986,0.49402807880534,1.80575858036914,0.586748305541024
"MFHAS1",0.723391921731983,205.734322350691,210.289217786645,0.899071280226206,0.931223433709286,1.24696331111437
"MFSD1",0.978787322117439,0.836889804448328,217.252827844761,1.05291119367591,214.861399098354,0.563838063613034
"MGA",1.63477092821602,0.507036979679356,195.339799000683,0.669548542954717,5.59325411281821,223.069720624089
"MGAT1",0.362914059864537,0.443777616551474,1.13078209191989,0.679111373858727,180.646926482571,175.814786544864
"MGAT4A",218.226396331581,216.04231327844,0.624427442569436,215.034207145562,0.565922716420609,0.308977978142675
"MGAT4C",211.875438309661,0.989396369256894,0.590339704010232,0.504044757036667,0.789592469082094,0.990019650602108
"MGP",0.999145559665936,167.758549615091,0.675686157891919,0.433357342459637,188.178562444287,197.499234220998
"MGST1",0.941712756512202,0.673132610564158,0.677901730917989,0.130278498517454,0.438526780393395,0.880713080644805
"MIB2",1.32401247938286,220.680176615359,1.25671597487098,0.49855150755122,1.14664718566294,0.973805432660027
"MICU1",149.556153731201,0.507126781206729,0.458047822792493,0.612145035815116,150.183438874413,0.396193211680492
"MICU3",212.385927236684,204.338440314023,0.822008760253186,0.364180620699398,0.631070782860145,0.299459259588916
"MID1IP1",1.67263783215085,0.267839548218121,0.489199803079239,0.31829629307926,0.855598352474691,1.28579105451034
"MINDY1",0.709206852680407,0.911481334064611,4.87849569525966,1.45697846060604,0.567001128230894,149.624409442794
"MIR9-1HG",0.552254322247118,0.436306033429615,0.210040727445738,0.0638941009073953,0.15821655463874,1.6919796612069
"MIR9-2HG",0.720261000431112,1.56421464189526,0.410349154148025,0.252678001711977,164.937686654862,163.652854668954
"MITF",20.3311110407773,0.916630914451777,1.66962899896117,2.2525786213552,1.36568471699397,0.447296811853648
"MLC1",159.711326879102,150.447587810162,0.390317469793862,0.11003643499624,0.234038278847038,148.155904451408
"MLF1",2.1334703907633,207.147737857363,1.43937250285912,0.612171235338653,209.928643324394,1.42697325484676
"MLH3",153.934132635187,0.983540790093474,153.189926439921,0.516299862594427,0.472190367191278,149.736159247853
"MLLT11",1.38456054570579,0.672132370100288,5.96365739673334,2.41736023121161,151.346321571602,0.185215895327992
"MLLT3",3.12935770220576,0.622999764932911,1.34385137944279,199.512331886314,0.582983937314755,0.841047349721483
"MMD",0.501577328079389,0.65313676813132,1.24161152369055,2.63021071816824,226.589086984837,0.514683558726567
"MMGT1",151.49906487938,148.523193737318,1.38370389993348,0.385831287555493,0.773396957706858,5.31343904955042
"MMP16",1.08459815111912,0.457917135770057,0.626471181830793,222.606056186271,0.79187600526444,227.998778674963
"MOB1B",3.75092513022534,1.96194233294869,149.72477328977,0.529993466633605,4.18555551124315,0.734935752603981
"MOB2",0.808446616614618,1.20270334378239,0.614609987202616,219.460861053275,1.509082225645,0.984993172440356
"MOSPD2",229.846321556643,0.170119950315238,0.385551336826266,224.818945167227,6.75125577288777,226.356408343055
"MPP1",156.944562014603,0.452400003327823,166.501477769481,150.295410504494,1.13803627257701,0.389505364114611
"MPRIP",0.77661294502142,0.634288900843354,3.12288967958452,0.238302254103022,0.584051890325632,0.909168132539374
"MRC2",0.813288793219532,3.29693422149189,0.647205372005733,0.521253324770759,0.71607244070297,147.665391696116
"MRFAP1L1",0.866396573419276,0.536778205738599,1.40865436955944,0.53731543961541,0.425050539797233,0.760514863443092
"MS4A6A",0.427020178421035,1.59591182566331,152.897460409019,150.441269219487,23.9403791123257,1.05378812017083
"MSI2",0.439344399488389,0.586026595049652,0.309232998434517,0.373204456962246,1.04929243069876,0.178040045026276
"MSL1",0.802597581646012,0.513651022572433,19.7850271906492,0.606096367961149,40.9990867735794,0.67206463519393
"MT-ATP8",0.259736187489551,0.0962311158698421,0.191738889938523,0.0698007302140368,0.118075929274798,0.175659456732157
"MT-ND4L",0.191640293003152,0.102110756882214,0.134652795380045,0.0560284650328042,0.0909643793544939,0.187592485906803
"MT-ND6",0.818805909651177,0.228011362825812,0.287511965189527,0.0975569900695289,0.167173788642404,0.598156568403063
"MT1E",0.673567314699488,0.498452026612077,0.254063266272503,0.077795215604456,0.25719242593338,2.33594397130793
"MT1M",188.00833103853,154.070659870626,0.421708901887759,0.0961888696354485,0.25456777919029,2.68256003650059
"MT1X",4.35475304000007,0.761802453186949,0.261316254678507,0.15349724420522,0.324306259055147,1.93305599854725
"MT2A",0.21967446966956,0.382789398474525,0.18192490304544,0.06988267407331,0.223942266914439,176.77135501645
"MTA2",0.622750189432031,152.24115884208,1.60310587755108,0.592217229287617,1.25439840111464,151.760375444059
"MTARC1",1.52611632628869,150.0362144638,1.70837155308775,0.782363096594596,159.34921197403,0.610767999814093
"MTCL3",0.649130981331866,1.13530225326765,0.80913425039022,3.25706925559008,214.973692996821,1.12174563972743
"MTF2",0.710741234035717,7.50695534655976,0.545112821195548,0.63935286402491,168.26819192303,3.85868812766559
"MTMR3",150.435649189325,0.448215579532557,0.48293285361281,1.34088543957927,0.558402316602982,0.719115201525187
"MTMR6",210.97054026231,0.735893867002168,0.783028996570563,0.894886793250849,0.52871062542932,0.323391864807576
"MTRFR",206.907258960182,1.47141682376144,0.564940837008257,0.629710850260731,1.84625528137326,0.892587849534917
"MTRNR2L1",149.770383672512,0.481013174722354,0.444470372800613,0.389973215493993,0.353218791250175,0.397900341007255
"MTSS1",1.24344369792034,0.371168283002868,0.529604182705427,4.58506897706751,2.11832182395526,215.799714902547
"MTURN",0.959952090576333,0.151378868855232,0.291362578911595,0.124948566553602,0.214817664945859,1.82959941014939
"MX1",0.481427863920913,1.27184181598866,1.29990299005768,151.372330011822,168.269157704649,0.437095366929661
"MXI1",223.571574141544,0.403563811505232,0.413339149498503,0.195586913245032,0.815219421787515,221.860985034024
"MYH11",0.333252910489647,196.642202413028,214.93757252976,1.0605854617407,0.610999857989951,204.127043491008
"MYL9",0.299460978898779,0.81407386652489,1.00544702065218,0.755710893584128,208.681449869394,220.614839742427
"MYLK",1.88349201942029,0.307726650994316,0.602632841309537,0.250614841684338,2.02978673703965,6.71047388259473
"MYO1B",0.450045903471121,2.04144724744431,197.982531920786,293.571717365009,2.68491175366517,0.759114535421616
"MYO1D",222.02067655226,0.214341760911034,0.836015320976797,219.048280028545,222.000295125522,219.733294823072
"MYO6",1.49419934154803,0.35529479186632,0.395446121160259,0.279685712002889,0.791481916831996,0.932655786603877
"MYOM1",0.708872203658224,156.678839849922,0.569626348005764,0.400959297995025,153.951822029073,150.092243811728
"MYOM2",216.492870180572,196.719266136919,0.578084529204744,0.46229729081415,1.99044625721195,210.300506227991
"MYRF",177.563871868735,0.107923476168229,0.336693830180056,172.49349204198,2.60283816443039,175.226466885992
"MYRIP",1.03715556197203,212.285137044596,217.46809868075,1.67643680899888,0.701714066736286,0.715558914806861
"MYT1",220.925503470557,0.975084546425591,217.495016260526,2.47263306696162,1.10486642803822,0.939785298010026
"MYT1L",212.37578257553,1.07167727390433,0.777644828261088,214.372893050111,212.132361567101,0.187115956160162
"MZT2A",0.818671047047534,0.50241739517917,0.682048464211151,152.347711755735,155.269632260999,1.78010347927138
"MZT2B",1.53040391610801,1.85806729131751,0.469541103638624,0.239367354408304,0.434249704667104,0.826532136622096
"NAIP",0.874829127186952,1.24293199346196,154.037284714948,1.10070538794196,153.579008471626,149.98643865388
"NAMPT",1.02276962288272,2.03651803369649,4.37127819090615,0.396926875162652,1.15457276109342,1.00604622092509
"NAP1L2",2.01606869002625,198.244369639477,0.985189474161783,3.69706991887382,1.31132567732541,0.168911539447408
"NAP1L3",208.07723467985,0.472550530034571,0.52442883113231,0.674877054328953,1.35789327568243,0.18817562481016
"NBN",213.840433057862,0.762280914245842,0.539036121912873,0.986886332765382,1.11368507058941,0.57175722835487
"NCALD",152.209689671379,4.79206000518866,1.04509290856149,0.677257363233606,155.528178795817,0.40165681968825
"NCAM1",2.95072391225168,0.169534953619718,0.246990650712064,0.432359199170167,0.8986072645706,0.154449785951897
"NCAN",0.601061999058269,1.95697711637685,1.93504064278486,0.462231782120025,1.58810929976482,0.586887342439982
"NCK2",0.718303419571059,153.318868313955,158.397672710427,154.603284954486,0.535874498475756,0.376832817853482
"NCKAP1",33.2510531364433,0.463268636151499,0.517832678814513,0.343510916054497,0.434556751070499,0.177608788931429
"NCS1",185.261699548645,0.620322147223643,0.500274861447647,175.191718257276,1.45204498316738,0.146321353469539
"NDFIP2",0.699617780291003,0.296997311143653,0.474621108570526,156.764379688898,73.7655619822275,0.43217448622369
"NDP",218.814567164126,2.31025439158701,1.2094665419778,0.365417860324843,214.928560032074,16.7749056907142
"NDST2",0.60834419682795,0.945171907989351,0.722744682517793,2.92021142993393,151.765694560889,148.171020680458
"NDUFB6",159.674043690952,0.460997696888298,1.14221888562297,0.268245318774981,4.67617624590584,0.640522691783797
"NEBL",0.830488381146587,0.584679635737872,0.614687867749745,0.183058031065397,0.350411324338489,0.334446084556251
"NECAP1",255.755850819962,207.34172587387,1.35949038170813,0.504512999651015,0.740876191970018,0.286857081211559
"NECAP2",153.778596335587,0.43642187589435,1.74960661678883,1.20815086540832,0.973121723766942,149.259483573639
"NECTIN1",1.19001074065171,0.555642110439001,207.558972378343,0.925187459688023,201.237535201327,0.554191990338693
"NECTIN2",0.228652394979985,0.502992176095476,4.52975899390593,217.920394369841,201.811330850354,218.249185074221
"NECTIN3",203.507929444968,1.23696646015206,194.372628997919,1.1402657135799,999.997530328244,8.21440968994585
"NEDD1",193.51562278063,4.62073513152943,1.13104683571176,0.752222559104953,0.563324117610396,195.233248132755
"NEDD9",0.315805983215429,0.91790625726341,1.08630121772452,0.961491286592203,1.75807535962805,150.571177646343
"NEK4",2.73832237638199,1.00641491389425,1.02970617441032,2.02135333114408,0.976851310560957,1.06581319977855
"NELL2",210.221888315947,108.486649833057,207.718398604747,6.88125226829209,0.99061486233587,0.395774137636262
"NEO1",196.579132984271,0.298652751950742,0.526710226851173,1.26931923924386,0.42726237914177,1.17433264199757
"NES",0.67035924975727,1.65631106967901,0.777394341407858,0.54588267717685,152.261279629152,149.837391793358
"NETO2",154.01202542135,153.34989495781,154.007911745531,1.16531235224042,1.0047105401619,0.378383268972486
"NEXN",197.30872846958,193.724951947495,1.84029252101653,0.550900805526307,0.612549210531814,1.69996823219773
"NFE2L2",1.96473963683532,0.456116551528063,0.626553173578345,0.184466575643715,0.501388164243056,2.49810858403915
"NFIA",0.64536673700159,0.384339031794529,0.252420739875688,0.137972109222897,0.335198253203955,16.7116969972014
"NFIB",0.490431929349409,0.739435988561268,0.669091802933068,0.139052641093248,0.538205098996191,3.27864209889156
"NFKBIA",0.428769875152945,209.211008779232,0.598066328719801,0.274376724033626,0.621704181249053,211.884836798203
"NGLY1",1.49781973611031,0.414384357480823,0.552080956719063,150.35816664036,154.869918693223,2.24571635392169
"NHSL1",152.96987411627,150.808847424286,0.549362149909794,0.196285055674991,0.540765180418485,149.313527859036
"NHSL2",0.565411576815796,221.08978386808,1.06204915205531,0.927063152726743,222.485050508492,0.920846492764787
"NINL",204.864423713893,0.778440439237418,0.900775297146062,2.143417579784,0.964490900492328,206.492463363302
"NIPAL3",0.920896022554001,0.194615093416511,0.575179895293748,2.36706042947669,3.89345508255737,0.273038246133975
"NKAIN3",194.792902127025,0.833391962355711,0.78741526684072,0.212002264415908,0.578915114569165,1.02958029253867
"NKAP",0.610161347983926,3.26830144435793,0.592262908838652,0.73433825862635,0.658697319828736,1.80077069335359
"NKD1",0.881996583770078,0.809093612651779,150.08104169072,0.754592151953429,151.543904324742,164.939967847805
"NLGN1",0.918917466128704,10.2521537471934,1.14436827254083,199.591670136979,1.0669995459951,0.414372196636422
"NLRP1",1.51554165603756,5.92355152206867,0.608865287410024,1.32659581741721,0.90936108989058,0.728849802723279
"NME3",138.4548490682,0.47886977054016,0.41076240640077,0.408795261785026,132.92773647422,0.440859514136623
"NMT2",3.65397553235604,221.547183080607,0.812419742269623,0.418403937462764,0.520113966392068,2.46836675557708
"NNAT",203.641405784343,1.03446335964609,1.41006832906245,199.185424587336,191.569374689916,0.515348909446349
"NOL11",149.699282075572,2.74090319325747,171.553035424867,0.675363566637849,1.82075491041039,0.688069365463161
"NOL3",1.48944388221435,2.86664802245702,227.844167366859,0.711103370662653,2.68744979132375,0.495847508270332
"NOP53",0.899882573388532,0.344007330044463,0.56358459757699,0.391858264137393,0.684510321013363,147.644985486603
"NORAD",0.552277563241788,0.298024042111713,0.304067739280779,0.164088128683457,0.612920336465768,0.17963258642156
"NOSIP",153.938202533743,9.60994078379254,0.794330158992867,0.498179019950637,152.712249137372,1.41456863877269
"NOTCH1",1.04961782569716,0.370622932732774,0.787509125877947,0.652578792248497,1.0898769034192,211.727966783186
"NOTCH2",0.474690010488505,203.347321905857,205.952193597781,0.341784459750235,1.21323226728445,1.01711728321155
"NPAT",1.21438056356834,200.98229534132,203.16630586276,0.734192997307024,202.812170227615,0.775551067907788
"NPHP3",5.44293882994751,0.28989387826872,219.575808310971,217.532445530667,0.977973662425447,219.130391962501
"NPL",210.710916955616,209.3537799783,1.48007712960724,0.600477679488975,1.13864869673974,0.63525615072545
"NPNT",1.86114372738611,193.507129769615,18.5537643770592,1.0699189303337,0.58903404085456,0.249829958954926
"NPTN",0.749692760809267,2.63863964470615,0.719779695495638,1.12570917881021,0.497142107004896,0.163004323347461
"NR1D2",0.710074843394683,3.99133669519438,0.443442831944433,0.865450423018394,1.01341100064024,0.69846775460794
"NR3C2",153.742724181127,154.531367390771,0.679489029519736,0.222327640796278,0.633616974354614,151.219704342977
"NR4A1",0.184302742965954,1.29602313285394,0.597385465163368,0.418591910366069,203.440029094943,201.422438733741
"NR4A2",0.85835323069246,188.253992044072,204.36688853116,0.641136678839248,0.567404377191052,0.558544731673422
"NRAS",0.723388756278154,3.12089778696845,210.018842782735,214.636065081932,1.21751955955587,0.209315082968109
"NRG3",212.679303196135,1.2772667862689,0.959493693715359,0.588637919178176,1.46438323808606,2.82166965170564
"NRN1",1.16988581571009,209.243728751427,1.83923109083144,0.792034586418741,213.054689088116,0.583988032030188
"NRP1",0.489787479767351,202.135437405983,204.327330435033,196.647537195092,191.428578780991,0.66584170681126
"NRXN1",1.37316182636076,0.358210241540662,0.609578402223058,0.819041611427429,152.193077737421,0.191185996044944
"NRXN2",239.233318042839,4.58271669243531,0.494561230560205,0.533745737571642,1.7109641058887,0.167670434627202
"NRXN3",3.38866938629636,0.371584883000169,0.403435750971971,179.657467586201,6.04743269814572,0.0919503817315424
"NSD1",0.73909327292315,0.396860984040849,185.80477486054,202.542616607907,1.22102916633919,0.670228980201679
"NSMCE3",207.959139464205,0.489848052709839,206.365897027748,221.622161453807,1.82713998125529,0.255913667412339
"NSUN6",5.0809066134687,0.57361477964202,1.10988728459553,1.54963505463451,150.664476158801,1.8330243149009
"NT5C3A",0.731820458145822,0.509742051747151,153.772863326684,152.909838834376,1.03366994350795,5.01359638516867
"NT5E",213.113885780816,1.89570501312591,0.707439305379728,0.247208944263569,0.910715044742834,215.606375170886
"NT5M",166.78002928751,153.57101540843,0.508296673624255,0.90354860767295,0.52465225424761,153.471108734108
"NTRK2",4.29821885193894,0.329007589991837,0.207399241113559,0.0761999952527859,0.206454069866704,0.460429190267658
"NTSR1",153.026141201792,149.959517104466,1.20367735433611,0.658191978980283,152.598332714065,0.353756823321787
"NUAK1",0.437491723736327,0.337157190769085,157.568297847571,150.674066951374,154.25873524638,0.731789273414424
"NUCB2",9.53242770639581,0.561303208612998,0.582586603562796,0.604209394621763,0.811458931322635,0.43921074195074
"NUDCD3",0.687370491691139,0.415179781693501,1.33002664498146,210.558631124573,1.41687532751631,0.309906116810965
"NUDT10",200.481865335996,44.9416786718184,1.3461799177409,1.84110401951263,0.818145004584134,0.844897406745555
"NUFIP2",0.512495324004223,0.528878167901519,0.664149995668139,1.6077340768447,213.493047115931,0.342554172514524
"NUP50",79.7151245561471,200.984338966391,1.16566587586204,1.24672458150781,0.525718133079917,0.700618964136126
"NUP58",221.452358292915,2.14048602158248,4.34084826825963,0.707683222750727,2.07153023349188,0.45338377785962
"NXPH1",220.162936197862,217.352536248376,0.473399332193219,202.418468429827,207.51108653632,0.2131270201816
"OAS1",0.485164126687433,0.983502649528042,149.61168575251,171.631868895732,0.900171510281653,197.313850452316
"OCIAD2",1.11993866452288,0.790095576436949,0.590312278807076,203.183751682529,222.149888521809,0.449979282567999
"ODC1",150.450854165409,1.73965559140984,1.21596055936374,0.590671767327755,1.7536244871613,0.774777891208461
"ODF2L",1.29419073665891,0.443146733945153,0.77621562576967,0.733916567409779,207.781014579708,214.216972466685
"OFD1",1.37066860590458,0.571351314191919,58.671841726675,1.27484291807276,0.591925751962743,4.67769535024124
"OGFRL1",0.76530145449663,0.458595412944979,0.5148626172651,0.213935250247314,0.393125614583345,0.76877795744076
"OGT",154.860279005604,0.440568443765773,0.733787707110946,0.493634963681876,1.46120900053023,2.15555958105182
"OLFM1",0.606688347495721,193.067611295467,0.563521175913041,0.271925043656956,1.20061394880961,0.241653408023323
"OLIG1",0.752035069529831,0.147167143739638,0.340478238968897,0.547389681277848,0.782238774417176,0.90704539969313
"OLR1",0.930035662208369,3.29241002455321,211.970177628335,0.757138194580754,1.48139636686295,1.30148388915554
"OPALIN",6.29277335420699,0.230156955638958,0.503140538964401,0.470843067925464,0.934787142760361,202.444093874122
"OPCML",212.723519564841,206.277985554815,0.467753818253921,208.542290176579,0.948146427170744,0.265609220871458
"OPTN",0.39485451856212,0.420527912210004,0.466945402517483,0.728412319268185,181.909745996295,0.138361330295822
"ORMDL3",219.296784913353,1.08654431770488,0.418105118584683,1.73904234930083,0.537161301663448,1.28516645689459
"OSBP2",0.591062735641627,193.506850325999,0.614583454820661,3.25929454011542,0.686817953536868,10.7739494066865
"OSBPL10",151.048828587309,1.01426025610782,1.74574520897398,4.54319771053796,0.927733053540892,0.65506402624517
"OSBPL11",0.526200717570884,1.07447479836593,1.41344349504093,0.630123049329897,1.60915634498565,311.123169493762
"OSBPL1A",10.7341333262316,0.200249309595202,0.446051496510409,0.861766047150332,197.295937632409,0.473396532502998
"OSBPL9",11.0535996511912,0.474282455490304,149.631665831778,0.899445057489486,1.57570677393842,0.352217702772208
"OSER1",150.642116833013,0.855646010867077,0.803622487674972,0.699182802886359,150.900285029528,1.81483717824417
"OSGIN2",1.38683164844751,2.04440182684157,0.790465120404023,0.538132228075105,1.04538927240868,0.813469933888242
"OSTF1",212.574766647411,0.684518229719583,0.815330578409827,22.059095814956,5.40982758348373,1.02411826087505
"OTUD1",221.956521113375,0.425396522994406,2.85130721652139,222.42246974749,221.226766425244,0.454005764956897
"OTUD6B-AS1",205.368632477016,0.560296877529899,0.565989344984527,0.367908331229005,1.05212214658854,0.336482332867805
"OXCT1",204.68704375716,0.783592304556737,0.746183255676133,0.407410767359523,224.895087778162,0.441262852374116
"OXR1",2.82075715569556,0.463662924263074,0.657144733512013,0.921415506324976,1.64789130537713,0.284215083407742
"PACSIN1",153.164896143972,150.406534620242,1.20998153666951,1.65223223574749,1.35543896023457,0.200371670808494
"PADI2",0.655938728796365,0.182333579397455,0.238963948828479,0.239916767266381,194.803957320166,193.057189247036
"PAG1",1.11079506779248,196.605242386572,0.780680317527901,0.280378668265995,197.651005371154,206.25597262157
"PAK3",0.460461841385788,0.363320496849953,1.36301583475169,189.10350010745,0.682201667164249,0.16960815411296
"PALM2AKAP2",1.97109055595394,0.690845380823894,0.783399545963019,0.850920320616905,0.4520820809826,0.286121945512453
"PALMD",0.321468650687534,127.095284939706,1.09048186645983,6.18194983599007,127.2276697484,38.5975771197653
"PAM",0.787340575992586,186.510465647467,0.5157521641528,0.522122019115979,6.48241363898272,0.169402158601412
"PAMR1",206.743161002678,1.37948354525902,207.869497816692,0.233532715439656,0.541940102612836,1.3327768978453
"PAPSS2",0.465047141689712,1.56431580762271,2.83254765324243,0.954566210510253,209.444852437065,211.736488301375
"PARD3",153.325318008893,151.457788740367,0.613442060648487,0.220457594333285,0.510705772286835,5.18882317954538
"PARM1",210.491218081184,192.686717997875,117.470092736749,0.673516428582521,12.2283910047969,0.423714052394553
"PARP14",0.406694225638586,1.03891157619755,151.232783364103,0.695144216422176,2.2619110071314,149.573330663929
"PARP8",156.415436488094,152.331801596967,152.8128192918,0.401155745776624,154.242241517953,0.89748595840394
"PATJ",177.028241059994,1.34665485184099,1.45007488444198,213.366746651265,3.6326307939887,0.344686146912567
"PAX5",228.894050329279,0.47670249911397,212.018167331653,14.1208836115574,2.45478787503398,0.330599233973462
"PBX1",0.402604994380202,0.433795331632003,0.800116326088532,0.429229841952214,1.07808897640617,0.204320311823882
"PBXIP1",0.641152274497689,1.10188474534678,0.668100421942037,0.13994044399757,0.302024275182863,1.4336208175329
"PCDH10",1.03189618851528,133.251437873137,0.499601753354091,0.217594916296325,0.692849060877982,0.180370274312964
"PCDH15",2.55549665331282,0.405975845008655,206.326565614292,215.567315689766,2.04197127557648,215.288978152695
"PCDH9",0.508604892070578,0.133723908449425,0.243670595273433,0.217189175584571,0.253522175667302,2.45753392271475
"PCGF5",0.791188321558496,0.432314640768846,0.714299047502357,0.804175687477279,2.21111757681036,0.292648669131624
"PCMTD2",152.683885409023,0.338937885381089,0.845038325503001,1.86225433057985,150.359899831288,0.64752859871889
"PCNX1",1.80087667726471,0.451321890327624,1.9435097088374,2.12214765160939,0.60697437798575,0.588450570104568
"PCP4L1",218.91378530011,209.670273622361,0.860457558675649,215.826647313351,4.58833208082198,0.319251860223252
"PCSK1N",3.01847191044062,0.543729134903082,0.512848791175249,0.488944099956959,1.1215269009665,0.178949541993002
"PCSK6",227.146983492935,0.250861273014758,0.594298656948257,210.223967429352,0.6157509316324,5.66850198736433
"PCYT1B",211.020948843,0.924893142713559,1.13126216831789,1.10168709558067,0.658035021027711,210.121399816347
"PDE4A",1.81914771491704,152.281133350389,0.797727601498033,102.869621515717,1.00627569731072,0.366257978789606
"PDE4B",0.757077271089063,0.286630712646716,0.50621551211506,0.398538391440908,2.22306153301189,5.10054854754655
"PDE4D",0.474692560414368,21.6093635995417,154.0067703527,159.130073532997,172.495179569916,0.271579524304038
"PDE7B",0.2559200606115,31.3053380796149,59.6386043952335,22.5764315966487,1.09749789090886,31.4549917541176
"PDE8B",0.917563170687625,0.605781779936936,1.37414564696491,0.790910871692755,0.7167836225565,0.652476760944968
"PDGFA",142.814761105923,0.292976849166609,220.016296947233,5.61352174328095,221.382315550314,0.479767864267364
"PDGFB",11.3545260790354,1.22007024084443,220.634802060634,1.90652183767322,2.45584304973782,0.605096746272817
"PDGFRB",0.196209862295955,1.44483612625333,111.594310192279,94.4371971189671,133.03634963308,1.12229032517606
"PDK4",1.44311980838557,0.631172799978065,1.22455239570079,0.228441525057665,0.965142227972417,208.024268059573
"PDS5B",0.499949748487668,1.76462606907443,0.376395309094181,0.664922542387929,157.298729814218,0.394391172827345
"PDZD4",227.953212034968,0.490598510911352,0.635832946316309,0.847065904181455,221.129637959879,4.31467087566387
"PDZRN4",1.04013627111381,210.006500086563,207.221065856625,1.1681569154222,0.9231922629778,1.26850512531233
"PECAM1",0.193961252431534,3.61579427477509,1.34589440452704,0.813672602301327,199.731108279119,199.089293636884
"PELI1",0.440469470977705,0.362973890923049,6.11582819551319,202.113872339408,208.481533030885,204.27467985198
"PELI2",152.850332582713,15.603096015969,152.945792029868,0.476452198339215,1.10344959574115,2.67338029681857
"PER1",2.53196373986915,1.11844773447576,2.85640068627557,0.74993422555177,0.869256434960805,223.188675099847
"PFN2",3.80208503851424,0.263998326992057,0.728041083972233,0.608599836372955,180.799583947244,0.235086141643472
"PGAP1",0.69421032259397,0.616564951731036,4.06337188067594,0.965800915253413,0.930543624201146,1.21942494541134
"PGCKA1",155.402445788273,0.612786249034837,0.784733195507568,150.64295097736,2.25620898012108,0.753993803990995
"PGRMC1",205.803933963886,0.250409891862309,0.612714576323093,195.539337766529,0.850481448064204,0.117781301483138
"PHACTR1",17.1492481008569,0.504065079076731,199.622643465884,13.7935030638676,0.512464255040001,1.24910816883224
"PHACTR2",0.518457743147929,204.468811783452,0.610286817598554,0.477552242978249,211.041916223408,0.597815102898568
"PHC3",2.68079143298451,0.551435868287406,1.25820078338533,0.7066956755431,0.723961228347534,1.5255475538746
"PHF1",1.41799411693032,1.46460644933529,1.86211931449422,0.607075707321643,1.14009956337384,0.735410896517555
"PHF14",0.589140426380452,0.600790236686386,0.705384171833607,0.535983026081995,147.298899227335,0.321709557327301
"PHF20L1",1.86502917748854,0.382955158394262,191.163700748806,191.776888091272,0.645819469758393,0.362610486526172
"PHKG1",2.23525531999331,215.450939124779,220.686738271838,0.218515757042076,1.0604412943045,225.142153814006
"PHLPP1",1.07662628437815,0.260569679142223,0.617440959313389,0.561815356666076,1.07887200358785,1.09845974956098
"PI16",153.812799562719,0.913743447035095,154.003363742893,0.555150646877945,0.431566087339087,149.200154567681
"PI4K2A",0.853012213391385,185.697064543815,4.24068750600648,0.793040183000333,1.00870190527175,0.589461747954239
"PIANP",207.651405945643,1.81957731652077,206.192380221822,206.993524152171,3.18229663943307,0.183395623012624
"PID1",226.688691142334,1.0716458410538,0.897694819251205,0.449102159021711,225.869374064998,0.492673605884944
"PIGA",30.5042694133978,21.5576097644493,0.414179632718539,18.5455366186342,0.672574537990309,19.4871580043251
"PIK3IP1",150.139394959157,0.402346319826469,0.646173665706175,0.663448897634769,152.089797653734,1.06788441301352
"PIP4P2",1.58518604524875,0.456286466741461,2.7567888459952,1.0387253728721,5.78635346193714,0.312777962244762
"PIP5K1B",1.53075160397677,198.153024908713,3.14232534340741,1.41372718846371,201.460462882231,0.299240322894296
"PKIA",0.913336098332466,0.990986606636547,0.925270534372068,0.85660824140676,115.192606727113,0.406106922456365
"PKIB",204.917740194973,202.51275546692,205.346896259732,204.326368274392,207.297349052701,0.19496807567929
"PKIG",214.36781956965,198.841492785878,0.702786150069266,0.257078012102189,2.06943628010213,1.45075238960129
"PKN2",216.289296182558,0.495507982735423,0.72864913686746,0.415312682834449,6.99358742378878,221.196172365482
"PLA2G12A",0.697556137167063,0.596140895913148,0.437795475220858,1.49356706957863,0.607132351375098,0.484628445510749
"PLAAT3",1.59843014041409,0.165105053402541,0.29922411497031,0.484239580500618,0.416594960141733,1.24506780877733
"PLAT",0.242307970369932,149.615923753369,154.305376622571,0.518903614550408,152.504436951442,4.49963874443082
"PLCB1",1.36995127069544,173.31270820574,1.23513786184949,0.266259866912559,0.881025724591339,0.384733157024614
"PLCB4",1.31506340378888,1.05806284388084,201.605636028211,205.690217176469,3.34145619327871,0.219142623774245
"PLCE1",51.9699845848806,32.8190466368001,0.801410364696478,0.277358927222074,48.2613356033066,26.143098019306
"PLCG1",0.772928276437536,1.11704599707071,0.70903912010956,153.854873691752,0.686004312935154,155.079852484717
"PLCG2",0.423129990801732,0.33630365255907,0.621364531339945,0.303815205720704,0.361143025355367,1.86688391044163
"PLCL1",15.5367506576018,0.285387633464849,0.834269102423558,0.666814510851453,0.713031765362186,1.38731336419979
"PLCL2",155.008964747092,151.859246492068,4.25275512347754,0.330722192513574,2.46028827988564,150.419638797316
"PLCXD3",205.089459680299,206.115264092396,0.818721156092266,2.0867781594752,0.772700088329354,0.235433758327247
"PLD1",155.286651912941,0.308650503195513,2.59544796891109,14.3225457932877,156.725221298737,150.331803328109
"PLEKHB1",0.6129441385629,0.146229838183241,0.210312725241352,0.121172101778496,0.338474599896045,158.466250240581
"PLEKHG1",0.605482567342164,0.318163239004539,153.429555109294,149.926623729231,2.79197019492157,151.162046924526
"PLEKHG3",2.24874097460292,0.581094094045733,0.485779579981975,0.614357241772715,226.067342649062,0.982019426180687
"PLIN2",2.2506519317988,1.35434565239133,0.512059228166067,0.900445880864363,0.459552623640952,149.615690463688
"PLOD2",216.452474567842,208.345672764761,0.678323305930336,0.231892271129884,0.456110031460255,213.44450308159
"PLPP5",202.495356242178,0.845370670809816,3.23839830988914,194.496124156612,0.600465715304825,0.720204246500559
"PLSCR1",0.475823266792119,0.95274160281316,0.610182005848417,0.573904001434762,213.590384059757,212.622719868432
"PLXDC1",0.295100719844804,154.10909307446,166.872309658674,153.972592220201,158.220591555272,1.43670572432497
"PLXNA4",1.34835891305089,222.174181089826,0.872328442270836,0.530488624802855,223.182853018891,0.37407766369186
"PLXNC1",218.878826844351,7.53960962256455,1.46696554278502,1.14645853002477,0.905156566267897,7.18442663178049
"PLXND1",0.596318109417182,0.47569408685146,18.7395150032232,0.751210024499156,207.981458958813,1.6044663332844
"PNMA1",1.04335682248016,0.46104489302469,0.421881962707581,0.480975083112697,6.53423668166491,0.297339328191346
"PNPT1",217.013983239251,0.242771821443406,1.3576658023552,215.298664845678,222.669001182319,0.942538545806317
"POC1B",4.22958296982784,1.04959728118866,1.00605452790414,0.638059635574067,0.843155455869382,3.12507531542889
"POLI",18.8755132931336,0.565031182391161,0.391053621418,210.508751472096,0.843875799276676,1.2600762734397
"POLR1G",220.450949646146,218.129373061455,219.951125639759,0.545001003911415,219.539586084456,2.43001508279857
"POLR2A",0.84240872764601,0.471316295353901,1.96159669685838,1.0939645283515,0.503049152641476,0.285037227049514
"POU2F2",0.646413622612597,160.921212634676,161.20306517988,0.709803513645601,44.5469797135575,1.58044939293707
"POU6F1",6.64812131271108,1.27248859903801,181.218855680041,0.799448928089363,0.865219079660032,14.5847659461835
"POU6F2",2.59409419715243,1.28742523774947,220.29381494003,220.232500047462,999.99893187903,0.494452713157414
"PPA1",183.904089456877,0.220039583344146,0.309482307953414,0.56539484313497,2.84443318994595,0.203174428223309
"PPFIA2",0.782348156281698,3.15610117647839,0.356672374366325,0.578283400210906,182.471607008476,0.286155015608974
"PPFIBP1",0.504660462588854,0.462127719166499,0.787949899167879,218.42749325814,0.943378901423178,0.563297572046173
"PPIF",0.508135039594427,0.331395498527147,5.30173416354128,0.784381275918894,2.07090778692778,243.436794643425
"PPIL4",214.287863668209,1.76555470426375,221.210943988143,0.46068614272749,224.716129750244,0.464483732455877
"PPM1A",219.072149764799,0.552411137786191,0.612558992938887,0.406634293188142,0.920639294056828,0.283665408286781
"PPM1H",1.74077642649521,0.629168181327332,0.776771433317456,150.881478772878,156.719537699448,0.761789597610155
"PPM1K",1.28398488662833,0.452223099514335,0.531546062524455,0.737807300417154,0.519598939008246,0.205726480616975
"PPP1R12B",0.815437479673323,0.671157778689764,0.740756818123901,3.2804557574199,217.162870996442,0.356659485471266
"PPP1R12C",1.68225464720006,0.676773957090614,224.037569396085,0.897947308849267,225.313751150437,0.335641969927402
"PPP1R14A",0.700501387533432,0.126062715871079,0.452946549413844,1.6919376665812,0.531876314310827,195.954457645898
"PPP1R14B",0.494135101564275,149.52005936781,0.535030661825612,0.601443629431681,0.597154226955652,0.534516796713572
"PPP1R15B",2.74642559151619,1.12298976624039,0.938717669382373,0.565620618736758,232.535396503668,0.594358918809782
"PPP1R16B",153.610442332157,0.175593379599251,1.09261571603926,149.962482073987,152.98343051464,5.55078441624514
"PPP1R3C",0.41165940791825,0.842080825561109,1.48711949924853,0.647197741696836,2.57164287558145,220.694966795145
"PPP1R9A",1.0178521083145,0.454462543243818,3.96170356046726,0.584718805164085,214.466461056975,0.625160706302481
"PPP2R2A",0.776027692526181,0.415453888600291,1.0477560204185,3.54098927090443,1.17495398500378,0.281230390810986
"PPP2R2B",182.624826768681,0.34112501654881,0.686032051090786,0.369103671707671,197.577561927789,0.331407761299615
"PPP3R1",0.666763525269797,0.512715946937147,1.19912189807604,180.81489981619,1.57282036926653,0.251205724441388
"PPP4R2",216.064329890598,190.182982635288,0.434660799323957,0.239682519717179,0.454872121490315,3.06859042622187
"PPP6R2",213.421151973463,1.12961895395967,0.65185597187221,0.464425933210453,212.934748886702,0.389871672012132
"PPP6R3",3.76112647742001,201.211390029649,184.176302123695,0.365560678943885,0.847679622974038,0.578835959529133
"PRELP",0.210217200614002,3.21319050936177,0.884408848519353,154.187840818601,0.581104778687036,1.10142322394236
"PREPL",3.20139792510202,0.653624049785696,0.37288495996935,0.563007827735153,182.585402343372,0.102651689158729
"PRICKLE2",0.831197089106356,206.067138743322,1.08312816687646,0.469618687970134,190.253836540638,0.675929274859969
"PRKACB",0.809351221271766,0.224854249524184,0.892333008861436,0.268318537402828,1.63356445936991,0.273258388237166
"PRKAR1B",3.63818662276817,0.539532427681605,1.06779523787162,194.511053895107,4.54039067546885,0.142752250059694
"PRKAR2B",0.437653271737294,187.822826714648,1.35289110004077,199.248272010502,0.649812275216172,0.184464451540828
"PRKCA",0.367794535071354,1.12168704267352,0.600853529682594,0.224857742196752,0.475204289808592,2.71158199943882
"PRKCB",0.930594312949769,0.619111666760886,0.707624961059535,219.389033654777,220.265776963102,0.293916396948894
"PRKD3",0.857999716297476,0.72281751360986,151.39056695226,0.734149838713444,150.509670747287,2.28780077306108
"PRKDC",149.520448730996,0.366404370840569,1.05394014625119,0.765430744322175,1.02388962040305,0.4284662057597
"PRKG1",1.13513594636389,5.25939112436074,1.18759350073824,150.440779456781,154.6140574593,0.403117816382494
"PRKX",95.8694783965109,210.223593995145,2.14553256036223,0.290278402654305,0.600603091256061,1.1142898236998
"PRNP",161.164952601652,0.234853206805578,0.263394405174467,0.160521750637062,0.498830896825736,0.121350594777455
"PRPF6",0.522267808626412,0.579034090550485,1.03312920185637,0.73420286137579,13.0599617012975,0.736013082407868
"PRPS1",153.033940777087,0.477190236703203,0.616083200301411,149.273722997814,0.983447086678536,0.242579486694602
"PRR5L",201.728093927605,0.435096508622117,202.577136607369,0.820684140925612,1.04861602502647,197.555254462069
"PRSS23",0.357262180829886,0.899820019125001,5.08159751145056,210.369310036915,221.417736158358,1.70075113830251
"PRTFDC1",2.92513063626415,1.1869095318375,0.582860905694752,1.49809010432466,0.51698559554691,0.930528189712243
"PSAP",0.625528524153125,0.21077639118335,0.15627455093558,0.144349161591991,0.280899256480429,0.12014817980015
"PSD2",3.7239909211603,180.547982183054,0.318650200218168,0.12750695514068,0.426311971147797,2.57219649348014
"PSIP1",0.561841703664523,0.345713541360785,0.200655204830386,0.629530606642808,0.691285135853737,0.207116827033605
"PTAFR",151.470179660954,2.12823747685834,1.06186077308882,8.30068606528895,1.59021643752137,13.8108755289897
"PTBP2",194.839657939638,0.540537524858242,193.065136340896,1.40866203081344,194.809887072959,0.219856830890214
"PTGDS",0.357909353470239,0.0971056202882607,0.154820825447615,0.0740437883040269,0.204671595721219,2.00487228038179
"PTGFRN",159.917849322271,0.955437817363297,0.705842219962455,0.416252372570163,4.05852304732289,150.109700566801
"PTMS",150.04641685673,5.46470267748585,1.87312048060819,0.454599910072328,0.901368425001173,0.393574874607928
"PTN",0.456590068922724,0.381717777702395,0.358223050761982,0.207877539467997,0.692113336510054,0.508417428944582
"PTPN4",1.1859645843435,0.558522861117171,0.70886266592666,221.467197618486,230.632852389014,0.440703002392576
"PTPRB",0.34708307604394,213.63415525055,222.071948767648,0.500648717424399,1.80648614090528,1.40397095439142
"PTPRC",9.39785952941973,1.047091809906,0.557638024421084,186.418992929094,0.794932952433158,197.576453005744
"PTPRF",1.62441939756034,2.19768477726088,0.477059470317938,0.319234636002994,0.769610240490225,0.242618779104764
"PTPRG",0.559465054806809,0.850645463491735,220.587933925804,0.602073241472115,224.654852589226,0.871938937175602
"PTPRJ",220.895154670156,202.746563104854,235.13845073776,1.94748290324107,0.674750948229376,0.35620663420747
"PTPRN",171.76692892762,169.889993648882,2.74014886762934,0.951955005251708,174.694590082374,0.123459550664027
"PTPRN2",198.591664444859,1.28861113049542,0.495828289571912,0.464803927599659,0.792573329018686,0.303314229757926
"PTPRO",215.951389106595,0.643278942057557,1.44302452844922,210.459730983621,221.23380383327,0.3316208464961
"PUM1",3.62454567818276,1.6743912128424,1.71988636740592,0.255269801750121,0.555321868199632,0.211259484692954
"PVR",156.359305526727,152.940250147345,2.97814796606214,0.966994584232291,158.197668929629,0.338444569571369
"PYGL",0.694630915446158,1.73635282083158,3.79587348930337,2.31734749330617,199.146937757371,0.45049853813682
"QPCT",0.682198133018287,1.20009626590286,217.234104641602,1.28291368010877,212.657795628041,2.42065042057267
"QSOX1",3.34850526506469,0.563680049600937,0.720561853196056,0.625123315163109,214.731883222427,0.593597046346231
"QTMAN",66.4584186496741,0.707392024530376,211.161596097849,188.670433303353,0.902316426993568,0.43755185810341
"R3HDM2",198.457719279673,0.388507497906064,195.97921608633,2.36929434043445,198.818161757568,0.438468880328931
"R3HDM4",0.420399108365149,154.39620217767,1.15506578995128,153.578032593155,158.185697088898,0.705861068632199
"RAB27A",218.412534951312,206.91937456767,0.902298458019728,0.349114807455369,220.359353795234,220.073186176131
"RAB27B",206.503962871006,199.598904013168,197.829980173512,0.821808536902476,198.932118176072,0.484602415947599
"RAB30",4.62236146097818,0.362435231970167,0.93507560547041,0.530294838688545,0.456265778708726,0.297183887928383
"RAB3C",171.465809050139,2.07201351827552,0.426277480282294,2.25981460362921,171.439153751533,0.0995787298185495
"RAB3IP",0.503335808074217,0.389955280645629,0.79579994691561,0.913681695691779,217.415780481362,217.354466445333
"RAB6B",1.90072734549345,1.24505579414103,1.13567903768071,0.38501314699633,155.699799564724,0.123035774813522
"RALYL",211.556267977969,205.179877002345,209.866309591889,207.22480931789,2.53472864439946,0.162640481527382
"RAMP1",0.738852149937132,0.646456557026217,0.422504683683576,0.182135229897016,2.11074585077456,2.05040114529743
"RANBP3L",157.086109952062,154.700125493306,0.786085898412378,0.275639099996436,0.533119558593747,154.515074272016
"RAP2B",153.42229986663,0.303776966112227,153.722696251855,1.94428986996982,152.737211170905,1.65647382114525
"RAP2C",1.65927049543614,0.539352012283471,0.833709846184768,153.542914544699,1.58576067787495,0.559411084219302
"RAPGEF2",1.74311451733846,1.29012527987974,1.04264389766449,0.472511601822421,218.009859028075,1.38494282212911
"RAPGEF4",0.647975154350342,1.11390372194198,0.781920583485977,1.06416643901873,208.271517649266,0.478428771027948
"RAPGEF6",1.28887416627676,0.519305648805174,1.17829089009266,1.18793414569967,1.99867317314434,1.05521379637827
"RARRES2",216.120903777996,0.610069122134115,0.401313794536309,0.39826050898635,0.585069529982884,229.168538351275
"RASA2",204.950241849941,0.73478886462057,201.631027932934,1.93044743929922,214.921736648687,0.674970425785915
"RASAL2",154.919342399323,0.601610083837543,0.723807438864407,0.674136026293572,150.444995528804,0.642308105051071
"RASD1",1.18688588727734,211.311277935999,199.472624132493,0.396034749490767,207.605650605841,0.649418061591224
"RASGRF2",206.251710682021,0.298500737542207,0.790539436406512,194.281093625379,206.411882808951,204.528484163468
"RASGRP3",152.636729363453,0.164495773344029,2.04820044608657,148.093314753426,152.770441604691,1.12518867618797
"RASSF2",179.192828282939,0.147549616480064,0.481276609586196,0.450469211247643,4.45386372489234,1.72832863186765
"RB1CC1",0.839938239715211,0.543578783784121,1.10143512680795,0.585669789029514,0.69672833776325,0.23525312678336
"RBL2",0.938707295938154,1.21034814784864,0.627558055229295,0.53181808764139,2.05370263660605,0.658036246552877
"RBM12",1.46065979410301,178.715698587892,1.31027701231541,0.45513381491649,1.8514142403179,214.674716198534
"RBM5",227.530082855503,0.468475058982868,2.19582121322741,0.320881386903323,4.98095252857965,2.61281955656758
"RBMS3",0.56233469148553,0.698225194444768,0.733487190825664,54.1046195432655,0.51593790829161,0.448577000887511
"RBPMS",210.355703475916,1.43960763718112,0.977803393469303,0.606233700216815,212.990058674088,1.16232028924894
"RC3H1",43.6957554401513,0.817757234140029,0.861456130055645,0.707451546300297,214.68899276579,8.54367726447109
"RCAN2",0.862234771748465,1.37745617614733,3.84361348068791,0.88556628190427,1.64692293758965,0.120771184989989
"RCAN3",0.549520373404027,1.88237750307439,158.455031478895,154.557188239964,155.396689839586,0.433291598106945
"RCBTB2",199.791679532349,1.02882203561277,0.560425376278899,0.646909922205084,214.673839864941,1.85931862904092
"REEP1",201.950993580982,200.499762463931,0.415596940999475,1.03221175834398,199.665719248566,0.130730760255475
"RELL1",0.890877950864218,0.454477793132103,0.52661384567833,0.55973150246615,150.432651815009,151.266864717543
"RERG",1.34610649666971,3.49385728276622,5.99932921947703,2.75648282422159,1.5761816209182,0.412244543707799
"RERGL",150.7322010871,33.0476940816891,10.5262071968663,0.380342331311297,148.90722746469,149.247410943927
"RETREG1",4.47276335273192,0.397141480757758,0.492325344910611,0.466866261201683,1.68348615217859,0.240186491446702
"RFX2",212.106390716546,0.745159706892482,1.3484289334941,0.461144453461979,2.00046832525589,225.449452750199
"RFX3",0.680539480974907,1.26797216512843,2.01748659327611,0.456239159992612,7.78511374677337,0.683177432490168
"RFX4",209.836824787502,213.225996151875,0.994751682082883,0.159709782785107,0.598520872356383,218.348970921024
"RGCC",0.43906495590589,0.518055507917863,0.757646309322713,0.216544315277158,1.24432368715163,191.742396989694
"RGMB",222.740633316278,0.619350195016449,9.66424788060918,221.719246031431,222.12170134001,0.521775681959662
"RGN",205.945210715727,153.496181284785,8.75592182244671,0.312272682398003,0.74383580502227,2.91974235455063
"RGS10",0.616713093441574,198.66471148481,0.970631775303073,0.643445668848244,1.71170678733133,206.126910852465
"RGS16",234.12226748033,217.115000459533,0.64635374074826,216.441618179211,232.553776263355,0.181179453599513
"RGS17",184.93201440011,2.60325142834363,2.63963665223541,185.132597962073,25.3670249949183,0.541776548536649
"RGS2",0.856926642796704,0.785948787757,0.867218818717912,148.806466848641,153.821713912447,0.280387911246904
"RGS7",212.549360203443,1.12371743659636,4.00483095681495,204.054473011565,210.539593535045,0.306523515332109
"RHBDD2",0.557427704551573,2.93264840095675,0.521224290991655,0.643122268690373,1.37032982692789,0.118701749598782
"RHOB",0.573623840261276,0.192267899171903,0.856392167283342,0.212981418572089,0.615171773599307,1.3127978454662
"RHOBTB3",0.700919515735164,0.393982713534425,0.650509411830062,0.120513484830928,0.401258765799932,174.24207440218
"RHOC",0.4352166921164,157.161707787863,0.289351347038213,0.184327090109176,0.347539279766849,151.14888719487
"RHOU",5.23480057903645,0.185004805042535,0.878211126385694,0.673402929569728,1.61733858578237,211.768527592035
"RIC3",226.249862242339,222.98001278137,0.793003969675305,0.218962453653556,0.533939915693286,226.520612678243
"RIF1",0.680001796397939,0.302958649208509,0.747667592231165,1.45340208817726,0.878348182126623,0.458795918894865
"RIMBP2",0.779035873117824,207.93434363688,3.44338613807265,177.447903861187,209.952789582728,0.249094195267969
"RIMKLB",0.993483901382434,0.691940587449528,11.8110006164345,0.555121192581261,4.71336499924805,1.33133193456852
"RIMS1",0.68596351386983,198.53572107555,0.591457974009133,0.605059340005007,0.77150008180445,0.302463950456551
"RIMS2",0.653714187736986,5.398451914652,2.51197818307493,0.75905002913661,8.14383652231766,0.320987732120753
"RIN2",0.511574891343314,0.433867450902958,1.06133900448669,213.972874228948,2.10131922359022,219.9976660468
"RIT1",0.898902274997888,1.95639247082695,152.411771020982,0.998903031780536,0.906145736890503,152.009191593825
"RLF",199.408716761456,0.518152223881424,205.437340331845,24.2118899638914,0.818421474917518,1.04749532968742
"RNASEH2C",1.08219916269491,1.80412375560593,156.604882238351,0.399190276154306,153.286371897567,152.949048370293
"RNASET2",156.902846730787,152.927421150453,0.675445888088265,0.295098459968454,153.842396916073,1.11576431569473
"RNF103",0.823262061289086,0.429185273033023,0.645115522182209,208.112105900871,192.009360563773,0.386668368508688
"RNF115",160.258316242703,150.562696373501,1.82077511810031,0.354116469330982,1.52759064503269,0.472449889898776
"RNF139",209.985767997852,0.474393997186203,0.893232441934526,1.50664481052152,1.74621698202365,2.18885987103736
"RNF144A",4.51880517359833,0.203978184442949,154.249947323704,148.176896274892,1.02924295222152,2.18362781511662
"RNF144B",0.999011690063386,1.6971984013246,209.407197434151,0.65851923267847,201.103666389861,2.94570805948707
"RNF146",192.250865424282,190.688454723349,0.720033564433739,0.322285254164702,190.841108553848,0.44011771996527
"RNF157",1.54861204819979,3.273425373006,0.626972424921801,1.11451035103186,1.19548465969927,0.248016638507268
"RNF2",0.470977167402342,223.41712290518,1.22187256936658,221.045763102512,228.389579461007,0.481617115300534
"RNF217",216.607493603453,209.839212168638,214.855210340847,1.06842540383619,0.583555338950283,0.516960020226464
"RNF4",1.52642316157595,0.704782616722964,1.66215528283073,0.595678543620841,0.985926564826021,0.523856608308343
"RNMT",2.12029995247658,10.9524029088552,0.652275798450227,0.762921925560348,1.28425495581268,0.267603378703834
"ROBO2",207.61225396843,2.40739355939518,1.54567148156669,1.6834133065258,0.634621790743073,0.213176544514021
"RORA",211.722946168467,0.903732303323711,0.464476413203183,0.446214196025506,0.636907945847894,1.37775834322654
"RORB",202.505110694035,5.1598386401123,0.804513126692015,0.352735258242706,0.87277602023708,209.253149919508
"RPA1",218.535628228045,0.696646699487689,1.43000404397407,0.413553597023354,216.791929794045,0.612762416923649
"RPH3A",0.870786612713604,0.961513560670929,0.843074650650251,152.847192550482,151.851617162579,0.332502227641122
"RPL10",0.313659711126161,0.220522590842011,0.285994569240603,0.189118282012783,0.342632726434625,2.18125076375138
"RPL13A",0.258866871375892,0.162815365894638,0.261048269576919,0.124439709680498,0.209835238452596,1.64124116467783
"RPL14",0.344452318416727,0.290194914782341,0.267180819193935,0.21612911361571,0.624784602889068,0.477619244716919
"RPL18A",0.333639740718081,0.196785283791022,0.443444227639223,0.239905112271964,0.450170419631126,0.893164140453119
"RPL19",1.12746973483297,0.183941711604224,0.232538495636132,0.12996069990227,0.263125047982468,1.35159400934277
"RPL26",0.388584364450944,0.213092484002475,0.297343341504317,0.127553088694959,0.267813551678192,179.581431654858
"RPL3",0.249653143243317,0.17980787059378,0.249650330638072,0.180237960377776,0.201853623186687,1.75210976895056
"RPL7A",0.344519077799021,0.198527258745696,0.23191489925745,0.227790461905802,0.362588201787646,0.456080424292698
"RPS18",0.355559088034126,0.1454367830659,0.168439792651604,0.131608866426546,0.211799828515589,1.44445075244319
"RPS19",0.337992215915077,0.223620069191791,0.206473914090074,0.141416676413656,0.277500525749923,0.920091049365543
"RPS2",0.42424975337335,0.265231558245908,0.291140668068007,0.199124380552006,0.42410859461464,0.280045063816907
"RPS26",1.46986296089807,0.153070063626311,0.238188110945044,0.128809110025176,0.343213694486999,0.740879177054878
"RPS27A",0.202476859356134,0.147565768011687,0.199956056734544,0.132040263175514,0.29320762153311,160.664204122053
"RPS28",0.263307703735145,0.156235382725333,0.227845431997799,0.108014836960098,0.236061249501667,0.38064651106007
"RPS3A",0.42750414392072,0.182011978785414,0.49817189293445,0.163841174776598,0.272270088570924,2.40303866457501
"RPS4X",0.298242838922567,0.412055283477689,0.388480158435704,0.151051679549653,0.295378537173316,1.0369531744838
"RPS6KA3",0.440133118209902,208.74204970485,1.99312813652114,203.239239324419,0.83975372710184,0.555187417814911
"RPS6KA5",230.731565383524,0.35518696596722,0.481283861693164,0.520442847494302,1.023526096144,11.4647656458152
"RPSA",0.559828767444708,0.211009437919979,0.413168650441608,0.185822447069196,0.5275944551832,0.695916184923996
"RRAGD",155.955535287019,153.216144525529,0.661344608609005,0.266255578508148,0.661211982067103,151.746668242098
"RRM1",0.515135443416875,0.933778030540876,0.695850027887124,165.944823495298,2.86209595111131,0.676162538009142
"RSPO2",1.37787301495579,220.215313732211,1.24081758081863,222.796389380305,222.910448127952,0.171629077360204
"RSU1",0.756057650622795,0.493598496087385,3.8050049559394,0.722180425310576,3.23169563024046,214.816341784561
"RTL6",205.790605695284,213.492147823425,0.502500657529284,0.54385044698394,0.733976226210044,0.529082558978179
"RUFY1",217.298026686987,0.71303028076432,1.98782135372239,0.618572044778361,4.0022502714893,1.49527070820956
"RUSC2",51.8212960336711,0.451314146002006,1.01061253399366,148.435005509063,152.919824940832,0.182416865119654
"RYBP",202.707778462493,0.477056668697329,0.50669585318973,0.820804560569244,2.90464335200289,0.738033682144865
"RYR2",1.68297153846868,4.29322358706827,0.578799537278925,195.940950946149,206.81758735779,0.295799249645939
"RYR3",1.05923183968523,216.66291244584,1.21240753373569,0.286407374034713,0.367243227272572,218.425998686186
"S100A10",0.302955681865267,204.318884954968,3.19925829455533,0.35797091815867,0.585450343094268,0.827715620420534
"S100A11",0.283255811869345,204.426234436361,6.1375206290021,1.18025865694631,205.635904823836,205.049701324853
"S100B",0.40185649574631,0.0642098077495417,0.123371737961781,0.092366501385415,0.16079082903475,4.15356401684179
"S1PR1",0.374236686163412,180.818736373461,0.510622473266553,0.13930932542392,0.379658314743281,19.91479101697
"S1PR3",1.07393669663894,2.05349227287245,25.7915817783282,0.437675221811157,3.15943500457796,210.909295028904
"S1PR5",1.9608431442477,0.265575451609483,1.27160825147855,149.555848163829,154.617540454876,150.473522142732
"SACM1L",202.607824402738,1.6512150774492,200.946981318625,0.940772970409754,0.906223168464507,0.224718863355314
"SAMD12",1.23982541574146,223.455764532568,14.2273841601245,0.922214852558688,0.701284734381493,0.407297744622028
"SAMTOR",1.15271542831679,150.062354231902,0.584011454959762,0.995610266247587,155.28275514469,0.428511702198073
"SASH1",0.865764055028292,0.30838775815886,0.339528691288698,0.182630247754987,0.764358122170663,4.15324243644804
"SAT1",0.522469914168898,0.57130183351589,0.380920254894611,0.33354923833657,1.0615080999087,0.668050964720045
"SATB1",3.40327979628739,1.2840914221291,0.465372578610446,0.800023331195633,0.631724640443094,0.411664552270722
"SBDS",0.99115443704045,0.239549428924316,0.504274626485337,0.265134942036772,172.959524657057,0.409203606391096
"SCAPER",0.466062817347338,0.447145635521583,4.81144958659304,0.820625158052538,207.66924796126,215.606788444364
"SCARB1",0.468424608954321,0.862048503169287,12.8050340724111,0.516838686478467,206.488914675887,1.24538823696045
"SCARB2",0.714046020430644,0.146931179493941,0.339547258736961,1.07169801944959,4.90962589428453,0.306263696506022
"SCG2",190.211290704348,183.694953824856,0.336065017284557,0.701591056707094,0.491628066307572,0.0935932626248557
"SCN1A",206.410048273896,0.383339743545183,14.2032735501226,86.4086739967131,205.991049419801,0.34608495522661
"SCN1B",0.962632685945352,3.88711432845242,1.81401276747019,1.04755943041539,195.641633341469,0.268411535283391
"SCN2A",1.62237696258167,0.371834304214182,2.10135668915551,202.20603579607,3.0301195636915,0.188429165827874
"SCN3A",3.08829386557144,4.99101293425956,0.628964788154568,0.354375931855905,190.676818809168,0.274602671444337
"SCN9A",198.516948263763,197.53566635536,175.574786940714,189.879208652641,2.49101193303675,0.246321073931194
"SCPEP1",4.27770638747883,0.593361219154111,0.993984455466621,0.84363470808108,2.08497999530344,0.985071518803703
"SCRT1",0.644566827216932,185.754274369305,0.591569298436701,39.4329603287189,1.07581594157911,0.431217837112681
"SDC1",0.903639764368918,152.370826171989,3.38165571872182,150.682497764644,182.586231431509,0.255224216752669
"SDC2",181.830391815105,0.598743566759486,0.962527831380303,0.243934213660577,0.615053147814305,0.268111262257833
"SDC4",2.37653147867526,1.35637757303359,0.518618336534895,0.1351318118775,0.269643090765079,263.956838351031
"SDCBP",0.417294930702988,0.37031167443745,0.437772256576331,0.564167207573112,221.866187835588,0.215656134080169
"SEC14L2",0.805676075547419,0.658410914108971,190.894658450041,0.282696468002158,1.43115421648721,225.093199125222
"SEC14L5",211.912848274497,0.347411669444417,7.61719502329088,0.997708393715496,205.783701647821,182.927387558221
"SEC22B",3.50081103820218,189.729702253673,0.397058077027961,0.247304514552599,216.017205916822,2.86336988968962
"SEC24B",221.63832035485,201.54049954186,0.76196535582285,0.383149297605754,0.625791070109411,0.764883103349473
"SECISBP2",0.665986228501449,1.11461053238696,14.6971133036625,0.444658465567237,0.987093690007914,1.67638721667497
"SECISBP2L",0.449941680165645,0.14401449004328,0.251476042875872,1.86355163708791,187.644183503416,0.425131544188822
"SELENOI",0.741250591606156,0.567849504354975,1.98177691689942,220.3886138584,221.265597688013,0.324416815561541
"SELENON",0.23210655561046,155.016404842029,1.09713850553516,0.406790883120909,157.269445682107,152.59672145232
"SELENOS",1.7950720691584,0.489655479592343,0.402250024952687,0.396954821395965,0.761463862622961,1.52755191530452
"SELL",2.69416896307953,2.84261335894088,173.505344714116,0.588680862814159,164.112114708111,193.050932737986
"SEMA3C",210.819486533855,0.403237632871036,211.370818482561,213.284172800899,208.990284747492,0.479243008175632
"SEMA3E",160.143494477529,155.101495338684,1.74545103445465,1.10270173353447,2.02312602674582,0.36668766371036
"SEMA4D",1.93903196446535,0.139335226862445,1.466061236481,211.76850758188,2.19887336853651,0.823952195700212
"SEMA6B",0.620130553210317,152.294423947186,0.642292612470124,150.531216108993,154.16758874669,0.416642527549211
"SEMA7A",218.036853037696,0.317966285198,218.512789069801,7.52051386187545,217.590662360914,0.545227442450253
"SEPTIN1",0.940280446577525,0.378687229205295,154.701564402241,149.968739623914,3.29027712130617,150.974379656246
"SEPTIN10",1.41273821964426,0.34187901275532,41.0516761933713,0.794477834287074,0.530334952976407,212.898779256081
"SEPTIN6",1.12778124640059,0.47557919120383,13.7923648745042,147.957210624804,153.125301575071,0.481312008539943
"SERINC5",217.33977078814,0.347102067828092,0.641068323778376,0.862599353698546,1.43009602981531,219.154496104353
"SERP2",2.08854056428891,0.793956204836066,1.2859005253804,220.766847212367,0.633664886434656,0.434695704822418
"SERPINB6",0.563126898920059,0.306181914573443,0.524955168981111,0.45247543428857,8.35407839806758,212.618381647563
"SERPINB9",153.730243369061,0.494323922309217,0.655146106428139,150.409439021462,154.114935618218,1.06829854167585
"SERPING1",0.302008710293258,205.330961303992,218.070461074021,0.345552743622471,0.96007756232116,216.909051956747
"SERPINH1",0.35706293910134,154.877123946287,1.03152391348431,1.340143574521,153.732447010153,1.78096661510001
"SESN1",212.519357978182,0.74903740690806,0.443427886183552,0.803008388370781,2.83042022366885,1.42042362329297
"SESN3",0.494552504739377,0.532467459962088,0.73538561135984,0.165697603982058,1.31803325113325,197.908581765412
"SESTD1",0.755497099745092,0.381444454783748,2.38869838366566,0.797146109056636,3.69462440890177,0.748584840054133
"SEZ6L",207.621821684962,1.89322311601955,1.41875412371889,13.7806327304265,208.772658225613,0.146357393866109
"SF3A1",1.02925106348751,135.181144177689,0.887237933277236,0.373188065272937,43.0209535748244,0.733145376926587
"SFXN1",152.58200349653,152.863059956713,1.40415589468644,0.376139450392754,157.780585787478,0.212174256125845
"SGCD",222.353919302976,0.91332545668547,226.858509532072,222.240391231742,0.364390738018553,0.721709966340471
"SGCE",205.79952649863,0.728974304834755,0.602952409631788,0.527199248678781,0.350613480940235,1.33072162228341
"SGK1",0.753784171788094,0.445119131788917,0.573022028366732,0.813071506963316,154.967772030049,1.52081473766273
"SGMS1",0.780817353305458,0.298346678180186,1.08499593180386,0.778703248746757,0.877909818155301,3.68984284662838
"SGSM1",2.44632846488023,3.22298279825121,149.767131542638,1.95523878117749,151.857555379121,0.353077212550667
"SH2B3",1.62300994533193,2.18021508896102,1.21676366391068,1.02991737938452,1.37442834033426,8.62643384826445
"SH3BGRL2",8.84289085782214,0.953644686119114,1.87836145056395,149.121774596519,0.448321553326371,0.328470829550162
"SH3BP5",7.3111301848989,0.301081826085507,0.546345211483316,1.60192818747221,8.66250039825436,0.497710593380052
"SH3KBP1",186.288947769226,0.283808036200885,2.02181311447488,1.44949387934249,0.533051399043218,1.15700937022514
"SH3YL1",220.531477876561,1.09649538412657,0.692047564588938,0.826895224142686,1.24066224601505,0.726637020055286
"SHISA6",0.766671550997442,2.72177043841497,0.589019069966635,0.249654738934068,2.62615449554181,0.517921590851309
"SHISA9",154.74368223355,151.200172281937,152.019355960512,0.672495707321557,1.49923528541513,0.276398711427345
"SHPRH",209.726534417719,0.30709206784227,0.558743886136652,206.491887748853,0.631200486869834,210.943512954117
"SHROOM2",2.13542732602709,1.83727011111428,218.024716622957,0.972924894482325,207.857939804349,1.01465680388271
"SHROOM4",2.1553726705726,0.445467785289173,1.20621736944232,150.401886941683,155.529596763356,2.20593299783009
"SHTN1",2.70699972021231,0.192162468846292,0.716376266670211,0.323895235820636,0.578680248930733,0.79629448203701
"SIAE",209.111848098558,0.508701642726768,0.778857448950725,49.1280828893142,201.316011823873,0.293755130820324
"SIAH2",0.721985833472218,0.685094857551485,2.37989886475367,150.469651872251,1.22548733845974,5.9892114446621
"SIRPA",202.714814871973,0.486997845741107,0.574266678288408,0.28603655201506,1.3076338607635,0.419837968958896
"SIVA1",3.52326305392854,0.485749536543763,1.12130877635437,0.431930392469094,2.13728664512125,149.782332982435
"SKAP2",1.41083913407101,1.57796545285523,2.70073404058654,0.572738120223579,148.542132572346,0.558855516466719
"SKIL",2.29735904713108,1.08834270257199,0.591006499434511,2.05321201982295,0.474968421700613,0.581513269921507
"SLC12A6",0.838833916645088,0.683243545392382,0.66539513802304,219.696625377484,9.50617971656677,0.37132125662687
"SLC14A1",0.915689017584153,200.072760133897,0.37285948402067,0.138125546986442,0.463007234967806,207.524273977471
"SLC15A3",0.883421050760178,1.06292689434441,2.7118740013582,1.87699687575818,153.803058797089,152.009067919951
"SLC15A4",1.01631066036347,8.17392264797975,1.177719953238,0.523454624510083,165.478946579504,7.77494850231515
"SLC16A1",150.051257201588,0.663723473317255,0.481922201403429,6.05598449042999,1.50763382127077,0.499951018212105
"SLC16A1-AS1",0.969536870663752,0.814144380557767,8.26180660523328,2.94957476892161,0.839417425295239,2.26944766199642
"SLC17A6",152.816403998118,151.791879601979,155.57688107804,1.66265199527037,153.0956689885,0.53208541951759
"SLC18A2",171.375868099639,16.7879369123118,1.13171293364535,0.829163920870542,180.259476154554,0.106120214035843
"SLC19A1",153.569482864456,1.60485509287307,153.315061118221,0.549197913686007,0.916687393154938,1.99222735720661
"SLC1A2",0.882464132808578,32.3893891204338,0.422373967968116,0.0683798575799792,0.175009146821231,0.423349063475137
"SLC20A1",0.481675672712542,0.933181020249334,0.530168767066889,4.03263836884781,193.776885424888,0.365545592761997
"SLC22A15",217.242713617698,0.478939918254639,0.677265757703684,2.07101801676561,1.02629721679757,215.10610386263
"SLC22A17",1.19677746367538,0.318093374343937,0.567333376960698,0.939919381535917,189.640099483876,0.163561082905267
"SLC24A2",1.56143075465824,0.184158382156027,0.367654844526665,196.449165475401,196.753808862432,0.298726460983543
"SLC24A4",4.3547468385143,206.31254969493,1.17568838563225,0.275937373160834,1.09685534326394,214.93124787229
"SLC25A37",192.683047492576,0.464567511793217,0.563868197769081,0.32830020627924,1.11582460170093,188.67944072172
"SLC2A11",153.37928280864,153.852137648071,0.717184170682344,0.456520999382562,0.480943720632584,2.2254831114525
"SLC2A13",194.507086913255,0.596304653250145,0.626954742953038,195.113091270646,185.397775748436,0.123003821819933
"SLC2A3",0.679934311094355,0.914942976452749,0.984688880874364,225.381860822336,2.84045751954059,0.3372128852213
"SLC2A4RG",0.512327133542327,144.496156374713,1.9504015203313,0.476141906722235,118.033746319144,113.279834163659
"SLC31A2",149.593937481522,0.126234594786292,0.535024523481658,146.633768844422,149.789305384293,146.85956060157
"SLC35F1",1.00435941644913,194.620498913443,0.487585996374581,2.28499195245729,203.751002182793,0.374726508105625
"SLC36A4",0.954573473476715,2.12789358529622,23.4837087550553,0.363316093766284,0.465803062944674,215.827703725366
"SLC37A3",1.95698674716353,9.26416752898643,0.725163046646736,0.54833269354109,0.829719960780021,5.15120439271027
"SLC38A1",999.999146626952,47.010658982168,0.644530158817071,0.43144178762723,112.124891684969,0.136657152879279
"SLC39A10",0.401768741676166,203.091444090685,97.290394793672,0.395211549688981,210.011878608154,0.800364549041613
"SLC39A12",222.510182981327,2.00278191293527,0.67331959091338,0.176389429836584,0.91789062939603,205.400887306716
"SLC39A8",0.625013488783279,220.031132620885,220.487934094336,0.313682917900048,219.778909946033,220.047278980581
"SLC3A2",0.401484128706524,0.89046830983005,0.516335969725952,0.204875826551447,0.670775947713344,0.971747943573414
"SLC40A1",0.347197178442426,185.901999643244,188.002633127455,0.235135577697622,0.901377440895425,187.640963157664
"SLC43A2",6.30293884196703,7.20909275607459,0.687580559960073,1.09590234872171,1.07885928650067,0.356349703025141
"SLC44A1",197.730020767637,0.132331958759894,0.277555161345828,0.250436446584932,2.40043272674665,193.733838772234
"SLC49A4",0.900640918174167,185.923766323737,2.63032587102185,0.513709874248158,0.695525648293422,1.71745035268424
"SLC4A10",12.5567839329979,151.227692266459,153.96774973718,150.891174989816,1.81334334092546,0.342187761173532
"SLC4A4",0.615127022164044,0.604161163930501,0.458892330721381,0.113791699492263,0.256030439601325,189.936025411216
"SLC4A7",225.690988156541,0.669306788565004,1.14814322754858,0.631128723462025,207.467715071944,1.55921942321026
"SLC6A11",199.385982250324,191.988719543232,0.646060522769693,0.0951565192122074,0.293416856325624,0.952750926518414
"SLC6A12",0.331031918030385,1.87449908747409,195.03825136626,7.41749082680208,221.096933395307,0.882110431521441
"SLC6A6",0.461008033227581,1.50419460595279,117.561456659407,0.523010249583408,1.03138906385589,1.69708644066396
"SLC71A1",1.21000604930408,0.907989451194106,0.673413287536429,0.44294676355947,0.999465843635743,2.91055511430807
"SLC7A11",177.318360615888,3.63036468246774,0.289107597555933,0.148948180837975,0.294088008946823,0.856811814655351
"SLC7A5",0.200863981937735,1.07616749165185,162.394632792755,1.31134490216878,1.59889438222243,0.435144611884253
"SLC8A1",5.2442214942079,81.231990685645,0.401219599810646,0.841856976909218,1.36643704744848,0.199354978320001
"SLCO2B1",0.280233561378504,215.052563263919,0.869939063356238,0.682141831832243,0.860204829974284,0.747264726713967
"SLFN5",0.714523549480195,0.302610664990883,1.1035593398383,222.481758446265,224.705852483944,223.527717080067
"SLIT2",7.37082118125445,1.51942322132783,214.123780638117,213.617796369263,2.06249529051824,0.358832464647535
"SLITRK4",0.725335207615349,219.72453067479,1.31495152220396,261.972438432278,1.35677087953711,0.159924777595363
"SLK",194.186193070168,0.402785685095024,0.653942706174876,0.465028063547821,0.790739586725569,215.949463959455
"SMAD3",153.534166826353,151.605884123316,152.149443285321,0.27467106057391,999.972529015128,7.6318025255814
"SMAD4",3.1139577014989,0.688026114487748,274.396793895879,0.40856023065677,0.804037431360138,218.157864058126
"SMAD7",3.1477102289264,0.692258535667651,0.821697558586995,202.663941624506,1.31530260773075,2.31698784303573
"SMAD9",1.39253819419082,0.415515354856751,188.38426263119,203.906794463833,1.30649603293319,1.13938944959865
"SMAP2",153.069349481609,153.936998252443,1.43895187864725,0.507841953798184,1.15740060195756,0.278190458665784
"SMARCA5",183.703978552763,0.294557015170243,0.518086545073265,0.271249413998465,0.578017569692012,0.374620309829582
"SMARCC2",0.683213643146485,0.490828392940273,0.455991861421301,0.804941793666775,0.331943830736652,0.622606820963975
"SMARCD3",19.9829623889162,0.619462940946065,3.86062796415334,2.22300596275211,152.917829270514,0.298859215419139
"SMARCE1",1.01134942888481,0.52477257776828,0.732743629120007,0.817572420930191,176.484750407784,0.700195635849084
"SMG6",219.035404288543,0.454688302223455,221.342061149472,213.127415931241,1.59506269908089,0.360167736072422
"SMIM13",203.542891457611,0.579852466793362,1.01639316771391,0.55080795876587,250.387236817868,0.373280472885301
"SMIM3",1.40304480020365,0.933586810803174,1.02250414379567,3.94266091493343,194.634165623397,2.21768827787003
"SMOC2",0.28790065113086,206.719623261073,207.41310036247,0.706217772802336,209.979727173437,1.62769876039294
"SMOX",153.844994313728,155.110101538432,152.256211753733,0.229860851929293,0.639627007403882,1.73547673304793
"SMS",1.10710102289846,197.734682235593,0.721480692968867,0.703733312985541,0.511605017391131,0.372670762751305
"SMURF1",1.02090471182675,0.416874757680304,4.29671085490896,150.565460728339,0.796312853103452,1.36359862655232
"SMYD2",78.761746364022,1.2108485408857,1.80276893069088,202.214208095163,195.828877420891,0.38400176263216
"SNCB",247.486110313331,198.848966506548,4.43151227830935,200.925948640997,0.63597496031816,0.116606523658654
"SND1",0.515671908813806,1.79847161647582,0.935436760805553,0.300421672164391,0.376380524939667,214.344209001522
"SNHG12",21.4300059466203,0.404610064393242,0.697927378778119,156.841520481965,159.151598913547,11.0010611230386
"SNHG9",150.278753659393,2.53048937416643,1.5278828756125,0.291362961392131,152.408099222924,5.91659119963941
"SNPH",207.02751601598,241.046490123878,0.426868012719535,1.1854094768769,1.26039760427148,0.171074275632373
"SNRPA",0.828076759818806,163.992053045552,1.71179441205111,0.432675454736795,0.729831449557494,1.35607322067254
"SNRPN",0.480867937067956,0.270265191790052,2.48185401377434,0.671666401146028,166.251066290895,0.111682692644185
"SNTB1",226.387530433376,1.58749644994693,8.39267878937676,0.532730762220885,223.581533202713,0.965145730450125
"SNTG1",153.945696444699,1.11514399553381,0.493264034768965,150.06754628675,133.353076736983,0.362207695378649
"SNX9",9.43713189634302,1.35890328885638,0.641879479237107,0.652395698238989,0.875794679834876,2.36552994417805
"SOAT1",2.39675847623691,1.12029575874904,4.37015314120852,0.471507469245159,218.248609629588,1.75212009173434
"SOCS6",0.677974773281341,0.4830198407533,1.24661241134732,149.922069056754,156.90590480313,13.9553411010694
"SOD2",1.49146295169915,1.5073351971495,0.313600530493424,0.27516442884263,0.578505782231575,0.215792033447418
"SORBS1",179.176976883258,0.51973760135446,0.715638475074411,0.213119722695994,1.22740736070116,1.30528801867696
"SORL1",1.01576240854501,0.403400977195307,0.322463182720036,0.174472831334901,0.482246662485254,0.275493076948417
"SOS2",0.612762200939583,0.225722004962788,1.04177419424912,233.796188312706,6.31002097073006,219.029196812555
"SOWAHA",199.711511693488,0.311578891208943,1.26421744036714,195.113549222775,199.49336105756,195.772590588855
"SOWAHC",203.729010706697,2.12828689282103,1.45461554623944,0.475191579610169,1.02151288420332,1.6247674198995
"SOX13",182.94529927475,190.119918745045,1.9809494378539,14.2217315781793,0.805325501308044,0.661421614712744
"SOX21-AS1",1.88566800825144,38.5597827723043,1.19164957966441,1.10431817745844,180.874559425801,1.27011981976205
"SOX5",0.35492309310633,4.59096247374444,1.60988958545292,1.31361407173706,211.034460069844,218.527421793065
"SP100",0.430240308457967,167.61898850126,0.82417582173523,0.659656509785313,0.560361469208768,165.305630505621
"SP4",7.75342610606444,0.930023422151142,148.025112164132,1.25987569934796,157.881850429607,1.10107814436761
"SPARC",0.231381505000571,0.224484459486209,0.174307487448879,0.0749859574814392,0.175089834024137,0.536791486651824
"SPARCL1",0.257168549081139,0.36690666539933,0.179079906003087,0.0513813356002513,0.130049175191717,0.520537714142461
"SPATA13",4.97751904409517,0.475175321134899,0.650358482342947,0.674330017890296,215.540167746762,0.669362296569293
"SPEN",186.431152366944,4.34635040040474,0.62618092851555,0.331911960537771,0.327502515441772,6.24690390651213
"SPI1",230.279397295232,1.0091203828153,0.962312552490201,0.672794329816194,0.869342441517271,219.167740694646
"SPIRE1",212.772688073156,1.25514440143411,0.269122377558097,0.41951079133141,0.393321080948156,1.38267823092267
"SPNS2",224.000698018909,9.24756543463243,0.624740482485106,2.95379442257905,3.68508345934412,0.478537638318617
"SPOCK1",191.417230263097,1.29789357702107,0.688692775712399,0.20092228594815,0.251087483276261,0.682082461516504
"SPOCK2",0.714451327031928,1.26012058967398,0.27077449088375,0.274845338706704,0.591741154213914,0.160994460503419
"SPOCK3",0.536124023706089,0.188564942453229,0.964205657678916,3.25574947834524,0.934440390448475,0.294588165466589
"SPOPL",0.669833172859387,0.449582715525881,0.635371123455369,0.7452138579024,219.725436553137,219.194414840295
"SPSB3",0.769004552463196,0.667169709787052,11.3282990668978,4.48791792154719,0.449604208695428,2.57371255036726
"SPTB",226.055591956889,0.458699501696718,224.02530046995,217.029673936344,192.335305981623,0.312345653933077
"SPTBN1",0.403195163359524,0.165103165770853,0.298075890369776,0.141473058408135,0.634403454645279,0.256142782970964
"SPTLC2",207.787788605442,0.314258304898569,0.502135677463275,8.00925422450363,126.490143665481,1.37051207967154
"SPX",203.473359569036,0.788779867239189,0.638907527648409,0.22028553115957,0.89120341925956,1.68440304166271
"SRA1",1.93178355080391,3.72675922414541,2.51469296999701,1.41389683466382,1.1178876432685,0.594430219211999
"SREK1",1.17205728160487,0.376316279657475,0.497507086039822,0.696135960896715,0.923938164144232,0.493734103491678
"SRGAP2",0.656256055048394,1.32683730484487,205.503843306508,0.920158468011324,35.197303284507,0.852785470880298
"SRGN",0.224955923585349,3.48087380759396,8.78410506234991,1.66858708252393,4.24641936746488,1.00603572317656
"SRP54",0.923517976638796,0.569192588137199,0.864552271893873,17.2571741794489,1.4951903705893,0.60187200892548
"SRPK2",3.4475969492963,0.314325298915886,0.677247003535847,0.495106895503466,1.0709967766064,0.14625949914313
"SRPRA",6.11760134167488,1.32690248977205,0.913311241079038,1.31525502233461,190.085391385188,0.468682783584317
"SRSF6",2.43308629987417,0.641732036730214,0.923706581359208,0.656382139215742,0.543603479403507,8.89378750976185
"SRSF8",217.369285315792,0.84496577974963,1.53020868595134,0.908650459833036,0.573132514393639,0.465199391168695
"SSPN",202.295696138501,0.571269452638749,0.447834215631973,0.152417976663838,0.29206954563785,205.986973425507
"SSX2IP",2.65505039832724,0.361879526505145,189.860371505545,198.8200211561,1.04892135948161,199.596689455716
"ST6GAL1",0.305374643465664,152.589303231438,0.656507147941704,0.376870036537904,6.79819852086589,153.191225851762
"ST6GALNAC3",224.04282585652,0.301443320017175,1.13808346456267,222.384649646113,221.233483703519,222.12876862085
"ST8SIA1",215.434526588144,1.02051406105622,0.67969259624349,0.640642995427463,209.381430524195,0.238266624910054
"ST8SIA4",187.78289313043,0.420653986660678,0.629337406317398,190.910775159181,194.218226898116,9.65224194332451
"ST8SIA6",0.773819310422794,207.321255866247,225.935564998808,0.769405852115143,1.72100197619297,0.303115988781056
"STAM",1.46548370476517,0.367632712718793,1.16800306743809,0.848770596123858,1.76170480356117,0.74768510902752
"STARD10",2.32114816249003,154.466473670833,151.159619379648,0.588830934914912,4.85017735772745,0.683357412748164
"STARD13",0.674398008008306,0.95801532111315,1.31357290105526,1.04731074167442,0.84864379985334,210.376907840253
"STK11",0.704620409724716,0.319670824878589,2.60521841246771,162.34694149003,168.649395681499,0.299040087923228
"STK17A",0.44757096972537,179.85166664453,83.6240719589766,0.401462638834487,25.0502199342051,1.27305267403326
"STK32A",205.359707880243,0.575566791963248,0.456761169233108,0.429820237885142,4.2499790197653,217.445832499606
"STMN1",0.524120566378494,0.0871771665401212,0.24475313270687,165.349352575048,1.21984872702601,0.185998844503581
"STMN3",8.47159342625031,0.792896249758355,0.995016103641411,200.959421921935,1.50567654898182,0.133107344279885
"STOM",0.237378455958807,199.137964380841,1.65644607409931,0.151676971895929,0.432615232918588,198.578473959893
"STON2",214.928358197444,2.99625161863674,0.920876529730119,0.469711340269356,206.270085182391,0.646562706483037
"STRBP",201.456369892318,0.823554732582982,62.069538911819,0.855586708852169,208.321408552819,0.377079365970657
"STRN3",0.484047658394969,1.61608995618415,1.00060544792241,0.895865412013813,0.684597188811851,0.529649204322977
"STT3B",183.311837454112,0.495227216900133,0.481503464239608,0.437656942836601,6.57509306280426,0.52262920682504
"STX16",4.37387503802441,0.366808517498096,0.545426397445639,0.706864446725436,1.03669787993184,0.37354012016247
"STX3",1.23993189578051,0.641584973584689,211.158107272201,190.876228374847,1.55018855000368,0.864832079149714
"STXBP1",0.397263542951761,0.964387368260114,2.48554271441078,1.33200900791361,171.572081202632,0.110144920321778
"STXBP4",158.138744576603,0.812568920788211,0.667148014184548,1.64386796850851,151.55084012134,157.086942503431
"STXBP5-AS1",0.883319360772777,208.067668851539,187.048247957092,1.42188855334672,199.593074164558,0.572788150906806
"STXBP5L",1.04188201476416,1.02843324000865,0.59144329590611,2.28190013547062,194.115954873883,0.570415570316874
"SUCLG2",278.328305187209,1.67694389657284,2.12745867902405,0.229914584492307,3.35115714921908,228.95424952062
"SUCO",0.896122199859342,1.30939372006997,0.828458507571287,0.559205543014195,0.974374563033802,222.697860097197
"SULT4A1",228.027771991374,1.23475859887649,0.714766974736232,197.334152429612,201.170650619683,0.185277497897714
"SUN1",212.75268550126,208.638324812578,0.475896053511076,0.328022376960908,0.874230115674237,7.34893589500767
"SUSD6",1.39531275014263,0.504736456899217,0.571008471358606,2.24556618383762,212.768095605295,213.891034017293
"SUZ12",0.458891968605285,211.858327712397,0.69758149504459,0.340836302601654,0.642407524205995,3.3315397523998
"SV2B",0.768000056244814,196.781460373746,36.5488127885658,1.97772824508336,196.476750393199,0.215292365523569
"SVIP",0.98493353644498,0.175264031085951,0.423227266707619,0.599126642533997,1.55239912474024,0.804848052838795
"SWAP70",240.298032361006,218.374702097889,0.646394487754131,0.2676170370043,0.4438806088984,220.016720901076
"SYN2",187.44283900297,181.552664272695,31.1622417551216,164.192094601869,184.138735173371,0.23876656384022
"SYNC",0.75590741193027,0.581775143130477,0.313802432831222,150.628885060797,2.04078958075058,0.67374208945745
"SYNDIG1",1.03425541384232,0.543722971543523,0.390655788405986,149.573731949654,169.650844473016,44.80104813909
"SYNE1",2.40356889363756,0.388943238588408,0.339078077661864,0.437353598470425,3.71147362165288,0.35848553019779
"SYNE2",0.555657788743174,200.731814931324,183.025660377122,0.553409279084108,1.11049535771772,201.401475010328
"SYNGR3",2.71665395961227,159.626988880722,0.483996963506732,157.155127128853,160.491023574287,0.095569711989035
"SYNJ2",186.795504761086,0.159269783171808,0.413498753542866,2.5223671286948,4.24784181111586,4.7396351576828
"SYNM",1.48585589667323,0.387230638769299,0.530165051899426,0.242282056036077,0.896677142874042,1.76486194623255
"SYNPO2",2.21435677541145,3.05152299516222,0.53641904527658,1.05760905530777,0.785747876700125,3.55661862706071
"SYT1",0.695921923152075,0.616982596364362,0.243121485134008,0.470845888630967,0.959636915297579,0.0619937529004971
"SYT13",1.91527164695206,1.63931115275769,155.149096473142,156.032445995668,154.170803041759,0.167567545789106
"SYT4",0.810550340185952,1.21802581086563,0.557570449895671,7.53503004902983,198.822191302855,0.210079612464121
"SYT5",157.440470371052,158.005771538214,157.471271541152,156.495229141412,157.889449502555,0.236458123072299
"SYTL2",1.49951185922259,0.539905615855613,13.0467318982497,1.70768575169379,186.256392303169,0.672611097833203
"SYTL4",1.27169819160821,1.8904888356489,2.8388606074462,0.53226213238242,1.24362319395451,1.36699346143336
"TAC1",192.622813232166,1.00328706632311,182.022145737485,193.397748066284,177.467846140194,0.392884564211882
"TAF13",0.33132983140032,0.308262832616965,0.684896267255153,152.638040728449,1.29607026618035,0.332982747688464
"TAF7",6.37374299159014,0.431624401761825,0.879023648581715,0.582678657758582,170.097709086349,0.325585915632497
"TAFA5",1.32358609207075,0.810689922193255,0.734724505849215,0.638329719262107,0.456940111996463,0.314088032163923
"TAFAZZIN",216.007266430891,202.307608449572,213.877420758904,0.471900832940168,213.203662800928,1.36881813855045
"TAGLN3",11.4644291741042,1.30628096686193,2.30166165019485,190.937893262366,4.20169802240784,0.100360269598268
"TAMALIN",0.551749307275082,0.930885686375501,3.52981210007019,1.83234036938317,3.80730053550802,2.4018841253739
"TARS3",1.73223380886219,1.11764382393698,0.351596653972754,0.481461673411596,153.261577628055,1.75983946503192
"TBC1D4",0.678065836001921,150.403273675959,152.494976785215,0.905078183933687,0.536485442330136,1.35501237468344
"TBC1D9",2.15748137849342,187.915646289631,0.878468681417057,1.21129768224528,190.009922061135,0.204147406966256
"TBL1XR1",1.16400864723663,0.330615538549703,4.53826555255305,0.551076718156086,0.726257122996698,1.03171492890613
"TCEA3",155.788990800061,153.361598329068,0.90083593988615,0.389420107515632,153.936462730309,1.30137776988822
"TCEAL2",202.072306253337,98.2117120840137,0.288057899507132,0.497411778977285,0.685682669677104,0.173111356423026
"TCF4",0.452916064215861,0.671391873011027,0.440233829936197,0.167684353044261,0.491292721610551,199.158961169627
"TCF7L2",0.69473918513267,224.161074424156,1.60750045061331,0.311675116754221,0.378494170022376,225.718783472124
"TCOF1",0.59389484863113,1.18343689264555,3.35858458098901,3.42324697912076,1.01019515962803,0.308435197169516
"TDRP",0.54938703132655,1.03148808809522,218.387917433972,0.611979293368972,199.090723985819,1.36199197321624
"TECR",0.380037460522501,0.244422114956556,0.545066508349101,0.384394503222992,0.407618679856911,2.25748211110562
"TEK",0.34008487560639,2.42596155387077,206.95658336927,198.024175224991,12.1767990857021,203.261648094217
"TENM2",2.39814997017215,0.956149846538359,0.704902626258513,2.00533108717503,0.700357892853229,0.292829078361617
"TFDP2",1.05089461683529,0.946862512317505,1.06826124623982,1.41395903344643,1.00147516185819,0.517005447436752
"TFRC",0.467323623857269,0.752711532299887,170.385398113474,1.50780798721033,1.22661759570952,164.318263422008
"TGFA",0.848858930051024,0.379243070588068,6.96035958979335,149.901817544105,154.079206675027,151.175189999597
"TGFBR1",2.29825259120696,0.521334341743564,0.605284176159696,192.525905789288,999.999514327818,0.81593337429644
"TGFBR2",0.249276577385305,3.10235749733983,152.200822923351,0.931013636642042,155.364475857427,0.510411524586424
"TGFBR3",0.524369449982488,150.540932161987,0.986699272920149,4.09439416555104,0.362941433685824,0.847799492921624
"TH",223.353495010244,213.34908193074,0.485454956292142,218.239021636663,214.394355130284,0.0970614035903792
"THAP2",153.393239745728,0.436090834408933,4.54227597742845,1.88349388754739,2.22769813105894,151.27972686814
"THEM4",26.3223870624995,0.910586507090024,0.70460878919718,0.766774957483787,225.459935821981,1.06903980779868
"THOC2",0.629620418943099,0.66494545035155,1.27909945764284,0.318123045209011,0.838255566106542,0.510852865102886
"THRA",193.248279959942,0.314308968973108,0.761150633064598,0.241791607905779,1.46098367519222,6.93146255596605
"THRB",223.394872306682,0.836941665075089,1.34986421231765,0.874188250791068,14.483813363907,1.34182501154759
"THSD4",0.424781849712365,1.03885498956413,0.748460962837495,1.31092242638479,224.239592603177,223.609591128723
"THUMPD1",0.715735664988097,216.092233564531,0.615785138152756,1.79469398966099,0.563283597894238,0.397032378340621
"THUMPD3-AS1",155.779264088634,0.943833171297284,1.13524854336395,150.258943357964,155.734254107304,0.411422976432915
"THY1",3.51735087957769,183.889311462862,0.770546086710834,181.489365330371,3.20294360988645,0.0806286272939155
"TIAL1",212.54462763498,0.325726733091891,0.654566705064102,1.52173867780142,4.14021080783067,0.851287892597274
"TIAM1",1.71112729855854,0.558020084352329,815.090690943086,0.595782370956694,0.776074245814755,0.719474559313597
"TIMP2",0.469826540569849,0.151072804671092,0.360193509720531,1.89415703653079,193.218766444069,0.72960468510656
"TIMP3",0.261551855696671,3.06338493850439,0.388625996968007,0.198003785386332,0.255096780124641,0.475349178696706
"TIPARP",0.840750017612868,1.18256994185934,1.12224289953306,0.887895010579433,212.958493828057,9.33214572179231
"TLE1",225.343516704702,0.426948186413193,0.920917288088664,217.068381246406,224.017237287312,0.52062500902329
"TLR4",1.20186709431467,190.358033113648,0.47786303723217,0.25735294610078,1.64223811256546,149.820407419742
"TM4SF1",0.321361918848363,174.756072827411,0.540090407405964,0.462166863148215,3.90016676447724,18.0175954985386
"TM6SF1",139.273149390727,164.294007609057,29.301870703597,155.366470358392,21.7171841824421,0.272494549760711
"TM9SF3",0.588459696592768,0.385908406693294,0.384078888727318,0.934857350075723,1.10968333954129,0.362494362202059
"TMC6",214.944065719523,0.24433614762868,0.42926732711457,0.951977681118879,189.430213298125,212.863946769475
"TMCC2",1.54998666084077,0.556808734806691,0.507078959442893,0.531931393052622,3.16997441506776,0.438635083383236
"TMED3",148.213491650374,12.6586553125565,0.866125404577436,2.87121923524133,0.451803162008582,0.677663707624004
"TMEM106B",0.854240806291654,0.527063565500223,0.499969964437275,0.289314262395513,0.99333720101406,0.489989232671872
"TMEM106C",155.42234298322,2.12774991281462,0.498010109763301,152.698995200726,0.648563543130021,0.641999631203639
"TMEM107",211.436992063482,0.576441462418437,210.954026641571,0.937732874486452,210.735683396473,1.41822043751057
"TMEM108",2.60563680138077,190.324672235623,0.885509754053727,0.328275858801399,0.701878263210755,224.773328360743
"TMEM132B",218.219605730557,190.385493255805,3.85437258537756,0.514138106766423,12.8087608964387,0.256075658906633
"TMEM132C",1.95467389943713,0.642833457299227,18.9718025195283,197.483630850858,205.279308895347,0.562714776707655
"TMEM140",0.54644591822893,0.64454235013909,1.52180760347911,173.184530620008,1.08630174968702,151.529309236697
"TMEM14A",3.90391808605011,0.708204592203807,204.984348345124,1.10056808551273,189.24576347358,0.276316905351297
"TMEM161B-DT",1.92916036542816,0.383265048000904,150.858723649765,0.318844745022237,1.67754564450285,144.602724728615
"TMEM168",149.276308266331,1.12990075725426,0.482541073385136,0.372574981684978,12.5134793764856,0.776784517117377
"TMEM170A",0.890126760315332,0.270107215441923,1.60548412770623,150.568403560439,1.23607910963101,0.924260573776235
"TMEM170B",0.744889197153479,0.406313099949762,1.32536737973427,149.43098771155,154.833403080434,0.296410268938162
"TMEM176A",0.998441547621262,1.14951649433068,2.20475945340651,0.688380502440256,0.823536831377168,0.90969983398507
"TMEM176B",0.700039524361508,7.84404185874509,0.52716334805638,0.410608724924662,7.97056418800232,1.19219262080701
"TMEM179",155.662802075423,153.801977325615,154.872613753982,1.74184414440607,154.553248166466,0.213980929468694
"TMEM205",1.29139398137427,1.15076182719291,0.557303354347522,0.437394138889783,1.42103398678413,0.606473743706859
"TMEM25",221.016216128905,211.637328358234,0.876115769110087,4.13021859002104,1.38873847728702,0.312084396261945
"TMEM263",205.184032642888,1.60889219289632,1.21953658635629,1.50671302814033,0.757082317402318,0.802257707272527
"TMEM63A",2.18889218791705,0.266917101403451,0.723165780982846,0.554829164636707,150.875677826986,3.06324382891851
"TMEM64",2.02580598189319,0.365869776155954,215.849794102686,210.407443356059,215.639345380218,0.782220345934798
"TMEM88",0.632553447403958,195.0087935778,201.995312397688,196.10386933696,0.598975680554834,1.47690301767032
"TMOD2",1.016325742092,0.411161128198984,114.810410396802,0.244643112209901,1.2637944432386,0.390250658954915
"TMSB10",0.147808802225109,0.775738758340925,0.356967270362281,0.300247433704071,0.571817322498773,0.366015359809023
"TMSB4X",0.181465779037924,0.102029472113575,0.142433485897274,0.13345791802011,0.224884647009662,0.280185188104592
"TMTC1",210.532027046525,205.516741312164,1.60611992472921,0.381375502495396,0.700682696129433,0.707052496753755
"TMTC2",0.520120146669732,0.30453114419823,0.725539803578066,201.991973263869,3.64661891850328,206.690102347223
"TMX4",1.01111077438201,184.157967652135,0.493143991383889,1.02426157900987,0.373227959315436,0.134580899489993
"TNC",0.687225006235775,198.687338979167,0.855859816154749,0.335565243538234,0.691866493442828,1.20891524810817
"TNFAIP1",0.566097359322595,191.102154219648,0.674018774893463,0.59107282373236,0.443844881849682,202.823863324303
"TNFAIP2",1.15935043886836,0.70354282752309,151.80645102876,2.77109140037812,152.710910575154,0.631846349580589
"TNFAIP6",1.53179730778103,0.687633269078389,0.769115334588813,152.945154941407,1.33884786374839,154.566899320268
"TNFRSF1A",0.681290486699377,182.109694931206,5.16380892271824,0.265680384338445,0.804961189462269,181.840924482848
"TNFRSF1B",0.538221953814363,184.292333009514,3.54699268592422,2.78492478555808,0.655381075663678,3.64994698815187
"TNFRSF21",11.7683961098389,0.201843077186784,1.09232251890545,239.699581626389,214.022653632984,0.243944428526896
"TNFSF10",0.302628597561189,0.511158946158922,197.468903771118,0.805731811733518,207.177401737333,205.192708023295
"TNFSF13",2.25320515064041,1.65863696821091,216.884251273625,0.362099064975994,0.530518782952456,1.7699083407876
"TNIP1",153.423727111117,0.731881301632938,155.199334259597,0.477425745424728,150.372876256673,1.02697013303608
"TNKS",0.898729334560284,0.348745030302368,0.766829675172393,0.921117203003344,208.354633608376,0.733560994300923
"TNNT1",7.87989636936039,157.328614392186,155.532871366515,154.493493487277,0.692690627746574,0.513411316185373
"TNPO1",1.41847371633308,0.54706526638921,0.925784730343394,0.330982371357646,0.647058143542129,0.537109730703183
"TNRC6A",181.930736580835,1.02190810491812,0.406781554864145,0.530871226256863,0.787026985146619,0.225964394292595
"TNRC6C",0.795849105123381,0.299822358918608,0.991257512540798,0.429737811255564,1.0482090151162,0.760272733969359
"TNS1",0.401670800769876,0.266368257614344,43.7176628367551,203.260376347164,0.613898309321465,2.42628682211823
"TOGARAM2",3.35884562712749,125.897375620856,0.930798934168369,0.605402087841444,0.673112141109467,276.256646640334
"TOX",217.494194995932,214.142382813621,1.52301243773867,0.476269751703986,0.454175781092968,243.869515029746
"TP53INP1",0.478566381494122,0.436955904281111,196.292913733435,216.549363299075,206.938803811694,328.195834333286
"TP53INP2",0.34018491626115,0.21082834927588,0.772513333449938,0.429505805355108,0.494040529265179,1.91616417779169
"TPCN1",3.63327830213449,0.707889751999175,0.831922013143884,0.373527016878382,1.19823666186749,0.85881040953891
"TPD52",189.662732234846,0.321436953329821,0.707712096476777,189.346936553494,2.04383822115297,0.248723312141745
"TPD52L1",0.921511450642448,2.00977867052958,0.44285508247716,0.344140620767938,0.685476476582034,6.26352040085062
"TPM1",0.473490445954732,2.77322333189326,1.64513280825467,0.334324586254763,1.11755977967475,3.04905875311862
"TPM4",0.319845001075212,0.405976439976323,0.483999752621723,0.698160081084104,1.28772172583682,211.604187382988
"TPPP3",0.729197895489632,0.301888706897863,0.521053871767758,200.285181587299,4.63414969272796,0.974007338287943
"TPST1",207.388249559421,0.494334414600656,0.379389723642655,0.942862520274557,150.742959005976,0.57903351783309
"TPST2",1.38190097389085,150.098516554784,153.571679130809,0.697644250580988,1.20294453482277,0.776475302046002
"TRAF3",155.436308824035,0.721421480837818,149.535305656102,1.27741445058433,155.214680179209,0.460919402899894
"TRDN",0.797067336637641,210.586889270534,0.935249350723185,0.313836313326103,0.388025975844946,1.01213048959024
"TRIB1",0.474580651459826,151.782977665355,154.432277544917,0.795216376968324,2.26363207712172,151.396267478365
"TRIB2",1.02047253709598,0.670216531471978,0.949206592642112,153.826485872007,1.44070357537456,0.511014880625947
"TRIM22",0.970912987663536,198.469691963016,0.831030186507815,1.27434973567093,202.967633669931,1.27583034347823
"TRIM36",0.470991056257132,171.265695003092,179.169655628844,171.291505106914,135.091157834486,0.19425707482918
"TRIOBP",1.15518916566299,0.6186073966467,0.539968391421178,2.26397028659514,0.740260117893451,1.3267930263708
"TRIP11",1.40158432389297,0.701290529156952,0.35958793468202,0.270879300872477,0.633163717302437,204.224731030093
"TRIQK",2.64535872989349,0.460002755685239,0.537013747354414,12.1653536537127,2.45379174540321,1.26526126299205
"TRMT1",10.3414685503429,1.98167582603275,153.564636876258,1.59462197498649,151.603007428792,0.671431584717041
"TRMT11",204.232621543132,0.490686450686438,1.13680035287881,304.483029142711,1.07329993270805,0.706096077417839
"TRPC1",5.21976409957379,197.443611756756,7.99744979876488,190.406072985599,0.518484787038667,0.590538767763232
"TRPM2",1.25687319066999,294.747324126805,0.542959830164783,1.45417049988873,149.316482360813,0.434253815790777
"TRPM3",0.942953877418169,0.733008633551088,0.888388816725584,0.172924121907562,0.293252556825205,0.683462957587003
"TRPS1",181.593744996119,15.1204291553964,0.65720443882952,0.198854040347052,0.330736805595912,4.14521788968423
"TSC22D1",0.233142912986553,0.540834776885341,0.43965912419566,0.297947456880889,0.325536163190502,0.512250889235859
"TSHZ2",0.536577523722657,0.438430746828875,1.74028366607757,1.25465242114812,220.767321608557,10.6958637609972
"TSPAN13",2.2912096550397,151.017245669996,1.53026871928749,2.3201736601449,2.52153743549762,0.213670481559346
"TSPAN7",1.13194684788367,0.571510811809417,0.843748668757531,0.250015841430943,0.360164424226584,0.225112665095859
"TSPOAP1",0.967453631498812,211.253775183084,1.68239264179579,1.05826689307579,211.551913958966,0.477633645599634
"TSPYL2",2.31080338362859,200.527139822819,202.360768891961,2.48969516936165,2.09194060462163,0.219695378022034
"TSPYL4",0.798437590915765,3.1657909250303,1.74052119178336,0.631951068789573,183.120297531679,0.15651724613661
"TTC38",1.67711664355131,3.03101067216699,206.895923759272,0.727589437294126,0.785372572962578,1.35252712825256
"TTF1",150.891316945071,0.700612039047109,1.13251126754341,1.1453411822167,153.97806471973,2.05275773518615
"TTN",3.33313505961245,0.903149745749894,0.668392378086763,0.559570287838221,0.619185297281833,219.925446741171
"TUBA4A",137.55937361132,164.346967907667,0.589986364859728,0.709458632879254,157.598664309809,0.148529083670096
"TUBGCP2",0.418234499112707,2.91457159628594,1.14307411748094,147.330885036552,0.740710808828129,0.229330535900002
"TUT4",0.628562973846848,0.895434432255454,1.74081696947637,0.458838487224414,0.776488582427089,3.02303426441367
"TUT7",0.831306593019178,1.68521784002598,0.984470931817612,1.36845423062638,11.805552943471,5.83610054929699
"TXNIP",0.350227390273871,0.296737166576535,0.757008082230514,0.419943671691415,0.409790708284396,212.682747405561
"TYMP",160.582254308517,153.988792537002,0.558467060272247,0.409077718088324,155.984838237486,153.751087350479
"TYMS",0.637600864378802,1.90707821789618,1.80329505662839,0.823096248086456,1.5445167771538,221.64546100068
"UBA6",0.741688515952585,0.43268588699719,216.406247961371,0.670885687512619,218.106130414209,0.512813006082957
"UBALD2",3.7688189383405,2.10970989502709,0.544282986500115,0.663277319855628,149.89338115113,0.388560862545228
"UBASH3B",153.390401991155,152.855191006265,153.732864672522,1.04863168850103,157.323861627844,0.310632416598593
"UBE2F",13.0496527849225,0.461972442559606,12.9269154477697,1.03475571474974,4.20312410915041,0.698496405890311
"UBE2M",0.803268096797494,3.45894060362696,0.837289329816806,0.384864562999553,0.662271035482035,0.283010080364229
"UBE2Q2",213.177722146916,0.47684920826718,108.173913201172,0.842637468793149,0.600599054368451,0.517184138701906
"UBQLN2",2.15996371497923,0.630771880832712,0.479581036730675,0.511639064639607,1.74882686943021,0.284829786306191
"UBR1",9.95195405965737,1.25747613695977,0.479989816369038,1.38207218177526,151.562100223398,0.369635050508207
"UBR4",3.02942404752615,0.885124922289819,0.491069031110414,1.09583832907323,151.063505581463,0.746952119463552
"UBXN2A",0.75464813132275,0.485002525618085,0.662792519599165,0.735625788521892,216.581827148528,1.28897222464872
"UBXN2B",0.548548092652658,153.853339262371,0.729262338415597,0.413393781507365,163.694867442739,152.293665066199
"UGCG",1.67858355409754,212.994754368688,2.91786585587798,2.69070549585176,10.3838514845784,0.447165052057689
"UHMK1",14.8057399593689,0.416258664986851,3.12323629003393,0.549210037256678,4.76335756091127,0.230686349238263
"ULK1",0.923029418735291,152.323657614505,2.04552868365368,9.52399016391003,0.990082894702388,0.281365241098288
"UNC13C",0.835095470373391,3.4541307830239,1.77868170143025,0.347395225201754,0.661661688509424,0.347452810375543
"UNC5D",194.306845474851,0.989369782496703,190.67926895006,193.800309980283,3.43772141181343,0.817405314671943
"UNC93B1",0.880367085385426,220.326716429659,1.59464359017141,0.435902188991888,4.26244878039186,3.57084906539294
"UPK3BL1",1.60281565473758,0.503939633327683,0.822508430336116,0.936073056833147,0.639267730032077,0.718487455738095
"USP11",192.817268863464,0.293973510224065,2.53984092324043,2.18719581200687,0.429177164200566,0.171947842644283
"USP12",0.508915893452678,3.70550620665346,1.16691036009196,0.802993390711878,199.719157571233,0.428581149985655
"USP14",5.7321047515077,0.68384608043293,0.338145734242505,0.462477510401461,217.405155969024,0.369523566230029
"USP36",153.439661540042,0.449515999741397,1.98915114918478,2.06768752235156,153.420731110098,1.08040271346038
"USP4",3.32098576865515,13.467243856799,2.36328699940325,0.389673294360673,0.691183298542053,223.270904965334
"USP53",0.71603941034395,7.80379433668394,0.651732186675039,0.345876605820621,1.53565027894709,0.718830510136605
"USP8",1.86109071020142,0.422896739236733,0.286766820373085,0.355161856106262,0.506340598662091,0.295998894806572
"UTP23",0.801726107415328,1.23823425815674,0.877967431285889,1.83812890183654,0.739742304981244,0.564640195568281
"UXS1",0.704457057642354,3.68464428172278,152.957430425652,1.03998793378795,154.345961462744,0.581820457257523
"VASH1",154.304420327667,2.7505380838093,0.590058576507769,0.447089460386812,153.156201382632,3.71168344003441
"VAV3",30.2996400369158,151.694552634002,157.508995766929,0.864985278970604,153.192297871503,0.377758142761453
"VCAM1",0.741539366017296,212.917992032401,2.46267477682626,0.433815540074719,0.579567415967497,217.358800882806
"VCPIP1",207.891195764888,0.823497034159297,0.543582031780689,0.553205812718075,0.859470088455665,0.506815244191568
"VEGFA",2.26459639456065,216.807944760552,97.1004521662927,0.353780995803882,0.633932109747916,0.506323293727882
"VGF",214.859897680734,208.958972262088,1.59025443887576,209.663061180161,4.2156167832708,0.249717082351242
"VIM",0.162070477630696,8.03663138853145,0.417226584797041,0.272684103681086,0.449524915571807,190.563527961626
"VLDLR",214.354736567386,0.370856546446995,0.751733690065611,210.930613042491,0.939212738056854,0.576788058343688
"VMA21",1.33419393046854,203.979336043293,0.833929426302274,0.283864948300059,0.666238331362624,0.332168331429732
"VPS13A",236.497056514438,89.3180644028825,214.419155055458,0.367366147740785,10.1177739516867,0.666385940550003
"VPS37B",0.484525817854239,0.662994987490708,1.20602182809912,107.829736239258,0.787144723390759,207.203248351008
"VPS51",197.971612081938,0.78164568371945,1.02848045008066,0.477877458135941,1.38084937004937,0.56629633528829
"VPS54",193.254784714556,0.638202256727815,1.1133868918615,1.9579054982963,195.745007066238,196.966984955247
"VPS8",0.701039239031411,0.655630256373459,147.301387253241,1.64688451338982,1.07628077410994,0.509083802208571
"VSNL1",204.054529222535,201.882206507924,0.523680241385989,7.86359807494994,204.580459751355,0.133515939197096
"VSTM2B",1.6504706288439,20.4648788973123,0.724018415512829,0.589953336729285,0.544047155617559,207.982400855283
"VWC2",1.83535472797415,218.09732579855,1.78547136839575,217.155067166789,220.163256998101,0.289305668529623
"WAPL",2.47427959608238,0.640172176777495,214.84084005625,0.506119163864783,0.704160115206683,1.8164940369155
"WASF3",2.17063619737934,0.454063702519779,0.419198695172856,0.442814771155864,0.929040277056961,0.278697388524748
"WDFY3",12.3727976040229,0.366106721719363,4.40064947158205,0.378357075386488,204.155037416341,2.16753735832482
"WDR74",1.33524306001123,0.573966735776532,0.965297952018426,0.377083668877817,0.408807372979922,1.23528132902943
"WHRN",214.593623160873,0.733868220761743,3.25076449915551,3.78609984023489,1.14827814586965,0.764518726193659
"WLS",1.88138793502407,193.613408931436,0.430194366697579,0.121923782839548,0.351371823577139,185.555019768606
"WSB2",10.928473477174,0.618126117213881,0.550885999946706,0.264500927941284,2.75139835086613,0.280226068444792
"WWC1",195.445879036168,0.845655421854594,2.02330604711652,0.99220119277374,0.762066482128517,0.329167621989845
"WWC3",0.818703406511891,0.410895772421533,0.522947604141387,218.960579125473,2.39583568894338,1.13231046392798
"WWOX",1.99426493908191,0.578827011067696,1.82298479403456,0.567826631690481,0.556610410410176,229.329263642461
"XAF1",1.24576425570142,207.961081857839,3.2272349424251,0.317560187235147,1.13491313852911,208.783601236201
"XBP1",1.0871113455903,0.780243445378993,0.479894646233129,149.958006151302,1.06946431093611,6.49418508536393
"XIST",0.538018185361363,0.296341425349658,0.779295446747229,0.347724030174296,0.400236716167341,1.03224949671315
"XKR4",215.076983444729,73.2082895963064,0.797819174319745,0.729306752616556,2.26646325775013,0.781130632451322
"YAP1",0.529192745330058,1.12523221776701,1.00037566816916,0.412318344219944,2.06960617983805,1.78863973199916
"YBX3",1.27589508261733,0.423548909653975,0.343920648563032,203.293243561081,0.412881502971214,203.986921844179
"YES1",224.055879505312,190.135512865155,0.472950436189679,0.309799860306422,0.473237844860696,0.876833564545845
"YLPM1",218.468136305951,0.629627446857807,1.37992305125672,0.466673448475223,0.591189540579539,2.03863339338508
"YWHAH",0.461791486546287,0.50769617346477,0.511280821412763,0.953204200317071,1.01432498855167,0.190261232960005
"ZBED11",1.37276782682515,0.381745001310711,0.72319830334423,0.698487392402407,0.899706438240972,0.752956794544564
"ZBTB10",1.51363490497706,0.578444742548531,1.02568071611485,1.13648803825523,1.37718745478225,213.926102634642
"ZBTB16",206.930124165835,1.05314863180451,0.402054618432135,0.503252368717425,204.961884758172,0.597865831993432
"ZBTB18",1.14765610781923,0.887890153570933,0.530025530610636,2.12241710281669,0.585621973945655,1.86828920957625
"ZBTB20",199.743617295056,0.282795912547417,0.365852525178293,0.218372767519201,0.296413694055351,198.810571281208
"ZBTB21",107.001406175187,0.556392263115176,212.447310874134,196.833576029528,0.936845075589081,0.486192708090666
"ZBTB25",0.713697476030562,3.86369157636266,150.395999802833,1.51719328205899,150.922905904996,0.622546639011667
"ZBTB34",1.83854704522056,0.684574110745964,3.79881967992297,3.99597764138067,0.765748525198509,150.811676990662
"ZBTB37",2.65376167820387,4.96261354129277,2.94222611305254,0.697810455788898,2.63557073239576,2.19652298818429
"ZBTB38",0.750926222141949,0.916310473744874,2.38799837045992,0.403018788858569,0.56254608329751,0.317488085280824
"ZC3H12C",164.221134642998,51.4938052074382,0.507268892938583,0.401613203146817,1.68240103311616,1.65321732128909
"ZC3H6",4.04060241517332,0.373834198401978,0.557048838900816,0.219632471798694,0.600932224762919,193.9780326953
"ZCCHC2",7.10925788021147,214.081575382837,0.511861871698938,0.62500973377144,0.505990706808613,1.6054591157771
"ZCCHC7",153.157579249121,0.768971310979486,3.59373154763375,0.453379368789479,0.865010208632823,149.535803935673
"ZDBF2",8.51479235017836,0.72125546823666,2.37899616055576,207.917450078411,1.03414730222515,0.392731705614369
"ZDHHC2",0.451673080714771,0.342376597470959,0.749381571708773,152.766838727926,153.013616926185,1.612087473208
"ZEB1",0.515909507411187,0.609953975435961,0.550254170253776,0.551234756057713,1.56666823457785,0.611143075126266
"ZFC3H1",2.71247109240794,0.928077674584042,0.585048620481514,0.428312570777312,0.762801679411117,20.5191024040954
"ZFHX3",207.19689386018,1.70141628962186,1.58468640539136,0.315385214550108,0.297061469075367,0.603143726328495
"ZFP36",0.695645501322545,202.196595381238,0.698866498707454,0.717639136162491,2.45263466728371,203.50369560257
"ZFP90",0.867699147415818,222.007002590109,1.98414633713401,0.680775386004983,1.91934972458469,1.29182672744193
"ZFPM2",0.615494003306106,153.401531791401,0.790908368299309,0.531757400823829,156.154202264752,151.357226516103
"ZFR",0.454035201418194,0.320881128416836,0.313505919064944,0.610356260706604,188.014121910373,0.33262789326241
"ZFYVE16",0.459621298931127,0.199697075375115,220.912263674788,142.571122685068,0.865077335815858,2.15754916374234
"ZFYVE9",0.626804562197042,0.807734984175733,0.755659612794539,150.911776131361,157.057606862671,0.642429463996604
"ZHX2",0.633818248576935,152.036171765608,155.264057709532,0.622582545607024,0.704937068145657,149.957833919212
"ZIC1",208.838725563423,65.0828006533696,208.340869426802,0.28509992303221,1.38342610774672,209.097448521994
"ZMAT3",0.496782272671839,4.39642958455204,0.38210575947151,0.303266321795853,1.01948258617162,0.406679132394394
"ZNF107",0.933320033017905,0.851382868029696,1.72460884128203,173.112117754184,200.975248263854,1.23508858549398
"ZNF160",0.901361436665633,0.550511548435099,219.027096275411,1.29536499236691,0.952408911510611,221.422665133615
"ZNF208",216.127970927309,0.922670109669773,213.929870901511,1.67833482394039,213.919081348211,0.354771412402721
"ZNF281",0.577767371414973,0.254180489429654,207.702916482391,216.940250232602,218.296783485321,0.977948327622117
"ZNF292",0.547940227176094,0.46501295851212,4.40647918325901,0.46089504222964,0.952920274402521,0.396284019282417
"ZNF316",116.69494328964,1.02827990218513,0.434530185217657,0.875173313319694,0.862325852091854,213.234447349532
"ZNF331",13.0441598090249,0.710176370581798,0.448026718875505,10.4835270174262,0.502823235427997,0.770565842815772
"ZNF358",3.97172596948863,0.630506200805366,0.680200905829031,0.586566201386901,0.562777880705121,5.93710434286578
"ZNF365",210.563513925498,1.95099855913043,209.523407535816,0.560663155497027,208.136092901952,0.713910414224144
"ZNF383",3.75427587482766,1.40103401219243,0.805699922970783,191.236469499127,0.60954273170313,194.228472228426
"ZNF385D",196.305655725093,189.978650370969,0.653924980775155,0.553459170324011,191.879288849123,0.136589655581345
"ZNF429",0.979076398059291,1.4472439102157,0.868967656938338,1.86740324391504,1.33721169564366,0.867307711064446
"ZNF451",1.53511269716955,2.71665583970686,2.50557096423403,0.362427006826628,4.67262670683437,1.08166595686992
"ZNF483",199.621357037712,1.13357203882253,0.358385292140817,0.38641363191454,1.19194720366346,0.284870275554334
"ZNF493",220.667302506202,218.575337086693,215.348662556985,0.881859197273239,1.01249667964233,0.417644542488903
"ZNF506",149.328352319013,0.844424972385204,0.893195137145668,1.25635947623994,2.01531097145637,1.26240347559427
"ZNF507",153.157958277915,150.93254622312,152.946407577277,0.378252235656026,1.69561117020528,1.30889759579424
"ZNF516",15.812574592962,196.903440154928,0.963084667072426,0.606871633284684,3.94481034037944,1.12423295416745
"ZNF529",0.918448674554274,12.6598065033972,218.806534437202,1.07962549682137,207.958246419841,0.615110610019585
"ZNF540",1.15910758743683,3.10987465952332,153.300612061645,6.05360567040531,0.686370848675961,150.612658027257
"ZNF638",134.355636531806,0.329096764751688,0.293637124035902,0.817446606180087,3.81588499155548,0.599517131609732
"ZNF708",0.695925195477316,0.316354221827554,205.70559429681,232.3097825725,197.922636353804,1.19538753057154
"ZNF721",0.670479508676876,0.752908563632759,1.43343511689744,0.753808534911817,150.768144347455,0.58514603890216
"ZNF727",211.216190297262,0.840436775212635,1.14972267169735,212.761280986497,210.57449005734,0.527819327541899
"ZNF737",154.302585436284,154.817411499127,0.697936089166676,0.467738167487833,0.528137706361879,151.696448190184
"ZNF766",0.729920606119993,0.960532734240159,0.960366845342721,10.9257227749158,1.67800564648049,191.667248982583
"ZNF770",219.222127802834,1.208602342409,228.664375884154,0.305187505322199,0.820949469820491,0.714517251936984
"ZNF91",0.704564556689,0.421750457183326,0.455967375774305,0.37735867091159,2.05741165512851,210.747687706727
"ZNRF2",154.535896045369,2.02308889751559,0.788333718465031,0.378942094570959,180.724303285126,152.583388279971
"ZRANB2",0.63591968799301,0.420795643925784,0.925747347062632,0.510640734253037,0.737072710454772,0.424348152589698
"ZSCAN16-AS1",152.979913429341,0.662936646577943,0.659855785599439,0.354370593390274,0.928942306950642,2.81079636402699
"ZSCAN18",204.885181925275,78.7072355228104,0.508238618880268,0.22838513063276,0.893189548653514,0.516448713781598
