"","Endothelial","OPC","Oligo","astro_fibrous","astro_protoplasmic","microglia_homeostatic","microglia_mhc2","neuron_dopaminergic"
"A2M",0.118922652661772,73.8405663073219,1.03166426384636,0.302905427914106,163.792437486216,0.152772995258548,0.0727617832596582,154.83305994725
"AAK1",0.801141975430075,0.901283040931342,0.521368953653124,0.593677991708736,3.27440931776041,0.776260657733093,0.465269109501525,0.109862754334762
"ABCA1",0.728560169243988,188.712130640319,161.245238364072,0.136695758068195,0.245499285684256,4.66944348168475,0.591871793362933,4.14145032484598
"ABCA5",197.66441382389,0.668176735444283,202.627150292483,0.493053647640411,4.12916669067598,212.080659312819,208.443808131668,0.187958220552756
"ABCA8",0.636028989543159,198.912441756864,0.150730001429228,0.478014231859926,192.474903337734,0.8175778217539,1.85506738535385,190.512403286745
"ABCB1",0.224153339284154,214.933739569967,210.170252844115,0.566945087065492,0.589925287425359,212.808063648892,5.97471222733838,2.38673675851407
"ABCC4",1.04018379825256,0.80288313621836,215.785444600169,0.799460100748732,221.092779724396,1.42648261951475,0.492596211417122,217.503749999224
"ABCD2",208.536584388064,200.414698337762,205.272413472214,0.331291441247302,1.04466872401555,208.443017591914,206.64189957745,0.5155167407191
"ABCG1",0.724849363645258,54.744623004965,0.269090575266357,205.224120699616,86.1092869703628,1.35364704952634,0.327469468929155,0.410710953796261
"ABHD5",0.87973496470685,219.764314186536,212.173911132372,0.30535997011589,0.848366235225172,1.22967150346478,1.4140152522011,0.737745952494335
"ABLIM1",0.378695579024842,0.811713764126273,198.184759386393,0.247076416892007,0.417419066503413,1.82956137166401,0.844740744752996,0.213907300803454
"ABLIM3",0.413723495784786,220.533830538524,150.55663411165,0.670237273469267,1.36289923239051,0.640135631343614,218.10491126548,0.42870242504682
"ABTB1",0.818650176838751,0.794980591929231,0.417352620001772,210.525278100523,1.05236468183648,223.469060001484,1.68390215239183,0.457267072309126
"ABTB2",213.060982124858,1.68425180319147,0.196274825979183,1.78718992269553,1.59742262721533,1.14423610229193,0.632552209272323,5.31837918263395
"ABTB3",194.515353428718,198.599281069619,192.260854702316,192.758614552009,2.21638357671382,1.47312119567513,193.953463241345,0.126670670743729
"ACBD6",204.860861061586,199.638390839386,0.551336841024385,1.90430072539395,4.44133662867357,0.730634321746621,0.779807462553933,0.438721734476896
"ACOX1",2.13200281106403,1.13232496586648,8.150337907775,0.288930423333204,0.776366594558456,0.63219871292484,0.915338549015197,0.234116767205657
"ACP1",0.519676731349769,1.65050740614462,0.678123894542752,0.317700845289093,129.596856353973,0.526397371239179,1.71574203486524,0.20549983379259
"ACSBG1",187.146514492852,1.85835260859232,181.972423480111,0.077308669436649,0.261315074651725,0.533791788638904,183.554515257787,180.194139302404
"ACSL1",213.828006736948,0.799773732508939,0.222311541042996,1.04731461143705,222.996536254673,0.587330146173637,0.213113629035966,0.667663863866389
"ACSL6",189.550136373526,0.858515422175162,179.455388089643,0.47266871942689,0.973612781050851,0.550215202270988,2.60432700147786,0.10146184921985
"ACTN1",0.470166365309229,6.81081918714059,3.97308314686042,1.16442299998424,2.15213065028187,0.814967152386664,0.629252874360942,0.531128174059768
"ACTR3B",1.27889428365334,219.79689314494,6.39916673936525,200.210897693178,200.847942604793,0.744496602919444,0.862788747597873,0.168888900131296
"ACVR1C",208.956235364687,1.21145641419444,0.940980606110423,1.05482614524765,208.198890021394,0.568100005697938,1.0745573921614,208.800087702423
"ACVR2A",2.58596569237112,154.709773943951,0.388305566309514,2.91974425768075,163.15735303458,0.820467568965194,149.152569662017,0.347831021234107
"ADA2",0.940514292042965,0.877209016540443,3.65214474635792,0.490006611007869,6.27878027975644,0.84348884240994,0.573496131822963,216.700963372814
"ADAM10",0.815836917045887,0.330542251563603,0.178411400302893,0.290993409202401,0.592533656551928,0.848591218509665,0.419091056816205,3.01038866995281
"ADAM17",224.706204814098,1.18921255027433,0.915466114015963,0.358989025504639,0.463590307694248,1.46466818551648,1.33441087842877,0.5252518300414
"ADAM28",58.4529799450607,1.33121546805344,214.544639980486,1.3431849361991,2.92009324936461,0.525199161358987,0.286239429929787,214.73781059265
"ADAM9",5.71254739377247,15.0954734798483,0.419957311425731,5.46317682614614,1.19745340936431,0.454833106589154,0.335684113449915,0.290957523950959
"ADAMTS1",0.234540083206698,0.664124787161759,0.427039072843972,0.912193096301021,0.386016106882304,3.32471261519345,1.33415927346878,197.120075620204
"ADCY2",23.1271670112338,197.201950625457,171.260189855295,0.230199910701719,0.515787758058407,0.43521199343579,0.972586070995458,0.136083718938332
"ADCY7",0.699418927137141,8.05356793260383,195.601921951182,0.567507420068661,26.4391360995369,1.00543261522629,0.480800760455264,0.90068296722855
"ADD3",7.13967109825083,0.766187233200387,0.163209503730555,0.12589030466812,0.194785354678345,1.43763575071549,0.610410711121654,0.716257459219106
"ADGRB2",1.04358853645529,999.996487614618,165.553267605994,3.62135990706381,1.44557184015542,0.47492393310859,0.583995436766506,0.279415961942616
"ADGRB3",203.665440946004,184.176219858216,179.960588586315,0.441673211214242,0.401897796304836,0.524920715376119,1.16330738294579,0.213065428671976
"ADGRG1",0.764800648960537,0.709504820313983,1.01221034670191,0.150886677042699,0.65520767991392,0.28100583382294,0.287483940885982,4.90221624573853
"ADGRL2",0.758137517032691,1.36405416195035,200.221033522886,193.651540527536,213.005690410691,0.773630812768243,210.314441929127,0.191497196306347
"ADH1B",0.506176480330308,204.938610049244,1.20877769073662,205.577293167178,0.869093945090624,200.453465330186,0.954650993549312,205.28405403022
"ADM",0.885815107286751,207.277041908448,1.8147152965389,0.380358670905431,1.01325873533225,1.35548552130474,3.28627124544371,0.211694678706615
"ADORA3",1.19695135921507,0.569009905502182,8.32650350415509,217.46185149247,223.363593878917,0.466795121381611,0.170625500025085,222.106555554078
"AEBP1",1.08165119195243,0.71036751242176,1.7839649889596,0.183705055919946,0.248607184822033,1.10919511656195,2.30060854988301,1.96635454017341
"AFAP1L2",238.924815678471,0.427773728331529,147.93952734296,0.545971060461235,0.339492709533203,1.9198086317384,0.590329880931919,3.13147304195764
"AFF2",0.930867675096867,213.953804402416,201.808785566593,1.32073160711495,1.14239857684974,201.712692087582,265.894694820728,0.292464430229527
"AFF3",1.19717212821149,0.841482905937479,181.047943487686,7.28141834549452,175.136549736707,0.419891680340942,148.780314410776,0.220557507182901
"AGAP1",193.906875515606,0.792704444321272,0.212570158181872,0.339077927298491,0.405260132134877,191.399617596953,0.488242185724837,0.223163788303983
"AGAP3",169.710620507785,1.9354489968944,0.398037585926673,0.684178192583554,0.598839598278483,0.514638892833105,2.69208012883687,0.129178860360151
"AGFG1",0.34758118719895,0.988118045102708,0.30715261469637,1.85371021899288,1.16366436522691,21.0195507798356,1.27155001829556,0.278038657983822
"AGFG2",4.63723254126906,0.602692216955246,1.40385787946128,0.563361927491411,0.793851919808735,4.89443509363077,146.486535975067,0.520571074517448
"AGO3",0.424156912268685,0.689140088376786,0.225935374675913,162.165535909943,0.597621329215202,1.54757107780658,1.1088616670305,0.323568774002684
"AGO4",0.571960076950924,0.8793254957602,0.758187752462617,0.572319257644178,2.52392174927145,154.823570332231,151.556976064078,148.111455481523
"AGPAT4",1.65321904275343,2.12875448002554,0.295226246463488,2.3791522861501,2.05321136340958,146.701081993549,2.47655924184317,0.224716040276806
"AHR",210.371192856677,211.228144716017,0.354795873265797,31.4386668969899,3.7333697766939,0.808028257572368,0.804274381255954,0.507414647381686
"AIDA",0.910648032920353,0.334491813580776,0.33859861502172,0.893972658415399,2.24748573011346,0.453733178108859,0.291012277369372,0.203564301290417
"AK5",1.35910127009931,1.1573693730731,0.192226700146597,214.311243395575,11.0939346183122,1.05501283045763,1.03712868560139,0.191014826566189
"AKAP12",1.22345420222727,0.456678488276604,176.831702801537,0.468372587634541,0.563262047362946,0.529761294836568,0.975354053899695,0.0946084627716813
"AKAP19",225.302182179296,1.03099596345463,155.233266659126,0.283087908271691,1.1886719798186,216.047355975947,0.650909815783505,238.610166555015
"AKR1B1",0.725734397775722,200.138693301775,0.431516935038934,0.566367758386227,170.920269083874,0.274580724168364,0.195193199078761,0.0872868391377399
"AKR1C2",0.425191753225849,36.0346602523285,194.548510440918,3.79913657526332,0.763539053729435,204.74391158721,999.95744325553,0.406672521062537
"AKR1C3",0.860397620904028,0.833904365946173,0.808717402646978,0.450875103737281,0.372996427281377,0.832608285542259,0.591036811682848,3.34278181486449
"AKT3",209.025756894705,204.28136894717,0.689113341988671,0.292800222161379,0.265217640433901,0.56489579986174,0.570097919056723,0.213754847250476
"AKTIP",0.798337808572784,1.00259201577839,1.66348034518484,0.4601829203085,195.071384659438,0.548991628623841,0.577959230199132,0.148296602524899
"AL365361.1",198.624739987018,2.33102345783466,200.396244926936,1.28526198062864,2.48893689496079,0.619467968402035,1.84937644487129,0.167055410490604
"AL627171.2",0.415421803340688,0.198078362555115,0.0620035946235508,0.055160194295132,0.102611122786863,0.14565668262251,0.189003625259262,1.03494002307188
"ALCAM",0.736605627088706,0.429672118258766,0.123744086871018,0.359765616373306,0.430413628941611,0.878948878083644,190.169297275389,0.290386651800201
"ALDH2",0.742553739929832,10.8135173256963,0.80465266081892,0.108995279036596,0.260330341988333,0.426633485256232,0.299101551483635,0.125108490230041
"ALG13",201.661998087672,201.85547022385,0.567733421205252,0.461033026893419,1.05077197498061,1.05025857104944,1.41464777252973,0.937909234597851
"ALOX5AP",1.62659291873267,183.781233821746,0.453489496037693,178.124787359454,6.66056624500547,0.201160872418015,0.085983502693214,0.698754593747043
"AMFR",1.05620488447308,6.42196703886288,0.357233925700981,0.236452095190546,1.06810020876113,1.86823952435142,0.893283490443798,0.198420021468838
"ANGPTL4",1.39543800377274,211.310270166648,197.681929740118,0.167125873017167,0.390875200487572,0.959415992154751,209.086237424909,216.387505731192
"ANK3",0.46596289997332,2.13192076382348,0.177893755258411,0.507154683333952,0.606182636038958,0.409945012156479,1.09744565003299,0.143925665723285
"ANKH",0.989566999229701,1.20062255645679,0.161561092397952,0.407495344723803,1.27670139407518,0.839697712248616,1.71859922436206,0.12944869014894
"ANKRD13A",2.84285898820892,1.46189698315864,1.19167539990847,1.4010281852627,1.58527234918236,0.683574188539494,0.665775897020874,0.607602144891121
"ANKRD28",184.468259724997,0.907790600151151,0.563690707448036,0.463671072230736,0.90653791402532,1.01829735449302,182.399846428146,0.841835218736409
"ANKRD36",13.0634293699023,2.66587713266822,1.42757730173948,0.721685521560005,7.25385373142189,0.785218634848525,0.860269275909663,0.633609916231837
"ANKRD36C",2.85312318477143,7.28226135033219,0.75117423461087,0.559084311805963,0.676372319936536,0.572722975105554,0.66301565013812,0.711660107892149
"ANKRD50",0.866260703049521,1.53066319844216,1.09501098622016,159.987254737331,2.80105431164264,2.59826481796494,7.39908749032773,0.159892664631042
"ANKRD9",161.211109442118,1.58340185721435,149.820541778879,0.250209955789956,0.42700828815909,0.484913546937035,3.04322379026722,0.551740313136137
"ANO10",212.722583920815,215.681663370292,0.873246820897297,1.51348720803721,211.127942057463,0.591752754788999,2.59035190727728,0.17729287627712
"ANO5",1.36196391549297,1.44971070328406,178.147949339423,0.90442125540635,0.631009261905539,180.420056486097,10.0197002879168,0.205648253043517
"ANXA1",0.470589794148542,2.04226228463295,220.798796628871,0.87726455635183,0.519996345798248,225.817522220339,0.4070677551468,4.54816152413564
"ANXA2",0.353991547874418,319.630727394852,1.76937775354068,3.09757399670587,200.555994918405,0.466650559535132,0.344870296408141,0.285305733390716
"AOAH",1.22093661935924,155.174347726234,151.042450611581,10.7181655683412,154.947603697628,0.836806274858364,0.263286308741471,0.926775293082114
"AP1AR",196.347336333256,0.393035130416323,192.903231905602,0.619475506705969,0.942171006058186,0.570714084268944,187.536655676158,0.185842636363416
"AP1G1",1.44383664224754,0.545227480100212,1.46858668396549,0.49615345063687,0.853343221073001,0.530288577966464,0.845016915537758,0.250619380402981
"AP1S2",1.06920081878514,0.705856664253824,0.301356669035106,0.40970156927866,0.509339807186931,0.821946609953512,186.341527821904,0.155824837534376
"AP3M2",0.446434828225471,0.439822458344421,177.461671089531,176.507548284017,183.191009727703,179.957511388252,0.547796523289013,0.110805787283738
"APBA2",161.5796741107,0.80110381955356,0.2537176831797,0.449667215602946,0.741466539527785,0.427490776630104,33.8385061671137,0.226146054904006
"APBB1",1.41389222820173,0.751016909649787,0.13473255129438,168.915444638836,185.590892128919,0.474439406518732,1.48373799394954,0.0822994291523567
"APBB1IP",3.74987329176774,219.158811928281,0.881151341697858,213.090946281903,216.644927996425,0.344968878491448,0.136876317186749,215.533273803922
"APMAP",1.96486845295693,106.92430640353,0.492116279063138,1.97564439794155,192.584309693606,0.317038009528285,0.240056054155699,0.115081875126929
"APOD",0.172250070500761,0.159800769557207,0.0828498012569664,0.258325526095697,0.422467683577933,0.671269508953525,0.520307435853224,192.812108610799
"APP",0.276729467752189,0.501409007253447,0.0853560818112934,0.336772427680702,0.652727776868641,0.40505828334853,0.624929260391202,0.0627537095566179
"APPBP2",0.399417990204444,24.2840556171014,0.511941346311157,0.419553329321032,0.452600519733501,0.280314072793971,2.30880793897813,0.219898930437597
"ARG2",169.599368380285,167.401847903624,0.461974973674079,161.626158490845,166.574883930241,1.0584171790345,0.608968003260181,0.193418761691786
"ARHGAP12",0.39984429051286,163.69716091585,0.296047422112054,0.62541860300621,203.860782172448,0.812543376272933,0.573987109559206,0.177984399832882
"ARHGAP22",0.763169761270316,150.501683737868,1.18825108331053,3.65042475892836,158.001399695053,0.534074864869514,0.452265495964455,0.721969060345877
"ARHGAP24",1.81890945115304,208.361565122622,1.33309453199879,189.805763810174,1.91008533811001,0.636442733689974,0.382741093740636,0.186950865191078
"ARHGAP27",0.784868475302216,161.509540889592,0.445191798013204,151.725331338738,0.516409356442976,155.860860556515,1.42449826787698,154.312436423085
"ARHGAP29",0.39925402909671,2.47529296404041,215.345536043997,0.348694812068909,219.77943053666,2.70631670062296,8.10157686996165,217.506600141434
"ARHGAP5",0.552384101298856,1.60450514601054,0.218114602431029,0.135647994899243,0.458934568904057,0.514263457705875,0.558552175614383,0.137326081693312
"ARHGAP6",0.743217375131898,157.216059712472,21.956970446902,148.855756846644,0.898186070876957,1.26712546439701,2.11803285496004,0.212281483964432
"ARHGDIB",0.676191040660701,221.014773532299,3.75760405565826,0.393062870587491,0.501246311211888,0.292024121604672,0.159117966031881,205.40900612402
"ARHGEF11",216.213796321692,2.34394062194736,209.994261958588,1.18282147434079,0.560480321702641,2.05996856960386,0.62389865623193,0.172416196999937
"ARHGEF12",0.347639809722327,0.470090287445657,175.941670494039,0.163103942803473,0.445994760811711,0.975611118065313,0.718954836258682,0.150886586023411
"ARHGEF3",0.912211408622035,1.28769563969461,189.558615779747,0.817808049322526,2.77030978394298,1.25925239895656,202.401342527349,0.243001205236261
"ARHGEF40",1.3394380071986,0.602589797393717,186.403706167509,0.486715724533202,1.54390363498861,0.501891530077114,0.587513963771656,1.17562864986335
"ARID5B",9.74542646274624,1.92788477276277,0.224273427376878,225.605954753104,227.406691592888,0.32025587048838,0.484068408187025,0.558369633760536
"ARL4C",173.814627365371,0.684798911579234,188.165744995091,0.943031197326684,29.4553436942868,0.554250368615624,181.712751565999,0.144544666223118
"ARL5B",0.580876952814541,217.193428098526,0.560983162554941,3.06941311409024,0.691316928692154,1.16093370854889,223.874891322055,0.321724906686603
"ARL8B",0.459659671293963,2.48842849803767,0.358513823562239,0.322638739242251,1.11214171823912,4.44127440631726,1.26144420965876,0.095845624921924
"ARMC8",1.56547545468846,1.06795338695968,1.0770189494473,0.571246639835689,207.719887745403,0.491336262250702,0.583741027306082,0.237490769843151
"ARPC1B",1.20200687311665,2.61428935039951,1.14012293186773,193.597760375708,0.786471176000161,0.242324715982314,0.142291110785886,0.512017616389628
"ARPP21",209.704501567355,2.25646199190482,197.638608854302,0.243280662160279,1.99370466866808,1.20454528245341,5.35952259159032,2.92629742143016
"ARRB2",0.549270737795632,209.544306064529,3.09791722805104,1.07221618450044,1.12661709341443,0.409438549668323,0.204202520029711,0.502730382700503
"ARRDC2",4.48323218119439,191.764213414923,0.10609911385903,187.659036137324,190.944369206685,0.444517279183311,0.337295866244049,6.24523791683936
"ASAP2",117.217762760053,0.757491098159034,0.572790990807761,0.876491985391641,0.568577424164038,0.472783757643892,0.476346079865061,0.235427561245972
"ASH1L",0.440705918338885,105.730172671849,0.418776049643642,0.238954198323189,0.374689740917681,0.403389587103137,0.340592258721267,0.246396818349668
"ASPH",0.488809481473667,0.570936531351418,1.10534473404598,0.17667335418786,0.502727838370133,0.344524605323479,1.82512623974826,0.176280289377898
"ATF3",0.563289948821914,1.45611674561332,0.480598119269951,215.293958719781,215.202133739068,212.077665359883,1.36534567728665,0.478131560308487
"ATF7IP",188.085891590924,0.530802284247393,0.380885201698113,0.535488486543341,1.81871709792288,3.04254077333219,0.836291522476776,0.34579496926448
"ATG16L1",0.527957202698384,140.825218158554,133.449522546218,0.510634232510781,0.869854024839576,2.74216052887797,133.899945364145,0.447544980784429
"ATG5",1.13295750711716,217.978069745521,3.39589329851002,0.456390087859374,2.15392149552256,0.91508143753956,0.57975222908747,0.716962774004832
"ATMIN",0.537076802462574,2.02202947569871,0.596465789699104,1.20947677441027,0.645988929692021,1.10078607477564,0.623096991069947,0.14716140990076
"ATP11B",215.908117622197,217.456080010254,0.312602890174113,214.230462121587,221.64191139011,0.670335912124666,1.52497472685898,0.363963964460217
"ATP13A3",2.16383849969263,0.59570276517749,0.295583695075821,209.498825958738,187.722892264907,0.546990709402478,1.13054374076654,0.378798578596327
"ATP1A3",175.673169941453,169.482730002503,166.156427341515,15.4150549524616,1.21925693344895,10.882207710547,1.88412960370843,0.0512203672501725
"ATP1B3",0.825960910807302,0.97353318669657,0.256355201906382,0.602522002087566,0.528785341583028,0.378503279856393,0.309459483950773,0.13700985927651
"ATP2A2",0.733654835175069,0.497253950701333,0.387289851581422,0.243047952034723,0.53649247542245,0.474994823701892,0.656288991912422,0.0891604080826017
"ATP2A3",201.331054496136,202.037079573032,197.393001517928,199.419373940625,1.12259460415053,0.647987122792567,1.92089619260947,0.18715042182665
"ATP2B2",188.20225901288,4.6099140820056,182.407704139744,0.979541311775361,0.905648966804167,1.05752570252051,7.57131126987235,0.103714963743233
"ATP2B3",153.884589423993,157.999700391491,151.06839563809,149.79016576179,154.146646618984,0.785223151633222,0.830837961740557,0.115119342121584
"ATP2B4",3.76470792977775,0.742724125175545,127.806940443736,0.26108255873314,0.771431934238664,0.457815517020767,1.96067439021283,0.265719003788509
"ATP6V0E2",148.05415757986,2.61063556574347,0.456706727897524,2.12952871430115,5.27250595727252,0.62616683664062,0.974423528402424,0.0691110816607786
"ATP6V1B2",170.550778309639,232.525211706343,1.19856239676972,177.39235322616,171.136098552222,0.332245194342422,0.255991075006956,0.0462414264412568
"ATP8A2",202.552993927522,0.622041054327494,185.860083971471,1.06543663771083,1.09413023964533,1.4632836713003,0.877041134092024,0.0926564273493111
"ATP8B2",211.06492108396,1.69370641567786,0.773005675012349,207.493779687653,0.808286117952175,210.771654399139,2.6891749144066,0.224827938390108
"ATP8B4",227.138281244119,200.692868951217,3.03338694367665,0.691729802828471,45.2916414815308,202.425149311042,0.695609743490675,0.842978862642959
"ATP9A",0.453731745592739,6.63592788903509,0.461792355237229,0.258149872027962,0.591668144124809,0.348220640607492,1.00389379453243,0.116458708076288
"ATRNL1",3.55759106176091,0.972659049248404,212.108203156861,0.815290703781521,0.780123992890677,0.994255750108597,214.811150142309,0.18651912233661
"ATXN7",0.390114167820855,2.88583734416524,214.563275105252,0.53308420751677,212.561377630933,0.609892787522233,0.818198471245861,0.78849841876711
"AUTS2",0.652736859190531,203.080785305417,197.560585471232,0.173173954772955,0.22727189926244,0.732108797910708,0.566961496962702,0.378680354940188
"AXIN2",226.074693290413,6.64104259706907,223.342837198069,0.246940531012602,0.964352225643903,0.781336560082321,222.422841282003,223.491697491108
"AZI2",0.934553443815881,0.393334919466764,0.676008216562489,0.416404009560486,1.16091975628321,0.707400119820586,0.920241060733681,0.1686510795011
"AZIN1",1.06528207239157,1.53709198699349,0.538757975657569,0.349488193415601,0.577870135920727,0.928487006178468,0.305409482633788,0.098668960982841
"B2M",0.101716023112702,0.429751006887748,0.1182151971838,0.126651735625046,0.241392223875282,0.0894883431988284,0.0490000385112764,0.474738393648861
"B3GAT1",198.345431631648,0.332845407135833,0.151783369303663,0.404083302458731,196.017035823376,204.829918372009,0.597165694674658,0.499560289665686
"B4GALNT1",5.16052632158856,155.415932912482,150.554104241396,149.927055714353,153.409308733683,167.76107998982,8.86794928963297,0.109237877629146
"BACH1",0.522292688770246,0.648820953524661,211.620567844292,0.447768255525136,0.656004031009381,0.622165053113825,0.545481457602828,1.50067960478488
"BACH2",0.743906023886896,16.9483594384136,0.819368190400659,1.54912539714448,0.562717058250134,0.697239137481413,216.688957323258,211.863667502102
"BAG3",0.352428541589493,174.10775994477,178.319473241649,0.132934973538095,0.280931228336801,0.482518547479981,0.393520750808234,0.173126503350243
"BAMBI",1.76890433863092,0.332709102662135,18.8753490874609,0.556314721079018,0.814467803774084,151.26427757308,0.857803482032041,0.644150650728017
"BASP1",142.3676172003,1.72805149211628,138.936963100882,0.341019974944535,1.47471392691452,0.367012696024811,0.627052454976923,0.0447289111350489
"BCAR1",0.713345722062326,0.321752162163259,0.418655373167947,3.61751627886641,7.95298273028325,0.450005431422825,0.433132081135599,0.261167052525266
"BCAS1",0.791712197155577,0.667941227316278,0.089082998773256,0.143589085042169,0.378595475172597,0.686277338009985,0.668270128484814,169.637460941884
"BCAS2",155.691115817147,2.66276549847588,152.690774085775,0.75593491337603,156.229287947112,0.865916714718357,0.889929025321102,0.0856791935319909
"BCAT1",0.922056716911608,0.916799288135328,0.815955482829031,0.658257094312914,0.941976648473543,0.74637119009202,177.20667202742,0.0778973468864726
"BCL10",0.569754945567141,0.394708961711186,0.633553494657205,219.373646692223,1.05333457337498,220.896784349211,1.09194831242785,212.041987342993
"BCL2",2.7794979095566,1.35847591598582,0.418464045700343,0.246275643668571,0.659257510874171,1.36655259006336,215.356231427786,0.7491228838747
"BCL2L11",0.970561382374836,161.163172727623,0.563739243420442,2.1154514521145,16.1046890204634,1.02634668027822,1.52085681278431,151.743317426196
"BCL6",196.702720350898,3.40478478442294,0.232225165441412,0.18194026118889,0.379662232798338,0.297079380205595,0.956513669012961,0.546639404400824
"BCL7A",1.32478187670635,210.308456883256,1.91179329589746,1.32229188021971,37.8128065072411,125.443007967517,212.113354986564,0.284716337691316
"BEX1",3.75873336246164,10.2332641762949,167.314187898582,0.425451985715373,0.722972761253917,0.406553232739745,0.545283812824982,0.0579742030680838
"BEX2",0.745647243215505,0.302072960119285,1.13928277014287,0.330323382414569,4.10829516283192,0.611416762935084,0.315419591430233,0.113709971796228
"BEX3",1.15320607233725,1.3810001675176,0.656224862279875,0.14704479625441,0.299794082465608,0.312157756675587,0.356054418499391,0.0777636749548493
"BEX5",0.513864251675004,0.370171227508802,1.01133961308114,1.05192843006206,172.33916317756,178.676776719087,177.550466173376,0.0962068270096853
"BGN",0.367823972953589,0.862157832223108,150.745005929858,0.258454552499881,0.793880607547123,0.515720555031089,167.245190564388,148.810347647755
"BHLHE40",0.50491228933031,204.210770923479,190.814859227704,0.140502310870646,0.325528799974264,1.88010399676197,192.96745300528,0.433063028891832
"BIN1",0.557004196120064,0.634651791614935,0.0946996357709681,186.236065080198,0.622194108321602,0.753898061934636,0.296878698333851,0.139444114906006
"BIN2",0.494780990258675,220.235996602947,0.798902697832709,215.201476668441,212.761810144046,0.407905300614252,0.299161022713941,214.0754691669
"BLNK",214.090825724648,20.9958805901595,3.00982093679866,212.859531316004,214.957148685233,0.347371645458953,0.356991116150798,212.486468702328
"BMAL1",2.96458628399853,0.824821312988906,152.606980909467,0.523266093506529,0.806542132756028,1.67218730564977,0.73864699240601,0.534744866483457
"BMP2K",0.543318089684448,198.725962165745,2.23272193238011,0.243996940375936,2.85968312346919,1.31258350625756,0.37699394355179,0.433568575030223
"BMPR1A",0.681552077449822,208.288789541082,200.608120457805,0.368341380111529,0.5791247069906,1.43296607349091,0.521316802887063,0.672861086648244
"BNIP3",0.586688402347159,0.288451713384271,2.58709884925626,0.213545620689057,0.593896146039488,0.710799762800995,0.763028543617405,0.0821345160984483
"BOK",192.354461799532,0.951942320925065,0.108406769328875,3.62657377231757,0.525519696459323,0.327799080168358,0.459994260463435,0.9289168558672
"BORCS5",1.91249129019665,229.528050670867,0.478773529332103,217.019537987183,0.614931638010332,222.888810415161,217.495417090731,0.334750645749741
"BORCS7",6.48426434831698,5.86564765589458,0.551871548847334,0.936003267919633,0.939433091357614,0.473423317863471,0.465102286255088,0.161215071194237
"BRD10",0.544118910048245,193.017645776507,0.229674101235723,0.307570252223335,0.736386021154754,1.00408232398037,0.589954750335875,0.311271220537413
"BRD9",0.701157993325405,207.269309416206,0.408391610082262,1.70697098942553,5.94742872205758,215.326959299075,211.822727166379,0.411253620303358
"BSG",0.143283495387256,160.712420990538,0.296278009499288,0.406778060056468,0.494776801718059,0.283421748983691,0.365516513069975,0.135593482789294
"BSN",9.3224161567508,0.565605253284719,208.721859776207,207.485528956285,213.007029270099,1.83389531566867,1.62632670245404,0.12185043409119
"BST2",0.24645875167031,1.58962460437242,10.321385523885,0.924567630035526,30.35591710652,0.299890328455664,0.171129998762685,1.7304414269591
"BTAF1",2.42119013851134,178.581636068937,1.92134944297151,0.625351606488542,1.25831453907018,5.3655766050639,1.12949812240974,0.690960159847824
"BTBD9",215.274661085963,213.793211353471,0.552074940578893,201.813298773789,213.038258839854,205.566687434893,211.419854647591,0.141970975942862
"BTG1",0.326444538150667,209.099726951678,0.401602224070189,0.519288792446287,0.674010558178557,0.307117137792341,0.209122098894633,0.762357425259419
"BTG2",0.52166383468094,0.487352631774498,0.462406927594895,0.65817982024412,0.432553283975775,1.28457678480547,0.894999246732264,223.705624046679
"BTG3",1.04907692631252,0.69409882856999,0.570957200952764,0.54266679399188,0.829629752178104,0.662776719333519,1.18242882400945,224.451815907799
"BTN3A1",149.508044324092,0.585539779708545,1.47262687622226,9.13485893792759,1.06468164519401,5.59208417228877,1.03148132510103,0.748108764964286
"C11orf96",0.245704167639298,0.606856749264849,0.750265976536581,4.03485859937781,2.61758281566122,2.62851388380215,1.26888465014744,0.264240763450976
"C12orf75",0.54100081851292,234.145014406652,0.718477561506693,2.4435200716989,5.51438818993662,4.51230336766558,0.653445062097918,0.226842929100173
"C1QTNF4",0.643057566027192,212.559558591747,201.985341500228,0.574285280644229,2.99359404504908,0.524102654250559,1.01775003696608,0.479266592523481
"C1orf162",159.024731778066,1.49767659556966,3.10944365861842,152.394504482403,0.806650901620696,0.538271852190709,0.239331781934558,149.843682301482
"C1orf198",1.74426494641561,1.92699947755383,0.129339119147684,0.349008686584795,195.583381567728,193.405043896475,0.485691331554065,194.739185151011
"C1orf21",0.605751492238091,207.96066090416,202.657439141484,0.264981486837143,1.16473756569087,0.797995518780187,1.12948570957055,0.33084663502446
"C1orf52",1.6030305428788,154.738959355839,0.453319471875417,1.90785652438718,156.255485432639,150.808517118007,0.510802952991336,0.142082708831278
"C3AR1",210.359993595116,201.042416672001,202.984320585044,0.554089554991951,0.68818201008974,0.578576553017943,0.128443509845666,0.671592925911012
"C5AR1",199.128792889266,203.404908665043,3.42751825471402,0.93321314949083,218.864657694691,0.438194538114253,0.209889409048852,215.893868213214
"C9orf72",218.940286621248,4.1123531608188,1.27324172150957,13.114273158282,278.128114405837,999.90454077125,4.18662274250851,0.254687613009248
"CA10",0.717328740110363,0.375501003556264,160.584045151631,155.645868487555,23.9267661499952,162.999272211792,1.13368410843833,0.314275441827102
"CA11",1.20041528473803,1.04173630372742,0.31864178763377,0.380173737320235,0.679917837746993,208.818729093609,0.695299999961626,2.18657513568921
"CA2",0.376259668265122,0.562517999776378,0.0535344288917715,0.444258965996526,1.04339706857046,0.275572015119725,0.367925308574757,10.4430368760818
"CA8",178.067628882835,7.96054720451079,183.285343980423,0.289540869133839,0.571260456602547,177.613046863409,1.73848086128893,0.201123660993501
"CABLES1",204.321064021054,3.51169618838795,200.210776725365,0.132873815003066,1.21122051826061,172.144405324294,200.971279824787,2.55492725009801
"CACNA1A",1.69352042482208,0.586868708101995,0.38751600741996,192.35993561802,195.937759563673,4.77670720058829,1.46759231652706,0.135195854269225
"CACNA1D",3.64453974171231,1.68819320772347,1.41881516650856,999.997490556581,0.457083215899154,1.28554753260691,2.66463780609203,0.562990831344385
"CACNA2D2",144.427318186474,9.53535771393581,143.489472196386,143.934855727484,146.516372181924,0.582623496432542,152.41249205126,0.115964405639158
"CACNA2D3",4.5247670044563,154.156908772727,149.626499559478,14.8331604745552,0.971103969339847,2.21711450546975,0.852509693337393,0.245484078218518
"CACNB2",2.10115164796677,0.669488558119835,211.418927325771,0.731312956630415,203.579571252254,1.55338229509701,222.329107297037,0.310212673963845
"CACNB4",1.43897347249045,10.3840909958174,5.9328605811621,2.37584352003571,0.483265864512729,181.907002092807,0.830683802889365,0.15562997797616
"CADM2",0.60902780112645,0.517611955586197,0.158580967936139,0.191226608604537,0.271510115357326,0.583457119288412,3.03686216337193,0.0957778527054414
"CADM3",193.708524946451,1.43130667433621,188.983072434934,0.410368312631656,189.599756792236,0.62830927150495,182.465060498417,0.0952488249843385
"CADPS",184.683831021995,0.81619267411217,179.202401055316,184.480203603866,187.983473311845,0.431569730433584,196.86006876997,0.0519228040301879
"CALB1",152.525512352174,144.030578015962,149.882986493687,129.2678587269,154.850420339364,0.743541355692545,3.17149430626135,0.145223604187561
"CALB2",187.298785866008,186.776268367865,999.984077769501,6.97295637395151,1.06424095017983,1.05905454397142,5.75336531655682,0.0858044208813838
"CALCRL",0.827625322097044,282.723893944645,0.431072287925111,1.01048042691098,0.996954208662562,247.367752755613,195.617020191219,192.712862741928
"CALD1",0.240492986173463,192.435966362005,0.92271849819533,0.241112295268965,0.767726925367271,1.54330306478577,0.760400555982649,1.90911966645027
"CALN1",0.764317625301269,137.882001463815,0.540668528288345,2.84668791223556,210.666824525187,0.670870715224223,0.966171810519991,0.208077468808308
"CALY",3.3234112260711,171.694095203852,0.965403693791808,168.849822994109,170.449416815912,1.20211326238953,169.188107736443,0.0514353002510393
"CAMK2D",0.372193433982555,0.470384936233627,154.48838247056,10.9582069751919,0.784684216033492,1.00236053187688,0.686155997133338,0.136632212578358
"CAMK4",224.519233938213,0.848368396868494,0.991892848616487,1.10843219731361,1.7214959173884,187.409101186785,211.485638493354,0.340323113370558
"CAMSAP2",0.659290192070566,1.27752765671901,0.383112635455441,0.41869640725255,0.894447230065949,0.474475125674772,0.436352260068147,0.125529141153527
"CAND1",180.01896760788,2.14000240093376,0.969093763358212,0.42649711276305,0.998299484718533,0.668872213786947,0.52994382640458,0.111917632117163
"CAP2",157.71957550682,162.373802953691,155.297314211342,0.864850097111549,0.663604509738092,1.6117976340552,155.705317924412,0.0885649256536275
"CAPRIN1",6.93106848409924,0.724079994066449,0.383335990505775,0.328457211637471,0.723511804744325,0.524085849687737,0.513471680610667,0.142837822052756
"CARD16",0.86902733737242,1.02233544181589,195.327907096245,0.810742021067919,202.548061786722,0.569657377257619,0.855929255574281,204.679321902504
"CARD19",163.683418528531,1.80399749657,0.66476430407519,1.12991879340046,0.861178694332498,160.902980872573,0.702677054922192,0.383014151077352
"CASK",211.037982655861,0.467960163736488,0.633979598768444,0.614472648079796,0.74780600381598,1.44052351658086,0.680740765712698,0.446368701889195
"CASP8AP2",0.622735186839592,7.81281869651476,0.33307602041455,0.827718650719785,1.3223048456311,0.741417011899584,1.47792104021179,0.559732694240418
"CAV1",0.334374974788217,157.597624909777,151.33817590961,0.402845108167631,154.191405290519,0.633376596707351,0.694301698822967,146.497153746174
"CAV2",0.372205259623752,1.87195627009865,0.449328970893301,218.510822641361,0.7915426307969,0.796399732956055,0.623517272796253,222.083066209417
"CBLB",1.39855689335316,0.443813747161121,200.796821892501,201.854816143763,2.30680496162763,203.760960075556,0.720794328498085,0.448261163808256
"CBX5",174.218545882808,172.106948460636,0.357044072664606,0.220811720870014,0.297776488231517,0.699981407521952,0.596312886715783,0.188752392777019
"CBX7",6.54940579593458,4.24225273424431,30.251112316629,0.534060292823835,0.69774506756559,0.507672142704401,0.553302220379136,0.274741612225707
"CCDC149",0.692893527937536,2.0153334000553,213.969442624985,211.9554310045,1.90276559649841,222.132977725495,0.482390496167424,0.2811054033728
"CCDC160",0.872848358177808,180.270773013986,176.270957791153,0.318600767557891,179.143269151133,177.738192198467,0.816796594306384,0.327571686596467
"CCDC184",193.028516862057,8.74350244075436,188.498643005904,188.04133929803,191.922086796435,0.821374440798756,189.336863437825,0.121425994980163
"CCDC186",1.36993779537882,1.65483141882016,1.93540719636088,0.47842477318963,0.44093147198288,0.431275347769412,0.480402423005247,0.333482966958638
"CCDC50",0.673081309210465,1.33338422443725,0.422622577521598,0.254108778554533,0.876350882401081,0.416284749461448,3.77263047531253,0.584007138353784
"CCDC66",214.596531982109,1.66458680700312,0.753913814145639,0.833820136692251,0.535638345427073,0.630167568118972,0.508216966587857,0.401504668478644
"CCDC7",1.20385589991351,1.56699327486668,12.4158412036755,0.221590930193099,0.464127990349268,1.17212200454875,235.991012723074,153.075223495846
"CCDC71L",0.697006673511862,192.639823219831,1.961394766475,1.06253125483081,216.073682985257,213.118351438371,0.6541134725886,218.179275167212
"CCDC91",1.57001636990068,0.428524660490059,2.68599131885483,0.309059236003424,0.550108921272817,0.498923148654409,0.452593039085017,0.22049956932179
"CCK",148.946619847055,0.688216574401537,157.494834832359,9.73439104037163,6.53631347817973,1.80299317143727,155.209368396661,0.193453418042012
"CCN2",0.307976115003459,195.031153062121,0.583666642181106,192.370611997108,11.3860897367989,3.29107530466517,22.2008109262849,175.42732936133
"CCND1",1.2575384235727,1.47943644819434,0.46824748249951,1.66266771248674,1.56929361452688,0.598067608562006,0.896179326867653,0.806414992471548
"CCND2",0.928346847226074,195.798626585083,192.727199843393,0.409524228108361,11.2922283082571,0.597241088738766,0.369280463406512,1.51619035951312
"CCNDBP1",2.39692693330148,0.32069461617211,0.33417915178568,21.2485898253203,0.869552672224278,2.25965233671719,0.907902352406061,0.146076206037262
"CCNG2",0.5275695776792,200.674917074331,0.479404211497927,0.457116681619921,0.928792379920151,1.6119978454228,1.28637042223303,174.308796941937
"CCNH",210.750161444863,215.036925219146,0.637609291157625,7.99797870076208,999.995022767868,0.639386469978575,0.932423959682143,0.313817466584959
"CCNT2",0.451923403552524,9.69812311214179,0.87947091132505,1.11947490593284,0.572643939098383,224.926092187932,2.76057300065711,0.268385957265223
"CCR1",218.492494437537,1.43532374103504,128.499841884127,1.08487825413482,200.338508954021,0.750621218413822,0.281979449343575,199.638259408434
"CCT2",0.763471060246528,1.81594913491743,0.849500971615144,0.394398970309792,0.99592467838296,0.466540314609574,0.379055592531897,0.133656900855067
"CD109",0.992098642565661,209.978893811029,6.5066018085661,0.843621995125759,0.727841607323658,1.49259919959489,3.85799441186446,210.937351838937
"CD14",0.91919717402405,1.34607049153109,1.10140509184739,0.70171701500755,1.82270298544303,0.265541420299364,0.124696916316103,158.213672959412
"CD151",0.5182723157556,163.566193119121,0.776163254791702,1.29743314699522,160.263079563297,0.541197000269361,0.616186654511924,0.253750953420759
"CD164",0.751713165102712,1.01567678236959,0.556562029734436,0.468706928362921,0.495430823473551,0.351843594836339,0.197665458204891,0.165176927015381
"CD180",1.03898263199897,197.76389328013,197.805382431036,198.59383312617,200.070239446043,1.57965540089801,0.254277859632497,198.90878769625
"CD200",196.869774628507,0.78937746175289,0.787065261321269,187.00871720921,182.078442187439,0.567109970846715,3.04785399648751,0.102909805674305
"CD24",1.89523009863052,226.416361938195,186.153056450031,252.944566895571,188.240210759812,0.609326500390707,185.409491183055,0.0869132257612318
"CD2AP",217.920392629852,1.27149901646609,1.22947855665898,206.549189802898,8.1083009826558,1.63818856216998,0.311418076205312,0.365377027071276
"CD2BP2",0.501489122507861,157.504520598739,0.327104770067265,148.845376322878,0.643421306418883,0.769737948038853,200.886469667291,0.200964562282943
"CD302",0.530052395171981,0.747593560952731,0.79297041976174,0.444543408636283,1.4718394161697,0.370375486834267,0.220579681204114,212.992346114612
"CD320",131.142462452796,0.874334694516643,1.88184332195629,0.489273818045518,1.3706530738738,2.48597248659306,1.25207985156749,0.177605379083532
"CD37",0.944365871018181,207.138021124854,161.837133474024,191.17070878152,0.625858620020568,0.601046095587883,0.15616499005845,1.14090971778607
"CD4",0.711434290568087,151.518425577748,0.730274156822891,141.813075831326,151.679956361778,0.439968188720147,0.437704344905361,53.583316723229
"CD44",5.92261061435067,0.559249954558367,0.848986667320197,0.208902385639862,0.347297125408339,0.546204841571122,0.421405229141112,190.287292234842
"CD46",0.266831018339492,1.07701885402577,0.20866674568305,129.331777600429,1.18202846062587,1.28271148346709,0.368687660721294,0.193034782879398
"CD47",180.712081048983,1.12936400270955,0.20060421510165,0.536691857479611,0.711313228035005,179.301088729014,0.616081116867787,0.132479459043831
"CD53",0.780338694453775,201.316153886057,193.436252211815,0.610430793632996,187.717666060018,0.245057490381916,0.110500833463348,196.52112111568
"CD55",0.409522600512812,206.404000847179,0.303357229263598,0.749840695923612,194.182855048423,213.185836688599,2.80680110956781,0.170688911529106
"CD59",0.235421909870858,0.488626895823799,0.33013213308288,0.160480408282022,0.390254464171355,0.264787133225781,0.348260885816949,0.105193019570204
"CD63",0.257766756226491,127.607291348866,0.277322040799851,0.146892434055122,0.414974087211673,0.179571319940251,0.145429683125461,0.12831381717606
"CD68",0.46712831399452,1.23747469880503,180.231521465499,1.08183621429234,0.7218162945108,0.295774621115603,0.102537876145266,174.747998871727
"CD81",0.253320249075182,0.290011822364813,0.259920790433343,0.115197064671017,0.20149926951788,0.199499654216788,0.1266821800797,0.212527960733618
"CD82",207.522773262063,0.329068646341159,0.3170592083717,0.24190377168885,1.19592056266136,0.853142123454821,0.579751614509737,200.609512090921
"CD83",226.458706407173,226.243458255048,222.720723535203,219.464569676481,222.626471650389,0.448456569260466,0.266140473538243,0.232224842862404
"CD84",0.444456842090015,220.062524507941,218.643626633291,218.197037923576,0.779467909225053,0.487257090473283,0.132780847650072,218.064470611132
"CD86",0.952098069469297,0.646277579802397,208.332138778836,215.507035927512,1.41158345241411,0.646047093118251,0.196749906099359,217.117842149742
"CD9",0.31049316315313,1.59185030156089,0.12731016168401,0.680036376110166,4.4154045108658,0.437603879477603,0.208146717223434,168.305715700116
"CD99",0.359682982811519,0.901563157298943,2.32782345057776,0.131140659251076,0.427550333076263,0.289035973067099,0.196312880148302,4.11798023573023
"CD99L2",1.46392454846868,164.717915336258,0.70535602426546,0.446334066876344,157.451515671693,165.196130704006,2.83524050648367,0.103458798814043
"CDC14B",1.81015114483047,0.402001258562997,220.088525183729,0.217259932950321,0.365082031332569,1.29682576051035,225.710155552833,212.296196051149
"CDC25B",233.8834608233,0.377215787666243,0.627988929061872,223.288805007757,0.440873844886319,2.15325936985383,1.52218275777581,0.440902295293795
"CDC42EP1",210.700226677805,1.55909895984901,0.143744609230925,205.547526834483,0.860828132727353,207.420037334928,0.960963896137081,204.057919695958
"CDC42SE1",2.30862205774602,218.514533937388,0.329382291517772,0.892797718106579,0.421088330758964,0.326711136447193,0.522573689354025,0.519889192308464
"CDH2",203.21997813832,215.778221260795,0.51245762206061,0.261991994391787,1.14775198306078,1.36107920748594,0.553889792184279,0.28037554994412
"CDH20",0.912787062266093,2.28160041633435,0.377702530451819,0.288565578383278,0.392848071222552,102.984846487432,7.60654097446544,1.16084976179286
"CDH6",0.519588687834362,198.878156603732,190.873614460272,197.900213177632,195.902203904737,0.692620136041711,192.811876396403,0.111424601567341
"CDK14",187.075050653889,184.850615325617,178.80998209978,0.952310190830005,181.665857967955,0.506639471719495,0.435039813644893,0.0886036411862042
"CDK5R2",158.355736895293,157.105425442319,151.141856978988,148.884277187076,155.535136611491,160.242162185532,150.93797242771,0.0873917129896097
"CDK5RAP3",218.679357820774,15.0927765618111,0.801293072301285,0.348407566104812,1.55127709382156,1.00806719747735,1.674178532991,0.450512259080959
"CDK6",0.624728226612327,0.598182120114793,0.272764033535225,206.809667408873,1.22904045940495,209.705086054494,0.758663579117877,0.708847438595774
"CDKN1A",0.214899677771447,157.947956345834,151.033067898552,149.98091554362,0.614418189114573,2.47826806675924,0.271154716523564,45.1217979821316
"CDKN1B",0.74908806352841,1.81154083469951,0.148040516869517,0.314423132531684,0.498753997211994,0.573013003286338,0.468681607393985,0.291933355546019
"CDKN1C",7.47882910940133,4.85074591008386,0.0642790458060823,2.87186929929551,169.73549740997,167.721641783296,0.933584216596922,167.726017721574
"CDKN2AIP",0.580452346756709,1.17965987402191,0.718074323207024,0.495865112640162,4.54158996317624,215.868835151033,0.813605221346577,0.536470112685221
"CDO1",22.1705516606672,2.68452984995123,185.913429565752,0.459653821775746,190.566735268086,188.176095607028,190.277890425643,0.134404499253402
"CDR1",211.108489829607,1.34324326676732,0.875826963674638,204.422493661229,3.67744093678918,2.10019222900385,0.686563548044995,203.887727879999
"CDR2",228.85138610743,219.359496740039,0.971202578879827,1.50233940053834,1.19989462182371,0.860454339254832,226.25027952242,0.288874945186356
"CEBPB",0.585195380341515,1.54352860599095,2.69633034867786,0.291772036922108,1.09198067485817,0.261352330898783,0.170487031392228,0.444991228710805
"CEBPD",0.166429983751876,0.659375109406662,0.421136247614069,0.452713915512504,0.669820839202757,0.269061432273187,0.113227418049812,1.51584379195043
"CELF4",166.178161746009,168.344657244974,3.27645913713254,0.69638670183901,0.605457716264918,0.352789881462578,2.58869218811789,0.0504130970513685
"CEP126",0.868542633854205,1.01337819271043,188.220790538296,0.511607448979027,0.725322824845475,0.742818834669667,0.941530877872986,0.139293135346241
"CEP295",202.348359880334,1.30063983244681,0.626062935821579,0.763827153543835,215.775698848328,170.392099836338,208.950192900858,0.434307852254674
"CEP44",215.618540616238,0.947525369782976,1.2985717628816,0.461920142025471,202.040547300578,1.37156906508269,199.969958007286,1.12241901135513
"CEP68",1.88458784856546,1.55039931860861,205.55184809163,0.597690490011415,0.542667473717191,0.406608523525463,0.432700717871954,0.435078834249214
"CEP78",1.33130583189567,0.486895405970908,1.42075949653594,0.362954326986894,0.862948396080667,2.44998059050963,1.70100095322105,0.53553385117962
"CERT1",0.622983588564904,5.33595335625454,0.531924028058914,0.591589667829553,1.08306343892857,0.617575315212369,0.540486246451231,0.112212599657361
"CFAP36",0.948120463268177,174.981443049337,1.01754545240921,0.274424649707482,0.487961332971637,0.560347769089539,0.684385746337115,0.150283176414755
"CFAP97",0.28486058337876,8.67677121884708,5.01415962719123,0.472711648369597,0.510194535121612,5.53085219382984,2.41800544305045,0.539382950374377
"CFD",217.632503872467,218.931808280983,5.51207653238295,0.969590983999656,1.39244448083395,0.792040065216811,0.229070628699304,214.486788821687
"CFH",0.214632591888565,216.504477600298,1.13019456603372,0.48556385319719,4.58580663586969,214.210615819986,0.638202244810987,171.211808090035
"CHCHD7",220.231485096392,232.202819308741,0.39840360694112,6.60497256378172,0.76040073730299,0.737633458211843,0.773401997650189,0.624849712181743
"CHD6",3.85554992050462,0.521335546970424,0.952006031952711,0.314547441450164,0.406530170190762,0.49903199042635,0.429504727831939,0.212685291749146
"CHD7",2.14220724929924,2.05877208676982,0.350962211502483,0.566262884281219,0.999401626390032,1.17787315191867,0.966387900474074,219.198711574051
"CHGA",16.0572298621154,1.17400038201279,5.11755716181078,184.183917015161,182.514916205831,1.31002391558263,213.023898052016,0.0855364565613611
"CHGB",195.649719135267,201.907421811233,189.749627920946,199.911250976914,1.20835385218659,1.49364486655896,0.788199646927206,0.0907311302443014
"CHI3L1",191.056598701414,210.839662985181,187.214223339649,0.0891194730839347,0.24571865535886,0.365881109142283,0.924726591043717,0.507411024810284
"CHIC1",1.10285979179653,1.16651339900561,0.411570578174253,199.461206229135,1.74633850963405,0.638069139300766,202.495568214922,0.168693384708266
"CHMP3",0.901028968811491,194.558175403416,190.049860870071,0.201404818009677,0.552634529172037,0.612055939224409,0.199008857260115,0.173788909861131
"CHN1",161.919713552697,0.702292318761255,157.228630007629,0.181501305428114,0.479866563245391,0.364069703972694,156.564009540827,0.0700680767229095
"CHRNA4",1.62748174788323,1.25668992749292,181.880363685701,181.829103714925,1.44504402868129,1.90616374338369,183.761470015442,0.0894043433647222
"CHSY1",0.449314213031926,1.98475492351527,0.659806781542216,209.592776452838,0.498084977999418,0.416410800431908,1.42356877113528,0.920390223282643
"CHTOP",0.43321625211317,204.722371920023,0.23783359933932,0.733613147031238,199.121969155016,1.44487387638751,1.61524079782361,0.226018937687826
"CIRSR",0.821195714936776,221.59410231281,0.321721747182428,0.425646300445647,0.492418795989236,0.43406242274377,0.513489054920826,0.314108963318837
"CITED2",0.734220836254873,1.19210483894845,153.487338628838,149.200752322161,108.060892481305,154.056028397997,0.44527934238158,0.330582375230257
"CKAP4",207.107748836877,1.19518962482953,0.876517877277905,0.784298209458189,4.04530010179613,207.085318712473,0.499534464416737,0.174638904813451
"CKB",0.835115780263436,0.525302175046867,0.87161351211051,0.0921518723689291,0.170384766562103,0.254789466108855,1.35436495782441,0.0594727473700871
"CLASP2",142.563773972303,1.18365084101348,0.165209053105875,0.246404562271377,0.701513107183254,0.49229807929519,2.75883084299943,0.103297741229614
"CLCN4",4.55554832649103,2.99825882828576,0.110711039433523,5.42914090110757,4.25822795533903,0.643265783020033,0.587893059926696,0.100749460729285
"CLDND2",222.15350906897,219.358916818028,0.399948020388513,1.58739799854117,222.250487841114,0.923168999543011,1.53649201865844,7.19608581746637
"CLEC2B",0.243123934768712,1.60467438217807,1.81904026197532,227.357733034813,2.42360595131374,0.385501073759403,0.307994669993255,217.153498771844
"CLEC5A",0.828944071855216,1.45508822833646,47.1965504693098,0.874087625561436,1.15400341929184,5.84015446172237,0.675943121048847,206.593628165171
"CLEC7A",0.473568445869493,200.239149968764,195.173695614274,0.669345733477819,0.922453996070226,0.977074156433596,1.48945416005067,7.46968404200162
"CLIC1",0.332087375648421,3.53181722657902,0.604869991107885,13.9031563494786,213.027730547714,152.097441777453,0.22751815597613,1.78642974320869
"CLIC2",0.958485330299127,189.078214331979,177.230129933434,9.62069049611231,178.512593022335,0.596247332752884,0.247742951318589,0.533108791485602
"CLIC4",0.310081133526435,0.773414817477772,0.134961927523394,0.387274216732482,0.775141001805862,2.02404644712227,0.469576284071788,0.707600502679989
"CLMN",0.77604906381902,199.152417434156,0.120975958708741,0.445625593053394,0.691607178609432,200.140312532042,232.010391704102,196.327181475583
"CLSTN2",170.292275178191,3.25542176350199,161.640085572541,2.87881965126651,169.621348259935,187.612546446669,75.9289386438003,0.102009580568611
"CLSTN3",1.20031394800104,206.368264574,200.947744458981,200.765609437312,0.734027839450879,0.599625001181333,203.659483964849,0.0990952500301861
"CMC1",2.2712649080141,208.304651816054,0.391385407095863,0.744537436585063,210.014593004557,1.13943279543132,0.74333601872712,0.310134333408268
"CMKLR1",0.44501379681027,22.3746339411204,1.89257503430884,151.532103484343,155.082381393967,3.81003199003825,0.38016208899699,150.283710912389
"CMTM3",212.853633560767,0.751900637672462,1.37900700328249,1.81251099444995,1.17752588600312,0.722990992692356,0.26104673159047,217.132861449718
"CMTM4",0.699289317247441,0.697781119828555,1.8767673311268,0.224845538862316,0.930544829142508,0.579700315906073,1.23500530807762,0.280147642987518
"CMTM5",225.287616738027,0.486494054048181,0.44620857857906,0.960172882374737,3.58459931280917,0.780258200306228,2.23968953454906,221.98494238519
"CNKSR2",1.0323273466334,196.658028627986,2.77943811910401,0.387050484844553,0.285662901655695,197.989911180866,170.023594057908,0.223476362350855
"CNOT9",0.420788665178684,3.59195700982113,0.593255648731552,0.792224430762333,150.701166178396,152.831468369578,144.94285504176,0.391342515745065
"CNPY3",0.49930379647902,1.89742326265393,0.463762344924212,180.219620003401,191.162201860757,0.603899511929198,0.137905283788891,0.34317700718278
"CNR1",217.04092175863,1.6142716698693,207.229431255066,1.36921858820914,1.02498955945136,0.965647414009586,196.816539115217,0.233672940130899
"CNST",211.544631151686,206.201533977661,0.578031392469015,0.453277262514062,0.582262137238649,3.04902882400776,244.938886918174,0.1406671482983
"CNTN1",1.38571721280772,164.907549030928,3.92490065725214,0.125604890637387,0.32118588074324,0.480376745709104,1.8296160667811,0.0598239640140135
"CNTNAP2",5.80684853246325,1.68507856506241,0.150456888491491,3.18407619050044,192.370878084333,0.591214938515521,1.53140072586873,0.16806751199233
"COBLL1",0.686212327105284,215.023314903155,205.826399052875,0.727227703889168,204.5558058497,0.597962985039786,209.773239803711,0.305882702322792
"COL11A1",209.361375232022,0.880241986395747,209.546948753397,0.717138126464455,205.651222072396,0.720093430186008,211.850933915331,0.271329023527379
"COL18A1",0.499687918518155,4.11933207421677,0.477979800453891,0.493466983205392,151.378906157806,153.866715853744,149.49883563004,1.10024110853914
"COL1A2",0.281548279485529,129.241724262646,135.315659234608,1.50596693441161,139.455664515789,146.448231433003,8.89401409327024,0.812863706647794
"COL5A3",4.18998173509023,160.539296098197,150.043088300088,0.190052220697143,0.89049992401679,154.889896416374,151.711984184502,148.447298120292
"COL6A3",151.760819719711,0.971123146164056,0.963071568851254,0.830234996492921,2.40750744716383,149.508399328471,1.53495756789736,0.383079566263907
"COLEC12",0.764100247033313,1.04990443753079,1.8027918792473,0.359211354444577,0.746651191316442,0.73150609245096,1.26456977725156,209.797605607889
"COLGALT2",212.908359842736,0.386209949985085,0.16947934781282,1.00979627958162,0.642859376285395,6.78154463601854,211.359348291417,0.80235549593662
"CORO1A",2.81361757704438,135.691475422465,128.881069838928,0.715645346105131,0.895443871897752,0.302070748400183,0.1741546491584,0.614517149818118
"CORO1C",2.60997837307824,225.595334147426,0.38473360343648,0.543719479510673,204.027801740573,1.84082757788182,0.448408326655951,0.21173155826548
"CP",0.215335721345004,1.4430918992476,0.912331779880649,0.466401795252669,1.3241577303266,224.330099013017,2.1537838551472,223.19738201427
"CPAMD8",0.456411812327107,4.83205252499048,212.376791917015,0.269934166507115,1.14753745203991,2.43815525868396,210.053816323295,214.506852367741
"CPB2-AS1",988.308322883648,204.143977119675,2.17675980653032,148.841049091341,35.0202765810552,201.811350923302,205.350085998398,1.13645591236448
"CPD",1.16665765579723,11.5454748395453,0.209317082492232,193.242004256876,8.76810110138711,1.70500327826737,2.92547465056154,0.215459065347384
"CPEB2",193.293615129974,1.1457191222639,0.216801706892824,0.556221233395621,0.889553014825837,0.979041168124867,0.503220251145152,1.04971081831366
"CPEB4",12.2121880419673,0.379262402093004,0.263005241359978,0.202538869330295,0.258579777186821,0.474867334648251,1.16793304395951,0.209760832286275
"CPED1",1.26869950700359,234.286172502305,1.52467618260019,228.646452898002,221.414075956809,0.424082042911981,0.316024439021615,209.184305558182
"CPLX2",180.253529953899,183.42280840969,177.203940372025,0.327340542525698,0.90636354265429,0.85265094228129,180.736753628851,0.0541492815304357
"CPM",0.454088359679915,0.564232404665409,0.252523081808906,182.854985788228,205.694675971918,0.460983587092432,0.162325816502479,196.990766604073
"CPNE1",1.16503037490871,159.49156457817,0.581072169237887,1.408160916093,4.45970388239675,2.02755234957751,0.492748338375209,0.259096926632958
"CPNE2",243.209871136374,1.18203205821251,0.249426334207901,227.122846202929,0.700548076423465,2.32428502896273,0.608367904577018,224.449928958654
"CPNE3",0.40143365499767,1.38354119552603,1.25365130088042,0.238379149508013,0.857175606856698,0.43184052251814,0.498484070641309,0.868422619581821
"CPSF7",216.692810110684,2.46058958498908,0.96003364122462,0.253522981690301,0.676467784473744,0.670769540203567,1.2924850729764,0.356343681444243
"CPVL",0.509336364451067,3.40455487957454,190.421460660311,1.62066997879292,0.677058359172454,0.357450244691157,0.117216317804016,13.823786298075
"CRBN",0.500968338401471,1.25571287887469,0.43380706669642,0.473761481025275,203.14319940904,0.374142885708092,1.47785151471612,0.153597803886922
"CREB1",1.8478990541516,1.07407876598119,0.387829140560879,0.492103955123099,0.396277067857214,0.703373813429448,2.42371912401363,0.590397504990249
"CREB5",205.227980263312,0.332328000951843,0.283705101468862,0.321226778367843,1.39165478330884,199.496691804526,0.558993568389007,202.24534112689
"CREG1",0.937854003699688,2.43198519769138,0.98165230510246,2.76376098990637,0.989906691555272,0.240579855535529,0.124139893882744,0.391537747687127
"CREM",0.573728625323679,0.843609647864564,5.939839398533,0.747222257146808,1.35933635684027,999.994774646892,0.396799041511675,0.310078368810906
"CRHBP",222.568801469992,226.340722586336,0.338818921936556,221.906899630817,221.193390461999,1.03454687666294,0.390587213698513,1.67703129407614
"CRIP2",0.285760750073869,151.953726140507,16.9017029315387,0.272124457648912,0.339959333192158,0.645908843861773,152.854774842998,0.265686133607949
"CRTAP",0.41118305914514,0.313393314756976,0.859715154778185,0.368779357953519,0.588397362966205,2.47471959150638,0.231644941622706,0.583404862490642
"CRY1",229.162172763233,225.670228183751,0.491268437050398,0.533821792164686,221.044197349425,224.152499578085,0.614937251606445,220.140820199862
"CRYBG3",1.29329076009114,211.409581352175,0.298971591267959,0.903542959288634,0.398933089957234,0.989625724253844,4.29466873056781,2.0472537126355
"CSF1R",0.681243283710946,0.789472072473744,1.24007450419283,9.78181238382712,2.50732082232559,0.329293047993603,0.10184003369395,1.02311603807171
"CSF2RA",1.92842714256924,220.054575125877,0.841114169674174,79.0351630204871,0.991616221430071,0.642628859212049,0.31195987094675,6.76199980015479
"CSF3R",223.479522919899,2.79680810052186,221.59618678567,226.605275060254,2.7730700801939,2.21382210024574,0.226474858733902,0.545070338895422
"CSGALNACT1",0.338338946443312,1.30759165032782,0.617180995485047,0.363664983330482,212.442265623302,0.465537547870674,215.38197294687,200.515256566263
"CTDSPL",1.42053172472216,1.05782895370621,2.85420233197081,0.417301052864662,1.11566383904624,2.42043701744673,2.50073115418059,0.543900266795857
"CTNNA2",200.886832048342,196.812238710172,0.353366880441049,0.30454613602534,0.627970791970615,190.241743459002,198.391647758991,0.244145125422284
"CTNND2",184.085367992948,163.292814104536,0.533045062678209,0.134623237250191,0.168470616457118,0.337978632347088,0.31665015612959,0.146094200113171
"CTSA",0.429623738915227,4.6581023772299,1.2378948006626,148.5014953898,1.10807611883892,0.393564811070119,0.250944943303073,0.208906541791145
"CTSB",0.514899770281624,2.53215969416465,0.437411128379677,0.303604604965241,0.358944909252067,0.137219719384463,0.0674330561187456,0.104279083350912
"CTSC",0.883073818823825,202.675325686285,196.506135081335,0.364323412481325,1.79578279944426,0.274007694912682,0.144711495654566,0.659265328696505
"CTSS",0.853533494587644,0.374445210287794,5.5106073993008,1.45425345190729,0.724531199464754,0.211648975214448,0.0959319736253402,188.111241899581
"CTSZ",0.888724705864428,1.6239718567129,193.49284203184,0.650115836635543,1.80081468609984,0.344192942612149,0.178003704363569,0.275626848412882
"CTTN",0.748967706650782,191.640586920343,0.304671735440483,1.89807121087534,0.724656018664449,0.420029543923122,1.76721689042989,0.209314531619406
"CTTNBP2NL",0.60409893315651,2.22282498424348,0.46858047064818,1.00336654736434,213.217828551333,3.53546683658326,2.21898860910336,1.11569453123914
"CUL1",207.495747640272,0.875462164525806,0.516959805153619,0.63226189480368,214.148968319845,0.511605661106887,0.88723883836562,0.240720955871119
"CX3CL1",3.48411948207078,1.26808159150128,196.530768211365,192.349461258031,195.393675755296,201.540091337401,190.280786254056,0.15067708258983
"CXADR",210.931787714141,6.23396021518734,3.83611093668761,200.481439104025,999.903168712355,9.74176326189567,211.863060367007,7.12291804191009
"CXCL12",0.855112199911789,0.97700718391816,1.37121393005321,0.588360190805581,1.17713265691909,0.343069266698727,0.289406275545667,1.51973266450108
"CXCL16",171.070502320546,1.03477171428727,0.37436420074321,1.52276310447925,167.012271101111,0.344561072113044,0.180440202357758,162.874542359203
"CXCR4",74.8232672896765,1.25850284324968,0.287377315552955,0.538739807273952,0.800806295534906,0.209655460958216,0.122060382186467,164.125367278284
"CXXC4",0.858937424384215,224.608341832433,230.500146324191,0.289390296003827,0.660218480909419,0.543077892796302,5.76038490749951,0.132982928420524
"CYBA",0.703197045844493,192.347808559544,186.572997939592,1.62142241764409,188.976572001551,0.200079027893349,0.0902040315683283,0.465857955791082
"CYBB",207.057801615767,203.793781302662,202.199268101151,0.364631291786636,17.3778429308622,0.462500207658507,0.130923135352146,202.658597147002
"CYFIP1",0.764529533352642,27.7378795377238,0.487884880471095,0.594558121919734,1.15665975104154,0.267480826780409,0.131275338588347,1.55907356806971
"CYLD",1.52894272486427,198.436459678167,1.54187061253557,0.304566788886783,0.581398626029261,0.660914956418933,0.463214462907433,0.154472079905925
"CYP1B1",0.565051042860432,184.617894478859,178.122010824915,0.963271866262922,4.43660406779667,0.809961056234514,1.14239326537601,208.329669947518
"CYP27A1",207.917696869175,0.617659890274716,0.195146147767241,210.772777656738,1.14032326878442,0.384313589968343,0.251039080327848,0.624338848722018
"CYRIB",0.661464817569285,0.60425757510886,3.49454296970669,0.447905660743528,0.857216751080977,0.303247678120827,0.304423068771753,0.3313612962515
"CYTL1",0.453232944955265,213.531849102021,0.6872501466675,209.798600555977,1.15970671726576,1.68046195597574,1.04529088362597,209.809505309022
"DCBLD2",157.214862499572,0.773252098313718,151.583019518031,150.864414286746,0.400658761083056,153.893478993099,0.210837851963436,0.42258482895415
"DCC",152.388065639396,2.30246725481427,148.717391554967,0.641719530937827,4.37824873571507,0.766864077055024,152.589940078321,0.214134948980197
"DCLK1",0.753953031993866,167.815616471786,1.15404222887767,0.495207279810775,0.390953592840953,0.977585317065995,173.501538092081,0.0800553578930337
"DCLK2",3.29480876212772,11.4088720016417,215.419903300579,0.199561808789929,0.576924359464263,0.762062947157611,1.49174776342509,0.319540257454246
"DCN",0.120662560718348,50.4639889451448,0.595140779814717,0.661474898395592,1.9282089444507,188.34685910948,0.520211738078719,1.5318594712946
"DDAH1",0.736906951664919,20.1806226876495,143.841026856155,0.112296223023849,0.233206579827484,0.607031764316114,147.094803938079,0.119477082462795
"DDHD2",0.622542226567507,209.166642713668,0.892350043962087,0.441363609590138,199.599191661164,0.720110753035938,200.597448075447,0.132289774370553
"DDIT4",0.335783397639053,1.53950514816742,1.33749242645504,0.0948019215363647,0.280280691845913,0.326853602038492,0.447255583376133,0.319510013703915
"DDR1",0.642727955634177,1.59356868773789,0.15664685725353,0.228588691623421,0.575271802408466,0.601794622348874,0.592740146881273,0.574482169843813
"DDR2",205.498295311807,1.42858247109088,0.72597093905695,0.31722296861071,0.467505444907144,0.433883348625606,0.630382206897985,209.308235851675
"DDX3Y",0.406708818649926,0.851828873592952,0.580031799116853,0.750628206728063,0.810293606376039,0.379037508106542,0.450600596758795,0.279861075176481
"DENND10",223.61852088561,1.42852837931822,220.732222495051,0.314322532393247,0.652662147690869,0.586096550525812,0.359772078653622,0.496634294275284
"DENND3",3.05398073789705,212.353154212451,205.900824776434,1.21283839656459,206.923198264267,1.1425742873212,0.281737857690989,0.918241935211278
"DENND4A",26.0580916932445,1.1843756921541,0.51741956833543,1.21428876030129,0.644121618931313,215.820655634128,0.683616806756329,0.353989686938169
"DEPP1",0.190150906327287,1.12412874591107,194.790681499696,0.683349865201969,0.387192992249747,0.580909632269872,0.484054163001044,2.4251902618998
"DGCR6",1.20583245458813,0.802208955561748,3.85028237878576,6.2109202795568,0.412411332869758,5.85373012395366,0.893184984003464,0.236320924443819
"DGKB",204.020655677638,207.360278625885,0.777923692188339,0.409845051734454,0.839684543969277,191.593655307259,249.475821121994,0.231888485464055
"DGKD",1.04352886761942,0.63532709135812,0.492002275718987,3.25520696730511,11.1957157951417,3.02545897684356,209.249644196696,0.440226542388498
"DGKH",0.458659382457793,209.310392084817,0.484799859653657,1.24587150658828,0.627216778081164,0.547193342410924,205.397158264341,0.367188931147134
"DGKI",0.912976521312371,208.388485976946,194.746133742706,0.411169432726055,212.926819879302,0.770461249843669,214.671232218948,0.248080570418324
"DHRS3",0.571908617475605,0.567240269344759,1.16894875348214,0.547416223930154,0.46905841017955,1.06139081035928,0.571472956387106,208.460320354819
"DIAPH2",138.014824433517,2.36261425052095,1.37424068843466,0.722299508270107,0.580855717765598,1.20277447722091,1.35574195756834,0.948955153359723
"DIP2A",0.653499083712605,1.27627950969072,0.397069434930912,1.23417974421836,0.705951823164859,1.01695731813708,0.541112075893107,0.588907453726104
"DIPK1A",999.998309228231,0.527324793189905,0.421426344362266,3.06270581956048,0.752570224627594,1.3261606515893,0.515768944746498,0.380342057384257
"DIPK2A",1.31847684948776,0.954230806095627,0.298342439208051,11.5941918871455,213.483665973376,13.4551892802584,0.423154567440452,2.86067481675466
"DISC1",221.942649824195,221.914092865766,5.32113484952093,0.866377887529865,219.835903779889,0.901157676429262,0.351032418081976,218.435204738949
"DKK3",132.766645316167,1.76450219765552,125.175252196757,0.0884791761221827,0.203265646219798,0.399304236360865,129.768342412801,0.0505931220675737
"DLG5",0.924584067592241,221.114343614714,1.13545345347117,1.29396835144691,0.673345697370619,1.02393824111492,0.444852826372473,0.564991438528235
"DLGAP1",211.458974400386,0.754773587552416,196.151350943078,1.11232838969582,1.1133068126,3.28744001038799,2.77536196142804,0.3903335963691
"DMTN",0.935775930129082,155.136634002115,148.320782124612,0.379672363229215,0.770433119964929,2.34447460436648,148.697973735591,0.0943086115537752
"DNAAF11",2.26558374048274,191.992948080922,16.3612609221895,0.63883995363427,4.57406779328022,0.732358800325525,0.537713481671443,188.554821847335
"DNAJA4",1.44519570668807,145.896963979262,0.519566508150159,0.493987474624535,147.57950235174,0.331042370177869,0.472557435834321,0.0810135586938853
"DNAJB9",0.565319760402336,0.691941719100475,0.543945846696159,0.718958492487657,1.29942518519584,195.395088234063,2.24042718273469,0.153080747489497
"DNAJC16",219.856566610298,1.8350968995475,0.692446738840878,0.628435586469187,195.920109650366,224.464052584238,224.270055610905,0.205173274926548
"DNAJC4",219.502437033173,218.859502840013,3.26874343232138,0.53404209183724,0.53845925354579,219.03469454075,0.888775580329607,0.323623926867485
"DNER",7.86374847874655,0.478054928999,0.139908588304557,0.510363481967524,0.597780946769195,0.262409177820658,0.629169439963711,0.0578227210048532
"DNM3",0.627762049694452,0.696799333126423,0.394398044500293,1.1117465446151,1.85158476065951,0.396776374165433,4.88798825631428,0.0897451761740487
"DNTTIP2",0.9226307056928,145.06300131968,140.806837937912,0.726202839088733,145.512417148266,0.390120364485954,0.238617620425172,0.159474933780171
"DOCK11",1.0946826665626,153.364789553356,0.731556670313208,1.74057013476799,2.24065610169133,0.609843294708182,150.049839316695,0.25184656582797
"DOCK2",1.18350228714696,0.910453475651995,204.768581114847,205.282386779393,0.595401818218561,195.07295921715,0.233352702945785,211.148772852862
"DOCK4",0.946528578269641,196.897905923577,0.807081329192216,0.343147212648731,0.944324761179826,0.811147000575194,0.294191604969609,0.331208005672318
"DOCK8",5.98474281421867,0.802750410207555,1.0208381361883,206.027109545005,0.878766687112296,0.775259816611644,0.211719789747874,207.022336040643
"DOCK9",0.370918311945173,0.430749265857837,0.191888681867554,0.594267890641113,185.423762297734,1.59735622621417,182.739208647671,0.209305261393361
"DOK6",201.851820779315,169.102799365034,192.115340801066,0.235532227792152,0.468654715470852,0.674366535696864,245.763106083904,0.136837307154004
"DPP10",250.101595989216,1.09627714921194,0.849151476560862,1.56885640591537,0.711275624290375,0.851727883431891,14.1302827382432,0.268438615225654
"DRC8",209.736978537717,0.779026165824669,0.376835970872568,1.87605375096013,215.684221820917,217.153469242384,0.713419306631554,0.461912436060915
"DSCAM",136.772293946053,0.602854248820156,133.348259727689,0.451721038080302,138.856731278383,4.17698332990444,135.908717120122,0.242302907490992
"DSE",0.479768646967557,0.871963270965708,1.06571130485834,0.61321043690128,3.9510321732114,210.428661463804,0.538577979389912,206.095347674243
"DSEL",0.730035224219208,0.662282310495064,0.403334804324528,0.446641759659046,69.4143344809009,205.168503599276,3.21679406546344,0.283456684672458
"DSTN",0.422774475976965,1.31569524472313,0.388054432277582,0.233573423724931,0.519176052925344,0.318767689727863,0.449713637321511,0.0715603904719507
"DTNB",221.861591126198,223.816275019444,0.426551521008842,209.811794273789,221.444322183963,23.8802877624872,0.823075007416512,0.228802342942362
"DUSP1",0.165044981725536,1.25588027866377,1.60181209341463,0.239170388320749,0.296424648432413,0.2238919788667,0.112468533035634,1.09890973791141
"DUSP10",207.254618516341,0.733398158105691,0.332323010304511,207.439945979764,207.702732481024,5.21205768069705,0.426760805578686,220.181714053969
"DUSP16",2.28866326732203,0.846365326565682,0.454997011950954,0.442475325098169,2.26650619224842,217.371439720689,0.849793318137746,0.804914652626817
"DUSP3",0.65826033535333,1.16657583890203,0.25513201130822,136.290247036978,17.4957480139355,0.464480427682641,0.46690724427344,0.142018776377215
"DUSP6",0.286232145922357,213.427809280283,201.347447717633,0.59282374517459,207.963456128051,4.10181811294737,0.714560343779689,215.481293843384
"DYNC2H1",214.270078882696,1.39632660604923,0.665010643118054,0.653057092798758,176.562120473206,0.925628605713978,2.67283402953886,0.392414646995154
"DYNLL2",0.731492645141589,0.654744481493179,0.225073539097212,0.218872378501339,0.585820950833128,0.483942325805296,1.76379934769483,0.0594253581547976
"DYNLT1",1.26769348848567,11.2999898036632,0.81363653216784,0.347524225488635,0.779358922843028,0.99005307004557,0.947296962351819,0.746594806678099
"DYSF",3.38462643859902,244.072952910304,0.31067754640863,210.905570759501,0.682681877740766,7.21025728235112,201.829293098708,0.240519234352445
"DZIP3",206.95867344656,3.30749513371902,0.532022903419616,185.478354388729,1.09780258351518,0.689099460869983,0.474733018555004,0.161787674524706
"EAF1",0.727313693498668,1.20852666746618,205.642886338021,209.054589973212,207.118019065964,1.25754203408142,0.695599780133932,0.138572982055533
"EBF1",0.419709403811168,0.781942310046651,4.06852785191155,1.16137431030528,0.70821392649502,113.381958147395,0.835947041252776,1.02050296913173
"ECE1",0.617837666395723,227.74874451492,0.342870665674556,1.37801865062339,13.0614489460489,0.757728122824272,0.718087290311553,208.457249385575
"ECHDC2",214.860820458116,0.787673181945335,212.804406876728,0.310606913568112,0.486773269648129,220.408378612444,208.790351650684,0.813857754922403
"EDEM3",182.211365349382,0.454966313763753,0.82830356025936,0.853168249462551,183.485885246566,0.778807747413537,0.676095634217794,0.237528922519014
"EEF1A2",123.63190256027,1.9070667354305,110.902164917611,22.6496321150932,1.04750191190706,4.85369129132883,104.682136034882,0.0459497574468511
"EEF1B2",0.63573079431792,0.971965259176019,0.276309171482109,0.197422674358036,0.345114336241115,0.238596747979673,0.110371649828338,0.173586804055569
"EEIG1",3.37435360355092,2.31487097546286,0.135995145145017,0.745868057222803,2.53316121675864,1.12965800522038,0.610262755552022,0.265990444410983
"EEIG2",2.91937905883083,0.512412220566771,1.05740906555819,223.968327967843,1.02665895609126,18.7020250903792,0.618483269371283,0.207857375290412
"EEPD1",1.41529088565408,202.23232505881,0.458344546204044,214.199832671973,1.00534630150963,1.84826253692423,3.33209457444113,0.581334003202589
"EFEMP1",1.26975137461599,194.552079364977,190.349655005307,0.0855250715038407,0.424569592466792,1.23824942343527,192.887387069035,2.04037659934789
"EFHD2",1.25808320207056,0.657659599071087,6.91986328238939,221.601523767082,221.445638885939,0.513244278854599,0.3780122988908,0.323719197893805
"EFNB2",186.832772571845,187.35090916377,0.944342956611049,1.48431612324862,188.463409457079,0.556517892511218,183.047739111874,0.365867798147864
"EGFL7",0.161900730697512,0.937854119933289,2.57095460279869,190.227655314194,1.38507389187808,192.673637845934,2.78358006252986,0.143850558663088
"EGLN3",0.72368351157453,9.46206293571722,0.244216624961373,0.514280380040931,0.397371291526435,0.722948580117073,176.070569923401,0.389612188132808
"EHD1",28.2793243684728,152.197095944094,0.427359625282433,0.381493417778244,1.59124064443262,0.486823914521134,151.14048710091,0.303392690415339
"EHD3",185.576312012562,1.28794533542327,182.524803236952,0.396145726579499,0.317943972847697,0.473332134921194,179.945784250603,0.136140271332413
"EIF2AK2",0.800908338697209,201.343661804329,1.97811369847678,0.349988618471085,0.463384049526165,0.5694211569881,0.328199236425867,0.218414084733782
"EIF2AK3",0.770860879647431,6.23421931121701,0.362881525515687,215.047377450824,1.35143555400744,1.33208748913685,6.80484649071236,0.245569263768072
"EIF4E3",204.879490355951,999.999826135607,0.355805242994207,0.679213311604785,1.15209564733766,0.571512545453766,203.07391667222,0.258770113775512
"ELAVL2",146.818018054479,0.392205993509829,141.763072582506,14.5986627611085,1.62932376429193,12.8329279547919,144.771041453019,0.0593366572411056
"ELAVL4",168.682480918103,2.90297644303018,1.21395616447095,1.18723312562111,0.394286712098538,1.28459958614489,23.0034672331564,0.06317780267578
"ELFN1",209.350099690865,209.952531369329,207.699112769613,175.944368792031,207.694883120818,0.446549233828599,1.3553070866533,0.171694612753278
"ELK3",0.812935599579174,1.48028128712018,151.54735198209,0.754730930693512,155.696133361699,0.557105268181634,0.335015228093149,148.820041137605
"ELL2",198.362147305106,1.82912655039642,0.371367607968666,0.479795661136353,1.21002897699056,0.436910259523047,0.299085075120267,1.09092441784177
"ELMO1",1.97269599147495,203.942187349584,0.105887892798681,1.22795006206154,0.579682918736153,0.613972678073946,0.61228725882216,0.352535686893629
"ELOVL5",4.07960856517825,0.623856189033146,0.279315680833366,0.446272225337911,0.288818234114715,0.408095502924179,0.326102685674115,0.114196021436778
"ELOVL6",2.20339491070859,0.704202072510372,32.1544932288329,1.28549617429354,0.551956985053951,7.18724950296031,150.154924016523,0.200046164931887
"ELOVL7",0.265186952600335,2.07391050093077,0.555690564411087,2.35912166691789,98.3662199524693,1.24708054080506,0.900757709389667,0.256098848678445
"EMD",0.367879372301406,0.894827824080642,8.57357799351918,2.5558438917125,0.920340607280072,151.684854284712,149.038648779212,0.30654265368437
"EMP1",1.19309164868515,3.15833685868195,212.654555311587,0.226931115290442,0.917183455406966,2.71437627904332,216.553759773521,0.605322031919399
"ENC1",197.250257587648,1.57709612343095,194.24222801242,194.064774516751,196.705496210681,6.95100054565189,189.371512404379,0.114784935878761
"ENDOD1",1.04120953965716,3.24534931857919,0.219677496766409,0.619115963197588,1.55082211915531,25.2514331251515,2.30687426919559,0.175272796317854
"ENG",0.169624915235753,1.81897991891679,152.150957298817,0.762390193986659,0.771138008223174,158.91016555972,0.363658692313054,148.688204486388
"ENKUR",1.25129305152353,208.280537585741,2.06988077787861,0.707587224744882,0.685754217722914,1.01967841001358,0.698114286039249,1.76523267819531
"ENO2",179.436982984185,178.724347585786,3.40715641975181,1.88098765406208,180.955772831146,0.378329758072826,0.537932980796007,0.0576293161402368
"ENOX2",221.987066353312,222.74482924348,0.426657681705029,2.67343524564299,218.110151357101,0.843287089361247,0.632820037305858,0.779273992652072
"ENPP5",1.57746430432366,1.67094399514508,197.138627070759,0.6591840443627,0.55199250468248,0.751878647658357,8.43833590046644,0.143208525016227
"ENTPD1",1.51037206822351,214.744562960582,0.558604000413324,228.016080085864,203.748771871939,0.673779544269187,0.215234291453885,3.15886580102621
"ENTPD3",175.18753750687,45.301204826998,172.794247560572,157.747919221243,1.81079087439873,0.726598092102217,161.845366604178,0.185412722015522
"ENTPD6",192.955593050833,1.54811228042843,1.27434011839937,217.425028074771,1.4528612359945,11.9484931890765,6.11159590507278,0.116483480264816
"ENTREP1",1.91005739631888,218.571552239115,1.0844907873108,0.398540945244934,0.700453019771036,0.386488201870608,0.70125325097452,999.999985244279
"EP300",4.07067431806189,1.41726832761865,0.285745965494633,0.309813753987566,6.42636983278466,37.7423050777815,0.596774596818045,0.362455989824735
"EPB41",0.793115302422373,212.884961936548,2.41466550010469,1.02036720656047,0.406658688398701,1.50263089854015,0.623018771070164,0.295465786911407
"EPB41L3",7.05685849682555,0.581853948035637,0.352906034188221,165.922323658533,179.197731397477,0.419256113081266,0.330386428656523,0.0784283410028483
"EPC2",215.310046260553,0.844946959204563,0.514725724928608,1.55966355329434,210.508663810614,0.641335814725608,0.623669177964198,0.530263348259683
"EPCIP",1.2364071746525,200.691329279467,2.97321723723951,0.292698003981169,2.47470201930152,0.929398443589938,214.139336825001,210.304334776645
"EPDR1",1.48151784317245,2.83589258807503,3.72127400093842,182.641066132453,0.418372635455841,0.605700215856707,181.398877254273,0.0652086651054746
"EPHA5",130.024959379543,103.948604024731,123.530533926332,128.223571576269,120.964104817662,137.266326037495,24.4911193327645,0.122186766219146
"EPHA7",0.938250030110789,1.32529267787462,7.56511401787091,163.243628377005,166.34551029884,176.3851410506,0.561674777676812,0.422861244367341
"EPHB2",153.806729599902,155.283369574542,1.05644174824634,148.489768857867,154.228786796703,1.24487608553826,0.997387503022121,0.301441682270972
"EPHB6",209.740163422322,0.449112256474016,202.357300781292,198.343207855142,1.933968802841,188.735769598883,0.416933580549059,0.384620267480078
"EPHX1",0.746236520827819,175.914322167021,0.768959129844777,0.12396839321094,0.207163132949587,0.527439368874514,0.842238547505811,0.263972711782889
"EPHX2",0.968877194478074,4.45766106730473,164.009429386273,0.894947927198213,0.811371925480684,0.59343539546215,0.631661259330587,0.323183602240486
"ERBB2",226.429088084982,221.86451917492,9.11361079591248,0.278951594615912,1.22342898822626,213.801615744864,226.316026993068,6.8125370436379
"ERBB4",201.312515775018,0.468115523296983,0.682290948186829,0.278756173963477,0.785977867433431,0.756736474571121,197.1269298735,0.174336179666972
"ERBIN",0.338087135672231,1.58789533976839,0.115605761446987,0.197544725529693,0.310433594501181,0.322118600784052,0.68565249001103,999.999913652916
"ERC2",22.1937594286697,165.851233865741,164.292501949866,1.18602393652266,173.755458188951,168.10043555109,1.67850311851338,0.107885682960172
"ERCC6L2-AS1",1.60067101445015,1.87712943279537,1.5212580616899,213.755493537735,214.255752569713,0.765979894148163,0.317140850636804,212.189208918518
"ERLIN1",1.05803237718822,0.551479887096283,1.93392422957037,2.07763436741163,154.237980754644,150.420795875989,2.80791011973985,0.46935218501643
"ESRRG",207.631467297255,1.47154298816241,0.835948387602468,1.30276946477863,1.83760886674434,45.9947418061929,213.528224750458,0.211011935046584
"ESYT2",0.44150572105288,2.73149800539035,1.02287650546144,1.81390192747468,1.44444739429176,0.462334990262977,0.617037868799138,0.207684654063228
"ETFB",187.039697612219,182.770496603554,0.53597884190147,0.294243295810061,0.351442033192137,0.645298820250913,0.455819532534024,0.167457245277535
"ETNPPL",196.671265718614,0.657794305709969,180.845073843592,0.0861081074473122,0.274671103523118,0.499659631861009,186.253615992789,1.04433141619449
"ETS2",0.236922071714793,1.27140471262445,0.646497533936622,1.35073176588531,3.66361786484582,0.366651015682558,0.318039886662625,0.304054487229351
"ETV3",527.963025505321,0.668776190890416,0.401198293159214,210.717953327607,1.69574478302852,0.937118496000658,212.71505302888,0.454511311417689
"ETV5",0.774876426698197,1.21496840105001,0.250042540899134,217.254914312496,219.732074595911,0.589925457863526,0.660073543683154,0.379803151010644
"EVA1B",0.443976765410917,150.014588779278,0.799208624071687,2.15098293983646,3.83822830786651,0.573519274829223,0.669662037162904,1.41398585704638
"EVI2B",135.082788774827,1.77322142830354,0.537631690319797,3.55240137058543,1.08777510625316,0.467079933595295,0.192676643667653,209.403937226058
"EXOC4",1.52274898120518,1.3032821076778,0.601550457380921,0.791647100534733,0.627725715804351,193.455224543846,1.15535425035826,0.188494873567205
"EXTL3",4.73500372429228,1.04614094238217,1.25052576886961,147.719615191481,0.557400482037277,0.52732428020982,0.704359906640503,0.230000586152464
"F3",0.393362820013951,227.803089977245,216.995598699214,0.544816137821581,0.541188754960106,0.644232390268425,4.13034153331358,0.7854674644406
"FAIM2",14.9653263229237,0.43081289776627,0.207743559606188,127.258197743772,1.17670962557129,0.369321234186843,0.368078803692816,0.0629335094190916
"FAM107B",0.461948469196839,1.09503046456538,0.0830375297603996,165.082694370011,2.72050421009983,0.42906007678775,0.425098831720374,1.50472253881862
"FAM111A",1.55510306549486,1.38817613587462,2.07824392681915,0.782241820018787,205.890192424913,0.565400016221014,0.743241396890311,206.140154754832
"FAM120AOS",0.451541017166265,150.434241929343,0.991285338602294,0.39378351607533,149.650121270902,19.3045894812009,0.499436264920352,0.302076092247386
"FAM13A",0.767154569320056,0.700124741865496,190.992522787623,0.302654810588245,1.35451158198198,1.67565329522355,38.0040063869062,0.317921098447259
"FAM149A",1.44188497246536,215.333692674345,197.514557662788,1.29835131049865,205.895641739865,0.514923251029594,0.376494494767324,0.523613896584777
"FAM153CP",223.894558777337,222.522914661774,220.116024548357,0.393141357669398,2.18624951747129,224.049288250914,1.12784236058959,0.431909166301569
"FAM169A",2.26073048419704,0.953569315281247,10.8077009029871,0.349943560316475,1.1923206774757,3.09230785586237,4.55546883834301,0.170632078489064
"FAM184A",215.374250222268,2.59587828252622,119.818009911657,0.498332352188662,0.476595630697333,2.00299600034462,215.303051001962,0.391878551732399
"FAM222B",148.343851175955,152.075597049351,0.945477569464861,1.5587755264771,0.699861893732691,0.575129893472328,2.11081629555222,0.264287555549724
"FAM234B",150.065076991416,153.482905355207,0.877879996841693,0.570871896989144,1.49178857881938,1.26198943521444,0.942636634032327,0.24129705547489
"FAM241B",212.332956339213,3.43619519775598,209.747609127626,1.8973887617625,2.03954475507374,1.40441197610306,208.289965951895,0.192949038744092
"FAM89A",0.820124260284625,0.589283051631153,207.125694434469,0.170576962412423,0.524641744448979,0.818508109185293,0.566812747893898,2.58150112012657
"FAR2",0.871784813394941,0.831964618110055,0.82875873634993,148.410575182258,154.549554467525,153.782959877346,1.53474829153631,0.407076117269697
"FAT3",189.797982764704,1.59547948565412,2.62432261024918,0.138011623107033,0.399187558228104,0.770649562298849,189.811526460192,0.322856849795957
"FAXDC2",225.786600154883,0.890826733601539,0.249031855588316,0.799363572365978,19.9201156333517,0.774879427121014,0.375564078923668,0.597044652746291
"FBLL1",181.286136995602,180.872755747471,16.1168994554443,175.252909986167,0.698398689044462,1.48975743139128,1.82232413907449,0.110248097322787
"FBLN1",0.30067497976076,1.0153744338469,212.469864759256,0.337903497878937,1.17541538764149,213.977690672175,6.64037149786603,1.96011598778645
"FBXO3",0.65199038002688,0.972118602720595,2.54027291938558,0.465792633563116,0.645123784782256,0.719307401863876,0.805187915982164,0.183955455321556
"FBXO32",200.39558840361,0.310825351203874,0.244032005389573,0.442087413617638,0.431016216441793,201.790323165509,1.23282570819831,0.61266375760642
"FCER1G",0.346063612172136,3.826195450868,12.3275029271852,4.45283010855632,0.876820265459191,0.376282441896612,0.126739766519053,199.619841825379
"FCGBP",1.02914423348061,0.913963918445869,4.17183905648669,205.188444299104,0.618988020074932,0.19532884024676,0.103523140862404,0.7370762741194
"FCGR1A",0.605580324264044,0.533695305064428,15.1242407219214,152.441726967813,166.163297881838,0.473651232436568,0.246303344614933,158.022124660886
"FCGR2A",0.689806524410383,0.851788100429236,2.8806330293493,0.871357449619726,203.225071548195,0.244249972735206,0.112742625134594,196.267437942512
"FCGR3A",194.040739340895,1.81682181523,195.212839961969,0.294191871391553,0.719971922239986,0.198395092190234,0.103247469332705,0.753767612832374
"FER",148.590590093165,156.088827153495,0.355704547623387,0.750313048821377,149.941891722758,1.69188536976765,1.25209103235391,0.581215948901802
"FEZ1",0.789058120495099,0.880541018156939,0.0711826489321793,0.288408405432999,0.372039725194391,0.323071055329799,0.387147316159127,0.238470022413152
"FGF12",2.38750749864805,164.12620440416,158.01730305171,0.271884041973831,0.497094627861177,0.43469984073024,161.738220415025,0.0748546344684449
"FGF13",1.77479555408485,159.520687695271,187.518601788603,4.18174488815934,196.858419003156,196.930481748102,188.813793082778,0.0882716923840568
"FGF14",1.56407569545996,0.598049108126699,1.46927561213562,216.096804612795,0.582588961207902,295.661362662597,14.5869587595991,0.208894549396466
"FGF2",211.005436320557,204.568260130533,203.32259737405,0.155995792500185,0.419074511034728,0.780753988764515,0.535275979257232,0.54552795731079
"FGFR1",1.11817003136644,4.18069612761945,2.23667824943848,0.412206449482547,2.71107929987328,145.258479999521,0.580680989964651,0.172745527375347
"FGFR2",199.803803358346,0.683047918458438,0.108877056533984,0.5097258952419,197.414369894323,1.41804062573891,206.261992339135,1.71722544783467
"FGFR3",2.76892460352632,200.6371273506,183.659972216438,0.112904355254531,0.206578145900664,196.444151956089,195.531620990812,0.821602540176879
"FGL2",0.601766147377648,99.7470269602671,7.35938935633991,0.888085559864583,1.97765143927884,0.277703888292418,0.14914142534343,0.562082832362857
"FHIT",0.875132713693092,2.57014542508898,152.788779073632,151.801738470494,0.701232428994749,156.824503109405,0.980911160564035,0.303259821007241
"FHL1",1.80224398428131,0.776036403021815,3.82804851452886,0.315490209305829,0.981916455273942,0.377330540949109,2.33757210560469,0.0984851635103821
"FKBP1B",1.97481038671634,1.39440007679292,185.537156747789,187.486170100366,192.057920250389,169.439359416833,189.299815907232,0.138476956916135
"FLI1",0.930856313972752,0.60497671692585,0.669264221930449,218.393235626974,197.729283591954,0.819440008909452,0.256029994556211,0.679792312747521
"FLOT1",185.045201531438,0.561514762301266,0.255641370305427,0.633170154720929,174.040139654149,0.414763936351073,0.475715226564108,0.120820422170458
"FLRT2",175.612179630563,211.957233104175,168.508404827618,0.284679566666803,0.464656693630154,1.01031068701665,206.451104220507,0.165338545029622
"FMN1",1.08234865558651,3.34638384903172,216.691991679221,216.520778075836,0.613917375042374,0.529069502543238,0.401106281475662,0.614098444381766
"FMN2",11.2731205482043,200.834548636986,200.164121858375,0.184027046207339,0.320818701255379,27.8654977650955,0.945137893185268,0.258422439239267
"FMNL2",1.01944132305051,171.234315317759,0.0940380928406496,0.182727546786104,0.306434177467557,0.496551329120021,0.396993871998772,0.753572480761344
"FMNL3",1.85010397565693,5.04479337186327,217.531502523073,216.660596965072,0.563865104313953,0.394272895108853,0.274376741477959,1.0408901587697
"FNBP1L",1.14942437423894,0.549853371537647,5.16120379052423,0.519145623591157,3.32680062936644,0.819127752476921,0.74512241340164,0.293080589243244
"FNDC10",203.952344786874,2.7502448668691,200.587437101862,1.71210732421827,197.385956685025,1.02122220541981,213.104857995516,0.167475455300666
"FNDC3B",0.812116936739552,3.89715970794986,1.23435348715777,0.608195560675531,0.763829744908847,1.12702329630797,0.465376227845458,0.763137484166384
"FNIP2",0.780356134021721,1.10288531606534,0.208224254408287,0.37339614878433,196.337034607067,0.556637820460036,207.319664758698,0.422705171714318
"FOCAD",187.449469098183,2.88030024845375,184.504990302573,1.3572304438878,186.635642246228,1.10873227100265,3.21234307794875,0.155049232293234
"FOSL2",0.268889255430882,2.09031396885722,2.97909711650845,0.510732944147799,2.13156845107299,2.82271930181762,9.95897206807862,0.775252318256489
"FOXP2",203.218446135439,204.260512242674,200.304634267983,0.497979550357624,0.962254400221261,196.818667722847,202.551364077366,0.221551813119577
"FRMD4B",200.164245597902,4.22511319586006,0.191053306207995,0.679714504918004,194.382891513331,1.52119489981673,1.1769245895437,0.539656783207635
"FRMPD4",1.0998821885339,217.206244834967,212.427736775886,202.250150111549,211.910031114531,1.57304756111854,207.646335157543,0.146429497699886
"FRZB",0.29346114415638,1.96572671568964,188.010380214404,0.796260453550631,213.248153083784,1.99596116833731,210.221219789836,0.392014283659692
"FSCN1",2.27218510496283,0.67802819284053,0.155058809443166,0.457226307506724,1.9430434077302,0.25230393988042,0.43382486645129,0.534782544572898
"FSD1L",0.384198013398737,4.20611458426263,202.348088315188,199.19854165129,196.752023730619,1.60561553301017,191.066282771448,0.144516541778025
"FSTL1",1.08270188793794,1.63786348785743,178.713575961515,0.442290529006067,210.385806723764,0.696705082967463,0.739669097298475,0.655536267079254
"FSTL5",1.12255262000158,215.560538009656,210.133277589767,0.81155569079822,0.782797674489722,1.19805668233909,204.518888359367,0.281219727927385
"FURIN",223.998667102367,1.89010060364446,0.381918519287625,0.702329615437861,223.068875957565,0.995762375883188,194.997122555398,0.358361326577958
"FUT8",2.92203069773802,0.989209425760919,0.281588992717814,1.16106997868875,1.11218751845649,1.03160366464858,0.57000071792343,0.390990210400654
"FXYD5",0.870907270367309,222.408784835572,0.56657590269824,3.14799687772537,222.663302842829,0.571696806950081,0.185925347334973,216.794170654191
"FXYD6",1.03525115121845,0.572168250268512,183.044222844366,0.520431294288466,0.659167336389071,1.15506580282177,198.457432874253,0.116915500539419
"FXYD7",0.500852485048994,187.87381747805,1.12903880838518,1.6549573006037,185.851759314763,1.86284349664187,182.607758729505,0.154983918108359
"FYB1",1.8855305735246,3.42977308224394,0.682147213595506,0.577912171138606,12.9650566078787,0.478405773030093,0.185673293553583,214.951875246369
"FYN",0.868384406426058,0.545319457679191,0.453608738667552,0.183528890742553,0.409743111199047,0.988769704086183,0.528335408109267,0.180103088696103
"G0S2",1.02805875250068,0.823930779801201,1.25237537145321,0.886115018185802,0.823865757333063,1.93420443534428,1.29398917477941,0.67612099369735
"G2E3",0.470921572386476,2.42244243448984,0.531890764629908,215.027180177226,208.812899854575,0.807362010790437,0.484952661003996,0.638138417401849
"GABARAPL1",0.931489669972978,127.18741204032,0.923459860036186,0.359635059005077,1.44039459939315,0.795869332408164,0.525673152552304,0.0705862852618702
"GABBR2",172.971738501525,0.471058004974269,175.631949984256,171.332600913021,19.6932315141519,0.58531435980391,1.96357864616854,0.0990366007588147
"GABPB1-AS1",1.16171238289778,151.962228437274,0.317305164571183,0.774609926411563,2.42500573902862,0.472413148748137,147.351216763597,0.578122324807332
"GABRA1",199.213866054231,0.542646683299241,204.952832289969,2.13388570997471,63.0533340968287,1.28999062829844,2.03071694488743,0.085510899948084
"GABRA2",1.04812567156863,2.69246333483693,0.789203381292128,1.40275651211873,0.482043549234967,1.17742307383727,4.76198602857263,1.04967484728032
"GABRA4",202.956311347395,2.16480451317284,198.748921472936,1.69585388939283,201.351195096187,0.786331918325752,200.506779738202,0.188163787458779
"GABRB1",220.511338050365,0.709803073780498,208.240768109501,0.363733939293421,1.49018326768956,211.465808388039,2.94573256396758,0.158337068000661
"GABRB2",154.610088110652,201.303925227151,176.66813837104,0.427382505576682,152.96124364154,0.538588210346687,1.34874271116952,0.11064808892879
"GABRG2",178.536855044423,0.645057430306876,174.750430179284,163.866604996999,178.351043913382,0.320213570363469,174.719581957573,0.0732787441022708
"GADD45B",0.328772955431125,1.78879072990836,0.799563505559878,0.325157092114098,2.56284240830849,217.845515950244,0.637739747367195,0.396227188765392
"GADD45G",1.06682601246231,215.636121563743,1.02255256809915,0.613242372379839,199.284125564079,1.16207264562116,0.498474493939208,0.559648667133994
"GADD45GIP1",1.21869955550027,2.50235270574209,0.295414638046321,0.439982851820872,0.416136331411505,0.327355261237006,0.335068645182627,0.185551886756124
"GAL3ST1",1.75598232662445,5.27483085430111,0.255825564098816,217.711871361786,0.744961408680048,220.87317506989,2.52881552636958,0.410841943831356
"GALNT13",213.940552324018,0.535795984541888,1.05276092273622,0.308782320772269,3.05893444034859,3.08970109810331,259.295875297177,1.03651314427609
"GALNT15",0.346779370426546,1.37488811623145,0.273544283410271,3.11335803317074,0.7299323853389,1.1943300895783,0.738452174569439,212.184918784054
"GAMT",198.815599922403,1.03309405671055,0.36160526545716,0.786923082198011,1.47658649815759,0.750328049313056,0.651397561213638,0.195708039452404
"GAP43",999.775525837397,0.488842283188044,167.44325523358,4.16615225952044,27.4323910563139,0.923606586623,167.521419644803,0.126623588985233
"GAS2L1",0.792520460064852,10.0251954627416,0.585687915081001,0.242803918783717,0.797370702895983,1.95736725574496,3.94460325459211,0.245569801683389
"GAS7",25.5686580320079,220.259773965724,0.217055929846432,2.56784866981015,223.452106330694,0.408448402726166,0.359992427239709,0.814043557863024
"GASK1B",199.212251144025,3.73819440380668,1.93046286143308,0.117423962447423,0.803713308680295,0.468003046928391,0.997939641482998,150.964016838279
"GBE1",10.9400343280311,205.812026250007,188.711204245706,0.85224874352239,0.936648226668779,188.007174085445,7.33168221069068,0.136689270279659
"GCC2",175.335722807061,188.101324204013,0.378717572650423,0.262220217576454,0.551103049877656,1.67769577009926,177.456937833456,0.129184718263802
"GCLM",1.03729419117916,4.07232843723939,1.40604094695062,0.389270781794137,0.710772105651246,1.85990592364113,5.36614595486226,0.120042715983647
"GEM",178.5560659097,0.640177148360058,209.350970733339,0.24474081959046,0.761620907608501,1.1500300043502,0.717427950970013,222.634843472387
"GET1",0.484451200548434,0.692317623759004,0.470008642870299,0.531306852914438,0.676691272913826,0.699826303217982,1.09259045208413,0.151357231437818
"GFRA1",177.515929947555,39.9689682356261,175.818767318426,177.965091928975,1.00169966526152,0.320858060296041,4.94627593946516,0.0710012661400764
"GIGYF1",0.947475500115364,149.307371534176,1.32315596668095,1.12724868812853,0.795829898107785,150.951280644454,0.729657269764505,0.797746105160113
"GIGYF2",0.612969924592022,8.71753423239726,0.431864494617166,0.621394019127829,0.990838158331115,0.848640434946375,0.431850173425666,0.267763469128604
"GIMAP1",0.394028259581114,5.75061092701827,219.754993121499,0.702588109615663,1.87396394811442,0.770112349036668,0.881849899209251,222.196142950879
"GIMAP4",0.287891366226699,11.2128857616004,222.464237149216,223.762037728714,220.119234008637,0.486551849450037,0.212144477827151,220.793799249867
"GIMAP5",0.537654704129076,1.22905777896116,200.282272883783,0.489037779720153,215.345322157751,208.631938087974,0.793211989802337,206.681553985196
"GIMAP7",0.30986114050168,227.725691989728,1.64437578302312,220.202803385741,223.787444374232,1.4039063274323,0.527800722121796,220.993700047008
"GJA1",162.194727249799,0.718695006213447,151.870865431801,0.0342957618464919,0.0930049855514859,0.209191921993086,168.708792789724,0.417464685749404
"GLCCI1",999.998978701002,0.873068837090083,189.423425641377,0.771563990239403,16.85720739238,2.04874437123701,1.65737353751012,0.381290265639895
"GLCE",0.451216772045262,194.110010207148,0.52345066002815,205.685779910614,214.801336147574,1.05575285644142,0.803190753921547,0.43244412241451
"GLDN",213.389272999631,0.746348961844525,0.252285193740021,213.109370322857,208.767166558399,209.948909606204,0.598226179589255,212.48435146411
"GLIPR1",0.648067713013783,1.14173352051917,3.21512647729947,0.551881720246852,199.335348135379,1.01119758646612,0.222008668248917,1.48673945443864
"GLRA3",0.625869495313892,203.333833814042,194.405735658291,195.894164025255,200.326350975227,1.0081533704809,196.13192834956,0.138350476565071
"GLS",1.30405814555576,0.924652630368118,2.626541123157,2.23264704404322,0.475288164768072,142.537188262317,0.53324462398661,0.0652440555111892
"GLUL",5.51155395809602,1.73349835206095,0.0806558080876466,0.0620245127247469,0.124215787949098,0.162859435854856,0.20246928912102,0.273859077392032
"GM2A",0.439333638102763,0.653481815902413,0.563796569428108,208.552395603355,2.30677245535322,199.399829808618,0.227181009978347,0.526714759120414
"GMPR",214.005628568168,203.385881352948,209.024684833787,0.159400342955568,0.493853480600813,206.204709992693,211.475143368018,0.797997603963035
"GNAL",6.43682035406566,0.774209554365989,1.48358954956491,0.311873331155494,164.428798715346,161.199643654423,160.781951350725,0.142369307687873
"GNAZ",153.977944215445,156.828121730627,0.195835318805966,146.349219400765,0.460522947006028,0.528973137216342,1.5759079347983,0.147301026477764
"GNB4",0.969258812863596,3.18977770509565,208.653926057038,1.07652396653443,206.127991005384,0.403358527189757,0.184984764006191,203.400662161879
"GNB5",3.16187309262441,182.591952934648,0.897683951902092,0.967173482852412,0.765743936817346,0.530720822611571,3.70311816515483,0.106099467236371
"GNG2",211.498852604048,0.957804870903111,208.487972053739,208.265987052677,209.759028402945,1.25371115199827,0.332553487384312,0.132630138223769
"GNG3",174.275181934122,1.59423657114049,169.843325797334,0.482552667149256,0.939618353315696,0.483046760209304,171.177541295723,0.0592234706529488
"GNG7",145.773334955058,1.42096099147482,0.157266957642556,0.272639810928498,186.129206359426,1.20785469529411,0.692515658145599,1.17126978967249
"GNS",1.12534246873993,0.741104264449364,0.547818665223864,0.541968497015921,208.74989048034,1.6930510800136,0.565117883588417,0.212215791773862
"GOLGA4",0.661079932316495,1.02848685216209,0.285508539775377,0.227267005810204,0.745811823440884,0.386325351060959,0.269820727806804,0.233546940597378
"GOLGB1",0.984268429682468,0.490191125247191,0.636997527707812,0.198771190197364,0.236616989772164,0.355322917718505,0.512981867454473,0.187127586581322
"GOLM1",206.127538591453,204.387037439137,202.092613679508,0.309289108799209,0.615617520204997,0.400025480829973,0.270563273003511,0.275134239908875
"GPD2",206.339703012591,825.168515580132,1.56308509915625,0.238659414489435,4.47436320331218,0.743651372484815,7.47312724066758,0.425335086860911
"GPHN",1.55493551574739,0.581477084376952,0.708541106000831,6.54041286222255,215.689603584856,0.674803781677029,220.719142141072,0.237003868988208
"GPM6A",167.301124886737,0.227848957036869,2.10961319594488,0.0908662983275951,0.20767228605084,0.297224349385672,181.464898235418,0.0885682624169993
"GPR137C",3.50818475721914,190.869680652127,188.0447951899,0.463665881379861,209.267806205327,225.5150431182,213.177925030214,0.256239165049
"GPR155",185.982248842197,197.632969102685,1.34334201857308,0.295840574565499,0.436837997585369,0.530484048090635,1.47926297807738,0.167948000388644
"GPR158",192.379884303693,195.721626946677,190.210028559581,2.16543026364187,70.9022052154331,0.926066217347228,1.33601725381071,0.131225036221937
"GPR162",181.022148087189,2.00054465067513,176.832217832658,1.6700262232297,179.945688850129,0.800065234415161,2.22901736837395,0.162062033465999
"GPR183",211.535196810234,3.49774362487058,208.943078255039,1.35096316113232,201.454067514771,0.437638524802133,0.228437170724863,206.866123632334
"GPR27",0.951289023858466,0.71280216453733,4.89774530284129,1.60166594456482,5.98272097364116,2.78790761546538,195.263924807046,0.265130277786609
"GPRASP1",0.554161515371746,0.541470590681409,186.636037428081,1.2504370654061,188.614123492444,1.47376283373425,11.3792490140182,0.102036856690725
"GPRIN3",200.871307571872,202.277094232525,194.94014042037,0.4533531372252,0.622451832538948,1.66116104706801,1.14486624660933,0.140957123637078
"GPX3",1.49369727833932,171.93355758561,168.063956635901,167.267069095664,169.692117912991,0.464950161116485,0.280112562448851,0.0605646164792891
"GRB10",0.611263491929138,181.376202689174,0.576834676553123,0.450190882167073,0.981173887529611,1.36239504406642,179.453118395344,0.161191274710106
"GRIA1",195.876991493909,3.66495776248646,154.160453399617,0.839101796592282,196.122909012934,196.854914680209,193.341786913475,0.126744242041169
"GRIA4",196.360205513724,0.351753967642106,0.288386126949726,0.836899976049705,192.741722560657,1.09626431300076,46.2201132255125,0.18789726424723
"GRIN1",173.610979400905,178.10524061929,168.92394537576,170.21251291904,174.984616054864,5.3300383435429,171.174420507452,0.0602583473026926
"GRIN2A",261.995088433921,205.40910568576,1.81169385362092,0.803147112489553,0.636866851725934,9.07210533373438,1.27131248331773,0.152110661023226
"GRIN2B",1.06659803222728,205.349466106588,195.777358651315,4.04413970867005,194.276044059478,0.507255686064052,0.357339357144167,0.174163591076034
"GRM5",1.05068292997957,0.569371388475211,205.049921601692,0.571847419148785,0.51805918594086,4.25695436642981,203.438104978314,0.410754429573542
"GRN",0.59662647033289,195.817953255036,0.32831307372699,6.85821182777809,188.980930526263,0.282277939943846,0.115170810398837,0.340809617391321
"GSTM3",145.175176797915,0.67257954614171,172.519510217968,0.245249467724874,0.498953674956609,6.25522293214783,0.639616440315087,0.180592576446949
"GUCY1A2",195.252480572405,0.485113035152159,40.5446072206558,0.410884479617769,0.85202469379382,1.11608073510241,0.644817835426519,0.203625174251243
"GUCY1B1",0.950752243755483,0.858117404256554,23.437606230698,154.338368454632,0.658142284140411,0.420965964413232,156.598863699504,0.0636838382325895
"GYPC",0.808698669051697,1.37714393391797,0.560629638420126,2.45324436836961,206.763690965255,0.412816453785569,0.164867949139195,204.973485411085
"GZF1",153.07092121146,7.77030497347077,0.40706698028375,0.683697712695969,152.354852580985,152.202063834432,151.392777343104,0.28780073896087
"H1-0",1.73324363792193,2.29284860047907,0.726155645412132,0.944661000276259,1.10693653585955,0.547443549567239,0.344218146626932,0.663138462880557
"H1-10",0.382624351182607,0.479735080814044,0.663548863609991,0.342006897182481,0.663795627082538,1.20868213300342,0.502030935580998,0.274879743072515
"H1-2",218.815699017446,1.43410950714638,0.618145211451315,0.676114549386855,0.747661709688692,0.756138508947281,1.45137737790443,215.373194795374
"H2AC6",1.92114983748917,0.594734370345767,0.326643750418812,0.429274863521985,0.478863038000961,0.510945047733251,0.407422208000156,0.66610544953788
"H2AJ",3.26150971905344,220.892406117412,0.654149591556392,0.773754645582759,0.758268602665946,1.57128277433276,0.513106420876048,0.375780613368073
"H2BC21",199.219688601259,198.022112174076,0.225824729362067,192.530277118124,2.09453373593733,196.575203556151,0.644573035997257,0.428130865313254
"H2BC5",25.791119950755,1.56690129725338,151.850755852835,0.836570717395874,1.26484870910287,0.538972569951954,0.232389726509392,148.91377140602
"H4C3",0.716206790290669,1.22439395842013,1.08075046400445,0.182413013613368,0.409928722261019,0.694109488441194,2.36237654072527,0.90855852199704
"HACD4",218.81266009802,0.960114463871096,1.29322906878049,210.706375270866,3.42128896859029,0.564242015018473,0.218335206081792,0.775501557556287
"HAPSTR1",2.19071203600343,201.348181372617,1.11624925364618,0.459879513503438,1.65176787457266,0.559375814460156,0.414415284530728,0.201268680444209
"HAVCR2",1.35789249209395,66.2254275043172,199.325537810473,1.58015568801771,150.139769284618,0.238602423841342,0.177429358871997,213.197046136578
"HBA2",0.371483901074789,1.31273040178542,0.8478069742326,1.41226330112892,3.98396503542269,1.09466943289147,43.1284531124967,1.47097010486002
"HBB",0.580152390576084,0.805951837968327,1.17855657332768,0.712001741615593,2.64500409014315,211.173807268848,1.71323395420105,0.855144572354135
"HBP1",1.00151515407957,1.10838771886604,0.238981533904905,0.708969437994114,0.442827430628691,0.48506738090499,0.467079810592238,2.91568263068393
"HCG18",8.99018733157015,1.54286028017143,0.754218156870689,0.353615757964434,0.459992587370381,0.484142325758124,0.61036120899378,0.366982026854189
"HCK",3.69107663591429,159.61097639697,1.13122694362165,151.662724505492,156.983708009212,0.46048440260318,0.260322356164926,151.056581738067
"HCLS1",219.477168171059,217.931518112752,1.90690095122827,0.987608121071452,0.767053991899858,0.512336642577954,0.169399438607751,213.021899603262
"HCST",0.585144661761007,208.380803650931,0.663794417202709,110.797699047704,213.467640396904,0.634920063214048,0.331231871304333,16.3931227578719
"HDAC9",193.453796768481,0.486422531369432,1.36408977404656,0.521035886179097,0.386209035102825,0.974250544231764,1.3405852319899,0.759235899744651
"HDGF",4.18340246227307,1.68813509818558,0.501736089743822,0.306934695080874,1.96758379404836,0.647403070796196,0.371488946996,0.535116910325542
"HEBP2",0.462754711404653,206.454201522537,0.384731567441326,0.670090616246317,218.991122451481,2.41588080957565,0.608112979316739,0.212305105043038
"HECA",211.256292434175,9.75327254513591,2.14037752500507,0.237126628472765,0.671566052435654,0.729102869106127,0.324779697805719,0.410277864493625
"HECTD1",0.575205846351566,0.740091536024765,0.289774329871705,1.38741615276815,0.706455304472821,0.871467068574225,0.364564150932367,0.147883848010846
"HECW2",0.809233763033896,0.835385931232555,0.571792649102304,181.987283200411,3.42826881519675,0.56646170935437,189.734794502269,0.228443605664896
"HELZ",0.404719435519914,8.22460533300697,4.26944627302881,0.360499603375305,0.690059774350956,0.36740061605379,0.568904398374276,0.298326826281673
"HEPH",221.981139738054,1.71252914219384,210.448831438097,0.259834367244169,0.40421888308876,0.830777264916826,1.0787135436178,3.6533746608904
"HES1",0.272888160312456,0.596773532725286,211.708387456484,0.22626677967399,0.609568299586542,3.62077663049968,208.148810772958,211.653072392293
"HES4",0.387170071319959,0.61211580685351,60.9076833540304,24.1899658177332,161.012372515023,2.54702503004903,0.590692893120815,0.264749538427837
"HES6",158.94055252477,154.076835830589,0.495507564814425,0.711038519470559,0.872227998611424,0.507485560137864,150.797588858211,0.564189742455093
"HEXIM1",1.36205144383465,1.96315663811888,0.313257374885947,0.400491710741976,0.45652278921926,0.357786584995537,0.597451464500659,0.153642689566033
"HEY2",0.749292346695502,153.804759176783,0.312474791008871,29.6459148649545,0.626198540667173,151.922093982278,0.894951890731284,1.40147524376066
"HILPDA",0.921616619761229,0.85078022266302,211.370831919449,0.145273140747577,0.720432395641796,0.729515593328676,303.917937701343,245.064305583049
"HINT3",201.287669633206,0.859678863111939,0.408225685148242,0.320996688996166,0.912794930597566,1.13615005795671,0.741780099792174,0.201941690544501
"HIP1",2.40777936623206,0.461988247827164,0.186664511400945,7.85624620944694,219.032256540347,0.682040595289555,0.479494786250733,24.7254562702812
"HIP1R",10.2495540526005,1.55176975393273,0.398242031437334,0.271365161127991,0.614669905539948,0.666269793357195,1.2345965319519,0.443457618858099
"HIPK1",0.806386160237912,1.26150178947315,0.317017360404621,0.311301406974109,0.345524178837511,1.40069892901385,0.571660450168538,0.32670312468196
"HIPK3",1.53358792921145,0.687882730681169,1.81721038463328,0.395477635780385,0.525465323179486,0.55812197226841,0.266212170858497,0.415667953594949
"HIVEP1",153.067138363563,0.766861112625485,2.15207139699679,0.564249823564962,0.728597551339672,155.325696152568,147.917722699376,0.657457833959525
"HIVEP2",0.882533404556194,207.303180896749,0.699406103235497,0.504399414055739,1.40752749924163,1.63789183386858,2.00671909094214,0.327827544679619
"HK2",158.688888127827,159.937458244916,0.65756883870614,151.154753906557,158.704545247003,0.39569948716345,0.283898393239947,151.172287624384
"HLA-B",0.129489237125357,0.43564761074213,0.357806540781854,0.210718756093581,0.368929014794885,0.145183754922074,0.0689594232415962,0.78405547203563
"HLA-DMB",1.7193276396515,0.787854136556202,192.040409489877,1.26481943312232,194.675985377844,0.310297947584469,0.148464385035315,4.5900437838482
"HLA-DQB1",0.318226553956466,210.665235403157,209.508154690108,2.47611045573995,1.94955421526273,0.266214358284692,0.149606691618695,212.049105656962
"HLA-DRB5",0.688384982497423,165.624392607708,0.865401701043249,1.03985499882936,2.18651151036066,0.2579260859312,0.147342159713448,0.816090702978616
"HMGB2",2.56886046301416,1.42104309841643,0.573001811083585,1.2679590001864,3.73064777470964,0.724847497104651,0.311091015289729,0.381993847773759
"HMGCR",198.875793371087,2.98628095759565,2.83545358744798,0.801384488173008,2.54829777642638,0.657925861575458,0.589723063854852,0.116894528427309
"HMOX1",2.80736688639427,1.98371943716966,200.010840094243,3.55805334679928,201.966441987566,0.35826467471369,0.153364739247602,0.280004917092108
"HNMT",6.31508385250259,0.654285930199655,7.32747852010586,0.363425343119789,7.77023458323542,0.517345675204161,0.304605655237498,0.916711064732606
"HNRNPH2",0.902908469579321,207.939462319499,0.480770308584718,0.636409901001278,0.362947813459763,0.298910432637067,0.401937928633025,0.158829873416852
"HNRNPLL",0.321127775292009,37.2244058182574,0.530668206746793,0.652863826288305,0.558823235221952,222.128082815067,202.568016039865,0.313393568441712
"HOMER1",1.56975817477583,152.173412289004,2.8011319202321,1.47046397834921,1.17296875400783,0.765370838748928,0.866951980157643,0.273971097750244
"HOMER3",150.785857652566,151.32173178063,0.552447091702686,0.609972596151474,2.95985776622597,148.809554597165,0.356551125192721,0.843904439035046
"HOOK2",217.584240677401,208.853785827996,189.413790256073,0.429454637120608,0.742749031449026,6.93533774211474,0.942981126961558,0.617543534140997
"HOPX",0.333168007184089,1.9467585415999,1.38901712394138,0.224560670344297,0.409725882842576,3.08491652295119,1.69235733284607,0.534443390806289
"HPCAL4",184.350752536132,2.32845008375471,178.431678206445,0.296072239706481,185.042347141405,1.26607200078896,181.600192830579,0.121386292315176
"HPSE2",1.77783690966723,1.1143595678239,0.695876717256443,0.217356632330072,0.60269013987888,0.707412971489415,2.21482146000109,202.054696351361
"HS3ST4",8.09914461700959,225.922323137851,0.400874939412597,207.435343057373,210.246213597587,213.55777991391,0.948541576169792,0.460859196096362
"HS6ST3",7.42006661037918,338.538031477858,1.72173230135984,0.821377693109535,213.325942638384,202.874265265014,1.48451405248483,0.290339046471245
"HSBP1L1",3.01281854982571,164.641593962959,0.471127597944579,0.43932426298838,163.257763065236,42.5766084154884,2.02940556060184,0.534354000805305
"HSD11B1",1.42088725722814,218.961301867159,0.28196726081161,213.551099687456,220.117487232366,1.4387412507926,0.440535630233191,214.11460838798
"HSF2",0.876450510606171,154.335445534685,1.33723933746788,1.36206055442313,23.7512394118655,0.509419687543968,150.410353272262,0.273989822889731
"HSPA13",192.474126703322,1.42397625698877,0.405844873971521,0.470397420175017,1.18749869363574,0.526275950737075,46.2962443990503,0.119603859858292
"HSPA1A",0.110528416673647,0.307419081060202,0.0675722110353465,0.0847600491899381,0.179750389476151,0.148522039411921,0.11256727447792,0.894359853612651
"HSPA1B",0.161661263779156,0.444683440726224,0.0968064891678103,0.119613463798899,0.221432706284912,0.185760159120187,0.185295643253289,0.170095594626638
"HSPA6",2.14560414400431,175.665888534209,0.956354158104962,170.261333371739,175.426265029105,0.518826521197161,0.384672271863591,0.608119734975971
"HSPB1",0.142581108161493,0.971930328273416,0.412826911787562,0.0701064076361419,0.186051907278149,0.226599455678993,0.155182104763911,0.128093269765232
"HSPE1",0.560089777371939,0.440730597779956,0.13808555992866,0.172503052066928,0.371059694761996,0.474072441165531,0.257394071183641,0.130009642823625
"HSPH1",0.271992640780955,1.25677078776658,0.153335816436129,0.233383601947549,6.5786803766513,0.198738759106566,0.239889510631837,0.0874315688072053
"HTT",0.463709367165045,179.624223266328,1.2989454285117,1.1141503322297,175.341698492858,0.669329825952842,0.666968895300251,0.178340860309389
"ICOSLG",221.309766017249,223.067113915773,0.388984200785859,5.06021416344753,0.853850202243661,0.418628537752951,0.537726838388406,217.712967920462
"ID1",0.258108938244775,1.18186790667073,1.12083165140839,0.448545487528016,0.639803875088116,231.598472652036,1.94981374633699,215.311252590572
"ID2",1.65777543217253,0.450175468603546,7.14419747344901,0.139763614200267,0.505385917654479,0.437729599346357,0.467823730761469,0.84621463245274
"ID3",0.170984794632127,2.66069444047352,0.4222871732409,0.354057014646357,0.636668352644315,1.45206893075657,1.4009600569312,0.85005027436595
"IER2",0.500513150305547,157.994281273641,150.988121798593,0.320182157321824,4.7464050394279,155.049303664509,153.542064570511,0.463995953660608
"IER3",0.418380353690984,0.739908053334811,192.514344193961,1.11311142475596,205.840410925157,1.16538752861122,0.644634228496736,200.55898543148
"IER5",1.1281208005382,10.6384756428639,1.51855100323827,1.01871615573234,1.07993603288706,0.451212984921988,0.344571100747299,0.74248779944061
"IFFO2",211.590826626159,208.772178071358,0.396372800619113,1.00082624236705,207.699015788538,196.382558368138,207.571162525461,0.641374338093659
"IFI44",1.13659628524048,211.173708179308,203.333724340812,197.338159468532,210.208425944588,1.40806702703106,0.253957821266491,0.654774442682473
"IFI44L",0.336866805639804,168.134790983853,162.802184396034,9.93295784213448,1.00922710090984,1.15701747680163,0.352150639352785,151.066555274876
"IFI6",0.699291683232534,0.419522360341146,4.36593843632297,1.49498920061046,0.828368693835703,0.776965382989909,0.407767563050763,0.17993608056166
"IFIT1",2.65690130798804,1.62151364225678,0.371166135741158,0.49207826807497,0.576933171638339,213.953405209999,4.15449806524011,0.499474714317767
"IFIT2",209.474627182377,5.10286502257188,0.426858558426962,1.98149959887524,1.2882382634335,0.517633844357474,0.374407604514743,0.648506427835411
"IFIT3",1.20297505015766,0.564000672946052,204.686461663667,0.616250280986725,0.62645705949608,0.672213165965571,0.530392663062026,0.603998803875371
"IFITM1",0.225218841838969,158.790850144625,153.821358268112,152.14875472176,1.27023242525439,0.937342438376918,0.578920617032652,151.175442310865
"IFITM10",151.746449376045,152.112915376446,147.085144715317,145.840319086878,148.887321048522,9.89616319023174,148.068052628829,0.120241591560233
"IFITM3",0.162560830134891,0.87820547418491,158.487491807098,0.11555851430388,0.342999854114857,0.261451853076702,0.300270443111298,156.421299794704
"IFNAR1",0.540242095117434,199.007542438989,0.542294132613558,0.756935909789705,0.664100599784307,0.408885178135051,0.384210259145441,0.271119017888537
"IFNGR1",0.429419042423191,1.06289665244585,0.327294030181974,0.475691342404092,1.64843266737112,0.235303384719224,0.153635873224099,0.397057060105701
"IFRD1",200.184754727559,0.530203864858294,0.667208706527819,0.196175518589505,0.349101445754554,0.698660516823356,1.96136626299954,0.284478679422659
"IGF1R",0.640029629557937,213.17613042693,0.26670554253965,0.303558848143914,202.279057833471,1.28506638451234,0.814633336875742,0.620814982993533
"IGF2R",0.382731377449916,77.2781672462699,0.724506396835393,1.2407405290228,14.2167563142445,2.36863069945684,0.491642102371915,0.372298125451334
"IGFBP4",0.474601923240479,206.877880545989,199.016301664283,201.870077725055,203.955362490855,0.518458496290753,202.247949213946,0.11962450491054
"IGFBP5",0.297311620114534,0.386894559649207,0.720928652807851,0.28230385372629,0.532488488720429,0.670309748626685,0.619049506801673,0.565554881335361
"IGFBP6",0.271928652632806,198.679965705623,188.800348956862,179.830552438888,193.524673027479,1.69927834248264,0.450571836229005,0.257444006590313
"IGFBP7",0.121851132168176,188.624888127986,186.785455712715,0.103335860416407,0.523077860744141,0.316154909465048,0.565422009843163,0.603448798448064
"IGSF21",0.585573825152733,0.769880991085338,206.581871604706,1.26580597483907,212.623164409164,0.975361358667469,0.589681822243236,0.420807181183093
"IGSF6",1.77659799634504,219.782215679197,218.541291011163,217.224793280341,1.54408885782745,0.58803528631262,0.173220791994442,217.417105828642
"IGSF8",1.23650800222511,0.904687812576328,0.186971083001114,1.64401185578838,0.602104291679706,1.79303387243909,17.0378022561904,0.220269660458418
"IKZF1",214.304716705171,210.491088988026,1.39705932148315,1.2120622264944,215.17010887191,0.445572687890977,0.292353876070477,214.578233316753
"IKZF2",208.123021365695,0.427486053375201,2.22633290655631,0.432572068708114,1.57925089944593,15.2899221876986,2.43604570640908,209.940485654841
"IKZF5",0.634262314616699,202.588850790353,0.242077865467001,0.728112817808265,1.45542146098647,0.681943768344586,6.58885576490804,0.318562627559166
"IL10RA",1.02115767311858,163.178146504514,6.45978219124587,179.54884120924,205.688858529881,0.667716346656304,0.240166334570564,5.30823693010224
"IL13RA1",0.422035142248173,212.869467779267,12.3034566437004,0.363380086869296,208.636281486848,0.600991537110831,0.185744456400045,1.33912186361931
"IL17RA",212.225465611871,1.49002412191096,0.544027512622232,213.926371195632,37.4358482022925,0.817741357268905,0.215536749242745,220.181105657654
"IL17RB",2.94703207735162,0.984463209392906,0.537925092325969,0.267785334041306,2.08679361297025,233.363023393611,0.610651414560538,227.772621988653
"IL18",218.434121469623,1.05505671575501,221.151909410117,1.32198346066567,223.868090713684,0.519816781432754,0.167577317275371,1.30822636831045
"IL1RAP",1.3971602114924,1.12656852067324,0.95919670620784,1.14811492810457,201.180758532337,0.998152704123182,2.16720940133867,1.8716948026676
"IL6R",2.1002854372954,1.13752630982005,154.063283986363,4.18974780988932,0.767920742538406,0.551272115346152,0.312134040844713,162.280065403
"IL6ST",0.342330406272589,169.491215361878,0.432110542656505,0.193428030593241,0.270610835839364,0.319713230691284,0.169248615536919,0.172433529074085
"IMP3",8.14265502797735,219.010554202962,0.890504867882471,0.394110515774224,213.903725238214,0.545217491152604,0.480388061174988,0.265630581498403
"INAFM2",199.60320962511,2.27820456688467,0.488135847001462,193.349718863464,0.631643503773481,1.34416403895014,1.10750912981201,0.212605104015052
"ING3",234.009424448379,0.742184457465403,3.08762155622032,1.81006120042907,1.04265067806227,1.39205717569067,0.423028663270246,0.590868184851367
"INPP4B",1.16171612190154,0.703673941670193,197.125830642559,202.879536012489,1.0106831986093,205.092474894345,0.699563317131405,0.230334392410362
"INPP5D",1.01053833578963,224.460144709582,9.66832676797662,0.612788650753651,2.27793615429063,0.384581974298591,0.261845347571023,224.140543522927
"INPPL1",138.954204897886,1.79888070937806,94.1705719835712,0.324518276179497,1.50164575479326,0.684183514867714,0.343094031866364,132.782682773656
"INSIG1",15.5556335409865,203.031890375587,0.278136270679092,4.05183714410675,0.649231647817805,194.532813585063,199.585387848442,0.116648841787966
"INSR",190.2916523399,1.20762733315812,0.123446447401994,1.53250368789251,0.448014541163904,0.989241752720286,1.12630788880574,0.289245247419503
"INTS1",168.657827972509,0.701264257030127,0.342130107506978,0.824209396060931,12.7925938963162,1.04155447832486,0.521364786838663,0.24720260470076
"INTS6",209.485223908279,1.26554107018465,0.448971277917873,1.03520822156938,8.48967608303805,0.415230541691903,0.464099017400043,0.425572482159865
"IPCEF1",0.478055466158264,148.605015312059,149.574298877124,9.68501488010759,157.241462467327,0.859337805176017,0.384917637747773,1.28473259876783
"IPO8",1.99201485324689,0.946417345307565,1.306345857654,0.675087895530601,0.543637745441934,0.559329211496281,0.552591191566124,0.424017962014831
"IQSEC3",0.796088274412638,180.358745782339,175.02206156336,0.826517374786785,10.639914999732,0.341552532637315,175.403327789946,0.198493040359144
"IRAK2",2.06708028818721,213.051238883639,1.01722788181406,0.791177825711428,213.125476138472,0.812730658495587,0.641532822483391,0.90534948762513
"IRAK3",0.433642868962212,1.00107201239643,154.119569692418,151.795212372238,2.98746566577964,0.634032875417435,0.444266729901612,151.000407073186
"IRF5",0.672333166975447,185.083278528901,179.977829247572,179.902355646244,184.351296981224,0.429087557392515,0.250405191951452,1.74999550615328
"IRF8",1.67652052275276,136.867282878113,133.57473577235,131.709517532088,0.506174925446614,0.655325089672792,0.17918649733542,130.85753755097
"IRF9",2.38334056393506,0.685545172496979,0.767792774024932,0.690992135149358,223.031136074159,1.17932048582957,0.845415008221431,219.459364267555
"IRGQ",192.674313728064,195.784068418775,1.22594063594317,1.43043714343275,6.07860153218454,193.424898632429,1.18774663648645,0.182222458565453
"IRS2",158.606974485225,0.563926977608413,0.205339305816635,0.177862011830495,0.367678182535632,0.546650104815403,0.353159813859839,0.134743872466277
"IRX3",0.929054327453751,1.48035289843372,209.377542166077,0.309943653482423,1.21735864839719,0.588741740836249,1.35792039008654,0.722834209915708
"ISCA1",1.2027897058001,2.02331586885063,0.506336416020227,0.295931808109905,1.12838521310581,182.002809034813,180.718332257706,0.0848228561810999
"ISG15",0.581257582316517,0.736483547519645,217.491374615048,1.27715371192717,219.028886210751,214.874880565419,0.436267155633279,0.527129549362901
"ITGA1",0.261947884876679,0.631333615668866,24.7844371329506,24.3660586161427,51.0559624174384,1.2182290200499,34.4195520026712,8.98911133838306
"ITGA2",0.72881132431914,157.536957487169,0.363335655654371,150.808055156457,150.76333488279,152.195451603503,2.77496643655852,0.847068662639858
"ITGA6",0.367206162827248,5.78060244977598,214.63925288647,0.396094659443538,0.543060503385381,2.69192791779287,0.838715289236112,1.06629730689728
"ITGAE",1.01198810677924,25.9893485675255,0.41376490905148,1.73190622832661,0.538384225498582,0.596838773829009,1.40773143430978,0.252445403078933
"ITGAM",217.898001922623,217.847570059214,212.538786096719,0.571397714570357,8.59225835651222,0.499335690758872,0.242432774729895,215.078766671719
"ITGAV",0.954036183335189,0.372539537255543,0.408129043335246,0.151994790061971,0.517212849901988,0.346737413242813,0.482266095250107,1.45502279428993
"ITGAX",0.717991355749974,3.2409464032234,221.055965527404,203.425436579155,223.632925960271,0.795654316686185,0.237266216436073,5.22224460925547
"ITGB1",0.297103368045262,0.531294516052941,0.268290164865927,0.299355427270336,0.829936900668786,1.612709775088,0.337904720152821,0.307195447832998
"ITGB2",0.305257736145863,1.45058236036191,1.4603866649469,1.97198778616913,0.542989942703387,0.233213958875434,0.109735580395023,1.6881280171163
"ITGB4",236.366680139184,1.42638465189413,1.78095035976926,0.367982982565291,0.612072333892749,1.5221663151384,1.26111637557479,218.72488613415
"ITGB5",1.54182592873277,0.380111271705006,1.47483181356566,0.23516295926556,0.387026027346581,2.23692095243742,0.371485071359459,201.531372874886
"ITIH5",0.226016891076982,207.257209801935,209.530754780098,0.562178404570646,1.00755698604841,1.06754256296712,1.43359289758175,0.636895300373364
"ITM2A",0.155099032470088,215.346598504272,0.281979311359925,1.02075598181296,0.741138157515155,1.2438992169108,0.493236676387079,1.30495050689014
"ITM2C",164.338611081494,0.615234070752217,153.894738297406,0.0531112961349927,0.144665937575391,0.239969955329828,220.808196853759,0.230326432918137
"ITPKB",180.115615760818,1.22648206230923,0.164305108075666,0.121501008046339,0.225197861308769,0.278278650657956,0.560213543563473,1.48353336028931
"ITPR1",0.896488188169723,0.817273447399594,195.511733561409,0.519956049141578,1.07785387262786,0.374387742655261,0.467823394765372,0.174239851735157
"ITPRIPL2",194.039658243914,1.18420336440737,5.88554864033881,0.398676590784065,1.70069904800683,0.342099308387423,0.530111629782443,3.99184258845024
"IVNS1ABP",12.6249891723637,0.923226128979188,0.223039884749213,0.492000038836877,0.551103005084846,5.51261527683441,0.555622826415026,0.27325355565761
"JADE1",0.865954094027347,9.16494734303032,1.7090342718878,0.278875554548372,0.588560796380355,0.771466486027648,1.02877513165759,0.21159775401145
"JAG1",0.240896156073629,217.505089891151,4.05704736776069,0.792567464735755,0.905534914937742,0.540841435086523,1.21940797860824,0.711547675596523
"JAKMIP1",2.0798774193827,2.70949388374839,201.06465845062,0.315812645270003,205.895221737762,1.45098081425997,194.863549504753,0.166511724592161
"JAKMIP2",203.843961991787,3.13063315821642,0.592065915478983,0.479874860483144,0.775884079818708,0.800874438904562,0.843541121619539,0.231496061340861
"JAM2",0.385434776551124,0.62870740615355,199.383655455283,0.198230008975917,0.714603081610854,0.547106236223075,0.556407106980919,253.315506339123
"JAM3",0.74717355989593,0.863093198077549,0.107745637798223,0.765896540396691,199.839908874225,1.06593208590722,178.446626831002,0.89797985783266
"JARID2",2.00818517471406,0.83779693699681,0.52690502117238,0.783224867643016,3.58593197106885,0.797315528350332,0.687561039935998,0.912458376440385
"JDP2",211.920652558297,214.229129981544,0.899626928080897,0.218683253678232,186.457490948567,1.29278306558904,1.62223142379769,0.570424375338816
"JUN",0.355481652723572,0.388807734713931,192.43643277479,0.2752139932569,0.407273000439558,0.899400476892002,0.706464465847379,0.338409562876581
"JUNB",0.181482784985217,202.483994552191,0.914311843817912,0.265841750930942,0.644830826475718,1.4562555053844,0.299573320038291,0.555694950390369
"KALRN",215.037102662386,11.7746430334952,210.818354737309,0.190502967891081,0.786292380591533,3.41764184654714,213.26025065231,211.93144451863
"KANK1",0.363502396618595,3.16475788475516,0.44429076924005,0.286163313645991,0.337982855978101,0.870268557232625,1.22804518908566,208.752613331995
"KAT7",216.919528351296,222.341335665237,0.400822199772843,3.18673500412653,1.56367873719611,213.390724490346,0.6255955638827,0.27540064780033
"KBTBD11",3.88042179089043,1.21717512166252,0.384356225645194,0.347172070154172,0.939424997848523,2.31032670632741,1.1092286671766,0.290270279857781
"KBTBD2",140.296638473948,9.24600622552697,0.361901611262582,0.47525068163458,1.40284836430101,0.408851238133532,0.521264988696017,0.257729096608809
"KBTBD7",159.68406151625,2.10871164007971,0.530189393424293,0.654820570284986,161.35210953346,2.04105020354906,0.866827025634115,0.207132558394667
"KCNAB1",0.672068309213878,0.906736279440403,162.266979826935,1.18797732972198,12.3347497562442,2.89394373161589,166.288060293884,0.364433357738456
"KCNAB2",191.486345677845,194.172151604516,1.65977682516846,189.200356072088,193.610209073387,0.634734350967697,0.513438059399648,0.102982545958109
"KCNC2",140.915069365713,1.89150462651493,128.148976564242,143.266638407644,8.6230013185564,158.474108738204,146.943130557951,0.154775767349275
"KCND2",2.63574580490801,4.17094993465571,0.853195497770777,1.01804445399693,0.569452773623418,8.67275931724938,3.42938420598507,0.235850989313728
"KCND3",170.736833671093,1.9339961622026,170.080569971593,0.35739366526068,11.3319584146242,0.314479055266777,1.38476623348093,0.0698896153002942
"KCNE4",0.373630225828466,0.614763582986038,0.920365730400339,0.493032943435166,0.711616540347252,1.08746202896778,1.10381783266417,211.669177901601
"KCNIP4",192.109148244399,1.27494596869559,4.71802706638232,213.139518928147,0.809129824485178,0.505682850512478,192.685120222896,0.086702327801501
"KCNJ2",10.0554235831706,0.643160727501807,0.281976215598775,0.857826840010147,2.09516218620732,3.90911634560139,216.464506429606,216.080359998315
"KCNJ3",5.59966237101928,1.04229825388715,6.2594214990299,1.30187984805523,1.46893289727942,214.305270237133,2.18820082189064,0.374640116646442
"KCNJ6",178.707947407622,196.598462644845,215.864020426491,0.332943090875938,0.599610303860883,0.353529204278831,297.519639691107,0.0752079547690041
"KCNQ3",179.592879218572,173.747599535392,170.092586520348,0.484490108983322,1.64139454109016,1.31457056019755,0.956678886203066,0.0925196760375624
"KCTD12",0.225808516883656,1.86103461423277,0.42326210999465,0.240483532410462,0.418399586586644,0.159777967298585,0.127348623844232,1.09332733391175
"KDM5B",0.868043635341052,1.5118231115301,0.758738004972007,0.593319363032537,3.8296768937668,0.56851992852567,203.141408231095,0.450165414214809
"KDM6A",0.36623824812241,3.40956163085124,0.819490421794944,0.498325070870203,216.490994317151,1.6087055164423,4.26369121012627,4.47907742961465
"KDM7A",209.54054499467,214.682656533531,0.460507461439851,5.92057868647026,13.1353019824546,0.760364826216443,0.804434295331385,0.442030944993743
"KHDRBS3",195.881490947056,0.486695503183046,0.297329423010731,1.33317898668659,0.543421808175621,0.376399800798922,0.27867794241708,0.318949116956696
"KIAA0319L",219.784473898645,1.46168802974529,0.727115653849681,0.36752286670767,216.476107183158,1.1395450335424,0.417375731398193,0.294209617791109
"KIAA1217",1.02767668713032,197.553236723567,0.651606662138461,0.930254815985453,0.713380774436049,1.70451395777866,203.944798068567,0.262399923178834
"KIAA1671",208.302728834398,0.724312234906103,204.78603712707,0.215110772565813,5.02564290678893,35.9341084614135,205.744548756008,0.487050342999941
"KIAA1958",4.07799995355481,210.252955322775,8.09100881658293,0.349727033690626,0.647867850945635,49.4454386561421,1.18828306569187,0.396985186362781
"KIF13A",0.502922415217895,0.784199495936343,0.326559825943259,0.891868535099561,2.00650590854817,204.921141497085,1.48800530644529,0.360617843318018
"KIF1A",0.534574060954338,10.8881577383025,0.185021465662947,0.236015910415659,0.433965136182514,0.949300707514301,0.728072200920348,0.0741719395867989
"KIF21A",0.778796756185469,0.775482934901199,0.533290314176178,0.363730369738625,222.846075146108,0.407026300409059,0.600249649807303,0.0547129521919333
"KIF26B",2.64783123991822,0.833201048871197,192.718939407267,1.08936053932671,0.714617432323538,0.422696696064773,17.6409953599206,0.331222151181977
"KIF2A",23.0601338349174,0.87085149042997,0.602417674895459,1.08168097035262,0.875559311879625,0.813717813161535,0.381535087036645,0.149305341111867
"KIF3A",167.233138387059,2.46506699856381,0.273468819944455,0.508924737101378,0.209632790956129,0.626439936792159,0.887081520751455,0.0612102309349356
"KIFC3",2.27772774102225,0.31901528316582,0.776026176445893,2.98760437997304,222.828927366739,2.6737347410509,0.394663167565732,0.324022120148652
"KIZ",216.0988044646,0.969685200825136,0.352986808683244,0.514580853538033,1.51023242665676,4.62140318397622,221.97222041769,0.522648592088627
"KLF12",1.04591539785654,0.91478301584284,0.915762785874913,2.09688607854549,1.29575910997421,0.702039316746241,1.76216711714947,0.791089953658821
"KLF7",2.22578835805884,0.943260391749948,0.509755182560308,0.720104066213422,1.32185880783191,1.03621949607562,0.372654729904605,0.175957234518987
"KLF9",0.285391780422275,2.01453273507452,0.222929370572745,2.29560484855264,0.990276364441263,0.562900895400041,0.457580966983717,0.39117914440343
"KLHDC8B",0.785413158596599,3.5631452957075,174.376544594276,0.662966568824683,1.11429882179521,1.45054541796713,176.573665531635,0.281708443749762
"KLHL1",200.611123748251,0.702720924748357,198.405997952451,204.701294856617,203.644018792036,0.706526370201374,200.866157486511,0.0824027244463773
"KLHL6",130.962730723698,1.14842296486366,15.0190720827745,174.369916344183,180.097060012405,0.370115865261665,0.232815400897377,0.625084511227832
"KLHL9",1.62062820237314,1.51943098086517,0.372937744833476,189.844348065095,0.472043227752603,1.1907607170956,0.626307994502224,0.182389593496735
"KMT2A",0.400697321446995,0.74129230388097,0.259905664080792,0.292218588083413,0.417654577745823,1.13568276187072,2.77056399650734,0.220009826013351
"KRAS",3.60545613660427,0.577598141708298,177.215729086149,0.266348055306416,0.965086263513959,0.811041306105538,1.2366225466473,0.233294580362526
"KRR1",1.00890147919172,0.948747630451295,1.09489660025351,0.33906726103213,200.457173653716,201.894298198275,1.52503749238404,0.238711337394145
"L1CAM",199.585840667662,0.987947049799317,194.86725560779,200.928789723171,0.646246140448138,198.416914527968,198.324658747053,0.119737467067082
"LACTB",3.08891387356443,220.448377960574,177.903735860271,0.302886523219055,212.092217216953,1.07487480332074,0.614784704305327,0.342875531983901
"LAIR1",25.5655868965918,188.901522740979,184.456087154676,4.47458768283618,0.953887527422125,0.537452865921222,0.164806936740238,183.14190287421
"LAMA2",0.371189012631198,2.19649940295633,0.896882473492675,0.660644954158408,203.265786889928,1.02991518065433,204.440167250636,203.849338931175
"LAMP1",0.339189565935845,1.21881030876531,0.0988270407512094,2.08574140919413,0.432559690815158,0.521647695204902,0.237663872903836,0.209287751880767
"LAMP2",1.66121907048,1.05824600718361,0.048261466285169,1.25391845003406,0.525002524485699,0.266142292585517,0.235073533487111,0.694338853777221
"LAPTM5",3.90148528694109,203.454524359379,0.498705143516116,0.763444367213862,0.356357183402966,0.200175636952064,0.0822464648114232,188.80877175985
"LARGE1",2.71792369311601,6.27609508471057,5.22412349694612,1.81016014783498,151.229829805795,0.705432037583301,147.596148102858,0.151470598085041
"LAT2",0.502761971198362,35.2540548724179,210.529305393269,0.960744940282392,0.78126655213491,0.830968716930395,0.223795154244196,221.37545901277
"LBH",6.66307593298255,139.613730034322,10.0708723997959,132.049410424485,136.505002805406,0.950168322414249,132.526180917008,0.0818891941437258
"LBR",0.613385195061369,2.48035162536077,0.47671967212809,2.68986711180659,2.28306464547231,0.453837078995739,0.26703632949737,19.0566914962049
"LCORL",12.2067253572341,209.986790103203,0.505477743269225,0.629455362747595,0.96333504187038,1.18902166055187,0.809782902919107,0.446196552484533
"LCP1",0.556424949450589,218.371200312768,214.339766853162,0.652528583357624,221.558001577844,0.294922248092039,0.186434095929446,0.739356304324543
"LCP2",0.813601546517302,0.595124251921208,198.503795142329,203.12327137668,1.73750034251713,0.932538728798294,0.437610794022688,0.33221043751883
"LDLR",0.403153019508629,1.57458724418636,0.513141343421991,225.446338966363,214.420414705303,211.457244739446,214.97700017925,0.631562093763727
"LDLRAP1",2.56518597954466,217.383461633321,0.394545449818879,0.835070502046761,108.143890187173,0.655118168269168,0.524859374021328,217.500606095489
"LDOC1",3.04449379307543,1.95383717670677,0.228518919881063,3.15961165734824,3.10931479630033,2.65802543870032,196.332027358894,0.145812900046931
"LEMD3",7.09752983678401,1.30170971770024,0.356584600287129,0.638238398774411,1.66554082854266,1.56140618164415,9.68966150720056,0.400710131822237
"LENG8",0.515147530337579,223.102337959656,0.404993136946707,0.449173555247713,217.809913647273,1.57688505793649,239.302939269074,0.817581184099867
"LEPR",0.35570509087143,208.568593655425,207.115061634067,0.563808478042848,207.511416176096,10.7732462735288,210.846278409989,0.423313526874011
"LGALS1",0.286592101812668,22.5983445020395,0.362563802093891,0.19858907744632,0.825687807749269,0.326438145307066,0.241847590382883,0.0929956322293316
"LGALS3",0.343942837615301,0.498036727407702,211.379452610941,183.875821408497,0.792484536530517,1.7798566385488,0.181976305569321,207.738065634332
"LGALS9",7.70113730662115,162.007131545003,0.502549811078938,7.29258942411747,161.182207354024,0.470635244836401,0.225596256726759,0.969798522259311
"LGI2",184.144578925691,185.627434378238,180.060506140302,179.915415350293,185.493744808798,0.877373595243838,181.160256328455,0.0870812565561627
"LGR5",140.475877058113,0.532410728583149,0.362392666860492,0.532661060226723,2.06037377363239,35.0615641961544,136.730647311862,132.432906673024
"LGR6",216.00840548645,1.66106208411097,215.019403200325,0.145662365719987,1.13482806411746,0.818287795740544,212.672517267681,222.481974784783
"LHFPL2",0.544063946434526,0.65502429781,207.549193074862,0.667429121798976,0.66831695991732,0.369589894511392,0.153250310600964,0.622447176455689
"LHFPL6",0.326254837574243,221.913718693977,0.719828731291759,0.122549000074689,0.904398097250429,0.504128077738637,193.448318900057,0.566091032360008
"LIFR",0.935922110517287,0.923540862021186,0.187122954699636,0.157346692017764,0.243135186460344,0.4533073652487,0.762287149996919,0.57415033429561
"LILRB4",0.96241741096238,224.897038687493,0.899498914321578,1.20224266226292,222.520345930784,1.75627495873787,0.237273647120347,219.883764973605
"LIMA1",2.46070123669334,0.511201566128426,0.881177275800082,0.759282748103291,149.407744015989,1.12753020916445,0.985772020693264,2.34877487268037
"LIMK2",146.978491480176,1.77631324628954,3.20316572317916,0.652287137277779,1.29375489731947,0.702425072562346,5.94864426811643,0.352124043328178
"LIN7A",220.016005019549,192.617476045379,185.8892327981,0.404105730868744,1.45726675108082,0.390469896915588,3.11212046746773,0.172650409785546
"LINC00623",1.39535705286838,0.640076090373779,175.811513938994,2.10870561964815,179.521081349502,0.476740770260306,0.420285543098822,0.455945136615447
"LINC01088",1.40015051784892,160.140549101207,0.531513775578229,0.186738676015227,0.62036780283097,218.167805762105,218.575722166479,1.93098095304451
"LINS1",154.726334872694,147.625399405827,0.414793493238648,2.50098763567776,147.311258576586,1.16814866490458,0.598725914624494,1.22911545778591
"LMAN1",0.994448329918022,0.573748413360706,0.507856448890671,0.335278672504876,0.710766054767252,0.360899226684646,0.398299500575947,0.483028855672548
"LMBRD1",2.3712895874232,1.86243459237015,0.176607283197515,0.265051411477062,0.880617294958123,0.274433816703098,0.286171991942554,0.171574012021719
"LMNA",0.890759074555498,1.84140680482976,0.559078968572762,0.581618105862645,0.668900151452186,0.402432743006355,0.638642484718252,0.399562649129308
"LMO2",0.303126800095944,210.185532703469,0.607552545499748,0.785127763568202,206.564247664885,0.482511891660752,0.312185446412488,5.12049394425449
"LMTK1",2.45026657321747,3.43997487503988,0.152674685405839,0.969241526674728,0.411881642648991,188.513532269353,146.135730920313,0.183344508188322
"LMTK2",0.944646613412709,217.572710218488,0.572754590786577,2.31661361633253,0.457129763861016,226.553664267731,208.661895289962,0.204405607871329
"LNPEP",195.10377826752,191.577076328617,0.441345635588138,0.558727522076181,0.28668173878999,1.79868079375122,0.445854693933529,0.152510130415848
"LONRF1",221.924537849,0.479061895296736,220.61648568279,0.298916504241783,0.683437482093302,274.902472895593,223.872141118311,0.336864017571787
"LPAR5",0.788550846858862,1.01218497161707,200.081081363778,203.102603640288,206.352081933241,0.576686374675542,0.150870311770529,204.882285865232
"LPAR6",1.108654721158,214.918929107166,1.74231119768098,0.80069065267275,11.1452715699947,0.617963830358536,0.588905365736426,219.367274300131
"LPCAT2",0.916927036604058,2.96093806092224,0.458251566501047,212.96645531763,199.625699254967,0.274351492072521,0.131511671648836,0.540490798550367
"LPIN1",187.423783493832,183.885044616828,190.983365602364,0.133196852082663,0.258640818885059,0.286104100274413,0.674497242489628,0.16589996695851
"LPIN2",1.53243875453658,164.720297683885,1.15403313677071,0.327887227146653,0.450145134915355,0.579499001116832,1.13171416451816,0.249639638907858
"LPL",0.760878633548817,0.595986301606122,147.9764362902,1.41161100009326,156.166033617765,1.31602955558777,0.373368730572936,0.474204208637514
"LRATD2",238.465819460381,219.53506291487,0.296783954978191,0.861605113106564,201.823674183722,217.476918513703,219.660100651672,0.565515380606976
"LRBA",1.29509560805512,0.715353311141976,0.603130888652072,0.850986084192163,216.455382951385,3.09241813961647,215.372243328152,0.559100658967329
"LRIG1",3.56152550038415,0.805095097240096,3.74392821034183,0.114603904858794,0.295444834462899,0.42033273402171,191.047741568322,1.11818335722391
"LRP1",0.931679996895904,0.292646642590215,0.527921526185766,0.216641370057155,0.619835746545756,0.430620437715818,0.178374147609306,0.314051203581192
"LRP12",207.343866584319,1.13594835115036,206.259881524776,1.44636002775061,208.498776819928,4.01027112447738,0.503682428201722,0.287260791985739
"LRPPRC",188.058537850374,1.52507168599661,0.33312616511675,0.36584625814226,9.45185531548888,0.459614206572077,3.82587434400315,0.115553875568335
"LRRC3B",185.935829387206,202.311521952898,194.982517645237,199.537927287307,7.19421925912355,0.591922370050584,1.59901317579774,0.136712257751775
"LRRC4C",1.7639799340135,218.864943684012,71.2745723719846,0.56366981302827,86.1365460439835,1.2726326717799,1.34640053076109,0.212104713099578
"LRRC75A",0.835691798545172,223.053286914778,0.998062811363487,0.259406724696245,219.527930154495,9.70982718467845,223.010235431301,2.39626171112744
"LRRC8C",0.792643210309413,1.02231660310463,0.826923977691877,0.819324905430311,210.191089116718,0.781686172933181,0.480745851580328,0.561215609788534
"LRRK2",0.652532492638232,223.661291666372,211.781684375811,0.899584411566609,0.91434778386231,215.361409162976,0.458752719874006,0.251613305953246
"LRRN3",188.501392920915,1.6029489741029,33.390896077747,0.350232155925386,0.474322638114613,187.37985019567,167.984358368799,0.173637940403743
"LTBP1",0.537380277363779,211.931468161573,0.453914547975567,223.407939901057,0.78644795694713,1.28137623161264,0.496732116490575,211.758500684282
"LUC7L",0.986780496566078,1.0302709695977,0.237266838514692,1.01452926087072,211.936974502172,1.19466426859044,214.665862088726,0.320388448314983
"LUC7L2",200.332844019289,1.19712964456388,0.301707441296385,0.449412066419503,0.929992783512412,163.299289989464,0.658999913079275,0.3247962426529
"LURAP1L",2.36886279200387,1.22585459544768,0.333800384714116,218.742784262474,8.9483074910701,219.986072443896,222.101349280243,0.287727926166714
"LY6E",0.505184239418819,157.187055398282,151.445515372861,0.687342402916993,153.396633525024,150.995119895427,0.326778375333521,0.192049297353907
"LY6H",186.120980396968,186.693818080119,181.445472278799,179.564745142033,0.833417118303006,0.410777727425012,183.704607629102,0.0699422385735572
"LY86",2.29828115886878,177.537018186673,2.5590546285699,0.574621044917829,174.995174259755,0.407614872252198,0.154060471648889,171.187742705125
"LY96",0.548520268539417,6.63274701940307,0.87960733075522,1.2600205574633,145.608883917838,1.05406684134584,0.292194684894782,1.03657829349842
"LYAR",0.843654993554473,3.01096259787662,1.00789654915586,0.492624953981843,8.47966983624476,216.429990418217,0.612302770460837,213.766068476295
"LYN",0.99620759743675,224.402015408417,2.76933979070055,219.817526435799,1.38001642257618,0.551367757021448,0.185120245344682,219.537713477467
"LZTS3",167.415952050913,167.515704207461,0.601384141520214,0.271483978768689,0.38606303915141,164.645943672936,163.899934928126,0.18504675438949
"MACROD2",216.067098433417,208.434187525717,0.746148374409691,6.35713057605516,202.426915341178,210.769494009784,204.429085090361,0.240346925925014
"MAF",3.88367024079018,0.470825371149763,1.51228147237153,0.493535463915653,0.350961233325802,0.383970650889605,0.138885067899741,0.522067141220751
"MAFB",0.940097009071388,144.106057924952,0.792917783910575,0.944993580704153,1.25524428172887,0.788304542282392,0.197903351997248,3.54246431297197
"MAFF",0.333361180108166,0.975289491320505,0.296273850553499,0.549030130837554,0.66752618014219,0.723444190843601,223.485116469489,220.386085632461
"MAGI3",1.77924009780089,171.077288881541,167.180107147091,0.767734807284717,16.3731813187904,0.734376613211728,3.57221708961654,0.112944886907677
"MAILR",4.91801467683834,2.01854561966688,2.2674956574408,1.29073682560715,3.60131894941124,3.40526631780766,1.95996472360954,3.46875508358791
"MALT1",195.552516864118,207.478018183004,202.55389773198,0.384653491242439,2.96251054694167,0.551586713746994,0.929656410066392,214.727347148949
"MAML2",1.78265200426619,0.540305503585984,1.74711213455154,0.733870325692074,1.02334234893374,0.524166206988335,0.816196397387354,2.33261654689568
"MAN2A1",0.809923606832905,186.167251268937,0.157369386244761,0.62998192884592,0.617485532525812,0.720428876394078,0.587691900873858,1.04819619360367
"MAOB",0.710577028205794,0.501759218893915,196.608535730676,0.251612556070737,0.437541550704436,0.425653562114192,0.655392706854088,0.338684949826783
"MAP1A",0.788206336637247,1.35934171173472,0.461727344742624,0.146998700864107,0.280253353320608,0.294649225983329,0.42578615217573,0.0624376935145512
"MAP1LC3A",170.310784494975,0.644905180556897,170.087245562178,0.882615043430219,0.682101411447746,0.721229339468841,0.666671801705608,0.0765664537136167
"MAP2",0.54699756911208,0.320358260755689,158.40302191226,0.130999245430918,0.424821718499336,0.433320749063815,8.6354430911216,0.0730022564922635
"MAP2K6",2.31233369702203,221.28731340569,0.842073666262486,134.468753246696,0.723584627169173,1.36276880885121,0.675961598705306,0.344386651275184
"MAP3K12",159.658011580376,0.677167133758283,1.7672906031596,0.676425160576144,0.758301842841296,0.420040939871342,146.96279294335,0.295021085316485
"MAP3K2",1.13072980953239,168.167339273217,0.428396515124539,0.333661299054413,0.777740704904177,0.651446083535678,0.4158233748636,0.627334458147003
"MAP7D1",178.713765890661,180.181603691995,0.135884893819869,0.583301892832083,0.504669916857441,0.496853479087993,1.14181191844119,0.115403186126394
"MAP9",0.498926758847075,47.663840771483,2.43493401886102,0.392148152982088,0.375984704428959,0.456912333983666,0.669198141177657,0.0771878807945132
"MAPK1",0.772063177099057,2.1191158896975,0.527336288711159,0.68668902963531,0.76972200963031,0.28370125433959,0.241668190302583,0.0980265218334904
"MAPK14",0.652335104314888,204.329999409081,8.94729168880768,1.07282912104173,1.47006541195354,0.939575169989702,0.611725123140152,0.483078557367885
"MAPK4",191.859085156797,1.19618530744943,189.941607993847,0.129084787723375,0.225201589178659,0.501492689520568,2.07896760065154,0.397238941538894
"MAPKAPK5-AS1",225.226916915637,1.89427957747336,0.505326085786915,1.69021520418312,0.613878751005202,212.79880740927,0.738165744204596,0.321549912501395
"MARCHF3",3.64794981944973,222.914932412314,219.433892814768,0.287130040027151,0.784693393899925,219.122231856974,1.21375833254644,2.42940916842631
"MARCKS",1.67965422142006,0.137314282137943,0.525718260026022,0.102368328507516,0.329660829026451,0.208060558635868,0.150921203424992,0.203862957376616
"MAST4",1.37833045002869,0.91788671103943,214.82148944062,0.245941016139996,0.732590921465406,0.696220674743264,0.884687997392799,0.367971222952982
"MAX",0.967288688786834,0.996844491180615,0.805200112445084,0.243076682700136,0.429537653134186,0.490058426385318,1.12789994725003,0.440364735683593
"MBD2",0.720651293142972,217.973394417222,1.37449496076999,0.344204125738831,0.546269341725047,205.597397895041,0.398317071490128,0.254839060239448
"MBD5",0.729421408096982,6.01964318096394,0.706277039325342,147.047603583303,1.24412180838587,1.09177360784734,0.475364927275954,0.272661858309047
"MBD6",1.29081079065085,217.637366904512,0.751947312985703,1.4017878058331,0.971942981251852,0.679615090384181,0.846425310830688,0.779138511733395
"MBTPS1",0.717568008166553,202.123006674543,0.762544784912674,1.24002376057417,2.84698373195465,0.332225993376686,0.543507420095735,0.384253674796788
"MCAM",0.939474316090311,3.84426341874493,0.300760199698783,2.47591924081119,1.06355208154962,0.745309710994597,1.08302496214116,221.246442068217
"MCF2",2.26311378725808,2.6551383087843,0.900283859738647,203.429845528482,207.494548573923,207.643592639321,209.959370014495,0.130815121168709
"MCF2L",0.534630276590568,197.252100558314,0.297938913126236,193.251491918438,0.632816910285042,1.31079115958758,0.398755005909554,0.214252061736967
"MCTP1",0.740000496289356,0.735449685573476,148.527643793477,0.459042168144734,78.6354211853942,0.831056026373273,43.7208458517172,0.760410988361079
"MDM2",0.947679613827271,0.953888272416585,0.295791602612288,0.675166313233232,0.438090884517492,0.628482504823701,1.51231123476965,0.738451622680993
"ME1",1.72151690898569,0.6284675681914,0.943376213126116,0.360683954598512,0.617986394189462,0.34151433676003,0.787963876176939,0.201377771274177
"MED13",1.0783412509935,0.40050124068273,0.389873807742133,0.331972955113829,0.306237702242043,0.763977486410734,0.937662594798834,0.564698044738689
"MEF2C",219.476584810647,247.59993988739,1.18499329196315,0.421361245243254,1.18204531366229,0.427183739273596,0.307367179912623,2.69887816120663
"MEGF10",2.14511345422627,1.15219671856857,0.189582327946999,0.460402264124381,1.49815580422981,2.30157692934592,0.849076903802972,0.471535836444445
"MEGF9",2.54073799449513,167.078055516737,0.512684722696342,0.143713006199109,0.288630067797153,0.281781607651985,0.691133294622052,0.161069012518491
"MEPCE",1.01974596260289,0.852223453177326,0.505937078942475,1.60050043945414,197.52297635761,2.01263887070477,0.923116922579396,0.29361686541227
"MERTK",1.11463296477598,218.867084303952,216.118518791416,0.363661780987274,20.5780555757417,0.335959627180788,0.245185738354564,1.78275305788625
"METTL16",1.2096105205281,0.822769167421771,0.481476153429055,0.975409467246723,16.111109526063,207.086705698031,1.83552090675271,0.510542153816734
"METTL23",147.320355881867,152.382922713041,0.741652190649769,0.351229451385142,150.607517416217,1.08657658664446,0.769010820715792,0.547036670770918
"MFAP3L",204.946918394675,209.046120733826,0.172991124184017,0.499283707842362,0.468139268469145,0.385958457456845,0.996598669079752,0.467243141420432
"MFGE8",0.337142615734511,135.027585080089,5.01681523099896,0.397991150520664,0.868971579373639,216.377620793658,1.15901408144584,16.2382282292224
"MFHAS1",0.392588712200249,1.09232442611179,218.995557700552,0.531893430675345,220.479205455,5.10062794393444,218.768265647234,0.341037804978357
"MFSD1",1.23186364031738,2.11163311441289,2.08874184541169,0.30876455626795,186.966436032465,0.58162456757667,0.296631368794987,0.227253741257106
"MGA",1.99234526614691,1.5356739994923,0.388713694363289,0.583387372586399,0.327618184745566,0.82340015905873,0.716162155459733,0.538974348275086
"MGAT1",0.396573442670881,204.269803305283,1.39256187798719,0.487007587447719,0.526995475295106,1.1674310078936,0.25525799401387,0.579606585869837
"MGAT4A",0.608048177544072,196.465718994181,0.510071849565602,184.168338452525,3.24313444033169,0.352215197845869,0.203404333385764,0.416631428668884
"MGAT4C",221.951064189764,3.37292878725246,218.633150376007,0.324389310230461,0.437044105254061,217.08946994492,222.957628075913,0.33824794295413
"MGP",0.227958613994762,1.37732506168906,121.768133135593,141.037232845533,10.4807478515342,145.537369236122,0.641257477152294,148.404039973036
"MGST1",0.509169453203012,1.09749056776125,159.774455447649,0.0702131282167829,0.22265717546695,0.336021314247355,0.781748185866713,1.6842231949443
"MIB2",154.834716849934,1.57706683045762,1.38364950755962,0.759856493015415,150.717507318467,151.223832039358,0.562564735241077,0.605705003771584
"MICAL1",81.4908609314385,0.712613343888763,0.730660528559355,207.401150006788,1.97221402794562,0.554832410524314,0.643368836269186,206.572155592422
"MICU1",0.561004491234812,16.7037324919209,0.898937489645888,0.447412513709547,199.948976719394,1.03295956632036,6.80689170331831,0.143166302966789
"MICU3",1.36333491708834,164.604160832653,190.467212382653,0.5709909401594,185.399093488986,0.830806407396883,2.67639421864406,0.111943534475395
"MID1IP1",0.406516802574953,0.895398725648047,0.0406830564752806,136.541985086744,0.595813464333813,0.386330993452179,0.289968995655596,0.341689994457525
"MINDY1",0.881948719146904,1.21186068019622,0.85488499046257,0.961725572019372,1.67396106997627,0.801474904441958,147.017206839686,0.752885661433243
"MIR9-1HG",0.40275054467516,0.881247535051723,0.54749679844663,0.0622196831603725,0.166090328965655,0.427928130885295,0.301443654784364,0.656951086417245
"MIR9-2HG",212.030561341442,0.850519167082792,208.111095605542,0.206735954854919,1.77881915846081,210.847608166302,2.91750021442533,0.625500850823411
"MIS18BP1",1.85819250743052,1.16823681152053,1.42820023775878,1.72169534681848,0.951240180418671,94.0375677878852,0.29240486516594,204.361105961501
"MITF",214.848899625928,218.885766719946,0.290242264152196,0.906051290110838,82.6553682450777,4.22719401747697,186.889605321995,0.308137175065961
"MLC1",210.021468768771,0.925664956284427,202.399139398984,0.113783962220737,0.404944393858039,0.902747961303951,199.339488069441,43.0139536306106
"MLF1",226.831034170149,227.481097693909,219.148456305957,0.259333086702519,1.88900495775218,3.30654727445068,1.14533330024406,0.335702622062881
"MLH3",202.058542263831,217.463104840995,1.40983001682863,2.20654018731112,0.470831619224222,0.780959263984598,0.360646751930956,0.528564534484162
"MLLT11",142.77109038549,0.666515292693264,0.834695003372247,8.56120638626289,0.727859358719926,0.382694517253466,11.6589066715986,0.0493768071288094
"MLLT3",1.09798185723546,2.69530720397979,205.169830585791,0.692726279786891,0.690636506686889,1.07301229380602,0.414842444628329,0.291163783603861
"MMD",218.101318816177,0.695929998056421,198.027629066883,1.02522571676103,0.596685117143157,0.548901388185747,0.782421431615614,0.23961658089416
"MMGT1",0.478837492514623,1.97619700102138,202.20721548514,3.73681147611665,2.94884219595378,210.933615197852,0.393647508899917,0.297279178965609
"MMP16",211.746672506487,0.387259824708383,213.608313344241,0.926375162976379,0.537675977895783,1.9803236551006,3.86833151773676,0.25045024873453
"MNDA",192.800976511855,193.373077143718,214.24031307594,0.360162396674806,0.633154033061662,1.34053723693109,0.615625046564456,222.103672264205
"MOB1B",0.61043051825776,3.16181924003791,0.897509927857032,0.3478051228441,0.420144964343585,1.46344388820159,1.25643777023429,0.48509143423929
"MOB2",0.484225061394195,1.73900046396266,0.64053962740887,208.706329116102,1.11532919565226,2.05931999976817,0.804729277605339,0.316877337456692
"MOB3C",211.03540590506,2.22486268697548,0.556645609736273,4.23629578957125,185.603696527834,20.3896351144708,0.692278657045775,0.577163985149919
"MOSPD2",0.98742054305756,195.777062028427,0.210920223860627,2.290608601614,0.964310753389791,6.37415447155479,2.58508872706152,0.497786091953232
"MPP1",205.452623208526,2.99900770193827,205.44060406711,0.760303591722834,1.55030077194415,1.04549306433263,0.379901536165002,0.207506482050474
"MPRIP",4.3598151843545,0.918473540696898,0.328036975315182,0.302449050091477,0.642653565429819,0.355922404610505,0.485551444328817,0.171584234095777
"MRFAP1L1",2.00121677869001,3.6674380311515,0.354449126226915,0.41271721994098,0.472018218016468,0.421756079729731,0.377854721552009,0.201760572770323
"MRNIP",223.649281744316,224.32925387639,0.669655160022907,216.42341328942,0.606529754469632,2.57687812368519,0.434035952036014,0.419848552534703
"MS4A6A",162.249472113837,2.50831473421553,10.4847588667256,0.325001106733703,208.56026295912,0.258651808191401,0.151629279165991,203.686680768521
"MS4A7",1.00172617451544,0.569760279954163,200.180665427993,1.55899171563882,5.3063121418996,0.375473772850756,0.159908096155875,0.628188327840923
"MSI2",178.254049816974,0.51534435652585,1.33639195656078,0.151211716703041,0.349346232581301,0.381142403844399,0.70081576396643,0.145847032236633
"MSL1",1.41061729782818,0.653354623441795,0.317068667871375,0.424198044007261,2.58209023803553,0.736635863229955,0.531272969126426,0.227737911123241
"MSR1",0.455747056921346,218.34811019391,216.42499667351,237.966958786018,217.627929209348,1.07391965477184,0.161345821556548,0.999710761216917
"MT-ATP8",0.355617223046308,0.324522834562364,0.120478662999593,0.0578383082725396,0.0945565374934451,0.152933839750619,0.209572833646366,0.136118023025271
"MT-ND4L",0.65171177399419,0.25004670637751,0.0872008356823304,0.0377376084970484,0.0690784860988831,0.125270994806739,0.125690553878278,0.10505508861066
"MT-ND6",0.415734658927693,0.434549194691651,0.195989206965452,0.0924015595031974,0.19885915142924,0.30577286609618,0.519323614649246,0.253747409608598
"MT1E",0.264773742477905,0.254400038705649,5.43239029342773,0.0335771605641941,0.0906037923237998,0.14742424974763,0.195813391638285,0.527837155359764
"MT1M",0.374834376045372,0.638400910976592,4.31690001195144,0.0431858092554565,0.121171224394165,0.230026439406529,0.365996681842353,141.300293045332
"MT1X",0.27756526611635,0.73628276444675,1.26148414370952,0.0443549780838508,0.152269027371855,0.23313853555361,0.306892226407576,0.527858263146385
"MT2A",0.180244089783215,0.350600591537244,0.684551200136221,0.0264065636841408,0.0648909139540039,0.125975587541646,0.128150599115295,0.67133935268546
"MTA2",0.696554335923879,12.9986255383064,0.364706488691074,206.633787178911,1.85341930204425,0.887722937101407,117.311522105766,210.264002598702
"MTARC1",195.134084524632,210.244291659053,157.764890016736,0.29738006872319,0.543062020604477,178.874417403661,211.499423186692,0.567010601169146
"MTCL3",218.068032264931,0.732068821406757,34.4364151767396,0.517448228266367,0.470293619969747,224.163689886993,7.02412932514342,0.31459687988093
"MTF2",6.31235586765942,205.777474521472,3.17823909780502,7.75917519147621,0.606002568745058,0.646640274130725,0.490502651866708,0.580913553030589
"MTMR3",222.332420350869,3.0907041386485,193.628484237137,0.284861727356225,0.499096060590993,0.456769477025127,0.42419123703332,0.510382284278669
"MTMR6",174.707960386964,0.989957389351386,0.265311342494469,189.89030290058,0.927973802330401,0.657213630363231,0.405169091933438,0.148520467745041
"MTRFR",0.478492414472568,215.726243451417,0.765118414909987,0.81455052473853,1.69489437811764,6.96701359394441,1.2641482398217,0.433529038522024
"MTRNR2L1",0.54315248103522,160.712539254181,0.511727306976716,0.116000820626263,0.361445455172936,181.629181140336,157.434734553551,0.23660173373364
"MTSS1",0.613514966820489,0.385832162232445,0.332768422707791,1.64258778784738,200.429853510976,0.74220482332343,0.670558254517902,0.306513055756912
"MTURN",0.693894013505658,0.624625339953588,0.0898146523307369,0.112407306303841,0.200987967001992,0.359191514088548,0.313371878677017,0.3207794698415
"MX1",73.8426983796217,182.992979695147,186.083649766101,185.867828540771,0.944309983384587,0.795001569647981,0.497273590598103,0.145424984861743
"MXI1",1.52609642570191,1.30438523463283,0.251682881635996,0.169203024611033,0.332228917428155,0.660823843238333,0.404162965029332,1.0945443682684
"MYBL1",37.2928402209608,207.233118516929,0.799260352820939,2.33394343114276,197.705704341094,2.42340472732547,0.549186250949499,221.631748512535
"MYL9",0.352095288217419,155.548279533329,1.35601124522608,2.31725725979418,0.90980261669609,2.83608349729313,0.40669190541896,146.205535943977
"MYLK",0.797632387875514,2.94444267779088,0.21639007997833,0.292857536893938,0.547692175043195,1.87442705718565,208.959346902217,205.27279943302
"MYO1B",0.335602734172331,1.06444419021156,6.75170942419368,1.82020811445218,379.311080579344,0.627915729775177,219.33094562937,0.276987871488256
"MYO1D",216.85989362169,199.158008601584,0.205655523873792,1.83854172139628,219.469399111252,1.12437340207503,3.14598679776333,2.50041469360149
"MYO6",0.458134473845582,1.42798750025994,0.158005290060472,0.252459748809966,1.32095088100397,1.49767053220843,209.971067746823,0.538834265902397
"MYOF",1.12555696750368,212.161091307889,1.05002552660967,235.659769631521,209.760381451959,0.541793130165406,0.309281402540652,1.24141515475073
"MYOM1",0.92349176388706,0.557818153825758,212.980112519331,1.73208859786446,1.04868848327504,1.78954330556567,0.758311142403216,0.509528886609909
"MYRF",176.707458406001,0.935644557635203,0.0892611863915553,171.551517539814,0.71908289000842,0.344948110031399,0.303450290145681,168.18613944665
"MYRIP",1.69598121653818,1.26844923643371,3.22277354599727,6.89205339714267,222.325218477332,0.655475125685937,2.48229581691247,0.182823065426411
"MYT1L",1.38483474822454,186.316835742504,194.299620953198,1.65012455931792,203.35491714512,2.42856972077925,205.205977987041,0.118032884037871
"MZT2A",0.771243008385283,0.396587419247506,140.464297996341,1.314759775216,7.08381935651902,0.880006686929715,0.286444338063824,0.188596490578689
"MZT2B",0.553225579328199,0.800435090217787,0.717157646592992,0.160902566645807,0.346976738683889,0.633732563382807,0.693341455541716,0.188038264820002
"NAIP",50.7562037453304,0.582243240478708,0.311633894386795,208.650359426968,0.920641304179578,0.687614873651205,208.959958512504,0.780535977435528
"NAMPT",0.359208590555008,0.833792484394504,0.631572966190543,1.52735146228972,1.29921138730505,0.4605269067736,0.424853768632439,0.434353415713574
"NAP1L2",0.818720651997013,1.00666515675582,2.64500490634405,1.07979277196308,177.835372981148,1.97279158696499,183.871509993737,0.0729242190624828
"NAP1L3",0.697603669910701,0.700812872036481,0.618605719880108,0.948458433428539,177.070522478508,0.350139843547222,179.301853571676,0.0783684710931652
"NBN",226.4389549451,4.10149370983577,2.5307426466023,0.769976971716488,0.609931091428695,0.353375313086708,0.575952615005629,0.278485939001539
"NCALD",0.904781808267443,215.898634842722,0.706559211685159,213.65233051398,1.16626405121956,0.852727058689172,1.98048390354897,0.228831619530288
"NCAM1",0.691248844090479,0.314350744433319,0.0774433292414612,0.336280654843392,0.315270375080468,0.204024147040954,0.94427635081706,0.0977323495642325
"NCAN",215.993015799236,5.86573182136071,211.875219318849,0.451672169824587,1.72341312975132,1.53894221079632,215.395456454538,0.425615522997256
"NCF2",0.638368472495818,1.05327115168937,131.402860434296,7.76197726985416,2.5394495767505,1.1849031505396,0.373072682693083,161.26596963064
"NCK2",0.665312578693015,8.86946002371621,1.18949806351794,0.318604006585631,1.11124706350479,2.10691544853303,0.541588791777962,0.365553103420265
"NCKAP1",1.49500100930411,0.55434865953095,1.01939007490847,0.200449513684875,0.359642475012744,0.378399928045938,0.754150308951675,0.0804465181917037
"NCKAP1L",1.07828824455081,221.308321485926,8.012658186369,0.568185584890809,207.608708662024,0.497216416747356,0.51138821802197,218.496320398278
"NCS1",7.32982606229446,1.90209787291812,183.696436318232,0.335670579264948,2.08094285726055,0.719502689035099,177.798829771141,0.112027480460995
"NDFIP2",206.541812959301,0.905805345544335,0.292696507316193,0.612530183882999,42.2642725562906,0.788459617397796,1.89439885735826,0.189268896163052
"NDP",214.805033532696,1.05421708066087,0.984280017520933,0.288600538383081,214.397451885618,1.07376761179525,196.698969313387,210.653739755351
"NDUFB6",0.571083125662399,11.9216074774619,0.486100450753251,0.195681661097912,0.677698393112035,0.557451698542399,0.516766830264524,0.161474787058208
"NEBL",0.704492636761321,0.452936911889696,165.224150179221,0.0983166535383374,0.183366884645796,0.934747979978054,1.07242995607458,0.188779843085416
"NECAP1",191.595915898311,203.050286759476,0.89625794363911,190.997973565459,1.06705213765629,0.323187578827665,0.772039996022564,0.0890787527743655
"NECAP2",150.485107018928,0.693687088153356,3.03516167410299,1.29257713019454,148.927617939848,0.322505319069499,0.343365430167948,0.683219663612249
"NECTIN1",1.020305562838,206.607952115164,0.150016749915845,201.90775005247,0.726938041707672,206.835203022574,7.70461196073903,0.866458707004617
"NECTIN2",0.543128264298843,1.98269766139044,146.834695820581,2.86979679128599,2.01876428470406,1.18100085963449,0.676012365730242,0.311941376143362
"NECTIN3",1.50330706977166,222.972484596245,216.382438160058,1.37845453141563,3.43344553846495,0.934810957848614,0.554573603057447,0.480912349441208
"NEDD1",198.948352793155,0.465074524591434,1.38219275207994,194.361862050895,0.801667069555679,1.30540738571552,1.59753966416984,197.573101639372
"NEDD9",0.278988432496961,0.483488971613117,161.763895815405,27.9364001300486,162.679442977834,166.864342875712,2.6952669221388,0.371704762873698
"NEK4",201.688140857264,6.4182754146945,213.805978098561,0.323651261083217,0.851176088812448,0.753929852562168,0.900050195748408,0.592556277893395
"NELL2",184.656064617167,0.468580297986242,184.655816216648,185.182830380602,187.607386889021,0.938188791484243,2.28408627073401,0.132688485187699
"NEO1",0.868729469561537,11.9489887391465,0.20684728914515,0.417330455083341,0.815008433398392,2.94158188947112,0.982523971084277,0.264534963178059
"NES",0.539428181008243,158.147116303011,0.313722295855898,149.291243755893,1.37671038697975,151.936326475148,0.476211811599152,147.877618694346
"NETO2",217.82672012103,1.31992497506422,213.80663127327,0.52869642472481,6.12883066392375,0.754753457362367,214.90857315213,0.291756660138144
"NEXN",150.90523121927,153.985914965904,1.25636733124497,0.392446773933059,2.82752971948511,150.262634488949,4.55993877211094,0.698514027896771
"NFATC2",219.015048713852,223.740850495808,1.9896867009211,0.511493232268456,214.875862357079,0.513450526396007,0.455807246030295,1.86349934584078
"NFE2L2",0.440225484636246,0.720225903251472,0.196761771312107,0.195960024476395,0.366926045277697,0.326823710238981,0.293664381039801,0.403166863614289
"NFIA",0.387147287096791,0.827423870889215,0.187516996768965,0.122218525834008,0.246289991990692,0.3472592174241,1.35337227392177,185.453828099429
"NFIB",502.40518104532,0.508122221262689,0.317995081409481,0.135324549517112,0.275946165390792,1.53564533107542,0.500676859080161,3.00219512183587
"NFIL3",0.478030329228841,2.87484961612121,2.59670978258608,219.280282313667,220.58605575206,0.873706690197023,0.28868320526285,0.765386795947076
"NFKBIA",0.311709274058983,0.540909143540864,0.272921792132175,0.264861857475772,0.257001976218181,0.383637976738877,0.216150612137514,1.05284526152104
"NFXL1",2.60508380044228,213.138523058751,0.510800841341765,206.680917686928,0.611804000594672,1.3298886082784,0.676286056504706,0.744351079075529
"NGLY1",215.854276115517,47.4066452643216,3.23563663473998,0.430246729766349,212.289262682189,1.21823533727987,0.917777789170904,0.324596034097416
"NHSL1",220.808329471686,218.69592832754,217.178958211898,0.356489288017628,0.571216144413982,0.405946804995166,0.45105592024534,9.04855578292818
"NHSL2",157.928383365345,156.356824933816,151.345347313683,0.409024252776838,1.05698070118911,1.63024837275635,151.444876332009,0.220362574235997
"NID1",0.407512378319992,148.715879483242,12.4371184571806,1.10266505156023,0.900106254244618,2.72118394858839,0.641237137025819,1.50045964739232
"NINL",6.7130607189174,2.52181141175558,0.953175639588704,1.279598157591,215.757781849657,2.55982797237651,1.6429886699826,0.353140519384733
"NIPAL3",0.721100116680938,1.28857083069399,0.228384656720582,0.440076391933807,1.22738007456168,1.64015800532125,0.98802798957705,0.150261239532624
"NKAIN3",206.044606200704,205.995664916764,202.278017098546,0.19339386308739,0.879213114622575,1.01654446676588,0.822582913813719,1.06324699256882
"NKAP",0.733809439877974,1.79491669091053,0.259106111301581,2.66371322169019,0.672251890273853,2.6884707710102,71.2026025790026,0.247776698357792
"NKD1",206.038834295762,5.94165496709528,0.571144843122034,0.682531249666467,0.771341851089251,195.860122655421,194.347970760803,0.794705098192827
"NLGN1",195.364084356086,2.18524852048982,0.418337819007101,8.38655869022279,194.704018306766,0.311638898215028,0.588831989865452,0.262838625838723
"NLGN4Y",3.23415457311422,2.25614676320776,0.761338768782728,1.14211318934483,0.66291826394345,211.477506619813,0.451372405017195,0.421260647110013
"NLRP1",0.687318315214822,189.664477527337,189.757566540825,0.441426473383074,1.33395600925199,0.409368796448594,0.736896437728221,0.164017983189748
"NME3",0.684086704690677,0.395494598264582,0.447477041521156,0.398992119927759,0.411796913131665,0.503661046874754,0.4981966268146,0.657150949237859
"NMRK1",0.906256009955233,0.528283825236822,220.50676811341,0.434981658914454,9.25411979405483,0.440637304364836,224.454644176497,0.510096865534758
"NMT2",3.88010782127939,2.42329930645587,0.976485698306309,1.06950833663006,2.13034872854764,0.867956048135368,0.438216955044956,0.293112780571978
"NNAT",3.22420079854184,1.56166623218852,3.30304801823887,47.9390136499581,192.561903439816,0.819528078406506,227.25017166199,0.180234992311244
"NOL11",0.551428856487737,0.363556132646681,0.732961880652598,148.182944907556,149.936357238476,191.177986805434,0.490740072774492,0.295528976468295
"NOL3",0.772936994461616,1.88209817092051,208.509551408033,0.299481468148558,2.50595792156329,0.895038110744471,201.586896805553,0.332345178827841
"NOP53",0.347836284184772,143.12745772165,0.47232356863052,0.369357911690618,2.09747490637115,0.43639464468435,0.181094520820528,0.558116782993205
"NORAD",0.439470638629056,0.334947981020208,0.198296874573379,0.156521781194969,0.308534958475984,0.372254155948793,0.39723858843974,0.0525047390446818
"NOSIP",0.71302002970176,171.923712107205,0.338669431735063,2.86263427484656,0.986264271447122,0.548261195664338,0.712231682724644,0.324440480944244
"NOTCH1",3.04292837692017,0.651531108560103,0.706116435442429,0.447106311698141,0.949776985308732,7.16177881654642,0.40123408161595,0.454635949279734
"NOTCH2",206.809487172357,1.41271079205185,2.77683106728963,0.171223791729053,0.352412113220039,0.698365249065323,0.737817100558911,0.779994481856264
"NPAT",215.785970550736,1.2948144937752,0.428931309328571,1.07693560017757,214.563125397648,215.773851454429,217.985568545939,0.348602649113667
"NPHP3",217.392766957288,2.08289774179559,0.429356853534411,1.25538911853923,212.140241045667,1.55558377887825,0.991490369493194,0.582055326297611
"NPL",2.14544009326618,172.516055589251,201.728666043062,0.382560696850866,18.286378104992,0.544742421573806,0.321632936068879,0.600427105462873
"NPNT",200.77781221039,9.37251079223456,194.816326322171,2.74726546334038,198.656818114124,0.490311533468857,201.321384881773,0.102545785781848
"NPTN",1.03424565034665,1.67674463166555,0.623450508007631,182.789803506188,1.6234180060069,0.476216466732961,0.379459267663546,0.0552391949852744
"NR1D2",205.787874010661,0.340149392917692,206.508950945108,0.728653547648509,0.754772257405256,0.469004438489127,0.282441764484937,0.209848240433027
"NR3C2",219.827289271308,216.848780305566,0.430296453805119,0.573523205798053,1.28413720176669,0.900908685891434,216.27560746433,0.42430527765323
"NR4A1",0.369611510720819,0.648244183091724,0.503662823694272,0.648823368054633,1.82726939890658,223.820647974968,216.943718135939,1.27193446874943
"NR4A2",4.27514161500817,199.09715982333,193.194881337087,0.440588586382942,0.832435691816444,1.01708517677467,6.97258732273775,0.163897414340282
"NRAS",0.539232003195174,5.61278492132637,0.430563222421689,1.01724814057893,14.3736677484451,211.000646993855,1.84516346645842,0.491967513145044
"NRG1",1.81767717109403,196.691850964699,191.646358642541,185.425870927022,195.108981807381,0.534163624486048,0.709076661612188,0.176151573256264
"NRG3",209.586279287748,216.328382211381,211.598357557612,0.88490608777457,0.647174214474503,3.50853870759453,3.91904179113783,0.329903366989922
"NRN1",0.573745383123594,176.484371886829,146.154972927894,8.48901284445369,175.0818562637,170.783885919648,0.777653692675621,0.182458486171709
"NRP1",0.970542124924076,154.621654031729,147.400553545028,1.69715581115355,0.504222265936336,152.813156321414,0.801520005540775,0.530174417570091
"NRXN1",0.875014474163756,0.399944026915657,136.369480198416,0.205594238264351,0.413908086534973,0.88467048844586,191.555113540731,0.137149027001513
"NRXN2",1.65157925797964,0.552526758646085,3.40490520334207,0.336197271163767,0.918031370333364,0.500054460637518,2.92636392328743,0.130827964859307
"NRXN3",147.032910668117,151.007603176186,0.670728337438759,0.401746415461827,144.015161735444,1.05636650978986,144.535827875843,0.0519841094409589
"NSD1",0.423044824000312,1.38185105208352,1.21899558422961,1.1312820682179,0.687088921092661,1.26245232032407,0.620707065563259,0.407654543293193
"NSMCE3",0.917969103600075,7.73215038917486,0.346279558788539,144.927190310693,199.485142392357,1.69925768015195,2.50599966060808,0.143445029484525
"NT5C3A",154.509976601777,1.03728111560834,149.035137877156,0.626207984583746,1.04923322642911,3.82520546399808,0.797373552317365,0.296333973609078
"NT5E",214.164340987343,1.12119255121047,209.817258012212,0.263342983673218,0.883025834538936,196.722739055185,2.57685482532946,0.835919344762889
"NTRK2",0.536414840882658,0.236810801131165,135.187305018824,0.0605888570957114,0.128731512609704,0.250164995652016,1.13373580550573,0.145161405270372
"NUAK1",0.630596653556496,0.839915263496955,0.240398121997061,0.981870815743789,1.53956123162995,4.36838111987219,0.921574733085206,0.257629583403815
"NUCB2",1.14803077431782,0.888107848604344,0.345982599321091,0.335563499577588,0.503838891070147,208.360806438556,218.863730786805,0.375156576678618
"NUDCD3",0.712588465243553,1.30882988244308,0.654114203397191,3.018112983378,180.420291552105,0.642564136011423,0.723191492685138,0.140948227555224
"NUFIP2",192.761454863836,1.62125588531538,0.317713675389412,0.474727212022446,0.474491595681613,0.448783231914613,0.252011815214721,0.160269067994561
"NUP50",0.70228737951924,1.09712496635958,0.544161412771283,0.766440396511282,3.83706102201685,0.956706336041203,2.58255229610697,0.264167072757611
"NUP58",203.719078173114,0.911731441772528,0.536584994459037,196.021238086291,0.965350392132155,1.03851824848212,0.532355643865667,0.184935243116841
"NXPH1",1.0858451078966,0.601570514309197,192.46024765853,189.689201245331,1.32210419829509,178.620384240432,198.494435593853,0.13718863367059
"OCIAD2",2.40587900301259,12.19395087699,1.10161898431113,215.490456224695,222.596558333839,221.988645191583,1.32761976580441,0.17781494503775
"ODC1",6.65048943617427,4.37011175586602,1.1326358629662,0.465319264373933,150.314839831238,150.421913238228,0.703888343838799,0.249320924012239
"ODF2L",220.379009876643,3.11529138428926,219.882221228731,0.577932495044855,0.352230709205827,0.56867197716967,1.21665796814584,0.367667500712826
"OFD1",16.0188256741965,0.581951022458487,193.070718143061,0.285922307896329,0.423251863640688,0.469863776793069,0.657324609855603,0.987867876331777
"OGFRL1",1.43706217855786,3.39891319297087,3.48998681674502,0.104983185323885,0.161335853340705,0.372055435982085,0.379381893600563,0.238879119938172
"OGT",0.657123275515976,0.818443061404973,0.319241315296026,0.395388552662531,205.567820244224,0.406544161395171,70.2881668036752,0.214465620753811
"OLFM1",0.706290174359008,184.855148219363,179.113315847089,0.167504492724847,0.491790029373776,0.377853692946037,185.964086308251,0.104410632512127
"OLFM3",203.869445385995,207.815082510074,200.55476629228,203.678507992291,1.54159387152045,229.054058815541,203.194649295915,0.133900785149095
"OLIG1",199.143459349728,0.147295104764037,0.119837756547025,0.182403416143344,0.525318151848485,0.350703183986869,0.541189849719437,180.437479174769
"OLR1",219.060435648763,220.277736455748,2.76424230147317,1.03058760925025,220.199471502277,0.347438092740029,0.159945077333307,213.963182634234
"OPALIN",226.036226906258,225.960601171071,0.187622877103531,6.17498411691584,2.54074370536844,224.794512144781,2.38043136512937,220.500544175608
"OPCML",4.51131342840095,1.38782273198726,3.740089327373,172.17395996117,1.93649216318689,1.67987839105028,193.997105435537,0.173708771834265
"OPTN",0.600052738259185,167.285640752606,0.448432018445961,0.312549324872423,0.724688283589087,0.357193885345711,0.621913984965901,0.0797732572836073
"OR7A5",1.31424003994286,215.576365845473,0.139536359440559,213.155094508915,218.924776358559,0.782910319076861,214.596003945845,214.879981245563
"ORMDL3",213.863722028034,1.68304513375342,5.61792099868569,0.418632023369839,0.599069572827365,0.76090146656799,0.790869039620391,1.21145622667517
"OSBP2",210.650428350584,0.730528083005276,0.583433148532529,0.735118657941597,2.0801635367247,0.628697283027737,208.304541157634,0.315268086511661
"OSBPL11",6.04962712412134,1.54457576484431,0.851498910938404,0.263472751675456,1.60806446905408,0.721582019405798,1.18984091939519,1.05920495948867
"OSBPL1A",0.761964341793612,0.637855741749882,0.193058336943631,0.26237471886362,1.01949002166235,0.64503164920776,0.582174602709883,0.438175394574749
"OSBPL9",218.058341809241,221.795665717496,0.214477829422814,174.331342452412,1.23214280781477,217.884407781591,1.57183427486891,0.163562746012028
"OSER1",160.322717622599,165.824806509791,4.81124125579186,0.351861703739383,0.726060320784203,0.385220222993297,0.511021495293358,0.461452622715654
"OSER1-DT",213.702623263431,3.0268855984302,0.486424144059436,0.601311171522678,209.082980281873,215.882180571551,205.542854432071,0.337559693940852
"OSGIN2",127.397877610836,205.569053513058,207.482166515257,0.479793344840905,196.834221217103,1.16306974206472,1.14576408541803,0.208926083404241
"OSTF1",137.493233626274,1.27569133583765,0.403725110296027,0.950643580041263,182.199843710757,0.789663727854871,0.409033398252647,0.474737362155074
"OTUD1",220.622388325403,2.49892272906721,0.958510680503195,0.816376658700488,2.8127838044114,216.472505549362,0.280653155375874,0.487646448112504
"OTUD6B-AS1",5.70118517310563,0.773297142544865,0.398716539227343,0.28379011907333,184.250987287293,0.913633038593578,24.1512828599993,0.175430773485796
"OTULINL",208.969926669568,230.809985777328,192.452809701835,210.550226589309,2.31647222702741,0.431777658037945,0.171772052324868,0.645125775070749
"OXCT1",210.834974661775,205.59891857917,0.493588191703159,2.14580004497091,0.33439679463977,0.761051762604508,20.4666796117865,0.157508296928855
"OXR1",193.917663391679,1.72981729906618,0.692458776741707,0.304130366055006,1.4762223053166,0.551617395021701,190.816839092349,0.120954191680031
"P4HA2",166.800235848524,169.018196097784,0.99918032504075,1.15817316592892,164.73373292788,166.188048281005,1.06604573331749,0.298513142557121
"PACSIN1",20.7618592696495,157.270949437873,147.460666636175,999.751356363358,3.02801357461684,7.23983282781982,150.681909888339,2.76700360416634
"PADI2",6.1485802247999,0.527481315462264,0.438674311484929,0.221454880043081,0.531220697336599,0.401456826849643,0.301878622660668,5.34718745681863
"PAG1",0.593523770096778,0.974341311277499,2.64063126527373,0.804042280086254,0.57634593085858,0.815968628948151,0.359547499499207,0.668758162848239
"PAK3",0.807372416108674,193.603980050954,194.412107386575,0.409432039012658,2.51137673942971,0.524021045263759,0.745679516332388,0.126687358474751
"PALD1",1.38522111076942,207.010637875123,1.20871731336115,215.735938286353,0.546146112754505,1.22475094806215,0.256507722091394,4.95464316077724
"PALM2AKAP2",0.402805634777888,1.59139979781555,0.381119838995193,151.82960654273,0.979677535994378,0.67862675074757,0.459388237543463,0.102621992860562
"PAM",1.31170702235217,11.0491430116648,160.019011693663,1.01934947322559,0.887590835180213,0.819763904947085,2.56065590634809,0.0584622350120318
"PAMR1",162.524413660725,171.594448520581,164.97143418221,0.242415270799226,7.81285987043752,161.886769400253,1.01904710204478,166.865341769922
"PAPSS2",0.427118374803155,195.706463133788,191.594097467567,5.20842311236215,2.04078650183513,192.467525208525,1.26268020069372,0.667282084108999
"PARD3",218.745533344486,1.40148116093316,2.28136389008449,0.243928452068873,0.522110561737908,0.556862866535793,1.10050741920812,0.541589803700894
"PARM1",204.843285904746,19.2908585583553,4.61511527595732,201.929465520924,0.766185728551564,0.986013788047897,4.37324885337662,0.185081542812159
"PARP14",0.5743036119263,0.599434731418487,215.882295682931,3.42526697407715,1.56677368459127,0.454796170320228,0.362656539287933,1.16040494005992
"PARP8",1.72259439104177,208.191344230564,2.70248065773685,0.568841622871501,0.628839018195756,22.6723398288007,1.65170944064588,0.383024277300983
"PARVG",0.818515277672262,0.871366794742398,3.47605465169137,1.10313251570241,2.36601049941241,0.853570906411675,0.704214565280811,1.92984149026417
"PATJ",0.764226808941615,227.587383274102,168.135047878386,0.900353055993574,1.42958493222089,2.11529810306576,3.71782295937429,0.220331503354336
"PAX5",179.74744144174,12.0830225734041,12.3661922172216,156.856040382722,172.744241198292,0.531288992784512,0.429826449333259,0.170379481134321
"PBX1",1.33006841700068,0.589746778207544,179.926165554171,0.242471709341873,0.66538008854286,0.283342508455453,180.456017188119,0.0850945743391011
"PBXIP1",0.296592292935566,1.464786540016,146.580880790952,0.126145514538917,0.279071569535457,0.367585378701544,0.403645262914906,146.637272429784
"PCDH1",0.436206735786563,225.135115038285,0.395180045700637,213.78428533127,220.21693542069,0.658243302729085,221.639204668393,0.616736591764683
"PCDH10",2.95185758469005,0.788896272816583,0.749309450459233,0.408704883216069,0.534099660751589,2.45614875175504,1.0138777453264,0.0936064803723182
"PCDH15",215.493982654205,1.93164591799691,1.68946097170524,1.17009026112444,2.95113066654408,2.37656197828817,0.720798948552439,0.453878867704127
"PCDH9",0.820917895276747,3.38733074834692,0.0820285768973373,0.121328350462097,0.279838581711576,0.371366201537182,1.29204352623727,0.452139041525649
"PCGF5",1.17230144547135,2.01849840186491,0.233413232933372,0.307393584818663,0.552515722576922,1.36157246940357,0.688100789765316,0.239274873013182
"PCMTD2",21.4031287483437,1.49526321406669,0.390985827683721,0.743952233607084,0.605858699522984,205.208566640371,0.58060487214714,0.266900741605327
"PCNX1",5.09026376053475,205.532466592854,1.00655156029022,0.581829557401549,178.505295294951,0.436246536539148,0.417468039439745,0.239676769207245
"PCP4L1",207.171547192459,1.19364068750645,203.021127345306,0.721263663825583,209.594663968476,1.40168208261166,259.008507405527,0.194415649695056
"PCSK1N",1.31457608200849,0.842659723249833,0.984103632216701,0.44047560860758,0.975424651916491,0.597208431244884,5.44037931177632,0.0732420907093738
"PCSK6",1.79095368433854,1.48726747034226,0.185749916647579,2.24202034212549,227.835659654344,4.35223788213901,0.798714795870123,4.28362764125946
"PDE3B",1.61334220323835,206.542422016309,0.92400098053071,202.415565853117,0.544446190469797,1.87619819240024,0.376331498782826,1.44526751331078
"PDE4A",1.11092299458451,0.476039784292268,208.858619320389,0.844057773505865,206.206271649345,185.847752838572,208.982862921632,0.223023025343161
"PDE4B",170.564295720897,0.235626034390992,0.188011039126338,0.410195883291221,0.439664291708742,0.378310225821485,0.44784469387588,0.80118088069799
"PDE4D",5.94123578473249,0.732367848746228,0.71515289059072,0.596092427990607,1.74457307278438,196.909747671054,199.527858995298,0.163144710309534
"PDE7A",1.95756649252279,0.585503908062941,0.876030008527911,3.00849126603489,1.90596987202098,221.531042303768,0.750980965126832,224.322661986048
"PDE8B",1.18351198455758,0.845791564135389,0.638609273875139,0.353147575164198,1.26929826370856,0.610164588933605,205.690611634235,0.332045100024488
"PDGFA",0.908090480075454,4.70518165466615,0.3061103982471,0.572319202653594,0.556711308244283,0.568355174973914,26.8565740297248,0.45877070272269
"PDGFB",1.39213796898374,174.347711109497,17.2687202340469,174.235378566046,169.362228840845,0.578366838702686,0.2369461426152,0.513272457029768
"PDGFRB",0.388142672994294,220.301254411718,222.898495369332,0.503098939538646,0.811811168619325,0.512262133938046,0.714570245228024,219.915946381038
"PDK4",0.43200368361553,0.863047651571702,0.141035355665645,0.228189283940912,0.292544963759521,1.25324732480433,0.429805188651336,163.154741734016
"PDS5B",5.32208787577122,0.401959500510465,0.394122813322409,0.528968285609744,0.489531691245493,0.788062363952277,0.472692568729922,0.242425498158898
"PDZD4",1.1561067637942,157.02332878196,147.726901450002,0.588057155519132,1.10249862443742,0.611414693279389,0.682606932736897,1.23550577056283
"PDZRN4",213.449765997929,217.955043030621,0.748692888809218,1.25845225627194,1.80354041620087,218.299902397739,1.39343054566196,0.432479642699143
"PECAM1",0.195590802507145,206.917097577243,0.365232004461152,205.958581972724,1.1241478750386,204.652368297664,0.259498598044255,4.65896784732539
"PELI1",0.574049100522105,2.00957943385021,0.41449283244723,1.16089539383204,136.341309534324,0.32611931391938,0.266703221073525,205.611809329677
"PELI2",222.13813524448,0.557681675114443,1.46387007509901,0.637929007857238,1.3358371673844,0.660214745015385,2.32346506617877,217.507731364936
"PER1",0.803230297590088,133.980108502584,129.057185963181,0.392000747901832,1.03923574456854,0.649584420115078,0.266009544144985,0.647395960962903
"PFN2",150.994888810261,0.466850787195236,2.35837086404475,0.304167689547405,0.51026024913194,0.377276444087611,0.412731667725777,0.0968993389707268
"PGAP1",0.406449542445828,2.48020331385074,0.617234073306585,203.147573295733,204.815096283814,0.547709907841367,1.45911528686028,0.189801042775782
"PGM5",0.615696086246392,1.03747592948182,224.721827617216,0.868547301128322,227.562952391642,2.88761663111791,0.402169503938311,223.832434508487
"PGRMC1",60.1731041545555,0.536907802201087,0.142051553740165,172.227384310504,0.957017063549028,1.23049692540123,0.397651382979822,0.058051570774197
"PHACTR1",1.2859393135839,211.501545555219,0.489831243791209,35.014121408043,1.21741755836338,1.33188107838703,0.574126063407358,1.86021226621391
"PHACTR2",0.473150952861721,1.81132111570261,213.575097929814,215.281967206021,0.810034398661857,0.480789762680279,0.370852214304719,0.235284671132222
"PHC3",226.052168215942,1.02620374470527,0.434744610508459,0.451306430226102,0.750136138014364,1.05963059544096,1.07947632134353,0.346907151876263
"PHF1",0.557704093809228,1.13133785031359,0.961811516062754,0.549835620129919,191.369258755289,0.450840092535446,0.827581649763941,0.282332055765811
"PHF14",1.03268506538366,1.97228313993958,0.38674862620778,0.68401028578083,0.835634612328936,0.586404272078573,0.656217530314215,0.181683987174314
"PHF20L1",1.15871649890479,206.615759011424,0.729097151477257,0.360462567272398,0.278602877138533,0.65654157265048,1.05807909284165,0.340138260086979
"PHLPP1",1.2913820983699,1.15627873386813,0.108175772007233,0.38185898717567,1.29120824801656,0.380334417552842,0.63862533949109,1.71485260190898
"PHTF2",217.144103125338,215.528043140052,1.74975347616061,10.0557387682028,0.883797251964932,0.837124286901663,1.94357686709675,0.351774594673404
"PI16",0.751889233875242,157.062907118838,150.639742920111,0.729012260849078,0.748024648096487,0.761438779869942,0.516496440120006,146.926086861862
"PI4K2A",0.533688141896527,0.982330684003837,0.805754617935806,222.504621563317,0.614295751671473,225.573518932949,225.147823841475,0.146982976596377
"PIANP",174.628454368475,1.96191668697168,186.215468608931,0.780378517189929,191.051978920001,190.817313746904,187.067838339495,0.126064781512694
"PID1",193.014615010157,1.0197465501327,189.395825983617,0.761904985464095,19.8946362893828,0.700796556502669,3.89011819905014,0.145473245661134
"PIK3IP1",1.8904340606332,1.00616821338728,26.7710132710467,0.781747927711644,64.2572218727148,0.337105479244504,0.225199719664669,0.458832484737268
"PIM1",0.870902774584567,16.6020497766345,1.14159787353965,0.770044066212415,212.294761737034,0.618398451527189,3.12920295756441,0.306900417759544
"PIP4P2",181.910169568704,0.398246418371389,0.496811708029916,0.813951118310227,0.367645025083015,0.326020943049039,0.407270134998342,0.149213585624976
"PIP5K1B",2.46712494597515,168.973570384833,162.428081592016,162.005099841814,0.758240951553607,0.633282214582633,0.595646218624676,0.0990767607680919
"PITPNA-AS1",0.824891983924534,198.993029037917,0.421334889889242,0.99744186343638,204.292818072619,70.2958213696729,210.209753430801,8.40115588915159
"PKIA",0.783051806998276,1.07590767731283,204.375669176678,0.225787126612409,0.544606691776257,1.0047504726053,16.0231598334085,0.208471700021055
"PKIB",0.75773595643674,222.648841294362,212.536211405365,999.83138859192,3.08428420908063,1.25342166291647,18.5464914290636,0.21511738950135
"PKIG",0.703758172385145,0.467947106292464,1.18182067779752,0.638371514770651,2.29965877045061,0.564372246008563,0.616345802636811,0.438078433786672
"PKN2",0.539566870008109,0.833148716653881,0.356402336146996,0.518891450788014,4.51792265567335,0.591849144660412,0.840773291123221,0.681260409481056
"PLA2G12A",2.64907119627731,182.975507094472,0.889126534095938,0.280764927730094,0.426120000584225,180.150393275215,2.06870117275706,0.151746518398483
"PLA2G6",0.804435926856111,149.45899316293,3.6097002264331,0.631136771862217,1.89157635774951,149.896986848867,7.50136046941657,0.372659813980714
"PLAAT3",0.473982427036884,3.24014641753308,0.0995904547721954,0.320260839982781,0.305343024799515,1.13981326597522,0.318793964223353,0.491910688741316
"PLAT",0.242669310860805,0.764305434516627,0.79047271858585,214.514022922437,0.531654350502949,214.800502290406,216.095679272834,214.362925698496
"PLCB1",188.291543522344,190.415864165665,190.094753086508,0.329903478071027,0.991495159810499,0.27567034703234,0.832578546627561,0.150529845236304
"PLCB4",1.39894920139363,191.623722773503,188.404714456732,186.887248531756,1.3787396273857,0.991588911951478,0.989126431040833,0.0857226790298748
"PLCG1",148.199576212021,152.958941233635,5.39471447781396,0.498063898290805,0.456202416557739,0.609900499233833,0.643471812553536,0.982199048127746
"PLCG2",0.254482236657077,0.471733877941611,0.202890055689157,0.120908470639845,0.294395341085852,0.303743465434117,0.474002015572308,0.433391408036002
"PLCL1",1.10907932589196,190.490041211366,0.117920475840399,1.31891191559387,0.420796875823814,0.587247154086849,0.873719529386474,0.535547081872566
"PLCL2",189.928050301716,190.977097842395,190.924808470077,0.600136125006127,0.433776187166565,1.64134736376947,0.798610630891018,0.297650310208932
"PLCXD3",1.62235587261275,196.605241897298,203.212232430707,2.1478493212277,0.7048980465977,31.6836338747683,0.949065814065141,0.160231691315852
"PLD1",2.23032759072057,1.03883694839528,0.204557689143473,199.767147973544,1.7681731797144,1.14481948761766,187.15869345159,2.40520325377112
"PLD4",193.335166420232,224.577570813422,0.822763655725924,1.51634554849715,1.66644778052907,0.332034112781672,0.324322952460392,218.405620699158
"PLEK",1.71200664646661,215.002984052672,211.02426770676,2.08016696744532,215.36965980881,0.331588378751533,0.18840273838778,213.76286433213
"PLEKHB1",0.485844600257266,0.573383435928324,0.0968854450270466,0.0835536631779863,0.183031372302328,0.260597161464975,0.334013911608979,15.2717035517174
"PLEKHF1",0.961002422021249,1.4271338859706,11.9385556113693,0.33458139678474,0.701529156086532,153.917802192367,152.007805382956,147.123847516376
"PLEKHG1",2.05293097394727,11.3503579251695,0.689127892497423,1.00126268214371,0.664617211102493,1.34347046385602,1.80835931186408,2.11534390936922
"PLEKHG3",1.07781135699305,2.72704877986974,0.772658727550867,9.51230687876648,1.24553193127163,6.12161722264069,999.933650633144,204.14446998094
"PLIN2",0.563777046568518,208.818916371007,161.307672223517,0.294694558975554,0.455628597774398,0.740957185353506,0.78610025487767,1.60283628303628
"PLOD2",194.634422083239,1.04906513890628,193.464400741985,0.171759351972914,0.574592351043669,0.568339713997789,0.59643739959084,1.11665950599112
"PLPP5",213.413142319874,0.939767970155014,0.916612722982364,0.738989769928475,22.2282913507708,211.970469356372,1.60591100676542,0.403932214588632
"PLSCR1",0.319092208529724,4.44857926203011,212.146788650112,0.592355865725974,1.58210631678003,0.451347051455916,0.533782319908628,3.1139926509337
"PLXNA4",193.668954708679,3.54704904472699,191.086840632368,0.766272556433734,0.639659954881477,3.86904586777512,195.704701496846,0.153443468452502
"PLXNC1",207.382537232134,0.882269099382888,232.476904989091,200.648634497598,0.668150660782172,1.20926010201564,0.549373164564354,0.341191177221965
"PLXND1",1.11890626244413,4.05697897869596,0.234960840357384,213.851163654542,0.631125697027322,0.814213434745973,0.315059129282631,212.685389187188
"PNMA1",169.431732749946,176.521870724363,0.517485281248739,0.225625644363831,0.612506520238189,0.626227334704867,2.76107070414825,0.0978755844263397
"PNPT1",215.913796361309,20.7670653576184,0.266345352258663,0.539569977963369,0.838189128796768,1.84813636096979,0.704283475206488,0.469497033888783
"POC1B",1.15750099956455,1.94724820011692,0.455316850233315,1.12843446023604,0.827864289090889,1.83788230076228,1.37136542699951,216.244035454429
"POLI",153.504446222989,154.970341086668,0.519112028350349,0.511677349197332,0.447139422235505,151.368155476946,153.896847410745,0.464662680268647
"POLR2A",4.60690797056591,173.356696985624,0.309719191760851,3.90624521638394,0.928837095770833,0.853054176445148,0.598550735144033,0.150107853155026
"POU2F2",207.484669755455,0.750602604301193,183.12592260058,0.523447355061537,209.075992367104,208.093173198934,0.505236965466864,204.491147424921
"POU6F1",1.32138879385607,7.4309102434387,0.699288003226919,1.98958728327491,0.963173342886825,4.81098518930527,0.729002403304023,0.713055803298895
"PPA1",1.54613002602108,1.84052335130123,0.0562229990980045,0.906889503331187,0.649739013202176,0.294521371987473,0.314999236449286,0.0778374086202409
"PPFIA2",178.894211789402,1.96866659227144,0.5786869520914,1.2934242106323,1.18012777561955,10.8231790856961,0.61266998887697,0.110449470159295
"PPFIBP1",0.437008576935991,219.89881601912,0.678136480930923,0.497332899656682,42.6746089257924,3.07847489299803,0.87136147445848,0.289951460992624
"PPIF",210.900385056754,1.49628516406632,0.59768922601083,0.347527263018849,0.921928950545084,0.52354911007207,0.468993442795867,0.315865939982716
"PPIL4",1.38473235276744,231.250306950962,0.815895879718025,0.274429664662733,0.600145498254008,0.39763404130686,225.366382475876,0.604330339151028
"PPM1A",0.624373469688648,7.88233840691873,0.38466541470098,0.299496095041246,0.738881087587558,0.629561338732972,14.5552375717499,0.149740219974328
"PPM1E",176.325663299645,2.44872794587195,173.169562541109,5.47102344391444,165.003727341197,21.2839028154663,1.53311577795609,0.136572867547523
"PPM1H",213.251762471595,1.46131645562022,0.437052048791445,4.68646145567816,1.68834099866844,0.467146058542524,1.75078024448107,0.259739660700527
"PPM1K",152.530565132374,0.327448680879005,0.211464435715537,0.191514259743797,0.248332232237776,0.462666341203627,0.350071726710961,0.133276272632874
"PPP1R12B",0.653047459171119,221.292717659001,0.359908121713292,0.374465329913406,2.17453812743394,0.543467084511182,218.372237795774,0.284757741262574
"PPP1R12C",183.225196868625,0.700309050486819,0.842352101497351,0.506588385259097,1.06171844881139,0.506943345946528,2.11086814173,0.174877192255152
"PPP1R14A",2.0060754116136,6.92374225916056,0.0898786232530438,200.733290785221,0.860695311115383,203.691565889721,0.597079425284403,200.451040294579
"PPP1R14B",158.713445697205,0.798998427872983,0.598048702099741,0.376427374707149,0.809604004385844,147.100084132185,0.382773705587833,0.29704948650006
"PPP1R15A",0.543870444162892,203.956712097644,199.559898511054,198.70640330587,0.780131230141828,202.912048565123,202.248761287149,0.2212464489809
"PPP1R15B",2.73982169536584,1.84691496266475,0.535549606023063,0.27874686003368,0.53216686327989,0.639867171585614,197.759315779285,0.755351878192071
"PPP1R16B",166.475966614292,0.406894205128224,0.176746559334824,165.072886835539,176.439892855933,165.198677638204,0.899896920564458,1.42346082903547
"PPP1R3C",205.619358134131,0.354159718483823,203.536651357027,0.148503681900631,0.274369081852581,2.05230418914127,2.67330247779908,2.11517075176067
"PPP1R9A",1.4201286605866,0.70717982312394,0.468237777836778,0.259459945679985,0.376894939616338,0.619584490235181,196.493747214456,0.243282618764604
"PPP2R2A",1.66905284993986,1.09149125977778,0.276676993026812,1.09125597132841,194.371825455805,0.363199417236079,0.345678761741155,0.224406227936029
"PPP2R2B",0.377421287947543,0.465434911272868,0.391890651987489,3.81734740498871,1.40134998334105,0.725076122131321,190.675204013163,0.131278564384066
"PPP3CC",217.597272402425,206.942028516597,2.24632222731138,0.956584660008159,205.012428218484,0.88948326932252,213.199303272997,0.263700146277558
"PPP3R1",0.722210289414073,200.716673404574,2.11991326385807,0.370357766666855,34.8029923199061,236.388004575917,199.598108588758,0.121553939047889
"PPP4R2",1.06837036704101,0.758454638247794,0.184486965548446,0.451302363213559,0.424032643326164,0.391504013933572,0.516354382040103,0.483475679754355
"PPP6R2",205.914413090244,206.899719620351,203.741401689686,0.239787052844865,194.805528513162,0.50380404192768,205.538138440999,0.276576792627615
"PPP6R3",223.832367755378,0.94817594832299,0.610133507003388,0.3909784896665,5.73091539065311,0.801947901647471,0.987149560673792,0.331676179123186
"PRDM11",1.19627930852981,0.717739097917055,2.17455739397256,1.37090614556236,0.679177754905079,213.333501039503,4.17527344537531,0.560612414372963
"PRELP",0.241147760191185,0.363063212904268,1.6146518587533,190.038561371361,0.474522766472222,0.326690098585112,0.341287735170192,206.789317890914
"PREPL",0.887915532758933,0.655182201742124,0.322302790200145,0.674054589574275,0.533069099591763,0.41148386720842,0.63550039474908,0.0566519920908078
"PRICKLE2",3.33790952919602,7.32203226736914,317.466683946103,0.341172368357383,1.76612850412629,0.662649708501916,148.752840602198,0.210834256841635
"PRKACB",1.55930546810512,1.45284483929178,0.149289564418393,0.323276758052696,0.722300677787901,0.515667639001593,0.884346607728453,0.0957591349623753
"PRKAR1B",159.639601603502,163.011938124628,156.155201740801,0.398802391990906,162.595756801581,163.38764947264,158.861341976622,0.0609091060909271
"PRKAR2B",1.058297922393,162.692397534486,156.290824665353,2.0411974195607,0.596368304355663,0.753102560186336,4.20650966486964,0.079010123808431
"PRKCA",190.59506268471,0.504398647241272,1.11948812765478,0.199261422325739,0.621255698819341,0.600823160842933,2.08935832572979,0.208973988614764
"PRKCB",205.345775025444,0.515594421503641,1.47846478587664,0.518661634009142,0.391868787387348,0.5987073259031,1.10126881068943,0.151378042795799
"PRKCD",1.40520895769169,223.045601187909,214.305240122233,0.854586956877103,0.873604338793782,0.431924412229985,0.408816923254921,0.876041257870242
"PRKCH",0.317040780206226,220.30210475516,0.799085620040657,0.875303737041966,220.634202150162,219.641940996229,9.56622653369188,217.380303819439
"PRKD3",209.544169082114,199.208872753037,0.826799319969083,0.302545508888785,0.601705724526741,0.386605326985835,210.281206788826,207.50347399529
"PRKDC",0.714897669675677,203.174173709708,0.333489823032804,1.04155298159459,1.31310093588396,0.539323211634827,0.467991840588212,0.231379576194547
"PRKN",1.57986415723702,218.884401216819,213.60787159729,1.0241812809713,0.71732083979879,4.91027013444605,217.247611753596,0.27891197619107
"PRKX",1.26058426814142,211.048501093235,211.157697174357,0.255211640784552,0.45932580605795,1.08887812320665,0.597233071687019,0.810260153807458
"PRNP",0.457580343169214,1.36536590072073,0.112885096222078,0.196100338664691,0.4391316444491,0.243995923878823,0.774273140273095,0.054739517943766
"PROS1",0.27535921842092,163.693794856463,8.12902452057859,155.539907619504,3.09605455090266,152.261940302454,0.506859681784612,122.649815326327
"PRPF6",0.636992269868825,2.09772328558482,0.553151727163637,0.483382059217085,0.765916265933775,162.894807893994,0.638722838617357,0.235439939502834
"PRPS1",282.3002035341,0.472443220622368,0.90196050022225,0.671262808999967,1.04571067588168,2.31502656304503,194.877097995041,0.129550351815049
"PRTFDC1",0.767078098105985,1.86562764355087,0.424359590824663,183.434621828285,205.884231966555,0.463990522155708,0.555479372068534,0.795575158232938
"PSAP",0.270738455987375,0.468059183833961,0.148255749153313,0.149213364874383,0.280399917892997,0.123413384030792,0.0749861454765351,0.0563602254200536
"PSD2",2.04329202207877,1.95363616960476,158.130449928364,0.0947082552865501,0.219888837623596,0.436124657545134,159.124916075977,1.12105001518598
"PSIP1",0.506078615040693,0.646500839421657,0.430824787378383,0.248729778040867,0.340855090906178,0.561867383475031,0.608706710224113,0.128760552572646
"PTAFR",0.681908074901603,223.450258907364,216.643600518449,1.13573328132029,221.231230308308,0.304853213905341,0.166570461428396,247.14144521138
"PTBP2",1.19076914860598,1.49509004367796,0.279138907086009,199.218070866864,104.779131915094,1.33927640112866,1.95910203628705,0.123903177406959
"PTGDS",0.350390563508221,0.643501830133479,0.0662561934848642,0.0618065682034238,0.204584444486943,0.270597919024213,0.375499555286812,0.378095751908353
"PTGFRN",215.686861568243,9.28887957580996,2.9888802816954,1.71922046585923,0.611308953820621,1.4547232544299,19.5509206741207,0.285413267335939
"PTMS",0.402760709783754,0.714205890938718,0.652957917070819,0.379873864720351,1.07505061756123,0.490401291234187,0.412106965981914,0.257100485251018
"PTN",0.396507848093124,0.392072706533643,0.427485193434358,0.166219046232085,0.78974950381263,2.90203997736623,1.50336108700568,0.541154342553067
"PTPN4",2.61072021980026,0.967516278000314,0.360399314029642,212.536687181508,0.926831024384616,225.998266114082,1.71721292447193,0.259912751692464
"PTPN6",1.61430722189482,160.909918072153,154.489483469859,151.701438858074,156.317004981568,0.672997435946261,0.186375708955838,150.88396530317
"PTPRB",0.19216968612202,213.628566449757,209.177458016032,1.3503852834669,207.880348330871,1.07500528889223,0.829800605766167,208.893509440242
"PTPRC",0.594753711239514,2.553938887769,8.24027411712057,3.84141544661769,18.0517058518691,0.244355075100701,0.128942781931644,203.688554548173
"PTPRF",182.23655246214,2.06354130641375,0.442204977256695,0.179764473818231,2.63589491496125,0.696700539371487,180.935599741485,0.174634403932752
"PTPRG",0.797972462291519,221.974103068917,0.652585012966311,5.12460246120762,1.09288881739578,2.03084902840112,216.993342880807,0.218310564790155
"PTPRJ",0.846223389464338,225.650504625822,0.439617807359521,0.764075606183577,0.729208746956584,0.480629683481486,0.436999853759613,5.79432967476259
"PTPRN",150.721569909584,153.522394452313,145.727533988862,146.813918085303,150.074803829376,0.383909773152299,24.6495649587742,0.0587639557215111
"PTPRN2",0.604742423172507,3.52883040970766,176.321489011378,0.240742696678686,1.50321691422814,4.3537403122854,192.342246710691,0.110046923775913
"PTPRO",169.58336718457,176.536322034829,2.48677576857391,163.066510663459,168.696949196771,1.09789740512815,0.648598647610751,0.107840017533821
"PUM1",0.441166442700251,0.457555412556318,0.752524552211905,0.292571787690348,0.595320448558166,0.969211582510089,1.37862220676682,0.113618958417688
"PVR",1.25810046683115,1.31389989099756,1.05945627798821,146.097214730808,8.41420983522493,0.685485412471955,0.920546589816085,0.238159557960808
"PYCARD",0.683136049386641,0.647972904876234,0.849873377911326,148.591516644017,5.0300391599898,0.452916134213944,0.258136397250606,148.959271570896
"PYGL",0.580179659666268,3.78070283931544,209.574104353694,0.505283763551555,220.954882175036,0.397802783611705,0.598822154209889,0.315353347504613
"QPCT",0.647972958097134,158.798329386467,153.630731841872,152.184463282724,156.925533135506,2.47400975430651,3.21394786046922,0.137233845919555
"QSOX1",0.763067041017826,222.575153465637,0.438562136446046,154.518197776234,7.50230707429833,1.08058533536403,0.457694905458873,0.199079048635558
"QTMAN",1.10555386983916,1.3796804820026,0.466143392215009,1.14977248259884,0.431233877796425,0.775472214939338,217.769503981619,0.320378645587167
"R3HDM2",0.681791287875676,2.59855016570891,0.789071326996138,0.365021971391515,1.59496257612515,21.1499245442188,4.85024512685714,0.335751803595424
"R3HDM4",151.79450237863,153.996054577565,0.443531407280658,2.24123510061314,151.57128766295,2.44206871889604,1.47203289360612,0.485481233284927
"RAB27A",2.59496535453209,207.40731254802,203.854849752651,0.992957914242593,205.55162723138,0.447466526948263,0.504906524439235,0.819654748037487
"RAB27B",215.503316915972,209.259944762954,204.595295307724,2.78811130951105,0.702119578261506,1.46605507538095,1.61134768232636,0.202327170835966
"RAB30",198.698752186325,193.080725883625,0.208987913239898,0.284720764199234,0.369975210513323,0.589681662972967,221.488080568442,0.259774215347752
"RAB3C",161.321090518063,159.035869548566,147.006183872868,155.837293973825,0.873954671376481,0.572452231645966,0.611369499334799,0.0412710818921002
"RAB3IP",0.681394260278722,0.841806237419134,0.253537254956564,0.561597076768512,0.447727582489017,205.841642709889,206.471149622733,0.344108484064087
"RAB6B",4.14078129429193,0.896560352063228,155.447305560949,1.2250666795158,163.872758162493,0.447200810497396,0.510497585075505,0.0508746079922431
"RALGPS2",212.729415918547,1.76774007432376,212.896044800401,0.635036783486107,0.563079916221954,1.35269291827989,62.5262065748183,0.431802836828948
"RALYL",0.477180465043452,14.1753781771309,0.989446663986759,162.818537320449,171.982914450948,0.669101115953614,1.50847835082778,0.0807061708590338
"RAMP1",178.981343828475,0.304650341053032,0.530787706500134,0.149248001571084,0.638295953426712,1.99614328875458,7.83263306782556,0.287134308959984
"RANBP3L",230.060727577222,1.20150040295573,224.470605222308,0.194421422337049,0.403506879108663,0.686845852744487,1.12883990161967,226.587326966405
"RAP2B",210.907697403348,1.12353745995094,1.9897793969591,1.84851649552051,1.90426999926868,0.621289264585503,0.262379161746994,0.547308994980114
"RAP2C",150.336515635541,2.37639651028176,1.11385525077196,3.46055072490608,146.872009347421,0.737568332024807,0.344794827265213,0.279492063087203
"RAPGEF2",0.44937736581185,1.99084828299856,0.301745536848187,0.768313917942844,0.946531083913704,0.676268962007184,215.640425663173,0.35767630184989
"RAPGEF4",1.06894738450319,0.855634819288208,186.09939942493,0.357017103523553,180.59482703155,0.649570600390792,3.14419855725603,0.156808016901122
"RAPGEF6",1.03403868918035,200.324267084856,1.33258245630373,0.670889030612756,200.414589801969,0.455059389462523,0.295678345183363,0.345149045441683
"RARRES2",0.527969684946447,0.639790564690066,1.01491928647152,0.216913948257882,0.461644941183101,16.8608137936205,187.230820575423,206.678423480372
"RASA2",0.677699159826067,161.124731271064,19.2784617970691,0.825715065132177,158.749405965513,1.22474931548645,0.621965643383822,13.0956614962045
"RASAL2",0.670481415592119,0.636121823150383,189.270939028071,0.901308118849689,0.673794390828822,202.747300242191,1.54349696035214,0.348775203316311
"RASD1",0.43025461968949,0.809225830153882,196.912211890947,0.24372922934627,0.432450509128827,0.911583680019875,190.040732437227,0.198811787335443
"RASGEF1B",1.39675579228102,222.212747133668,0.834048869525014,1.38385946039532,220.3170637438,1.42223057429282,0.751577912460968,0.280168319942953
"RASGRF2",1.56801798026266,156.514114468095,0.425456139175826,147.189444067746,1.33847863542654,1.44520326072141,150.48881325769,1.16661747743247
"RASGRP3",1.00001636832353,2.67008754836687,0.189545094317003,215.471597485152,1.14730992651964,0.532026009015868,1.08729607131018,1.64409548103538
"RASSF2",2.73708002676756,0.648741738739339,0.114622370107809,0.811790836119724,0.479202128876422,0.38174336320513,0.25143383716095,169.033961877389
"RASSF3",1.23053033794024,3.20869572894744,4.78190044528797,1.68265660138749,18.5127489165393,0.4842231617716,0.404382131034097,223.790030353406
"RASSF5",1.94342395651989,208.553711684636,202.54005007079,202.106503313942,1.72387641399551,200.769122404947,204.603830539594,0.154634912353876
"RB1CC1",0.485682297321045,0.390028059695078,0.586516882035749,0.24585439537542,0.522855355175258,0.590112932777033,9.24570518406292,0.128393486119297
"RBL2",0.633114348123299,2.39572914121568,0.452041844452864,0.359384388637029,1.03977036196096,0.432480143719145,12.7192539061322,0.601689653861033
"RBM12",219.731466176795,2.09073434326828,0.537557724318756,0.37843609499548,217.662206713863,5.2389622611437,218.81650054979,0.754566420556566
"RBM12B",3.7776041934985,0.867648031012834,0.625898422690642,1.74093600990641,0.616607065610292,215.208996484137,0.56647918980912,214.326822523579
"RBM47",198.859746546796,216.893474148322,1.57488323111945,0.970772305939381,2.5817397799131,0.806036988583256,0.302731193780755,1.62937073184479
"RBM5",0.5528907907191,14.5661636166843,0.494525390581294,0.58914133859295,0.66044842794044,1.11147684924576,0.851977445652687,0.557792436133911
"RBMS2",1.0248562594671,9.05871087153466,166.526176214688,0.367052681472405,193.798880024705,198.034852306686,1.28769053205697,195.727588189667
"RBMS3",0.395853495941145,3.71865978324985,200.964943206003,1.16738808211827,0.84142409462759,1.0546479909472,0.469516545663718,0.255107959238961
"RBP7",5.36360050692453,156.988641386233,0.320963845105758,0.691866947260881,169.080929158251,0.922089329021794,3.43184312537756,147.029747457124
"RBPMS",0.474704244287381,225.480127016466,3.64542859035954,0.539307864762164,6.24384081498897,0.673125217451098,0.424527075192169,219.213227895692
"RC3H1",0.887156065459549,6.2195180140674,0.463339304910398,2.01865915196766,0.827146085943074,210.547202656582,1.26770614158666,0.26137271443522
"RCAN2",156.162252722726,1.64948119433576,1.44840688478956,156.778472744052,1.33891554144022,0.355197625345945,0.752894243296616,0.0378058209189144
"RCAN3",190.533950727883,214.79959144337,1.28661620612336,4.13814868115357,0.899776735703038,0.935736072594133,1.12844856907161,0.32579486916869
"RCBTB2",0.456790495944996,0.832613663527532,0.81665367751337,1.14431644906362,1.2407141934347,1.37651444528232,0.468809727620842,3.09538317914421
"RCSD1",0.493351414111356,2.73552338328788,152.181843412268,0.679393352292874,154.831317128609,0.580226169164448,0.351762069951437,149.19140946054
"RECK",1.18984761829475,1.38827815172837,1.37845763025924,207.179490565746,3.13104209484747,205.793236170515,0.669299274245642,0.398868641571806
"REEP1",163.20613233675,161.370991942028,157.889389367011,0.754363366618766,160.258908066346,0.827056799582764,157.305058085308,0.0536328308649566
"RELL1",0.966401247879862,3.34739073160071,0.494944729820504,0.389924189693177,1.31100594641861,1.08440972554252,0.84625132092369,211.993479346416
"RERG",195.60009411898,199.588444613241,189.906636601206,2.71354720181873,199.584558971843,0.893854488060567,192.921005533124,0.102528655932424
"RETREG1",0.845609334528377,2.36992325380947,0.161622134990542,1.48248722755084,2.98171439574061,0.714818777448101,137.236448780656,0.14080740717537
"RFX3",221.929216860806,3.9256288939216,0.518551471495161,0.569717400107276,1.09550739178196,1.99846920819115,0.814913962473038,1.55300081818816
"RFX4",214.090179270791,211.993583807837,9.30120793627989,0.175438744549161,0.350995293239504,0.453721883792419,6.54569496952929,212.090901145413
"RGCC",0.36690631499802,0.396872641039167,0.108181207649182,0.272571895835371,0.475403828200034,0.445486316085755,0.3678515410971,48.4377997229974
"RGMB",210.162440209939,0.97005605579784,0.748267885591007,1.80523718431419,0.567787081687072,0.899260948178582,1.16887972240114,0.266408877047043
"RGN",226.277465891135,0.770885437174479,5.29261007982553,0.285467221498221,213.095439676984,0.921422024522597,1.11665563379511,4.88315587714391
"RGS10",206.690423820619,0.746915729269158,192.861033755037,0.455117125840998,13.6704884340918,0.292782805842555,0.147857420115962,200.926125679229
"RGS16",185.873988748687,248.061516495188,168.663271081192,198.726016834737,2.28644906822917,1.97128018012937,0.348727388797296,0.158537877849768
"RGS19",163.114935154885,167.16322253246,3.99195411820058,3.66204288249015,158.559368522195,0.413104253890876,0.25413550032342,0.905458853444063
"RGS2",2.95359005236616,2.65409031160613,197.721152997249,1.03199124905997,5.07205446778048,0.491271351675409,0.805752191353528,0.110994870048449
"RGS6",1.50627411024875,196.915758964916,191.333806729102,0.414823473405086,163.988121371062,200.959709928787,194.199031172531,0.172630049088467
"RGS7",203.728124085653,2.74120771570782,202.69406005071,0.434325816764528,188.720767603089,197.450478330901,201.727787116152,0.242421143827038
"RGS7BP",0.556621960926673,1.72118348359329,147.062330372073,2.98743728845334,142.76384031136,162.776145434314,0.754066832633665,0.608109552528533
"RHBDD2",156.35019237411,0.679184708257635,0.993949692002064,0.940515720131782,2.56932908155619,0.35590285599433,0.7048105920589,0.0616175286287327
"RHBDF2",247.990739912696,2.99682451150852,2.0144023676322,2.22479400201523,208.22736263625,0.578317371711944,0.232209906272509,3.36665033298636
"RHOB",0.216210142368945,0.395288241008461,0.271306605265734,0.121841389584395,0.197057269449519,0.450521337950833,1.0407069426031,0.464540883192296
"RHOBTB1",213.6349233687,1.77331505654873,0.300156377534074,2.64500049204577,4.58342063154708,0.936469218264831,216.602308510576,0.966992560896692
"RHOBTB3",198.841332400715,1.38929112539975,0.179634284040483,0.11198631362089,0.270636016532883,0.773965549315701,195.973402714838,0.718608891164936
"RHOC",0.585473998870946,0.955701484133648,1.43027105200051,0.313026746739074,0.340712794791498,0.48593764963776,0.539183923862213,203.268279728321
"RHOU",0.908517431465229,0.952105474960416,0.138541464131066,198.804792257785,0.73734667196516,0.377919990167088,0.39956334844873,1.36489670804384
"RIC3",1.97567305526177,1.58730133179044,1.716476351913,0.329006088832635,1.11757292609169,203.642239837999,1.70298326710826,0.302538802451586
"RIF1",210.818981893605,186.85175632639,0.202292729648782,0.534415493041532,3.23108389082656,0.301620713500816,0.701035892971085,0.270954253447617
"RIMBP2",3.74680533324614,0.765519650379645,206.630050164394,210.913036909549,207.329640589809,0.63881136345418,207.103409246983,0.143513218139087
"RIMKLB",2.21039326717005,268.493317966851,217.954082682179,0.166027494120723,0.443297276593646,0.926392720025739,218.221495934657,0.658642509518291
"RIMS1",186.523994285795,187.973718186613,59.1364359831461,0.369905695915876,5.47178603143665,0.573388637639721,0.533687268215182,0.153422545974078
"RIMS2",5.51103768374392,203.484987765088,7.9524480349669,0.958824711964131,0.282700560579851,1.93962059796078,206.251522494563,0.182077680726403
"RIN2",1.59715300807144,0.724472889198645,0.402062511075823,0.410967678372674,2.44134429949518,0.497666127681033,0.701436609044551,1.79209378242722
"RIN3",0.724652198721312,156.545968013235,1.49673167333952,1.12753308574279,3.52241594816175,1.52071607109364,0.438746519661482,147.02868941414
"RIT1",0.896702624137073,2.61976672274228,1.25407770681352,0.415932056431523,0.996863536440939,0.778970983879766,0.47914153610579,204.22520110891
"RLF",0.623211894587533,0.524950793379815,0.833519611787092,1.38045939586881,0.543037322577614,0.625277680947691,2.28455953797327,0.823474785059806
"RNASE4",0.693793571328382,3.62520038241814,1.1946758625558,1.45304213599516,211.786794154944,0.694030852302163,0.324777983655041,224.496027733648
"RNASE6",10.5547435568237,214.783257140646,208.28622232954,201.389962455971,2.35667743954252,0.921191267484204,0.170089496131119,0.79678606726333
"RNASEH2C",174.081320369529,175.624910822508,0.359261712273484,0.312838449129694,4.34698049637019,0.945040342045913,0.806371749518751,0.528476346615508
"RNASET2",4.17663318659956,1.05957897409412,0.562510938133196,0.523325888258385,0.868077870533599,0.179751958854499,0.08401783283834,176.476323003213
"RNF103",190.885223318564,0.459929672718189,0.37213973659926,2.6572833889818,15.8910093670657,0.381361211329828,0.438727164991645,0.202343733668939
"RNF115",0.445228974685119,1.04645340570638,1.47752038455822,0.610237429739475,1.14764439802496,214.473120131866,212.881632575878,0.204679885374875
"RNF139",233.673817859574,0.522257481717845,0.356633303360042,27.233522362776,235.082656419371,4.01469221440572,0.609279200917633,0.256493016284328
"RNF144A",0.648173466058229,0.311311738186431,0.21143299882199,0.617239860593715,160.294558765218,1.46517405570607,1.23978376643522,1.22770415715155
"RNF144B",0.58725894609355,2.33512022929732,2.44297566998791,0.965652703961107,211.036698554979,1.94707471511451,5.08424948839203,0.281480280992642
"RNF146",35.5291082794487,0.459107743130211,0.312914008420397,0.543219157733837,0.952758728770347,0.533058546252579,1.15118313314398,0.256669179662776
"RNF157",4.51292833904858,187.722238070421,182.661790884422,0.551082995240868,0.971091908347489,2.89838663365197,0.379584338964671,0.145843504770902
"RNF19B",219.347500085087,2.4001461197753,3.51417884710758,0.915689455109868,1.00852473303421,0.789252785436999,0.497189448599148,0.444568357151918
"RNF2",0.490140813719712,1.73779608174611,207.613872674097,1.11155422659156,1.24250164737737,0.837910402244717,2.11321821825925,0.315705939632473
"RNF217",6.3823126952782,0.549056926208674,0.916222546668828,1.84786657582773,0.449189030685484,186.709976019906,1.04609678442148,1.97883201056445
"RNF4",203.287389357311,0.569416978393657,0.692560101144088,0.250648738125358,171.948465004835,0.818977733134348,178.553093626458,0.267307942029697
"RNMT",1.65864738134448,0.622523153265194,165.858123281497,163.931007269981,1.65367064418988,0.316964276846326,0.258657125609514,0.127625333866152
"ROBO2",195.375907167158,195.545449231853,0.716810075080393,190.581867323676,194.316009699274,3.66084155935394,191.739122900774,0.0854777383145766
"RORA",1.42474564994304,206.310838375745,0.380446114724038,0.23722236870938,0.345544313359665,0.509429769698543,210.753373491185,0.351216821945938
"RORB",215.511796354781,209.406587840263,210.221985822016,0.368464056943201,0.305882022657628,0.664677063902195,13.6041405618106,1.28431357576588
"RPA1",0.382961515222791,0.989590944297295,1.19637204435228,12.7714386400175,155.016439027016,1.08715959414839,0.495448862685415,0.166256851864092
"RPGR",0.777835339032902,0.598010729945199,206.445201080602,163.644630460837,211.908208300985,1.03750831994928,0.493727349602065,0.701128518245492
"RPH3A",198.229043392316,0.868516951423793,198.598328961894,199.222768129639,200.411602916263,200.131091451759,1.26791059713525,0.107252090989555
"RPL10",0.179734750402144,0.47101510974074,0.117774058339446,0.190457494427657,1.08950160960031,0.171255969249659,0.0810527457853816,0.253295123695185
"RPL13A",0.153468343626745,0.203340829217176,0.117155864644894,0.0915881873422687,0.256324577544099,0.165475444033093,0.0869373870366524,0.227236476980618
"RPL14",0.221552430718932,1.96975644072528,0.190972545152993,0.133307634540344,0.281467877369249,0.211857290595835,0.105904479284302,0.151305256725674
"RPL18A",0.21870696443029,0.429396706775641,0.153883300335511,0.143130377702378,0.202057182589931,0.16514834499053,0.0999471837168972,0.261817939525714
"RPL19",0.238119315621561,1.33295552698032,0.108802019147531,0.136724714637139,0.2722171787016,0.165708718772639,0.0819755643419918,0.171499190122902
"RPL26",0.251092040308651,0.272784234005534,0.109546882656995,0.100710482503381,0.260484208645021,0.201100686304836,0.0984294801848895,0.340063739420392
"RPL3",0.281405469858695,0.479566182817795,0.131760408656661,0.166893738498014,0.236942901079317,0.230629277494858,0.114784587276361,0.198814256708238
"RPL7A",0.307906876995486,0.425526730450812,0.133776818529423,0.169112232075715,0.376169243114516,0.150641037321266,0.0982941021998352,0.147724082776672
"RPS18",0.273863289288005,0.554096169951586,0.105229895737511,0.079936671295285,0.193489262535952,0.151203380929901,0.0946402879301925,0.414508098225399
"RPS19",0.176522279570587,0.354154995294734,0.158754091984005,0.144433685118431,0.18587507936121,0.14032669047708,0.071388348594232,0.274263114203421
"RPS2",0.34777764512991,0.348411145513786,0.129929084076671,0.342762798367216,0.577601114975115,0.186663751980267,0.0868518251113004,0.140383846603136
"RPS26",0.659191784859349,0.547083609442298,0.196875888331682,0.227237709716327,0.484634352096883,0.360594632047322,0.299059513373647,0.145828087880761
"RPS27A",0.199686064701716,0.40524221933139,0.094158148153552,0.0785116254684492,0.151247097503892,0.15442492887923,0.0922296230464241,0.2818672670895
"RPS28",0.285225141610059,0.444972664642431,0.104793312618353,0.0768548217981575,0.173772981740118,0.165246113801847,0.0911072160579439,0.135204765807729
"RPS3A",0.230757060338113,0.659963453185119,0.122383005022991,0.0921996398881463,0.180381364335806,0.149182476199326,0.101596333882244,0.398783592182641
"RPS4X",0.213053073353664,0.865980608108314,0.256288185002288,0.127755985786657,0.371547896228273,0.232961689354506,0.118855150035208,0.307143904769084
"RPS4Y1",0.645978019159754,204.182493986601,0.435879742106393,0.611554619685115,0.843424123843906,0.303560477351297,0.255109776909969,0.250862916712838
"RPS6KA1",0.505038139585673,55.2620645592284,0.701173319142951,146.438660247802,1.79960915324689,0.545013535446735,0.420498562722962,0.555695641199276
"RPS6KA3",0.40286833333951,207.738676600518,0.780320946789402,215.268664922749,1.49123751729299,191.774437833883,0.275381935126755,0.21897739850435
"RPS6KA5",205.384764053579,38.0527215405091,0.289327832990889,0.425339516453432,0.476980205072362,0.542753638178865,1.91725491063566,0.68547791673207
"RPSA",0.551013064474852,0.525256730658013,0.141724641541133,0.201667039509814,0.357570927289449,0.244435390506965,0.156371059239789,0.169052892415495
"RRAGD",218.674033442177,1.89742618025435,0.525069332776146,0.605887174858193,1.6483973887262,0.666064917419718,0.303245480471499,0.520237547114172
"RRM1",1.17010162101522,194.494771565961,0.622648526610916,188.589645518768,203.683105766536,1.31334742685225,0.511534236744649,0.226928633263652
"RSPO2",198.780086217469,202.983469719227,5.68410402903182,4.23308862776879,3.92120510705053,0.606451937429707,195.669275736004,0.115810048025776
"RSU1",1.12051441398695,1.40426480412453,0.979399287541349,0.598027198947735,1.69320962437867,0.533495836700542,2.00066131949937,0.436032347791636
"RTL6",1.17389702521184,0.78058926406944,0.331750348774533,223.931246225123,0.827701385563392,2.01338204993835,0.640323537772514,0.301220623041426
"RUBCNL",153.846396506029,0.925959237954359,150.437224032019,0.331484102383506,155.331081318818,1.47602595214559,0.597730284999473,147.394255295706
"RUFY1",4.44293747808442,1.25957157171881,0.82434158891589,0.607561906744024,0.748605200299058,1.5228538366886,0.596218465596992,0.446466040284711
"RUNX1",0.796353229491327,164.982848955433,156.086321193287,156.27104950349,4.8914721982595,0.577597251883509,0.270948774346231,161.601794318582
"RUSC2",3.45032101623128,8.61607129586722,0.796990103438023,200.645407286938,2.84943874821018,1.82812694186396,0.712239403575753,0.127063266844765
"RYBP",8.36083059539762,0.486909043008798,0.2505999639776,1.07968210200309,0.399740667916038,0.574716347407294,0.568016823571533,0.44132629120219
"RYR2",1.61341508932631,204.469287355551,17.0511278573322,0.506331460207138,2.71148599505953,207.846741527605,215.353492762351,0.257935222894699
"RYR3",220.89301297066,212.639283990793,0.683044398475626,0.221494608374667,0.569901692031527,1.40805223370214,207.408839329585,3.81320780415664
"S100A10",0.168908898725793,177.483047991308,3.15933776973802,0.659486427812221,2.86408130288523,209.251262091902,0.64156869415948,0.341636732076676
"S100A11",0.425193761028525,210.66646390867,0.712156043113406,198.919668778841,87.1040015323449,0.239743083317541,0.0942441846979472,199.788630043563
"S100A4",0.396045291449926,205.781685972899,198.472648918899,200.227219909362,204.677380137872,0.185489867658943,0.112720609216644,201.112119866257
"S100B",0.292233972289853,0.321236578398423,0.128393448020651,0.0635632797381411,0.191494622219703,0.229122555532056,0.263880367444194,137.16132677829
"S1PR1",0.474057996006505,1.09116987575347,191.913616476629,0.164792735414511,0.288242499786667,0.798646547700751,1.56651549250218,0.585694078138136
"S1PR3",0.508837676447971,227.690027794566,217.723256870145,0.364879983715808,219.578886577133,0.709192664173349,0.49277296551855,216.450395801792
"S1PR5",228.168701951738,0.521444043824644,0.196942410665379,221.705725735792,1.24230418281692,2.25699287090656,224.261607465641,222.389455803471
"SACM1L",1.13334074427994,190.765079663589,0.369545412659955,1.5558166150977,0.748929644185387,0.453260978047808,224.63424509667,0.119525175928663
"SAMD12",0.623821310739105,0.673779919040074,1.15725611791833,2.43249483528267,209.359280922539,0.333591777844811,2.61628862940429,0.290745489245133
"SAMSN1",216.96875329628,0.599544267590451,211.680803330523,195.518187322391,1.14134591034715,0.401739939541105,0.213237271192341,2.16296761400775
"SAMTOR",212.203775555646,214.10493515918,8.04412308274815,0.787140243000414,0.458129980667065,0.879943744421364,0.758516914977425,0.260000117355005
"SAP30",4.48728004813076,0.300163126524615,1.22628038015364,0.450996853928848,0.46398349164715,10.9838339150315,1.90305191197498,1.28943981883126
"SASH1",2.10132476580399,0.460762973449033,0.233218111068378,0.115079584441552,0.200633414109069,0.364781642513904,0.663669026874181,0.595130846257968
"SAT1",0.322714507643055,182.508537455067,0.437212800435965,0.181404585566625,3.46058609805888,0.283191998139275,0.160089784186708,0.262085882614245
"SATB1",0.808175367257372,0.504741646711721,5.21695064074928,0.306015594745289,0.555584013888391,0.844109237329154,0.680846475980413,0.189601839100583
"SBDS",0.523953356256248,227.37498967535,0.210764200846973,0.193109270435815,0.51971772467621,0.336969345522211,0.78625966089341,0.100824893927019
"SCAPER",1.27422656929133,103.672872190733,0.305595874794147,0.433810698720118,1.07006018328785,0.893045581911747,217.950841897493,0.348987980940936
"SCARB1",0.436132920189887,127.738936962101,0.464428875205488,1.33643931141959,0.766758173490555,0.625694781212743,0.62213148976433,0.73877286816567
"SCARB2",168.575502618698,0.538182485562701,0.14376797981105,0.470929396289042,3.19795960714835,0.34546697373996,0.296273258041153,0.136766107349026
"SCG2",2.89467981437792,8.6855559386373,161.754458616795,0.643302178741831,10.9018879348177,0.333572101962964,40.5433377598324,0.0548985466738331
"SCN1A",14.6365047631427,0.961812519555991,191.472433695558,1.2551549500984,69.4363332304978,2.13186550510817,0.444400225841964,0.129099655714032
"SCN1B",247.384077029632,184.81688743128,0.36064861944003,2.69000267316431,1.50292625245255,1.43331412338857,1.01307683809584,0.142326339145423
"SCN2A",188.047800906277,191.514152645089,186.514654457921,0.41867677923767,187.396141838411,0.580171291514235,192.852245767281,0.0946012684595534
"SCN3A",192.259638665336,195.350819929189,191.020674924866,0.267061889232491,1.04171150765547,0.795213641502755,188.873351970729,0.126111415285508
"SCN9A",305.884800701145,1.29485482256202,1.28577972572507,2.31880597635894,0.900959130670762,1.60977221758356,204.468839241853,0.291367480907894
"SCPEP1",200.359838825792,0.622312193443517,205.155235387051,0.686680179749343,158.399754858338,0.506399268028331,0.211345794586104,0.178136970820836
"SCRT1",196.337384295258,194.771743660042,192.726913699424,0.463666901436151,194.552220988494,0.812135032708181,198.333251110068,0.163718868745164
"SDC1",207.445549405745,211.047555293545,212.603973727634,210.601128061701,2.52444024847022,210.274831473912,2.19803456844679,0.135082309421578
"SDC2",0.87831780372409,1.38762535109879,192.25248043246,0.216362744828689,0.385685595928824,191.987609756635,188.076699680003,0.112968604135601
"SDC4",1.61077262784916,204.492998618213,197.955695961439,0.110685601206291,0.276803389170993,0.493328679822592,1.18497574169658,184.313153195133
"SDCBP",0.512934175367243,164.156985819531,1.99357100075781,0.237209627443537,0.43463166099966,0.257334788987664,0.154475919959518,0.10568368850412
"SEC14L2",1.02734256962641,229.74209394713,224.014113213151,0.355066634437018,225.917089394653,0.424454286358486,0.923075809381409,0.388301119385717
"SEC14L5",3.30251539658286,216.343104198764,0.222153220757007,2.15455242806893,214.546305090104,5.39948180568911,215.524577965381,211.813126873126
"SEC22B",2.18054748926272,195.023646169564,0.414634831039266,2.60525960848342,0.592064148817237,1.17042141004861,1.87627640137266,0.146135514017822
"SEC24B",1.88125058745267,1.64835001253182,1.60769434288042,0.822438021425347,0.557761879744301,1.22951414220372,0.284258210317972,0.21648942844794
"SECISBP2",1.10587371025623,0.817828621845554,0.527906503421477,184.725484480723,0.663612798657704,0.958563400792781,0.429687989381744,0.299846934027134
"SECISBP2L",0.470999393105161,0.458502380163571,0.115153782479113,0.943436091299258,1.78815683307931,0.38941842814874,0.424890263407857,0.268307038539227
"SELENOI",199.049934707165,1.1012557604095,0.61803967034279,0.863877718995022,198.037163772816,20.7233832097786,1.7405643135149,0.147322000194479
"SELENON",0.585430665050685,2.60792209202298,217.965422585579,0.253869715019546,4.2836272184684,0.715156018674838,9.17073940002728,0.658322055651977
"SELENOS",0.890059961423663,2.78859361382964,0.4990830593959,0.29931039400157,195.547862462366,0.586394033745186,0.506627154491098,0.423214080380314
"SELPLG",215.704071921914,217.115769578543,214.366639129239,1.85297958157471,6.48801806719087,0.282483248295055,0.124777776914662,228.336717713736
"SEMA3C",0.906664553274558,220.134875297481,0.175682397823499,217.89120753528,219.007430593853,437.189308478627,0.628054481721222,216.231600757737
"SEMA3E",212.904526140014,0.460223679572452,1.49671077357036,0.349352631005786,214.32489273685,0.775020045411664,0.80781886176713,0.312466343477213
"SEMA4D",0.624750382178521,1.22434792632465,0.154457449594729,0.828603186999795,201.836373697483,0.520150630048298,1.39120519333517,0.479889597362034
"SEMA6B",0.475472227315856,6.59453601124445,0.949588614686628,148.858276431823,151.535281838392,0.662996089446642,151.99139020514,0.197218014633642
"SEMA7A",204.364372478954,203.826604320413,0.241233790096961,181.345562397858,2.33159224101545,6.62747747034399,0.769542222005577,0.264380955642246
"SEPTIN10",211.611418477811,10.5855685853382,0.237622012942806,210.171981228238,0.409218986639629,0.668092869504227,0.506226806595467,0.8064065314515
"SEPTIN6",177.311364692421,179.499267471886,0.634200312648169,172.390152539125,174.877539899503,0.793367101726352,0.580540490713434,0.129781328681347
"SERINC5",219.4690421747,0.563035871327697,0.235366585109229,0.633440203665664,0.798239205511044,0.669594425478438,0.696955017538093,5.51085983713329
"SERP2",2.61700171737022,152.578303312284,1.81002313883611,0.334219601382144,0.601748098633813,0.722285938499258,145.774438057826,0.163799606806332
"SERPINA1",11.4737897123152,164.067140786031,155.986673043482,152.942450035432,159.039421674292,0.371815975268108,0.164826185962871,150.495121111464
"SERPINB6",0.269344875581265,170.818018158159,0.287891240180961,0.372108728410177,4.6455618403016,0.626955096886862,0.920443842039404,0.442951722071273
"SERPINB9",1.28998096524657,222.243692708295,0.5142671090558,12.0895707442105,0.821197927633179,221.341231962537,220.685685831206,0.344026405653815
"SERPINE1",0.445714591237047,202.551808664427,200.709628447427,198.453720999344,202.272362313173,0.785550811882755,0.163551383221,2.38868917018256
"SERPINF1",223.388508298325,210.761195950147,0.732161776016751,4.7222932349849,210.159123464798,0.582596259070235,0.356141658637884,0.67367512908423
"SERPING1",0.309230079828779,3.81389722845802,2.09000848028377,1.77056000401353,0.748261671079712,0.96685580674764,0.300339655876314,1.56118154260343
"SERPINH1",0.217231245160437,199.977667666333,0.37965496441539,0.751855935543996,0.836248171127768,12.8594667095699,0.449032303682744,0.65409360492647
"SESN1",0.501129236397805,201.142071887965,1.81679126428509,0.740396452620878,1.50247608330111,0.334590357212387,0.263856495911853,0.32084895185206
"SESN3",0.741874981710631,181.231611609286,0.421662071960669,0.172567912085612,0.50240909595078,0.547942001677243,0.645385871423734,0.192372863322933
"SESTD1",216.739160312286,0.460990015092356,0.33901815026473,0.969838062725149,0.892183279349738,1.35315103222367,0.694772146289991,0.335903465405145
"SEZ6L",184.502395193659,0.92409638972189,180.329975045439,197.238360285731,1.77147349214422,0.753351379977111,181.912958468668,0.0651113537539411
"SF3A1",1.15021751962084,8.92114035644429,0.280361139124885,0.805824717575249,0.45282859991401,0.489176907449209,0.475846453119808,0.2713967026854
"SFI1",0.907869111642533,1.24581101868988,6.25611758792997,0.770259206361579,0.52217383677537,210.623358476049,4.02270318612329,212.05599851942
"SFXN1",1.69281978654337,0.970434508000772,3.18342247425603,0.51281007250317,0.662035751988498,0.536923051205352,1.30376907501,0.129494593559256
"SGCD",210.959388740695,213.596784741741,0.258711720306908,209.311035741774,210.277781106883,211.043884687647,1.7537479623081,0.449398736788869
"SGCE",1.03349111128511,0.995128207105095,0.269601640817964,0.369032273719133,1.14037496515579,0.875390517260056,197.555327836398,0.257313568254907
"SGK1",1.78091748369892,0.524294653626976,0.0928720692262251,162.142465261854,169.993973579148,0.239648623907876,0.147338420418179,0.936412538025373
"SGMS1",0.540404081496008,4.70307313843113,0.40871272108451,0.367304773269806,0.967700293171509,1.60429137308097,0.892495348417543,0.975347292163849
"SGSM1",2.30568336503439,2.79648040993098,1.25599993431229,201.582275175712,210.552411911671,1.45901050640414,1.79756781309394,0.144345974399334
"SH2B3",0.485703302877412,217.921624726516,0.826974143727072,212.452850856665,1.33387322981527,1.31348692547583,0.310811749557984,214.770338759193
"SH3BGRL2",203.364474652448,0.68396184410635,97.637294774614,0.761492360229044,3.50203077330472,2.70901632629337,198.624656593344,0.11263427005528
"SH3BP5",0.636333272704097,203.985527336986,0.226861987648506,206.768081572747,207.534751425036,0.888719347628185,0.43895786847824,0.180170410216605
"SH3KBP1",132.067912146155,17.9426314032739,0.206749990872153,0.882722288217494,1.48009498942759,0.549709053159402,0.449949080756639,0.169110307011809
"SH3YL1",129.980309747623,1.24937045042043,0.422937470375509,0.768211635969113,0.424086561021684,1.65960509738607,0.638197604500423,0.518854663553833
"SHISA6",208.561719616715,1.23498706370968,205.724250718446,0.29088097900798,0.79223754782116,0.703931528688239,211.959748037522,0.14222736905504
"SHISA9",1.41501133666711,208.621679825485,133.971985891046,0.396691327030694,0.668644247357881,2.30057199333433,7.65126126766303,0.491697317401102
"SHPRH",1.12334752149831,213.463329295143,1.25101825390102,0.51526207434445,3.30914243984948,0.804874208894589,0.952039232060425,0.681619780092342
"SHROOM4",0.605061603929571,220.842571320051,0.312042281191522,214.487216805091,0.668803202729986,1.15135493741212,1.01610710772218,216.635932055771
"SHTN1",0.959781187508172,1.58643006847717,0.143976956323792,0.410758070563841,194.920634306177,0.295007907589565,0.282277027641399,0.206491273144355
"SIAE",191.635230907968,217.78131715645,0.668583326434354,0.587558446511221,213.222905295263,0.539205987351664,0.743613580525972,0.125325366673031
"SIAH2",224.043402324862,222.097946062539,0.81088534363015,0.330356332492427,4.44765362040875,219.916579585378,0.497486145022249,0.412050356662949
"SIGLEC10",210.22295879903,2.82951707185528,0.543588252029352,14.1246219896652,1.22659474839399,0.864971804830247,0.30557174096627,2.68620675673087
"SIRPA",132.542116904668,128.851559926888,0.561485854527103,0.167979801499546,0.775279582226506,0.433823667862851,0.312968150033568,0.298670985791515
"SIVA1",0.508231860691112,0.578796221975043,0.642281013412916,1.84393969922675,10.0768629967551,2.69243695565753,0.495998198986492,0.36417227703785
"SKAP2",0.500486825581781,195.236944708351,7.24602088263947,0.539063208181553,2.22327020985239,0.360065859210426,0.219474036515956,0.476504691888117
"SKIL",2.12908744246059,3.52821183445207,0.88211396181114,0.766022874594851,0.327114196427303,0.782689649143965,0.375155034154653,0.374651127632375
"SLA",222.644397500111,0.931148693571366,163.364469025599,2.62709203000758,222.303107039468,0.414884200411309,0.176634302971262,213.968173147634
"SLC11A1",152.064434233709,1.04890889720113,1.67892161678954,0.953343613873318,150.804298243999,155.044170212342,0.464407519441616,12.2472190000762
"SLC12A6",1.20471595785345,212.589644180802,0.432684446831332,1.12110721828092,0.600748406687563,0.498366285406655,0.960345951777459,0.319554152227623
"SLC14A1",1.58233094498652,8.67452710130311,165.262623340757,0.0872106258973414,0.187351982444002,0.786031183576092,1.36031494381956,182.033649649447
"SLC15A4",260.845569012061,0.661046668313361,0.470587691138707,1.21001090700857,206.214695974093,2.44917656466685,0.323728794760747,0.631821645380498
"SLC16A1",0.24508055479427,0.848512049019466,0.47281265666504,0.436045743470494,1.13027393172596,1.17123815014859,0.992275520943164,0.349885677564483
"SLC16A1-AS1",219.651016444424,0.915222539156905,0.48930391732694,4.3649253865984,216.960509138969,1.36785641209493,220.838416208034,0.319980036712333
"SLC18A2",194.237181807896,1.1931050355434,3.4077631606945,721.261484119922,199.823065699747,1.23474125464543,0.476764949282996,0.0623364344496569
"SLC1A2",3.55645568242412,0.437751479468452,168.742548987967,0.0543369713875356,0.161080960076491,0.308240014080856,170.214457719684,0.227958815759181
"SLC20A1",0.714406241213459,207.424164767908,1.47408400193168,2.0500854663526,0.563848626331385,0.969287045355007,0.797342025336102,0.220631920144848
"SLC22A15",151.031641549889,33.1331659539426,0.455362070572153,0.394051792966944,0.646152529558943,0.573082438046733,146.406341725909,0.536360229757139
"SLC22A17",169.044113815383,0.320932432844206,0.215794091671326,0.945174539128174,170.838121948183,0.353218711249964,0.497535564759363,0.0651759032788943
"SLC24A2",198.724187722357,0.615636135323868,0.104733621453491,37.0320263071891,0.744930563281651,193.219736958518,4.48239204723646,0.135478775128415
"SLC24A3",189.234739688151,0.823519201158805,186.936602790883,179.679007016867,5.68561464117008,1.07688216549802,0.825506288942015,0.269248393922693
"SLC24A4",6.15726824900977,4.34500086273234,2.09971847271889,0.278980276129204,0.712567898381951,0.441676375897174,1.58563055625354,0.750983116237891
"SLC25A37",0.472838264993344,0.836374139924297,2.42053648873937,0.31430937501076,0.517400867430956,0.307999573439639,0.411570069659826,203.93860109396
"SLC29A1",2.23856609725842,0.772083338002924,209.75683194635,209.976530740688,0.966309657411401,214.004905735373,0.384795452440717,0.280024218971591
"SLC2A11",217.264054035484,220.246661283944,212.617946494093,0.267903676758741,0.459062686428854,207.837095598489,211.724688068554,0.280505063243391
"SLC2A13",0.761985456766349,1.04106887420961,3.61721055458772,169.081588835731,170.675364087336,0.747399582361301,170.588404688247,0.04989491774383
"SLC2A3",0.230977085849196,203.956341910316,0.765083368505782,1.52731088495517,1.01722274142646,0.64169386862806,1.41952456809092,0.167982598395076
"SLC2A4RG",0.801679470734799,157.403236165027,0.599912716536676,0.390720679163539,155.921383662854,155.152792838154,151.467548889713,148.132916787413
"SLC2A5",208.367494050289,179.962828052479,1.37071954724486,0.734684109087829,7.80929036063952,0.617813324697024,0.171939547107726,0.467445866538035
"SLC31A2",0.742198551773844,196.75081364878,0.114086230907817,193.292271108973,195.376380879639,221.887526788474,0.392365418201045,190.148184756873
"SLC35F1",1.58353729833318,0.6985073558346,198.452929672209,1.33371449336113,202.994650717113,202.969680269119,2.0394293896285,0.137344273283552
"SLC35F3",3.99487827242163,217.167281722301,0.346523377560384,6.8273863047385,211.451761301133,1.19984941810655,220.560521645554,0.348011399346577
"SLC36A4",1.05941491036575,0.502905077973248,0.536500070939567,1.18224854604381,0.928242209156086,0.538893813938051,0.638773460077825,0.184474668323719
"SLC37A3",150.828140250707,152.984717695031,148.92342990516,0.693327365825711,2.18679567866023,0.869936979759082,2.07268803861529,0.231385908457541
"SLC38A1",2.10920407330627,0.942142826597275,0.935888029535644,17.6361552569477,0.468607867292311,0.434782789265819,0.313384205813845,0.0745771933485578
"SLC39A10",0.764704810511089,0.898986709308382,181.423482921532,1.69480958187552,8.45396676599092,0.540261117070506,0.414121895659074,0.132692231511572
"SLC39A12",8.1835240402682,0.511291347700146,208.447770732337,0.138528401386518,0.244136338657423,5.0340038939828,209.480621450938,0.818771400679952
"SLC39A8",0.993934928389546,1.63255589270429,202.162004337787,0.663120478005973,2.61858733873838,1.76721444996033,0.680362492388857,203.709035843035
"SLC3A2",0.194447380217137,182.819261041588,0.364840678245362,0.372994719733634,0.375636598731023,0.453494271782278,0.424943662374508,0.193299421632568
"SLC40A1",0.505529234090095,0.386499342796284,202.188266573469,0.399943097019853,2.30150649753868,0.498107869412671,0.372599475106768,0.677997723659715
"SLC43A2",211.097312260082,16.1774510435787,160.28841651256,0.74550225449028,1.82133842331216,0.555435750876376,0.574093224041609,0.304815357473214
"SLC44A1",0.344419188634583,0.495208615519025,0.0658725390136651,0.265288295119083,0.47832102802258,0.446624526452165,0.255044361010098,159.981471853797
"SLC49A4",205.951529972767,207.356527543351,3.00646512000625,0.790394369761477,1.94647912250034,1.35113039749626,277.855627199395,0.39926676293496
"SLC4A10",174.28330647024,0.974334856127586,165.399319143243,3.42908978290961,1.12562517367558,176.928440941205,170.097518046964,0.193908894044506
"SLC4A4",185.585959948909,2.51076119791475,3.89298563001342,0.0934672487677416,0.320402444666695,0.410304370072431,187.915070506747,0.766405465119617
"SLC4A7",1.32983397260677,2.5064481084329,213.012609265908,0.610507228754349,1.43033120282482,0.559727096118558,0.528944489102602,0.316937854667653
"SLC6A11",211.88508096325,211.13448456514,207.73134378751,0.098253902232237,0.386862229948453,0.663348438118413,210.495188943247,1.18485070974631
"SLC6A12",0.5069240812665,0.769804939417712,0.619887963744077,1.85177213644538,1.11447635499628,152.158015520153,6.33342564943439,148.512593304939
"SLC6A6",0.53633326577063,229.986813249462,0.234347973104914,0.82960725080655,228.048340371212,235.765138324823,1.65535041328311,0.769766402799525
"SLC71A1",2.51420112681838,210.312987663251,0.251137656492897,0.43299789783169,0.351249449327793,0.919023923450737,1.65521028855502,0.308172693957546
"SLC7A11",203.217803466821,2.75788444722925,198.880559058028,0.0961308879545923,0.249968370465474,203.458136933658,200.775231344563,1.29520338659241
"SLC7A5",0.178685139153938,1.59596927909214,136.33264940938,0.702010748157401,0.695735831004806,0.697106702358372,0.528338741210824,0.143939179599371
"SLC7A7",2.96208316702626,3.90395031367361,1.26918654076806,211.745555339048,217.698681129933,0.444750349733547,0.21725181694993,212.549048385065
"SLC8A1",1.74670381445736,174.572356959061,5.5863105008914,0.667934417822876,1.07066997547893,0.453011251854066,2.48093427431218,0.104093638770064
"SLCO2B1",0.363551748913261,208.913880590288,0.830605205868343,0.64476935762509,6.1734960671292,0.418404100748078,0.134007484592709,207.801487142799
"SLITRK4",190.473693101762,1.9151936878874,2.39228088607005,1.34536088135765,190.296126501571,0.905603580721998,1.11712311721257,0.118596303667908
"SLK",1.65364573934506,204.675839520092,0.86703016320776,0.403478060265599,0.578980360581544,0.559189323767806,0.431327790022364,0.300535361200606
"SMAD4",0.458738642132698,3.56299383856566,0.273184579613203,5.95888678554591,0.708140354633821,0.912381500402588,0.504397552906156,0.519590269287519
"SMAD7",0.409642262386884,1.58319997890323,0.397474226667271,1.96242603262369,0.438832021715417,5.98837765971039,0.672377521283173,0.538623737941897
"SMAD9",4.85499416848033,209.601362443168,0.609473025507431,0.412361776809402,220.053213787609,211.890154449647,210.840544215783,0.436457397990696
"SMAP2",999.999957466603,191.024238887472,1.05998595629456,0.835732331718191,187.211469026321,0.429090289043265,0.20496963990895,0.160101814610878
"SMARCA5",162.761755688808,0.489189600605976,0.197146323542484,0.164991215720767,0.598248267260314,0.639033854033886,0.391189169478684,0.180274053586284
"SMARCC2",1.50356990590599,1.51712488146182,0.333050085719257,0.342861789728608,0.477688435296769,1.11201424744349,0.694239895375635,0.329833050602419
"SMARCD3",214.8294468151,0.588357056699614,1.98285390746391,0.444017002008705,2.17930827735394,7.78461750300291,1.82214712241197,0.186243919828525
"SMARCE1",0.469895116852594,212.350914790352,2.73082437848924,0.519095785920782,0.741218306827554,202.406645602566,0.584809253615387,0.211938645517301
"SMCO4",0.451185231088507,218.918736649126,215.52162663733,2.74706131485399,218.854198479924,0.543919828714061,0.398047015119939,0.518599454408653
"SMG6",23.2890857021871,218.395255862435,9.63683771350954,0.51102542272146,0.528070508643877,1.28465572360157,221.418077999648,0.36863099425023
"SMIM13",212.19040890958,0.736087192345025,0.209009355731275,999.999897137564,0.642010601047849,0.693983932972454,1.15654431927937,0.14583070055692
"SMIM3",0.480613154077647,223.277417879885,219.524869102068,0.581304725844059,1.31051868539924,5.66074798414556,0.562798444011627,1.070367108269
"SMOX",147.937877080624,0.830723448374073,10.8494223839075,0.445225036414499,0.73000759753577,0.949587400891081,0.78476857756997,0.772276097144688
"SMS",0.576493546163996,5.23344574897606,1.32315083540401,169.810771984064,171.935370530978,0.194020880737683,0.22300273211412,0.13441666874202
"SMURF1",211.820599783365,233.44245643414,0.370023146833922,1.0189861658785,1.98590115541589,2.4544064652776,8.82367825865863,0.446992190817267
"SMYD2",1.21354511089018,243.414682656446,0.673469040308483,200.552828653314,6.64898490546207,1.71074345582875,203.860154024098,0.22519692959586
"SNCB",174.31793318863,174.574931413653,169.451167899117,162.607357153495,173.600131231353,173.311015365906,2.61695735215456,0.0631531779304781
"SND1",75.9684257025679,0.573401784614631,0.928819094689763,0.728226508266479,1.54873660845364,143.778975259895,0.769128461685728,0.198622667167212
"SNHG12",174.557311785265,0.882504977262753,0.620849094596817,0.666714617312568,0.912864783602975,1.51489216158396,0.61348183936487,1.13791602775157
"SNHG9",0.76737324414675,178.769148388458,0.509959902131274,0.239514969577546,175.083622752857,1.1807585666803,51.0355708996513,0.529255450414549
"SNPH",191.599836100009,1.30087764155716,190.675577864211,0.695298884310819,0.702545913471922,2.22241743988893,191.023483924807,0.127003333513596
"SNRPA",1.79752133702892,1.17418451361716,0.668563314615557,1.10427290025014,1.89444178842543,2.31052159107425,0.599383703927379,0.32811393003889
"SNRPN",152.966409575215,1.3219478426321,0.334887372304007,0.279706435781637,0.515092973882109,0.392222877057964,0.235423406071522,0.0597474658238307
"SNTB1",10.6126459244651,0.739183574804834,208.075004725391,0.642382521192758,0.429899192153176,208.01402341167,1.15640835135458,0.809523357451116
"SNTG1",194.7984767481,216.085996148503,0.640315084265775,214.148612044754,2.31801430050143,0.493280674406694,120.763195447884,0.183532510361998
"SNX9",0.487505250801278,1.00650423181556,0.209868415704041,195.037606801592,8.74579768570434,0.872367003998073,0.447843214837013,1.16953334818774
"SOAT1",139.629381628563,4.97453412215885,206.893004019047,0.468420505222003,6.10814352037786,0.61206744517533,0.198897432507478,0.516296554266258
"SOCS3",0.38403063279372,94.9121712661165,199.872569037388,0.83849032737107,206.521408691986,0.743787373953181,1.07246060459699,3.53023919297947
"SOCS6",1.39265940977428,0.776875484871645,0.305888744392736,3.21177491899154,200.25002793207,0.575594186903179,0.225919858611723,0.510727741141232
"SOD2",0.492707558958736,0.541448198923899,165.263092730396,0.123788793328357,0.353580380196488,0.314909280071013,2.39125099355429,0.0891690677899356
"SORBS1",192.194792909242,0.816663284700932,1.19822554994233,0.186747690731296,0.331122753651369,0.312070680856289,0.247986655486492,0.439393728105341
"SORL1",0.776181308796549,2.01425428038407,0.180277888615394,0.214738757478986,0.470799945516415,0.21029318654267,0.110931973004721,0.161892150086888
"SOS2",0.859143643495202,6.38611120011306,0.223004069233668,0.646382264199778,0.767685825842822,1.31456750364079,0.790416706381433,1.07498612700229
"SOWAHA",220.184865805909,1.07357332793447,0.210026752970231,0.475111940162607,4.27784839997855,216.733018758515,0.827750425851064,1.17529438938941
"SOWAHC",208.185516729792,0.614882555884817,1.02439880847971,2.44122480961974,1.07820828019514,0.465468067662729,0.953945384955864,0.420860730408314
"SOX13",218.711011469174,0.918898500921532,214.488864506127,0.675634371893381,0.998278047722725,0.983721104941843,0.628086227683343,0.826640072820779
"SOX21-AS1",11.5878126192743,0.699376367037453,1.38223197633657,1.46374996983551,199.193954071688,215.51375610734,3.92851889767539,0.564021595232616
"SOX4",18.1206954185824,0.547701086137754,0.836418932387522,1.35629220853339,13.7688008801741,1.55367048957039,1.45752832594116,2.34903877980746
"SOX5",215.453174583535,1.86724015785091,75.775512470843,0.275727101569785,0.475028270113868,0.35956964377587,213.623731132376,1.58488716655926
"SP100",0.812582894887214,0.947023667098292,212.518143310427,1.34886578455662,0.709694200477407,0.562711270871656,0.287438487790746,2.19478669314319
"SP4",218.319521603251,224.168854924577,0.897247092920126,0.889730963765104,218.848304892665,0.36154411005703,0.338720018367478,217.698766540791
"SPARC",0.326296284666542,0.27419897423342,0.449683439070476,0.0282373568132846,0.0687625899389217,0.175416119494556,0.496963648094441,1.15769233584294
"SPARCL1",0.142777924630884,0.451177702968431,224.530880554974,0.0335825235521277,0.0872093667498461,0.348620186706331,999.998842432331,0.23079632126347
"SPATA13",1.12139531749455,2.27203669588126,0.386957038640299,0.447417538609632,0.485461095393929,0.630684251497261,0.455362947426083,0.360094252875843
"SPEN",0.391459930084257,1.36732397022279,0.21992800110312,0.289081449969158,0.631609470994176,0.84590492439954,1.05532156613271,1.13882767848872
"SPI1",0.766189912772057,181.67619701873,1.01585442982112,6.11504753468352,4.8935778335752,0.342412387250415,0.222966726454121,173.561543767531
"SPIRE1",184.564387858154,0.383737068042295,2.82271446433782,0.195055180716645,0.404584187956965,0.685858473116884,0.908912290707769,0.233948859176669
"SPN",154.830236837427,0.946218409855043,150.672283196828,148.114511877896,0.744457467732024,0.458913955174911,0.232748705366834,11.4245334989967
"SPNS2",213.311181324928,4.71556403061185,0.320302710138012,206.837023544652,215.460936637043,0.457140665010279,1.12033457783606,0.613496280006974
"SPOCK1",191.719776917513,0.741005277949157,0.118510609094176,0.358369233950674,0.773435007296528,0.527211291972508,1.21241378448438,0.588212361310188
"SPOCK2",0.301823194500771,0.653132991116212,0.766605285506376,0.718688361557379,0.806332469939339,0.408507603846922,0.910672382033102,0.0737509972849517
"SPOCK3",154.578158511643,13.0483482613942,0.0741652860024385,4.9709120086512,1.99821347974018,0.294574973214317,0.369083890871392,0.103295892239093
"SPOPL",0.994949056369312,2.855118604708,0.49629553053287,0.562317696331055,2.22799192604931,201.427746769565,0.393320783575153,0.29645970416586
"SPSB1",149.697277869809,16.4724298433902,1.14077205377473,1.04425311428456,101.427093117923,1.45693598181062,0.609381332293344,1.92155857307693
"SPSB3",0.338804774074301,182.066296686964,0.274086722939416,177.606331228952,8.57321998152834,184.850181806293,1.53828805328954,0.364321995480269
"SPTBN1",0.270859431079064,0.520516592061705,0.427898054166599,0.12581924307911,0.21566560244533,0.205843863778468,0.256168499090006,0.0925117728605212
"SPTLC2",5.01716903449591,1.4469693632618,0.172170419450578,0.834222233129107,194.86789325715,0.498441801999082,0.43691814960929,0.446000249766056
"SPX",0.728569718760452,191.706277588866,0.973290495598221,0.235185435841306,0.967680071893378,1.15143910142335,0.946072611014142,0.530373897571068
"SRA1",166.68945106095,1.0939296656677,162.239886423913,0.760346674793746,0.793919255152337,0.595747372920878,1.4804704191621,0.227665538858739
"SREK1",0.741030670801837,0.364279276143657,6.40219604126357,0.293866542184458,0.379103495871466,221.802918963412,0.677198434184587,0.247446533073066
"SRGAP2",1.10742179651985,1.89800766102614,0.796643377406049,0.866703274409681,3.62495521442094,0.70734105951274,0.315627022657515,0.223843167255516
"SRGN",0.166179218631609,2.10691400016513,1.52711531128487,0.257588070617176,1.23044612103727,0.281214412486986,0.144082605197682,182.645735802218
"SRP54",215.443084247626,1.11873510097594,0.435207463620168,0.627057382879921,212.610181536995,0.597112102515124,1.45230601873543,0.178253668352115
"SRPK2",1.29522443857658,0.595031265246432,0.191271461396642,0.570267100479097,0.547223934925,0.885501136477388,0.727114186011601,0.0775035733354937
"SRPRA",1.49151242283366,199.267954293774,185.340136908315,3.20244770155187,194.519433430791,0.741412234003649,0.50552054508744,0.183411338493399
"SRSF6",213.386815369518,0.616896846001098,0.371357259674103,0.450224072457103,196.730032547775,0.568209570664355,1.29634654566785,0.984320020477581
"SRSF8",0.779311678017323,0.558098892990774,1.15102271282952,0.296943410868705,0.791131685886313,1.07238852056493,1.78168366113943,0.262751052393754
"SSPN",235.25380449387,0.747380691645668,1.8812706461111,0.166180676740827,0.652383149423507,0.614102466265728,0.570005323504126,1.17367288432743
"SST",1.53358458955491,1.13808023406565,0.761869757026227,29.9495991173361,19.268193843144,189.511571942013,1.42462804203597,0.614489647142366
"SSX2IP",213.752828185877,2.46914294109331,211.013919531218,0.438901017355979,213.713103336521,1.47826307017442,0.702672155375032,0.336590591014693
"ST6GAL1",0.373008989881361,1.08721559653446,3.17317054863187,0.30310775065215,1.91106982890198,0.326420218017896,0.180580514789363,0.976754399444532
"ST6GALNAC3",0.442180832070895,223.83707066882,0.218643684155923,212.719760473452,217.81039783936,216.731064542576,3.41160173087342,0.78288539784602
"ST8SIA1",179.512753511731,1.36412917972839,175.267874002678,0.3572338798139,4.14952704348189,0.672697374914556,0.472479336318121,0.159256765945223
"ST8SIA4",220.133700802514,5.93646010384686,207.77019959769,0.752001807239237,0.976102619989406,0.657744650382956,0.287000844103464,1.74491780389981
"ST8SIA6",0.343031822717527,1.0034431819582,2.67994747391671,167.100316138996,0.70478328018739,165.515702053103,2.18664874812896,0.136188715631804
"STAM",180.985903823267,1.4304964640371,0.337172984195507,173.907373548221,1.14004884795952,0.779561069164147,0.568185758459997,0.147339520277533
"STARD10",210.084207832941,0.61781461170351,0.316923501417393,88.7939086414391,1.63004217145697,215.2778465574,0.547903408316064,0.244024455966379
"STARD13",211.693747445439,3.55164365680902,0.263134625978844,0.61363330227527,137.010549335324,0.559056040336094,0.40563907811787,205.094123868549
"STK11",180.759469303606,191.483782827229,0.379220083141657,1.2037937340871,4.26149483667134,12.2125789925956,0.619569909522381,0.324618384521127
"STK17A",0.487128198227445,163.643403642208,2.15835685474135,0.392561898769105,0.592705771549753,1.54534937502268,159.161990187933,0.263584256612704
"STK32A",3.19944190735571,0.950542762676671,201.148874543716,0.154038024163111,0.696061944510186,0.875602539577052,197.725368579347,0.742126042514525
"STMN1",1.21437331095302,2.17473887799106,0.0798822115680517,0.245327221419045,0.552746075397731,0.598914337542755,0.793289698677236,0.0799384700076393
"STMN3",3.67729512694636,1.65241346750101,2.42490616762652,0.855389465048424,1.18781383123083,0.494845415702678,164.300546763909,0.0627916540333425
"STOM",0.274639478031897,11.0744521164586,0.595152113349952,0.141114282336617,0.341719996025167,0.434475540223426,0.311198306972806,0.865745831993297
"STON2",4.03600043007198,5.80012501667732,10.2504129418297,0.404709943626132,0.632242647248102,1.04691056671582,0.782735540391431,0.474067372523115
"STRBP",0.538878075259683,1.18579423651007,174.786653873003,0.356162817887137,0.649669516160036,1.65891816670875,1.43236073365852,0.194858636133426
"STRN3",0.875067221754926,0.586628855865797,3.51311724695056,0.691741765959154,3.39419923854397,0.755334419868989,0.356463050438972,0.299003640018012
"STT3B",0.503894576031965,1.11574301453098,0.420889133302709,0.575351506279885,1.09251513087542,0.506163223000001,1.05184601484693,0.168087655721175
"STX16",199.88103198912,200.867732820859,0.326218879435949,0.208051713502548,0.432213281645522,0.678596421021388,3.66343671246766,0.404988602867024
"STX3",1.28136819557241,0.555443409716872,0.884985857048401,212.056242390321,213.27878570269,0.786988976451039,213.121165948624,0.386364928660568
"STXBP1",1.04112986439729,1.20364095959212,0.488903452730452,157.433201463117,12.3494619255635,0.521514211871689,170.920150929631,0.0417557259029981
"STXBP4",194.303399990181,211.85079545681,1.1891505496894,0.611769764281959,207.911183137838,1.073377474202,200.123149220763,0.645215761764664
"STXBP5L",154.276857183857,0.758055457163503,147.922898903604,1.73579064976584,0.823122019841024,1.13742255742439,0.884362000090279,0.17103503897655
"SUCLG2",999.999966824221,217.83638756822,5.09390150509915,0.23074373855795,1.15146682459604,2.47838805369715,1.16463489070767,1.49322017698111
"SUCO",204.031455587114,1.72841411787478,1.1020276172736,0.533641484284487,0.447568212322397,0.728130291007515,0.696661475209537,0.50646799240763
"SULT4A1",146.527926899549,2.14739908247421,140.811623140864,0.947902572274395,145.474503862769,1.31781177821792,142.193955683559,0.066357398337921
"SUN1",0.961136528012497,0.473369699314018,1.29520446075866,0.434889006459503,0.476953336356617,1.07468046404822,16.2884797183119,0.40509082197328
"SUPT3H",161.383754122023,214.710902493514,0.398172170058108,2.04138972330904,0.743434280043369,0.572971941286035,2.50029004119406,211.331119753926
"SUSD3",1.6046224776075,223.714544702262,1.21301382458853,216.504088206775,216.32942091264,1.45782256964462,0.336325823691067,216.172699372908
"SUSD6",0.390753548111902,2.11630185240681,2.22911217808601,1.9873138831489,206.997344411758,0.419431123986753,0.217667360984718,16.0440495220686
"SUZ12",206.059111599277,206.94898599678,0.517143111871502,0.487695942268397,0.334409745346212,0.630371191779294,0.536872119216918,0.344614187413659
"SV2B",187.587809753571,1.24481882599949,180.84538108901,184.676194600923,12.0481221442659,0.913137646552008,184.911908319143,0.0792060253087712
"SVIP",0.504872766377449,1.75616229147618,0.22127945833527,0.280515748542464,0.873306155492563,0.432687494926255,0.62079230017034,0.196932425678531
"SVOP",1.07524108665508,1.33351727351288,200.788936985516,191.697147771836,1.36430181720082,1.90355591293411,207.778495207515,0.196324565085156
"SWAP70",0.474402923707513,0.718437967544061,0.714681981413263,209.323109695788,0.665384744800356,0.365696445785335,0.199347898494119,0.517350070981567
"SYK",0.94064620614228,162.191464745488,9.70108478650175,174.064888285827,173.505345017012,0.73239183861352,0.223591975111193,168.575792987854
"SYN2",1.17678583900359,1.87728020189478,179.281260397417,179.856766453279,0.909512546213236,146.69790998249,182.280695147757,0.123545748862424
"SYNC",1.36659062850071,1.52875113755849,148.667949043819,0.548187244032201,0.920806301502796,151.661405615877,0.926131867165529,0.459506410839923
"SYNDIG1",2.67078034760679,1.68536207166133,0.275971349208516,219.934348141963,224.896660563161,0.395867236185365,1.00590373990905,0.945843427520699
"SYNE1",0.618504305732659,195.218948298734,218.532072219634,0.167422146700753,0.330670866157923,0.491106533966262,0.753614187539727,0.155565043621863
"SYNE2",0.284295917458741,215.999499950631,216.795181401347,0.273856921780662,214.107067716949,213.672680006769,215.446831196251,2.94595009847757
"SYNGR3",174.527829716964,175.792876362454,171.933676217648,168.783617325366,6.42489118488255,0.395983183549304,177.1430682904,0.0496012627892659
"SYNJ2",30.9244615872272,0.756709724658039,0.110818150344557,0.537624857928724,1.30660892333572,0.447747338409848,157.388699004194,188.290763276317
"SYNM",0.367321575682415,1.09321076654978,0.521034714649354,0.15470210708314,0.411015162888001,190.057974409275,0.458017210452052,0.401867402473781
"SYNPO2",0.698272033200414,216.444509374,200.031519907059,0.534102580066609,0.675711776603029,4.96862955491428,13.7149596424573,0.266668672947398
"SYT1",1.04350155365923,0.782681297502135,163.922384534541,0.67123063485638,2.67268229818086,0.21213250797165,5.44225817573187,0.0388463625227843
"SYT13",177.462573296889,2.09580064175809,176.658469907378,3.15264034841348,183.74650139853,1.11279139959424,180.550894954675,0.0835669416083821
"SYT4",180.679112811751,192.757771970131,177.012028167014,180.822811620964,184.15885711751,0.861340322156277,179.121324115999,0.0568073922326325
"SYTL2",194.977180464914,4.20178671183834,193.657908952673,0.846005765569451,197.620599907713,1.65766753048609,191.276341369848,0.177979521710911
"SYTL4",0.482952468260553,0.60563612835885,1.74047142372915,0.201437732272265,0.440722504234026,0.532524925509834,182.566320872716,7.00148158427237
"TAC1",145.988935544203,75.8590388243951,9.63033344995647,105.674348302114,20.9024097486031,149.327976352216,143.305902896941,0.0942331930099656
"TAF13",121.353821664134,1.05591964930312,0.429297630250005,0.266970396938536,0.3524620324718,0.454314271647745,1.20478358232033,0.158338180815705
"TAF7",0.487462802731713,1.93112393571046,0.534930438129194,0.292857589896378,1.90140648108136,0.395264995422025,0.706734160019479,0.196537708154453
"TAFA5",4.15736157184915,1.10626582299198,0.308114185526156,0.259304070581447,0.586663890674992,0.462902240959819,191.097049681066,0.173553496773815
"TAGAP",208.958921011555,211.233274777921,207.510475440427,207.331942427567,9.39068684761203,8.82767094380303,0.1965474099621,208.205535346191
"TAGLN3",164.487069561085,1.62956268243,160.880363108827,152.189890696595,6.47002537549705,0.924237653652496,1.960567174352,0.0422821260151295
"TARS3",2.09714911758098,200.52540139951,0.215477781324915,0.401339729231682,0.66028923581924,11.4407196129536,13.1766063069092,0.328198503242912
"TBC1D4",0.2529601807989,202.48366857132,166.626756759966,4.6518338240039,200.856367859905,2.33572937867571,0.681007526500682,0.276812712721557
"TBC1D9",4.31253186429332,198.399904159521,186.383718152638,0.74940463956611,1.03407061204496,0.548792453586825,1.30090769564054,0.121521328201581
"TBL1XR1",179.517406368335,54.7863701543346,0.551558790494884,0.253278354594982,1.37267577231021,0.674464532657882,0.30947775584653,0.275193383696625
"TBXAS1",223.163721080796,3.2027964889607,0.70092521742327,225.997343949131,0.737029875222844,0.717699911890053,0.194156847104484,14.8948701760756
"TCEAL2",175.448973768057,0.638746091591717,0.418354896255108,0.265927746737282,0.332897557056117,0.427442927442765,169.85445235976,0.134305927521004
"TCF4",0.274827949701814,1.05237440813051,0.226133155524104,0.16905750285973,0.205971288614209,0.479002274548954,0.422347487820769,1.18842466762493
"TCF7L2",0.770422088899405,0.385630885116497,206.042412343813,0.221000769207027,0.555330853316166,226.076281615375,14.8041964427992,0.818532686310823
"TCOF1",2.63381402580006,0.450251114354114,0.468942509258915,0.850132072253379,0.480129871107439,0.800439420023648,13.5043256000638,0.273748453924549
"TCP11L2",0.739970830519088,155.737670414479,0.307692386957425,4.57682499356233,154.55926251778,1.51850168489203,166.475432991751,147.006301765502
"TDRP",4.36159896705804,0.728270203206671,217.872656077249,0.55314522305131,8.14823998481126,5.64765928092191,220.245438386416,0.333870995193791
"TECR",2.02899859226061,1.16262601380014,0.158399777124308,0.362603178819153,0.666841505793139,1.23654941804745,0.328939650649372,0.230852458902519
"TEK",0.348276031710419,215.096893540446,0.849165667734605,1.83659342809417,0.698580611748365,2.27059214953446,211.732579681817,213.398007891397
"TENM2",2.06858026698553,2.03169970944556,192.560975473347,168.787675420046,2.30301768469996,1.09970344852384,1.27803846194789,0.11672492199775
"TENT5A",0.527854398190754,1.15373399234619,0.817458389914177,0.797850657853032,0.558076155705391,3.27751107384326,1.87407119472256,2.82159996575152
"TFDP2",0.856443100116131,207.332105928938,202.147544123363,0.441480561296202,0.728546631285547,0.54990343925286,0.419788143025473,0.253136692965832
"TFEC",0.573792751903385,1.43417898071164,201.628546380932,1.7649508844728,10.553753406983,0.646925885516492,0.225885920024524,205.159007895104
"TGFA",220.46691445177,0.479342471852184,0.209809200002994,219.290537890887,0.616015567754084,1.37551854217168,220.345391938981,217.746542282663
"TGFBR1",1.28755326128451,1.19974274633054,1.53705000383982,0.882076017781325,1.35553368746929,0.276040557600438,0.184811649982989,0.28106987433787
"TGFBR2",0.652371232465856,999.999173716833,192.196040315016,0.59812802655191,0.70597304016448,0.605369966509062,0.192807141343748,0.426278423973637
"TGFBR3",0.324661812217047,1.30369938284133,208.016127772529,0.24328246959809,0.699900061842603,3.91657619190449,4.85993944814419,1.45889213538127
"TH",242.19029657535,209.804029059756,0.988590781227918,245.518651595025,0.717487966554395,0.696362909255736,197.156151518501,0.0744812754774772
"THAP2",207.833603792796,5.09851383984934,0.286772708738708,1.35122903174124,200.113671471772,1.15707034883024,0.617107702125876,0.451015539487571
"THEM4",7.8181880506563,152.308929510291,0.76402040626055,0.947864521857719,0.657721046715587,1.07966419414325,150.401158654168,0.325552926457833
"THEMIS2",1.17502540953435,206.782352079996,0.5904384360935,7.34360177603229,208.22220320115,179.360776131917,0.393409756390857,207.962773888648
"THOC2",0.997760876531742,189.630189688822,0.406044686137121,0.271652734635322,0.632748036007067,1.25276063539623,0.506922484443066,0.286053568147993
"THOC3",1.015940888233,213.666799029135,0.60890906351849,2.33765463990688,1.36766900649316,211.73962124849,214.759655112213,0.287644576284842
"THRA",191.363753913144,0.814916279627386,0.257481572772213,0.189188046083254,0.463822551376948,0.343882486793168,1.02801359049531,0.284106544636713
"THRB",0.619266445326222,0.787497530798727,212.565251066542,0.305012360781827,214.296876549046,1.86163837692437,1.49516636204819,0.486866379076655
"THUMPD1",202.752571950399,999.998067211941,0.345917709494451,1.50209829506016,0.644720483066837,0.793653603366191,6.06244997675376,0.314792432126754
"THUMPD3-AS1",217.333106499652,218.51679673279,0.372500683198544,0.446690149510269,1.13752581698213,1.61139564687305,1.20904473350909,0.939054993041953
"THY1",162.382307334584,0.425487976118915,156.010300391861,155.519331972824,1.64947144017588,163.113773251959,156.577238719089,0.0363757048954401
"TIAL1",1.26129142977107,0.452379893946351,0.307823489034215,0.545366420131695,0.867407045514418,0.678050529695608,2.92794324702621,0.346254414503325
"TIAM1",217.173883994054,1.07507833529111,0.79486253134957,0.373282162179799,1.17736960453746,213.823585044026,0.693257146892863,0.541709119821969
"TIMP2",0.709209058454789,0.677081844572566,0.24128672278923,0.779520098510201,2.96537831288154,0.304670343427376,0.19382450364463,0.120417016912371
"TIMP3",0.160064064788705,0.70133039025255,190.986795479882,0.123905160597472,0.214617455638532,0.324712280021912,0.550191634198754,88.8011828228272
"TIPARP",1.01191181106355,216.92221588905,0.533206801784053,0.33028072407269,1.1155441205004,0.868975704311245,1.12472517653293,3.28091269705149
"TLE1",0.683631488372863,211.598192500203,202.658438468101,0.668909048673486,199.081493187794,8.86155742353565,0.605314504286458,0.268897381221534
"TLR2",221.232784959412,182.948367304532,2.63622792730476,0.495614191814914,216.726759802426,0.57702577253982,0.403963074349205,4.62247684395212
"TLR4",1.16559640415261,2.79743584377343,0.840382699325392,0.278117075004806,0.394155537540543,0.421146652682373,0.511355328554613,221.889630819777
"TLR5",0.462226813566854,216.252134737615,11.3727536582705,209.683787652899,0.71966170387114,2.30271093562458,0.799648660681509,0.685932489521855
"TLR7",1.47984413762013,204.718283121504,0.9646488521437,1.56138835716222,213.453930895866,0.5359159281361,0.271059183819266,209.946240100547
"TM4SF1",0.262824446786179,1.40453711804694,2.78813007346589,2.83242353126554,209.59439970995,2.06118508475475,0.635175683699655,13.86591983361
"TM6SF1",156.001889268798,55.2429198878791,186.521389509023,1.25076526755739,0.67842399758541,0.490713783515894,0.215690342414942,0.305768851427358
"TM9SF3",0.616611904002802,180.280865087592,0.211558783258022,0.23360494273854,1.49723335990048,0.43103789030071,0.715989069750548,0.229037618502822
"TMC6",0.722711113898068,220.039022682547,0.226706641835988,215.568034008644,0.404721455446758,0.481676884867897,0.309079707318699,1.01941404419594
"TMCC2",208.972824883239,205.793441957753,0.17639295771535,0.449054575213636,149.451115192885,2.95504063849992,1.2611828975195,0.367211928876595
"TMED3",216.303898007745,217.650954401433,212.451333625777,0.497912380781305,214.429449011282,217.018348690269,0.733344602015907,0.210224009554386
"TMEM106B",3.68512060445732,0.540534775961546,0.301309359191599,0.350393433988505,0.717298886800216,0.532432995166557,0.544444952029343,0.193970088813554
"TMEM106C",207.727934579835,0.653467867724502,0.718532877515943,191.320994987223,1.59261246980006,1.46844967288895,1.60720328601829,0.262364674510122
"TMEM132B",198.138240891562,198.9086175281,2.99223135090015,0.938363696405681,1.15036738060914,0.983542858970079,2.52221757414566,0.149109696849484
"TMEM132C",0.559446187562074,0.449449959108207,0.819312966718548,1.92394894226438,3.23334125157876,3.93309256447321,194.150305204585,0.183855804353525
"TMEM140",3.21256011896704,9.38749084888653,0.59251567455252,149.05389387804,153.379190344964,0.608719515768304,0.366080311042959,1.87148604481246
"TMEM14A",0.657214438545815,207.622655857966,0.876125836524014,0.722436540518797,3.73522146284223,0.479554071709296,1.13495557073113,0.110744254819055
"TMEM156",207.543173559989,198.963391262152,0.480712125038223,201.608773202387,209.996834879092,0.541878078579229,0.348776957630561,206.963650446399
"TMEM161B-DT",0.798616696132381,0.484542994695527,14.2711246707602,0.192812456220688,0.486914733371631,0.481111309377204,167.244210291292,0.436235120027721
"TMEM164",4.14950393838215,151.443888803365,168.240329040915,1.11383672771597,152.384859507159,1.63350590612767,0.636950678002241,0.319407694603505
"TMEM168",232.832716569395,1.39685092195276,0.601427696830876,0.706959892714255,0.948293279071837,0.733637922664921,226.960791614985,0.392098543072549
"TMEM170A",0.758860526793895,194.214402051232,0.898532218394169,0.576020286235169,2.08122520147092,0.317384250681418,0.275719965830057,0.431755748888403
"TMEM170B",20.8084564945637,4.00234774982696,1.27634511620146,0.42323234138012,0.925310627674509,0.562143399481319,0.998558470264157,0.265042333488599
"TMEM176A",0.790366732466079,0.76600534056323,190.916155502363,0.337761861741246,1.28969436044339,0.368929846087229,0.586236343551366,0.901703143310099
"TMEM176B",1.17762579704585,0.790589225262614,206.270784034877,0.41387736892117,0.555446408397587,0.627292156941945,0.301231365114235,212.051262874468
"TMEM205",19.1792153702294,0.44293491540889,0.795758158193492,0.482175078230648,5.98196093255726,2.98309735401005,0.58424047835751,0.171520844258113
"TMEM25",1.16714279195164,0.807843060036769,0.390557467565976,3.19417666025514,1.32147923203278,149.852553597554,151.018220826892,0.172227867756304
"TMEM263",1.38218861332003,0.778850199386086,1.00246062976229,0.474786774697367,0.911423962021718,0.684649816346994,0.714799104930752,0.359096459443657
"TMEM273",1.19474438070342,217.073947894168,0.313337515168715,213.927230567203,2.47132864199629,0.628935818064086,0.67657902394733,212.899872503024
"TMEM51",198.749248926587,1.18567397290168,1.90668551835531,193.982698374114,194.031643117036,1.16861413704539,0.426597019879346,1.05031255951621
"TMEM63A",0.691263015159473,7.53214085123409,0.160666063106998,0.815277628265918,221.153865094278,222.238953022163,1.20906488194769,216.921291549323
"TMEM64",2.71986041983918,3.66453485826959,0.29592802078991,0.645010729007547,2.63910229061537,213.025442013607,218.402290110377,0.515073043618241
"TMOD2",180.805351635799,174.957859122769,0.366148425616516,0.182315286847763,0.528271432591458,0.659176691921427,29.4883760107443,0.137382998038619
"TMSB10",0.110932163558294,0.425451543507168,3.49518393154936,0.200567271004207,0.240984927142189,0.19067277970336,0.0821335875173779,0.10435545888454
"TMSB4X",0.13700556164465,0.791674805195391,0.093185394402758,0.082649720618209,0.10674522285093,0.0797269868160681,0.0443404551572628,0.0923808479366563
"TMTC1",0.238693565332765,0.82279932627978,56.7636128144428,21.4505716854702,1.43068942957782,187.192966182728,1.75759769370165,0.132389966709985
"TMTC2",1.18831260433068,0.702732339648498,0.131726631344966,222.342965740018,0.568975493253358,222.309719395079,239.571303824914,0.78449616925586
"TMX4",9.85885028745429,0.283946724239711,1.21408512554421,0.544116158553431,1.77461906931288,0.407029658257164,5.28197307928735,0.0696030615550119
"TNC",8.55954168138432,1.73039408598132,214.490303439327,0.214982713018217,0.528734330792756,2.2788552166139,2.55688970986242,217.232812523855
"TNFAIP1",223.5125170511,0.35982886767275,2.42327234768205,0.662227744568545,0.962274577849567,2.15939736543413,1.5527784442404,0.38336105342452
"TNFAIP2",216.206588038913,2.75560903011534,216.148977215448,3.65477039418218,216.191507233247,0.651883570173172,0.277828419206278,2.3627891472707
"TNFRSF14",0.829219683888238,0.952081366035774,215.278914388654,218.254967112009,1.22314686580021,0.444086630484443,0.306887744947999,219.200620388665
"TNFRSF1A",0.302108553766568,213.719381192608,0.548573862208934,1.26994540634541,0.635460312129852,0.413422230793804,0.297416702938289,204.623122930559
"TNFRSF1B",201.101392277534,2.84592201381641,192.216473590273,197.753775463176,203.403355763674,0.34330449429058,0.153571931564443,3.0831056533732
"TNFRSF21",137.402295501323,0.319240776658492,0.438651368691558,129.506093446898,1.25030216090276,0.49370674527531,132.889790259236,0.132925097400937
"TNFSF10",0.497018035632628,0.75561585138155,125.051802419343,4.10963412417649,125.114351218487,112.998293650305,0.672214035795939,252.614939161411
"TNFSF13",224.331080614083,0.60180185419757,1.07691135682633,0.675177348265186,219.032469920071,0.472796402665956,0.540656846372641,219.569660012156
"TNIP1",0.545872816541479,212.841107067239,0.587402191727265,2.62932253031432,4.32459158892177,1.00983197093407,1.09780456208919,0.281062364660774
"TNKS",2.20545902406836,0.636693332339573,0.338786044434521,0.325676424207181,1.34357232795601,1.2653903521204,205.046696271047,0.237406285046343
"TNPO1",197.279086040683,3.27588603015058,0.235690412526214,0.240106126077324,1.50798093478406,0.488602248151865,0.419044587972208,0.202188518884888
"TNRC6A",194.094664410522,4.81900955541772,0.258027169976741,0.245992738215392,0.331699920990552,0.796922707853551,2.38165136925543,0.219465675063506
"TNRC6C",0.613894910778968,0.643938489864507,0.202689735457143,0.231175001122049,0.411556411282125,0.607627214942235,227.563777348086,1.34046931833154
"TNS1",0.289469872430818,1.22237001195437,0.196151054233379,0.787971244525508,188.795060077215,0.888187532477169,0.8659613896165,0.260531767004579
"TP53INP1",214.566322795016,1.02802262433246,0.688943947854204,212.941949430825,7.07982178253636,0.683221527970307,0.599917250965741,1.06579141163693
"TP53INP2",123.847274149634,0.445630529886647,0.223121042487098,0.190997093783807,0.442820160915324,170.672815580808,2.13115503770918,206.377121889618
"TPCN1",2.61501986549117,190.013640199791,184.6710535466,0.460967960655986,0.747240573756688,0.510696521551561,0.2692606099719,0.698447159788943
"TPD52",184.867244163822,183.651844253676,0.19877466209429,0.723027945884964,0.687337342351769,0.955017533794347,180.714192152396,0.108770600342175
"TPD52L1",0.535268006399422,0.716948208909496,1.20922442899315,0.17550840060643,0.462611694137155,0.788421807059313,199.343189037266,0.268629357901654
"TPM1",0.262859190772626,2.32743021653779,194.820717616787,0.23481780860303,0.594757335397408,1.08378710890161,245.88364536551,0.34655768288038
"TPM2",0.324450860782171,0.826221605213117,155.163139903534,29.2657591604793,0.825346092873633,0.702152419307268,0.545341306148755,1.98281997683664
"TPM4",1.31043516036543,3.59088006481732,0.249202934989694,1.295369803808,0.427822265944666,0.846660641889701,0.39060566645615,0.866331704263138
"TPPP3",1.04793178836418,167.703872281948,0.470717174048994,0.968673377465526,167.865225188005,165.660932588659,15.4989786290275,0.127729291991626
"TPST1",0.561680633091555,205.817319459956,0.740303442960013,96.1207361236283,0.507544548814914,0.558466375698129,78.3555469127548,0.217957946608781
"TPST2",0.42246650170776,400.374137286736,1.21082588181354,0.787154817965652,207.574847398383,0.879297758593891,0.618775173430787,0.49998205122249
"TRAF3",220.917126849216,1.37524373060518,219.66307168601,0.291148388388025,0.623043293545209,0.807683184037472,316.777170587758,0.359206969485818
"TRDN",221.855119006603,2.19489716555273,1.34822810723792,0.313692140486048,0.426751546400965,2.19343701445982,0.407309847047399,219.824824921306
"TRIB1",1.50991487927264,150.613173280414,0.781730537241408,2.31078395214906,0.470336220796608,0.760594025852902,0.56630730400431,28.7960556205004
"TRIB2",0.612811446383128,3.29903810749235,224.187182126147,0.524694829020606,0.415692736483152,223.842067581838,3.16943394111235,0.439645379504479
"TRIM22",1.01859919074655,1.15314480781356,4.95440369945768,0.846574389393325,221.463303485579,0.692557643552083,0.256695959888843,1.82718770791239
"TRIM36",184.314595127042,195.985663660592,191.440952328978,192.796773831628,0.577779849063904,194.597123497193,0.711559006421327,0.118637716085816
"TRIOBP",1.16197544704583,2.14801646768199,0.792757888870544,0.885342519130213,204.218432398699,203.336320717913,0.843274835997717,1.12258642952548
"TRIP11",211.544120190373,0.605564865506894,1.82466527426563,0.321024870877485,0.711820336688093,196.748885897553,0.729367622529516,0.351409362609173
"TRIQK",0.611923062362444,0.64253004212118,0.576771224777016,184.942679325349,208.138070334257,0.407424695474001,0.406263560568732,0.250472701987638
"TRMT1",129.413210608336,0.8957248615427,5.08009313037905,0.874268460011645,1.17857978519069,0.60973114215311,0.40120457640363,0.750213544298967
"TRMT11",4.69935047488398,220.385391669005,0.486241064795249,206.314352417727,0.371750726292769,0.871032702470001,0.61065608601248,0.457734169053118
"TRPM2",1.76681890865849,169.939199003868,163.911855173619,166.527392168727,2.1954438387674,1.02260638479385,0.344665387462459,0.207543860575719
"TRPM3",183.498942384322,0.804611943581912,175.772605092583,0.103903552503901,0.248731618028575,0.8087503192548,0.874954068486307,0.61271901973954
"TRPM7",2.89995326335845,229.537425014433,1.75827936191215,0.280299775317992,0.648978782860796,2.92846987946332,0.591978943485173,225.212827284086
"TRPS1",0.621055076343341,201.04871444757,0.461808160746445,0.168081314592636,0.530028861624516,0.433520840186014,200.249217181183,0.784813351074456
"TSC22D1",0.109526995125079,0.235484038323845,1.45614324533016,0.123415860540582,0.19969460693711,0.371631501406668,0.427379988145193,0.164037832586071
"TSHZ2",0.942707948378582,212.518625083924,2.86580439649612,0.25628560255945,0.439573213340157,0.763152804677768,0.976153110667479,3.79547097405683
"TSPAN13",0.831944751603212,185.259446169181,180.368631575016,180.73042016114,187.206153900966,1.38963123891666,181.115849588332,0.0821980811194206
"TSPAN19",3.42952726282135,1.38926276512139,0.201217891508286,1.13276781746856,222.806303866223,226.361041259965,223.610404318471,221.252226654602
"TSPAN7",1.99458351335607,0.313755963081168,1.52274972408323,0.307492388652478,0.678676176410696,0.410968947999017,1.68218740605433,0.0829108673508342
"TSPYL2",2.70019203564866,204.377390495061,205.88547179205,0.336473588615695,0.400125417187243,1.93431643776415,0.970190620714106,0.201927128835686
"TSPYL4",0.53475439100754,3.17615144385283,0.258721085432467,0.802439121940271,0.656921854842306,1.89182262207684,126.795377135752,0.0751748434693564
"TTC32",0.542138004982565,217.003768991473,1.641185769996,197.344348228308,1.19016452230951,193.071256092769,2.65448069536766,0.370316072380824
"TTC9B",82.3029970580142,0.315478030100385,49.4129144635146,34.6034857659027,1.50584852446644,71.2502360163724,59.2950261223039,0.136203777448702
"TTF1",220.844833182069,5.76412349994324,215.360216353783,0.340308407495188,1.29120282041762,1.07532908210261,0.786900784517583,0.846836786785327
"TTN",159.469139090965,0.390624185126097,0.392474225780659,151.79774463711,3.7742393768888,158.559559191553,0.355849979689623,150.723465209928
"TTTY14",153.677123081238,3.43018531379672,2.02623417170985,0.400172313835245,0.698903591448072,146.583405129177,1.37347099360211,1.87162574652795
"TUBA4A",170.169315688061,171.214329728979,0.951789722706473,166.330021152398,169.197843816084,1.37603131449059,168.287988450999,0.0572134520778633
"TUBGCP2",6.62202289846306,215.669489503102,0.257565653290736,193.276205678519,0.764993559947085,1.19145840168572,1.2906584687822,0.22694170400202
"TUT4",0.831118899162662,1.43811225926299,0.617970538262672,0.369508153462276,0.732425349374759,6.42766691980131,0.579748638447292,0.828852438740921
"TUT7",2.69076995122008,0.82788147566098,0.727660525886137,1.22018723441482,218.392138552115,0.434595416908306,0.443977060994742,1.3174973090756
"TXNIP",0.330957120065523,183.407502643119,0.187265353654753,0.740710019422853,1.01677116908724,0.242431838195209,0.102633102132259,0.557621003673629
"TYK2",185.518799576741,0.791423751578886,0.471651929650498,1.79775954793775,0.709941434807474,1.22558099304148,1.09573510236389,1.78253608691751
"UBA6",203.475222141229,214.683499387058,0.508371508301591,0.411957520825078,4.04847594477485,0.727613519070592,1.49069872678925,0.302925421322464
"UBALD2",1.36219135178035,0.963493480683769,0.461571458416819,0.729920060295661,200.884641444319,165.18779194445,0.289625897603378,0.338304614624008
"UBASH3B",211.439755971219,216.190450519653,206.530407827404,208.603350275883,1.80862416888084,211.643050061246,0.573400908611024,0.138401215171633
"UBE2F",202.131569899492,0.809774143364595,197.521474043231,0.29665161421805,200.937110584754,0.323284166747422,0.440642066829548,0.243197236705702
"UBE2M",4.78936438447749,2.35818799420609,0.915428569914163,0.248472543664624,0.574224412907091,0.587829091907286,1.15191536700976,0.140763879434148
"UBE2Q2",0.847337061722926,0.564306377635562,206.642443062167,40.1177688061442,0.363146720709117,1.8633315498618,0.441697002949578,0.207020355228985
"UBQLN2",179.206214943516,1.59172321231065,0.183029686908724,3.02836873570771,0.868045687625878,0.977103444988864,1.12289798181547,0.107265898562328
"UBR1",3.46681798549365,0.588880226879056,0.554662406029568,0.897223055747211,204.711811505957,203.244960756728,199.7213933124,0.17292801645465
"UBR4",211.944098516855,1.10899878068293,0.467578633904103,1.29051213103394,148.752776809537,215.616559819467,1.27418158664774,0.309688143403304
"UBXN2A",0.662671871226774,1.20549323311744,0.468042508361208,0.648574965108135,201.233973743075,0.765587820016707,1.78377351095116,0.335210665817092
"UBXN2B",0.7829571005873,52.9104330099539,0.272000557610274,202.35685626542,88.0973239453433,0.407386621833705,12.5417327529344,0.246784712586489
"UGCG",0.808489483693357,1.11855570445529,195.707572120174,194.427984151395,4.76294757979429,0.392057001861778,0.271008386205768,0.137741428828503
"UHMK1",2.5091492569603,0.815370646055677,0.64632747361758,0.257039041653345,1.44874004321419,1.03183069913435,1.49692781134213,0.0903164287599457
"UHRF2",0.972795247389259,5.38992849696538,0.65980428875019,207.976763549863,207.335487156191,2.82930203221357,0.591535056929182,0.279705555649773
"ULK1",0.761777602803326,2.51420086217459,1.92845325571166,0.924150304049308,0.647467237076627,0.749130363241516,194.686213523209,0.234176924302942
"UNC13C",0.466365823996932,1.13153696888012,195.33850790869,0.778710344353403,6.06273605037079,1.20461386152975,1.4687994879206,0.216466706658467
"UNC93B1",218.365905401372,211.068172293652,201.770181937579,2.08343294985104,5.0354131766137,0.431314386135016,0.337530389382243,220.922459992131
"UPK3BL1",153.646324869516,2.43791376710093,1.33913602839734,173.866518072538,3.30367250170202,1.16216402385832,0.423931761932076,0.299706493519577
"USP11",0.948650521821675,1.28325050745618,0.567531550613098,2.75195657791161,0.552049666711253,0.399660695905635,0.558569376688258,0.0868988237517854
"USP12",1.41594051457304,1.12562431021393,0.375620880532915,1.23601226325543,8.16604278002739,204.112796125738,0.872474863915831,0.213755016068174
"USP14",6.07151713474339,0.987918312769469,0.279076448085067,7.96737095156112,0.804746687945141,0.391806662598792,0.933098505957008,0.103263539870803
"USP36",3.44284850307586,153.459683167267,0.397624217609732,0.680537115958301,153.697164706998,9.56454032592488,1.8489998456265,0.60462558780341
"USP4",135.400761766163,1.10619619024264,2.79991304399697,0.427604490066843,1.07987533895728,133.270837061576,0.558049643310059,0.317376373151778
"USP53",0.550839164070355,0.398996518900031,1.7947596653493,0.339979033357775,1.3970039235078,0.704922471885264,1.64539704409804,0.672884406944224
"USP8",0.62411170926001,0.486138987356749,0.285089032176806,0.521000211133847,0.480267728909552,0.430484746156724,196.868003172541,0.186511259709512
"USP9Y",214.586491846041,136.650506912045,210.246705786067,0.416592291898623,0.51194847953177,0.5506811615641,0.585267200179658,0.282765084882113
"UTP23",2.80191950853899,210.819478041483,1.47349585701124,4.25147143580749,2.91550068370835,999.986088005509,1.937721195371,0.635102056536453
"UXS1",206.522532955374,207.864874156588,198.956544058533,0.349904316378246,0.786889727672864,2.3898260541603,1.38332264558889,0.203926667261846
"VASH1",227.702615142339,2.08006622758404,0.442619332565583,219.856019733873,0.826955516472679,0.494573763733901,0.347066507031214,8.65392644231202
"VAV3",206.239698605085,210.653952103066,202.589006712357,0.740677658294198,0.706600939869931,0.573343898806946,168.388901824092,0.148880666661109
"VCPIP1",196.424590230486,0.784412620803322,0.627392752112462,1.22315153292396,0.361616477485043,0.646075584500909,196.857426356135,0.179609724383543
"VEGFA",200.98716033326,9.56545674115487,178.686806046548,0.184805340887534,0.370378523474429,0.761920808263125,1.43126046752025,0.289949765548435
"VGF",1.35116523642191,9.96114428256951,151.442381852472,169.270836439638,165.531303735298,1.98640346815337,12.4984705326682,0.150582506905777
"VIM",0.109175626353878,6.28401280098711,0.795294226597512,0.337622241501642,0.511752106693597,0.501178612848095,0.274632540691622,187.290677183814
"VLDLR",1.46169286471286,3.01460894704996,0.510905936908302,1.42009521934026,2.29766993817043,0.903145698441056,1.40628375036112,0.245798197411367
"VMA21",0.734261763039102,170.242701161403,1.43780980507012,0.359117570741925,0.385808718267388,0.316296070334237,0.446314492035206,0.171676843848641
"VPS13A",0.913345909673053,0.841217910832628,156.343646753239,11.5609169600942,0.670589283443238,0.681277740698421,0.291412179222077,0.285635507820101
"VPS51",1.00911076826879,2.4602606294324,0.402016184405679,1.60758558583415,1.92263651911086,2.80225435917533,184.31446965546,0.198635009648664
"VPS54",214.983488976752,215.66046815107,0.559476120374268,2.06336845158935,221.763900146335,0.709132104071006,0.506281623553047,0.654928603266725
"VPS8",189.619691701638,193.207221592421,0.547378572981362,0.879940038988521,191.783064082913,0.447511251361109,0.765037022907204,0.188345333342322
"VSIG4",0.520231071928526,1.22065364713754,201.594571502782,203.860324075448,204.833855124196,0.227101296016674,0.146107036874216,202.936967435246
"VSNL1",179.524291508534,2.30294596964631,177.554377024457,177.15108558162,0.691862318700201,0.597481174717546,2.03924914012565,0.0562644739505267
"VSTM2B",198.342234092975,4.50349193832116,0.33755697479028,210.841906060584,206.424862393215,3.11527386459738,2.09169097552952,0.363039020730948
"VWC2",214.086175713682,0.796183476820395,195.333429093075,211.641263966307,208.033297126259,1.26553714826961,0.835018506494188,0.219334799997702
"WAPL",7.90802709996979,20.7968806363882,0.435726154470774,1.4069556758783,0.485965522159464,0.440154430361409,0.376813752858373,0.595560702761288
"WASF3",0.725448535147911,3.09850985474491,0.513665569344438,0.175684633443223,0.372165558840665,1.71268960738503,3.50154376461987,0.138541731094364
"WDFY3",0.551103327861791,1.25312450272007,0.149932331297015,1.24058867337298,1.07381986038426,0.652929519277105,0.744828500022967,0.257037285737566
"WDR74",0.94829749852072,5.35844492457025,0.416777723906873,0.513335992736574,0.429050265514919,0.839634891353586,0.824474636970262,0.33304805655839
"WHRN",214.631843468016,217.566804545179,0.369134897476145,1.10140841667623,3.50114085273905,1.87083337300179,229.480163029361,0.207224153528966
"WIPF3",0.55635474098668,199.246424253477,189.261933375894,201.208468704736,198.922308321285,201.416247091631,0.344996352956449,0.156169127440463
"WLS",7.80365196691313,5.43317433344283,197.058069237296,0.127160168184031,0.313727420218967,0.676439521312618,1.22867549653574,0.532514162511102
"WNT3",0.499632602621194,1.98123750575128,5.38414199413961,1.30532027355728,207.439438638465,218.377347585585,212.478940594764,0.294031592227784
"WNT5A",172.959076317459,174.618695130649,176.233430215522,9.72025344550004,1.3692862218779,0.895741989594452,0.612572166547349,0.280667747266318
"WSB2",157.858515953134,158.980974834927,0.289430536729162,0.196432412508809,0.288186748523485,1.1938933772223,0.951077817914179,0.114492053636413
"WWC1",1.14136124838109,208.868788241407,1.16251582552563,0.385257004203121,0.395332659231561,3.92975015499657,0.473391243357781,0.458681882785345
"WWC3",1.13602812201061,1.5567395064806,0.432377539873928,0.49265068754673,0.376192818706413,216.767584568234,5.73864245900855,3.46380443982116
"WWOX",219.489353333394,215.61493655749,0.792268235839373,0.341698189672025,1.15832403519133,213.446860983495,11.8336039631703,0.460461218187447
"XAF1",0.368710670565399,225.949695968307,0.767842083634763,222.439930024159,1.05384590878592,5.23366435091861,0.373138570645225,220.279160316801
"XBP1",0.378159306076965,1.13369319110948,0.498792562619792,0.872304726223636,216.435834665566,6.41194925403047,212.881989217304,0.199265987675694
"YAP1",0.558303219639579,1.911261656713,213.670702536,0.180508547252733,1.01697116484089,221.831284645252,250.064427391777,0.51986414206229
"YBX3",0.31152966780449,205.489658921922,0.550340437685785,1.58607349856697,0.668508661691911,0.306958155342024,0.249361800011786,2.66935140353751
"YES1",0.671731788355664,0.939873057556879,0.683903350147723,0.308602943551131,1.47935187329621,0.951155777438892,0.54947359610607,1.64321159076931
"YLPM1",0.518116090388835,0.464273952760688,0.653097672812381,0.642810177139331,0.364574257692446,1.04573373646586,0.620890862743207,0.310074798777455
"YWHAH",0.353234084641522,0.80579570456545,154.516579798632,0.321028200888306,1.27406053094711,0.226726864360031,0.315191896715106,0.0593246967333575
"ZBED11",0.927156732995099,191.742093661029,0.49161462483402,0.192871249822425,0.793921492875671,0.4093713506517,1.09616479172817,0.290682312136401
"ZBTB10",221.44238044538,0.901231983566265,0.606729101099073,0.400754666860311,0.441407429398557,0.473001668046758,0.93437245958398,224.887522659568
"ZBTB16",0.51900116278767,181.223542950159,0.169441048381465,0.21169762636424,0.384421681844663,0.809339787637096,1.87732808949084,0.593505365392729
"ZBTB18",0.824558729783604,210.874361228634,188.801634299587,0.197625408790095,0.392468670781115,0.67909226578129,244.475781825344,0.469796744817989
"ZBTB20",0.589374238156799,7.09130847318353,0.242866921818871,0.155266853994097,0.295989772037478,0.432701153671513,0.333578298766311,2.77016242917046
"ZBTB21",1.6921077825412,214.925826377071,0.667482166253558,0.559362915167117,0.305151491920255,176.049106832091,8.61582915535045,0.792971136093961
"ZBTB25",1.88875992335292,4.33389599488265,0.982059142089767,221.704614470087,1.43086385129822,1.14017259031174,1.57609929492101,0.265466936307614
"ZBTB34",1.54542149159782,214.634661369119,1.55025542031633,0.280426762139497,1.9722717845478,212.595658000459,4.08800076604607,1.27286470345034
"ZBTB37",6.47661135283363,219.963469455639,2.14541931216923,0.38091035386307,1.20449679843978,0.463900793611099,223.839549266146,1.96953241505273
"ZBTB38",0.397182548531752,180.014182246244,0.187691703643712,0.337867287566233,1.34709980266119,1.27835827862481,0.697219254061743,0.209010422825113
"ZC3H12C",1.10847470499851,0.805316842131475,0.722664597355297,0.367526673172666,0.69187690949456,209.347031146191,11.2948314942665,0.530876926943283
"ZC3H6",0.906865160517881,0.982069891131706,0.93956019394998,0.186254814782776,0.309786327097762,0.434583202480605,2.26840048463351,0.633319835468202
"ZCCHC2",0.674120283083582,228.302846069894,0.367209142861348,223.290747916947,0.774840328289989,0.862580598789561,0.958299142494003,0.385137526544048
"ZCCHC7",214.979751106052,0.626236448530569,0.94821470603192,4.17772468914372,213.642694470152,212.983237385459,0.629509940046416,0.479195137890986
"ZDBF2",204.812747992378,2.70515025984795,200.609235840038,2.00632508409877,204.274153013093,205.000130968391,0.532055284068117,0.189312441662947
"ZDHHC2",1.44705159291416,0.630762837143625,0.300529521007895,0.850729837161801,0.765044875244141,1.2970055001731,0.586419342844369,0.295626204843995
"ZEB1",0.512123665923512,28.4044432619778,186.456687523653,0.254592802045304,1.0368945460739,0.438392484598459,0.35979149571229,0.203701361249414
"ZFAND2A",0.971381528501742,199.742752646755,0.489355720734828,5.96861241556461,0.875074091746034,0.814641876603048,0.726003895469387,0.26008478277014
"ZFC3H1",235.598756750192,223.46194498671,0.444966239228425,0.24380875037964,217.525003158821,0.398627987076766,2.14889490940625,0.703444601781975
"ZFHX3",1.16937381769611,200.662980177012,194.895725094398,0.378804281310527,2.53836131096281,0.358628058574397,0.220468131674558,0.187809066670318
"ZFP36",0.283697961240138,202.890016681791,10.1590962453442,1.96253433286612,0.524923796164016,0.340875295190115,0.147493263495442,1.65029110056733
"ZFP90",1.02365249200372,225.661673144871,0.60828289240402,0.515739349012748,0.92089796890719,0.531430357239371,222.361904438428,0.830850797689094
"ZFPM2",208.320635227002,0.671147301208769,1.80264240070373,2.79906023950632,0.843282736605764,1.3886727657967,1.43652221855643,0.269774302167457
"ZFR",0.499582990806654,181.993971427039,0.165040478602617,0.247416326744709,0.631088514012618,0.711160488008763,2.63760770379944,0.173143019439148
"ZFYVE16",1.36498114207004,0.734913296940119,0.659775487637615,0.44422930794214,1.89502900725386,0.799936078972323,0.699174804397334,0.391639961393758
"ZFYVE9",211.725121296181,234.032083859001,0.375454710859864,1.21224271489792,0.652174009439518,217.651703689087,217.542041916823,0.292375307703463
"ZHX2",0.996339214123219,1.0803003296955,1.50909375090306,0.479005569761872,222.811111443841,224.688476065946,0.450148382425939,219.162605679284
"ZIC1",0.257957705094808,0.989256035288502,2.67505532791128,0.716357320848044,4.56797999045614,212.552658841496,212.433621611999,3.32529942285212
"ZMAT3",1.14288373586617,0.388468425593946,0.702309317985194,0.186285219129127,0.327862484673935,0.403549610579013,0.539482168438186,0.14566335843119
"ZNF10",151.994049121459,1.69390414412698,0.390227733094951,5.94002001824745,0.667566521865349,1.67674862786611,148.386687403127,1.17463384131003
"ZNF160",2.82395398986228,1.67175589701206,0.607985922964563,0.674306344085285,1.17642828551177,0.647816699836904,1.0838103764246,2.44029801900528
"ZNF208",224.972549727932,212.337074046647,208.906952196567,0.720479418207693,4.3278100701462,0.577911950706261,0.464114680311301,0.749029064721089
"ZNF281",1.52343745041346,4.60064656976183,0.220795512156543,0.308796664228211,0.487128007552545,1.58352862202795,205.337945782556,0.432653629818836
"ZNF292",200.304657808234,0.447318847851232,0.245770242276776,0.410070936027052,0.545797066078642,0.329706617719557,0.914621489050029,0.432440044577474
"ZNF316",149.660583879325,153.140419854029,3.24959320368098,0.434280209085678,0.429911712605008,1.19740138659238,0.483181611028338,1.28603675282159
"ZNF331",221.545551340006,0.510619343002693,0.933527404715841,0.520880098789845,214.330610115938,0.549171102751189,0.971149137555337,0.267877994282396
"ZNF358",1.09088324363659,0.478102901668737,0.234682871257073,0.439231889672131,1.88354329689541,0.642139779390615,1.54605707943936,0.388852404409843
"ZNF365",1.30539946373419,209.781359482503,0.330133640834961,2.10883156671808,198.323176153032,0.474070546015232,184.414468504721,0.245960029686713
"ZNF383",219.142007678278,222.365951542698,0.92384295215728,1.20948546898661,5.47954778069248,0.71990486883429,0.656579582008646,0.32172325671772
"ZNF384",2.22570057987178,0.386887532218781,0.724555036049335,1.35005431102483,1.34927006847227,2.6392562590969,0.767506285290396,0.444591187194285
"ZNF385D",176.314167949655,1.39744034861061,180.522000732728,1.26465096835755,0.572381327979941,0.821332531624864,180.349557473204,0.0784402667483917
"ZNF395",1.62921652779197,205.818209141277,0.390980250323931,0.41512363948056,1.19719968352066,1.99888555944884,1.22132024611921,200.971708953889
"ZNF429",1.04249458440739,218.411119858881,0.579245335389182,14.8371693305499,2.65565985464302,251.923499878215,0.706038620537838,0.412508641498884
"ZNF451",1.42722559967137,0.695426201904052,0.288604263533632,0.785100548852182,0.62002285833976,0.591689337401305,346.522742270752,0.273352018416177
"ZNF483",177.180693264742,0.284110578586276,0.265065928970217,2.48286570315952,0.598350407817838,0.558434142431436,0.836274313409811,0.0915796099648652
"ZNF493",0.910152520218065,3.22766060645346,6.56847788900691,0.600577022483554,0.542624834205596,0.448067338135051,0.820910643946125,226.280113090832
"ZNF506",0.541222166238002,217.243907192882,0.680673597459011,0.873736203919967,0.8986555552076,212.500475116156,208.779368403327,0.388000059664774
"ZNF507",217.059869452297,218.56689483614,0.496560741425085,0.455720256582022,1.08160654095817,220.362186998696,5.36554841999257,0.504302914824079
"ZNF516",9.19615176340701,1.06532939979375,207.472733728722,0.688704807675919,2.05587755342569,1.82559872309582,1.03443005216613,0.38874813502181
"ZNF529",0.457616183416355,206.028376672356,197.396256306123,0.361128604861216,0.653931573133489,203.895864275333,1.67589002266763,0.306422332943256
"ZNF540",240.096396964317,4.55977500647206,0.972358535031167,0.898098632308646,216.60565501805,21.1933532394962,215.128154454937,0.346300555968249
"ZNF582-DT",3.70948924125684,0.720983409257188,0.698750664986983,233.126629009708,228.897101623246,0.719251430462935,1.10822101797021,0.37530328799029
"ZNF618",212.248254801195,218.010290493009,0.552182678638238,219.756293880051,0.887559048926231,0.721849401082674,0.570697035405847,0.388049523448085
"ZNF638",1.00547622568372,0.595707464734791,0.288304782419037,0.305361220943179,3.66738937526689,0.930396288794875,0.444310302811427,0.321740301676602
"ZNF675",3.13151909180291,999.980331741383,0.447357932070815,6.12076813724486,199.521365208485,180.748330969888,215.593492674078,0.741570736587758
"ZNF708",1.83927383562076,0.676469750685424,0.182790223538898,211.834119529919,4.95026226493894,0.731508391988859,0.691862011066803,210.184037232804
"ZNF721",0.513927782524356,202.676765653283,0.391380755362083,4.10062188886673,197.293975966697,2.81305339728392,0.649751990408587,0.271343856686261
"ZNF727",1.16121459578049,216.952312042017,212.966185234968,0.230150954382674,0.64207518335792,217.199481377297,211.761321176081,0.850623256614456
"ZNF766",148.741266045225,1.24522565460715,0.537110957941031,1.5033220878572,1.05647014511175,1.06511221778872,17.8213832402083,2.70649536292875
"ZNF770",0.467841258044835,1.11708450212208,1.040697245555,0.361954006516032,0.489512784521662,4.79776346616557,0.973036332116334,0.272638625552083
"ZNF821",155.644682029879,157.679504147453,0.599789043671274,149.033765782508,1.55656666655944,0.944841632752719,0.623103547220967,0.436109141003018
"ZNF830",218.715010020305,0.715155723596681,0.354039076951713,94.5723422916152,215.376691996797,1.18112503324255,1.19356367346806,0.564235423803191
"ZNF91",184.346220693552,220.403743379112,0.760251610167174,0.324989053772267,0.47142831090492,1.1206976684199,0.364253781308229,0.221208545452323
"ZNRF2",212.414359547808,211.779423464258,0.530188054707773,0.911714013383386,212.096154571852,0.912171266049796,0.675361623131393,0.448739319422533
"ZRANB2",0.546715998618045,1.43031746522556,0.279447789161368,0.756278076730673,0.557961655590934,0.640334335212691,1.39560450094061,0.181587552578232
"ZSCAN16-AS1",0.727140730811267,1.01953733825256,0.531257894848585,0.209177384138667,0.56023058427435,0.880953154942357,0.626677768091182,6.7306834563825
"ZSCAN18",0.511704177080387,3.33715391050436,0.22255889160023,0.851709484499843,1.10070958457891,0.406576621595201,178.310864795682,0.120701616821564
