"","Endothelial","OPC","Oligo","astro_fibrous","astro_protoplasmic","microglia_homeostatic","microglia_mhc2","neuron_dopaminergic"
"A2M",-6.48113543524279,-13.2336604669787,-10.0174684949093,-9.00185227425729,-18.6250414109047,-7.44477430626395,-6.73951001255909,-21.2793343843449
"AAK1",-9.01503637447413,-9.0430409166256,-9.67454829002652,-9.88508206269947,-11.0439940261571,-9.59035489980817,-9.23909609923221,-8.22490924364645
"ABCA1",-9.02129208075893,-18.2828698910574,-18.8264697569525,-8.58333361944743,-8.49568913185949,-11.6653535246839,-9.53789007017787,-12.9136298332653
"ABCA5",-16.1286902010451,-9.60901520855894,-21.8805700985591,-11.0344941905601,-12.0541161996041,-21.6766484199378,-21.3326483207771,-9.74444368107184
"ABCA8",-9.03624899590769,-19.3323063727552,-8.3659430467883,-10.0921759733378,-18.4684254990795,-9.98358253222395,-10.6854449695734,-22.5534217598043
"ABCB1",-8.66820926265357,-21.4217724064888,-23.3884590872764,-11.5868871048725,-10.5658842054238,-22.3184894576262,-13.4010028950564,-13.184634296958
"ABCC4",-10.7537864504693,-10.0398374949943,-22.2947288411303,-11.547898748725,-21.2629601386047,-11.649838306492,-10.3328343924114,-23.8610350969631
"ABCD2",-22.2537145182721,-21.0076025640138,-23.1166941675053,-11.548008818927,-11.6684197556879,-21.8163861305073,-21.5929163349626,-11.8656049019092
"ABCG1",-9.30705819134822,-13.7284549016893,-9.55934119170067,-21.320971117394,-14.8379116535585,-10.8126337744571,-9.37261572012129,-10.9035638859296
"ABHD5",-10.2249119726694,-20.9697808001213,-21.4473693872255,-10.4299340845475,-10.809425419976,-10.9561326333588,-11.2641420559183,-12.2177163625408
"ABLIM1",-8.43044497172724,-9.20829091806368,-21.6263573969262,-9.32928283421945,-9.17628356893797,-10.8620785334887,-10.0892568791644,-9.45169264857376
"ABLIM3",-9.53543958613373,-21.2471174304239,-18.5443412601486,-11.5791532828926,-11.3107367987161,-10.4240252018501,-21.4028411688478,-10.9899745706178
"ABTB1",-10.3767402290208,-9.86507260173631,-10.6216050717859,-22.5152522064106,-11.157643180506,-20.8833190230729,-11.7313079569263,-11.4306843562626
"ABTB2",-21.4437520345958,-10.395066542261,-9.20151191334263,-11.9349465348425,-11.2096352315041,-10.9158903873424,-10.3097457870674,-14.2249414885266
"ABTB3",-21.9835897580948,-20.7901141396081,-22.9934705160249,-22.6793817153276,-11.8048281556478,-11.5874753419981,-21.9099550562113,-9.55954307453591
"ACBD6",-20.5646201443474,-18.6478223915196,-11.0212727274192,-12.6917616549626,-12.7725031824746,-10.8968758408871,-11.1580877188765,-11.4319584111646
"ACOX1",-10.5527811643039,-9.69520579432528,-12.7555813739283,-9.59747780676581,-9.96831296485985,-9.75258609331286,-10.413375328315,-9.83736918210614
"ACP1",-8.93066818775536,-9.90032222106242,-10.1025240859861,-9.56371518584698,-19.6210008720543,-9.38788393960042,-10.8456900942726,-9.53144468949055
"ACSBG1",-19.4024776672147,-9.74710573946597,-21.4051665875849,-8.36167855533416,-8.63440617262309,-9.30321487800032,-20.2853519483101,-20.2696747834323
"ACSL1",-19.5657988086102,-9.11763347644303,-9.03642610492741,-11.0782016525783,-19.8744719228256,-9.62647593863297,-8.80741073365033,-11.3075507411398
"ACSL6",-19.008093212141,-9.18778512992965,-20.4638414385013,-9.95015298895575,-10.0690046925895,-9.50235504151103,-11.3879942426811,-8.25055894652658
"ACTN1",-9.48004738775035,-12.0447058452955,-12.6622951110879,-11.8080754582359,-11.6212869859762,-10.6441075168715,-10.5740917894171,-11.3329239623031
"ACTR3B",-10.8713149756345,-18.4000447151136,-13.4533602371267,-20.8690969994481,-21.6308427079337,-10.5319999206601,-10.8409324735656,-9.81046075964082
"ACVR1C",-21.3960199646196,-10.6724567241565,-11.7154561668197,-12.0459894689203,-22.2890693961138,-10.6314105216254,-11.4798018927119,-23.7210422088191
"ACVR2A",-11.210237761305,-19.7917105393577,-10.4248891669126,-12.9714967271588,-17.0648486440173,-10.5619744716722,-21.2250047348413,-10.8717700740476
"ADA2",-10.4839072574427,-10.0170415560581,-12.7573024967171,-11.0066083292459,-12.9325265056665,-10.7734149222512,-10.5277754926818,-22.9622450325547
"ADAM10",-9.1176180229697,-7.79640857298412,-8.30726669509888,-9.21154653139368,-9.21778489087592,-9.77367598207355,-9.00797351049341,-12.7852726360605
"ADAM17",-20.7600300430177,-10.1976527783237,-10.9923056399613,-10.3410668469316,-9.9616506788076,-11.2929295457867,-11.2334330099282,-11.3180024673411
"ADAM28",-15.0193830075254,-10.9549378971782,-22.6956383897213,-12.4974116641756,-12.4585152647251,-10.6421323245805,-10.1467238962204,-22.1270624429123
"ADAM9",-11.9803377496215,-12.3739758151516,-10.100370929941,-12.8778579055792,-10.6604924916347,-9.60991134744568,-9.55070693154622,-10.1587832196677
"ADAMTS1",-8.26289960973103,-9.36895733481582,-10.0155409535051,-11.2793886895088,-9.41107839864682,-11.6059724338715,-11.0329431738563,-21.6623594442081
"ADCY2",-12.8224641947528,-17.801605626518,-15.9447990047259,-9.20655378953013,-9.31679319180531,-9.16174207351582,-10.3160485554101,-8.82140393519393
"ADCY7",-10.2906275897643,-12.873326943196,-21.9503525137371,-11.3745879883198,-14.5565613424391,-11.0886582511291,-10.6722133855501,-12.4719576282784
"ADD3",-10.855635489395,-8.36802968636989,-7.85176654828095,-7.9254684771584,-7.65273019950732,-9.83537803006275,-9.01318816668483,-10.6454070040996
"ADGRB2",-9.84405128752041,-15.0137290249576,-19.8012250871512,-12.1474187374013,-10.8476453222235,-9.80389272935314,-9.90399809686655,-9.85322066578106
"ADGRB3",-18.6443185821039,-17.4609302030471,-18.9642474196618,-10.6651784058717,-9.48140298292254,-9.90460472492301,-11.0570322509076,-9.8126840954255
"ADGRG1",-9.04935444903936,-8.6355756861368,-10.2624873878022,-8.55087661546455,-9.33428566914248,-8.31144438679916,-8.64850819883188,-13.158348206595
"ADGRL2",-10.4101355436311,-10.8557767814427,-21.7189935285316,-22.0850842605779,-21.6823701210555,-10.7181350653053,-23.1740012308087,-10.2336673053122
"ADH1B",-10.737587157798,-22.5830466318184,-12.7367474560168,-23.7779011725995,-11.9042094544032,-22.6329670372425,-12.2429383436633,-24.232988725082
"ADM",-10.0255516748388,-20.6144922012636,-12.1646111529983,-10.5461374973921,-10.7292509561491,-11.093122307293,-12.1991404959773,-9.81958908849814
"ADORA3",-10.357019425842,-9.42166935961706,-13.5098434358011,-19.4824671577031,-22.4223636215119,-10.1368679573931,-8.94078678346603,-23.0437448698987
"AEBP1",-9.71340677875635,-8.91310013224659,-11.413648831053,-9.03443842572993,-8.63538352223574,-10.2841455645078,-11.1050832089922,-12.1537924594793
"AFAP1L2",-16.0044179122759,-8.99006910272096,-20.406160609187,-10.792791859989,-9.33926394592671,-11.4269114112216,-10.1682430681733,-12.9247534631078
"AFF2",-10.9474365225687,-21.8343576156472,-22.0874599671015,-12.6414501220509,-11.5735115817819,-21.3378751763347,-20.376459212819,-10.7754883543818
"AFF3",-10.4609294400396,-9.95966330685576,-21.1838872480999,-13.6407459008334,-20.687946224372,-9.80147233188937,-20.1602676015314,-10.0799018988962
"AGAP1",-19.542626374656,-8.88675135974325,-8.59254539584857,-9.45118786038542,-8.90588279330395,-19.6317810228513,-9.25087442312385,-9.58112834375435
"AGAP3",-18.7275845183506,-9.86381484242248,-9.4981373058903,-10.3204916437846,-9.47571571939803,-9.31295679901814,-11.2503950353691,-8.85886590173289
"AGFG1",-8.7897343865968,-9.91530854152652,-9.6906457108194,-11.8227979569726,-10.7012621277403,-13.9712741340491,-10.8272289992335,-10.2367018639234
"AGFG2",-11.7546690222815,-9.32412783369545,-11.6305281796965,-10.8763473632982,-10.3975361104656,-12.2136145398777,-21.0511578787343,-11.1464609363425
"AGO3",-8.645053635233,-9.13637304041782,-9.08460976998421,-20.2216154577226,-9.64635921503274,-10.9679874659931,-10.4705614777973,-10.3302083562992
"AGO4",-9.5765206558447,-9.87016244776764,-10.902640318554,-11.1172782515592,-11.7906286218667,-18.966037872794,-20.1387544394888,-20.8842814162789
"AGPAT4",-10.3415789288775,-10.4213683892985,-9.54986203114928,-11.9955878602222,-11.2599941816443,-18.9605090482738,-11.5555724639578,-9.90318253089688
"AHR",-19.9610659749611,-19.544174504008,-10.0865315656059,-15.1132516275622,-12.4612257948795,-10.5814976870986,-10.7115970604703,-11.3241277059398
"AIDA",-9.21467562087695,-7.93622921092021,-9.13979576620109,-10.3024552249402,-10.6328982436874,-9.02200018161915,-8.66858355167566,-9.31676837871763
"AK5",-10.4296746565207,-9.97413968862263,-9.19977296469154,-21.2813767549079,-12.8210062366305,-10.5000536965145,-10.902201777778,-9.73400036298892
"AKAP12",-9.48256048238447,-8.23683237099167,-21.8978656181105,-9.73087716343285,-9.29964180492696,-9.27879729916276,-10.1303401972712,-7.92997123079489
"AKAP19",-21.1995027602125,-10.10613542606,-18.4956065129897,-10.4920639855837,-11.0948531923968,-19.9584668568419,-10.5976463028586,-20.3709159368861
"AKR1B1",-8.80044237963644,-16.7497354443002,-9.28095545791961,-9.71087189490953,-18.9237966354727,-8.22999156171364,-8.11678350423302,-7.92333835435638
"AKR1C2",-9.83605946367805,-14.2803476769125,-22.0836131186203,-11.9846570647813,-10.1082772508534,-21.24940329633,-16.7260942903577,-11.0497979725432
"AKR1C3",-9.76800829389787,-9.58980437259933,-10.6221561271067,-10.2759833702542,-9.33765182460797,-10.1664549116085,-9.92836804101589,-12.9408594561649
"AKT3",-20.0790362230325,-20.8978025325917,-10.1077375981723,-9.42841986685935,-8.50564221479317,-9.47689480369935,-9.53734643880759,-9.40677094043692
"AKTIP",-9.41384968677483,-9.34423559415031,-11.2181346678739,-10.0465707444443,-17.8435107415015,-9.59920046242378,-9.75615281427515,-9.13348436820288
"AL365361.1",-20.0600080772569,-10.8684060915132,-21.4905233346996,-11.6181763583495,-12.0299286477372,-10.1729286143148,-11.5559166745924,-9.46941001100363
"AL627171.2",-6.22685057175312,-5.15462609746153,-5.08693343902686,-5.27027478005839,-5.21471073049097,-5.58709623320182,-6.00401477575578,-9.27838585819541
"ALCAM",-8.92744307695962,-8.01044308699612,-7.77808476238854,-9.29494810381639,-8.78395572074339,-9.61674129430336,-18.2219648563564,-9.59164256118338
"ALDH2",-8.49745990894518,-10.978578858777,-9.53510642005177,-7.67726780653436,-7.91994955592113,-8.53093899651018,-8.24692920702085,-8.28718165265136
"ALG13",-20.217618205158,-20.3662275167892,-10.4286599506369,-10.5377121804129,-10.6694701657926,-10.7491904706629,-11.3399395242375,-12.2338063494535
"ALOX5AP",-10.0572707437391,-19.4983850259188,-9.88041901948596,-21.1651711990256,-12.0593102927913,-8.31679551004153,-7.57568987388266,-11.410305187167
"AMFR",-9.41279339127566,-11.1169472005679,-9.25762922125252,-9.08122498275649,-10.0005978384528,-10.550402462068,-9.97919062655786,-9.39343123775111
"ANGPTL4",-11.1760523989074,-21.7442194153821,-20.6563563519301,-10.2310436374942,-10.1248690388007,-10.8957026959415,-21.9877120582339,-23.2302175327019
"ANK3",-8.2189383454995,-9.62221944274833,-8.16093458244772,-9.53593227195522,-9.0397832335071,-8.63609281054882,-9.75440161778834,-8.4990058378276
"ANKH",-9.12689032348833,-9.1071222066848,-8.20891747739338,-9.41641870829515,-9.87567764422048,-9.6069331902458,-10.370464641241,-8.53606681927225
"ANKRD13A",-11.2583643087358,-10.3699390778942,-11.4923443297746,-11.8739021288234,-11.2908245400855,-10.376570769718,-10.4364055955118,-11.5348550335632
"ANKRD28",-20.4050177550677,-9.58896257333388,-10.2171507642462,-10.4362428049058,-10.4774463682534,-10.5699911797389,-20.2426507454942,-11.7875251116164
"ANKRD36",-13.0019365835852,-11.2138381404037,-11.7417422731524,-11.410109391691,-12.7030247535926,-10.751814677213,-10.8364590675823,-11.6211698496846
"ANKRD36C",-11.3976640741718,-11.8131057416612,-10.9357418903473,-10.785933872904,-10.2077058746528,-10.2382758426287,-10.3247587161499,-11.8017310261901
"ANKRD50",-9.83724826761269,-10.1999053120928,-11.4975001903007,-21.6187082936217,-11.657428287814,-11.572991062614,-13.0111735542362,-9.61392480157348
"ANKRD9",-18.0118287700655,-10.3156916846598,-20.9197005647432,-9.83335592726593,-9.52171874356368,-9.62688968383634,-11.8123449840945,-11.0960924552767
"ANO10",-21.1407172515177,-18.8774497263338,-11.1527934057703,-11.5119268247832,-21.9432201043331,-9.92108112423339,-11.9513158407596,-9.65772721627431
"ANO5",-10.4955229372749,-10.1973904592013,-22.2121022909883,-11.2762890762678,-10.196132990097,-21.6333594482282,-13.5724236559423,-9.8930293815233
"ANXA1",-9.23784946888053,-10.709314631703,-21.7282589701614,-11.4730534726105,-10.0723471441322,-18.7595698523251,-9.90829477908737,-14.1820831229285
"ANXA2",-9.13602615727295,-17.9866275723003,-11.9811321172988,-12.5742431204291,-21.5182996595604,-9.88441385087652,-9.84600889708672,-10.3888455867967
"AOAH",-10.6889947143536,-20.7519205754951,-21.4891608335863,-14.1799914511417,-20.119795766811,-11.0010941670046,-9.54892171937206,-12.5841537000939
"AP1AR",-21.5766230579921,-8.69093639219874,-21.5176274471866,-11.1865047745467,-10.3928894692034,-9.84028148494206,-20.2439249259881,-9.67451870565368
"AP1G1",-10.2982874095089,-9.10255783893558,-11.1783842133477,-10.3708529419073,-10.1339374960273,-9.72597935234017,-10.3989935358371,-10.0338475296069
"AP1S2",-9.5769844477393,-8.83943614590741,-9.15773821377574,-9.67021924453592,-9.24242936050744,-9.77624335132088,-17.5459647176118,-8.82008208694917
"AP3M2",-9.04282384879254,-8.78928975790967,-22.1017627743725,-21.2695585349818,-20.2469184871548,-21.3127582074542,-10.2016345745816,-8.92501250639845
"APBA2",-18.5576538971096,-9.12085465531549,-9.14451413698773,-9.92052352467875,-9.83556685037624,-9.08570518296504,-13.7113326886147,-9.81093536937759
"APBB1",-9.5567349158399,-8.46008775501383,-7.95352290689449,-20.0023447080655,-14.5489602813016,-8.89320745125561,-10.228099453691,-7.96329683237691
"APBB1IP",-11.2699387433157,-21.4029379730182,-10.9309139821667,-22.0152420472664,-20.9154977627028,-9.62930588237041,-8.54187172875302,-23.3220569801423
"APMAP",-10.2596533561006,-14.3873871079304,-9.72684288666484,-11.4114376037689,-19.7540813135923,-8.74784525621151,-8.69445761508184,-8.60711800598711
"APOD",-6.24405996386599,-5.95067663068559,-6.4658105189177,-8.12603064235549,-7.97607508053481,-8.42963824255124,-8.21297495086029,-20.88337460363
"APP",-7.13679314096745,-7.48346147862096,-6.77454138179071,-8.47096934777364,-8.48234801021734,-8.01276913509142,-8.63187127782608,-6.99652096606153
"APPBP2",-8.70208912851208,-12.9621793048365,-9.88381197543666,-9.99226747458307,-9.20789402405537,-8.63437830702338,-11.1457145498594,-9.67369971661234
"ARG2",-19.1224937238945,-20.9072174454574,-10.5334173521622,-21.291515270515,-20.7617973198022,-10.9038959601127,-10.5200248796659,-10.0573007907178
"ARHGAP12",-8.46090518627322,-17.0607764804697,-9.1763039345334,-10.0936764458051,-18.2666596495207,-9.74051982008932,-9.49095528153041,-9.24288231253907
"ARHGAP22",-10.0695410468059,-20.229569296241,-11.4594785855197,-13.1996491870747,-17.0834695708022,-10.2038118266545,-10.1126817047064,-11.9856797032509
"ARHGAP24",-10.7692699461328,-20.3010793481605,-11.4300631617178,-19.70488169931,-11.347730341723,-10.1295120046162,-9.86347888688558,-9.73587913982773
"ARHGAP27",-10.091604268662,-19.3828679050905,-10.7514526882968,-21.9539162173775,-10.2198323571237,-21.6122382482565,-11.5337888317934,-19.8375207179487
"ARHGAP29",-9.30457319308378,-11.1788991274965,-20.1591840432262,-10.6390719047959,-21.7729136557971,-12.0391341402942,-13.2377429476118,-22.5960059743986
"ARHGAP5",-8.14752072936324,-9.01037514045907,-8.16283247297444,-7.85966997545414,-8.5594179590585,-8.63115681378095,-8.84406984209092,-8.31305140178519
"ARHGAP6",-10.1875328057208,-20.3217180425722,-14.8221751210797,-21.7589231134497,-10.60226789083,-11.2426256333878,-11.7990546753796,-10.0842138034862
"ARHGDIB",-9.24498934685399,-19.4300982951,-11.9038663614151,-10.0078185850092,-9.46518721719678,-8.8265444852553,-8.32921058346,-21.5059832676044
"ARHGEF11",-20.2018054600529,-10.7615738394526,-20.8337175625966,-11.5411061405298,-9.82884784252026,-11.4074841561417,-10.3708956603669,-9.34619356613525
"ARHGEF12",-8.15272543620445,-8.20115684916368,-19.6753279427554,-8.70383144790602,-9.01699484882415,-9.88415238570288,-9.71768849419304,-8.86395953370135
"ARHGEF3",-10.7268224991572,-10.6378735326246,-20.0229598603089,-12.2534561746513,-12.4655719186971,-11.3951320876672,-21.158027800592,-10.7156733528589
"ARHGEF40",-10.3346816389247,-9.27324727807029,-19.4938499050396,-10.6072799552962,-11.0792812503201,-9.79868148912876,-10.15623297794,-12.365358860787
"ARID5B",-12.402736305274,-10.4520378177134,-9.1940006424329,-21.5403976320293,-21.1265771901418,-9.17790445826112,-9.7719996756916,-11.5589402408671
"ARL4C",-19.8207809882497,-9.43619666331668,-21.9149776423829,-11.482460520854,-15.125401659908,-9.90853849245803,-20.5930901896062,-9.11363627217584
"ARL5B",-9.80682516601976,-21.4842211361436,-11.0295279548291,-12.8092385332555,-10.5599743580685,-10.9311225654002,-21.1269583860883,-10.7723898860474
"ARL8B",-8.42535159701884,-9.90673644423595,-9.07371086155141,-9.07401831490872,-9.80161667827481,-11.3528061988244,-10.0999664713516,-8.1322066751533
"ARMC8",-10.4978904906154,-9.7545801488289,-10.9684470944161,-10.528945535182,-20.8892501423865,-9.80312354957138,-10.1261137444546,-9.94269990632217
"ARPC1B",-10.2564512691686,-10.8718880524617,-11.7190781228601,-19.8594766691654,-10.2903219021197,-8.94312705801899,-8.63671369378618,-11.3061346004024
"ARPP21",-21.2933720890533,-11.0220189513684,-19.6423284390996,-10.45336607816,-12.0943579779657,-11.2498223721073,-13.1358865279281,-13.8334401193142
"ARRB2",-9.18321653375342,-19.5478212823053,-11.9292510062809,-11.0767650050011,-10.4282941571292,-9.47914827611394,-8.78407293036396,-11.0569711115265
"ARRDC2",-10.9017810328756,-19.6363377993904,-7.89895403798055,-21.0272836620072,-18.7876469671626,-9.12757175238597,-8.85265005344018,-13.6578889527142
"ASAP2",-16.1938187014429,-9.12829857056829,-10.2900811295812,-10.7149605699815,-9.62694333108103,-9.48660558168278,-9.7537184155081,-9.63176296570332
"ASH1L",-8.30784730369168,-15.7718515807494,-9.31279138517068,-8.92588767097019,-8.71892436894441,-8.76833671726586,-8.75856993870978,-9.45155391400982
"ASPH",-8.40291284941364,-8.33176402010089,-10.283889369593,-8.56356583010627,-8.95119253235559,-8.59657409070532,-10.5596918666563,-8.87920606295383
"ATF3",-10.1119455755182,-10.6786967929067,-10.6657614364529,-22.649772093032,-21.8286922970176,-21.9934248644132,-11.5580646614656,-11.7104586305898
"ATF7IP",-20.0737651806559,-8.85841238898978,-9.70172236207225,-10.4396963523137,-10.7984637825791,-11.5825438386063,-10.3871721790869,-10.5221267334858
"ATG16L1",-9.45688508850992,-19.6429365164578,-20.9091424341132,-11.1923499596448,-10.5439909356223,-12.2199957141457,-18.3671064306139,-11.0462143647281
"ATG5",-10.1337216994078,-20.059541941105,-12.3096754623998,-10.45442072956,-11.3503815152655,-10.5940610153997,-10.2826448589589,-11.6366130918577
"ATMIN",-8.99607644422002,-10.151224225018,-9.97719628141263,-10.8814285904917,-9.59505754713433,-10.3986370563937,-9.69203976275579,-8.91188067309786
"ATP11B",-21.2920569194225,-20.3971065737408,-10.1415705084299,-21.4700154518206,-21.4633647122007,-10.3384678497528,-11.502198611591,-10.9989696226641
"ATP13A3",-11.0315531189139,-9.28189293125091,-9.95938796431403,-21.3349657144494,-19.7970550973245,-10.0304433196426,-11.168603284216,-10.984021454885
"ATP1A3",-18.5542604793148,-19.5244639649418,-21.8689520364258,-13.3449092889797,-10.3951922092705,-12.3821452561543,-10.9501185268095,-7.16624854218197
"ATP1B3",-9.03014590767296,-8.84096133890318,-8.66165461855405,-9.80208372904872,-8.98224526619843,-8.65861289593924,-8.59228886261014,-8.66232710566595
"ATP2A2",-8.70272759432431,-8.04368511594004,-8.97229407155801,-8.66420592213433,-8.80297635192598,-8.77385594680484,-9.3121125468032,-7.75678808247712
"ATP2A3",-20.7643937294024,-21.658143071022,-23.4886826412185,-23.1060266763248,-11.1908652834649,-10.7693941368288,-12.8087840076213,-10.2729769308042
"ATP2B2",-20.8287818016134,-11.1185579493217,-22.0032511420114,-11.0640467181148,-10.2478305989947,-10.4953218721634,-12.8924124003382,-8.27522374062195
"ATP2B3",-20.9739247302023,-19.9887869486653,-21.2331599858731,-21.6503057878663,-20.3778295729141,-10.381616348694,-11.4666416386784,-9.2909529527513
"ATP2B4",-11.0339713153412,-9.08654054700481,-17.5303847846455,-9.41863551343189,-10.1836755334318,-9.44990085721886,-11.1291271152999,-9.81863821549036
"ATP6V0E2",-18.5789117366287,-10.1862660546812,-9.66872650427243,-11.2936579291891,-11.5710010451856,-9.55378825786963,-10.0744536667489,-7.87718250489779
"ATP6V1B2",-19.7659137068672,-17.0736789439139,-10.8306228716215,-20.5080809491733,-20.1372408998339,-8.50698781170346,-8.56492279517066,-7.01749640531045
"ATP8A2",-19.089325720011,-8.81844354000587,-21.5417334787824,-10.9703732577033,-10.2084236863487,-10.8286722225955,-10.2525094242805,-8.3226073279463
"ATP8B2",-20.4034754467049,-11.1215450971827,-11.5786922827328,-21.7367303195761,-10.6128940553151,-20.9331957662537,-12.2990036806195,-10.3686311857463
"ATP8B4",-19.4295551122231,-20.9520603849172,-13.0022995006209,-11.6538973331647,-15.1775962582785,-22.2116736775089,-11.1748889841654,-12.7941700761749
"ATP9A",-8.3762379952559,-10.7342575910858,-9.32357626270865,-8.91336357901608,-9.12681034329723,-8.48905799025688,-9.84174519165754,-8.36901511066441
"ATRNL1",-11.5165372401138,-9.93125420785283,-22.2781440607228,-11.2026039424831,-10.5334815167938,-10.7391808411926,-21.0159182346837,-9.66600313684567
"ATXN7",-9.23327141827716,-11.2507385209607,-20.7314008701884,-11.0213980075103,-20.5314156314462,-10.2927295071913,-10.9219786161443,-11.7312860100495
"AUTS2",-9.02947152867845,-19.3546283593364,-21.0489084928151,-8.96714680191045,-8.36134018519336,-9.71661506740846,-9.644897984972,-10.2437965255113
"AXIN2",-21.7883742320737,-11.9988896372616,-22.7914738246731,-10.5966219276576,-11.0979075550433,-10.7550090435739,-21.7119941358149,-23.2071575175772
"AZI2",-9.53997308887582,-8.24483403846591,-10.1079900858611,-9.76614184282228,-10.2599463486414,-9.83124440468299,-10.2338970431965,-9.29123922748398
"AZIN1",-9.18026941981768,-9.37851356645042,-9.51629802817513,-9.29727458326504,-9.08199235519706,-9.67599184696108,-8.6742541172034,-8.30449928358108
"B2M",-5.34953775720889,-6.72934066541073,-6.57592667202741,-6.89467213752315,-6.91463896717422,-5.79500819049598,-5.22917065220527,-9.18529346289746
"B3GAT1",-19.523781216878,-7.91297269660134,-8.3051934058858,-9.70977627895491,-20.5089550462672,-17.8431405700542,-9.53375650415905,-10.6446489660341
"B4GALNT1",-12.6803199506262,-20.6022285570465,-21.9878515621287,-21.6066060269444,-21.2137013374159,-18.9626967566687,-13.4394673328049,-9.19312207925136
"BACH1",-9.57740463951041,-9.6077077797238,-21.6713759522707,-10.8283243133064,-10.2355521407813,-10.3188270254063,-10.438114819404,-12.8941178573814
"BACH2",-10.3762623249414,-13.4248838288468,-11.4532696262208,-12.3793329085927,-10.6521932740155,-10.8662514058188,-21.5890279806182,-23.7803653070558
"BAG3",-8.0079414037942,-18.1148242967096,-18.6846504680334,-8.2421108764252,-8.26493390250848,-9.0368405453607,-8.7688093994756,-8.79277046117481
"BAMBI",-10.4095416695663,-8.48681589189968,-14.0079488360872,-10.6373578847845,-10.4497631070185,-20.2606502262344,-10.5402477003001,-11.3746362493331
"BASP1",-18.6916737086691,-9.26062428400069,-20.1668417846364,-9.11826335481924,-9.79254805926474,-8.47934947426816,-9.35979398104721,-6.71088096225846
"BCAR1",-9.39221352248844,-8.09762499206502,-9.7152401333495,-12.3331152824284,-12.2240687956818,-9.30670737401961,-9.46365938962384,-10.0203899602368
"BCAS1",-8.43591195453057,-7.99186818979257,-6.93222024612171,-7.93450378838372,-8.28370832297918,-8.90451388280643,-8.86084580291673,-19.4263530696511
"BCAS2",-20.1075044229267,-10.3245823672143,-21.1998218879696,-10.5550452486723,-19.8735726758369,-10.247836604994,-10.3584843836617,-8.32021620605114
"BCAT1",-9.33663170550131,-8.95938715502584,-10.5287622313513,-10.1614613724363,-9.72873573346308,-9.68518481063881,-20.7835378074622,-7.79506328042382
"BCL10",-10.1367620042952,-9.24432629558527,-11.156636688103,-23.2405533629393,-10.9396390054995,-22.3636387705824,-11.3891388873478,-22.6676359193539
"BCL2",-10.7996930998249,-9.86379432390033,-9.81142473003791,-9.49294301275788,-9.87942770896531,-10.6140516668305,-20.8989093808818,-11.2930765524505
"BCL2L11",-10.2635687645368,-19.5126761429573,-10.5214639369675,-12.3218199652072,-13.7168053336834,-10.7667711702565,-11.5955661570915,-22.0986963801694
"BCL6",-18.7161227154827,-10.4792747725208,-8.55255554146525,-8.63883595267573,-8.71691419097496,-8.37350757727042,-9.84720091915582,-10.5050293604163
"BCL7A",-11.1872815029678,-21.6814005663377,-12.6065163058511,-12.3957622273718,-15.1662693853345,-18.1201878444866,-22.0855924725484,-10.9002167334332
"BEX1",-10.7181071764454,-11.5877589322858,-19.4458734395613,-9.51629683526325,-9.23033347615359,-8.74747208838814,-9.42089114255219,-7.14969359610837
"BEX2",-8.87571929607944,-7.68558540243585,-10.3752030295724,-9.30070319268364,-11.1757145397475,-9.301305097113,-8.7437409860641,-8.29972453304062
"BEX3",-8.98446878298318,-8.81105762766766,-9.29970954933462,-7.85621716067755,-7.96034976333459,-8.01901119539348,-8.35796510993226,-7.44058706084386
"BEX5",-8.81672020451071,-8.17552988879829,-10.7694054800653,-10.7188706843967,-18.7330231041937,-21.2366608031703,-18.7738162838288,-8.34880261560417
"BGN",-8.9615267333631,-9.70640402256379,-20.4650105117558,-10.3740194904979,-10.4286792032087,-9.92401117280424,-17.6514452803926,-22.1651222048021
"BHLHE40",-9.03124147705814,-19.3447704532343,-20.2090228284023,-9.17422524784126,-9.14221628991156,-10.8538883237064,-21.1878911061888,-10.6309591793124
"BIN1",-8.43951027077803,-8.44734443401206,-7.50813130011449,-16.6740112766887,-9.04529667864442,-9.32340704316755,-8.53307821253537,-8.81482268754214
"BIN2",-9.9455822009279,-20.9869167399098,-12.1461352239578,-23.2544121807329,-22.0521572603025,-10.025596125411,-10.3183423076635,-23.4285752421542
"BLNK",-22.3772700887018,-13.529291170897,-12.8165664543169,-23.0118447181869,-22.0114178559886,-9.92998854111966,-10.2771730894187,-23.9716622304761
"BMAL1",-11.2585600638143,-9.54347787446993,-21.3410371153761,-10.4607779839326,-10.3396090912752,-11.1197795011917,-10.4604720278109,-11.0642592434063
"BMP2K",-9.10541340759654,-20.1646247512521,-11.746851797197,-9.37163407787003,-11.4818821526061,-10.6567175035339,-9.393306155681,-10.5702758857037
"BMPR1A",-9.52980492287304,-19.9442178902529,-20.4833170745048,-10.3075094339835,-10.0694380912664,-11.1524187654234,-9.97256674956754,-11.4286533084577
"BNIP3",-8.44832005817014,-7.37663412924603,-11.0613019697029,-8.53941032157409,-9.01793368030336,-9.26237969415952,-9.44287830377786,-7.72477669719065
"BOK",-17.7194886988847,-9.02272070720097,-7.81209164671421,-11.9077106004848,-9.23652894748406,-8.59446496165012,-9.19614577917181,-11.4483409119004
"BORCS5",-10.9194907110192,-18.8637135141845,-10.7839726539317,-20.2864459922114,-10.3783209549427,-20.2220139034666,-20.4055643661057,-10.9631533479652
"BORCS7",-11.487503365424,-11.2166885437465,-10.1993136213782,-10.828352381206,-10.0829176984381,-9.40011499434708,-9.49936520998725,-9.2901099737533
"BRD10",-8.61666729140788,-18.6313278634969,-8.72739283972141,-9.34036535836332,-9.69489633627903,-10.0137486338243,-9.50255347705018,-9.95795519752434
"BRD9",-10.1116405558011,-20.5481132263232,-10.6909208152397,-12.5181496626876,-12.8385930903889,-22.4285085732392,-20.9956364433556,-11.0959378129966
"BSG",-6.82375012190301,-16.9143347591539,-8.79986186308899,-9.22872272850338,-8.83791522179349,-8.23006132913494,-8.65043165082251,-8.48836333268049
"BSN",-12.7086893943948,-9.62526090291579,-22.7997052765241,-23.2017343137729,-20.4505866103148,-11.7645912577771,-12.0715647304302,-9.36906748629429
"BST2",-8.18909754573258,-10.0401478959784,-12.9909411096207,-11.1104364354448,-13.7790838250436,-8.97311121973209,-8.51948621254624,-12.5031604793794
"BTAF1",-11.1840804937852,-15.7349399994871,-11.7991623232928,-10.786918670119,-11.1387459869127,-12.4935686643554,-10.9366296383586,-11.7069122066247
"BTBD9",-20.8040137232228,-21.0980710710682,-11.3199499940897,-19.4597384769206,-20.9131754951151,-20.6190847566603,-20.1190471476917,-9.71556101847168
"BTG1",-8.19939102654234,-20.0928112809667,-9.32080825444249,-9.92421097368522,-9.52266922584615,-8.56828510629891,-8.37599761598657,-11.1223049325812
"BTG2",-9.36818372059384,-8.99317249911203,-10.3125096519647,-11.0125515334595,-9.64687943179925,-11.0458078827526,-10.5787909180936,-22.0543185555389
"BTG3",-10.2961628623541,-9.49210379233377,-10.3726309280047,-10.7319489839609,-10.4570169262053,-10.2690155682698,-10.882982386926,-21.3062556191205
"BTN3A1",-19.4325332800863,-9.4709231577061,-11.8835672164897,-14.033341941147,-11.1383919846521,-12.791743193918,-11.0356604260792,-11.8907108453551
"C11orf96",-8.39460342817142,-9.24907980045876,-10.7729811157692,-12.586481461727,-11.6319948448029,-11.8084718783929,-11.066139570846,-10.2508678736878
"C12orf75",-9.57714935750617,-19.3872513922863,-11.0130030309042,-12.4624844273287,-12.4857380952798,-12.6818464252898,-10.5389829279863,-10.0384254075634
"C1QTNF4",-9.79153211597268,-20.0494092919793,-21.253176985092,-11.2307640260693,-12.1699417827373,-10.3272804253759,-11.035556252086,-11.2839664347891
"C1orf162",-20.3228885955893,-10.5335620908335,-12.8079075567471,-22.2923497852755,-10.6669771051672,-10.4152375993141,-9.57154552185054,-21.9936592902153
"C1orf198",-10.0008745299476,-9.86166758483454,-8.23293352151063,-9.67984606760534,-18.8101053622795,-21.1182429617906,-9.32129927990194,-20.7153446559213
"C1orf21",-9.33101703727396,-20.2749742163379,-21.0624327401878,-9.77001735317091,-10.5369265295219,-10.3053216982001,-10.7451710694704,-10.2662334595497
"C1orf52",-10.1048701493171,-19.6376893999227,-9.9175496058383,-11.5845081269267,-18.3208944430775,-20.6259968243757,-9.68074779869358,-9.21513051522014
"C3AR1",-21.177724166937,-19.3074425281533,-21.4407559890785,-10.9147173500649,-10.0850307451591,-10.1837164196756,-8.44477651789371,-11.6784147636325
"C5AR1",-17.8971416506976,-18.3291997627152,-13.2568203618233,-11.9702194498053,-21.7827193540216,-10.1367871424393,-9.68743021219298,-23.6522284700388
"C9orf72",-20.7691955021763,-10.833774237163,-10.68093193527,-13.0702385129121,-19.1433207317253,-15.7685090594704,-11.1599996731471,-10.0771407136169
"CA10",-10.5508054235178,-9.22302861108983,-22.6958841218197,-22.0856009867459,-14.8830561713046,-22.2063452374214,-11.7256656987596,-11.0170888917123
"CA11",-10.034543359856,-9.60169110328895,-9.40371165266652,-9.95994887649084,-9.93841815522778,-20.8356592498909,-10.1423352734081,-12.5927073244919
"CA2",-7.40148110696788,-7.58546767679928,-6.13102956318568,-8.81881712470862,-9.02425740086379,-7.6102859000599,-7.98814035741391,-13.0697626200807
"CA8",-20.5277479271936,-11.8337412247306,-19.7880046042441,-9.86838791579276,-9.76885134453894,-20.5731126381541,-11.1589545825332,-9.74373790291296
"CABLES1",-20.7747702704449,-10.9470664071912,-22.3222192871392,-9.43101649753565,-11.0129347839065,-18.9564576167383,-21.1218548638854,-12.9743118232793
"CACNA1A",-10.5357251731128,-9.04534297599922,-9.95326123507398,-21.0891959155665,-20.758328407109,-12.019760916722,-10.9210361023693,-9.19408913205617
"CACNA1D",-12.0240503902761,-10.6760052092317,-12.1030221606835,-18.2381020511091,-10.0188661496126,-11.1682769128942,-12.4471674687933,-11.3925252353448
"CACNA2D2",-20.097205094875,-12.4699353374169,-21.7890617537933,-21.7009724151389,-20.7052793451196,-10.3404861623245,-21.8827997117624,-9.24918090294829
"CACNA2D3",-12.331538114327,-21.0132031912423,-22.1733518778358,-14.9604558409738,-11.0695240177623,-12.2351863632615,-11.21266810824,-10.5687023508071
"CACNB2",-11.2898846402547,-9.82159839565834,-23.107440716953,-11.6767830242872,-21.4692906743831,-11.8333188889423,-21.1612941311947,-10.754511230999
"CACNB4",-10.3310732033469,-12.3728087668449,-13.64505971938,-12.1155767749348,-9.64034411309482,-20.2621902120038,-10.6222516427731,-9.21736189145593
"CADM2",-8.04879888550842,-7.77659078237106,-7.62239937206007,-7.97533729433684,-7.69933301370688,-8.56324408841203,-10.3731235273371,-7.48399038807307
"CADM3",-20.1117164770465,-9.85720199538132,-21.1775155593655,-10.2436741881138,-21.3320587172699,-9.68330404759736,-19.4449410304541,-8.39395866292958
"CADPS",-20.74980986413,-9.57733689599722,-22.2897142991392,-21.4326160531281,-19.9653327313379,-9.12464756706409,-19.9753329790414,-7.5849686935355
"CALB1",-21.7611856089031,-20.9047238352423,-23.2894914161767,-22.0563984511943,-22.1967209279098,-11.1663209686707,-13.3190458171508,-9.89238348970573
"CALB2",-21.0819660295029,-20.8332851319893,-18.5610083112645,-13.2250915668891,-10.6291696429551,-10.7044893759101,-12.4560789240767,-8.3500077607883
"CALCRL",-10.7365958833657,-18.931323792755,-11.0599970549972,-12.5247234663821,-11.6314395286233,-20.720838053912,-21.9103095447255,-22.8172797087269
"CALD1",-8.04191866841085,-20.0897794143241,-10.4338492667413,-9.38691909425374,-9.96088849172853,-10.7223721863041,-9.92880142607949,-12.2602995587537
"CALN1",-9.67580904409478,-15.4806976929472,-10.6287619273779,-12.4160506263088,-20.5078562782834,-10.3534347905059,-10.8900751261374,-9.95065741309548
"CALY",-11.0002019956409,-20.5209404236507,-11.9270088965123,-21.968619277738,-20.666265643464,-10.4806745411057,-21.4043982595217,-7.50501396544586
"CAMK2D",-8.65047820192057,-8.72678771342537,-19.4232391401835,-13.369811339759,-10.0648682409334,-10.4408119932298,-10.0930111594436,-8.8515956360967
"CAMK4",-20.2172271026587,-10.5496808530966,-12.0131780907255,-12.1932332254146,-11.8803141547549,-21.0504339580283,-23.1669650059753,-10.769040975045
"CAMSAP2",-8.88110643377338,-9.26510834393362,-9.16212046629942,-9.51605117633006,-9.7194543763692,-9.02564648666159,-9.07590072039645,-8.52509831768196
"CAND1",-17.727359287049,-10.0900675288441,-10.3085007229406,-9.59062713688824,-9.79688547317178,-9.50802290005014,-9.48436382089036,-8.40568390107387
"CAP2",-20.6727929809503,-19.2468595766895,-21.3949818247166,-11.2447861239653,-9.94499408234257,-10.7525390365003,-21.186991155349,-8.41565577004711
"CAPRIN1",-11.1866543248861,-8.7304709285044,-9.32509566923949,-9.28671870826644,-9.55881150028269,-9.21472272024738,-9.27444253072457,-8.83020659163831
"CARD16",-10.8286217743105,-10.8352342502971,-22.1895448918526,-12.2622894404217,-22.6003011110276,-10.9057222807779,-11.3980680782431,-24.2608627254364
"CARD19",-20.0113415893291,-10.6787135846758,-10.5052758690765,-11.4677700928749,-10.4533786123291,-20.9073998612681,-10.3901550645247,-10.7978254696377
"CASK",-20.0585220385243,-8.69651884933836,-10.3453934797961,-10.6792677932409,-10.0721476358697,-10.960449466824,-10.3671919617074,-10.8495456463743
"CASP8AP2",-9.5080358267398,-11.9301374468225,-9.9163780842659,-11.2397498502537,-10.9120508457212,-10.5110897826155,-11.4977549290251,-11.3406626674558
"CAV1",-8.77716471551092,-19.6821096223084,-21.6424968688188,-10.6315206259374,-20.4849646221162,-10.1900977500015,-10.4126810160239,-22.9759775222169
"CAV2",-9.11899583189328,-10.6610646479954,-10.5117238724917,-21.4644485085643,-10.5140926226294,-10.7523048433439,-10.6586349394781,-23.5749204525756
"CBLB",-11.3531240909511,-9.84385933067667,-22.9011351388883,-23.0097642140281,-12.1875338031637,-22.1492581056805,-11.4318696708168,-11.7985309881126
"CBX5",-18.715245415691,-19.6579919714071,-9.15292355941625,-8.94861216998882,-8.49811091528528,-9.422854081175,-9.3614308121995,-9.26531397309527
"CBX7",-11.8607808721322,-11.1763600453687,-14.3545082692917,-10.3777601761128,-10.0197033274115,-9.79073038510252,-10.1590270603264,-10.1214166826681
"CCDC149",-10.3597124205214,-11.2473251614306,-23.0687864400788,-22.2004491410816,-11.9233133535068,-19.2151380133389,-10.8170372558726,-10.9344820372911
"CCDC160",-9.95033673250829,-19.2294094162814,-19.8991753741902,-10.1389383708745,-20.0112542115695,-19.3764809917586,-10.5345426185768,-10.5157212405755
"CCDC184",-20.4695115584568,-12.5919996020936,-21.745993794845,-22.9976673101987,-20.7350500423877,-10.6727299835763,-22.2737549949712,-9.50172958864738
"CCDC186",-10.0793170480456,-10.1433746467543,-11.3292969999302,-10.2584099027962,-9.44142469723979,-9.52846197902888,-9.6431497612828,-10.3316257874427
"CCDC50",-9.04102601695542,-9.83502777242991,-9.63709880011624,-9.33026242726863,-10.0657957041951,-9.16817617203821,-11.5893354257365,-10.743483209498
"CCDC66",-20.2701511100188,-10.5294526945001,-10.6689651808699,-11.0656788943466,-9.8830645973135,-10.1301517177811,-10.1523346834115,-10.8229982500166
"CCDC7",-10.6934718283319,-10.6616915569028,-13.8547913030201,-10.114147116838,-10.3141368932281,-11.0212450019343,-20.4807938179833,-20.3811219603947
"CCDC71L",-10.1402803782458,-19.7973438326303,-12.4539696263033,-12.0420144736889,-22.9051227330906,-22.0221916429571,-11.106426235979,-23.1564085340271
"CCDC91",-10.0402389138625,-8.26937310183797,-11.3929579828759,-9.2938051709352,-9.41213571036073,-9.25411588640932,-9.3256563194373,-9.3565246311231
"CCK",-21.0621403663721,-10.4318067433165,-23.2146471311052,-16.919147985668,-13.7862527251281,-12.4015571298743,-22.7136010799096,-10.465998862177
"CCN2",-9.88273986433937,-20.5927968635139,-12.3504977187662,-23.8460200249923,-14.5900178103587,-13.5783593408603,-15.6069417633857,-23.3029621841232
"CCND1",-10.5858334964872,-10.4819530057134,-10.5241785219128,-12.2647823722119,-11.2103904229788,-10.2207551896466,-10.8018770504267,-11.5829094592428
"CCND2",-10.3952712673744,-20.2343652313429,-21.8785830588935,-10.948800940043,-13.494280417714,-10.3408492892833,-10.1105059386739,-12.6596523533872
"CCNDBP1",-10.7213679138035,-8.07055236172866,-9.44323027284546,-13.823894768036,-10.0161743416673,-11.020792380698,-10.2576311302,-9.10575174694833
"CCNG2",-9.2750981805149,-19.6363538445027,-10.338427711813,-10.5769466358643,-10.5414227937433,-11.2029768862885,-11.0938232273603,-20.1991080184135
"CCNH",-21.4181241790225,-19.9667817437829,-10.2635071081543,-13.4107964122693,-16.184149823209,-10.2233168451709,-10.6709399464342,-10.1822637741882
"CCNT2",-9.34060280076923,-12.0883538247392,-11.0948408487712,-11.4617878431704,-10.0667946836197,-20.7462616061296,-12.1041895500327,-10.3301128325314
"CCR1",-20.2400908167436,-11.2539919855696,-19.3646525403602,-12.4615325557607,-21.992312534253,-11.1165208676504,-10.1310202251551,-23.9010095164338
"CCT2",-9.0676824333788,-9.91357028933045,-10.3320913324938,-9.63998158757107,-9.87053394982715,-9.24286352002313,-9.02436569325531,-8.63299962927768
"CD109",-10.9362856391813,-21.5547582512249,-14.0978958546551,-11.6660630530201,-11.0179188981411,-11.614601184776,-12.6658380759308,-23.0760960813104
"CD14",-9.76672205169521,-10.0703812235158,-11.5892955974157,-11.2560439797315,-11.214812394102,-8.96004038087447,-8.32779401255126,-19.2581084781673
"CD151",-9.16282594548498,-18.6580682193288,-10.5256671357568,-11.2251842239636,-19.7903367664428,-9.75942024731721,-10.0256427057608,-10.1135071891274
"CD164",-8.90902577415462,-9.0461401660976,-9.54278282854604,-9.54778304577792,-8.99067177051457,-8.66878691217464,-8.13442184943231,-8.92467488449592
"CD180",-11.4511196438002,-21.299510088325,-23.3447918483107,-23.7934279994377,-22.2514887628214,-12.6577295122303,-10.6742610413607,-24.468636841257
"CD200",-20.7245587422584,-9.56329790464868,-10.8674962914073,-21.6975834746438,-20.5873427347207,-9.8197611650385,-11.8767450070685,-8.78770951055149
"CD24",-11.6018533042914,-18.8710840421676,-22.4591809341985,-20.4928999692581,-20.554610956822,-10.2618432006528,-20.7161075139606,-8.79095640676373
"CD2AP",-20.7674188298204,-10.2920072394233,-11.7706393588758,-21.0195338912885,-13.2015393559624,-11.4267476913889,-9.9406054342771,-11.1250570401235
"CD2BP2",-9.15868405154212,-18.3841403842456,-9.99416841090132,-20.3133928461745,-9.95951250224466,-10.2724734224679,-16.9969928006296,-9.97553112679695
"CD302",-9.00074835115143,-9.35560805446808,-10.9582064990977,-10.2985862302163,-10.7538319567968,-9.22607392360257,-8.73938008633228,-21.7436172045413
"CD320",-19.2272834598192,-9.52991512213716,-11.4910140866043,-10.3659720341625,-10.6653279724102,-11.3237466566128,-11.1399973103631,-9.58506007475122
"CD37",-10.424415456961,-20.9893151083363,-20.5823016799356,-21.6240900476917,-10.3653438143986,-10.6563868730723,-9.15129324731269,-12.6915780772602
"CD4",-9.76771775276373,-20.6554291865944,-10.8902046957238,-16.0934312598562,-20.4206027783785,-9.86966152029359,-9.89359533043475,-16.3551287607305
"CD44",-11.3862602689959,-8.6553597057301,-10.2767529301386,-9.11593984483679,-8.95045479553393,-9.47811938141973,-9.20963747816128,-22.7604402787164
"CD46",-7.98919522356298,-9.23931861855364,-8.89498805209678,-19.7203319090748,-10.148921287911,-10.245397923731,-9.20499417484871,-9.54897374786623
"CD47",-19.7921091905266,-9.27141504817199,-8.61894788748064,-9.87950926829324,-9.46268673740214,-19.1320097666297,-9.54149515836211,-8.71046444247955
"CD53",-9.75324674766826,-19.0608667133534,-21.8135736542971,-10.8265590958292,-20.0796894094429,-8.89997733773414,-8.07705033812686,-21.7949796019329
"CD55",-8.82737408584822,-18.5044505025448,-9.51729553069364,-10.7811322642208,-19.9051233320323,-19.6006975147844,-11.6485408540736,-9.4449797706632
"CD59",-7.20871475893462,-7.71830091551265,-8.60190046642393,-7.96443839524251,-8.18637876513155,-7.86834378612126,-8.25779634049195,-7.83425145773925
"CD63",-7.16226916390857,-16.9479484217836,-8.29994382369,-7.81130672947572,-8.25578118358728,-7.33778692987697,-7.27225817124855,-8.1962573000101
"CD68",-8.81376731320348,-9.89431019773276,-18.7590093184558,-11.1666020530099,-10.2628129873416,-8.95796549420286,-7.82657928445449,-19.4382138313646
"CD81",-6.92981150547469,-6.89611784175025,-8.02119935072471,-7.38749517353159,-7.31730991714043,-7.31157199428118,-6.93664528425656,-8.7280895615195
"CD82",-18.7314641636068,-8.14839604427396,-9.25944755050245,-9.40246084087135,-10.3295766768749,-10.0025415847491,-9.71163719309248,-22.2741744619475
"CD83",-21.8544730401614,-21.2620859773353,-22.6695999209055,-21.570971603045,-21.2304586615174,-10.0369833669852,-9.87274927710663,-10.3612751044736
"CD84",-9.38689472248593,-19.7030004142939,-22.3731234779567,-22.7079472067542,-10.672815914576,-10.229151571182,-8.80659699175958,-23.2875825032251
"CD86",-10.6475406337371,-9.92884026945054,-21.983675975751,-23.0625687137249,-11.5132630588953,-10.817882135415,-9.5994755784125,-23.4933360760166
"CD9",-7.86916800539683,-9.38706542434547,-7.84101071438328,-10.0582593132246,-11.3492975909192,-8.85739109580045,-8.16223598998366,-21.0378480550851
"CD99",-7.88203474850647,-8.74726021409076,-10.8480868758888,-8.12379805342119,-8.75077939357405,-8.34803300813047,-8.05751950961007,-12.7846630868112
"CD99L2",-10.1714830555827,-17.9923851751654,-10.248689718119,-9.88075578397613,-20.3300317373055,-18.3791160976294,-11.3891818359455,-8.60864908756645
"CDC14B",-10.8871547719363,-8.84876543024792,-20.9244924698979,-10.1025222414695,-9.5083556627971,-11.0642691889573,-19.8971642101953,-20.7895779962823
"CDC25B",-20.2931839651433,-9.10587891744368,-11.0416015378833,-21.9873218372252,-10.1985848800053,-12.0736602518578,-11.5815932661803,-11.4941200488331
"CDC42EP1",-20.7756855801365,-10.0837800064402,-8.72405666148515,-21.6433068757758,-10.2798169301456,-22.1687916601187,-10.5404559351004,-23.3055487298392
"CDC42SE1",-10.8196153826097,-20.8020342650532,-9.59874677152349,-10.8890852294914,-9.37868004385924,-9.0801958298601,-9.79834569952537,-10.8615219769357
"CDH2",-19.7206235140749,-18.402897767597,-9.98007172354044,-9.53586367358293,-10.3127493294584,-10.8659736906597,-9.7941897531844,-9.95056423814779
"CDH20",-9.76372533752251,-10.3253746027466,-9.7022034183488,-9.72975187180639,-9.34285747404085,-17.2013134441289,-12.5735048625524,-11.9902787889584
"CDH6",-10.0094291091566,-20.6903879538684,-21.8233895542804,-22.0424816731086,-20.6686931333157,-10.7183284349886,-21.9503652541761,-9.30753428557459
"CDK14",-19.0750319215168,-18.6530653329871,-22.0986711351962,-10.7911879603856,-21.0167200178371,-9.57342847429819,-9.44379746333871,-8.28145489619067
"CDK5R2",-20.1664784201359,-20.3487410845069,-22.161942587411,-22.4489159007023,-20.6364847552614,-19.9463959242917,-21.8039354712047,-8.96186886730738
"CDK5RAP3",-20.3409281057966,-13.0390267537834,-10.9450972846833,-10.2005164333347,-11.169843602743,-10.4768765153046,-11.2765307350079,-11.0494579026321
"CDK6",-9.86790267413162,-9.52584937908926,-9.96365838803534,-21.3631531847848,-11.1129723201117,-20.8621832439472,-10.788189166362,-12.2429479453376
"CDKN1A",-8.22197966656549,-20.0683143298224,-21.6272409431441,-20.9831481880338,-10.0833862360078,-11.4582197392808,-9.60533659554818,-15.7515268094325
"CDKN1B",-8.89105535990271,-9.48645632875906,-7.97394003343229,-9.13461172724195,-8.91661464283925,-9.00041437238053,-8.93791978506576,-9.58572061963929
"CDKN1C",-11.2157673326609,-10.4826904008107,-7.03557116625993,-11.4942871304572,-20.7518868658236,-18.2014257415753,-9.74551201430904,-21.6113375546879
"CDKN2AIP",-9.62489285991424,-9.96933403250185,-10.9579314451401,-10.7657377759279,-12.2434925378784,-19.3367449505119,-10.6016525177075,-11.4394995243389
"CDO1",-13.4227178638961,-10.9332461750295,-20.4522731237773,-10.8630511634139,-21.2838823892348,-19.6875664616612,-21.0335998916299,-9.36731538879874
"CDR1",-21.453217268971,-10.925569736055,-11.8274927240735,-22.9586414077185,-12.6368662183803,-12.212634763412,-11.3888046179516,-24.6219608536062
"CDR2",-19.3883874255881,-21.4280034377533,-11.6181917733519,-12.2416604996755,-11.0661244392128,-10.8371366270453,-21.1463148543802,-10.5358979686827
"CEBPB",-8.88163278927431,-9.51952801291811,-11.4397399096084,-9.26447116097394,-10.0320077629167,-8.41594088332353,-8.16590073322168,-10.343233036256
"CEBPD",-6.99480289275478,-8.48424416406142,-9.23277318466566,-9.5159572917531,-9.29512470851171,-8.270167462345,-7.4200991844203,-11.977368772799
"CELF4",-18.8043778725762,-19.3329723967435,-11.5775213308054,-9.85485922040976,-9.00069632375407,-8.4276446442028,-10.8590912782166,-6.99443714202681
"CEP126",-9.55956865348975,-9.43784116868223,-21.1369874385724,-10.2145343366098,-9.79295684441533,-9.96721071743973,-10.4455263648881,-8.99078047182077
"CEP295",-20.6118871599062,-11.0152353692391,-11.4781438629082,-11.9420375856256,-20.7717738157455,-19.1266721913471,-22.6883056471292,-11.5785579785462
"CEP44",-18.8397194429898,-10.4977205995549,-11.8558613348089,-11.2458932417489,-20.8644851890937,-11.7272308274751,-21.1729375980465,-13.0920736333974
"CEP68",-10.9250042459923,-10.379238319928,-20.8794092964633,-11.0166071535126,-9.96643244030222,-9.58676451731131,-9.9352811311427,-11.1694782620009
"CEP78",-10.2764986104303,-9.03241973672438,-11.4157993279872,-10.1661422404645,-10.6817012248793,-11.6765960633179,-11.2018659182657,-11.2525238858684
"CERT1",-8.95121817779667,-10.8161508292269,-9.74416038945663,-10.0196706792199,-10.0061805642747,-9.40979083091662,-9.45118629906888,-8.5203851787383
"CFAP36",-9.5313200905954,-17.4289780627563,-10.6275097357678,-9.38843893584795,-9.17875466308054,-9.36191974867744,-9.82301971270757,-9.00282667494747
"CFAP97",-8.42902027682386,-12.1641367541817,-12.4176291783461,-10.2992555433212,-9.8262602739269,-12.2572488678952,-11.5328519568569,-11.0919314270438
"CFD",-21.662219946165,-20.8237963604306,-13.2950607437038,-11.9374398982345,-11.7667733668445,-11.1282418577335,-9.62209934642643,-22.9761320584457
"CFH",-8.36050336831343,-20.467726802476,-11.5606428754034,-10.8646435600136,-12.6421268286752,-21.8360331654859,-10.4645321670133,-21.0719868123925
"CHCHD7",-21.28165963262,-19.0477744676586,-10.230164147975,-13.4168375980357,-10.5490976089716,-10.4025533659653,-10.7303380009282,-11.6410447475132
"CHD6",-10.8573862885608,-8.51289599077959,-10.4589093559075,-9.41228873719261,-8.92991849778824,-9.26012805716172,-9.27038369892839,-9.43179586990767
"CHD7",-10.8870132954216,-10.7017060646939,-9.7982163268156,-10.8625514043847,-10.7274439289962,-10.9717227369471,-10.7405093615512,-23.7014826223351
"CHGA",-13.0664002103955,-9.90643231163507,-13.1507365051474,-21.5920322786256,-21.9488282981854,-11.0828358369313,-19.1591181264193,-8.46782345090207
"CHGB",-21.7625128354502,-20.0315479901121,-21.4661869900485,-21.9414563185755,-10.7099020958328,-11.3347084138052,-11.1595706743582,-8.62798054713492
"CHI3L1",-20.9309251798914,-19.2192849645502,-21.8333944327582,-7.92764342082261,-8.11844693875066,-8.52432757938921,-9.91350052887154,-10.224373109787
"CHIC1",-10.3105631648551,-9.92763540053073,-10.5233588588544,-22.0463487852083,-11.1510653178669,-10.0547070935823,-21.5535443384897,-9.60020438226674
"CHMP3",-9.24316559302771,-19.5065694580277,-20.3505610332911,-8.99752447854621,-9.28571730660177,-9.49559616062212,-8.36861836000423,-9.11824403773015
"CHN1",-17.1096184890015,-8.47589712914755,-20.5050837548214,-8.80699097109431,-8.8276208928479,-8.56233842807404,-20.6512906756884,-7.49255368585923
"CHRNA4",-10.8579767822167,-9.80549073216462,-21.9612707145366,-20.4594152219716,-10.9135457544698,-11.5787504085084,-21.1816639094792,-8.71643605799812
"CHSY1",-9.44455960003421,-10.8271793526164,-10.9271674281849,-21.3975504984245,-10.1292468277723,-9.80571739761291,-11.9350156873056,-12.4503994809146
"CHTOP",-8.65053984085343,-19.0862672888811,-8.99572961256822,-10.4204873204647,-20.8594644502808,-10.5163689955811,-10.6887044524924,-9.73915973650599
"CIRSR",-9.45679210356976,-19.1901593436794,-9.42159913582562,-10.0522152670246,-9.39407798144233,-9.31140759080397,-9.65693344443826,-10.201366987677
"CITED2",-9.90919634296378,-10.217578411168,-20.0288204824552,-19.8812719260414,-14.9766286444305,-21.1391069516383,-10.1501190204306,-10.8589178069716
"CKAP4",-20.4749038722323,-9.82708334822348,-10.6589237110437,-10.7810661677047,-11.8998950583845,-21.4139994150498,-9.92825211289035,-9.32496842775933
"CKB",-8.18103529651678,-7.46954389244581,-9.35192024108943,-7.03878525084917,-6.9720910451177,-7.52641628103944,-9.39004929817933,-6.66588759930223
"CLASP2",-17.9283735261737,-9.01072421063909,-8.05042526469491,-8.77484836496537,-9.16653243272284,-8.76305002839341,-10.7495141290866,-8.1632817746458
"CLCN4",-10.6830688389663,-9.9910716371569,-7.64700108616122,-11.9994388667771,-11.0666201954517,-9.19430677376019,-9.20460850650318,-8.25488535463234
"CLDND2",-20.9163908676818,-18.9642328574276,-10.4535533562562,-12.2061071542756,-21.7573163371935,-10.9297281074474,-11.8011979284554,-14.7291916674515
"CLEC2B",-8.69408531651076,-10.8173268569763,-12.0709219359981,-20.5547176652867,-12.1205233543055,-9.9324548552403,-9.79174133951732,-23.1517421031905
"CLEC5A",-10.9892969011737,-11.3422703472188,-18.428350679238,-12.5380380722382,-12.1587310873059,-13.9247239541929,-11.4367655350261,-24.0672906551892
"CLEC7A",-10.1515440911362,-21.8768572929385,-20.3119893837951,-12.0591167932913,-11.347543003744,-11.4644305545421,-11.9506605595052,-15.1027464879839
"CLIC1",-8.83953683821842,-11.2711609734715,-10.7660764508063,-14.3309454592293,-21.6709232833331,-17.6874325900892,-9.27430370394388,-13.2115997597135
"CLIC2",-10.1835494120683,-19.6026681370938,-22.448069296982,-13.8645404424697,-21.3739374227879,-10.2983431128139,-9.44936414170917,-11.3880123154929
"CLIC4",-7.84493223391369,-8.53225286226131,-7.9252912096732,-9.44336890658912,-9.44609642263999,-10.5775030832695,-9.00636444450038,-10.9908100908156
"CLMN",-9.32633245599383,-19.6102334419352,-8.20009407199636,-10.1904352144971,-9.73136976226865,-20.6193873479398,-18.8506451067465,-21.9671098263233
"CLSTN2",-21.1464148260745,-11.1681467233857,-21.6996930292392,-12.7155983693752,-21.7387149355827,-19.1701268293905,-16.4896766011524,-8.94034160343226
"CLSTN3",-10.3125387868807,-21.1147464949672,-23.1143307023107,-23.0909755677439,-10.0094850747958,-10.0840449765875,-22.0259654924137,-8.94204822990024
"CMC1",-10.9222875049134,-20.0530338402553,-10.2931778220471,-11.2669503898289,-19.834830910698,-10.9973131729566,-10.6577049071143,-10.5932291973326
"CMKLR1",-9.36977526925788,-13.2476924664397,-12.2527304125166,-22.0235993315389,-21.6565189030072,-12.7200103928245,-10.1029072640732,-22.8185125787001
"CMTM3",-21.0651657889803,-10.1864229185288,-12.1617408025533,-12.8273681358974,-11.3696081191525,-10.8438266787988,-9.96899948316101,-21.8067409630314
"CMTM4",-9.24459068346037,-8.81012916183816,-11.0486238908982,-9.09064000131057,-9.95843176437362,-9.40794217275887,-10.4643261646372,-9.7911683852616
"CMTM5",-18.5464256472941,-9.13168542552599,-10.3835200595294,-11.4994296709805,-11.9645680308562,-10.3512550306088,-11.8584794174495,-22.8307707457789
"CNKSR2",-10.1502716050171,-18.2243157948656,-12.1912579992685,-10.256060975919,-8.98940253657552,-20.7464184904747,-18.7592131212791,-9.79709620331899
"CNOT9",-9.08887084211981,-11.2222339722584,-10.4929385337538,-11.0367199686566,-20.9825706971221,-18.7584184624257,-17.8388313668138,-10.776639028714
"CNPY3",-8.87300020365316,-10.2235929087181,-9.98091620241858,-19.3195431615442,-19.9140840758286,-9.94191612950727,-8.23568122830466,-10.3995572725019
"CNR1",-21.1239727047587,-11.2061176872341,-22.446638374647,-12.7208931409808,-11.1546238784759,-11.1389162469032,-20.8193160465991,-10.3261696383515
"CNST",-20.0466047007988,-20.658265615562,-10.3850792795131,-10.2836848843162,-9.72225034961051,-11.4814840954115,-18.9486575209932,-9.09175222874737
"CNTN1",-9.15688585453655,-17.2158464373355,-11.8258907146908,-7.87646247944632,-8.09071194706789,-8.5252980022428,-10.2162108141836,-7.1888652105873
"CNTNAP2",-11.286061278132,-9.80192090102448,-8.41124698717834,-11.8605793162675,-19.1163007413648,-9.44580783205685,-10.639491556158,-9.18947275642394
"COBLL1",-10.6505022683475,-20.9635344091503,-22.6440338336727,-12.3875289425415,-20.8130599497237,-10.9859510442444,-22.2675625277746,-11.3200108187487
"COL11A1",-21.6339435826954,-10.440307676004,-23.4839628063921,-12.3997459335471,-22.4281512770602,-11.0707767183535,-22.1572112244202,-10.9748049498703
"COL18A1",-9.37958341967052,-11.3385070978806,-10.3761037431421,-10.6876658760019,-20.4943483639466,-19.1608279714363,-20.1191023858143,-12.3885558326563
"COL1A2",-9.8186670786568,-20.3949185574745,-22.0676661839129,-13.7446776896613,-21.205712488234,-22.6246811668682,-15.2146893821819,-12.706893175083
"COL5A3",-11.6894319689345,-18.5835199711881,-21.4970524471429,-10.0378406833452,-10.6126278468932,-19.0372114632969,-21.113851013524,-21.9527153829516
"COL6A3",-19.1305739899396,-9.85673213433513,-11.0635161254851,-11.2107506454409,-11.7089385845759,-20.0221302583452,-11.4120394380833,-10.7856575229363
"COLEC12",-10.0881200528764,-10.3337925855129,-12.3665661314205,-10.6672951979898,-10.6704153087443,-10.738763786213,-11.432354808473,-21.9544367026598
"COLGALT2",-20.1782467757365,-8.38412268345483,-8.83489750922926,-11.075305177043,-9.88669164474123,-12.2994630136047,-20.8246153223507,-11.6497775384098
"CORO1A",-11.0045440970924,-19.064736392959,-19.9001992233311,-10.8838787957827,-10.3120875947163,-9.0454510808734,-8.66711514182026,-11.4836116941033
"CORO1C",-10.869414492068,-18.663596852231,-9.89095679922804,-10.455723851386,-21.1517225083127,-11.2026014727769,-9.80657942572704,-9.90041568405073
"CP",-8.25158010927053,-10.3176532039414,-10.8608683965206,-10.4479311995096,-10.9091516674984,-21.0576577430731,-11.5780411879187,-23.1515867085924
"CPAMD8",-9.53609580837125,-12.026203637526,-22.7984647770721,-10.6788141613683,-11.2568875721294,-12.3249570630032,-21.3543734176602,-24.0264239294187
"CPB2-AS1",-15.5205214454756,-21.7993316656247,-10.478137891302,-15.0068946253217,-12.5837086982704,-22.5029070542954,-21.9261641069739,-13.2327404928006
"CPD",-9.99776853959745,-12.0088655338817,-9.0332032160989,-20.8490047601414,-12.47433657988,-11.0067230007236,-11.6092710142593,-9.7637884314202
"CPEB2",-18.7792895357899,-9.69053041277259,-8.92449088737169,-10.3562675130659,-10.0885461246503,-10.2949931512907,-9.47776936596052,-11.8449673411175
"CPEB4",-11.6483708384083,-7.72469250583883,-8.56036357922912,-8.47750154361487,-8.06075306043398,-8.7182304575416,-9.91206059506949,-9.05258570197799
"CPED1",-11.054800686727,-19.2457588678132,-12.1843529026176,-21.2307920032735,-20.6822816408051,-10.231583907678,-10.1033328911253,-22.8212962816906
"CPLX2",-20.645023394316,-19.8586662919876,-21.846900533038,-9.6655739172451,-9.53301349081536,-9.46977458647405,-21.0905503755014,-7.07406421180793
"CPM",-8.84522786906268,-8.813398490086,-9.32714410663902,-19.1057126279052,-19.6901547332684,-9.52463669055474,-8.42431426074159,-22.5262792477015
"CPNE1",-10.099618917446,-18.5058897269484,-10.2433583759218,-11.4655673693724,-12.0583506700405,-11.3501732769925,-9.82743348565977,-10.2669404156602
"CPNE2",-19.0072399778903,-10.1373304453004,-9.5161128198567,-20.5338845118853,-10.2511868572091,-11.6335151907337,-10.2954993600968,-23.3709119030929
"CPNE3",-8.48622033620932,-9.77603102398664,-10.934045003876,-9.37434331496917,-9.97751461080675,-9.23987617637595,-9.6187500502531,-11.4954090277169
"CPSF7",-21.2762542236746,-10.5783039211001,-10.697211587286,-9.68228647940874,-9.97638786924138,-9.86410357508167,-10.8075453688873,-10.4591596182044
"CPVL",-9.05566714012387,-11.0856132153515,-20.195011494063,-11.8033164040317,-9.91693625376695,-9.32341134956213,-8.19560477958939,-14.8101328424691
"CRBN",-8.93910702205188,-9.62353920694306,-9.60492918812476,-10.0367642607185,-20.2567497571934,-8.82366883132607,-10.7487385505668,-9.14129713539312
"CREB1",-10.5444380958818,-9.87566231207206,-9.99053189005532,-10.4827512184891,-9.4621600193262,-9.97372945520044,-11.5117235873422,-11.3267580900827
"CREB5",-19.4285958448421,-8.15043416632612,-9.25467332401013,-9.790733436538,-10.738675494684,-21.4370636689796,-9.74418520238488,-22.5208468136161
"CREG1",-9.33609587387308,-10.2555362880301,-10.5184904988798,-11.7541002893023,-10.0015187287792,-8.52887312551424,-7.78927170066732,-10.3475606125077
"CREM",-9.18911439209301,-9.39778184440066,-12.443464696678,-10.8264807729725,-10.729128359665,-17.0356292106056,-9.27827025935017,-10.2533892124517
"CRHBP",-20.3155700775771,-20.6597409962729,-10.1793656390405,-22.9138819699207,-22.2135144114346,-11.1234196704943,-10.0070964076418,-13.2774397762832
"CRIP2",-8.24440611032443,-19.3876874860927,-13.3261323563919,-9.37931430662969,-8.90432360477094,-9.61992117192047,-17.475220549264,-9.9302031735034
"CRTAP",-8.52240756856869,-7.84473705578594,-10.1494872813268,-9.64853434015656,-9.37659216976266,-11.1020835173929,-8.52444256669587,-10.8056493767604
"CRY1",-20.0071420219634,-19.1302932802809,-10.5037712236338,-10.9560342449131,-19.8964925949918,-20.770504017469,-10.4292223808408,-22.7806011616357
"CRYBG3",-10.2347715446858,-20.8143669431975,-9.62465673581256,-11.2336684182488,-9.49028962519627,-10.5628381240589,-12.1915222552538,-13.1283661409149
"CSF1R",-9.16280897453346,-9.18907259283355,-10.8221705077948,-13.1942683221327,-11.2192327264503,-9.03363275148823,-7.73169409161454,-11.5589768175025
"CSF2RA",-11.0259427197108,-21.5827920833999,-11.1076096145334,-16.1978362362554,-10.9185836919035,-10.4704917870848,-9.89724390852685,-14.6462087556822
"CSF3R",-21.9641408475857,-11.5965351971634,-21.0060322628881,-22.2625538676666,-12.0954358419719,-12.3166808397587,-9.76650382249714,-12.0672230620948
"CSGALNACT1",-8.93513762623286,-10.1536230198309,-10.8430244357435,-10.4541136345559,-21.221233626399,-9.92195260528417,-20.6636791747448,-21.333232590714
"CTDSPL",-10.6701511978514,-10.0732868351001,-12.3177247759338,-10.5421536725642,-10.7372794851647,-11.6762504500567,-11.8839589469873,-11.0187841051261
"CTNNA2",-19.1034436471897,-20.5381725165789,-9.71542098671406,-9.82304210952241,-9.75065427723316,-20.0202706200833,-20.0084131143768,-9.75444310137952
"CTNND2",-17.2568128729685,-16.8273212941632,-9.10391480223645,-7.94743791331918,-7.3962414969975,-8.29476183804116,-8.29042274037203,-8.39589980748702
"CTSA",-8.71378625148236,-11.2054032251257,-11.2073301561339,-20.6388111970053,-10.3780179602948,-9.21120731229126,-9.05349929761263,-9.75139662650007
"CTSB",-7.9083340735367,-9.36408038160539,-8.80837239274052,-8.52612540263016,-8.05933193164482,-6.99706820656374,-6.36539817104587,-7.84088247037665
"CTSC",-9.37308882762333,-20.110890910688,-20.2041667975314,-9.97410153362843,-10.8261788558768,-8.74259107776713,-8.25647605523057,-11.3820103319323
"CTSS",-9.18726005284568,-8.15186701962312,-12.2778955682138,-11.1666423322046,-9.75855233690297,-8.32084948202631,-7.54198741494845,-21.1648506735988
"CTSZ",-9.49876732587547,-9.7443210650845,-20.8098190358717,-10.4063639859265,-10.6639763471564,-9.02184426127409,-8.41582499815513,-9.91240578973236
"CTTN",-9.29383804914285,-21.1169602572264,-9.51780514905587,-11.62741306548,-9.96107731364205,-9.26864027341216,-10.9736388017537,-9.74603163107915
"CTTNBP2NL",-9.89130364646379,-11.055104356104,-10.7840876357921,-11.746884252909,-21.071734005464,-12.6059338662823,-11.9128792611077,-12.2367404404108
"CUL1",-19.241217276306,-9.5040206220332,-10.169354641919,-10.6489334292653,-21.212863413429,-9.71560786016279,-10.4991666641329,-9.90957798572403
"CX3CL1",-12.1350523078204,-10.5597275592189,-22.7724098942492,-22.1329018562887,-21.1749240305757,-21.3984458385995,-21.822314189919,-9.83643281511698
"CXADR",-21.7998841625705,-11.1329632014007,-10.0017288458488,-21.9230731038519,-13.5819900365693,-10.9695055245141,-22.3528822083741,-11.3068351378439
"CXCL12",-9.77780452319319,-9.99109413220942,-12.3742692448182,-10.8747902449461,-10.9240118270976,-9.3465003267495,-9.5628793674476,-12.534357586132
"CXCL16",-19.4117171342073,-9.64058782388696,-9.94675313066525,-11.637705260806,-21.0108480049988,-9.24584036037854,-8.67396488791062,-22.4990720202664
"CXCR4",-13.6496101411323,-9.31540250845022,-8.91755518762679,-9.94229766535208,-9.76230281333007,-8.06700365335062,-7.72110086703014,-19.8481984785509
"CXXC4",-9.81750674610454,-20.4547614113922,-19.8328420049924,-9.70751591350855,-9.84096988854075,-9.55888325209364,-12.2545737191824,-9.02128967668223
"CYBA",-9.10475774064633,-19.9457952920696,-21.5684827377795,-11.5293356288302,-20.2652809930944,-8.38693138720735,-7.6174164316104,-10.8505226784876
"CYBB",-20.4357428085896,-20.6873839905652,-21.5495451801018,-10.415762967326,-13.4853296236075,-9.71163196438923,-8.46476183988129,-22.1713164994424
"CYFIP1",-9.18399825275316,-12.6591640407231,-9.74169772270775,-10.2246590164913,-10.2552771732059,-8.51025855676076,-7.93883911669746,-12.2116129333062
"CYLD",-10.0198170442953,-20.0826558186075,-11.0261108882816,-9.47541846475501,-9.427304937183,-9.63203498516311,-9.39886756804383,-9.04367008328345
"CYP1B1",-10.6071536949151,-21.6699381810493,-22.6278917453852,-12.7041320101078,-13.7463759494198,-11.531797698678,-12.3313128410767,-22.9827006288656
"CYP27A1",-20.7302176269873,-9.01343341795616,-9.05279954055055,-20.9874392438782,-10.3663183542143,-9.32269540912918,-9.06094032660681,-11.1557155652457
"CYRIB",-9.2568190656237,-8.82482604394459,-11.8842512307493,-10.0682759969936,-10.1420736457331,-8.93874038759153,-9.08762424581203,-10.2137579793425
"CYTL1",-9.7888664759873,-21.5677801151803,-11.4865050473214,-23.4195692479543,-11.455786095848,-12.2438707051548,-11.6333638215335,-24.3661546102593
"DCBLD2",-20.0961336737891,-9.702090228624,-21.0176178779922,-20.966661673825,-9.6074621447204,-21.1164232411268,-9.30895964115124,-11.0271844011989
"DCC",-20.2429593913432,-10.6312778003518,-21.247399875219,-11.0800408343869,-12.1481974336591,-10.3463181205591,-20.4763996132673,-9.8035950653795
"DCLK1",-9.11641705844244,-19.0776286192186,-10.5727359565703,-9.88220678731356,-8.74677288494842,-9.92204230916253,-18.5068664915714,-7.79946689386136
"DCLK2",-11.1696948947536,-12.1473558811566,-21.822683371251,-9.52223095251056,-9.82221000650282,-10.1078505664404,-11.1445874361027,-10.4043105187144
"DCN",-7.10452103843175,-15.2267448967634,-10.4121858568145,-10.7356061079592,-11.1130187938702,-19.8831874694009,-9.82245519173009,-12.6045759386218
"DDAH1",-8.91781534500599,-11.9246979842183,-20.69173467073,-8.31102455024551,-8.15684286965004,-9.29444988943964,-19.7962808021826,-8.42414190373398
"DDHD2",-9.35801904030742,-18.1981055838428,-11.2778820055206,-10.3287505315937,-21.3456360676202,-10.0104400511036,-21.3143863427192,-9.03854257282711
"DDIT4",-7.64029072427829,-9.09177016728849,-10.1699631834213,-7.57130349000745,-8.0177455826968,-8.1500713652249,-8.70504950045637,-9.51052028365612
"DDR1",-8.64965989170157,-9.33476037432193,-8.06129570286313,-8.79275922396502,-9.12973318899541,-9.19838678760353,-9.31720782397164,-10.545819856245
"DDR2",-19.3857366040289,-9.92921658589854,-10.629824769008,-9.98353792591893,-9.82216780871861,-9.58450114591816,-10.1422441209333,-22.0747543219091
"DDX3Y",-8.69748622062615,-9.30313642122007,-10.1860767779314,-10.6208140997049,-10.0379238833896,-9.07803734283734,-9.57907986075071,-10.0521419418321
"DENND10",-20.5938215085682,-10.2852173236469,-19.8546367809156,-10.1635691106987,-10.1833743382243,-9.86951648715863,-9.69135658921437,-11.0578188171367
"DENND3",-11.5976877156668,-21.5351871059514,-22.5346548446704,-12.5428275473261,-20.4895571663819,-11.637333884297,-10.1872820636899,-12.5678276498164
"DENND4A",-13.5309662093186,-9.84493494979291,-10.3949545018179,-11.6019590941042,-10.0483947112754,-20.7114351778005,-10.4610714996974,-10.6340424447216
"DEPP1",-7.97218100573626,-10.1960253927738,-21.8298476776418,-11.2285274468708,-9.43554284791291,-10.1227909824264,-10.084279913689,-12.7451155083274
"DGCR6",-10.2522035338608,-9.643112493327,-12.6167612706927,-13.0640315531291,-9.49165051138193,-12.8922644540351,-10.8342295874377,-10.1336473607513
"DGKB",-20.7844816119067,-20.1509274663015,-11.0326442288189,-10.4750877468067,-10.4105054981182,-20.372504053093,-19.7494122266662,-9.90496886368243
"DGKD",-10.9639853514329,-9.72801603950562,-10.9203999893133,-13.0281515730304,-13.625226845538,-12.4324943357565,-21.8597704560237,-11.4305293877332
"DGKH",-9.22724710793193,-20.2786159930873,-10.3279191086512,-11.6272760952206,-10.003403715277,-9.93358648683117,-21.9597033028017,-10.8055720126831
"DGKI",-10.5229458639981,-21.1728388253816,-21.0752169455621,-11.2337874827722,-21.9864728065925,-10.7880275050318,-21.6375645834391,-10.5141607010999
"DHRS3",-9.46743294055084,-9.13275495448375,-11.0744543123567,-10.5629045971895,-9.71806956572002,-10.8496535893678,-10.1213544931714,-22.2169695237778
"DIAPH2",-17.0733915577049,-10.8703065844204,-11.5762218357805,-11.119995106898,-10.1016186752073,-10.9201361820116,-11.4448765584803,-12.1480531749409
"DIP2A",-9.46927330264668,-9.96137108842344,-10.0016270147444,-11.3436805630608,-10.0467537253605,-10.6324907835019,-10.0372995782655,-11.0791718063898
"DIPK1A",-16.5155234222887,-9.28930512683619,-10.170723937967,-12.504157613759,-10.4331097636191,-10.7805364325471,-10.2763475025186,-10.9668370809264
"DIPK2A",-10.6096949246174,-9.84643862894831,-9.77168944286227,-13.7258302133514,-21.2046449689259,-13.7365120888011,-9.82192319908856,-13.8372837570704
"DISC1",-20.9966971125833,-21.6084608758384,-12.9661250815139,-11.5997630127852,-22.359638397506,-11.0462845680933,-10.2238147693249,-22.652793203581
"DKK3",-17.7681322670236,-9.10921943259143,-19.6571007959091,-7.62816009452505,-7.46910230430226,-8.26787341798192,-16.9871330109111,-6.71826274365053
"DLG5",-10.1247544372274,-20.8542432445613,-11.820028299039,-12.0590117472942,-10.2315451577331,-10.768909114542,-10.2038142491322,-11.5761905205008
"DLGAP1",-22.2152403353402,-9.98468263747129,-21.5523323980218,-12.0729440228215,-11.2345124497494,-12.5562518065975,-12.4533284802953,-11.1805945489282
"DMTN",-9.84293049382207,-18.9412926799713,-21.2639802511418,-10.2819807084647,-9.7418909112168,-11.3552536549185,-20.9553323215221,-8.55935459797635
"DNAAF11",-11.7262867045274,-21.5493657935268,-14.3797925423067,-11.3285225536845,-12.7456845382285,-10.7292371717316,-10.5866777038058,-22.8255541968669
"DNAJA4",-9.69443960133447,-19.1034168369062,-9.61741078257221,-9.7033018559331,-18.5501267203911,-8.65825530657333,-9.18016781807336,-7.96163309483109
"DNAJB9",-9.12323716991109,-9.10055662222276,-9.94310203133924,-10.5477275467881,-10.3961666379185,-20.2309346794191,-11.1591955296284,-9.19934810056575
"DNAJC16",-20.2492264203154,-10.5082121208932,-11.0730271208054,-11.0568049645875,-18.4311819389641,-21.4842508820951,-21.850810889251,-10.0669136825025
"DNAJC4",-21.047256841016,-20.844641685758,-12.5244894404316,-10.9431886926791,-10.1274687203723,-21.5448517956031,-10.7849109573267,-10.7213992894242
"DNER",-10.7672190985928,-7.59747696333007,-7.55138289350148,-9.06833100191575,-8.600760172036,-7.7592806487905,-8.89691538407907,-6.85724319143275
"DNM3",-8.88007917823108,-8.77645058752267,-9.3141871248507,-10.5046919565756,-10.4290577766373,-8.92534993426287,-11.65813512142,-7.97346922469837
"DNTTIP2",-9.53750639484518,-19.6276059381728,-19.1142076607375,-10.6728792677421,-19.1131949050225,-9.19680453564302,-8.82293690840385,-9.22687617639392
"DOCK11",-10.2306716051992,-20.3623340755303,-10.7906251659613,-12.0860085082388,-11.7961482426591,-10.0575191207307,-21.1131119628633,-10.3352585092738
"DOCK2",-11.176775809575,-10.5136755160055,-22.8266475085457,-22.9577563571993,-10.6838070929003,-21.2413293892085,-9.96882412551124,-23.3923125796739
"DOCK4",-9.53274276470981,-20.0025182113221,-10.5754647480891,-9.84154449547463,-10.2219219269639,-10.0403441499915,-9.00176766838912,-10.2758272971662
"DOCK8",-12.2471375595114,-10.0324623277723,-11.5614299719661,-22.2866368959246,-10.7979009365763,-10.791026915838,-9.40865123464406,-23.0259954628902
"DOCK9",-8.44276941285018,-8.22306163267107,-8.72500830209959,-10.2247812289314,-19.6955889409237,-10.4648314204709,-19.6955717002091,-9.52211954671342
"DOK6",-18.941346239888,-17.3534647434325,-20.6954776629523,-9.68999255935342,-9.41895456768554,-9.87032998093646,-18.5452544888772,-8.77335726859154
"DPP10",-19.6733974506784,-10.5741504722214,-11.4898009690496,-12.3130151261298,-10.607471099267,-10.8551142885547,-14.2013017223647,-10.4754721683913
"DRC8",-20.1410505248399,-9.85033252404374,-10.5191945134202,-12.5264682908202,-22.1660684770642,-22.2667739721025,-11.0263736058542,-11.4182289337171
"DSCAM",-21.0544670948954,-9.40663994929927,-20.0010045221357,-10.9320184922756,-19.1468742874461,-12.2251418576259,-21.0564532887767,-10.1964043112119
"DSE",-9.35136768279966,-9.92172699947502,-11.493477027542,-11.177992184814,-12.2571194339989,-21.3775337305168,-10.4361147503577,-22.5198819388629
"DSEL",-9.61837253491167,-9.42788006043763,-9.98751953339743,-10.3318892934267,-15.753018143905,-20.9130385761517,-11.7792601875676,-10.1347766210485
"DSTN",-7.92552077843029,-8.78069885938354,-8.79889802562593,-8.40492973109206,-8.59330292279743,-8.13014683361235,-8.65305440754107,-7.32528042155984
"DTNB",-21.2854336150822,-20.1394254299246,-10.5738353749637,-19.8198670291739,-22.1871562433407,-14.2305141572879,-10.9608209278381,-10.3308250542957
"DUSP1",-6.83899172721747,-8.89806089236576,-10.2924617178282,-8.61438383123285,-8.21460755752337,-7.86460239381675,-7.18045973512775,-11.1005606964812
"DUSP10",-22.0091275817206,-10.2003105380845,-10.6079954440237,-22.2976040309933,-22.5093194401323,-13.0224183890328,-10.5605525508112,-21.9502279800407
"DUSP16",-11.0210466362933,-9.79283898208781,-10.3231611848499,-10.6156775275014,-11.4655379694297,-21.4239212764927,-10.6150795371447,-11.8549888071612
"DUSP3",-9.15236005805506,-9.51918565013292,-9.20142168913833,-18.6136196692505,-13.0422018484483,-9.26765933549915,-9.48469984247997,-8.96911024249653
"DUSP6",-9.08449272171738,-20.9863055787551,-21.3446824793046,-11.7942676108099,-21.3515435579985,-12.8953168444458,-11.1748603283791,-23.2693729171547
"DYNC2H1",-20.890661772784,-10.5412669375986,-11.1205960396314,-11.2206585571789,-19.5842684780679,-10.881621297808,-12.2264921750557,-11.0278123075011
"DYNLL2",-8.53616638817392,-8.1221945969391,-8.28852134924843,-8.34659326504818,-8.78853044601206,-8.55456517558537,-10.0794987840077,-7.20235445582932
"DYNLT1",-10.2924700634479,-12.3416462947646,-10.8439353816604,-10.0316391224411,-10.2524652487634,-10.8142110373805,-10.4755744400163,-11.5281592504654
"DYSF",-11.9300837392937,-19.3043887262797,-10.3818701545652,-22.9570178992085,-10.3398762192085,-12.7280772233795,-20.2132872663555,-10.3978830759287
"DZIP3",-20.7866833420518,-11.1348164053668,-10.4367945752435,-19.9375632604831,-10.5806657777428,-10.0984977742985,-9.8488886760307,-9.39765538115198
"EAF1",-10.0644592270725,-10.3592182471353,-21.7920685499757,-22.5286519381208,-19.9691628932227,-11.1734794261624,-10.714709487871,-9.49609511098634
"EBF1",-9.49435154394137,-10.2781273154312,-13.0214002766301,-11.9690008365374,-10.6682492976222,-16.9718026228853,-11.0492198849633,-12.4269327748269
"ECE1",-9.57860304645579,-20.9395533170243,-9.97240491648734,-11.9621108137384,-13.3226955782749,-10.4197901737714,-10.6815075312356,-19.748760294129
"ECHDC2",-20.0045483677166,-9.98728877651086,-22.6882041178252,-10.9438011542194,-10.2182271382737,-21.4182429256324,-21.2901417213467,-12.1978673917435
"EDEM3",-20.0984832475111,-8.74164851413058,-10.8660622622191,-10.9955304442688,-18.8386892436271,-10.3200160716001,-10.3882939457216,-10.0672744776512
"EEF1A2",-19.8044254149624,-9.6844121906473,-20.7986494862758,-14.2008329001625,-10.4407337141311,-11.5205318936831,-21.1363176875195,-7.29693735892836
"EEF1B2",-8.28778318477067,-8.47398823253647,-8.25317249296982,-8.23328372066178,-8.18255530697977,-7.83104202592212,-7.00461675339951,-8.67646959642205
"EEIG1",-10.8082841727823,-10.2282394158878,-8.29877846612211,-10.3937012261113,-10.9078431518231,-10.2219307411649,-9.68167474328517,-9.9943880538896
"EEIG2",-11.1922125655241,-9.1670163804245,-11.6104915917159,-20.2230760394666,-10.7344818373958,-13.8288686470855,-10.5722018853345,-10.107033191364
"EEPD1",-10.7728750474486,-17.9042730606476,-10.8107319955776,-22.7746791960199,-11.1497725980678,-12.0845577631158,-12.3251572000678,-11.8037794106944
"EFEMP1",-9.71632355488986,-19.3607642772314,-21.587499237016,-8.32407159224021,-9.31688798054961,-10.1893689990344,-20.8514005469292,-12.2185351043324
"EFHD2",-10.373668466434,-9.36884089348551,-13.1244842495641,-21.9906871961473,-21.9220475411699,-9.93781891483589,-9.77369217698527,-10.6334637357389
"EFNB2",-21.0922064323927,-20.0370188994969,-11.5477118373231,-12.09973315814,-20.0961710977518,-10.2264634753139,-22.078139220358,-10.9649497478278
"EGFL7",-7.77711347953046,-9.44804155372145,-12.1410051745212,-21.2067025798426,-10.9595095447283,-20.2459530065229,-11.8156692400018,-9.29544039456838
"EGLN3",-9.35717653676232,-11.867977994412,-9.20266988236523,-10.2757830954321,-9.09201479889261,-9.76378737545983,-21.0092921312046,-10.4586405471159
"EHD1",-13.2917385303684,-18.3983739648433,-10.0152425087526,-10.187669490158,-10.8654319738156,-9.62537438723353,-18.5559799002161,-10.3834296008686
"EHD3",-19.9645603701429,-9.724537038736,-21.4136689857721,-10.3977000369899,-8.89868072777208,-9.49000775174226,-19.751048563982,-9.00832473364935
"EIF2AK2",-9.26662888465204,-19.316147340707,-11.129882815077,-9.53454365398011,-9.16833015864221,-9.51201427342235,-9.01190157597861,-9.41150703998049
"EIF2AK3",-10.1267455896082,-11.8033840820972,-10.2812666906785,-21.8107035288084,-11.057610653305,-11.0965440886276,-13.0315715528755,-10.348396927493
"EIF4E3",-18.2174784793108,-15.5227249957865,-9.56795362447117,-10.8780574617553,-10.6770656938321,-9.83961356917627,-21.1467236625399,-10.1385703991207
"ELAVL2",-20.1888431554299,-8.18646015892019,-21.4463794656338,-13.5599341122706,-10.2658672779032,-12.7827249368119,-20.3404957553825,-7.50368189472535
"ELAVL4",-20.7515174243424,-10.0305536232859,-10.7280348276049,-10.475586647135,-8.67173562342323,-10.254254181112,-13.6615522135871,-7.2168633030715
"ELFN1",-20.2474589165973,-21.1404703253173,-23.398277777333,-21.3075676789338,-21.7869326862407,-9.88019859398168,-11.9785251794101,-9.91872477827149
"ELK3",-10.0581451763414,-10.5292931071651,-21.0703673774244,-11.1701226471736,-20.080625878672,-10.046381575062,-9.6396059561258,-21.4532083043566
"ELL2",-21.551154130121,-10.2556792831868,-9.56656546834071,-10.1574441762356,-10.4597819091837,-9.32928574044963,-9.02918776991429,-11.7926210839468
"ELMO1",-9.91158838325996,-18.249464084782,-7.77059570457409,-10.7627619083427,-9.15755730664215,-9.30051350893537,-9.51602910129933,-10.1600388683765
"ELOVL5",-10.5558545462331,-8.34238460137131,-8.81453981127918,-9.4339315189205,-8.24111085270945,-8.72029411392874,-8.6969562908868,-8.27086916815564
"ELOVL6",-11.0869214273502,-9.39541179088789,-15.0153192375361,-11.6534037734975,-9.80153478337722,-12.5143551938399,-21.0655337091356,-9.71589263784769
"ELOVL7",-8.47190774550061,-10.7380356019792,-10.365253094665,-12.1137948297295,-18.4854589816341,-10.8592046297865,-10.6476357458225,-10.2014159675429
"EMD",-8.98229393045743,-9.60816152422449,-13.2072153905122,-12.344610606528,-10.657774296697,-20.5535849798346,-19.4648153385919,-10.6366537270802
"EMP1",-10.7953000715752,-11.2415824974862,-22.3244386752758,-10.1732549262384,-11.0003104234603,-11.8956274086148,-21.1919594135245,-11.4942286809701
"ENC1",-21.3234821614416,-10.5427397409951,-22.946532067545,-22.4229651386056,-22.3088133318497,-13.1647959411753,-20.0651106123164,-9.27688952773594
"ENDOD1",-9.66314675371586,-10.7781116580289,-8.92204269094487,-10.2368859454459,-10.5698142522774,-13.4294444859241,-11.1179340271976,-9.28723154274803
"ENG",-7.86198156787361,-10.5608322085243,-19.8860853274894,-11.5976838400055,-10.2138218849226,-18.8069403318068,-9.80947631110271,-22.2067076524034
"ENKUR",-10.7544642218452,-20.8279821709053,-12.2213337581143,-11.3079927914648,-10.8562258198704,-11.1334243689975,-10.8438680347914,-13.5282552825557
"ENO2",-18.1025140879967,-19.2398063470166,-11.5907213392515,-10.9807796089598,-20.1164143137005,-8.73247113016104,-9.44458698886416,-7.16236521429986
"ENOX2",-20.8122667148123,-20.3978393447499,-10.4167790370918,-12.7811559898153,-21.3286230007441,-10.9303273280046,-10.6080603170134,-12.296915597966
"ENPP5",-10.3544942908553,-10.018565699821,-19.845171311536,-10.7894313877273,-9.56375695844707,-10.2199652919001,-12.7628655825763,-9.0584960862386
"ENTPD1",-10.5877185383074,-19.8284716442702,-10.6558438326988,-20.6629084790196,-19.7930031573068,-10.5780137596721,-9.41123767998028,-13.6118635916419
"ENTPD3",-20.8376427364018,-17.3906588193076,-22.4887853461909,-22.5197294397944,-12.1171904591253,-10.8680846576813,-21.9752256466675,-10.5794599371822
"ENTPD6",-20.1778730917696,-10.5226920670076,-11.5203279559401,-19.1786132247775,-10.9009329251335,-13.0062906671583,-12.9582436770339,-9.18264358272868
"ENTREP1",-10.9885428382167,-20.9334988052765,-11.5561570684985,-10.8022940310805,-10.5467786506433,-9.68475433213504,-10.789335429377,-19.5472272474579
"EP300",-11.2180997202762,-9.71882863129797,-9.3092688476293,-9.59675387471682,-12.1083567103627,-13.9293300069545,-9.79550925629486,-10.495996726291
"EPB41",-9.93154423756627,-19.3851699086529,-12.0016148127864,-11.424038524178,-9.60575494928287,-11.1821529439868,-10.4105799842628,-10.5901969260198
"EPB41L3",-11.3171867432446,-8.46136405874811,-9.24475395547603,-16.0478015630296,-20.7457460001332,-8.85546600036659,-8.85672899551895,-7.85521967427762
"EPC2",-20.7581618622911,-10.0091780737457,-10.7106589500618,-12.222635506851,-22.1178998822399,-10.3776953367661,-10.5410616949733,-11.4450833552627
"EPCIP",-10.5469693669749,-18.6393853988304,-12.3135713541308,-10.2694389662989,-11.8975676219583,-10.7902937006045,-21.0332213751872,-20.3097628488147
"EPDR1",-10.2299812650316,-10.696259089848,-12.3350404851778,-21.8870133744579,-9.09789713756591,-9.66119977709869,-21.1592776559102,-7.94939126178765
"EPHA5",-20.073236333465,-15.4757192341619,-20.7442941847259,-20.9448507221591,-19.4034271751578,-19.2964528645127,-14.8170443713283,-9.42823215671978
"EPHA7",-11.0071465855534,-11.0217592426142,-14.2403380746437,-22.3541259428111,-20.8824448195284,-21.8420764888068,-10.9217654909392,-11.7458356340901
"EPHB2",-21.1603022766526,-20.7012867061769,-11.4518985221586,-22.0575394965458,-21.0936605220559,-10.9774887458243,-11.1349927533332,-10.9167858645062
"EPHB6",-22.5252922259974,-9.77396016173603,-22.5173680931396,-22.7630204056779,-12.272960268117,-21.4601452899761,-10.9949645825277,-11.6187128551616
"EPHX1",-8.79053984808884,-15.8293427319465,-9.89302619231604,-8.20178643800651,-7.92249210428041,-8.9834881971865,-9.64121289238193,-9.41011061103098
"EPHX2",-10.3575613566541,-11.7630217053669,-17.3290789110528,-11.6121476735085,-10.4752394631138,-10.2246424130223,-10.5733253048412,-10.7877654323704
"ERBB2",-19.9419925013132,-20.1831014189546,-13.7541823175975,-10.6438910263409,-11.2963656526701,-21.0138128926792,-19.6338740791801,-14.8890418038263
"ERBB4",-19.614274674938,-8.55688641927007,-10.3863971841904,-9.62055710078172,-9.9739970175318,-9.86883860843138,-21.5750629263162,-9.24995086965126
"ERBIN",-7.53726274146974,-8.8997321894221,-7.28930746638286,-8.05546602981205,-8.01651472388458,-7.99149607717529,-8.96064896643965,-16.9943623690202
"ERC2",-12.9529786150356,-18.067324942531,-18.7009135477701,-11.2052410776097,-18.5699447358498,-18.8914257877492,-11.1564361765285,-8.70426311207359
"ERCC6L2-AS1",-11.6055727229652,-11.3664831768285,-12.7468503003927,-22.5761752985987,-22.1089357376257,-11.3877754200478,-10.3497511282151,-23.9845682878885
"ERLIN1",-10.3181203543975,-9.22265944287019,-11.9843124043936,-12.6247522221087,-18.3453799591164,-21.1107018506884,-11.9558225099858,-11.5363831512691
"ESRRG",-21.1713630416035,-10.5612383117642,-11.3861100918368,-11.8088997719444,-11.6573358396795,-16.6194923114645,-22.1404760701395,-9.92327989879851
"ESYT2",-8.78502847032153,-10.584899599891,-10.8001564411111,-11.5418176815671,-10.6782817872889,-9.38486079578821,-10.0006843150012,-9.75212883138161
"ETFB",-18.0040730261995,-19.8310058901464,-9.72117080059276,-9.41226211608578,-8.79651870692464,-9.57827155889682,-9.28855375932714,-9.17360144526331
"ETNPPL",-19.1983766302631,-8.55455425309846,-18.8887446898157,-8.22781727943798,-8.55310267712678,-9.05792572997574,-19.5127813750832,-11.2227265742318
"ETS2",-8.03501592373387,-9.72157313715204,-10.2041483763691,-11.2123823065744,-11.6671131931312,-9.17605967961523,-9.07025655533427,-10.1636812876069
"ETV3",-19.9806916963701,-10.2054494485674,-11.183641458929,-22.5153665031009,-11.9721713047404,-11.6448218304122,-21.7646620604349,-11.7833709807585
"ETV5",-9.83154498863148,-9.802204805886,-9.34879836537508,-20.9902189365284,-20.9124366322657,-9.80841705734747,-10.0952720645138,-10.77486769902
"EVA1B",-9.26939908593165,-20.2092238055798,-11.0620496062605,-12.2795796297859,-11.9138652325825,-10.0692929698109,-10.3960788790905,-12.5352519986646
"EVI2B",-16.6044913097489,-10.4303705808315,-10.2384877511633,-12.8688807374363,-10.7472836864165,-9.70642567600657,-8.97730538040242,-21.6439571993874
"EXOC4",-10.491276837682,-9.88162542583344,-10.5109146884223,-10.9388938968963,-9.97210892402091,-19.8259460010715,-10.8790117263128,-9.69594061360207
"EXTL3",-11.8041754641724,-9.8775673102622,-11.2290041536161,-20.825370311962,-9.78201330875717,-9.80594778001478,-10.3795272119008,-10.0198547104149
"F3",-9.32240685688737,-19.5444743508019,-22.8652730146893,-11.1764636364969,-10.0753493344725,-10.2622204399177,-12.7257937996921,-11.7882404978391
"FAIM2",-11.6931618437273,-7.85356243154576,-8.3669414071205,-19.6388922213881,-9.6218910924193,-8.47383597739335,-8.66220863469577,-7.47806119613136
"FAM107B",-8.30422087557236,-9.02377475133836,-7.39482265938916,-19.2637727059279,-10.8001300053513,-8.7622604576968,-8.93316071111064,-12.0198286341012
"FAM111A",-11.1425237122686,-11.0006876902721,-12.3168983245854,-11.9037814725735,-20.8106526582772,-10.4858593762907,-11.2640959992003,-22.6538090063611
"FAM120AOS",-8.86565734394889,-19.8507887038314,-10.8269756481971,-10.0135645379909,-19.9605485528311,-13.3818876933705,-9.69939786250394,-10.468486680931
"FAM13A",-9.9785623716454,-9.51260980388571,-20.7287908177395,-10.340743941739,-11.5079306754405,-11.6236299276802,-14.678998667957,-10.470893571489
"FAM149A",-11.6662591014683,-20.4266731842265,-19.9868325667685,-12.9026376697291,-21.6601482893494,-10.6429024444763,-10.6748253433849,-12.1110202121952
"FAM153CP",-20.0605935836455,-19.953774932038,-21.2350854745069,-10.8626805827775,-11.6492466251346,-20.6901455177435,-11.3751208387469,-11.146061741216
"FAM169A",-10.6968414920096,-9.54321132367178,-13.3538529514518,-10.0456310971646,-10.5306628109159,-11.4255336022441,-12.0872480708003,-9.29118566688263
"FAM184A",-21.6100562011116,-11.2342823158738,-18.6520620890003,-11.294639956848,-10.3556365761064,-11.8139862535925,-22.7242147763626,-10.9010830798001
"FAM222B",-19.6747039053231,-18.1790578258935,-11.2443897101117,-11.7185614044804,-10.2058084334966,-9.92503179075051,-11.4712975860821,-10.2585672617263
"FAM234B",-20.0603634839287,-17.7929208230411,-10.9047107412838,-10.4901712307763,-10.8605217659229,-10.6620818569391,-10.6419271135502,-9.89476439051852
"FAM241B",-22.0516672553954,-11.4250853896681,-22.7978052381454,-12.5421910972973,-11.6976594204628,-11.7580026278356,-21.10173080763,-9.94808991451536
"FAM89A",-9.29553536041669,-8.80286695202004,-21.5068502572827,-9.1636611249263,-9.554096628885,-10.0480505822375,-9.99579388804935,-12.7860981465182
"FAR2",-10.2107915910386,-9.91945004523254,-11.2944516312041,-20.8757660713948,-20.7122331788598,-21.2656913545441,-11.5012255789097,-11.2671122146555
"FAT3",-20.1888792880694,-9.6337387763595,-11.6435609717464,-8.72623753542241,-9.08467372950296,-9.82783305961665,-19.4512240383298,-10.0363574489488
"FAXDC2",-20.0081452826522,-9.42691953230767,-9.18270466470403,-10.8696004854006,-13.4314834658096,-10.0843384713695,-9.33223177131755,-11.1802040222774
"FBLL1",-20.6288962744798,-20.6298015028371,-14.0783213894563,-20.9738237543738,-10.0179939722963,-11.0151419306795,-11.6607866490981,-9.00524183922559
"FBLN1",-8.90650342038833,-10.7006202850937,-22.0126466693372,-10.7320777752028,-11.1046476718584,-22.0495481677517,-13.3538825932216,-13.1065850007643
"FBXO3",-9.38910201130723,-9.40259655136417,-11.5860737126086,-10.168977173958,-9.71397226266217,-9.93725190525305,-10.2626388047082,-9.39791595123983
"FBXO32",-18.9125834183493,-8.08017148002767,-9.18661753759855,-10.2022202536559,-9.32932763797323,-19.5342847813009,-10.6762902896354,-11.2116612595536
"FCER1G",-8.44932617922485,-10.7328159049406,-13.5414604327927,-12.4395112057002,-10.2675312270489,-9.40068277559484,-8.19231653842434,-22.5119022904785
"FCGBP",-9.83868133518237,-9.43180988519225,-12.2557721076618,-20.6283449464207,-9.60024525406363,-8.34871868809378,-7.99498875168936,-11.5954769336022
"FCGR1A",-9.86289539335334,-9.54431055726924,-14.2741516160708,-21.3723049277517,-20.1592231724222,-10.4535672513303,-9.71529311817566,-22.9282590132406
"FCGR2A",-9.25014785266927,-9.13597207497106,-11.6763846083143,-10.7440217489868,-21.0482659792003,-8.66275531745159,-7.9493593315124,-22.0962082036529
"FCGR3A",-20.1026128068763,-9.63340186020109,-17.3940066073045,-9.45390482974295,-9.54198996783363,-8.14588682378928,-7.55134285079293,-11.2109968089792
"FER",-20.490642876754,-15.2699907514475,-9.84998768300526,-10.8283265147545,-18.7503839863899,-11.1362055282851,-10.9085371007405,-11.2810072291896
"FEZ1",-8.38611006147566,-8.20089230138247,-6.70247081460567,-8.49701174171211,-8.11358742354692,-7.97083130174289,-8.26848061836227,-9.07355441395412
"FGF12",-10.289901505397,-18.550787138844,-20.0789268879648,-9.37745408600854,-9.03103645455137,-8.93924368898775,-19.3293639087561,-7.80367626630231
"FGF13",-10.8730757724675,-17.0709347332482,-22.6562137883178,-13.2681397251847,-20.945310009159,-20.8072461630957,-21.778707225048,-8.52426779287895
"FGF14",-10.7782134292337,-9.79092947771162,-12.1370699082786,-21.7784776672879,-10.2950280192559,-19.7161822538679,-14.1002757384886,-10.2304395583215
"FGF2",-20.8770091723282,-21.0960305437417,-21.8934996361094,-9.07742866562063,-9.19802404372972,-10.032403670564,-9.82298104380895,-10.7883148426269
"FGFR1",-9.77846888560347,-11.1267913976411,-11.4699276847741,-9.949173993767,-11.3024964330621,-15.8877580230865,-9.88923073213153,-9.23402525492383
"FGFR2",-19.7427792677187,-8.78730025398776,-8.00488400829063,-10.0438663176308,-21.0786366235005,-10.4873704608684,-19.0973124906352,-12.2681140592687
"FGFR3",-10.7327492322665,-19.3917970237439,-20.4017693663889,-8.8678456757831,-8.43709312252429,-20.5568488851129,-20.5876367895503,-11.4107738153325
"FGL2",-9.29367193864624,-16.1671217862227,-13.0062310728575,-11.2145578988973,-11.1453299244207,-8.94478966949118,-8.51761157575333,-11.2717201155212
"FHIT",-10.0662333099484,-11.2124820035002,-20.4910650148831,-20.3865014637879,-10.5011080269701,-19.9116918247491,-11.3066464975742,-10.8266525973302
"FHL1",-9.9823392817141,-8.80918032756622,-11.9818990901009,-9.28507826530584,-9.93983332712455,-8.82117858500587,-11.0747309783998,-8.15839538933105
"FKBP1B",-11.3756866933702,-10.6405687872606,-21.6641719681976,-21.7531252266049,-21.4166054377819,-19.9439442289619,-21.8827883332181,-9.64048220981667
"FLI1",-10.4135560535644,-9.60580185982312,-11.1891285807258,-22.2640153373509,-19.9868579101746,-10.7992762933908,-9.80212266535091,-12.2733349859296
"FLOT1",-17.1875661121348,-8.37943249159276,-8.93723324433649,-10.1676271161764,-18.957220203451,-8.99617911331238,-9.30257984083644,-8.67522615403781
"FLRT2",-17.2417384294144,-20.2315136429324,-18.4643715132409,-10.1390988977789,-9.47361813800996,-10.6670447639162,-21.6955013830129,-9.22305972155891
"FMN1",-10.5477301612427,-11.5606611282731,-22.9714331289298,-22.9845281988563,-10.4281761442791,-10.4369763006553,-10.4744961333766,-12.0854957993895
"FMN2",-12.3979936021148,-17.2044274395479,-20.9368362542309,-9.2543298341608,-8.89222678419203,-13.7026273643951,-10.4762619940459,-9.93396285835145
"FMNL2",-8.76200673323704,-18.3449385627912,-7.1384408422393,-8.28873581147878,-8.07078431024052,-8.61821078184393,-8.48510093788432,-10.6439219316527
"FMNL3",-10.9872943667412,-12.0533858493948,-22.6545162750218,-22.2045194162324,-10.0726037199302,-9.9007882785566,-9.95908113735759,-12.6800319070998
"FNBP1L",-10.1328739962872,-9.13757986814893,-13.4540771871404,-10.6399550694227,-11.6932017592546,-10.4442494318296,-10.5106762793894,-10.2420692285431
"FNDC10",-21.0434857749672,-11.2110671865893,-22.0883124748402,-12.2829846722686,-20.4922190770208,-10.834169003114,-18.0854993688636,-9.60588319314498
"FNDC3B",-9.89712789544546,-11.4216842512484,-11.3003719996648,-10.9811526887716,-10.4487001608526,-10.90933494301,-10.0806510493589,-11.930301699946
"FNIP2",-9.43580812027787,-9.47162535613855,-9.02262970866133,-9.98521298100961,-19.4378380799555,-9.60584178605135,-19.602300141604,-10.6252457810827
"FOCAD",-21.2023394191552,-11.1194056003342,-22.2176093644694,-11.8163854903282,-21.1432710889222,-10.6760626402162,-12.3565158665873,-9.69665609674866
"FOSL2",-8.87316670919175,-10.7788898169212,-12.6242282545588,-10.9871160876446,-11.7967053699528,-11.8179349567243,-13.3346005881041,-12.6090466496829
"FOXP2",-21.4976431498902,-21.3017390353249,-23.0927999219125,-11.3113405728241,-10.9563097564485,-20.946876502808,-22.1481028828729,-10.078518476985
"FRMD4B",-19.6837536124549,-11.1469855448448,-9.01612656621199,-10.8065935163255,-20.56643232898,-10.888088735818,-10.6818800928256,-11.2456984265727
"FRMPD4",-10.5800038203625,-21.4492462644453,-22.5716089788791,-21.0081698635574,-20.6784895516496,-11.932934294483,-20.5897798587448,-9.76130355184244
"FRZB",-9.16654176443614,-11.2316934594452,-20.7537940959883,-11.9303453925609,-21.9789383726361,-11.9968404209562,-21.834894680804,-11.2901747074588
"FSCN1",-9.9970493389842,-8.59183945105996,-8.22126015034384,-9.70358567146879,-10.5308702484986,-8.19755507820623,-9.16495218535241,-10.6862249507113
"FSD1L",-9.40117837796068,-11.9196296379827,-22.5138863618641,-22.1712575485031,-21.1422345535551,-11.180741656774,-21.1472746007049,-9.66754405809231
"FSTL1",-10.5257053750207,-10.748818658365,-19.4633721864547,-10.7141141709324,-19.4779812632005,-10.3346962306942,-10.6011780829794,-11.6906799122769
"FSTL5",-10.9391794112306,-21.3686568811645,-23.5390720534659,-11.9367555701325,-11.0545200480747,-11.597403896564,-22.217966327563,-10.522106779138
"FURIN",-21.3591473468237,-10.492934658147,-10.2796810891142,-11.0790065284986,-20.990691759835,-10.72759689282,-18.5570299377337,-10.8263998610012
"FUT8",-10.9670244961729,-9.57504720534421,-9.41995592258844,-11.2631161084421,-10.4682042079739,-10.5660383886664,-10.0096898770927,-10.82398436808
"FXYD5",-9.94960105895515,-19.0730956947584,-10.3231969884853,-12.6225500024191,-20.7992345707296,-9.92019880856902,-8.84454746927056,-22.4443510224352
"FXYD6",-10.0567089829581,-9.03208366076236,-20.2936107079191,-10.6363796773808,-9.85419607538567,-10.5265201744948,-21.2318886159119,-8.73075360344897
"FXYD7",-9.23934032850611,-20.4905236331016,-11.1538142321846,-11.6591927600696,-20.63066057586,-11.6376924051644,-19.90356834247,-9.53096943376186
"FYB1",-10.5634984320469,-11.2574625946724,-10.6830470679713,-10.9008182207053,-13.1708298298374,-9.79500330671582,-8.9235359969571,-23.1859928773127
"FYN",-9.06895255540751,-8.23180423355968,-9.39686688008415,-8.61691882518812,-8.75769473999437,-9.75552283338026,-9.1743341004424,-9.08354368005002
"G0S2",-10.2081244035447,-9.74666618479304,-11.279299964092,-11.3044458549285,-10.4808142621208,-11.330369199121,-11.1869658198435,-11.7726964415991
"G2E3",-9.61167689920077,-10.9808129576374,-10.9472060645103,-22.7622208342596,-19.1830271847143,-10.9528653417478,-10.5241792209253,-11.9841140034673
"GABARAPL1",-9.22164010278247,-18.0161935364112,-10.1427633171241,-9.26027301476283,-10.1034854583076,-9.54576534428988,-9.19087335961913,-7.68581623427355
"GABBR2",-19.9226393473606,-8.83860778760448,-22.4683933135833,-21.4597093686048,-13.4000193337403,-9.92187647855531,-11.5770005923967,-8.54644353807312
"GABPB1-AS1",-10.1617373627413,-18.722688914764,-9.85221659785798,-11.1203029453743,-11.4168992202559,-9.75646184514613,-20.4666325571927,-11.3992985969104
"GABRA1",-20.1195828815092,-8.62466898751082,-21.8122666814209,-11.4443558131531,-17.822987079221,-10.5356834041928,-11.3480733109951,-7.62583879946014
"GABRA2",-10.4050977118541,-11.5157802976208,-11.0507335385278,-12.019323931083,-10.1567327313578,-11.1561859934633,-12.9511897396959,-12.6913081299657
"GABRA4",-21.8332651179087,-11.0806950310341,-23.1371530648442,-12.6409261139885,-22.5587097126924,-10.7101342395043,-22.7819461340035,-10.0433897190637
"GABRB1",-18.96402991922,-9.26164876277488,-22.0996124866076,-10.1239813879959,-10.9290591998709,-20.5786627992153,-11.7130279632134,-9.33213969172208
"GABRB2",-18.1768939794196,-19.4893704548958,-21.407497285645,-9.77893141354681,-19.7336668160465,-9.48594258749785,-10.5635315056812,-7.96165304046381
"GABRG2",-21.3203375842439,-9.42531820136204,-22.3897322707369,-20.707023064083,-21.4449006354095,-9.03145211666883,-21.8892829717465,-8.29194567985313
"GADD45B",-8.55320582011192,-10.0999144580132,-10.6496318744818,-9.84359470222551,-11.432060571829,-19.6541125486504,-10.0669644855509,-10.6260368507935
"GADD45G",-10.3951994826044,-21.900120950286,-11.4159121507267,-11.0481149257876,-20.4381332421301,-11.1255196815716,-10.2779917769119,-11.7146848976698
"GADD45GIP1",-9.52886963846367,-10.0989549622654,-9.00308586202028,-9.68469466626523,-8.89141461693177,-8.60454324042709,-8.83339871007748,-9.3432357451182
"GAL3ST1",-10.8311576323375,-11.7475096670143,-9.56884377854811,-22.7137128026211,-10.2387369479703,-21.2338845922009,-11.818834036295,-11.0838719750466
"GALNT13",-21.6331305230133,-9.59049274080828,-11.8070914058487,-10.6633566432147,-12.2696605109173,-12.355421658846,-19.8322404838508,-12.6708419829395
"GALNT15",-8.92212440350294,-10.0693794152341,-9.67734119324147,-12.560165491115,-10.3462667703645,-11.0123219568443,-10.5225542729875,-22.2117931850293
"GAMT",-21.0570609581789,-9.45069142686964,-9.74672647739818,-10.7106527628336,-10.7608345329651,-10.0387184728216,-10.0159979507961,-9.66809030968174
"GAP43",-13.183284276262,-7.97832665537034,-21.6868224564046,-9.40381154603386,-12.4774844966519,-9.30628626493078,-20.8224354618278,-6.94902141806989
"GAS2L1",-9.60940057120405,-11.7915128579636,-10.1226459329382,-9.48334996961985,-9.92090885656388,-11.1096893177372,-11.8069163331685,-9.87866870353826
"GAS7",-13.1996622888382,-19.0965191332179,-9.02576858853113,-12.0193150601313,-20.6721613642105,-9.20333294925285,-9.42982690180213,-11.5692558144421
"GASK1B",-20.8101952375193,-10.9925243819525,-11.3402017489401,-8.57796640382586,-9.96137157623727,-9.2162664045265,-10.207469975947,-18.9516113895574
"GBE1",-12.706739490735,-19.0516678598031,-20.7959362502205,-11.1669716665769,-10.4767101451547,-21.453056309354,-12.9102414845352,-9.17762577876462
"GCC2",-18.8163250385507,-18.7644141725116,-9.4257848816806,-9.26892202529995,-9.24344928813416,-10.6092387546576,-20.4008973968137,-8.59827446248356
"GCLM",-9.75191858655552,-10.957583111689,-10.9868629079008,-9.84700231278319,-9.60462144234217,-10.7670456010147,-12.1014322378708,-8.7717599428366
"GEM",-18.6094507066322,-9.55511213154009,-21.1215231424786,-10.1273207174847,-10.4776913615027,-11.0473864815884,-10.5616198662833,-23.1788486324445
"GET1",-8.74375902546736,-8.93307065268546,-9.71699963757814,-10.0410787587541,-9.64699690444981,-9.60370012855255,-10.4108710398815,-8.92908925659085
"GFRA1",-16.1849782209611,-13.053544750169,-21.6732285331813,-21.3037282766139,-10.5027683459675,-8.78197031098423,-12.5066565321708,-8.01503272622463
"GIGYF1",-9.99841497071475,-20.422227503231,-11.4258825568517,-11.5030222843701,-10.5586313805036,-19.1826041951438,-10.5011549548601,-11.8301227536249
"GIGYF2",-9.22330792853484,-11.6819632406825,-9.84867450116236,-10.4459386878445,-10.2071207140329,-10.1762589660108,-9.59664310998414,-10.0944821813481
"GIMAP1",-9.23539480034853,-12.1028472345679,-22.4341989230047,-11.302245980204,-11.5860085529969,-10.5692778669279,-10.8053300184005,-23.0374214024681
"GIMAP4",-8.65371144588416,-12.9083700330159,-22.2913486361649,-22.1225443825766,-20.8489284011652,-10.2159338275826,-9.27705280350834,-22.9322632292692
"GIMAP5",-10.3246455448664,-10.8324645449623,-21.6834246762614,-11.7982158703715,-21.7314321427835,-20.0425220345087,-11.5864851946583,-23.7678012197296
"GIMAP7",-9.17310176827008,-20.9088457520171,-11.9702984395567,-23.0776027752959,-22.375928172819,-11.7834888682365,-10.4025907556296,-24.1268646413164
"GJA1",-15.9978022881263,-7.63833636120583,-20.8453678433375,-6.18131692474103,-6.21789635414404,-7.10962833838817,-18.9164153710915,-9.17051425052835
"GLCCI1",-17.0885015010796,-10.1214042383145,-22.4460909321438,-11.6270532124066,-14.1465034401633,-11.7094279691441,-11.6566832061825,-11.087280437599
"GLCE",-9.7244933357005,-19.8112884524852,-11.1754879326109,-21.4177760923174,-22.5573815995193,-11.2802479844141,-11.2397256301746,-11.6792878426691
"GLDN",-21.1795755119111,-10.0577455481685,-10.0286719983023,-22.7313199690464,-20.5715087306817,-20.8708216495985,-10.6639484599171,-24.3036878269023
"GLIPR1",-9.77248176247464,-10.1790691072802,-12.513846500443,-10.7935077811349,-20.5055710454353,-10.9152474549195,-9.1816968335985,-12.4326788023144
"GLRA3",-10.1332424592218,-20.7583153553145,-23.3051707134329,-23.4830574924769,-22.1740182816833,-10.9269621463418,-22.8076541344778,-9.68106574655783
"GLS",-9.78542890459737,-9.06023250575415,-11.4442150125103,-11.3054166312614,-9.07112541311478,-18.2606829088593,-9.57968154617594,-7.68057990123025
"GLUL",-9.71660875085635,-8.33126659685878,-6.22551228644238,-6.2218660380846,-6.28832604724324,-6.53417395341828,-6.91674028529257,-8.50773471008194
"GM2A",-8.95330148967184,-9.33772977632742,-10.5556609254183,-20.5832321790342,-11.4486117421167,-20.2396705047724,-9.13992963830362,-11.3708836362742
"GMPR",-20.2949940358461,-18.5584074853566,-21.9522589706988,-9.84113380596623,-9.89581068761052,-20.5614670109362,-22.4039630527229,-11.5967584078262
"GNAL",-11.7607268262635,-9.27607717817978,-11.2869692125574,-9.82015461768052,-19.9810506943364,-20.647488435714,-20.6872824466838,-9.15059233367931
"GNAZ",-19.3040891630351,-18.2631019831127,-8.95066481018744,-19.751293348677,-9.31764167582952,-9.43682165475761,-10.8957267789603,-9.29275536164809
"GNB4",-10.2030297455955,-11.4006289990586,-19.8127429864901,-11.8777218038623,-20.7448366646704,-9.92985298316173,-9.06976506632082,-23.1660330165916
"GNB5",-10.8172002821539,-19.384572127462,-10.5848512970038,-10.7508051808653,-9.80643292208194,-9.50553149957103,-11.8360200287812,-8.5196444961855
"GNG2",-21.1902115105853,-10.0932557377567,-22.2749086752971,-22.9442639560998,-21.8961173297966,-11.0433809112384,-10.1374175424919,-9.40491387024607
"GNG3",-19.050438876798,-9.60244770747115,-21.1078547114305,-10.327006940975,-9.85890680763366,-9.21122261670264,-19.9302836168321,-7.67092847774072
"GNG7",-14.6227026150493,-9.64692573579863,-8.35245812012299,-9.27800647337211,-18.3344658465448,-10.3142300176636,-9.64910153245709,-11.5810622746571
"GNS",-9.80973796369795,-9.16560054791211,-10.1883630470467,-10.3067523033834,-21.4630952241586,-10.9414313117219,-9.89038315062825,-9.75170149073543
"GOLGA4",-8.72009503105378,-8.86035250379218,-8.77754836631493,-8.71854632072681,-9.28320061002423,-8.59407940168036,-8.35122819978832,-9.33873181368974
"GOLGB1",-9.15121367149009,-8.14897406029464,-9.79545299189122,-8.67190093914339,-8.03902611216885,-8.64376117296303,-9.15049162784177,-9.01713839114651
"GOLM1",-20.3397652696311,-20.0634692986859,-19.7922165344329,-9.81554843714177,-9.82684910663451,-9.20622157192896,-9.06640108710774,-9.88375355749083
"GPD2",-20.7814821836007,-16.8350133121276,-11.6365652797643,-9.8162364957037,-12.1128938256785,-10.298418664632,-12.9871599516621,-10.8248776839087
"GPHN",-10.9653207521121,-9.32236166452568,-10.96094453108,-13.2496098412376,-20.3220431299269,-10.3843762402687,-21.6240479404045,-10.2276181921266
"GPM6A",-18.2171364128882,-6.82029677647698,-10.9613499910476,-7.53160732266138,-7.5250882951088,-7.94923195345661,-19.2544281836361,-7.40591772758571
"GPR137C",-11.9273268408055,-19.0632791567771,-21.5487870212799,-11.3608525550498,-22.0780790886396,-20.8460408750179,-22.1915850245076,-10.6511602135499
"GPR155",-19.5141292879759,-19.7680468000508,-11.2769861960558,-9.71652609109413,-9.34364390972867,-9.50452324821223,-10.7080515625512,-9.18656570204212
"GPR158",-21.5586412526982,-20.8121855853788,-21.8499221044574,-12.2019254681938,-16.4255293751674,-10.8058887742654,-11.2402973411162,-9.27852775262605
"GPR162",-20.2462730407623,-10.9802313479454,-21.9997876730383,-12.2738156906712,-21.7468001916524,-10.646947514917,-11.7445219043214,-9.82559712999814
"GPR183",-20.8919498032711,-11.801152136583,-22.4424843370338,-12.6175377855136,-21.0960176287614,-10.3540218290848,-9.87230611115141,-21.9932951612921
"GPR27",-10.1367848255327,-9.58229609156231,-13.1581180980001,-11.9505917864462,-12.8295968644169,-12.0958239304672,-20.7221064607347,-10.4307785990366
"GPRASP1",-9.13836978501942,-8.96822351484392,-21.1768987438071,-11.4469480806989,-20.3816727923398,-11.0324026034734,-13.0329467899172,-8.68178554348536
"GPRIN3",-20.3332100808106,-20.1310341735609,-20.9969803259901,-10.4230319116369,-9.97593988767565,-10.8921947029096,-10.8223051428574,-9.26554782816708
"GPX3",-10.0364201746162,-19.8377573163695,-20.3108428099924,-20.7614384359747,-19.4823050361648,-9.2515810599842,-9.22095762591536,-7.75003542980397
"GRB10",-9.12616760637375,-20.4169410312186,-10.0463190868781,-10.0193754298709,-10.1548009592274,-10.5202640538653,-21.4347468856791,-9.18332398198725
"GRIA1",-21.7637109807886,-11.8428403392012,-19.7688328481279,-12.4119879948036,-21.8520713291079,-22.0769972002472,-20.2736111082716,-9.59568285032493
"GRIA4",-20.8617835108842,-8.33866495875429,-9.30543335397098,-10.732841826771,-20.1691139020045,-10.2123694951858,-14.3226454280071,-9.40381322094441
"GRIN1",-21.0855325985097,-19.6796299636814,-22.7633291412838,-22.5542240431148,-20.6777412384476,-12.1159318420967,-21.9677620181147,-8.06377228854214
"GRIN2A",-18.0188890015323,-20.8327775580929,-11.4218288139636,-10.7344512352963,-9.93053223317249,-12.8810001436631,-10.8378691672339,-9.21491624179504
"GRIN2B",-10.2881427713022,-19.3822213126514,-19.776249075868,-12.5874177264976,-19.4309827504815,-9.82559330930218,-9.49520860457813,-9.55944333401666
"GRM5",-10.8899741227184,-9.70766995106704,-22.1836429988291,-11.4473802130861,-10.3320893659333,-12.4443348988039,-22.2052962630382,-10.9956988708969
"GRN",-8.8044560693621,-19.1682115799758,-9.25515029762368,-12.5834659695538,-19.3370902685633,-8.62272233531691,-7.73908618072455,-10.0060017383739
"GSTM3",-17.7208197190855,-8.90496973400587,-17.8535074106866,-9.56983738646823,-9.50272671495213,-12.1562275580475,-10.0213409254734,-9.4582301970571
"GUCY1A2",-20.4060894302138,-8.68371998869307,-15.9818631647282,-10.1241427413761,-10.1068596821077,-10.5456244265995,-10.1090486930545,-9.28132663274567
"GUCY1B1",-9.71464154284519,-8.8456394111828,-14.119515001287,-20.2327857400458,-9.54061219746972,-8.99197273091359,-20.1698775968056,-7.64813057423292
"GYPC",-9.60715289930579,-10.1250030391748,-10.2873369870764,-12.3345080887265,-21.2720208388271,-9.69836596526981,-8.66522646050912,-23.3013709132635
"GZF1",-19.7780298376294,-12.2937667233317,-10.1787918878159,-10.9439540074434,-20.4788729147202,-19.6404955178171,-19.894143275519,-10.3631480641608
"H1-0",-10.3611139865327,-10.5045737483959,-10.4088008911614,-11.099391900866,-10.5620600662609,-9.81202660482932,-9.29103076265605,-11.5105256397827
"H1-10",-8.64610935135963,-8.48699172516266,-10.1496054144001,-9.72131168480704,-9.69115743872119,-10.3758835822585,-9.60370271096408,-10.0128477206336
"H1-2",-21.0019230670194,-10.4909002502059,-10.9001979928474,-11.3330204786177,-10.8345129834701,-10.5839206564315,-11.5219071822048,-23.426897268345
"H2AC6",-10.2985051051447,-8.74201149733998,-9.21770190075943,-9.91312287853528,-9.40134235573275,-9.42528213743581,-9.24555911409907,-11.0155708207782
"H2AJ",-11.3060323622865,-19.6425978766709,-10.6126900879668,-11.0689413834481,-10.4560281797926,-11.188752615364,-10.0745557429248,-10.8870611199224
"H2BC21",-19.6572182356647,-20.9190214758762,-9.4380588489235,-20.6842286089273,-11.541252049603,-19.4667500981151,-10.2919305948509,-11.0843168770905
"H2BC5",-13.416485296205,-10.5991689183401,-18.7217688639205,-11.8710891344311,-11.362773282735,-10.1944385896323,-9.44875521579343,-22.1150208305319
"H4C3",-9.22843687466384,-9.38438353701677,-10.5529735077431,-8.81850046701476,-9.16487470444334,-9.69985225646927,-10.9911766526774,-11.5716715785754
"HACD4",-21.2117724907047,-10.4552310737991,-11.8423581106016,-22.517585496739,-12.4553675484652,-10.4150420095819,-9.62189497418239,-12.1114427580851
"HAPSTR1",-10.55978907699,-20.5342373935991,-10.7549635041009,-9.99196690970039,-10.6028365268281,-9.65866468343531,-9.33651412710826,-9.58000013181585
"HAVCR2",-10.5985041676885,-16.3446151104762,-21.436800521764,-12.3023058398123,-17.6980208618417,-9.03376968673462,-9.10216195078345,-23.3875698644243
"HBA2",-9.76940291611157,-11.196659566576,-12.157134323651,-13.183048015373,-13.0613563841732,-11.8909961535068,-17.264273527309,-12.9790660174016
"HBB",-10.1059460853911,-10.2222661295435,-12.1555097351313,-11.7955909948294,-12.3058763270248,-22.011891443124,-12.1274647491116,-12.2101074576836
"HBP1",-9.48872786540618,-9.48133321096383,-8.93299568143013,-10.5683876234139,-9.25500652944823,-9.29654063890215,-9.484040005654,-13.2828713692595
"HCG18",-12.1251666598541,-10.2498139069662,-10.5671389266213,-10.0196508692879,-9.42793406809185,-9.6108636978539,-9.98765280420823,-10.4061296813437
"HCK",-11.8880890608107,-20.4671234529297,-11.5607462951863,-21.6818821148448,-21.0843414216312,-10.1255534900943,-9.67362123884206,-22.5436625611172
"HCLS1",-19.0178629996052,-20.8122225886339,-11.5720793268265,-11.3186603298037,-10.1339015814584,-9.90681416765059,-8.71394343336824,-23.0960015740549
"HCST",-9.82857137502293,-20.2405520342409,-11.3378114193224,-18.8487422779828,-22.5967647218199,-10.8205904409801,-10.0246344592493,-15.9596223729
"HDAC9",-19.3509993338527,-9.18521367480841,-11.4628341949711,-10.8215942469961,-9.49283967480782,-10.7031149750024,-11.2288684072964,-11.5757540274775
"HDGF",-11.2584974001528,-10.023663850135,-9.95142955318052,-9.75430260616308,-11.2362215010056,-9.8184344731063,-9.30554472424566,-11.0103480289242
"HEBP2",-8.75858058255672,-20.8466052098781,-9.64087439008959,-10.5505266338651,-18.3748542044039,-11.3401442160738,-9.82996845466321,-9.69103427268647
"HECA",-19.9496049915617,-11.9816120526026,-11.3572419714045,-9.41238337663044,-9.75521555621019,-9.89874375615135,-9.2107827619199,-10.5968162011568
"HECTD1",-8.79292158847966,-8.86647057731026,-9.03739603530444,-10.938548240141,-9.57135071843157,-9.87849662768541,-9.00233562183383,-8.91074585812273
"HECW2",-9.80004245288685,-9.46042683718695,-10.6462053272255,-22.1343735005575,-11.7968966583006,-10.0966993914203,-17.505626817406,-10.1482110746639
"HELZ",-8.70764913717371,-11.5760253391264,-12.1553772844768,-9.78817129838511,-9.89680482575871,-9.08857727103936,-9.78008455554308,-9.9031372723786
"HEPH",-20.1885672172453,-10.4868572943858,-21.6249384888642,-10.3634739276248,-9.79168408561107,-10.7101756146787,-11.8741903774513,-13.2733435886816
"HES1",-8.6115353027813,-9.38392654740437,-22.2852452288428,-10.2893692490092,-10.0505372300459,-12.1673258085168,-20.9120632028197,-22.4273537159933
"HES4",-8.94998954959542,-9.48280508601251,-16.6270040528124,-14.8849982609996,-20.6322858685198,-11.6579348720496,-10.4772825723207,-10.2917818613192
"HES6",-18.0445390397832,-19.692828797182,-10.5145283565555,-11.2169828752461,-10.5966926411418,-9.90816190773885,-21.0811157324542,-11.4311500862224
"HEXIM1",-9.82386754678384,-9.80874362727833,-8.9768297254696,-9.53548244921486,-8.97839676530418,-8.70002695793615,-9.50175684392789,-8.90382425809619
"HEY2",-9.82020390857097,-19.85962146799,-9.87339295238988,-15.0862009414427,-10.0619946890752,-20.598685818339,-10.7385899420758,-13.0795151301023
"HILPDA",-10.2259883161262,-9.71592967819972,-21.8282322349484,-9.68260047588989,-10.7012006451018,-10.323737211519,-18.2482658701329,-20.7093644257224
"HINT3",-19.1899754547767,-9.15732138180802,-9.61574415562026,-9.6561107256372,-9.971216104595,-10.0630936247752,-9.9058786447247,-9.46664127209617
"HIP1",-10.623051194141,-8.61354150041359,-8.86068531240452,-13.2660096623652,-20.3621071360654,-9.98063442650347,-9.75646802195068,-15.5750544034006
"HIP1R",-11.8521221288715,-9.84637641481688,-9.53263844000361,-9.38590069165598,-9.6428153579454,-9.58094238331349,-10.346097893314,-10.5054441328276
"HIPK1",-9.162866159424,-9.34080336679744,-9.06773469191005,-9.3419466694755,-8.77470636912965,-10.4500285935025,-9.39610101496905,-10.0145026724755
"HIPK3",-10.1925392150001,-9.01314247979529,-11.0300009660273,-9.87599693952303,-9.46939390621051,-9.65462541576647,-8.91853699767929,-10.5695779902021
"HIVEP1",-20.2523858396065,-9.62516325500362,-11.9808535311195,-11.0322285051761,-10.4188217035103,-19.6843698059036,-20.0480613765627,-11.8338802130532
"HIVEP2",-10.0543833797994,-20.7197679388076,-10.8078444056597,-10.7024380565652,-11.2313350435064,-11.1007198534004,-11.9016660607495,-10.6488345514303
"HK2",-20.5571233902476,-20.4163928402519,-11.1931136599204,-21.1164546453486,-18.1476534763731,-9.75543630721927,-9.85714314751624,-22.4702554629936
"HLA-B",-6.33383610670084,-7.49216784619663,-8.55670115096143,-8.19224550030572,-8.06144129742649,-7.06518292503118,-6.37225822368826,-10.5139052291826
"HLA-DMB",-10.3902060301266,-9.55997805715377,-20.8991050664289,-11.4302151762632,-20.9828032707944,-9.20795175609834,-8.49372696612855,-13.5299979126842
"HLA-DQB1",-8.48328167462985,-19.2178496986832,-22.3971533779448,-12.4290113324987,-11.0535527494466,-9.02638855399615,-8.4744415747132,-21.4954876372616
"HLA-DRB5",-9.27981129656051,-18.6900883920444,-10.5907815112596,-11.2133750619108,-11.0977236664451,-8.79783962869232,-8.35734208463787,-11.5934822902392
"HMGB2",-10.7172235223628,-9.83271085458232,-10.1877975064925,-11.3905378211423,-11.6858955460904,-10.2530521517317,-9.37437377286185,-10.5308274476515
"HMGCR",-20.9843653489484,-10.6756269466878,-11.7731664252382,-10.7416048952124,-11.2896738733882,-9.98913673450248,-9.91101156381002,-8.84972548552728
"HMOX1",-11.0181658256065,-10.4910872656529,-21.9510656977789,-12.8680192468547,-21.2636581277967,-9.42331212772161,-8.7307926855542,-10.1261990099891
"HNMT",-11.9284747358717,-9.29757616762836,-13.0347009521718,-10.184588754852,-12.7093446249442,-9.83234959904964,-9.42423885026928,-11.9767521339012
"HNRNPH2",-9.3103523565481,-19.1741164316111,-9.67566487694973,-10.2126918908825,-8.83379872185551,-8.66029575447467,-9.26013283897141,-8.9565008545599
"HNRNPLL",-8.55301096888583,-13.2191288311261,-10.172723008731,-10.5957801379018,-9.74891349884325,-19.7727166418971,-19.3754545925211,-10.2252916404775
"HOMER1",-10.6102686533339,-18.4276545077632,-12.2479395119416,-11.5887904433314,-10.8869426536737,-10.4349354381901,-10.6415514780084,-10.1694926233503
"HOMER3",-19.6434025322242,-19.4684212432188,-10.2067470130388,-10.6487035638479,-11.6992514466563,-18.5247718224659,-9.51794026110382,-11.5394548893257
"HOOK2",-20.6642187292606,-21.3256449771905,-19.9132307125925,-11.2645727716699,-10.7916043140009,-13.5302106706836,-11.523863041094,-11.8605340141495
"HOPX",-8.42687416997243,-10.2984726197313,-10.8633687832798,-9.19438118604056,-9.12687485559862,-11.3731030229498,-10.7378431513569,-10.9347813654448
"HPCAL4",-19.7779616254348,-10.5269006142659,-20.6236081817069,-10.1017648686047,-19.4204350218468,-10.7842358569595,-20.9287464567772,-8.98033100554568
"HPSE2",-10.5448514302635,-9.75721788838216,-10.4086322891445,-9.56098831270798,-9.9835797408768,-10.0943124242968,-11.3159363339316,-22.0661857698953
"HS3ST4",-13.0632408046911,-18.6378178017237,-10.8619604986087,-21.2923762744801,-22.2572151633769,-22.0198010100265,-11.5285744383649,-11.5794133870295
"HS6ST3",-12.761248532584,-18.4490730751158,-12.4519398490457,-11.6142702415846,-21.9622790817889,-21.5451577463902,-12.0787276309018,-10.8238051214436
"HSBP1L1",-10.9334428846204,-17.9862208891754,-10.208643917968,-10.4822761762006,-20.2039569640436,-14.4346538760179,-11.3632412025811,-11.4577742689429
"HSD11B1",-10.736354817879,-20.1453905995059,-10.0338973187871,-22.4885287915666,-21.2403468404161,-11.5563873556745,-10.1689634243609,-22.3040335979708
"HSF2",-10.2003530343041,-19.808785143007,-11.6319673527862,-11.7955322227813,-13.9855424194754,-9.88704012895035,-20.9653099404455,-10.3611928368184
"HSPA13",-19.5917348330618,-9.65379706467981,-9.59260064624202,-9.9393451994735,-10.156193096814,-9.27536601439126,-14.0978499640328,-8.58040698815406
"HSPA1A",-5.3652546529737,-6.27082731861878,-5.84817716434447,-6.40278453302903,-6.53557301543979,-6.27474774969327,-6.07927401683385,-9.79730394637007
"HSPA1B",-6.20276898569475,-7.0909243122388,-6.60108953984992,-7.13984638486747,-7.10394775212639,-6.89732937066218,-7.03140350506904,-8.04840405775532
"HSPA6",-11.2864264510472,-19.6908948604454,-11.2913687745922,-20.4213999255928,-20.5775339612662,-10.1548891938949,-9.91011418997191,-11.6140580388653
"HSPB1",-6.02568853398453,-7.963300607552,-8.28409768800566,-6.59641892143014,-6.99311912482592,-7.23795136845782,-6.90812704749612,-7.76890533647597
"HSPE1",-7.91486139487107,-7.45333924039921,-7.43201699985589,-7.96472190644453,-8.08894052683188,-8.41872504144408,-7.82977078607663,-8.14839067353003
"HSPH1",-7.23341942327027,-8.60800121991132,-7.51052780279726,-8.17134952841765,-10.955344756921,-7.2840311842731,-7.73550837947557,-7.38571095102779
"HTT",-9.07194537714447,-19.451822238311,-11.0856574144451,-11.2538555764121,-21.2132181713971,-10.022133223731,-10.1706554189666,-9.62910204583648
"ICOSLG",-20.7160431384757,-20.8975768446005,-10.1715214441475,-13.5174283108846,-10.6147188834267,-9.70129126398701,-10.3139667617868,-23.0626066418279
"ID1",-8.68305603585706,-10.2952548451716,-11.6303958649162,-10.9455640971805,-10.3993220461145,-20.0374885501825,-11.7698381073553,-23.089739430068
"ID2",-10.0021114898266,-8.25794852296034,-12.4991813836691,-8.62166078397842,-9.4063112453128,-9.05568232663417,-9.34551467732534,-11.3818431015307
"ID3",-7.53361422514452,-10.3558482246734,-9.65891292568634,-9.70656950849834,-9.66690808196538,-10.6440267623733,-10.623662707582,-11.3425775653327
"IER2",-9.31471235910277,-19.7746653849055,-20.8167626579094,-10.3751370923064,-12.4150456808172,-20.4713233501594,-20.9122327020126,-10.9587597063488
"IER3",-10.0910801414339,-10.2853127621177,-22.0408907385226,-12.9828119714962,-22.6409641426918,-11.7913081825534,-11.4632126981415,-22.789300849793
"IER5",-10.2898864950199,-12.429467345133,-11.5141912936559,-11.4008146243769,-10.7809747928608,-9.76330480883666,-9.73892137065964,-11.6513106858421
"IFFO2",-20.771908813616,-21.9517358271538,-10.7492399635652,-12.06519172499,-22.0766483773025,-21.6337967988483,-22.5672634033675,-12.0043932264905
"IFI44",-11.0269615696883,-21.5096148783851,-23.1041648448635,-22.322051653681,-22.764319956123,-11.7627955461135,-10.2043623698263,-12.325168602086
"IFI44L",-9.07958805665957,-20.8583386703838,-22.2358327236451,-14.1808496819158,-11.091080265981,-11.3251745452393,-9.94953315117216,-21.5644831172079
"IFI6",-9.48786692773822,-8.62236346434498,-12.5389958920114,-11.3080879635075,-10.0170506798558,-9.97289613740123,-9.53065550413548,-9.37750574250451
"IFIT1",-11.037395201335,-10.3466035359031,-9.92291648271188,-10.6450236221414,-10.0878129968629,-21.2870198589399,-12.3167239669073,-11.2907419579193
"IFIT2",-21.3983998980252,-11.7350113022979,-10.0701080923123,-12.1525708877476,-10.8987240370593,-10.0002832310513,-9.61856193884615,-11.8175062758323
"IFIT3",-10.5530158416403,-9.43311813682593,-21.3054282565866,-11.1522978517958,-10.2909345970532,-10.4855017272525,-10.363010703612,-11.7864871979574
"IFITM1",-8.65369218520129,-20.5717171649168,-20.8204463789045,-20.9932835700608,-11.5215535157024,-11.0074324081689,-10.9589460183893,-22.0396001871096
"IFITM10",-20.2234163612039,-20.5968373142219,-21.8596673780321,-20.8143566626771,-21.5889259432575,-13.7022711568321,-20.8785278756184,-9.57695578811277
"IFITM3",-7.03194520784918,-8.69513203738922,-19.1615301321757,-8.09516473830006,-8.5060900467952,-8.14722990712472,-8.45897138492797,-19.3300561278465
"IFNAR1",-8.97190203137785,-20.3726990289803,-9.98072516730153,-10.5174228395151,-9.64679737603391,-9.25362583138358,-9.28290375394047,-9.93995511851071
"IFNGR1",-8.24255601386153,-8.98774774135545,-8.98795012527438,-9.64429219105681,-10.2779953063633,-8.15779531464412,-7.86570660146602,-10.1108900211331
"IFRD1",-20.4797143507914,-8.47602255010566,-10.190072661706,-8.84029523938842,-8.79478059680695,-9.6687023013771,-10.8182915455763,-9.74589807390448
"IGF1R",-8.97683388521831,-18.1948889766386,-9.25654180821467,-9.70535782977116,-20.8473774836081,-10.5297666264947,-10.2058711484146,-11.2857702862126
"IGF2R",-9.0732948394589,-14.2412084897032,-10.6298551796252,-11.454616441353,-13.3877898900171,-11.6220568749388,-10.0829187155496,-10.8617287166536
"IGFBP4",-9.86819077820938,-21.1615560594734,-23.2663459268558,-23.3312069758622,-21.2995175935723,-10.0974217843739,-22.9393886389658,-9.36734722480816
"IGFBP5",-8.23260983010874,-8.19541629386456,-10.1044496364595,-9.39122139300683,-9.35902001280576,-9.70664109286153,-9.70590884141394,-10.9431120056517
"IGFBP6",-8.86809484344353,-21.1806443501531,-21.3808850105128,-21.6306751779774,-21.1137118093161,-11.7612064806627,-10.6288268936777,-10.3724507390228
"IGFBP7",-6.51071359624143,-19.0936321443313,-20.0367061795531,-7.84730431381125,-8.83595893522844,-8.19978583184351,-9.06867840641799,-10.3522225650988
"IGSF21",-9.71948632331855,-9.84720890188156,-22.3690412507787,-12.0048964594676,-21.5324542063774,-10.9350711090442,-10.6264982452197,-11.1759456780325
"IGSF6",-11.0325863758834,-21.8972324182378,-22.5571665420833,-23.4648680117601,-11.6159148240387,-10.6380332024642,-9.34894023805267,-22.8647370513501
"IGSF8",-9.96511712945522,-9.25852055268928,-8.71429941150273,-11.2564912355793,-9.46506286713516,-10.6468961409099,-13.1355580623831,-9.74339457860317
"IKZF1",-20.0860653549874,-18.6004510392296,-12.0395577785946,-12.0551486312758,-22.4745738490101,-10.0423106129894,-9.83059509652925,-23.9022589609721
"IKZF2",-20.9255162741171,-9.40132637095427,-12.7000970744863,-11.1031697457968,-11.6564031564636,-13.8773907013946,-12.3641958821149,-23.8874753004168
"IKZF5",-9.19714270330033,-20.6616101235067,-9.3262132883731,-10.7610039822367,-10.7723672777958,-10.0296411428508,-12.3798742626911,-10.3411205319212
"IL10RA",-10.9020807108463,-20.5152809119278,-14.0119972535799,-20.9714293480295,-20.0998874081547,-11.0898180424173,-10.0743204016624,-15.0846064785816
"IL13RA1",-8.72406218411271,-19.1767206911387,-13.3492248797233,-9.84249307574868,-21.217775236315,-9.88543291157497,-8.58871342712051,-12.1109465931922
"IL17RA",-21.0022762830813,-10.9685687296405,-11.2125049013052,-22.0618401974154,-14.9367015460762,-11.1576658014551,-9.73184196520456,-22.1344159006935
"IL17RB",-10.9014249519432,-9.79291782343585,-10.2092640499068,-9.83631830812677,-11.152391500172,-20.4402959479712,-10.1507766702447,-23.3995760141197
"IL18",-19.8060265993164,-10.2324969345519,-22.7378086559141,-11.8680000561719,-21.7040061479526,-10.0538372626076,-8.98583499040803,-12.5215742446478
"IL1RAP",-11.353961966147,-10.9043792804276,-11.8259485732735,-12.2753018253006,-21.244824981994,-11.3730387677748,-12.4081099052324,-13.502394643825
"IL6R",-11.925926177838,-11.1331509293761,-22.1485032810444,-14.1708033929629,-11.4082431675454,-11.0928129815763,-10.5306457404523,-24.1275651608904
"IL6ST",-7.63210078782975,-18.6708600689502,-8.91244561298816,-8.28296475265772,-7.95294313162054,-8.1406526771974,-7.62606833942607,-8.64391443397106
"IMP3",-11.9732647346314,-19.4247930326405,-10.6843498017701,-10.1157206360934,-20.0936170534288,-9.64820849078312,-9.74849776212964,-10.1111986521668
"INAFM2",-19.5293108266859,-10.8170487152558,-10.5216101086137,-21.3257497027524,-10.0871690994432,-10.8705608674488,-11.1532734358036,-9.97741393668726
"ING3",-18.4191855066145,-9.75452873535463,-12.853755628223,-12.5941143895265,-10.9459687553126,-11.3780002798642,-10.4177658789922,-11.68674829266
"INPP4B",-10.6965619067101,-10.1738588834956,-21.3991532106955,-22.3905239463101,-11.0173853939513,-22.2746680260211,-11.0373990009461,-10.4612275408708
"INPP5D",-10.0304199217372,-21.3667284740579,-13.3061716881552,-10.6300181874875,-11.6717286515426,-9.47140911516701,-9.21700590858345,-19.2597365916928
"INPPL1",-20.4000932172653,-10.5947734768448,-15.7371176163797,-10.1600177350615,-11.085753202872,-9.98345501165689,-9.57813315829888,-22.0129236261882
"INSIG1",-12.386277228772,-19.8713785611195,-9.14772172062183,-12.225471233117,-9.51223408794912,-20.0949819461922,-20.2577615762613,-8.63900008427287
"INSR",-20.3251796508638,-9.40043586881689,-8.04842094247999,-10.9626187781578,-8.96934971090946,-9.92958646746356,-10.1526024879454,-9.90874394106702
"INTS1",-19.6833600346378,-8.99995637347194,-9.56085685078369,-10.7207424869529,-13.0203863606001,-10.3843884135716,-9.73209840040447,-9.94234158511717
"INTS6",-19.2666124819765,-9.88294695619486,-10.1954693024488,-11.3670474802229,-12.8003304076606,-9.56411291817865,-9.98932085390517,-10.9913522057117
"IPCEF1",-9.70243749674801,-19.5197967020088,-22.0559495311517,-14.4374064901928,-21.6974181175345,-11.103878310353,-10.4987941113668,-12.950093238221
"IPO8",-10.9946607294548,-9.70842227092318,-11.7706782988362,-11.0870294859471,-10.0382915317892,-9.9039782793912,-10.3659700918524,-10.9512776717141
"IQSEC3",-10.0591248092809,-20.5138368328907,-22.2483240444276,-11.7553188761124,-13.2161147310594,-9.25487679580611,-22.1561332551916,-9.91316848755986
"IRAK2",-11.6017108481393,-20.4282519631874,-11.5041463318791,-11.4335424669562,-21.7903467909643,-10.9819001514943,-10.8059333643958,-12.5128570570245
"IRAK3",-9.33549141365106,-10.2578069215091,-21.9192449396543,-21.3687840185492,-12.0027806295382,-10.4489609100212,-10.4885978736456,-21.9791584400216
"IRF5",-10.3685087272643,-21.6792680894843,-22.4449654980269,-22.7775170498518,-22.3886032582765,-10.3609129942635,-10.1362618180466,-13.7251556906596
"IRF8",-10.4366527792208,-20.92081232186,-21.2817095298613,-21.2950310224357,-9.83122999683339,-10.3999286289036,-9.04793438166384,-22.0948564711539
"IRF9",-11.4502001200516,-9.49696428961727,-10.9036297436462,-10.8416614500896,-21.6132301680378,-11.0548553716695,-10.5452456782898,-22.4342586374727
"IRGQ",-20.0103166360752,-19.5760803269126,-11.3016275433786,-11.7743606080536,-12.5913070072167,-20.8525759888689,-11.285271320724,-9.86791925346514
"IRS2",-18.7501550037524,-8.12128415990888,-8.22009916114359,-8.3042199672738,-8.38660771167423,-8.8295999777174,-8.49237902191005,-8.371073091915
"IRX3",-10.0324655321533,-10.1922247442197,-22.5804093820414,-10.1890739291411,-10.7908757968942,-9.97922624272482,-11.2223218908603,-11.5585425144808
"ISCA1",-9.52557496521345,-9.93709912273666,-9.68039605158686,-9.35603506991178,-10.0249986795826,-20.0067841176918,-20.7356310674941,-8.11856810833582
"ISG15",-9.61621195468711,-9.79238153973873,-22.2181761194513,-11.8931814381386,-21.7201746570552,-22.1289779164981,-10.1620000688729,-11.5013311288791
"ITGA1",-9.59418991416458,-10.575316944331,-18.405388015084,-19.7719517994069,-20.0789266540339,-11.9680947552404,-20.0689697506436,-15.7217177145941
"ITGA2",-10.0659095532719,-17.8804446593412,-10.199444789293,-20.1911289439249,-21.8845210331697,-21.5957276715436,-11.9304857916788,-12.3909789641905
"ITGA6",-9.22155434330739,-11.7381045605993,-22.8139813377053,-10.6270354748751,-10.1113911718794,-11.9056078918608,-10.7922683886528,-12.210889337291
"ITGAE",-9.85839926505512,-12.9776900548121,-10.0112408870913,-11.7162120733344,-9.70643133718214,-9.77632569624746,-10.9824338395581,-9.99067345327494
"ITGAM",-22.1893086420539,-21.48813949284,-22.1418063630226,-11.797378440675,-13.5856640519364,-10.4569825168673,-9.86374099122929,-24.226060361416
"ITGAV",-9.08518349565051,-7.92627568322107,-9.27837381742292,-8.45758185498032,-9.17049096727446,-8.5737695665161,-9.21982348136834,-11.6535605471949
"ITGAX",-10.2186120705368,-11.6403248154383,-22.639381237724,-20.6046223709755,-22.4034346304615,-10.9691284234063,-9.61411843629003,-14.1188710285864
"ITGB1",-7.84568028028732,-8.21349643650576,-8.83299884366826,-9.14773589508995,-9.65417603342501,-10.2987073311999,-8.7669848592838,-9.93292588687399
"ITGB2",-8.22573160566218,-9.51991798801409,-11.1184914592258,-11.5454988040659,-9.43861538812693,-8.51459937671418,-7.85817133696589,-12.3091171987437
"ITGB4",-18.4612252761909,-10.528996365298,-11.8855927461224,-10.5552464314452,-10.2189444300199,-11.4748634079951,-11.2603228350625,-23.1323208336013
"ITGB5",-9.98253729845705,-8.14109126393818,-10.9459223440556,-9.24029860026714,-9.07720062929336,-11.1428475313852,-9.13847077842852,-22.1769894435175
"ITIH5",-8.58385060237379,-19.9595927182484,-22.3260953303503,-11.4350956470318,-11.425115082366,-11.2424411763093,-11.7094973756835,-11.7122632064338
"ITM2A",-7.48531287052668,-19.3160567201254,-9.203759167193,-10.8287379020899,-9.87479026380287,-10.5190075985097,-9.56690481086302,-11.9796227528391
"ITM2C",-17.5655568996333,-7.99438505826519,-20.1174311230923,-7.1018421980339,-7.23728797774791,-7.6995503244341,-15.9343062256876,-8.91586374561444
"ITPKB",-16.6241748822707,-8.76329558124176,-7.80110043766914,-7.85964134463836,-7.79267850783261,-7.92217884516471,-8.9089686484077,-11.4847613877144
"ITPR1",-9.7983594654561,-9.3057567191334,-21.0689317083902,-10.4061460328712,-10.5296069215561,-9.21446850306681,-9.80897268526791,-9.34565210348193
"ITPRIPL2",-19.8603976984716,-10.0327485131037,-12.947529028845,-10.2446675842344,-11.2254430808548,-9.25861959507147,-10.0257291784261,-13.1008648549037
"IVNS1ABP",-12.1892376634977,-9.18319005315483,-8.76959238208782,-9.93309510432572,-9.40968229817791,-11.8978870657931,-9.50572653056571,-9.70684614711383
"JADE1",-9.35265460415446,-11.68628623006,-11.1377193158266,-9.365051312146,-9.6127200001584,-9.85945090975061,-10.3195593433722,-9.51155125482736
"JAG1",-8.51427091291738,-20.0069631616286,-12.8848853992561,-11.2653096991229,-10.679744599363,-10.0350394969033,-11.274119475233,-11.9803131063827
"JAKMIP1",-11.0057370367824,-10.9131402984155,-22.3063255869498,-10.479526543247,-21.4854131192749,-11.1399351914909,-19.1996344525673,-9.62143798077258
"JAKMIP2",-20.1158472320397,-10.7556480329465,-10.4372001291584,-10.4706943658262,-10.1332243153493,-10.1302796715083,-10.5995477652456,-10.0176395502896
"JAM2",-8.69081169449868,-9.04140489281164,-20.2225387659613,-9.39918089091206,-9.90926817038393,-9.54014529673305,-9.85399338218832,-21.644470304319
"JAM3",-9.19958979784474,-9.06118374211684,-8.00871086420602,-10.549140272794,-20.5433589070067,-10.1561347263901,-15.9127715025496,-11.4591133661123
"JARID2",-10.7834809592268,-9.79149839905683,-10.339284328582,-10.9956914779675,-11.9086903602935,-10.3958054987574,-10.2684784691524,-11.8221626823027
"JDP2",-20.5858048698367,-20.6169619059139,-11.1040455091908,-9.77316241546026,-19.3344624066484,-10.9537105399172,-11.3397173596005,-11.2807452486109
"JUN",-8.43461474223838,-8.18481296266078,-21.0842084985224,-9.43372602529158,-9.07737299648015,-10.0633446163211,-9.93100877555695,-10.0856426710595
"JUNB",-7.45818368870167,-18.302352724693,-10.4224049689924,-9.36840182627276,-9.66544306233327,-10.6009783857092,-8.87032657753571,-10.9717739558695
"KALRN",-21.3351507900104,-12.3805031183738,-20.4595512275393,-10.0549336103274,-10.5138021205462,-11.9120772571588,-21.5263766419648,-21.9643280787634
"KANK1",-8.55789627972507,-10.6754161987747,-9.75303868640549,-9.66439397378093,-9.00252910967727,-9.97551610200145,-10.6592800325199,-21.5941004345477
"KAT7",-20.8181265984881,-19.5291250322679,-10.1180366131626,-12.5809644358708,-11.1618572410125,-20.6497404244582,-10.3766975153402,-10.4753806828221
"KBTBD11",-11.0945199196354,-9.77740290117714,-9.75873598408543,-9.91826207581166,-10.2104051900782,-11.3703292096296,-10.6319740616415,-10.2336636156678
"KBTBD2",-19.0615676506711,-11.6071788212283,-9.57001023754486,-10.2296833151685,-10.5682575474815,-9.15228558242373,-9.84909266885671,-10.0237285859331
"KBTBD7",-18.869711103097,-10.4316033077021,-10.1641185727692,-10.6330403702065,-21.0117139467999,-11.3064720941885,-10.4330975454439,-9.75967928866568
"KCNAB1",-10.2233181471971,-10.4663712931095,-21.6640463665517,-12.3223636142105,-14.2202141582208,-12.5979811211013,-19.8285842030387,-11.1735972197833
"KCNAB2",-21.3647837098201,-20.1416392967944,-11.831843009639,-21.9676423199267,-19.7302436054297,-10.0657570123922,-10.2992892085869,-8.8461414526922
"KCNC2",-20.8979682416176,-11.4503509242494,-22.0928836391559,-22.7462369606448,-14.0492136972736,-20.85788592874,-22.4166385169142,-10.1525020253545
"KCND2",-11.479282611405,-11.4714966335307,-11.2546072118095,-11.2994306040939,-10.048355011339,-12.9463345823882,-12.2744022350126,-9.92718786116744
"KCND3",-19.4604757951506,-9.84202375721524,-19.7327818942472,-9.37686700686928,-12.1870557949513,-8.51031720234199,-10.497775304061,-7.54489929438759
"KCNE4",-8.95241342173024,-9.22099878124625,-11.0953420902248,-10.6813047311104,-10.2965292505295,-11.0263180911277,-10.9252228164723,-22.7478910122263
"KCNIP4",-20.4800285624729,-9.92477004438547,-13.3767038492659,-19.8289684805006,-10.3604294380599,-9.51569039196706,-20.9864103451406,-8.496197178971
"KCNJ2",-13.1092725619313,-9.67590027678949,-10.0221702237841,-11.6060695088546,-11.6961014374405,-12.1426206320694,-21.7740778115199,-23.5866197494336
"KCNJ3",-12.4646936425968,-10.4320184800422,-13.5972243039116,-12.1275727807105,-11.8223959065028,-22.1053430895661,-12.3111413844222,-10.8874230190092
"KCNJ6",-19.3684187935786,-18.2883000136661,-21.1064864434256,-9.61772783122396,-9.14959931597738,-8.61481687896771,-20.0920449953161,-7.32025255041589
"KCNQ3",-18.6027803885267,-20.4240304486493,-21.7005632123848,-10.2684986041711,-10.6263943089023,-10.5138772662777,-10.366876203976,-8.42206310901269
"KCTD12",-7.23750688759799,-9.36114758189821,-9.05612479249772,-8.65899865613173,-8.61955169132501,-7.41753476759921,-7.38480417147819,-11.1351252709606
"KDM5B",-10.1426922373616,-10.2995762247058,-11.0344509232056,-10.9756062384677,-12.3278203314707,-10.2456885289172,-20.2775613123673,-11.3285978346708
"KDM6A",-9.04536328324907,-11.5350241888916,-11.1008987937837,-10.7220977624969,-21.8322487815433,-11.4142990314802,-12.674637910752,-14.2197495772187
"KDM7A",-20.7706116917429,-20.7197089262252,-10.8463032926162,-13.741174745031,-13.799128374565,-10.9147470313502,-11.1160299067763,-11.4103537799909
"KHDRBS3",-19.3173149157248,-8.49209552077468,-9.1543862798619,-11.0424488214776,-9.43911302668637,-9.03398271148636,-8.79369303151467,-10.1163400223233
"KIAA0319L",-21.0822439672061,-9.93491807015397,-10.4321860921941,-9.98737602266261,-20.4349114652878,-10.6861280057955,-9.37365565422139,-10.1959882588784
"KIAA1217",-10.5692183127313,-19.84449965831,-10.8934642002858,-11.4514632017717,-10.282497525267,-11.330286819089,-21.0212124529556,-10.2247836895734
"KIAA1671",-20.2814630850246,-9.34978378508463,-22.3864159881373,-9.86862526629967,-12.1730036568388,-14.3330097699184,-22.1479995852316,-10.9626667462489
"KIAA1958",-11.3247025609963,-20.2618700231542,-13.1059263877627,-10.2230294844721,-10.0206890715238,-14.7898447430576,-10.6446055067912,-10.97430368007
"KIF13A",-9.16695368448316,-9.48149321376808,-9.64005642702741,-11.0911377111285,-11.0972125006821,-21.2280891960302,-10.9473272429734,-10.6059420395583
"KIF1A",-8.24446881506614,-11.0150106985064,-8.07712469153977,-8.52406782664397,-8.40128540728178,-9.29941971055986,-9.18794667130341,-7.5408572019674
"KIF21A",-8.54102100140502,-8.32362974598689,-9.15410310348377,-8.82733961902423,-15.1079306169102,-8.46030956041974,-8.95150297496206,-6.75632443018989
"KIF26B",-11.4904246814338,-9.75397095551828,-19.6990132272099,-11.6111822527273,-10.6272968249717,-9.78172238989651,-13.9379793852652,-10.7555082520684
"KIF2A",-12.9288445543017,-9.33394675813772,-10.0476821935256,-10.8753414104714,-10.0087812025361,-10.0432015037297,-9.28038545600039,-9.0778935525209
"KIF3A",-18.5299717547503,-9.66898971782995,-8.61361996701006,-9.45221014433663,-7.68798883378485,-9.03094235319574,-9.55936339242682,-7.26982725603673
"KIFC3",-10.8133039245194,-8.55320275142154,-10.8763206233233,-12.7409486708877,-20.680238181659,-12.3392140356907,-9.9706646895271,-10.7552420204214
"KIZ",-20.9156304010528,-10.0079059535718,-10.2704821502069,-11.0290291174319,-11.2456988820978,-12.4049191607379,-21.1466366092172,-11.353564509989
"KLF12",-10.8656939176968,-10.2011275292128,-11.9816577910531,-12.8134780547228,-11.5100235864594,-10.7460784863498,-12.3067646435574,-12.3640870778998
"KLF7",-10.5484554096821,-9.27711578732726,-9.97081352478572,-10.4646675481497,-10.3991411440357,-10.3094374111594,-9.26406911395362,-9.21030246129209
"KLF9",-8.09912364464162,-9.99815780124071,-8.85224716270471,-11.5908748275481,-10.0831514729769,-9.4603696267926,-9.39997151311676,-10.3445168578661
"KLHDC8B",-10.1785607844523,-11.5478202430403,-19.8767848885908,-11.5252229222702,-10.9688687456085,-11.3507185953216,-22.2591756353972,-10.6334747248911
"KLHL1",-21.7607679626929,-9.71820162993697,-23.0461178840675,-22.9206957200035,-21.416161719831,-10.0899665957621,-22.5177723938926,-8.60408494715276
"KLHL6",-17.6678405411015,-10.1395149717049,-14.3257350127643,-20.5774610493481,-21.1732695033572,-9.77854634252662,-9.53415158650096,-12.0011419716639
"KLHL9",-10.2673608070541,-10.0011491859955,-9.81847860802663,-21.5112105585438,-9.43530809580857,-10.5212403114285,-10.0234671467987,-9.60048119662716
"KMT2A",-8.28005430174015,-8.7590490137239,-8.78735681926204,-9.22376621794995,-8.85448244336241,-9.99402441228303,-11.105014969199,-9.42241559919295
"KRAS",-11.3307378408406,-8.98131781962315,-19.9750751392647,-9.84946223563402,-10.6613109823568,-10.2002191299381,-11.0830914608376,-9.89915556369376
"KRR1",-9.96429262207486,-9.45176330977124,-11.0178986523513,-9.82608575845087,-20.6531753085545,-20.868501610253,-10.9316557161859,-9.86572647346708
"L1CAM",-20.4602681811305,-10.0471616200127,-21.2852520000981,-20.6413617624551,-10.2324804563089,-20.6144476106631,-20.7619467864691,-9.32143638042186
"LACTB",-11.3932448784877,-20.1755511647489,-19.8416621869878,-10.3070831304598,-22.0960670149524,-10.8854218714056,-10.5038019267444,-10.7274433958327
"LAIR1",-13.5873523207995,-21.0478579788877,-21.6939480551765,-13.2296241057872,-10.9010002538874,-10.2856974563386,-9.13680888952554,-23.1159910864313
"LAMA2",-9.81091819997176,-11.5850868085749,-12.1444338454106,-11.9255381439329,-21.3086431786157,-11.5037716424665,-21.7817677454847,-23.3377741002288
"LAMP1",-7.64891826473076,-8.93965652793313,-7.34771517789777,-10.9310101763838,-8.50480011272212,-8.83858846794394,-8.08856287419606,-9.11112573366641
"LAMP2",-8.86441391225952,-8.1886428569048,-5.98084370381483,-9.83202889191626,-8.2614004636938,-7.52014429032154,-7.48884697877104,-10.4371832487114
"LAPTM5",-10.6072533310482,-18.5260656802264,-9.63789413337735,-10.3392497722113,-8.74532190437259,-8.15103007256454,-7.23202832874176,-22.4105179778277
"LARGE1",-11.0996278558563,-11.3558869802451,-12.5937887218405,-11.6841369281483,-20.2024418898514,-10.2106694393368,-19.9498649623858,-9.60488280287995
"LAT2",-9.57092722673224,-14.1636358083228,-22.4690773928787,-11.8421198656496,-11.0087091281511,-11.0247555418736,-9.50786574050564,-22.0095586088601
"LBH",-11.4094799298944,-19.6746415453108,-13.3079323750399,-21.4831163168007,-20.6105217355563,-10.462263618015,-21.6982249788353,-8.68112111718189
"LBR",-9.3592892604881,-10.8216421072269,-10.1217260309566,-12.395363167413,-11.3690617528476,-9.65374541222491,-9.28258794729516,-14.9700644886824
"LCORL",-12.6424507122493,-19.6243424433436,-10.3953184977329,-10.8848609496747,-10.5057099503209,-11.0338662801766,-10.5805672011934,-10.9590959528898
"LCP1",-9.41838883576674,-20.570399939089,-21.3034201201204,-11.0505906410015,-20.5963916075057,-9.08909405222806,-8.93609874496885,-11.7637080085246
"LCP2",-10.5529884572586,-10.1215802553518,-22.2311516867034,-22.0743716129086,-11.9825505850348,-11.2675729114225,-10.7226057961388,-11.1062297795406
"LDLR",-9.73520507410334,-10.8351298017138,-11.2758802649109,-21.0320312070908,-22.576489534161,-21.3627196020442,-22.2873782587659,-12.233690269916
"LDLRAP1",-11.4323859151217,-19.8343418991089,-10.4344790850952,-11.6837753871377,-17.0659735621585,-10.7184858187571,-10.4940519124023,-23.7866340218827
"LDOC1",-11.0862728262044,-10.4136581523736,-9.32894271790564,-12.3369462900401,-11.6394895481086,-11.7120604569713,-20.684941297997,-9.24940025908844
"LEMD3",-12.2102949348021,-10.2403328154817,-9.82917226291203,-10.864374824543,-11.132378508351,-11.0576043987463,-13.0276326405451,-10.7429201723178
"LENG8",-9.51986872899381,-20.3757026535173,-10.4085618864461,-10.7121549288141,-21.9468964293751,-11.2729578546303,-18.5065958770453,-12.0134260164925
"LEPR",-9.75599274454058,-20.6938052061221,-23.4437214187235,-11.947819572438,-22.4039314247406,-14.1381687841798,-22.9861977381098,-11.7256996509907
"LGALS1",-7.43826613821854,-11.6720738103928,-8.75955547429251,-8.25842947909204,-9.148546885931,-8.14878822572393,-7.97442978227112,-7.74186139413203
"LGALS3",-8.93144935745458,-9.39284326159418,-22.1636108554159,-21.2390165831488,-10.4923478207857,-11.6888805256445,-9.21633927225771,-22.8845914887266
"LGALS9",-11.79790451103,-20.5831810191322,-10.2613852823722,-13.1942362280614,-20.7639754705068,-9.86151833677535,-8.95176537105067,-12.1431495486037
"LGI2",-21.1415864225272,-18.6250480388281,-22.8364817073538,-22.9190371550336,-20.7992869798517,-10.4915659692669,-22.3204701240602,-8.85168909873507
"LGR5",-19.4660119528176,-9.26602238296945,-9.93907123219222,-10.8583265787046,-11.3038299138535,-14.1280803707749,-20.8213162710664,-20.8476240027361
"LGR6",-21.1525659868416,-10.9342726441267,-22.8874096412671,-9.9390094675416,-11.3012294200337,-10.6157913045181,-21.7528190747522,-22.5992552248006
"LHFPL2",-8.87460112668659,-9.10653595605364,-21.4140921672794,-10.6041532046759,-9.82548436404871,-9.23670440066562,-8.35543910497821,-11.3746917828444
"LHFPL6",-8.29490249936531,-18.6043419896028,-10.4205601327778,-8.65248971289457,-10.1455770311956,-9.18796290281856,-20.6567677644541,-10.7120669105778
"LIFR",-8.96902056110995,-8.71108384425031,-8.13191441499209,-8.27891214506571,-7.96125529483242,-8.68045126879614,-9.35817384319591,-10.3496736532296
"LILRB4",-10.0722945854995,-21.0662988837002,-11.215784947131,-11.8811026645602,-22.125474420081,-11.6044270085212,-9.3349468107196,-23.3464873261427
"LIMA1",-11.0126373333357,-9.15162000519052,-10.981437670441,-11.1733433946087,-18.5979450112146,-10.6685615358191,-10.8256377255217,-12.7247395873079
"LIMK2",-20.9560409267379,-10.7856453311389,-12.2697541934149,-10.8389907783398,-11.0678477725689,-10.3024991906816,-13.0524880251371,-10.7153254930153
"LIN7A",-17.1036434004471,-20.8753552423254,-20.8109696403672,-10.3754513244585,-10.8266823559385,-9.3589318851062,-12.09492863138,-9.54727882751216
"LINC00623",-10.5338099538792,-9.35983498124367,-21.0854341808926,-12.0392578223093,-19.8403328815415,-9.72780200280315,-9.82148533538249,-11.0943293936426
"LINC01088",-9.97073824387112,-15.1735694173252,-10.1777891378865,-9.353738004738,-9.95493134739068,-20.3647728472262,-20.5235914453799,-12.7983199372395
"LINS1",-18.2656385418897,-17.7118682833847,-10.4026706802602,-12.5491860895469,-20.6954921140657,-11.0139201514427,-10.5127978611066,-12.0937386230537
"LMAN1",-9.55713186283698,-8.83619857111955,-9.93799198769262,-9.69645977047622,-9.82502902536209,-8.99857263188651,-9.31638011559147,-10.7363333487744
"LMBRD1",-9.86316083121202,-9.44439935403059,-8.11524093734565,-8.80462983016793,-9.51483958673048,-8.14980722409914,-8.37775111065426,-8.92763086691211
"LMNA",-9.57619417735638,-10.3625951099169,-10.287630472184,-10.4260725609826,-9.95252328992491,-9.34102863562133,-9.9877888328794,-10.6954744478866
"LMO2",-8.74901234450256,-20.4607082578605,-10.4878233693275,-11.1784046276289,-21.4668848132232,-9.84304138973958,-9.6068079648024,-14.0016157897725
"LMTK1",-10.4528537076725,-10.3648382138143,-8.38054447374756,-10.6306351212893,-8.93807129065041,-20.7070073413623,-16.6387614772407,-9.31430118158235
"LMTK2",-10.286157520205,-21.1219890071907,-10.6149257613799,-12.1097974051406,-9.59309418771055,-20.4123698729077,-20.9708538256781,-9.67231322099022
"LNPEP",-18.83797784804,-20.303944115101,-9.73719855379555,-10.2052166716278,-8.56511869499455,-10.8908435191675,-9.43027146132582,-9.03324343187071
"LONRF1",-19.8161469696139,-9.10415851398838,-21.1715320353601,-10.5589836831692,-10.271566755361,-18.5472008826853,-21.3202289384703,-10.8086083199865
"LPAR5",-10.3358998712664,-10.1485916242991,-21.8641528060546,-20.7122130788848,-21.927872384272,-10.4280068679287,-9.2158024105525,-22.7737175937328
"LPAR6",-10.687181159726,-21.4571511420133,-12.810130357332,-11.7170747193828,-13.7470907935671,-10.5536510288035,-10.5893890296601,-22.9031533432275
"LPCAT2",-9.62423225663382,-10.7627319465691,-9.97609492075589,-20.0745937431697,-20.4230234769929,-8.81706413194539,-8.21708356156679,-11.1379454968687
"LPIN1",-18.7428466365809,-18.8967189790301,-18.1036809718308,-8.46505690127618,-8.30410867963005,-8.41424454414114,-9.61306188597169,-8.90295964064628
"LPIN2",-10.1655128497363,-16.5518903058942,-10.8126754886539,-9.76681687451523,-9.3995500701941,-9.6857341795019,-10.5586360044944,-9.84390070356187
"LPL",-9.72798574143335,-9.26339917981057,-21.4321074668582,-11.9139111862811,-19.8868423188611,-11.3716390765995,-9.98209790280227,-11.1104497652343
"LRATD2",-18.6880098718796,-21.0556460490261,-10.1230277069578,-11.5487388345784,-19.3551624223766,-21.7957574458009,-20.2494325947804,-11.6430375109214
"LRBA",-11.1828498134759,-10.0203159571011,-11.4353129554617,-11.8291131615639,-22.2668466190526,-12.447414444975,-21.5932055835893,-11.9981038369256
"LRIG1",-10.8381901442435,-9.16375935949632,-11.8173417040641,-8.42370870936842,-8.66550964955036,-9.00023241478632,-19.6717117884857,-11.5778682952054
"LRP1",-9.04647590670873,-7.53087949855012,-9.4030998865383,-8.71062374406544,-9.23808837278487,-8.91644730733709,-7.97814536454344,-9.75930042496589
"LRP12",-20.1078145207296,-10.5820549760057,-22.4473964503556,-12.2956444131258,-21.3204654836378,-12.5987333763507,-10.6572162130061,-10.6820532652902
"LRPPRC",-19.9953215515617,-9.56608157319294,-9.26961070575586,-9.50538998485199,-12.1807098399491,-9.08924135799661,-11.4699947743323,-8.50294697715205
"LRRC3B",-19.6926615630376,-21.1698297766294,-22.9193780481286,-22.8871500155651,-12.818477366676,-10.2497051212636,-12.1202297442918,-9.48081918464422
"LRRC4C",-11.1255722991526,-19.6749201222677,-17.5724449063383,-10.9050002662679,-16.8866889891138,-11.1137910512116,-11.2725395997909,-9.97419989724107
"LRRC75A",-10.1601141896242,-21.2452964708236,-11.377854233686,-10.274538383179,-21.160338364955,-13.2863866436949,-21.8800951450691,-13.0341776119853
"LRRC8C",-10.2858124278268,-10.1338226835182,-11.2578783838842,-11.5507307450273,-20.9989390249973,-10.7788919168934,-10.3655909890054,-11.4987151888494
"LRRK2",-9.60124490081056,-18.7211637734112,-22.0380645264249,-11.3552387843429,-10.6805410118282,-21.5474084718681,-10.1411114657869,-10.3055858465728
"LRRN3",-19.7084777149404,-10.0541454498371,-14.3958328516637,-10.0609370854252,-9.54271611770535,-19.3014207584224,-18.952869319398,-9.38913662315359
"LTBP1",-10.0075742747915,-20.8197567997545,-11.1033891884008,-21.7431990057636,-10.8119016694258,-12.0467360958144,-10.7642468795012,-24.0260164163696
"LUC7L",-9.83050228057225,-9.80560021727502,-9.31172491350585,-11.0137496856337,-20.4915459638456,-10.8567446746559,-20.3151299175169,-10.3176256703027
"LUC7L2",-20.5184509549702,-9.68973734101587,-9.25924957982341,-9.95993995113326,-10.2014310811191,-15.5602184266838,-9.78963728395328,-10.302310937052
"LURAP1L",-11.3490127910937,-10.4964651962113,-10.520183706081,-23.5863882279497,-13.4495882401711,-21.8433899052898,-21.4324481241453,-10.878976449587
"LY6E",-9.14325259070344,-18.7050960674037,-20.5371607893182,-10.8257127648546,-20.1447445625955,-20.7313556459505,-9.40640820510581,-9.66525552061811
"LY6H",-20.6117746604041,-19.7564383028521,-22.2630028758115,-21.1225485506884,-9.9806983998265,-9.26918059197442,-20.7053124940388,-8.25265696587432
"LY86",-10.5996599383458,-18.3065915708457,-11.4229167320177,-10.5131772940337,-21.22610842637,-9.44419400332231,-8.45124374398463,-21.9381798681995
"LY96",-9.53987415809925,-12.0517161212758,-11.329468331142,-12.022737083803,-19.5274058401783,-10.857677128226,-9.59671903615191,-12.1306951305873
"LYAR",-10.4659542902526,-11.9985469191181,-11.5784792955218,-11.2754665903881,-13.5457376334656,-21.6270838977429,-10.8302359149246,-23.2565834837854
"LYN",-10.280142891012,-21.0383463105413,-12.496420450518,-22.7417236322771,-11.0486151663305,-10.1551818901814,-9.09370730810979,-23.2973488089354
"LZTS3",-19.4362769304255,-19.420327907208,-10.268216380668,-9.67583615690844,-9.06014985128989,-20.221102747368,-20.4316285544081,-9.4012318992601
"MACROD2",-21.2827150256451,-21.8824132052585,-11.7641721032085,-14.1614568374363,-21.6772272360633,-21.92669434034,-22.9549480715325,-10.7073382521802
"MAF",-10.8509534943441,-8.31895958297804,-10.8605277856933,-9.90498375921942,-8.79508440269065,-8.92829116942241,-7.94757794879537,-10.7202862598755
"MAFB",-9.8290362158018,-15.8094017821908,-10.8767542494421,-11.265546930076,-10.9370050787278,-10.5748892072018,-8.97335514950989,-13.5275416854345
"MAFF",-8.78931670570818,-9.67715332596918,-9.64755625522622,-10.8422881782915,-10.1332259931523,-10.2211145208892,-21.0683194338377,-21.3067420398341
"MAGI3",-10.7161425021382,-20.5935753424716,-19.9330329746193,-10.9206487507119,-13.1349007205504,-10.2405370625893,-12.0552802955685,-8.86589661349659
"MAILR",-12.3103534859974,-10.8947324064515,-12.082788664021,-12.1402741740334,-13.1010135396061,-12.7435224336822,-12.1607116523874,-14.2408767337919
"MALT1",-21.2002136709684,-21.0488307519598,-23.0115840672029,-11.4635392790332,-12.7713532710314,-10.7938972846145,-11.8113522796992,-23.0318072879256
"MAML2",-10.9874069465617,-9.25189429453449,-11.8595986712523,-11.2276077611196,-10.8240702194224,-9.98664355710948,-11.023473856855,-13.2974042763375
"MAN2A1",-9.24050590614351,-18.0550568064396,-8.402543081523,-10.2719116191658,-9.60118311625814,-9.67760912183103,-9.61261616788438,-11.8855373395379
"MAOB",-9.24761071411166,-8.58302800417781,-21.0504584822157,-9.53895482979937,-9.33658076374114,-9.31212392277359,-9.90492885153139,-10.2284489172183
"MAP1A",-8.26787116684604,-8.54273670064977,-8.63931936836387,-7.57870317227234,-7.66619284130945,-7.73551670499097,-8.32254676692707,-6.73326716419625
"MAP1LC3A",-20.1947628764263,-8.86090358852294,-20.6094905892497,-10.5405305112371,-9.45450798567102,-9.83146432966926,-9.71884493246604,-7.8872914898937
"MAP2",-8.14744890434437,-7.22780278275811,-20.9226335087846,-7.741670842684,-8.28222662227214,-8.26816505306111,-11.6657072177109,-7.04294484477
"MAP2K6",-11.3764248323268,-20.9540894151114,-11.1929508598966,-17.6014573436897,-10.6939695329544,-11.3748417967149,-10.8515218603389,-11.0212331534063
"MAP3K12",-17.39397346671,-9.43702617994301,-12.0470953190576,-11.097095028204,-10.2623449313713,-9.71062822758312,-18.9492103311792,-10.3683853408712
"MAP3K2",-10.0696930369431,-17.3785041604685,-9.88715523386315,-9.87436515556713,-10.1089943895132,-9.8748411464545,-9.56950884804402,-11.1301304635991
"MAP7D1",-18.4489622406878,-19.0400860964548,-7.95577459102324,-9.80135846323685,-8.88978088111295,-8.97865655981709,-10.0084475877679,-8.47914765436962
"MAP9",-8.43201843124437,-14.1083682321958,-11.0686113863049,-9.21049010935783,-8.51165815223342,-8.83556838330615,-9.47078281289782,-7.47720046752577
"MAPK1",-8.88743770100748,-9.80154185363219,-9.51205959432645,-9.88190221774761,-9.33465037626183,-8.33250257328127,-8.28288607974514,-8.0577130167681
"MAPK14",-10.2932477679119,-20.3748925496428,-14.3680291024317,-12.0999112879396,-11.7237254921739,-11.2624316453614,-10.8842029734582,-11.5511907780015
"MAPK4",-20.1334484911316,-9.40878951019742,-21.695186330537,-8.60204480197397,-8.36186920155099,-9.12493909785772,-11.1103192714477,-10.2005581722582
"MAPKAPK5-AS1",-20.3356667036792,-10.8858653900521,-10.2765422160408,-11.8072468560689,-10.0391681110921,-19.0343090430479,-10.5749002471793,-10.5822112203973
"MARCHF3",-11.7662177809789,-19.995281085067,-22.6017910083827,-10.3556860767866,-10.4756104974585,-20.2550251786375,-11.3665894443566,-12.8661878492732
"MARCKS",-9.23543596388679,-6.09400479332204,-8.98716574720908,-7.37329290021862,-7.95376615744728,-7.40412430345907,-7.2904903288992,-8.75924677068039
"MAST4",-10.3088694413644,-9.58012937911569,-17.8823365621088,-9.69504857513044,-9.95827718607631,-9.84155505952758,-10.5091955295537,-10.3064148525558
"MAX",-9.67594002454818,-9.30480469214836,-10.3610255655975,-9.37847040747555,-9.23502325480055,-9.37040561549924,-10.447620452699,-10.5034123816909
"MBD2",-9.44809926866387,-20.3380813197282,-11.2981947034172,-10.0838608542975,-9.69247816173849,-18.5550336639163,-9.55903765551931,-10.1018728950459
"MBD5",-9.90291693204896,-11.6871331531485,-10.7980094412397,-21.3588164920837,-10.8634155696096,-11.2199109016674,-10.0843729351172,-10.4850392642089
"MBD6",-10.612885429672,-18.8329650316932,-11.1798175180492,-12.0650685531988,-10.9041872601695,-10.6885595862213,-10.8990068460486,-12.1555900266871
"MBTPS1",-9.61516662609726,-20.6759401991242,-10.9440348469592,-11.4972221673114,-11.6622544442324,-9.36243823959885,-10.1287654004154,-10.7180824801457
"MCAM",-10.4021130651811,-11.4492364962975,-9.93079810067385,-12.4850855702187,-10.9401716343937,-10.4824398632375,-11.0830774786609,-20.8513205533218
"MCF2",-11.5869644699663,-11.2715667964691,-12.2198638559625,-22.6898001072212,-20.6624749010837,-20.6859788612809,-20.9883697187463,-9.55030679333384
"MCF2L",-8.95824336907121,-17.4534107031933,-9.46910460549741,-20.3061748657265,-9.66227559302001,-10.583053014884,-9.41911730773017,-9.74722624658616
"MCTP1",-10.366443801311,-10.0216334602497,-21.0243977244713,-11.3302174715903,-16.6376265023356,-10.8974984407704,-15.4406985058524,-12.2163164380348
"MDM2",-9.90948198615238,-9.57258224251027,-9.46731364758173,-10.6605792165547,-9.51786018590224,-9.93960721821032,-11.0766484729877,-11.2663705297886
"ME1",-10.2081783605503,-8.84182420527588,-10.6582626559419,-9.7594357635088,-9.63031877997515,-8.96605213780905,-10.1380398426617,-9.46500229423857
"MED13",-9.52944746141095,-8.26402845600711,-9.49077601003542,-9.61170121255674,-8.79765064417384,-9.77447314308261,-10.1300050384122,-10.9655405867065
"MEF2C",-21.0292835269034,-18.9706070766515,-11.3498169163391,-10.4143689912017,-11.1269412319644,-9.7225062603353,-9.45708860725314,-13.0496875039828
"MEGF10",-10.3325518003676,-9.56280408991366,-8.76180772346438,-9.97766876807677,-10.603769219766,-11.2263489153797,-10.0188752204829,-10.5587464525863
"MEGF9",-10.0805196478798,-19.5433349949047,-9.36836228649489,-8.27900921063756,-8.20940128820053,-8.2601588526344,-9.36329028615791,-8.76972788106394
"MEPCE",-10.0009880279949,-9.51700134243468,-10.2420657688458,-11.4989082627382,-21.0413895182449,-11.1106184172144,-10.589159902257,-10.3584896980286
"MERTK",-10.1470925737893,-20.3983816675263,-21.2227719619726,-10.2998081544525,-13.8086134360108,-9.32170317376942,-9.21327547103085,-12.696522330303
"METTL16",-10.5842792667872,-9.99595492673262,-10.5721339322903,-11.5845986276436,-13.8137514169899,-21.264174184956,-11.8392203930338,-11.2931431000665
"METTL23",-20.7437152837085,-19.2926927133928,-10.9552989834634,-10.2787863579095,-19.8514314182387,-10.5408513384858,-10.5001570293619,-11.284550180536
"MFAP3L",-19.5104883936358,-20.4700966226571,-8.61723204131561,-10.0815295796912,-9.31503421291175,-9.09218539577882,-10.267016408715,-10.7861207868285
"MFGE8",-8.98233181392134,-17.5338822992215,-12.7427181932816,-10.5879815533343,-10.7576739218294,-21.8294954377974,-11.2971043878156,-15.2183738124756
"MFHAS1",-9.16960278046093,-10.3334647229329,-22.7735895996292,-11.0861373271304,-20.7669232082144,-12.8889201772314,-20.7543490215726,-10.7301370962903
"MFSD1",-9.78425242606925,-10.27886437359,-11.5044574013635,-9.6286133509292,-20.9998564384139,-9.56409907630752,-9.02441043798547,-9.77570530759698
"MGA",-10.6771339878769,-10.2086986523482,-9.92067327094568,-10.7130493991015,-9.143664010934,-10.3894710640516,-10.1655446539523,-11.2883587075574
"MGAT1",-8.70174873624732,-19.7799305470576,-11.0419504185702,-10.2365894415855,-9.6456006838554,-10.4962044171765,-8.93614112934702,-10.955913133056
"MGAT4A",-9.29992346337854,-19.7084436063391,-10.1139511722843,-20.3915624011833,-11.5888868988934,-9.17967647692797,-8.78856387409547,-10.7248553381646
"MGAT4C",-21.8123445138929,-11.483410693695,-22.7362647637686,-10.7434591307167,-9.74818258757627,-20.966320943649,-21.5754697312149,-10.8425304407739
"MGP",-9.10832187257263,-11.1487167077212,-20.5730110201276,-21.6950946252923,-14.1808619225013,-21.2888874234404,-11.4106964316453,-23.5219098586197
"MGST1",-8.17700328849338,-8.66925878289919,-18.5601927279563,-7.31312265313588,-7.82323433121255,-8.16862792207081,-9.35430557601063,-11.2996660598967
"MIB2",-18.2767645244083,-10.7019432666171,-12.0460384859062,-11.1861297358193,-20.2061787543365,-20.781182078917,-10.5021073596139,-11.4361668749467
"MICAL1",-15.6792349849658,-10.0750618540828,-11.4224448358508,-21.8610913329845,-12.2789453400719,-10.4559833956082,-11.0769074340033,-20.9262379735895
"MICU1",-9.23623205365372,-12.5692978506387,-10.7787715388611,-10.2352012061073,-20.8573110243626,-10.5295450559471,-12.5391248998743,-9.17046353540382
"MICU3",-10.6726213605969,-18.1311251099023,-21.3823706537612,-10.672106092848,-19.791269967256,-10.2722919925235,-11.9311872323165,-8.77661870575894
"MID1IP1",-7.43413467448859,-8.16721486063714,-5.8455796696805,-17.7978528382132,-8.37691403099321,-7.9069859688565,-7.72018401247177,-9.48341005473216
"MINDY1",-10.1785955579751,-10.2001043912451,-11.2152614769745,-11.4557910846614,-11.2995375763453,-10.4232985285711,-20.5215120479153,-11.443849101025
"MIR9-1HG",-7.58721109285217,-8.21452224643975,-8.98298630763004,-6.86993786681157,-7.23789607304922,-8.28146208249195,-7.98733051457195,-10.1532418603557
"MIR9-2HG",-20.7151536196568,-9.81627528165874,-22.7193846978079,-9.95784547591446,-11.4466995628516,-21.7453389989035,-12.0668622273107,-11.7299831059963
"MIS18BP1",-11.6429957056664,-11.2369555817715,-12.422880100211,-13.0926780332047,-11.6179782941766,-18.7721283446442,-10.4436729228802,-23.7873134603095
"MITF",-21.4258835625611,-20.6755946750633,-10.0438316207662,-11.5312947567792,-17.6553978149458,-12.3183214474674,-19.8940360574353,-10.6003668308345
"MLC1",-20.6424393168522,-9.31285214826087,-20.1551761959219,-8.92949606778124,-9.42131357048326,-10.1200673542192,-20.1088554588614,-15.70132484696
"MLF1",-20.4472419433651,-20.5030540730531,-21.3690466314184,-9.88991418178611,-11.1048748202345,-12.1213207181444,-10.6782582249367,-10.5904298002878
"MLH3",-19.6122868073611,-21.6415799671338,-11.7365400047061,-12.3480818019342,-9.98645529264515,-10.6044798528131,-9.87643025855591,-11.3080623971516
"MLLT11",-19.376397181987,-8.68002709601345,-10.6741601242162,-12.6745458238567,-9.41194917980154,-8.82646966616349,-12.6071912992809,-7.22243838511389
"MLLT3",-10.4686155421971,-11.1107126308035,-21.5035868962615,-11.2667853420785,-10.3061316125501,-10.8597994169976,-9.91708097414219,-10.4106965622943
"MMD",-18.6900016588494,-9.5779126262873,-22.0119486078924,-11.4042835912687,-10.0826042149017,-10.104070205055,-10.6520309089577,-10.0822413652462
"MMGT1",-9.59910363357324,-10.8201419224315,-21.1908107704949,-12.783427344578,-11.8652821345165,-20.481963003073,-9.90280875605071,-10.5550023620277
"MMP16",-21.6781441154593,-8.93662830647445,-19.6986771746522,-11.5269565847595,-10.028476616281,-11.5490696880851,-12.6312533198262,-10.2908413544829
"MNDA",-18.5313679674504,-17.6436522945779,-22.4591311576868,-11.0418432591694,-10.7230787136368,-11.8289742708199,-10.836500145203,-22.3764129538508
"MOB1B",-9.22627845399291,-10.7213831117316,-10.7052001500713,-10.0756955128535,-9.55149140823437,-10.9129386154666,-10.914775503703,-11.0508638585209
"MOB2",-9.29592457033797,-10.5079124981742,-10.7704085289761,-22.2550994028022,-10.7639767006231,-11.5614040934647,-10.5418094786726,-10.8143391014424
"MOB3C",-21.850732211548,-11.4254755596082,-11.2323187330187,-13.4788476203309,-20.5928093358663,-14.9611647511634,-11.260841824632,-12.0125919118475
"MOSPD2",-10.0651764989648,-17.417598330408,-9.12076852860526,-12.0843700604347,-10.4043551475205,-12.4247634595172,-11.4481790814761,-11.1486586723315
"MPP1",-18.9594378138263,-11.2370260624824,-21.5832247388265,-11.0325687054531,-11.1219492586864,-10.6092681666594,-9.84595204014024,-9.81352659927681
"MPRIP",-10.8138123379813,-8.89988793211416,-9.01019423313797,-9.18352421517971,-9.29712987095527,-8.72574673670884,-9.14614519715222,-9.07886692997522
"MRFAP1L1",-10.2175742039897,-10.559748940353,-9.43667477733941,-9.80097792527239,-9.18807112516816,-9.02383768100868,-9.18865487478031,-9.40584106092241
"MRNIP",-20.8336648201476,-20.2867739979373,-11.0965999834355,-22.1515339485226,-10.3097437121082,-12.0388467516494,-10.3855098345777,-11.1827351925159
"MS4A6A",-16.684546387736,-10.6100162110946,-13.1378167549354,-9.80426595858064,-21.9219433848395,-8.77702767777116,-8.34978999156214,-21.7172510690458
"MS4A7",-9.79038566512992,-8.93756237485136,-21.324447971663,-11.6377238585166,-12.4235517341265,-9.38380575931778,-8.62707448863604,-11.1923506507429
"MSI2",-18.5729461973958,-8.13904899703621,-10.3947330368816,-8.28638229258596,-8.49422469333884,-8.5872631104672,-9.41141441150334,-8.48859959809764
"MSL1",-9.879704286301,-8.91206430343776,-9.30058816135711,-9.86973994535683,-11.1192887572323,-9.82124647450345,-9.72576798534725,-9.66356161414223
"MSR1",-9.68282385443273,-21.091689259663,-22.9392308783382,-20.3488223024928,-22.4102789047756,-11.6001902023362,-9.35901025556869,-13.0211966735013
"MT-ATP8",-6.80343030605814,-6.47742044482017,-6.61813836274603,-6.04421007624553,-5.88883325815997,-6.40998567182365,-6.91819709278452,-7.44359755149763
"MT-ND4L",-6.97392501883898,-5.73664460653042,-5.81135904749425,-5.11684760239785,-5.08810868568658,-5.76604852048286,-5.88980796926532,-6.64623681671223
"MT-ND6",-7.68523333823672,-7.48078448201593,-7.75142329525226,-7.26973442760333,-7.4110094043189,-7.86882942189228,-8.52965302546461,-8.99311978331853
"MT1E",-6.34172456509407,-6.0658142444228,-10.4270002758987,-5.36438130189724,-5.78439153499122,-6.27862062781005,-6.70383858417164,-9.09129284288853
"MT1M",-7.21532537601,-7.65803447077565,-10.7738968353603,-6.24345255186892,-6.64542741730765,-7.28755399754043,-7.90592523869228,-17.9380145870957
"MT1X",-6.75508609598782,-7.68843385095025,-9.38956229120079,-6.0941373154317,-6.7653140705243,-7.16136135733995,-7.59701474538327,-9.51505996731975
"MT2A",-5.6713232233998,-6.1984920776984,-8.06841828549996,-4.85338551202184,-5.17047427914347,-5.8726938021545,-5.99512481890365,-9.14023424279999
"MTA2",-10.1816136075903,-13.0659100113301,-10.6717167602391,-23.2447279424526,-11.7489472999298,-11.0457490432568,-17.2514088503152,-22.3248224365663
"MTARC1",-20.2577343615536,-20.3234184666088,-18.3066691770615,-11.1833375426089,-10.5690331862529,-20.2809299465083,-22.735208869031,-11.9255028009121
"MTCL3",-21.0043898797286,-9.78112983553821,-14.919321922172,-10.7037268078646,-9.85491429951313,-19.3977676447916,-12.957038648521,-10.569945399719
"MTF2",-12.9745872837897,-21.9631140280646,-13.0686636125853,-14.2667474427742,-10.9100049787133,-10.9712792990867,-10.7985772581861,-11.9158356165759
"MTMR3",-19.5855923566796,-11.0344260184552,-20.5020408339421,-10.0448320353526,-9.7756231479542,-9.69744318485441,-9.87119571058302,-11.2558021992099
"MTMR6",-18.8836570450972,-9.54430695446447,-9.5016504975794,-20.8766100681899,-10.1805789984937,-9.93975769314977,-9.7254794118522,-9.19025432143258
"MTRFR",-9.45827061064331,-20.9100125411811,-11.1894330598067,-11.2029090166126,-11.5218547370684,-13.2065164277212,-11.289210489932,-11.1209523193374
"MTRNR2L1",-8.74977243375621,-19.3255251980065,-9.69216567425674,-8.35199045611471,-8.78044428703638,-17.7295650082237,-18.9428864821445,-9.59980784163372
"MTSS1",-9.08058132540372,-8.42786420973339,-9.5742855190277,-11.4596808145859,-20.5377608761879,-9.92690627024927,-10.0213240753972,-10.282211081854
"MTURN",-7.90203925747897,-7.58023346840489,-6.59858711433263,-7.20160475487667,-7.14809568847392,-7.75336881054088,-7.68830583838197,-9.14102832360359
"MX1",-14.8301314564446,-18.2369344774555,-21.781971400079,-22.0353377170354,-10.632837772379,-10.523966240964,-10.3730254477155,-9.53521494515281
"MXI1",-9.59973880195987,-9.17934882388412,-8.65900496883887,-8.47357116536128,-8.54212287201944,-9.29382817467255,-8.88858488712275,-11.4861832254747
"MYBL1",-14.6271947736162,-21.4973528697111,-11.5464814729888,-13.1373014416636,-21.325573476513,-13.2183071289392,-10.7678098695137,-21.5579874608637
"MYL9",-8.90706778951101,-18.7204136792596,-11.8234043370652,-12.5115893981739,-10.5750281719717,-11.6358298666922,-9.91123668570902,-21.82705857858
"MYLK",-9.34890363767838,-10.580579054946,-9.05117022331632,-9.7873569103835,-9.66469206947389,-10.8779566559198,-21.1796800608983,-22.8427519314158
"MYO1B",-9.03210320443107,-10.125696218575,-13.2887946302355,-12.0426392506296,-19.755332436457,-10.4286736317439,-19.9235614788857,-10.5015028841845
"MYO1D",-20.2242044762099,-18.43269206681,-9.28670490858243,-12.0349343081822,-20.9190570979294,-10.835247516735,-11.9881649125574,-13.2066676259382
"MYO6",-8.593899412256,-9.5907775630757,-8.41930306936377,-9.30113191677966,-10.2969475969329,-10.4724467918247,-19.1509357272369,-10.7429197848843
"MYOF",-11.1945272323279,-21.6062498498667,-12.2700457077784,-21.9081759728392,-21.2423436258617,-10.5594203024273,-10.387909508969,-12.9275208051218
"MYOM1",-10.5103700730375,-9.5152312117279,-22.6994983160138,-12.4256363211552,-11.1144132708401,-11.722405051908,-11.1191397570094,-11.3459775681143
"MYRF",-19.2193596162782,-8.86138229836223,-7.60009565504212,-20.7590404818407,-9.47120268058027,-8.63658587171759,-8.76213264254941,-22.2988960890669
"MYRIP",-10.9088454858226,-10.4101564960735,-12.6302378059071,-13.2469962388648,-22.6319106208945,-10.2802378492264,-11.9335933702663,-9.92158370347816
"MYT1L",-10.6501802459054,-18.7468426284453,-20.1175893413009,-11.9845746065571,-21.1404871036864,-11.8905288610375,-21.3973268225292,-8.87977654124361
"MZT2A",-9.51785634526816,-8.56799624710568,-20.1185684568972,-11.2064403209475,-12.3093975864666,-10.3603155588765,-9.17481561363465,-9.53759633720505
"MZT2B",-8.51484533731436,-8.67157675130071,-9.75606063297884,-8.35628005738891,-8.52527967333778,-9.23634512972182,-9.4443536457201,-9.09508535168129
"NAIP",-14.7406275588314,-9.74910590242079,-10.5627558278101,-22.2556968527795,-10.9409348618413,-10.6364526417717,-21.9734593033944,-12.0480299876561
"NAMPT",-8.7905024118136,-9.41452940728425,-10.3425931275592,-11.6015948376535,-10.7296382231762,-9.5122271100265,-9.52478853217869,-10.8414713469203
"NAP1L2",-9.53112585909188,-9.45343927930478,-12.0499723292561,-11.0881868529939,-20.3087908543343,-10.8991523157377,-17.3140112640067,-7.98530376271634
"NAP1L3",-9.06677415873376,-8.75011523839006,-10.0958032658738,-10.5686333380261,-19.7409307529913,-8.68097001819666,-17.652501526922,-7.82887285133637
"NBN",-19.1903051155912,-11.2971156094936,-12.3729507784167,-10.994801162173,-10.0626443901339,-9.32790651662485,-10.2417290074736,-10.3956159160927
"NCALD",-10.5618956179873,-19.5519617406569,-11.1319340131016,-18.1359417563427,-10.9028597055485,-11.0430168540832,-11.9626299006589,-10.2098730197984
"NCAM1",-8.10099857059861,-6.99449422787883,-6.69067910416138,-8.54462735712376,-7.75708414841183,-7.25847024640364,-9.10558963887171,-7.62973826093221
"NCAN",-21.8516657345076,-12.1584574600645,-23.7163376690691,-11.2477081727147,-11.6135666575882,-11.7429787319743,-22.9004245917821,-11.1388804017152
"NCF2",-10.2395704414884,-10.7004203774771,-20.0851030521268,-14.3813680386876,-12.3818738350693,-12.0808094650789,-10.4536129098859,-23.1210504993361
"NCK2",-9.4661824203098,-11.753956060754,-11.0964386485719,-9.80429082810415,-10.5240989536769,-11.2946363188271,-9.92580412759833,-10.5152063495717
"NCKAP1",-9.3432139110914,-8.11796844345231,-10.1084677880101,-8.4439411688645,-8.35458334099813,-8.48333959954775,-9.40324321190464,-7.64676953599507
"NCKAP1L",-10.566657238126,-21.563208788544,-13.7569086566396,-11.1917016245469,-20.1545788284528,-10.2285215756812,-10.3519087234527,-22.9867499010018
"NCS1",-11.5778124794759,-10.1587217764255,-21.2625053124101,-9.86470445782224,-10.9139528174419,-9.87514501217367,-20.9583050459089,-8.49905894526462
"NDFIP2",-18.9481365267867,-9.49980421798337,-9.50821731622913,-10.4169910532417,-14.2180182324676,-10.0114783925545,-11.177050025898,-9.58304543867153
"NDP",-21.5026436642136,-10.1011223446556,-11.5796613434308,-10.5149802516916,-22.3003235620128,-11.2281056630657,-18.9681232623815,-21.7221129528072
"NDUFB6",-8.62228925185679,-11.5045206718696,-9.48784324651788,-8.74301623014395,-9.43434903572399,-9.26103547120445,-9.29869376385874,-8.98919930719632
"NEBL",-8.64992862176771,-7.83876812802109,-20.2526470345547,-7.75823676872469,-7.65139321980912,-9.45595540176116,-9.75893287561577,-8.8490963778641
"NECAP1",-18.1619693427054,-18.4668629291304,-10.8398300115597,-21.7674985342206,-10.2996373318439,-8.94167784320281,-10.1673309609236,-8.49857858420224
"NECAP2",-18.4031808633151,-9.37031970874557,-12.0197145842381,-11.6213710124037,-20.3085694290959,-9.20504761001905,-9.59403104014553,-11.432693074857
"NECTIN1",-10.066449683094,-20.9339935838316,-8.91591808492135,-22.1678262407702,-10.111931511395,-20.1134888755069,-12.8615968149437,-12.2426790465588
"NECTIN2",-9.51038078256657,-10.6023109197015,-21.9754273061704,-12.4058686681552,-11.4995704718998,-10.8611090232321,-10.639228629056,-10.4955531896062
"NECTIN3",-11.1379656121581,-19.9342004285814,-23.0488757540806,-12.0064506285492,-12.5616702472946,-10.8135748236436,-10.5885333227386,-11.4424128349959
"NEDD1",-21.9047512677367,-10.0924909720998,-12.492925197678,-22.653611711483,-11.5215031186854,-12.4024044083417,-12.2215035745317,-24.3715994003724
"NEDD9",-9.31597033427335,-9.87287565495931,-21.8861053408626,-16.6494082112302,-21.6588510566299,-21.689266000338,-13.1357753693544,-11.5864047526362
"NEK4",-19.4738009209952,-12.2668518759893,-21.555703950313,-10.4720810308113,-10.5617369952988,-10.6188071747947,-11.0955946346727,-11.5235591860672
"NELL2",-20.3219245314198,-8.98246641416959,-22.1302431142743,-21.8195952113798,-22.130685573983,-10.8580294018351,-11.9837485445888,-9.18374407978451
"NEO1",-9.30575059944771,-11.7387240174127,-8.75479134029665,-9.76234222623609,-9.76339228488873,-11.2200110464565,-10.259081611643,-9.87069011070819
"NES",-9.51633311592933,-19.077479555641,-10.0077737370839,-20.508663386862,-11.2240763565927,-21.5960488193883,-10.1062969171318,-22.215539172252
"NETO2",-21.891719556914,-10.5681994934979,-22.821798239417,-11.1726468486437,-12.819510814869,-10.6953662812159,-22.1737515624819,-10.4702447852037
"NEXN",-20.8960932386584,-20.2611583380756,-11.713668446233,-10.7970017771197,-11.9013983189433,-21.0964522050807,-12.6708797504261,-11.7053392032727
"NFATC2",-21.9654291140621,-19.6760743827259,-12.2715636353026,-11.0257507336578,-20.533636299494,-10.2312223349725,-10.2455779723895,-13.4463581361638
"NFE2L2",-8.05232692348986,-8.3595503786812,-8.16876953343385,-8.49171351366722,-8.49299717461176,-8.365354505622,-8.31582226159678,-9.98500700380422
"NFIA",-7.80629555297583,-8.4157010596276,-8.02685560265496,-7.87193359807113,-7.95195034294135,-8.30764958179927,-9.85937066292352,-21.8305090205701
"NFIB",-16.1633161428573,-8.10254161048521,-8.87534090601492,-8.1096191302574,-8.23623150180256,-10.028530347627,-9.05747792646803,-12.0471750525802
"NFIL3",-9.60677870220395,-11.2142626049377,-12.8777607208983,-21.5136979413792,-20.4366052643123,-11.0497500454709,-9.86421491464309,-12.347440812146
"NFKBIA",-7.76890776841219,-8.15118629188777,-8.57420249238432,-8.89290808503025,-8.16762313350955,-8.64249673438239,-8.08915992284911,-11.355231794385
"NFXL1",-11.2696569378095,-20.6630194145749,-10.6547818833591,-21.0983008906827,-10.3701066830917,-11.5323340955656,-10.957884787076,-12.0954368036186
"NGLY1",-21.923875216637,-14.0409987598319,-12.5303780207952,-10.6832865706491,-21.5664126973443,-11.0859703984249,-11.085505004782,-10.9284666295387
"NHSL1",-20.8143215562711,-20.2611184830028,-21.5592770802054,-10.5700814580854,-10.2242735074094,-9.71023106798241,-10.1489839090105,-14.5952277174489
"NHSL2",-19.3517560758239,-20.487037277921,-20.5472135230051,-10.8213151831929,-10.7050047629858,-11.32319780745,-21.0154118388386,-10.0328891832291
"NID1",-9.03808149040166,-20.4366985877061,-13.6789818148114,-11.6714632846454,-10.5661132318887,-11.9027261401549,-10.5323213861701,-12.8351933692211
"NINL",-12.566760333204,-11.094352650879,-11.5987907974012,-11.9992469527332,-21.9956827121835,-11.9702960703754,-11.6084732898887,-10.9731545791976
"NIPAL3",-8.89329841980586,-9.24828663007399,-8.64027892038211,-9.6256038419693,-10.0004412616938,-10.2825919288543,-10.0196804573603,-8.79665443781138
"NKAIN3",-20.5289181729109,-20.0680101045179,-22.3443959819748,-9.50546847895421,-10.3483730363362,-10.5395014407203,-10.3736863221724,-11.7647232789599
"NKAP",-9.23414931650053,-10.0852233847577,-9.22410842937971,-11.9193721478756,-9.92293034992751,-11.5545689303219,-14.7199489444486,-10.0567815830138
"NKD1",-18.4797659599266,-11.8874994875763,-10.8337487429012,-11.3571454233278,-10.6704529819786,-21.06374609303,-21.4752099430186,-12.4497997496254
"NLGN1",-19.7356137450383,-10.7357363924301,-10.0768023176112,-13.438150125756,-20.5225044265266,-9.10627422513469,-10.2852168162948,-10.2062477865868
"NLGN4Y",-11.6373049229361,-11.252028104312,-11.1460557583955,-11.6781880879754,-10.4512351293418,-21.5546516105411,-10.3451656847861,-11.1537530858227
"NLRP1",-9.23512125611111,-16.9862172796186,-21.6155984116616,-10.2625597345663,-10.5207680736542,-9.19364237829023,-10.2133425253487,-9.23423485196933
"NME3",-9.09716765783573,-8.19347062750993,-9.63564442426084,-9.7792374301295,-9.11061867991009,-9.31033860805351,-9.47029499630635,-10.823367494706
"NMRK1",-10.3025490371483,-9.34677667118857,-22.4334548068407,-11.0592111047092,-13.0192937013484,-9.75767193562773,-20.7895317215418,-11.4883985705116
"NMT2",-11.7263819648345,-11.1225185444548,-11.1828154487247,-11.5817239553928,-11.5987918563588,-10.4515881458035,-9.93893007998743,-10.6249518177459
"NNAT",-12.558374160404,-11.1520723093905,-13.7036109630728,-17.7582045756058,-21.8379573851745,-11.2247852243396,-21.6955761035682,-10.128023119145
"NOL11",-9.32755502932417,-8.56471233714196,-10.6974981045419,-20.7673404307265,-21.1584766868836,-16.9900045913357,-9.95699371056605,-10.5456366234652
"NOL3",-9.73161724537568,-10.6240565151176,-19.4843999142846,-10.3464035052515,-11.7542560797929,-10.5783373142313,-19.5431891492334,-10.6624120626484
"NOP53",-8.24149091871834,-15.7464525053419,-9.43096164579739,-9.52204777547236,-10.7961001545835,-9.07763494322747,-8.20297865165986,-10.8076430763387
"NORAD",-7.65414664228234,-7.05222220802497,-7.80150047714275,-7.6739002206969,-7.71393906625164,-7.92001490212687,-8.21708696317769,-6.68555252676592
"NOSIP",-9.36029864767588,-18.1788781154372,-9.55604103343649,-12.0268583417537,-10.3346003589246,-9.64732546132027,-10.1109547504634,-10.3695611338308
"NOTCH1",-11.0414791104308,-9.22397612857617,-10.4957193801809,-10.2141713778886,-10.3746482063744,-12.4751612109071,-9.58407736903028,-10.668569030127
"NOTCH2",-19.9143924381743,-9.74088267105999,-11.8959726922429,-9.0724152876835,-9.00915131622284,-9.83625378026457,-10.1063629135584,-11.2743230646192
"NPAT",-21.6062312281735,-10.4144698139699,-10.6025335690149,-11.8248128527841,-22.5632031571518,-20.9728242809964,-19.7242945732545,-11.1640780714451
"NPHP3",-21.3791678907424,-11.1360315429063,-10.4018995573038,-11.6914670832624,-19.7006937751654,-11.4525377658496,-11.0904947837217,-11.7073619108422
"NPL",-11.2040431105827,-19.1110462108772,-21.7323445135238,-10.536242849831,-13.7445331875024,-10.1081692521758,-9.78057876795306,-11.6160954674886
"NPNT",-20.9408255208475,-12.1847767043755,-22.4014277285408,-12.439867125073,-21.4712339461288,-9.73324331213061,-20.1237755391756,-8.57129945301816
"NPTN",-9.35723322212982,-9.44683917183169,-9.94913423260935,-18.0561838075955,-10.237429051089,-9.0761745057126,-9.03240974551263,-7.42929313145732
"NR1D2",-19.4616539960377,-8.18721932974027,-21.4587755726711,-10.6677586756976,-9.97942205846715,-9.54629315527599,-9.15800323522977,-9.62771038604784
"NR3C2",-20.5226872054435,-19.8197401036359,-10.5278485749603,-11.1836273632536,-11.144533924111,-10.6365326563026,-20.7755848014309,-11.1688178401886
"NR4A1",-9.07233217156588,-9.49346462074227,-10.3655751845249,-11.0477264611144,-11.2967111065066,-20.537729010718,-20.9944752018352,-12.5422035862958
"NR4A2",-11.5880127230642,-20.8217592080528,-22.8540080042257,-10.6367811903167,-10.39550237498,-10.7343998837831,-12.8653284607207,-9.53239433795527
"NRAS",-9.73013316069023,-11.7988590827688,-10.5627083313512,-11.6188302460134,-13.6878976306285,-22.0577611592386,-11.77541565768,-11.2051517730281
"NRG1",-10.9154426870515,-21.1222860514294,-22.2940580722817,-21.3663622865505,-22.0832932847369,-10.12777728421,-11.0786776449073,-9.89799145368076
"NRG3",-20.87084996407,-21.8463064159542,-23.2513150446944,-11.878532920461,-10.7162277079568,-12.2632373733126,-13.0938290841896,-10.6856977739619
"NRN1",-9.87292568115938,-20.8245909562848,-19.8205941389174,-14.0207776195092,-21.5535117556816,-19.9554341799287,-11.0602671967878,-10.1078999273836
"NRP1",-10.0600790767075,-18.7319040228858,-21.341011089693,-12.3064485618431,-9.93448785045241,-19.6731913751429,-10.7947212157652,-11.3813935932975
"NRXN1",-9.36879308631846,-8.28779130184528,-18.4000926515997,-9.26010872408922,-9.16039509315916,-9.8444823056059,-20.5407543348639,-8.75717048387762
"NRXN2",-10.1460237082883,-8.76813361068128,-12.0131873718115,-9.58537229309874,-9.85627823987052,-9.38079460068859,-11.4919858960367,-8.7388112962699
"NRXN3",-19.2242657831229,-18.0443224823248,-10.0761221600888,-9.55597426371208,-19.994916926461,-9.88579253422288,-19.5386522413263,-7.26116875841323
"NSD1",-9.33627927230458,-10.2534213239663,-11.3355073560569,-11.4246333553149,-10.2403787860949,-11.1397003210567,-10.2435953669006,-10.8619937235833
"NSMCE3",-9.92571729261598,-12.0394233318167,-9.88950136606327,-19.0919444840195,-20.798082752715,-11.1814897402178,-11.6471973083481,-9.15752735421315
"NT5C3A",-19.2808377401724,-9.78397090249725,-19.928206010719,-10.8905026311146,-10.8724213927047,-12.2065468501194,-10.6747651169973,-10.4827284770043
"NT5E",-21.6146340570377,-10.9272437284225,-23.1708156692655,-10.6630125183395,-10.9259089157817,-18.9843493982807,-12.508270328676,-12.2730617160554
"NTRK2",-7.712862343149,-6.617748290254,-15.5116406836443,-6.6961423987531,-6.76021731329751,-7.43577409756744,-9.27576514172766,-8.03407814115314
"NUAK1",-9.16645179126823,-9.24213045511826,-9.09462642567291,-10.8354327268255,-10.5834965623841,-11.8162322241548,-10.3285080086369,-9.9427241317126
"NUCB2",-10.1107663543743,-9.43025645606059,-9.83802221541546,-10.0706074369743,-9.73848117805247,-20.8625150940912,-20.0539224327528,-10.5620990541345
"NUDCD3",-9.33589768900747,-9.76014025500946,-10.4592564322038,-12.0416680913537,-20.9561397136757,-9.74784385603335,-10.1721075451244,-9.05588900596701
"NUFIP2",-19.3066239405911,-9.49418406012314,-9.03170440278713,-9.69693774468977,-9.00395122579743,-9.06048118651339,-8.59137695331207,-8.97645283113366
"NUP50",-9.74096173513675,-9.7397381971456,-10.2959998602399,-10.785490882611,-11.8784808428333,-10.4450277690945,-11.5942129978792,-10.0088792612063
"NUP58",-19.8298193779063,-9.60271072069182,-10.4022723820856,-21.4616972348952,-10.4501482382197,-10.9208454297189,-10.0119708597923,-9.73439512799894
"NXPH1",-10.9847633378942,-9.72742717477873,-22.3763197210261,-22.3363508371968,-11.0900144500412,-20.0958125521305,-21.8954848640773,-9.58041155072607
"OCIAD2",-11.0155945967068,-12.2842427116813,-11.4645507124664,-21.4804586310216,-21.6089949433105,-21.3729756791554,-11.2445433526183,-9.75407959968653
"ODC1",-11.7492842243161,-11.1596473907795,-11.0948865179827,-10.4019168034673,-20.9430282152585,-20.8787709994691,-10.3984357636985,-10.2548116843783
"ODF2L",-18.9358422453483,-11.1046376461919,-21.6856299160722,-10.9050344487049,-9.47253330549587,-10.0563316789428,-11.0421405756034,-10.4679054467168
"OFD1",-12.6987427836794,-9.17358111886863,-21.0784330569048,-9.98465370950589,-9.51828220005442,-9.68423660074802,-10.3217767960108,-11.8465198689771
"OGFRL1",-9.39695241885947,-9.95162882676361,-11.2638235925668,-7.81785106551885,-7.51756120032526,-8.5315671187921,-8.63974262210051,-9.25157137229802
"OGT",-9.0992031821761,-9.13370285050798,-9.35683607729151,-9.82360972113701,-20.614448074673,-9.03085412369639,-14.5961103732799,-9.60127420888436
"OLFM1",-8.95387055502258,-18.9005649563112,-21.1719464773528,-8.71692295352053,-9.10158736545837,-8.69190585220918,-20.6769289241014,-8.03727055031648
"OLFM3",-22.1737002685807,-21.0220519950453,-23.6360845699529,-23.7211963510368,-11.7059300044944,-20.6359428590395,-23.2516014696792,-9.84622303464164
"OLIG1",-17.1936968756463,-6.45140983092586,-7.4416568097197,-8.25579024018561,-8.76434523053457,-8.30074974692137,-8.87575415919982,-20.5255641082706
"OLR1",-20.9932677746658,-20.2655615803835,-12.3503449296513,-11.2816214505297,-20.0246371053143,-9.61853858985335,-8.72385660879921,-23.5796761723109
"OPALIN",-21.2009542190813,-20.7660749137284,-9.33337347659868,-13.6355179802668,-11.7713852384862,-21.3205190162721,-11.8090138127536,-23.4512929260842
"OPCML",-12.5532311061111,-10.828909139582,-13.3401152945524,-21.6360864100869,-11.9859883564491,-12.016888284224,-21.8004910888179,-10.098656601119
"OPTN",-8.57034486064014,-19.5079295566008,-9.22954507904717,-8.88619126732228,-9.18295355117298,-8.4239961266815,-9.18576932368027,-7.61438147837515
"OR7A5",-10.8275346037211,-20.1150434061372,-9.52452551530294,-23.2953579625232,-21.4908233994803,-11.2131402346872,-21.9838838524289,-23.3376973028957
"ORMDL3",-21.7404063760321,-10.7360359521106,-13.244257133129,-10.7771443191176,-10.1977613021354,-10.6954201757041,-11.0199955169889,-12.4984693349918
"OSBP2",-19.5561900194592,-9.73499149551259,-10.8408830978562,-11.3943603467942,-11.5868283449594,-10.3262074881583,-21.7483016060621,-10.6582535601922
"OSBPL11",-11.8082975196042,-10.3758541562199,-10.9072288223446,-9.90492270810254,-11.1425974010294,-10.2262170323484,-10.8846256179978,-12.3037742061454
"OSBPL1A",-8.94864787390225,-8.48508335246061,-8.43730191438469,-9.05996067466956,-9.85327965477611,-9.32784369262934,-9.38681272681502,-10.2700768068091
"OSBPL9",-21.2894335474657,-20.3606629343199,-9.50073918748533,-19.2592430420647,-10.4698903736016,-20.9839209662073,-11.4015044508674,-9.54103482859471
"OSER1",-20.0570590154515,-18.3581687099349,-12.4977506342185,-10.002833934952,-10.1323388237586,-9.3478439264187,-9.94796856107121,-10.8423160034979
"OSER1-DT",-21.7772874793497,-11.4945408557315,-10.9394129964014,-11.4223115734147,-21.6470268688793,-21.6327236631521,-21.035700378377,-11.0569986446459
"OSGIN2",-17.8224318575972,-20.7662262559381,-22.6300402714023,-10.8731681492633,-21.2296801253408,-11.0667571462629,-11.3330723942997,-10.0142843268589
"OSTF1",-16.2180737678372,-10.151206830134,-10.1890659282347,-11.3707697398611,-18.6899048212162,-10.4511408755605,-9.96759801965526,-11.2128199571393
"OTUD1",-21.1089479901243,-11.1167201573638,-11.1628982327809,-11.2541919209593,-11.9089516204786,-21.0807649134519,-9.67544436073422,-11.1131645193997
"OTUD6B-AS1",-11.2752955692994,-9.00879797816226,-9.44979042760673,-9.24170214386194,-20.6284050558842,-9.92711040618696,-13.006917115043,-9.07854013107839
"OTULINL",-21.2856972603008,-20.9217391535351,-20.9160919603383,-22.9378789503711,-12.1366618566135,-10.2205288906968,-9.61625510339486,-12.1115204797834
"OXCT1",-19.9163302329817,-20.8103543354682,-10.2238278953032,-11.9869417439631,-9.22468299617665,-10.4613129467451,-13.7364366118929,-9.41445512168777
"OXR1",-19.6827076797635,-9.7223589026237,-10.1004999415807,-9.4411677146405,-10.4425808254127,-9.36973746675956,-20.8767783861197,-8.42971263014033
"P4HA2",-20.6521925242176,-19.1666089744384,-11.0910923599574,-11.5532925741773,-21.3919475427327,-18.39571732435,-11.1504469788729,-10.7786401536027
"PACSIN1",-10.2170242360686,-19.5511361926708,-21.6152684322462,-14.1917688575272,-11.0328113510741,-9.89710822834895,-20.3097443133569,-8.49797958107709
"PADI2",-11.0615505483051,-8.46294057226339,-9.46208665930425,-9.02033652045871,-9.27564112038171,-8.96283320910812,-8.76214069430665,-13.4362246845828
"PAG1",-9.29450913739806,-9.56811403772376,-11.9219755567518,-11.0288479776127,-9.97482241001879,-10.2891942548071,-9.42632334685164,-11.5408354233326
"PAK3",-9.42932332912893,-19.7157117842983,-20.6142979728081,-9.80041628626926,-10.9742186194843,-9.40175516792357,-9.96213320468832,-8.49027837781644
"PALD1",-10.5474305056553,-17.6670299967197,-11.6776735190718,-22.2561556931449,-10.0713256226778,-11.4298642301011,-9.73138853089949,-14.3572435188226
"PALM2AKAP2",-8.45046343897819,-9.75112823768406,-9.54955470303742,-19.2852436911501,-9.91751656806986,-9.60218768404443,-9.43996380070797,-8.38713425653673
"PAM",-9.90146151604307,-11.509440225981,-19.7114468885709,-10.6508070777425,-9.82315388541712,-9.66778297115022,-11.1201888827368,-7.41151579228382
"PAMR1",-19.6659191748773,-21.2625691393052,-22.2258268575836,-10.6688838636701,-13.3698640995145,-20.2354030729057,-11.5796784487723,-22.7332764157737
"PAPSS2",-9.83347302205035,-21.1957792990904,-22.0065195871952,-13.4089741918416,-12.1476759991821,-22.4365058627075,-11.95894351699,-11.5372611543878
"PARD3",-19.0484436257239,-9.8909545601492,-11.9448361101355,-9.72456307078804,-9.64316808365461,-9.81543613299072,-10.8773553398527,-11.2414489263366
"PARM1",-19.1894290313182,-12.8169448774591,-12.9256843224566,-22.9012638159931,-10.6745268269482,-10.8116503486792,-12.7484403499255,-9.95991203370423
"PARP14",-9.63902629560541,-9.46423837579366,-22.4682379507305,-12.8532736516209,-11.2545297743405,-9.9529113775235,-9.83154776918246,-12.686371535684
"PARP8",-11.0428010767972,-21.800512058665,-12.4954611773177,-11.2191458317884,-10.5632564540102,-14.150460496264,-11.7389841004179,-11.0936919087237
"PARVG",-10.4060609406316,-10.2090596550675,-12.6671671639324,-12.0083982011541,-12.0456373940947,-11.259086008533,-10.8887764157917,-13.707455582741
"PATJ",-9.7274245110782,-16.5466110110748,-21.2233587722716,-11.3448488868057,-10.9337821430558,-11.2542655547837,-12.1874448832523,-9.97147268329672
"PAX5",-20.5439298084952,-13.3363459284234,-15.2744347615054,-21.7717068436608,-21.2115104115766,-10.5639419173005,-10.5396872161622,-9.80186891669053
"PBX1",-9.87463260391574,-8.35584789640331,-20.9070794659324,-9.19229594001552,-9.36844403201557,-8.35542483389572,-20.1197181239899,-7.80597472164061
"PBXIP1",-7.93803348043916,-9.44458930960959,-21.0480231237446,-8.35052113308056,-8.45028178648413,-8.75821503722979,-8.88390115181138,-20.6389723857665
"PCDH1",-9.83067890944311,-21.1561481376424,-10.9933068428617,-21.6705181312001,-22.398906959396,-10.7087433465058,-22.1296204523155,-12.0685099797474
"PCDH10",-10.6240194068344,-8.88247265185439,-9.94138223198109,-9.50090696213621,-9.0922821775551,-10.9011644458984,-10.0947769805854,-8.08767723146561
"PCDH15",-22.0440944259793,-11.1085245058278,-12.3037904444677,-12.3433895516627,-12.4463486040981,-12.4165542539088,-10.9952089142068,-11.6265069260228
"PCDH9",-8.32154393933652,-9.61427260274334,-6.78500963146169,-7.59347414879128,-7.73406259840786,-8.05036082553845,-9.47916220577851,-9.83048852052765
"PCGF5",-9.54688366855221,-9.96538986301932,-8.75691426204783,-9.34121988641943,-9.2411941802925,-10.361331069394,-9.53661619319976,-9.5274140598396
"PCMTD2",-12.8994098593263,-10.0671012260878,-9.72329357074606,-10.6961720246203,-9.77787221442635,-20.4455646123945,-9.85469936939534,-10.1204955945267
"PCNX1",-11.8320384335962,-21.0113138799976,-11.1271300553568,-10.6186555834955,-20.1828180046283,-9.48016375386642,-9.77787054913353,-9.90374393315715
"PCP4L1",-21.6723717313252,-10.6817932847921,-21.6408869613059,-11.8907646342642,-21.2259790087546,-11.4136387740663,-19.8367703010109,-10.0929196466992
"PCSK1N",-9.67237053588861,-8.80961126483652,-10.3582874605416,-9.5567462786466,-9.89116099094378,-9.33554337862338,-11.7353808029666,-7.82890513404701
"PCSK6",-10.6747760259915,-10.0712293436865,-9.00976923241823,-12.1278654569324,-19.5615154481236,-11.9044234018816,-10.3863274183373,-13.6517765665375
"PDE3B",-11.2036460178169,-21.829413040844,-11.775442542245,-20.8355793539018,-10.8899354158792,-12.092003893636,-10.6121334160434,-13.631155904671
"PDE4A",-10.3722417597865,-9.21766954869673,-22.7856409546942,-11.5870953810643,-21.5008952659036,-19.8972353045247,-22.1016217018813,-10.0752520505499
"PDE4B",-18.1756060460736,-7.38082589836155,-8.39018426451313,-9.57799466578425,-8.9245894535406,-8.63132497082428,-9.15551293596919,-11.0070478622364
"PDE4D",-11.5179067670174,-9.0951327614356,-10.4691888988416,-10.3928685643156,-10.7652014309568,-21.7653519143728,-20.9103687711636,-9.41764636968434
"PDE7A",-11.3643000085357,-9.77771331234639,-11.1201311605451,-12.8667095287299,-11.5887229413109,-21.1639371297964,-11.0000239051092,-21.8014674020377
"PDE8B",-10.3475386193732,-9.60032330394281,-10.7789350374455,-10.2762609562886,-10.9391801184143,-9.90919324105631,-21.3151929509892,-10.451765524741
"PDGFA",-9.64267497364532,-11.1473409809672,-9.33023518655642,-10.4963683476251,-9.60455585151804,-9.58461413939523,-13.6464065220087,-10.8025405980998
"PDGFB",-10.7114306970376,-19.8783519091958,-14.6111844148202,-22.402362418818,-20.6302033062777,-10.3687652233521,-9.59797328162682,-11.5822132353476
"PDGFRB",-9.24725734975551,-19.9496786643214,-21.428362574248,-11.0723252488541,-10.8341094367646,-9.98871342019883,-10.857843835057,-23.3375447439624
"PDK4",-8.18723433506314,-8.64784158935597,-7.88949246223983,-8.81172072906269,-8.31967789489884,-9.99690730415977,-8.78633037675267,-20.4889701409843
"PDS5B",-11.2573119746479,-8.19282046867159,-9.57411353238348,-10.1089897181582,-9.29624958437428,-10.0216578115365,-9.50129207843755,-9.67102427613265
"PDZD4",-10.1968368193973,-19.1062857475442,-21.6567472131597,-10.8373018469644,-10.8369163930879,-10.0695596838525,-10.3274938782287,-12.2692672159204
"PDZRN4",-17.2403231264525,-20.2188850275373,-11.5594460929117,-12.0274821962297,-11.6918039275532,-20.4705670486769,-11.7542151499021,-11.3806492557557
"PECAM1",-8.10871657567753,-21.0716233280525,-10.1538534259314,-19.3291880834814,-10.7306532497732,-22.1695644039301,-9.33466535491835,-13.7195545125395
"PELI1",-9.26419842498436,-10.4247660662922,-9.87127504747702,-11.3494109430487,-18.5656136824018,-9.13547577420741,-9.01181015169055,-22.5921536768196
"PELI2",-20.5395476269079,-9.37959427279039,-11.700490073605,-11.3825573245283,-11.3774200779571,-10.4866163253613,-12.1951246669231,-23.7708894429443
"PER1",-9.63947565139495,-19.5714755002201,-19.5251775722991,-10.184454719581,-10.3833279087576,-9.90098821994416,-9.08366269695574,-11.3654018866559
"PFN2",-17.1455963718389,-8.20241926769612,-11.0436383030413,-9.08538397717351,-9.06412338588927,-8.63909262505517,-9.05403247004183,-8.03170453535188
"PGAP1",-9.04017940595821,-10.8356477911993,-10.945382735424,-21.7372613725334,-20.4566878397138,-9.94378621351666,-11.4016780060689,-9.85471272693367
"PGM5",-9.93727676145237,-10.2370261889862,-22.7103775643494,-12.2230513843104,-21.7287945038875,-12.2742877105974,-10.2897251808556,-23.6036538982528
"PGRMC1",-13.0357068492037,-8.04609375025456,-7.92597744538717,-20.5049838636286,-9.32244744324691,-9.69998697447288,-8.72149973605414,-7.18660641360495
"PHACTR1",-10.9860333379387,-21.9342629595495,-10.5767756374146,-15.1815295157612,-11.2619142804842,-11.6798421999616,-10.5343580538239,-12.9486790354715
"PHACTR2",-9.34660688514388,-10.40600359749,-21.5753120604177,-21.1324392629421,-10.217436129247,-9.84641117273793,-9.91669122227192,-10.1717006081548
"PHC3",-20.4433063668658,-9.55998546331779,-10.0260721325271,-10.3995367052,-10.0582839216421,-10.4039836053568,-10.8338559405593,-10.6868504868807
"PHF1",-9.166213278906,-9.83003573936149,-10.7786007575046,-10.4836564337719,-17.6876372098133,-9.46901248431381,-10.1980961022435,-10.3155318209222
"PHF14",-9.61660399241038,-10.1628214685777,-9.63114545065027,-10.3508717689157,-10.030286362249,-9.6597506556058,-9.93500385004289,-9.35423266416047
"PHF20L1",-10.1925444956655,-19.5048517215113,-10.5415922033273,-10.188122219605,-8.84201335953528,-9.75677518541684,-10.6433450404966,-10.4060296938134
"PHLPP1",-9.43977397516748,-9.03876286301761,-7.69757422329286,-9.45304046983775,-9.97766046434334,-8.65051819198924,-9.29258481539182,-12.201068302417
"PHTF2",-21.2151694214027,-19.503594402837,-12.4140793479533,-14.4139188676201,-11.0111828778959,-10.8579113799482,-12.0632623817417,-10.9627620515356
"PI16",-9.82288598417854,-20.4020014340564,-21.6850979375861,-11.6960681334185,-10.7358273896756,-10.657369798775,-10.3656776186615,-22.9488046655958
"PI4K2A",-9.31658490161419,-9.70557044530943,-11.2191657201526,-22.0404808227509,-10.0206856860056,-20.4171534210573,-21.6970197030823,-9.46988033440649
"PIANP",-18.533807839773,-10.8029808188726,-21.6814691842487,-11.9856693962679,-20.5841569102858,-20.8139695373175,-21.2632417103001,-9.46329271389933
"PID1",-19.8489037843406,-9.84131017064021,-21.3327586110987,-11.0012424210886,-14.034866961652,-10.0897855207285,-12.3631592741251,-9.23469579153397
"PIK3IP1",-10.6331041133394,-9.60528662927351,-14.0212762126223,-10.7930678923169,-14.6270478420804,-9.1278070574062,-8.90984881599208,-10.9876460057535
"PIM1",-10.070918465198,-12.8149433715133,-11.2148241586378,-11.0018151135403,-19.965724578442,-10.151028320785,-11.8876872051428,-10.5141201133165
"PIP4P2",-19.1240880087759,-8.12154293470554,-9.68627197630627,-10.3796145410485,-8.84601479242893,-8.64445661126602,-9.20494634759573,-8.85944293327177
"PIP5K1B",-11.0685105490286,-19.2684088720148,-22.0121942586998,-21.4566471832095,-9.88072642374773,-10.0155024165699,-10.3470588592556,-8.77729981729211
"PITPNA-AS1",-10.525002829656,-20.9642171081568,-10.9448502572376,-12.1403338964743,-23.0082917809163,-15.5818683638536,-21.5028087652185,-15.2920282320681
"PKIA",-9.48681756529321,-9.56892178853155,-19.1933742199147,-9.33359513962633,-9.59825867996312,-10.4642020488005,-13.2523905570653,-9.39874224516259
"PKIB",-9.54869212172085,-19.6628583741863,-21.8531400298014,-16.8303150434479,-11.9663279112638,-10.069903674914,-12.5664888265817,-9.2593801872766
"PKIG",-9.65639401203313,-8.85210024588385,-11.2471995968992,-10.8524799550233,-11.305329350237,-9.84464135978429,-10.1453107219481,-10.9539753200085
"PKN2",-9.12038625563867,-9.49581813663964,-9.71344810908636,-10.444184392477,-11.9437881054889,-9.87094506192994,-10.4041516850082,-11.5077201152492
"PLA2G12A",-10.7275719541321,-17.9742084204611,-10.5207435234553,-9.52316486762764,-9.26385681117691,-19.4061962593266,-11.1795411198423,-9.16322441149859
"PLA2G6",-10.1282379820544,-19.3563131806585,-12.5598242188357,-10.9956127643791,-11.5064236312472,-19.2709636488689,-13.0625228823161,-10.9388578901917
"PLAAT3",-8.06428975299326,-9.89841094697921,-7.33063647604381,-8.95618510359752,-8.23106452958002,-9.63066471690029,-8.38658378100983,-10.2895294706099
"PLAT",-9.30781597159151,-10.494133756834,-12.3542505552088,-23.2942053569582,-10.7334098259936,-22.6837795115255,-22.3545096667335,-24.1755800790272
"PLCB1",-20.1699088729701,-20.3909348605159,-21.1487670154234,-9.70958622795137,-10.2265280004368,-8.71074338425731,-10.1939885361062,-8.97869611732311
"PLCB4",-10.3900658976829,-20.7044705301928,-22.0584289108842,-21.0066474297674,-10.6007948287469,-10.4928523938167,-10.7699410793196,-8.49651630692314
"PLCG1",-18.7352667303101,-17.8600039304789,-12.7724665432863,-10.6194151743522,-9.54306924953441,-9.98446173093803,-10.1830116265518,-11.8956497018731
"PLCG2",-7.3071176003613,-7.74940660438569,-8.0260566531932,-7.76631080938052,-8.04534191079642,-8.02071003718972,-8.66475477166218,-10.0500543371667
"PLCL1",-9.65431922008572,-18.7718405205707,-8.06796508198297,-10.9908598755407,-8.94078761104389,-9.33019529111294,-9.90433533155849,-10.7657195154136
"PLCL2",-20.4994279690902,-19.7260766569073,-18.9992513427005,-10.9628548345996,-9.60560212927317,-11.1773704533821,-10.6183842660072,-10.366031498156
"PLCXD3",-10.9132553534091,-20.815315434573,-21.1957603057789,-12.4326542231838,-10.2352679708792,-16.4390602278052,-11.1685154929444,-9.43263453621412
"PLD1",-11.6421717660797,-10.5010639316929,-10.1312704390605,-22.1211926889974,-12.0259868419827,-11.3268962059071,-20.5371885643028,-13.5153806173663
"PLD4",-19.2041525778565,-20.5405639681438,-11.2599703034272,-12.4065438172573,-11.8043105332591,-9.62789580006991,-9.9965456823257,-23.1420294426242
"PLEK",-11.3318837218649,-21.7183760086594,-22.9160705224293,-12.6465875982053,-22.3689607559008,-9.71252730131161,-9.47117935268482,-23.7692760185358
"PLEKHB1",-7.67516210584529,-7.56894771017843,-6.8254917023421,-6.99271247753542,-7.18286091473604,-7.5599283267014,-7.89524994855307,-13.4382717390583
"PLEKHF1",-10.3980850766218,-10.4191517176442,-14.1656103426284,-10.7954895400492,-10.6931876405365,-20.4909963040157,-20.550375110613,-22.8023667895613
"PLEKHG1",-11.248032435163,-12.408543847443,-11.0820458156195,-11.7462734706604,-10.6363069123293,-11.5249375413154,-11.7482148465134,-13.5568740022808
"PLEKHG3",-9.79072859056939,-9.81763223659174,-9.04227323409224,-11.1397714299023,-9.52076235266867,-10.6501159731993,-14.7043699460739,-22.3552730493337
"PLIN2",-9.60103054829608,-21.6157640360786,-20.0378198054259,-10.3036383206416,-9.92846251640494,-10.5256348883604,-10.6492011051541,-12.7858614292533
"PLOD2",-20.2387208298513,-9.77440047985448,-21.8782811947024,-9.36503810770078,-9.85016457551238,-9.79084551983594,-10.1222172094249,-12.0156879159212
"PLPP5",-20.7460785249491,-10.2037089598884,-11.5046172106916,-11.6836904713297,-14.2819919469597,-21.5702728029979,-11.9466941394976,-11.0922017807663
"PLSCR1",-9.0051669335474,-11.7233327982357,-22.0662548471846,-11.1588520856969,-11.2460148601723,-9.77683943007341,-10.3502870628387,-13.5159030405183
"PLXNA4",-21.4591738795058,-11.3142392630944,-21.831453540597,-11.3860326077288,-10.2644812701866,-12.0995767255441,-21.953871320821,-9.43114157158136
"PLXNC1",-20.9423932338421,-10.5380756972617,-20.0153786364837,-21.887188878994,-10.6963194301703,-12.0118897432824,-10.9813133381048,-11.1300047993693
"PLXND1",-9.78833893426114,-11.0622400946406,-9.18056144348596,-20.8845595729605,-9.89335219511772,-10.1557781113443,-9.27459652774175,-23.097149975002
"PNMA1",-19.9830786375063,-17.752700293558,-9.59873386927661,-8.86260025077979,-9.21969820986359,-9.24913625694338,-11.0766040188462,-8.13495200760794
"PNPT1",-20.4357781116759,-12.7075632352659,-9.43320420748021,-10.4821226929168,-10.1450659824594,-11.0850336584087,-10.3713761055383,-10.9444542975347
"POC1B",-10.5466209524565,-11.0449939322805,-10.5875713878974,-11.9578094135096,-10.8297679856263,-11.4795130289173,-11.6437412943901,-23.4336364731283
"POLI",-19.8916335053021,-19.7052833096007,-10.5741969721532,-10.8633666171542,-9.8014582666773,-20.9841996838684,-17.9357231841221,-11.197516213894
"POLR2A",-10.9408145390134,-19.201161059935,-9.3749201395791,-12.2465069464635,-10.0652069022719,-10.085424876915,-9.78209847559436,-9.14408265548763
"POU2F2",-22.2236166159327,-10.359878728274,-20.7654160461218,-11.6576268183347,-22.4525165862026,-22.3897376798641,-10.886884905308,-23.2922632752793
"POU6F1",-10.4229140537123,-12.4641203808482,-10.8753097810791,-12.2670473517941,-10.8656334060223,-12.5797754446696,-10.5993663077649,-11.770348032487
"PPA1",-8.85863141214978,-8.73687160235743,-6.18302692074664,-9.38856028966085,-8.41290381238936,-7.58670192054281,-7.80636022753656,-7.25824364549731
"PPFIA2",-19.4955978377483,-10.0792054000155,-10.1004114687747,-11.0609855605591,-10.299101601009,-12.6751812097674,-9.67581956861621,-8.57443724554962
"PPFIBP1",-9.46314015700611,-20.5159514658282,-10.7667343935731,-10.7216437786839,-16.1746676619957,-12.0526215096301,-10.7863649460693,-10.449949183226
"PPIF",-19.8371375869771,-9.91216329679707,-10.1262518193553,-9.85464507589069,-10.1166085599812,-9.5713671902859,-9.55249272174368,-10.2124383719566
"PPIL4",-10.5495518445173,-19.7897674001409,-10.9980366409612,-10.021239011014,-10.0513665024561,-9.44165741614974,-21.46356083597,-11.40008045202
"PPM1A",-8.80344872387466,-11.2238811631633,-9.24804279237116,-9.31121581586704,-9.65966317495161,-9.45883955614584,-12.7915687030619,-8.83813621877753
"PPM1E",-20.6675711737652,-11.007269621006,-22.1410802726228,-13.5123672053997,-20.5957625412493,-14.079210174993,-11.7514096422548,-9.36025703315338
"PPM1H",-20.5427205022069,-10.3839756434672,-10.2178976523665,-12.9708833239159,-11.0558369804848,-9.66284569674782,-11.5013405809341,-10.1187760365114
"PPM1K",-16.9099854982514,-7.39848208230246,-8.13244551058028,-8.31694172156002,-7.92027305322274,-8.59671518557458,-8.42371072830665,-8.41836596197979
"PPP1R12B",-9.33041806208984,-20.1592776734304,-9.84593834664677,-10.1451473699458,-11.1422505110328,-9.67657799807549,-21.501859046834,-10.1990054561159
"PPP1R12C",-19.2499562045358,-9.26820457158287,-11.0690363152102,-10.4663362673232,-10.2989232216946,-9.73803355316777,-11.4690790154181,-9.46042497962089
"PPP1R14A",-10.0866291804202,-11.2426570234574,-7.75259790137745,-21.273282154735,-9.77430332997393,-18.991761432149,-9.53347264940251,-21.2986588892956
"PPP1R14B",-17.7917349671481,-9.13398878232248,-10.0611982275266,-9.95596795304814,-10.0711681516275,-20.1333340074859,-9.4088539016994,-10.1492635874877
"PPP1R15A",-9.93421239228885,-21.6793061641001,-22.6202422252176,-22.8204627349688,-10.6551978689712,-21.2350612500651,-21.6300765003252,-10.4441021327732
"PPP1R15B",-11.1651763940787,-10.4198878202893,-10.298500575319,-9.91558884883196,-9.78820873520527,-10.0936122021729,-21.0238382648319,-11.4563625458825
"PPP1R16B",-20.0539745695031,-8.64540403016499,-9.18180864055181,-19.1654390761622,-17.2538269728329,-19.9414321526858,-10.776227049922,-12.3183958825259
"PPP1R3C",-19.8290560147245,-8.21293874803253,-22.1768127980071,-8.9536946135133,-8.81301789863478,-11.174940392518,-11.4015444363967,-12.2381650323598
"PPP1R9A",-9.93424888938178,-8.82069410514291,-9.69872692604108,-9.33478517954948,-8.98663259270037,-9.52569722467448,-19.963316355381,-9.57817492988937
"PPP2R2A",-10.0111104257886,-9.53627844711024,-9.22648419798284,-10.8421055182503,-20.3409337323748,-8.92832567828182,-9.11103477081279,-9.57845447403494
"PPP2R2B",-8.44780348251649,-8.50381031455083,-9.65901013124502,-12.1880779373171,-10.3978229669083,-9.75904359926874,-21.2413829328926,-8.7637199075502
"PPP3CC",-21.2270211389397,-20.8288688618214,-12.8072083849948,-12.0468545350169,-21.7171139100708,-11.0956257266406,-20.8408814723677,-10.7676773743664
"PPP3R1",-9.33637524053428,-20.61423946107,-11.624674424144,-9.92836638000849,-13.7222258254285,-18.2718369071693,-21.0329858483056,-8.78888346686578
"PPP4R2",-9.45499518522051,-8.86341176957087,-8.54674096936716,-9.82514666022234,-9.02295825316644,-8.91036683684778,-9.35852797512985,-10.5381888649435
"PPP6R2",-21.0370919033731,-21.4338853573179,-22.0332147978725,-10.202496219233,-19.9529572721649,-9.74908377260355,-21.598373090405,-10.2837811557771
"PPP6R3",-21.2125080711961,-9.5902887397661,-10.3180956240259,-10.1185321555872,-12.0569336722932,-10.1582908637172,-10.5586708096039,-10.3423372097547
"PRDM11",-10.8965083434335,-9.97621760610031,-12.676877560476,-12.1730689525431,-10.673743371086,-20.1170463134992,-12.8022101346225,-11.6166382519749
"PRELP",-8.30086164521255,-8.634175050754,-11.6400475804026,-19.6245059488138,-9.70029470141001,-9.11976561637546,-9.6781490640351,-21.901920401598
"PREPL",-8.7864168274488,-8.17287810900507,-8.70755827214969,-9.5163913552735,-8.61230240924791,-8.34387224086826,-9.07723730017441,-6.88144342425573
"PRICKLE2",-11.0848267015256,-12.1274747927576,-17.4511092171852,-10.1393570355687,-11.0500033891174,-10.0497019120823,-19.0896409436965,-9.79164049713117
"PRKACB",-9.33396717282636,-9.08326422481095,-7.80086396079497,-8.86343875399348,-9.02071156649932,-8.72095236888826,-9.42485526961173,-7.79482670072951
"PRKAR1B",-20.7324695333771,-18.9747041251074,-20.6206481831196,-10.5434677876957,-18.8914277760719,-18.1788043371372,-20.3778146681069,-7.87787949273145
"PRKAR2B",-9.53849181666518,-19.0594097059952,-20.9737748332132,-11.6819798622922,-9.43901268300714,-9.90083154992915,-11.8334928715978,-8.20178502711086
"PRKCA",-19.6762394305147,-8.63190145019722,-11.1373059469171,-9.07138491321008,-9.68712281451249,-9.47776677627731,-11.0727705472064,-9.36921129658985
"PRKCB",-20.2107166798949,-8.77633852763835,-11.4848497976716,-10.342504178473,-9.21675562262831,-9.68451556442525,-10.7873950947321,-9.13923311467182
"PRKCD",-10.6370458258057,-20.5563932523436,-21.9254695388209,-11.3788987426022,-10.8353944449757,-9.83805566892399,-10.2336429889936,-12.2903331820361
"PRKCH",-9.40183614396734,-19.5224849685516,-11.5529209889421,-12.0728123958749,-20.7627387748901,-20.7532774450381,-13.7021930849793,-23.8603628561859
"PRKD3",-20.8778794678991,-21.1829965623204,-11.611515790838,-10.8201580735015,-10.6485092375688,-9.96617315731916,-19.6477866675267,-23.9657357252439
"PRKDC",-9.28383571490179,-20.4388101095366,-9.4505965640172,-11.0215893428675,-10.5247925428434,-9.50567488973575,-9.55347799452413,-9.75856425913127
"PRKN",-11.4930597465861,-21.0174561987703,-22.6403500733154,-12.3883822403229,-10.9427962027235,-13.4067237798668,-23.0095407204315,-10.7741984698627
"PRKX",-10.512755975977,-21.5348299169812,-21.8139503612658,-9.88571759941686,-9.78004475748951,-10.730792063399,-10.1470931308116,-11.7357797460377
"PRNP",-7.62754676745252,-8.43651543940699,-7.05889088739007,-7.83942346495772,-7.97302137551299,-7.38983209521102,-8.83164824696151,-6.67685974960037
"PROS1",-9.31104914859517,-21.1683503535598,-14.5919096633135,-22.818749364081,-12.4451953166466,-21.3709929332845,-10.993416420536,-21.5655048814117
"PRPF6",-9.26620889595829,-10.2490697442329,-10.0802253969981,-10.1715512262328,-9.9213607115649,-20.763798953461,-10.083657367837,-9.90568159811757
"PRPS1",-17.4165154282144,-8.63782900323832,-10.9282569271661,-10.6848719029218,-10.5781803399436,-11.1409048207718,-21.5722722753961,-8.97037889780528
"PRTFDC1",-10.1923612501472,-11.0534962372318,-10.5815796679045,-20.6807393307171,-20.7213914452346,-9.98089580051231,-10.6317411228219,-12.3644809271089
"PSAP",-6.69057395577238,-7.02921909691303,-7.07526290540141,-7.22105022737943,-7.2193800305451,-6.39813387689044,-5.98765354663995,-6.48380009890243
"PSD2",-10.2988339664522,-9.86696677436502,-18.3288177899123,-8.39018730734569,-8.30738094725331,-9.03824736487543,-18.3217320064519,-11.6786551905053
"PSIP1",-8.51261837274039,-8.29800106039744,-9.16210971026749,-8.84083143377776,-8.45795433028286,-9.04961982116273,-9.25138829076523,-8.52863846715304
"PTAFR",-9.9431760087378,-21.4653651798524,-21.1576213199817,-12.7111557884407,-22.5084878046994,-9.46745702818106,-9.19427733307757,-20.309556305667
"PTBP2",-9.89621196170015,-9.96200881267191,-9.4976359150383,-22.2102982126379,-16.0870099999115,-10.5654731507703,-11.1312962080072,-8.98387277406961
"PTGDS",-6.8753700317325,-7.30738315921576,-6.0562792069083,-6.26624731027186,-6.88242882067067,-7.17000485372634,-7.54680680075207,-8.94898881992872
"PTGFRN",-22.21292974942,-12.7352245323764,-12.6538091630398,-12.4048757516673,-10.5555174371669,-11.6133416205941,-14.6407001233122,-10.8481458327533
"PTMS",-8.50610566415878,-8.87264677798975,-10.1154495775561,-9.6971031032496,-10.3578568711986,-9.33535255724072,-9.36719656098307,-9.76327559585023
"PTN",-8.18552800184484,-8.00285570117663,-9.41072628467018,-8.64264057338201,-9.65091104048373,-11.0247058441386,-10.3779177724704,-10.4956137406633
"PTPN4",-11.9549271548753,-10.0688857181381,-10.4084383488758,-20.2792294900031,-10.652393939657,-20.9417541049991,-11.7595350185323,-10.5123196763476
"PTPN6",-11.1160341888328,-20.2579811229328,-22.1469589020801,-22.5994740980836,-21.3161065764295,-10.8484496068773,-9.46095764130281,-22.8605509518006
"PTPRB",-8.50299422904971,-21.2658067142685,-22.6739962064466,-12.2996007029931,-21.5002773286038,-11.3831420406064,-11.0014590246281,-23.7293494438293
"PTPRC",-9.3682095819379,-10.5954600408325,-12.9702196046458,-12.7460280852421,-13.4079883420821,-8.71176700698323,-8.37778840943721,-22.8276894302645
"PTPRF",-20.3463952909993,-10.1224322741007,-9.77831307103696,-8.98491443303184,-11.0464667138921,-9.59323421566705,-20.9150332489461,-9.17911616602388
"PTPRG",-10.3030840977701,-20.7882222746619,-11.2237374987557,-13.5460901151471,-11.1243074901896,-11.7638548824288,-22.4842168560727,-10.175491159866
"PTPRJ",-9.72591131396484,-19.802834629833,-10.0284996777923,-10.9688648410324,-10.2479471050708,-9.74433911393429,-9.74584565264906,-13.7260841590498
"PTPRN",-19.8249860520211,-19.1225875986447,-21.4678543695552,-18.6764781973099,-20.4226794553215,-9.12027721641837,-14.3719778490363,-7.92919421686928
"PTPRN2",-9.07579515364082,-10.5217914218873,-19.6298482143071,-9.47369175853404,-10.4497847459164,-11.8815314304651,-19.9745694038239,-8.55574263749025
"PTPRO",-19.0885090890812,-17.4646343107863,-12.4013941871559,-21.6549418035179,-20.5278750141349,-10.9824452759048,-10.4799088659166,-9.06813894777316
"PUM1",-8.20885351462006,-8.17398763766444,-9.88556250629206,-9.10385019705014,-9.18651116414602,-9.75137893829529,-10.3005448306734,-8.35062181479645
"PVR",-10.5039397799497,-10.2354393607124,-11.4755736690487,-21.3101632160665,-12.8198736444282,-10.1348057552351,-11.0293902378385,-10.2726014964379
"PYCARD",-9.69477038094323,-9.50300779305274,-11.204685924095,-20.025833846386,-12.2856460540396,-9.86838090788811,-9.56173613578126,-20.9139425770118
"PYGL",-9.38570338201807,-11.3259906219438,-20.0432880441733,-10.6648749746817,-21.1117897811831,-9.45737546009727,-10.3006947636163,-10.5473815064765
"QPCT",-9.65823672195117,-20.5402669564798,-21.5755476138279,-21.0742840500654,-21.3962357320083,-11.767017003975,-12.5184493071532,-9.610862793126
"QSOX1",-9.46428831282446,-15.7145542677785,-9.99222044673298,-17.8762915127142,-12.5238815218402,-10.6297426803941,-9.66428106092627,-9.76327366265844
"QTMAN",-10.2983142186296,-10.3931981340629,-10.3177600811273,-11.5989689700967,-9.64681989862294,-10.2710056009074,-19.6332452210529,-10.3733252203632
"R3HDM2",-9.44957934309337,-10.6181159398126,-10.5910117695595,-10.0462514434297,-10.7027727692333,-13.6743336040951,-12.1270744832989,-10.3291526845518
"R3HDM4",-20.6120340548953,-19.6834289186706,-10.5129863864705,-12.2711240837815,-20.1331905935913,-12.0518583411127,-11.3466834721055,-11.3829843581442
"RAB27A",-11.5799862342729,-20.8127691022306,-22.4189048571843,-12.0777677194488,-21.3416576466323,-10.1109015713074,-10.6713300283345,-12.0750644780394
"RAB27B",-20.5153090679562,-21.0879147121341,-21.6363783020255,-12.8682915910122,-10.5591854435998,-11.68300326847,-11.7072696767292,-10.0442068752301
"RAB30",-19.7767624816833,-18.0627446944236,-8.78990747533436,-9.45741478854582,-8.94446929911139,-9.4623538329148,-17.0473175614811,-9.74922608689064
"RAB3C",-19.2328626820553,-19.8260322033036,-19.7583283764269,-20.6500548382544,-9.72652052827401,-9.31608240996848,-10.5144056675013,-7.0259144521851
"RAB3IP",-9.31783407898825,-9.39253875649097,-9.06536048536327,-10.2736486201912,-9.28579820422802,-20.3887241678323,-21.0798506428507,-10.2963796530469
"RAB6B",-10.8091657493706,-8.94716172825668,-20.4852628369256,-10.5291664439544,-18.7908220434892,-8.9713611243381,-9.2263108565875,-7.15879450647817
"RALGPS2",-19.0076671503982,-10.8900298777541,-21.7675618865355,-11.3763439945891,-10.4995288919724,-11.5355142159634,-15.4475711146647,-11.4492276939127
"RALYL",-8.80378676632182,-12.3805337896368,-11.917344915988,-19.4416219827547,-20.4895275990001,-9.85836128997792,-11.1022623810901,-8.33192274797407
"RAMP1",-18.7047750614326,-7.77600119301367,-9.65940217270111,-8.58402743957855,-9.38560749901354,-10.5684228377457,-12.2163744782101,-9.71967362606003
"RANBP3L",-19.9475166923095,-9.65207573047801,-22.297878002747,-9.52936044627218,-9.48577714094027,-9.99329354172682,-10.9197076783214,-23.2522259133755
"RAP2B",-19.7586010219666,-10.2465803377685,-11.8584620833815,-12.3354103588093,-11.5108217097989,-10.3561710930191,-9.49121252563409,-11.5681256596967
"RAP2C",-19.505287219607,-10.5072149647243,-11.0256697814701,-12.653288844915,-21.0419353475829,-10.1941387574853,-9.63864148465994,-10.3416037880946
"RAPGEF2",-8.98986963790646,-10.1971701496735,-9.53915011698754,-10.7676759484957,-10.3264344229237,-9.88771627086412,-19.9547930173451,-10.2537850357288
"RAPGEF4",-10.1136524607614,-9.26008603273134,-21.4495362361763,-9.98607971936719,-18.2473219425046,-9.96023963783114,-12.0596062607181,-9.24336449705989
"RAPGEF6",-10.0150427213037,-17.9142524585094,-11.4526962554461,-10.76054022323,-21.5432349817475,-9.49091988824028,-9.33251632676522,-10.6838766164134
"RARRES2",-9.34503226596485,-9.1634840789085,-11.2187404845699,-9.71079726863859,-9.77495122834129,-13.5600670633989,-19.2476584745101,-22.5275266398545
"RASA2",-10.2075327023969,-19.5660079491688,-14.9606405710905,-11.8599023268168,-21.0685794240139,-11.7599437184777,-11.0764405922754,-15.5470092556864
"RASAL2",-9.70859852339328,-9.51707172703053,-20.4571931113187,-11.43893256134,-10.3450561385094,-21.7648254539716,-11.3724129319911,-10.9650095848061
"RASD1",-8.69364239591739,-9.26616353870672,-20.7577566496054,-9.59567398746558,-9.28313506836906,-9.99047250129021,-20.2995604441766,-9.38504674834228
"RASGEF1B",-10.9300243545061,-20.3184896087944,-11.0069384254446,-11.8504636777598,-20.7020015502656,-11.2449995668722,-10.6263982605536,-10.5092958043882
"RASGRF2",-11.4336131328039,-20.346973565505,-11.1193313752921,-21.9704037820563,-11.1585923039512,-11.2401782457622,-21.8583683261562,-12.9223216111123
"RASGRP3",-10.3171254441184,-11.0194150963863,-9.56135742129299,-22.621466508077,-10.9175734713579,-10.1043643770145,-11.160959134079,-13.2126701732542
"RASSF2",-10.2078143197359,-8.45759757613034,-7.71871089854153,-10.1732515210618,-9.01135853590655,-8.75726868003265,-8.32722859349133,-21.0347923553229
"RASSF3",-10.5052502800787,-11.334335090537,-12.9664088380244,-12.2289121194868,-14.0930306652621,-10.0764373071767,-9.92026021296,-20.6225303919874
"RASSF5",-11.4408807842489,-21.3219928429889,-23.2252137295188,-23.1902802441997,-11.2620095780589,-20.5553350725291,-22.730286288092,-10.0161463634525
"RB1CC1",-8.51807822768638,-7.86714156351834,-9.6318553137075,-8.86647770063302,-9.05098496472628,-9.24009095096285,-12.1368979009398,-8.42263354017382
"RBL2",-9.41562274036944,-10.7001038976471,-10.1012402464572,-10.1474232103085,-10.6344356855474,-9.42597079150002,-13.2635505522948,-11.4816909574527
"RBM12",-19.955083753797,-10.7845587683829,-10.7604670154948,-10.5655309495727,-21.4510999248763,-12.8088535745849,-22.3531746904585,-11.806476749192
"RBM12B",-11.7791487472332,-9.9029279338189,-10.9651251226152,-12.3688131296167,-10.5811667793792,-21.0794015609606,-10.4717196265493,-22.9627311285627
"RBM47",-18.9469703716819,-20.2133401363038,-11.9867289801118,-11.7337378342046,-12.0267265889495,-10.7737997008271,-9.71599842186144,-12.8285757007885
"RBM5",-9.34288108757227,-12.4483167386032,-10.3027909597348,-10.6006526041748,-9.96664678643348,-10.7116029019941,-10.5120128645738,-11.2253381538342
"RBMS2",-10.8213530133893,-12.7405741585454,-20.2799480797031,-11.0197625374494,-22.6122199681353,-20.7126120216463,-11.7307878305505,-23.0892646226726
"RBMS3",-9.12877744144181,-11.2535692688759,-21.1920899853359,-11.6188090503067,-10.4257706032209,-10.7935947747822,-10.0804485455706,-10.2189278172111
"RBP7",-12.1981018873563,-20.3928130488321,-10.0684056066729,-11.2312693729133,-19.4975386612322,-10.7649458834029,-12.186344861914,-22.8238528340379
"RBPMS",-9.27960101005992,-20.7727240553027,-12.6392962605603,-11.0851683115047,-12.7810214512468,-10.2928929861992,-10.0335258551785,-20.9892839995328
"RC3H1",-9.77576601262049,-11.816707205339,-10.027305384418,-11.858949556822,-10.2287627478195,-20.1394358173438,-11.045392351831,-10.1566991430778
"RCAN2",-19.6124220032503,-9.50797614656787,-10.545612367909,-19.6811976566702,-9.90725938730622,-8.51119869792247,-9.62626021234839,-6.67958468181223
"RCAN3",-18.7674690060719,-20.8103162183231,-12.0871525404505,-13.4894076587369,-10.909937351418,-11.2402984987386,-11.2670758406094,-10.8265812840747
"RCBTB2",-9.08334510589903,-9.48549568060505,-10.6496767747943,-11.3899209112747,-10.9860457346104,-10.9253821667931,-9.95653659776716,-13.125566907439
"RCSD1",-9.21418557612983,-10.8960858281823,-20.3656959865971,-11.2897859975552,-19.9592446312524,-10.1005616589416,-9.71340644944751,-21.9024004670563
"RECK",-10.8590167109867,-11.0072304008355,-12.2541722944352,-22.6250539281084,-12.4584988903203,-21.597864548317,-11.1770222491889,-11.3595186748482
"REEP1",-19.5296373684527,-20.1760488047015,-19.9960905648033,-11.1154243874026,-20.554544498482,-9.91071432309821,-21.57085224385,-7.62711463811575
"RELL1",-10.0344065000973,-11.0647700460526,-10.267639405066,-10.3270104740207,-10.963690478654,-10.6263125480003,-10.8303054374069,-21.9989477613788
"RERG",-19.4811059123468,-20.3665091882684,-21.4400116657117,-13.0439422137122,-20.832637691111,-10.6197747659091,-21.1042414079542,-8.96835577376957
"RETREG1",-9.46238881430658,-10.113387056363,-8.4727221742413,-11.0875335242849,-11.0937672113707,-9.61293648520407,-17.2340178360937,-8.83662649370509
"RFX3",-19.145999369647,-11.6579240362998,-10.5286851530265,-11.0287506432419,-10.9280606051372,-11.6365059470693,-10.767890283259,-12.8328461441983
"RFX4",-20.5202308062234,-19.8812207612529,-13.2812098407019,-9.48437995923164,-9.55916324310891,-9.68348770873196,-12.6933465467009,-22.4173610722712
"RGCC",-7.74625475504626,-7.6493388442045,-7.37355426916829,-8.693798352984,-8.67822981645489,-8.53905371758485,-8.45472064696391,-14.8827703672355
"RGMB",-17.3867267880741,-9.62271460535515,-10.6308368120448,-11.9704295615008,-9.88690825336669,-10.4764454144713,-10.9496728916037,-10.2007742716814
"RGN",-17.0080930493262,-10.1426880737254,-13.1793022571458,-10.2815360656661,-20.9515048896054,-11.0569973101,-11.2120904248481,-13.5543330583607
"RGS10",-20.3164985879067,-9.45412678950358,-20.8586691578465,-10.607556035832,-13.2101438198231,-9.20142429667336,-8.47858411281189,-21.3174718986296
"RGS16",-20.3826538225068,-18.6029678500139,-19.9209229569758,-22.8165076598511,-11.8438936134268,-11.7047741710127,-10.3297285234338,-9.7685151250432
"RGS19",-19.8723711901871,-17.5552704193961,-12.6143529268785,-12.7083632932003,-21.7351876413582,-9.84861496982723,-9.46549829375421,-12.1792531212817
"RGS2",-11.0774731409717,-10.6297021991775,-21.3130044678941,-11.1316794791508,-12.2262853716963,-9.61243912886356,-10.4050030784905,-8.52865019115622
"RGS6",-10.743769281203,-20.8110055019115,-21.5498337198854,-10.879244672512,-19.3260436342144,-20.4334822837989,-22.0375355992071,-9.83788168022811
"RGS7",-20.513920859874,-11.2114476742809,-22.4761716705747,-10.9738937509629,-19.8444993487964,-20.9281743638631,-22.5569257572081,-10.2725910793487
"RGS7BP",-10.6138000492737,-11.8814627953365,-21.9324215073261,-14.0429120451536,-20.9905186721557,-22.0846702421077,-12.0786852937285,-12.5133950797698
"RHBDD2",-18.2462594925961,-8.66407866455596,-10.2506838655505,-10.3772877936924,-10.7892808824045,-8.5743787403352,-9.65790245456656,-7.56458210839728
"RHBDF2",-20.0569066007305,-11.2491818472206,-11.9630850663544,-12.1987319615221,-22.3394961432285,-10.3422095503704,-9.25942498397282,-13.4555581946664
"RHOB",-7.10753341065646,-7.63806004940618,-8.38382450404752,-7.78865930932266,-7.55174514612593,-8.51936257044638,-9.48061245773332,-9.82759332090114
"RHOBTB1",-21.281064411747,-10.9459536211469,-10.1893291530341,-12.817281763986,-12.6702587336366,-10.9859937112114,-20.8510137292612,-12.6648145004503
"RHOBTB3",-17.4994117302404,-9.27777190341988,-8.24725734793985,-8.10356481664063,-8.23839538147628,-9.36474721478443,-19.9440159139065,-10.8534600650835
"RHOC",-9.11755869979938,-9.37718257453309,-11.0325951691941,-9.72665208083192,-9.14642449459714,-9.40628972668132,-9.71106086452038,-20.5557478373191
"RHOU",-9.43472088802493,-9.19916794610364,-8.36012133189248,-21.5620992010927,-9.83213599976466,-8.93701393504745,-9.30410375858957,-12.2787577838148
"RIC3",-10.7702849032739,-10.3077309111779,-11.9725425876735,-10.1354599129227,-10.5726474592857,-20.4305459167974,-11.3312544228956,-10.3027104578055
"RIF1",-18.7775548260322,-17.8370139026203,-8.72636084005896,-10.0867878843159,-11.151227001173,-8.68875387939673,-9.8519578930665,-9.81149443314463
"RIMBP2",-12.5510386297004,-9.85154227242574,-22.7589473089297,-22.3020371831963,-21.1530507299423,-10.4244333418409,-22.673405118535,-9.78228950133626
"RIMKLB",-10.6963392683866,-15.8687743602957,-22.0687150570455,-9.43269711019826,-9.58278605382877,-10.2518857301718,-21.5824067068079,-11.3917684636929
"RIMS1",-20.5010064753304,-19.8775455201451,-15.2238070680614,-9.86517232948476,-11.9099915895621,-9.68150191033194,-9.77184934368877,-9.03346993359565
"RIMS2",-11.763471221301,-20.2230098762849,-13.3223797864374,-11.1391109585052,-9.00631749120865,-11.36589998706,-21.7599122064675,-9.45388517837971
"RIN2",-10.3629576105964,-9.3343934325959,-9.70951643279805,-10.0798701170681,-11.3605548943569,-9.52222890332341,-10.0142855931119,-12.6679905975695
"RIN3",-10.0540323191874,-20.6163657676977,-11.4206696884206,-11.9406903991907,-12.2179276772452,-11.1945954351277,-10.1871767524163,-22.821256843787
"RIT1",-9.95629370068736,-10.9416739505024,-11.4614108556511,-10.5031268779497,-10.8006754780662,-10.4343335083219,-9.94256896289241,-20.5017390161932
"RLF",-9.75038788390023,-9.27261190789641,-11.4540833772872,-11.9101111195051,-10.2717254183263,-10.3059454188621,-12.0249439770838,-11.8061748733489
"RNASE4",-9.89414448626473,-11.4029416756649,-11.5064851164507,-12.3924676347762,-21.7055573114196,-10.7408062783508,-9.82077016398903,-21.1594566323737
"RNASE6",-12.9718840454757,-20.7234004028426,-23.265558131086,-22.6398978274948,-12.0185452733157,-11.4044769130087,-9.42974482217723,-12.5627525355578
"RNASEH2C",-19.4689910335119,-19.4389768939928,-9.40372937996375,-9.56328425027309,-11.7316591029008,-10.052263101603,-9.97692270982885,-10.845359206755
"RNASET2",-10.619168615068,-9.11091605754232,-9.68624442736714,-9.937725197455,-9.6512967546258,-7.93176772763977,-7.20848007706963,-20.8435992094521
"RNF103",-20.2014904744537,-8.64588697679096,-9.76889896964494,-11.9458353757144,-13.1195192211935,-9.17125895393717,-9.45581206674809,-9.56393321162657
"RNF115",-8.97530707888111,-9.86275245051614,-11.5205559810875,-10.7782958782114,-10.7913203734689,-19.9446008517192,-21.4314681187157,-9.77553779005969
"RNF139",-19.8637241875209,-8.96088559696851,-9.80450782058996,-14.4721960897466,-19.207681969311,-12.1696990650477,-10.1155470465261,-10.2299815443241
"RNF144A",-9.35823066014418,-8.19835625026391,-8.88254394869704,-10.4134727121782,-16.9697904620417,-10.6546157587363,-10.5150222205181,-12.1176529151326
"RNF144B",-9.92902924038809,-10.9398812099973,-12.6693104723416,-11.616533218198,-22.1127488333583,-11.6737385176836,-13.060742647117,-10.6862002738619
"RNF146",-13.4708404272811,-8.60983827487848,-9.43579317694129,-10.238879620588,-10.1940803961781,-9.38195466037269,-10.7378013801394,-9.81018036663277
"RNF157",-11.2918451657333,-19.7509427956286,-20.7809907030406,-10.430513625969,-10.3734034062943,-11.4924696856441,-9.46249022115034,-9.14377165769664
"RNF19B",-20.7223883175981,-11.1827220521778,-12.4867524834341,-11.3349433979878,-10.8045341355424,-10.5247490039332,-10.1550905607498,-11.0980684790955
"RNF2",-9.80251272863652,-10.7805571698593,-22.188715293151,-12.054239161602,-11.7719395178653,-11.0929120596944,-12.2096162323673,-10.8157061995214
"RNF217",-13.3926173883938,-9.96062662595748,-11.8502689193575,-12.8233508606756,-10.5406309405786,-21.1238798744764,-11.6866317005122,-13.9672389807471
"RNF4",-20.5549502867261,-9.14634526661912,-10.6033733275796,-9.76116942601264,-19.3199401747349,-10.2958798398006,-20.4543928127363,-10.1207996662792
"RNMT",-10.0642654953524,-9.0933520906649,-20.1542570200638,-20.0588335082571,-10.7034572804006,-8.92340374952177,-9.04365652215881,-9.03943503362678
"ROBO2",-20.8566761638256,-19.0604468803571,-11.0756294000049,-21.4743881280972,-19.4895150024825,-11.8175398070894,-21.9044410177703,-8.56042741934299
"RORA",-10.1219810978001,-20.0448223833929,-9.70123368214913,-9.4217724621839,-9.03730162606792,-9.36312998784809,-20.350821755647,-10.2290633843687
"RORB",-21.2005206078149,-19.5152226389596,-21.2073251362213,-10.7830114292783,-9.65020917810474,-10.7015751731854,-13.9078445768868,-12.7424761870435
"RPA1",-8.68631728305215,-9.50277822586235,-11.1261726766442,-13.5538130964646,-18.906541652394,-10.8707386387546,-9.76331180937127,-9.33759270821968
"RPGR",-10.071287843753,-9.72912510344505,-22.4645738111604,-20.13523289418,-22.1003603540937,-11.1643128931894,-10.7011095629239,-12.4383259512833
"RPH3A",-19.6596897810254,-9.78827231539977,-22.6983045426026,-22.697469765831,-21.8393423824964,-21.8509303196618,-11.7527976876261,-9.09426930041606
"RPL10",-6.55963968279335,-7.42035600491582,-7.06806223135675,-7.88952906273486,-9.07927943859206,-7.10894062009521,-6.38688282238116,-9.05399579300651
"RPL13A",-6.08758455765407,-6.16110521157853,-6.76077727621686,-6.78970952560253,-7.28008591305742,-6.75343510824765,-6.15001457754459,-8.6611892361673
"RPL14",-6.87166958723441,-8.9165184411347,-7.7375810244581,-7.56170175463578,-7.68843699084797,-7.43302245001798,-6.750337006292,-8.34577334785052
"RPL18A",-6.81405518159031,-7.29666520701191,-7.33997644369853,-7.59892724190943,-7.34474400223084,-7.11263993519997,-6.63032818791061,-9.1677133078529
"RPL19",-6.78715504045594,-8.34009135631826,-6.85302679128813,-7.38393557561363,-7.47805472622287,-6.95102861933244,-6.25148883189156,-8.40708613615193
"RPL26",-6.67789790927377,-6.54984416435236,-6.72368387462182,-6.94326521004738,-7.32634687793772,-7.06884233644392,-6.3318348755016,-9.14326784541348
"RPL3",-7.11235760859051,-7.46129292777355,-7.22929938284551,-7.75942898412863,-7.47376122663529,-7.46770174530645,-6.82622337658147,-8.69625213602116
"RPL7A",-7.21530235094564,-7.31126802562239,-7.23765910557968,-7.80806025223231,-8.00451160937503,-7.06100166052198,-6.65408891766685,-8.38968165423613
"RPS18",-6.70901942139107,-7.21311945421318,-6.63781172562213,-6.64065857094708,-6.9473297017494,-6.6550299787361,-6.23883115901106,-9.36936557766476
"RPS19",-6.34402263549683,-6.91665704157744,-7.23398242215209,-7.40759700915449,-7.03878439343751,-6.72042742279304,-6.06819434320362,-9.04169906497035
"RPS2",-7.38002503232598,-7.1852696479054,-7.3211558718453,-8.65312814238196,-8.53053086157546,-7.30899252116959,-6.62030958916195,-8.32844101686421
"RPS26",-8.52462820039426,-8.11212729184465,-8.17340473117892,-8.55864091176981,-8.66149899878879,-8.40592425943997,-8.31389151831218,-8.62641977914907
"RPS27A",-6.24959090632797,-6.82286279971938,-6.37404798159005,-6.51793966749828,-6.55860515974586,-6.55261603710631,-6.08805061752601,-8.85559587856435
"RPS28",-6.72497406468191,-7.00598969737674,-6.60496939916097,-6.54658304115386,-6.76647221917337,-6.75080453729563,-6.16610545025698,-7.91555135979732
"RPS3A",-6.62948151292128,-7.56909899851772,-6.90944512038823,-6.90202231223709,-6.9718537000513,-6.71017490395167,-6.43209445112029,-9.3949231968864
"RPS4X",-6.92280577309428,-8.23156479391235,-8.1526445068681,-7.63464857088203,-8.14868621914434,-7.62130588696565,-7.01129779864786,-9.29545405417172
"RPS4Y1",-9.0581115583796,-17.4253037483608,-9.5901296397798,-10.1793656713851,-9.87277856048208,-8.73238290629831,-8.66429946973317,-9.75592209677404
"RPS6KA1",-9.21944933421518,-13.7150680993914,-10.7817312032685,-22.0004770045914,-11.1607304766637,-9.90714340084384,-9.7973044389071,-11.3683977734262
"RPS6KA3",-9.03826600003769,-20.7842545114163,-11.0066295054619,-21.831549642687,-10.9398182293575,-19.9255240650227,-9.35150491838477,-9.99953207876535
"RPS6KA5",-21.3226018374013,-13.2859318076876,-9.34426095554792,-10.1708840905042,-9.49534370435361,-9.53979581335789,-11.2582266447528,-11.3172873691085
"RPSA",-7.96350367168323,-7.64433825177607,-7.42211309462208,-8.09423348049333,-8.0523404236073,-7.63561855585708,-7.28966228905194,-8.51192412428775
"RRAGD",-20.4325391914415,-10.3653646080668,-10.1896676358757,-10.6316224054041,-11.0914822559826,-10.098756777356,-9.3899031038026,-11.1247997285869
"RRM1",-10.3916287410158,-19.8568228158622,-10.9096408025203,-21.1570042042724,-21.5141503926354,-11.4192205464354,-10.3809786804919,-10.247644535015
"RSPO2",-20.7714073018203,-20.6829413101219,-13.075248568204,-12.8053584716676,-11.8369725883464,-10.0301035603567,-22.3500590698229,-8.94748935719075
"RSU1",-10.5778253730972,-10.4504291585091,-11.141355444679,-10.9278848467463,-11.3535396825007,-9.99884544541274,-11.8300774272104,-11.0632997765431
"RTL6",-10.069777384085,-9.61039622753217,-9.92071987724119,-20.5043676126361,-10.1767860188656,-11.7219570659242,-10.3377955814961,-10.5373340198895
"RUBCNL",-19.332942834686,-10.3135507204486,-21.525820530349,-10.7839991919886,-20.6113188287156,-11.3556755818451,-10.8112437551409,-22.7030879907683
"RUFY1",-11.6059407070939,-10.0566073291372,-10.9295322270254,-10.8020967426115,-10.3129306875825,-11.092855843834,-10.211288423859,-11.0801787353414
"RUNX1",-10.5096162541322,-21.904292286993,-21.7079744905449,-22.5247420628508,-13.6256511560685,-11.0336483773175,-10.429982374348,-23.6526933824613
"RUSC2",-11.2669343384321,-12.1697147995731,-11.0115260486042,-20.8269609757064,-11.5845572308695,-11.2152832271824,-10.5066615924424,-9.12118142369596
"RYBP",-11.8206632724659,-8.55948821598527,-8.97509754040864,-10.826554980075,-9.06335538339153,-9.41338960642552,-9.65389859273438,-10.472326646659
"RYR2",-11.1961798040826,-21.2029064476388,-14.8756073180692,-11.0790521022663,-11.9347774613346,-22.2069110401972,-20.2516231844316,-10.3471133988945
"RYR3",-20.4285803674373,-18.2230506073811,-10.8942620499397,-9.88326469760389,-10.0804890517247,-11.1839833201767,-17.5980103637559,-13.3725042544886
"S100A10",-7.83008643710613,-18.7135690927342,-12.1333331775684,-10.7765390295347,-11.4839835091935,-21.0767600771908,-10.2768115019478,-10.235019340693
"S100A11",-8.66252900551925,-19.2290016761906,-10.8476617994366,-21.6144648222569,-16.1309098281633,-8.71933427414814,-7.80247804631288,-22.5966221259669
"S100A4",-8.84981702777012,-19.6075159375685,-20.7582702318658,-21.3477865227823,-21.1754074089475,-8.45899146500539,-8.34019415200976,-22.8756136087176
"S100B",-6.97937328550237,-6.81468756768107,-7.04207873083681,-6.61044603657701,-7.15891276166618,-7.24989660401009,-7.54924001167393,-19.5061984202673
"S1PR1",-8.77748469438182,-9.19580511992782,-20.5385122973105,-8.86005688571751,-8.65714213666643,-9.76970273387085,-10.7522192685833,-10.6885273280371
"S1PR3",-9.71914473662522,-19.8532575393368,-22.0845700627438,-10.7399685789911,-22.18002514786,-10.4126019832124,-10.4595208382115,-22.8891292958656
"S1PR5",-20.5482347831398,-9.24987767361427,-9.81806811863851,-22.157163834295,-11.2433128747034,-11.7955936683397,-22.516701449254,-23.668193309918
"SACM1L",-9.95860468971802,-19.6105157228665,-9.76814181290441,-11.3447832740335,-9.81893366285614,-9.26538240795321,-18.5798759242656,-8.71475281989115
"SAMD12",-9.86410552407116,-9.509997759549,-11.6345210000688,-12.489291779402,-20.7784910961696,-9.46766540128931,-12.2993699698799,-10.4672920710035
"SAMSN1",-21.7650267229843,-9.91229520137762,-22.3959725832078,-20.7637054560081,-11.0138394756145,-10.1304465383356,-9.6609286425265,-13.3519278856793
"SAMTOR",-21.0063319717978,-20.2227928258189,-13.7512569293153,-11.3285197910292,-9.7803005448663,-10.7997521541261,-10.7591030885854,-10.3871246687065
"SAP30",-11.8316922030798,-8.35693582934589,-11.0909073780072,-10.3983293769169,-9.79388155438662,-13.3043468404293,-11.3304587469873,-12.5977441227556
"SASH1",-9.65487389860098,-7.8506434938318,-8.30410678489563,-7.84034557980328,-7.69957215260262,-8.33385093578372,-9.16666564980194,-10.3530256336816
"SAT1",-7.77219661588438,-19.2059739024208,-9.2504729748395,-8.4737601984901,-10.8628083081627,-8.27888098707879,-7.78517728395074,-9.388603008758
"SATB1",-9.39926264312239,-8.45470407798875,-12.3009075613472,-9.54101068036188,-9.41950212339237,-9.84034094228019,-9.82322881037243,-9.31492198369581
"SBDS",-8.29426752781956,-15.983500027883,-8.29693404478882,-8.45079287549431,-8.83452600020358,-8.31957566415258,-9.38166284441478,-8.17496893846234
"SCAPER",-10.0850248355528,-17.2306576691471,-9.64127336470199,-10.3875106861581,-10.5577368557903,-10.4157144990763,-20.9462582405709,-10.4987540216848
"SCARB1",-8.84313601225035,-16.5578476567105,-9.97226461051971,-11.3332273962596,-9.94531493157489,-9.67500232056911,-9.9707862343775,-11.1932709436666
"SCARB2",-18.5793602993272,-8.14789819677494,-7.87964355421506,-9.42657527814047,-10.7643350630129,-8.47181823920059,-8.47569034237168,-8.59064695077749
"SCG2",-10.229075470257,-10.9300568544652,-19.6099313278267,-10.2121397650233,-12.0228499380488,-8.4713158932823,-16.2380725696864,-6.74811092197328
"SCN1A",-12.7602832314273,-9.43841452197817,-21.7626465284166,-11.3850480527835,-15.4452705937623,-11.2828504236769,-9.8747912876843,-8.89162214716437
"SCN1B",-18.3512922413147,-19.7103916816076,-9.66177577936809,-12.0014209623239,-10.6986726056695,-10.8950950226601,-10.4687340086333,-8.90958685578662
"SCN2A",-20.2648482682872,-20.6887739600683,-21.9271191651945,-10.4660869263071,-20.1671654071158,-9.76726161108513,-20.7411764568834,-8.40681552935441
"SCN3A",-19.3968772336372,-18.5817777788958,-21.0335196904907,-9.93408371010773,-10.2308924313185,-9.97985264784222,-20.6046819385936,-8.80567859631631
"SCN9A",-19.0449100050487,-10.5550092474467,-11.9095078938331,-12.6459384551785,-10.7227215060527,-11.5197442665779,-21.0499648134486,-10.7384685155379
"SCPEP1",-19.5349524892595,-8.9456015628773,-20.5035522315427,-10.5803337100536,-18.4564687867113,-9.52494272063465,-8.70751801089262,-9.23831182880241
"SCRT1",-20.9570827479066,-20.867471251526,-22.9752576887012,-11.0769351118749,-21.8252395799361,-10.6783523059404,-21.9808924726908,-9.56253959577455
"SDC1",-22.3232887058131,-21.668613839037,-22.1802936801183,-23.5248778350704,-12.6541215367281,-22.4732493176672,-12.8234044098398,-9.79380299406511
"SDC2",-9.50653931494005,-9.56983418459328,-21.4876325747302,-9.33961772172767,-8.92195542322116,-20.8280359823975,-20.9445882091626,-8.40162264518963
"SDC4",-10.123284590665,-20.1783571019546,-22.1234158604453,-8.49529074560526,-8.59140363005862,-9.24646343407504,-10.3169235246105,-19.7901881004579
"SDCBP",-8.15352091221139,-18.1616709846594,-10.7079561941005,-8.52045881929353,-8.55191552573757,-7.99664426251464,-7.61466803250441,-7.94108378859783
"SEC14L2",-9.99111473893339,-20.4371232200238,-22.3979119908007,-10.2991953841747,-20.1056591035196,-9.65036882163506,-10.9262650263918,-10.7385557947925
"SEC14L5",-11.5955349937171,-21.6601644006959,-9.53405673837266,-12.3709727590784,-21.8169469316293,-12.7174019412414,-21.6505968306,-23.9011530344698
"SEC22B",-10.708213262989,-19.9278589487346,-9.74858298029892,-11.8578291032927,-9.67447088563972,-10.3989042758723,-10.973065116475,-9.02447333157003
"SEC24B",-10.577306167632,-10.2213976710475,-11.1248712788369,-10.6463520778754,-9.6195679161571,-10.5258034663383,-9.02749083629055,-9.85250672487886
"SECISBP2",-9.85955364085691,-9.61381044123727,-10.302359831251,-18.6740865713069,-9.90493612268459,-10.3250423736442,-9.7172700005102,-10.4239232960029
"SECISBP2L",-8.33572844849749,-8.01203309769215,-7.69433336893396,-10.1913409966633,-10.3207415264451,-8.59239798740995,-8.81704951717841,-9.58777046484938
"SELENOI",-20.3243028618099,-9.65382253264299,-10.330580414786,-10.8901941231887,-21.1185133910853,-13.4272057891784,-10.9705339011858,-9.21628728081233
"SELENON",-9.5511031296244,-10.9586983024962,-20.958844493948,-10.0422357538947,-12.2776942229738,-10.2549134531267,-13.1926261480355,-11.4773823309195
"SELENOS",-9.73483429721585,-10.8516084602761,-10.0730145203143,-9.7809619714626,-19.4658652694457,-9.83152896111197,-9.86936974795878,-10.9490671678023
"SELPLG",-19.5623287003469,-19.7721879001,-22.2584365246083,-12.3994532013695,-12.5470293327268,-9.21704614617682,-8.56006692653732,-21.2780800979532
"SEMA3C",-10.2133537376168,-19.6902753878788,-9.39903987805775,-22.9743482888995,-20.5299143469855,-17.3732612889409,-10.5072577964398,-23.4549603431899
"SEMA3E",-18.6950906636706,-8.77110555512518,-11.269590853606,-10.0635364743548,-20.0909165232034,-10.1614899605922,-10.4390254426392,-10.4455435927765
"SEMA4D",-8.94941878906266,-9.52197291036789,-8.4375565209916,-10.5409387463929,-19.5976941850883,-9.30701776902941,-10.5517592144361,-10.835459311437
"SEMA6B",-9.56899125939001,-11.9311001250878,-11.8215315073529,-21.2334329929427,-21.6809557470499,-10.3387423504405,-21.1715080991232,-10.1979657600231
"SEMA7A",-20.7327608311304,-20.8827629561668,-9.44017886966906,-21.0528498430643,-11.2054081341542,-12.4818031207764,-10.4494256324731,-10.206892714438
"SEPTIN10",-21.2031511626421,-12.2335505246565,-9.72189981325836,-20.5939290400301,-9.5782053574492,-10.1943990050954,-10.334229581083,-11.9285981191136
"SEPTIN6",-20.4618647262901,-19.3969162220922,-10.6256075101579,-21.8211219405415,-21.2740877382642,-10.4081317958948,-10.1198844103101,-9.29770180231874
"SERINC5",-19.939031087686,-8.86824876986892,-9.1887522738225,-10.565400666017,-10.1064225427138,-9.86983152830549,-10.1473014546387,-13.7485383759904
"SERP2",-11.1393703812732,-18.473423269544,-11.733356460108,-9.98078120215138,-9.77516157075164,-10.0099894903037,-21.121706938465,-9.25466724575997
"SERPINA1",-12.875145101613,-18.3582739803725,-20.9768552882112,-21.0888989273585,-20.1751557862511,-9.68597651024425,-9.15602262776833,-22.7041093341909
"SERPINB6",-8.08179506562046,-19.353600889303,-9.19054944564249,-9.82833272510797,-11.6207629886257,-9.58955347267127,-10.1362576861335,-10.6592092494306
"SERPINB9",-10.4658340865749,-21.0257953998304,-10.6063465343128,-14.1266142344429,-10.5623581127904,-21.2474884263742,-21.0896567931155,-10.7536428511434
"SERPINE1",-9.89056521984478,-21.6669869309833,-22.6818112434803,-22.0999347103519,-21.9270353687905,-11.0021278563599,-9.48058558539562,-13.8183276213831
"SERPINF1",-20.5004945917474,-19.5000730160176,-11.5639045538187,-14.0820677950571,-20.991860026407,-10.6791537633108,-10.4726436213437,-12.1277069176686
"SERPING1",-8.80862563831947,-11.3015085836552,-12.2348161001328,-12.080314620874,-10.3996452508088,-10.8325383014956,-9.70920774045447,-12.6914929394015
"SERPINH1",-8.01108298570441,-20.1701055220463,-9.62665777263653,-10.639706584797,-9.99824817247567,-13.0235435854414,-9.57422847484222,-11.1056111691846
"SESN1",-8.89534408382805,-20.2617005947204,-11.2502586661403,-10.5855124328028,-10.5792927455527,-9.06840706472368,-9.01787894893277,-10.257260593802
"SESN3",-8.83829011034169,-19.9873732007622,-9.23805467419947,-8.49247148682859,-9.01307110317621,-9.04943733830739,-9.39109598224496,-9.05311297657754
"SESTD1",-18.7882601406621,-8.78835261799836,-9.78382717610781,-11.1073647198758,-10.3625068649288,-10.9801196975311,-10.3154562163112,-10.4447469293549
"SEZ6L",-21.0755781023303,-9.44505373190575,-22.6242819480028,-20.6198166555114,-10.6597356963357,-10.0584372936995,-22.0401012013607,-7.96068517840934
"SF3A1",-9.74104247066523,-11.6284378460312,-9.11489325690683,-10.6666388017049,-9.20025142621664,-9.22439035051522,-9.50019180988157,-10.0609408089327
"SFI1",-11.1778857920333,-11.1213201963348,-13.7362860792477,-12.0388554682477,-10.5742878481967,-21.2774952871446,-13.0545158332181,-23.8219791393176
"SFXN1",-10.2011854832292,-9.25644115963074,-11.8950550798669,-10.0186636869438,-9.5598867090446,-9.45328454660107,-10.5500139913393,-8.82000368307628
"SGCD",-21.6781829130048,-20.7672145470191,-10.249624103866,-23.1178046239929,-22.1307194512071,-20.8467979222607,-11.9719921832843,-11.7067026116491
"SGCE",-9.7371852088557,-9.3876343447634,-9.25053941557828,-9.89303767611671,-10.4108434843038,-10.0467391818381,-21.5910250146801,-9.95198968282312
"SGK1",-9.51960514450306,-8.15854499465132,-7.4171005744636,-17.7686797761394,-20.3149732856213,-8.06319463048631,-7.6598205860498,-11.2784468890367
"SGMS1",-9.06549071378085,-11.1712317941082,-9.7696621489965,-9.87411362143114,-10.2689892827481,-10.8459203634696,-10.2919008677977,-11.3740353771482
"SGSM1",-11.1483498505983,-11.3090835678723,-12.1579296616768,-22.3416124726766,-20.2568403675863,-11.1735318968547,-11.7234594149802,-9.44045693987503
"SH2B3",-9.72407228391264,-21.8431723758319,-11.2222969895894,-22.3986462547257,-11.4825886644912,-11.4885176677299,-9.96333727405245,-23.580732934076
"SH3BGRL2",-19.4202338735577,-9.28578707554575,-15.6507110754501,-11.1753471565527,-11.7133829142469,-11.5635496354818,-20.3849177649983,-8.92314619435568
"SH3BP5",-9.35981218080543,-20.4804692557043,-9.28686761261935,-21.3112467578354,-18.3681895743282,-10.1413043638994,-9.75545921668245,-9.59818019718072
"SH3KBP1",-16.6835410439709,-12.108694233302,-8.59612613424271,-10.4313861485305,-10.2848655237926,-9.31664644989046,-9.24722821582293,-9.00028917932656
"SH3YL1",-19.5870470517402,-9.84792120310747,-9.77586976014764,-10.7911800466919,-9.42792670206675,-11.0064895456517,-10.0254731577817,-10.9305348563949
"SHISA6",-21.0913014839001,-9.81447477133269,-22.3310022922749,-10.0611400220109,-10.4834450384321,-9.92703179341931,-21.4868323375251,-9.07335219653961
"SHISA9",-11.1874899701322,-19.7229858926996,-19.177363005444,-10.8739800443282,-10.6883663625834,-12.1059765704457,-13.3510936289236,-11.5542355569495
"SHPRH",-10.7269917673262,-21.7163287079443,-11.8964840995142,-11.1760843783156,-12.3318270125044,-10.7942214036403,-11.1610148926057,-12.0337238128057
"SHROOM4",-9.88364103159459,-19.8012997375297,-10.1590791948693,-22.9691343439658,-10.2542370921145,-11.2311762882106,-11.1549714452066,-22.5939711786825
"SHTN1",-8.91557237544477,-9.35009784662761,-7.85493850396855,-9.23697737073589,-19.4417725772032,-8.17842675561033,-8.26178281908786,-9.09492185991739
"SIAE",-18.849666807968,-18.391159923424,-10.350050533285,-10.4533759794431,-19.319383848083,-9.50419432566748,-10.1734971568797,-8.86244391553345
"SIAH2",-21.6179908490183,-20.6145018091062,-10.9125573604025,-10.209551467491,-12.2553574115429,-20.6603465792774,-9.99232189079703,-10.8634844490529
"SIGLEC10",-20.0555445964495,-11.2903015897576,-10.7203775752361,-14.556644526933,-11.0822747949575,-10.693830349082,-9.91241968723101,-13.4279229404457
"SIRPA",-17.8343542257913,-18.7589488161329,-9.73700890679509,-8.74671324286785,-9.60318839556591,-9.01365478045317,-8.82723572251906,-10.0135285844081
"SIVA1",-8.98117592819698,-9.06398090279579,-10.5058963141982,-11.9294756576644,-12.8967935799839,-11.6297552629815,-9.88145675854691,-10.5761113648678
"SKAP2",-8.97976480825454,-18.3551954695451,-12.8965999196238,-10.3098128670465,-11.3064963536599,-9.19250155712952,-8.87783460472108,-10.807344029311
"SKIL",-10.5289630322941,-10.9890281990354,-10.5444749895126,-10.6751504742967,-9.10170846538504,-10.1472583978691,-9.49290093146816,-10.5608780260782
"SLA",-20.5143760560891,-10.0910121888261,-20.0222559998678,-12.9021657502207,-20.584492056217,-10.1356773079751,-9.37880342472887,-22.788588260589
"SLC11A1",-20.3760597114106,-10.310423109143,-11.7980755391704,-11.2118273453263,-20.2719520668778,-18.9135031753452,-10.0750554136277,-14.8660661618109
"SLC12A6",-10.1957300976988,-20.5451105456715,-9.91975896003424,-11.2194203991942,-9.89967612469852,-9.75802991843029,-10.6479493620216,-10.4278635814198
"SLC14A1",-9.60851376394906,-11.307492802206,-18.4940456472598,-7.90447153654673,-7.8903678228713,-9.37140718291657,-10.2671044833584,-21.1933789686677
"SLC15A4",-17.7977105372817,-9.58578973542035,-10.4769211946412,-11.7939272783874,-20.4808621130371,-12.2193224028374,-9.89066775704797,-11.7350028242212
"SLC16A1",-8.05210857520843,-9.27405240693982,-9.8727099642076,-9.99903053469995,-10.480045924255,-10.4113762693405,-10.3845976796187,-10.5026673993334
"SLC16A1-AS1",-21.1897552889022,-9.99407630219473,-10.7013423938611,-13.1503076091681,-21.3287905990206,-11.4389845807865,-21.6734722960308,-10.6954229726682
"SLC18A2",-21.1208929466899,-9.75329297797605,-12.9508201341768,-20.7739936012912,-20.0598914775959,-10.5267013288961,-9.93043895584872,-7.52102621678731
"SLC1A2",-10.0277504036468,-7.49990047441966,-21.4670174913429,-6.97972679421504,-7.21415545256265,-7.88454603076236,-20.7909648830001,-8.77934010768148
"SLC20A1",-9.67845332539033,-19.1138407378491,-11.506782030827,-11.9866234720381,-9.97006672230508,-10.5553715490137,-10.5905863544542,-9.97265955823002
"SLC22A15",-19.6977336543182,-13.3467524230477,-10.0695992590089,-10.2447549933852,-10.0163545935863,-9.78660375749159,-20.980870190652,-11.1060579749741
"SLC22A17",-19.7163011770774,-7.48623038470473,-8.36705909051022,-10.0821555661808,-19.5260236794255,-8.46591569964238,-9.0121190658105,-7.3949143231647
"SLC24A2",-19.2576015603998,-8.43794063051184,-7.87810355833151,-14.7819245379462,-9.38562065996906,-18.7058702118352,-11.612205462,-8.57878066240595
"SLC24A3",-22.0383586755331,-10.6681826866507,-22.7431343062164,-22.2021320348259,-13.4145360653472,-11.8641970496869,-11.8766595431921,-10.9383930552035
"SLC24A4",-11.5968842385864,-11.7948851897318,-11.6952587808305,-9.81570941234965,-10.1573046376323,-9.4509939269112,-11.2267463879544,-11.436840152879
"SLC25A37",-8.97737384414186,-9.47245583978932,-11.6831420806369,-9.97355828291524,-9.65372068160899,-9.02337696174632,-9.53049233648929,-22.7570311180553
"SLC29A1",-10.8752018587929,-10.1834378281521,-21.2848209883457,-22.2622703268208,-10.685482002476,-21.1663313108886,-10.1183086623549,-10.6884080772371
"SLC2A11",-21.5619611282095,-21.6058828919752,-21.78853216872,-10.6512094038003,-9.94294069136407,-18.604952435278,-20.5782552783507,-10.4962200873211
"SLC2A13",-9.42851664739281,-9.42952954577375,-12.3454287032335,-21.5441669172971,-20.7291759028191,-9.91206299028697,-20.4738514765804,-7.41880828220558
"SLC2A3",-7.97622734776026,-19.9279834052506,-10.5562808448983,-11.2555091157098,-10.2430953653831,-9.93523981590139,-10.7608254335576,-9.24181550221759
"SLC2A4RG",-10.2398282671964,-18.7543943789377,-10.8759618508747,-10.8969498074303,-19.5851313150658,-18.3402878206371,-21.1228343694289,-21.6552869844518
"SLC2A5",-20.0554849729804,-17.1055418045898,-11.0701668001758,-10.826742332698,-12.4900844261757,-9.82845101227075,-8.66500103421735,-10.8614237054125
"SLC31A2",-9.25137101351621,-20.8240813699242,-8.20611368377346,-21.9492030870706,-20.9278798243056,-16.9259382897145,-9.25290372191924,-23.0647413916068
"SLC35F1",-10.6949679796744,-9.37926597813821,-23.0460976841692,-11.7157584093181,-21.5906009070843,-20.8226218829571,-11.8479147604774,-9.37761443659309
"SLC35F3",-11.7950303219738,-20.7421666934441,-10.3873221836921,-13.599894811527,-21.9017555129335,-11.099144520611,-21.0139265795389,-11.0266135617826
"SLC36A4",-9.73076033343242,-8.65284615598007,-10.045661559789,-10.8953509976755,-10.2025967378233,-9.45538580235747,-9.97267570032812,-9.28909225331521
"SLC37A3",-20.7852226673395,-20.4386896894705,-20.424370570905,-11.5015537375497,-11.9229730276584,-10.6478978712724,-12.0047529497802,-10.2730354989622
"SLC38A1",-10.1265219438188,-8.98646444462978,-10.4076466609464,-14.2631246128151,-8.92832959198051,-9.02715342704385,-8.84090439433035,-7.71629446457319
"SLC39A10",-9.76193873227245,-9.64249146281195,-21.2760213606507,-11.6876836702115,-12.6033474319116,-9.83315444435291,-9.60288309478937,-8.99395526180911
"SLC39A12",-11.8746363354351,-8.74524448883862,-22.4727787503448,-9.11113861823833,-8.66835749768493,-11.9649746027837,-21.9584043394257,-11.4210271924384
"SLC39A8",-11.0756847348648,-11.0292617682495,-22.3581842527716,-11.6962356066782,-12.4850611907903,-12.4789947696989,-11.0982244373525,-23.8510180387236
"SLC3A2",-7.38781243410821,-18.8847830975309,-9.21475306493329,-9.41632241323705,-8.7904195464108,-8.9912386180928,-8.9690450064346,-9.28304414563185
"SLC40A1",-9.36851364901373,-8.63805523703449,-22.0543435517151,-10.4152335795587,-11.3715280598981,-9.67647373209353,-9.61107045823529,-11.3875518719425
"SLC43A2",-20.7557263536647,-13.4212038859889,-19.9838414335045,-11.602183780643,-11.5440732072387,-10.401408595364,-10.6755846950463,-10.8337260800139
"SLC44A1",-7.42528698130676,-7.59315774832416,-6.51659958683229,-8.44580071629799,-8.40096287083204,-8.28558283391674,-7.75160851106807,-19.7518571240805
"SLC49A4",-21.4521325916817,-22.0532410420107,-13.0315256025548,-11.7261562240117,-12.1987756470569,-11.5216286320398,-18.7717603126809,-11.1558993271488
"SLC4A10",-21.0874397270176,-10.5247043715027,-21.1441156086175,-13.7744902162349,-11.544027489556,-21.9069835219749,-21.9357735206749,-10.2080071268258
"SLC4A4",-17.8494900049652,-9.92569345878131,-11.8605597642126,-8.16759259710518,-8.62582145291262,-8.86469808800398,-20.3325090901328,-11.0158782061681
"SLC4A7",-10.8216355082885,-11.1384587033855,-22.0368132234207,-11.1234960739655,-11.510496708239,-10.0993193965172,-10.3016447379872,-10.7607023710322
"SLC6A11",-20.7624378882074,-20.5029536307655,-22.3696431355735,-8.75079069888395,-9.04389592887488,-9.81340269378841,-21.1613925395004,-11.485838244075
"SLC6A12",-9.18065900965683,-9.83955005795932,-10.6899538394599,-12.0751579499169,-10.852581875944,-18.9669970219505,-12.9517443011784,-21.6508213175214
"SLC6A6",-9.15508563236855,-20.9779656530013,-9.2583248464133,-11.0327094139883,-22.211674978972,-19.2544662413776,-11.029220529063,-12.0415357802849
"SLC71A1",-10.726520358628,-19.8395183659771,-9.06321423101022,-9.93514729087221,-8.91111377337521,-10.0472434412598,-10.8391256936289,-10.1194455440448
"SLC7A11",-20.5469345345687,-10.4369242648821,-21.5810893800362,-8.65929995265525,-8.58261897793557,-20.9021699728117,-19.5749738185508,-11.8431232291135
"SLC7A5",-7.59566709398249,-9.75983880673462,-15.9089328542553,-10.6311075742397,-9.72227909118733,-9.68930762326552,-9.74991184753118,-9.06939775955424
"SLC7A7",-11.6236354289017,-12.1754671688404,-12.477133278607,-22.0187423322909,-21.3339356529367,-10.5166324833141,-9.72186227540791,-22.5670832797345
"SLC8A1",-10.1595789160272,-19.0161993339737,-12.3101036334227,-10.4249698225104,-10.0956117396128,-9.14081431835839,-11.0846680883363,-8.2583022726476
"SLCO2B1",-8.44388597940031,-19.3765804470617,-10.4581337698912,-10.7201594234637,-12.1312107447944,-9.32144701028369,-8.15858953420586,-22.558037704785
"SLITRK4",-20.7726323930593,-10.2337194541012,-12.0978275886089,-11.241118072183,-20.3572005075906,-10.375951039296,-10.6913639826467,-8.74765312141683
"SLK",-10.5146707852453,-21.1183342906202,-10.6533936886438,-10.2430628170394,-9.80964768059851,-9.91246319025432,-9.70969465085058,-10.4248349505567
"SMAD4",-9.01554621750609,-10.9128357212258,-9.44639311889236,-12.8838702204496,-10.0991521962059,-10.2988487583185,-9.84421959629311,-11.1880287349723
"SMAD7",-9.03536513564584,-10.2012698437583,-9.98166466924603,-11.9027464552962,-9.44986845640676,-12.2921976885797,-10.1272166817225,-11.0375931614398
"SMAD9",-12.4252276256973,-20.4589821009673,-11.260694170307,-11.1337203093258,-19.6741092156023,-21.9823623911703,-21.5493399719204,-11.5189126862168
"SMAP2",-16.6183539870455,-18.6807804666678,-10.4632551896084,-10.4697146755422,-19.8776619889179,-9.25985530148765,-8.50499017320068,-9.2531268225781
"SMARCA5",-17.0818442642089,-7.97056732220329,-8.18381028682655,-8.30705516459137,-8.943103175848,-9.06385712177006,-8.76980772888575,-8.91243128929828
"SMARCC2",-10.0315372225521,-9.97343129540482,-9.44812700087643,-9.72466250756988,-9.45036777074345,-10.2541132468814,-9.92240607632169,-10.2631425859185
"SMARCD3",-20.8020428638402,-9.16043902986982,-11.7922051158634,-10.3689113823319,-11.2391975371662,-12.8389673332688,-11.2995987640446,-9.68334074290254
"SMARCE1",-8.97913361957144,-19.6870692522939,-12.1163302717296,-10.549323886714,-10.103963188527,-20.1036374788849,-10.0791904202166,-9.72385191588737
"SMCO4",-9.35273182202598,-20.6957667959849,-22.7612163533815,-12.9466489244782,-22.1485394411707,-10.4831070801912,-10.164285591682,-11.7561176464298
"SMG6",-13.4382258892967,-19.0600551352339,-13.5465670500865,-10.7288672290654,-9.98355594703318,-10.9998098962271,-20.8778162244384,-10.7820835622649
"SMIM13",-20.7754402839508,-8.91423275930485,-8.98266580764985,-18.278012352949,-9.58519439557685,-9.79542931324134,-10.6423167577488,-9.09991516830126
"SMIM3",-9.38026452390194,-19.6614857289309,-22.9405203039337,-10.9246582879096,-10.9553887412251,-12.772411871669,-10.3358923237484,-11.9066347144981
"SMOX",-18.5399874351258,-9.58482832175287,-13.4234629125025,-10.5126495464365,-10.3848010215302,-10.5305085102644,-10.6454485720364,-11.5806231549533
"SMS",-9.00003915540097,-11.0765878466505,-10.9106381326838,-18.7271945392423,-20.4863029409813,-8.22415387376236,-8.71920800054832,-9.07050985474869
"SMURF1",-21.1787078486424,-19.3012634342955,-10.4153449348182,-11.9359867533435,-11.7408775262444,-12.2479980428137,-13.3294268779817,-11.5051144422173
"SMYD2",-10.7972903514277,-19.8897375302862,-11.6512594219816,-22.8317911205532,-12.9199181520799,-11.7892509179366,-22.0550905504635,-10.4780988836914
"SNCB",-20.3604911035252,-20.3283622231589,-21.8961349830186,-19.769251857567,-20.5191337538873,-20.1714193384408,-11.6859215688445,-7.92319427546907
"SND1",-14.2056384065049,-8.9278256951865,-10.6457998633643,-10.7525585082837,-10.8682823278942,-19.987790863187,-10.1681520821581,-9.74898209313183
"SNHG12",-19.8700551519896,-9.67142707125919,-10.6029135695066,-10.9423455478593,-10.6915102945996,-11.1154714999911,-10.3025187382877,-12.4664417106386
"SNHG9",-9.55439925322574,-18.4205364018932,-10.1339688618399,-9.47439214606753,-20.3364156433988,-10.4391156651326,-14.4238905500559,-11.0165556820475
"SNPH",-21.1906668688158,-9.83336936322342,-21.3200683313531,-10.9282683492717,-9.83303450347842,-11.2820890148776,-21.77471066232,-8.86323143025696
"SNRPA",-10.5361214360678,-9.88803017526376,-10.4849443352687,-11.2890682294646,-11.1751802746146,-11.524592597626,-10.2383083076091,-10.5806990289624
"SNRPN",-18.2122020950002,-8.81206080032041,-8.65296496184966,-8.61604155299101,-8.63500548506533,-8.42501830952271,-7.98101546169365,-7.17357682063477
"SNTB1",-13.6820515237549,-10.0582356392305,-22.8467808797406,-11.8047869418753,-10.1951218091477,-22.8185527898328,-11.8548477995274,-12.1252029077206
"SNTG1",-20.0036022182026,-21.0352982375033,-11.810324030389,-22.5862723348822,-12.0711873421088,-10.4273634831775,-18.3111203398928,-10.2263814747756
"SNX9",-9.11395445193732,-9.64045666848942,-9.17333181422229,-19.4583926915809,-12.5663677840068,-10.3806822198244,-9.69215125916655,-12.3427428259436
"SOAT1",-17.8811362821236,-11.4869756979502,-21.6955164949547,-10.7815813450076,-12.5604901950623,-10.2402926878837,-9.13035757417472,-11.2964478391762
"SOCS3",-9.67957475299043,-16.5125150743596,-22.0934624722677,-12.1858939725963,-22.1272651784656,-11.1979935818112,-11.8196455900637,-14.1969962033574
"SOCS6",-10.0502948283313,-9.23602951053075,-9.33418453627747,-12.0400560224945,-20.2434621428169,-9.723175938553,-8.62575662798063,-11.016124023005
"SOD2",-8.12214446526481,-8.02071979481347,-19.9015618509464,-7.87014349085268,-8.30150230250992,-8.10158677970006,-10.4371022133755,-7.61418601220525
"SORBS1",-18.5734947269678,-8.94786776600733,-10.3995734074836,-8.70143249433415,-8.67152403542234,-8.63227240455074,-8.54286642217421,-10.253751899796
"SORL1",-8.3720278924784,-9.1634156942386,-7.76323734959594,-8.24870148750368,-8.38183178926835,-7.50459097433613,-6.95419127674446,-8.50006485182142
"SOS2",-9.84413683745015,-11.6714663453178,-9.160345893418,-10.7284181715822,-10.1603396639856,-10.7046670184716,-10.405754114595,-12.202063099133
"SOWAHA",-19.5676261702523,-9.5172173485106,-9.05515137966015,-10.2727159842708,-11.9522322947597,-20.7912815771409,-10.3221773321531,-12.0406041268013
"SOWAHC",-20.7054859616253,-9.64797516106665,-11.4204862824294,-12.6630183126282,-11.3600154567676,-9.84620441681069,-11.0447129945925,-11.1919220590641
"SOX13",-20.9547884374488,-10.1520379802783,-21.3751617879919,-11.2732376856002,-10.9879398861782,-10.7989406751358,-10.5539672003545,-12.1060816114686
"SOX21-AS1",-13.6780169897221,-10.4662718258108,-12.3748794830847,-12.4177909818454,-21.6108568088695,-21.2280601050222,-12.9085069990261,-12.0668251414498
"SOX4",-13.5473429585119,-9.80208160750522,-11.4823214064647,-12.3862262116888,-13.9817214562091,-12.2640831581989,-11.7407533708023,-13.4838040729834
"SOX5",-21.8027378440456,-10.8847389148902,-16.071038082972,-10.5464651487533,-10.2522749200975,-9.69442785293703,-22.0000958779272,-12.8834068232442
"SP100",-9.94711463555364,-10.0864028753011,-21.8585623112315,-11.7142701921477,-10.3808998125072,-10.2988814241599,-9.4567538449613,-13.4980000625489
"SP4",-20.3598472070008,-19.9949702453424,-11.2810571553069,-11.6751027487575,-22.5597296319346,-9.63400494603055,-9.99453282066832,-23.0174922201896
"SPARC",-6.5024600184898,-6.13489047271932,-8.09744776217048,-5.17877232495907,-5.42942154788563,-6.37430315471314,-7.64318331515422,-9.90900949379897
"SPARCL1",-5.77783060669698,-6.80730681864254,-17.2891452697956,-5.63720078245816,-5.8144286359492,-7.40655984196117,-16.4674764407769,-7.83119898142247
"SPATA13",-9.70819067577803,-10.3540073436703,-9.55629022535001,-9.87005287059057,-9.30762571715086,-9.65018178217866,-9.34971274744442,-10.2437536260455
"SPEN",-8.37956984281334,-9.40920938010201,-8.68010651390541,-9.31321349836912,-9.44233435586703,-9.74925092183799,-10.1204512906248,-11.9222509241377
"SPI1",-9.66019292150116,-20.3170124373635,-11.1476475032,-13.2413128163311,-12.3337036335221,-9.30428926386717,-9.09484295085185,-22.8834359440873
"SPIRE1",-17.570867149987,-8.05332500753487,-11.4755597510655,-8.99393502413317,-8.98492648469567,-9.70862066448563,-10.0475208274275,-9.61132924063939
"SPN",-20.6013610999888,-10.1062549016,-20.4178769720456,-21.3974155255274,-10.6153151300724,-10.0479925907805,-9.64873309303256,-14.642220056288
"SPNS2",-20.4329769518845,-11.7043450597392,-9.93601530286796,-20.8978219776627,-20.9873608295366,-9.82921321654089,-10.9126095883097,-11.6026748539658
"SPOCK1",-19.7358797470596,-8.7166998050976,-7.79519504412416,-9.3413203307152,-9.47346785661004,-9.04453335355088,-10.0945441706237,-10.6270306265324
"SPOCK2",-7.90738061146172,-8.55051218854095,-10.0178549181914,-9.91315636293664,-9.35610951639595,-8.71431271244429,-9.75321640811932,-7.58769488828525
"SPOCK3",-18.9797754240484,-11.100088855469,-6.85514966831015,-11.528966213339,-9.99750313063523,-7.93591270836043,-8.34366109242401,-7.92429040941873
"SPOPL",-9.81799339561812,-10.9704958179399,-10.1243795800629,-10.6488970490328,-11.2822212572343,-20.8860698513139,-9.65459335011702,-10.3879341880501
"SPSB1",-20.1845435045895,-13.1035020805922,-11.1721607091136,-11.4111886025711,-15.7495106012013,-11.4516398453222,-10.424124649512,-12.8628787721471
"SPSB3",-8.83052877238412,-21.0027760111346,-9.80257341846452,-21.2853686427538,-12.722589558747,-18.9701242772992,-11.2975994353587,-10.9266829150884
"SPTBN1",-7.21298841006158,-7.67730818359172,-8.59053511198621,-7.52820896220965,-7.45611253362163,-7.37609724809923,-7.78233797837033,-7.57313084258624
"SPTLC2",-11.3968500879102,-9.89268110423667,-8.64042296198316,-10.5499169274647,-20.2421579875756,-9.39671090035995,-9.42241159605062,-10.7335330649559
"SPX",-9.54929767859876,-19.8923789078257,-10.7754091424031,-9.51821870278417,-10.3231795935786,-10.6168306694281,-10.4251853421794,-11.0063114890147
"SRA1",-19.70712640892,-9.92175337972745,-21.5201009097468,-11.1402815768122,-10.3151777935402,-9.96336618226059,-11.3289484012386,-10.0014366774136
"SREK1",-9.21912032989396,-8.10410230139985,-12.4831724504075,-9.48560915899747,-8.97347395544039,-17.7257726556098,-9.89446451625831,-9.74571952339882
"SRGAP2",-10.0377065307428,-10.1150813423338,-10.517942227131,-10.8866950383404,-11.7651929546403,-10.0650909035612,-9.26751406231767,-9.80793002767695
"SRGN",-7.07980613694123,-9.78883347221687,-10.668071467968,-9.0745696416844,-9.98267506008047,-8.32230005471524,-7.72774995588701,-22.1986589440672
"SRP54",-20.5588888335356,-9.56010598964946,-9.80975887611301,-10.4046954411765,-21.5897960448253,-9.64034737321243,-10.8419794819544,-9.5084791950697
"SRPK2",-9.35270167656139,-8.26122489260402,-8.22176236658263,-9.56643455705444,-8.8243745264117,-9.47179792809455,-9.34742767447632,-7.67341752365498
"SRPRA",-10.7172666466163,-19.7517211026008,-20.6314666558787,-12.9062884187609,-21.9534759491279,-10.4703140373149,-10.3661594546587,-9.81466086106565
"SRSF6",-20.825671167926,-9.1876937017495,-9.89585878611987,-10.3823927009789,-19.7265088987429,-9.9313292718866,-10.9668341802524,-12.008265490212
"SRSF8",-9.43563001492828,-8.82964323949028,-10.9359674839813,-9.6216363964985,-10.0307308227792,-10.240116320349,-11.0387896614536,-9.84294289172069
"SSPN",-18.9843266824508,-9.19226192149196,-11.3911954270085,-9.07124377464385,-9.81583219027129,-9.7368261153914,-9.90464237751983,-11.9897918512151
"SST",-12.1560920832527,-11.0841460475217,-12.2640158416862,-17.3325676297063,-15.0476660430434,-22.5641530257631,-12.8736607837326,-11.9004094046003
"SSX2IP",-21.5445388067841,-11.2441512740361,-22.3493862076015,-10.951990631672,-21.6562856594351,-11.6967948568208,-10.9327802859595,-10.9755185125564
"ST6GAL1",-8.49558028376557,-9.51640303686285,-11.5742370966651,-9.5116157219857,-10.6946207508862,-8.8622591273942,-8.27649074141949,-11.7502068350046
"ST6GALNAC3",-9.54476093926558,-19.817306372564,-9.93616777070952,-22.0959976587436,-21.6505565890817,-20.5919165130322,-12.6917542004241,-12.4529795535156
"ST8SIA1",-19.9207122704725,-9.8776506510642,-20.1791132247442,-9.87199557113749,-11.8317787492351,-9.66970923630352,-9.71331918854994,-9.04041690267647
"ST8SIA4",-20.8444890286991,-12.0744193930033,-21.7625618805057,-11.3418205051429,-10.6768622853591,-10.4112414827374,-9.73578547737355,-12.6282541490274
"ST8SIA6",-8.73416157190281,-9.57358979039065,-12.8629380293362,-20.7483942576295,-9.92358745848741,-19.1127045451764,-11.7599552287114,-9.2070449420664
"STAM",-18.2175843136362,-9.77714385317551,-9.65443142834416,-20.4570879872122,-10.3201630726601,-10.0184332620981,-9.96395497313496,-9.26943854915581
"STARD10",-20.3672202759626,-9.1835009480958,-9.84082104094836,-18.0248038349162,-11.0466786660575,-20.4226047335493,-10.236915506016,-10.2062800496814
"STARD13",-18.6414094869305,-11.0978255306218,-9.32438523507578,-10.629685308173,-17.3920117851677,-9.77574165020947,-9.48490372142501,-21.2992823300749
"STK11",-19.5914580043975,-19.4053541947556,-10.012629801553,-11.5055911088582,-12.1264808255467,-13.0528981592086,-10.2728734733885,-10.484392243564
"STK17A",-9.17325135877288,-19.9966841077167,-11.920548481399,-10.3394154514877,-9.84373868005648,-10.8878468165665,-20.0728681890952,-10.2150806856498
"STK32A",-11.0317966685591,-9.63792339124407,-22.3583946704152,-9.31229531333168,-10.0391089348023,-10.3740311089514,-21.0248450285989,-11.2824339593267
"STMN1",-8.69257261473689,-8.97801901048422,-6.65648389621335,-8.11802815095143,-8.30335637510838,-8.51150785443197,-8.84174824571269,-7.25033933383694
"STMN3",-10.9412990644396,-9.61194175707167,-11.6068843743101,-10.6107519311321,-9.99638754329087,-9.16283446306672,-20.6286540405488,-7.56902460780281
"STOM",-7.69411767511727,-11.484116632247,-9.63169346477908,-8.30893858231611,-8.57893245331316,-8.80663197246338,-8.57155845997663,-11.1707594223727
"STON2",-11.4394075044087,-11.6527857469328,-13.5101858441708,-10.2040331469232,-10.0721837234501,-10.6702804278107,-10.5548751504399,-11.0261599531495
"STRBP",-9.17191217216148,-9.88453529182171,-21.2281552365842,-10.023043204105,-9.99428688434842,-11.0727751612737,-11.0971613058698,-9.68353788320375
"STRN3",-9.65678092545564,-9.21416216270067,-12.3500574130131,-10.7259699872314,-11.6449339179076,-10.1427561492134,-9.49188614140804,-10.2059000870632
"STT3B",-8.90832024337833,-9.43617830052129,-9.64533102878347,-10.0835954553698,-10.1057201889448,-9.37067155493606,-10.2693726517758,-9.11149084792045
"STX16",-20.1254590329301,-20.2111571583577,-9.17345837785743,-9.00469993860626,-9.1462643919129,-9.621284890951,-11.4500811306637,-10.3708476533285
"STX3",-10.9914546455424,-9.68894875841839,-11.8110853265579,-22.6335796922475,-22.3756230825002,-10.825247123365,-22.5582465747008,-11.4246680881746
"STXBP1",-9.4403873086575,-9.10852494773459,-9.79680651776168,-17.8078468440818,-12.1054121150191,-9.08689684169179,-19.8798216592627,-7.05493823205628
"STXBP4",-19.7466048509951,-21.4400644433202,-11.9175936074126,-11.5174557120873,-22.5814613512788,-11.6023620713394,-21.0297307468812,-12.1019360401682
"STXBP5L",-19.8458783713537,-9.55150001374652,-20.4361070759076,-11.9441095850536,-10.3040697314157,-10.7512511928017,-10.7357340313396,-9.70455771652439
"SUCLG2",-18.1719511411975,-20.7069807957302,-12.8528894685966,-9.85571585140681,-10.8560064053883,-11.8492897456233,-11.1670181729548,-12.5196826049381
"SUCO",-17.7797303870869,-10.3998186368947,-11.2818527586492,-10.8061841404925,-9.79112207831932,-10.2699237276623,-10.5277264282368,-11.3318956264487
"SULT4A1",-19.4935201736107,-10.3548476030943,-20.8909517201339,-11.8802456025706,-20.2024034958513,-10.753724767353,-19.3335944456162,-8.08278821033173
"SUN1",-10.250861199718,-8.96948297638313,-11.1858500390547,-10.4270605242224,-9.71168536195594,-10.5735657122939,-13.7357858278954,-10.7709667343526
"SUPT3H",-17.7292177827565,-21.1478738637367,-10.824696307239,-13.2333729976472,-10.875244266697,-10.5838827236542,-12.5089346541362,-23.0093228751278
"SUSD3",-11.3025285764286,-19.689846557928,-12.0087170893825,-22.5953242584498,-19.8804166775771,-12.0052657617533,-10.1421442120237,-24.0547860301803
"SUSD6",-9.23211516861598,-11.0623868366222,-11.9933344667278,-12.5354491409127,-21.5958141440256,-9.74570888959356,-9.33673444924717,-15.045722754076
"SUZ12",-19.4965850831908,-19.7181017716298,-10.2867843244164,-10.478899980545,-9.10497058929846,-9.95340854550927,-9.9811267639804,-10.3026300505794
"SV2B",-20.8902317225683,-9.72096897628686,-20.5009266064216,-22.0793857545077,-13.190737615351,-10.2465053510734,-21.8455650939526,-8.5188164990418
"SVIP",-8.44893099327231,-9.56772197056883,-8.46742400455429,-9.01271935562168,-9.63527986994212,-8.82641400216515,-9.30393988961755,-9.07361219148816
"SVOP",-10.6436444804433,-10.5442771783456,-21.951074997152,-21.1730210564801,-11.7412621705242,-12.0791550835257,-21.8901778912271,-10.1776362843106
"SWAP70",-9.14474462649061,-9.30504774930822,-10.6286036251975,-19.582044076092,-10.1612908520043,-9.347774811567,-8.94229238461722,-11.1375925155633
"SYK",-10.4338376233672,-19.1837900527879,-13.7481402146567,-22.8707449371752,-21.9885990028508,-11.089609354313,-9.33457971153269,-23.353446553138
"SYN2",-10.8216987672354,-10.9267642384575,-22.4589349170848,-22.6113305440558,-10.9652825608168,-18.9684856054391,-22.0504064416091,-9.36758365031139
"SYNC",-10.784926309378,-10.3638447133316,-21.0568817630302,-10.8387245912197,-10.5219989189932,-20.7172518230028,-10.9423841412052,-10.910837591436
"SYNDIG1",-11.0254092928888,-10.6112128741845,-9.78469192507524,-22.0323709250596,-22.0282558372349,-9.495773154884,-10.9067014502571,-12.1062919679905
"SYNE1",-8.9056284472809,-19.0762105174351,-18.7555785027303,-8.80012515105716,-8.55799064164813,-9.14532502749074,-9.81522783869699,-8.7890723830181
"SYNE2",-9.12822803462139,-21.1693789284188,-21.0644795873682,-10.7624985116578,-21.086466545748,-22.1275304676513,-21.6880918408233,-13.4017980990267
"SYNGR3",-20.1877319627455,-19.6576692908007,-21.0327652188172,-21.7621944375863,-11.9898762700411,-9.10063016669572,-19.9545096259384,-7.59385434018671
"SYNJ2",-12.8726444227393,-8.83845428057628,-8.03631083628396,-10.146674473511,-10.3731916956658,-9.17570297188784,-17.6184692920025,-22.6248016915161
"SYNM",-8.03928335701682,-9.06297854714858,-9.47856981505536,-8.4046435017816,-8.86369622937815,-19.2823487212444,-9.05236129463665,-10.1747696176519
"SYNPO2",-10.1941234571016,-21.0749218394396,-19.7442758756086,-11.0310054461601,-10.4931928496095,-13.0777506427372,-13.8502312913837,-10.5620145629209
"SYT1",-8.88251628187755,-8.35198317210194,-19.8514498160938,-9.55351432871929,-10.2327566760129,-7.54762413048919,-11.242681955498,-6.1544298230071
"SYT13",-18.7754948591222,-10.6868413089451,-21.9226288801688,-12.4088634579277,-20.2000166116454,-10.7450473160621,-20.768811171551,-8.32067878048698
"SYT4",-21.6088736639845,-18.9652411542074,-22.9200465846561,-22.5486618460321,-20.4833746265221,-10.4705643154488,-22.3021808844504,-7.88474273811994
"SYTL2",-21.4917825738451,-11.6507477286676,-22.8664130944778,-11.8864628053534,-21.9233316109546,-11.4328533346915,-21.7781033477503,-9.85904903132901
"SYTL4",-8.783243088529,-8.74623772084186,-11.2029739111493,-9.17695154239988,-9.27027092073913,-9.43908451306148,-16.6995941861765,-13.524865829185
"TAC1",-20.6110255667909,-17.8305509945813,-15.2460533341561,-20.5883815094599,-14.1958067928245,-21.517609099578,-21.6553291610103,-8.98920468767231
"TAF13",-15.4464116171307,-9.18711245604439,-9.50237517321565,-9.14391594281974,-8.73163999033739,-9.04902704402671,-10.279066720531,-8.99370983343476
"TAF7",-8.77222136696495,-9.9613661140714,-9.83254234204123,-9.37073406446778,-10.599244526276,-8.90999950956314,-9.83909730897871,-9.2096458212037
"TAFA5",-10.7256922289176,-9.11885643494133,-9.15217945274256,-9.16781556363486,-9.2764199041321,-9.01984711957428,-18.1605819816077,-8.97143678934014
"TAGAP",-22.5746954635727,-21.8232582847507,-23.0442525539299,-23.6162004180334,-13.3780327653368,-13.3927100565782,-10.1631324190993,-23.3975596723115
"TAGLN3",-20.3579655669805,-9.62435182515458,-21.2579956874446,-20.1566579859714,-11.7130274341252,-9.73581971687634,-11.0804480809593,-7.22921973456995
"TARS3",-10.6034594102662,-20.2967196451874,-8.88176988761144,-9.94937514292178,-9.6672082618532,-12.791522442296,-12.9575600396374,-10.050581217187
"TBC1D4",-8.50337277357554,-21.3851503282146,-19.2664204754358,-12.9117988400522,-21.7352000728283,-12.5399962080737,-10.3508504260669,-10.2803756014512
"TBC1D9",-11.3354872935781,-20.7593010948298,-20.5189011551863,-10.9989573946828,-10.4440970085802,-9.81315598992569,-10.9379996414689,-8.89459351047761
"TBL1XR1",-18.1851728094392,-13.4395648191631,-10.0075716144672,-9.31482683734852,-10.3503329141233,-9.74620207497653,-8.99220511989542,-9.78635544083481
"TBXAS1",-20.462480679857,-11.1681621259968,-10.7711837469387,-19.944993891198,-10.2450489431347,-10.3157752038056,-9.04412064969845,-14.7649264944103
"TCEAL2",-19.453109077316,-8.75650853253091,-9.55776225550683,-9.26151090999511,-8.68112874612794,-8.90520824921008,-21.1064936676468,-8.76085350635505
"TCF4",-7.51586567590455,-8.98383568059342,-8.28386164813403,-8.31634723098636,-7.80517445687401,-8.72552580688419,-8.68466732195754,-11.2354167454535
"TCF7L2",-9.75260592051738,-8.70486847234004,-20.3151718995617,-9.70293087075396,-9.80293134640713,-19.6565155261181,-13.3659998004212,-11.6562273247616
"TCOF1",-10.9826819666761,-8.68652569102647,-10.0284950474058,-11.0640919788994,-9.58091630708023,-10.2535574290654,-13.3323452027113,-10.2453703975933
"TCP11L2",-10.0265279165464,-20.4531731260734,-10.109123910958,-13.3222516902281,-20.4295092020116,-11.4684634598447,-17.2498842395052,-22.6151630439114
"TDRP",-12.096379471461,-9.79834359685543,-23.0026586114896,-11.1841572851705,-12.9934460337074,-13.0463268795185,-22.8289481392438,-10.7179124133472
"TECR",-9.94533141268839,-9.05494954103016,-8.07675525997811,-9.24718434743077,-9.2898174824514,-10.1914046713772,-8.59531200623131,-9.4757560086711
"TEK",-9.60920145782344,-21.4351093787118,-11.5616011672536,-12.8991917618767,-10.9107053066711,-12.2067016443172,-21.870140828651,-21.1546629663389
"TENM2",-10.8577602187108,-10.5150965102553,-22.0595634333586,-19.4087984030985,-11.1191218805348,-10.8230207721861,-11.2452952212513,-8.86756430937044
"TENT5A",-9.5991898036391,-10.0740458450949,-11.1271016585322,-11.6013347071693,-10.1488543345147,-12.2818341188379,-11.8156011618709,-13.2663805182388
"TFDP2",-9.78096933704116,-20.713984340076,-20.8707668355051,-10.2791976308641,-10.0376466669159,-9.7646747569918,-9.62770373653619,-9.97184173897076
"TFEC",-9.51427241254021,-10.6774754247959,-21.1968711851184,-12.6307073404947,-13.1806795893115,-10.5480370539158,-9.54450448931191,-23.5317700453103
"TGFA",-20.3408035568617,-9.30519181409689,-9.91099383685581,-22.9990455525826,-10.4672824578217,-11.2484555398923,-22.2920127120679,-22.8876684198281
"TGFBR1",-9.92758311970714,-9.64743692297381,-11.1244732833001,-10.7651272480239,-10.4927338836551,-8.73271833736092,-8.51838948541157,-10.0891716875445
"TGFBR2",-9.32958705555892,-15.6098490642827,-21.0110478966003,-10.203289078604,-9.74632998857072,-9.95165564357957,-8.75181223231039,-10.5571953393462
"TGFBR3",-8.59455825772903,-10.0881012131409,-19.3705391276088,-9.72042374457437,-10.0646812239947,-11.7792623877528,-12.1711653024617,-12.1125320714797
"TH",-19.9687144026261,-20.3471453494273,-12.6106398589031,-21.7965147255318,-9.94600395998396,-10.2266290721083,-22.3925057448196,-8.16438879079866
"THAP2",-19.6878346365426,-11.6665240672389,-9.76281104904072,-11.6866035269027,-20.0650498965315,-10.7857256070593,-10.4067675933108,-11.0795745464998
"THEM4",-12.3386989225126,-20.5296325514308,-11.0990322566197,-11.4616286509276,-10.1069341237407,-10.8176678060727,-20.3706430949793,-10.5442617126255
"THEMIS2",-11.1669020378118,-21.0657707198667,-11.5082012031048,-14.4355843772699,-22.236417822542,-20.0675509264414,-10.3966364751274,-23.8019814210867
"THOC2",-9.47309840422523,-20.4021306719761,-9.43087606099895,-9.37366059076753,-9.45992861865907,-10.3682366473437,-9.51703608567683,-10.0437304687315
"THOC3",-10.6682582970142,-21.0819591397831,-11.269541633531,-12.7868550880988,-11.6526021534137,-20.4740051500289,-21.9984752877037,-10.8994693177721
"THRA",-20.2353768379765,-8.70012651231299,-8.72863118446137,-8.68666844908133,-8.96460790056749,-8.55502523006157,-9.97098024139348,-9.69185036881858
"THRB",-9.99920984757493,-9.67450762980084,-22.8638981728602,-10.3793081780182,-22.1848456824174,-11.6961432886717,-11.691225047187,-11.2360256771999
"THUMPD1",-20.8468668675544,-14.6999647168837,-9.68863469710063,-10.5680050541467,-9.98944405827351,-10.036948948771,-12.4586466951088,-10.3690219742619
"THUMPD3-AS1",-20.3933875528234,-20.0725671190087,-9.75479135897141,-10.3183031722736,-10.5626267362866,-10.9272177661662,-10.6215403051449,-11.7728506762764
"THY1",-19.1160297255155,-8.16114125639038,-21.7863203132352,-21.688967173888,-10.3176379437086,-19.0966710017003,-18.6127133521949,-6.84101268228847
"TIAL1",-9.88550987055373,-8.62792770957913,-9.4314716683698,-10.2856578114884,-10.2120194934347,-9.84171435819721,-11.569956970503,-10.4941006606571
"TIAM1",-22.0351351886588,-9.97513593122784,-10.8693536476701,-10.3022163244926,-10.8863754239333,-20.8680248299331,-10.4206890464415,-11.2895638285231
"TIMP2",-8.76673279335745,-8.44456831565848,-8.49577104448354,-9.96207109274777,-10.7238727214385,-8.34114615127424,-8.04124370422067,-8.40430544601464
"TIMP3",-7.08563142889307,-8.54675304875718,-21.0021790959178,-8.35935887028407,-8.01750636749382,-8.50916480957935,-9.38835853813329,-17.9392507839323
"TIPARP",-10.50401725928,-20.0921105567564,-10.5979844567614,-10.3065898592963,-10.8819644565119,-10.7024589498078,-10.9918193854843,-13.5320121984633
"TLE1",-9.7881536921578,-20.7227192544466,-21.3346412300075,-11.2686089159081,-20.4637736464451,-13.0447079236492,-10.4635672203784,-10.605073846064
"TLR2",-21.3011826597776,-17.5201876774253,-12.6424911389882,-10.7387409249769,-20.4763074805048,-10.1432417244951,-10.0890578588655,-13.953958464223
"TLR4",-9.85271085980831,-10.6193399532338,-10.8271922357885,-9.77464898319699,-9.32159547276999,-9.32690429670706,-9.85763999515953,-21.5682455196249
"TLR5",-9.58566029458594,-20.9229040021811,-13.9875250329341,-23.4827715064017,-10.799116390833,-11.7877729939389,-10.853743382905,-12.3146245733748
"TLR7",-10.8295634795388,-18.91854966251,-11.7465330641866,-12.2521514990687,-21.6362288658397,-10.3895647574532,-9.8717374072416,-23.6182972700187
"TM4SF1",-9.10106691391816,-11.264876244489,-12.6867210642221,-13.2559611516317,-21.8852522409594,-12.5256550566608,-11.0281091988058,-15.529159357784
"TM6SF1",-17.5583937129174,-14.2679969510153,-20.3538280279176,-11.7357451818189,-10.3400744367294,-9.84571988616201,-9.24624310900998,-10.3070305224113
"TM9SF3",-8.78172293955129,-18.6648893195025,-8.48021940045119,-8.91922726865789,-10.1592845922213,-8.73572132068144,-9.57669542469408,-9.44569291840736
"TMC6",-9.49497773727651,-20.6199563991261,-9.13305171160059,-20.7545119096602,-9.18441272237903,-9.64151077836885,-9.06920772391795,-12.177094080464
"TMCC2",-20.3252701901455,-19.4298675751648,-8.74998393840724,-10.1040677181447,-18.1495949876094,-11.4270763449477,-10.5468951228911,-10.279977336604
"TMED3",-21.2997460071412,-21.0481715405289,-22.5096542073546,-10.9327431222476,-22.1549376757071,-21.2830753775928,-10.7634362809546,-10.2281395005367
"TMEM106B",-10.7720525381678,-8.56209324978133,-9.03079489854585,-9.46053854933858,-9.52896050446704,-9.15032191439273,-9.34280160863277,-9.21304450332681
"TMEM106C",-20.732081571142,-9.60790451987872,-11.0301082551617,-19.4729747967344,-11.3678849986612,-11.2245369693829,-11.5419913273151,-10.4609511794802
"TMEM132B",-20.9229496278215,-17.4927712079646,-12.2864123543509,-11.1039717411202,-10.7726068558898,-10.6837473935697,-11.7210275658844,-9.32131063358143
"TMEM132C",-9.80168864134077,-8.82753546274533,-11.48154506084,-12.3861679998068,-11.8905005724901,-12.2382821984313,-21.5733696795655,-9.88121877992137
"TMEM140",-11.5729658022327,-12.4690369247627,-10.7779091350944,-20.9514202020787,-19.9633700430718,-10.1146537867116,-10.1116266525649,-12.9850888492153
"TMEM14A",-9.1389409785329,-19.3311918542457,-10.47972931687,-10.4073636604578,-11.4669760040883,-9.41171419868328,-10.4575988206527,-8.49912482685502
"TMEM156",-21.0654545350214,-20.4018222424983,-11.3724184567776,-22.4072992294717,-21.4996644833936,-10.8595515640426,-10.59020447365,-24.3010937403513
"TMEM161B-DT",-9.49269982195326,-8.66479426856235,-13.301838144741,-9.21936025376267,-9.27119933527004,-9.36226421330242,-19.0713867205905,-10.6559375488635
"TMEM164",-11.5819101672714,-20.7353582010316,-18.0703646024486,-11.7515223873555,-20.3322424150157,-11.6724631966079,-10.6247704943966,-10.803032401499
"TMEM168",-18.8326498552925,-10.3176581599855,-10.4310506362243,-11.0548994950572,-10.5352903948708,-10.3883367493587,-18.5804399121873,-10.8831918949462
"TMEM170A",-9.52510130424336,-19.7404843108093,-10.6477244621399,-10.4918173183587,-11.2273009694471,-8.90724501091887,-8.99866048777278,-10.6224209218633
"TMEM170B",-13.0720280345182,-11.0358072788151,-11.2381996924222,-10.0789912686457,-10.3306155597064,-9.73655349968432,-10.6812107374744,-10.0806096950461
"TMEM176A",-9.75429875338985,-9.30060182299692,-19.5191827930047,-10.1946360178219,-10.745399294367,-9.37222601796157,-10.2826731160318,-11.8718599827346
"TMEM176B",-10.1318292059312,-9.66682838825155,-21.7512487721881,-10.5153367908052,-9.99561651889373,-10.0780903720907,-9.52017640756967,-22.4368912658046
"TMEM205",-12.5627156893282,-8.5341846168891,-10.3322888356077,-10.0805383524212,-12.0062520571107,-11.2085827682079,-9.7151325125145,-9.31976098729697
"TMEM25",-9.95350159966048,-9.33060965247349,-9.74755001231069,-12.1197149487973,-10.5686292899294,-20.9008688205843,-20.0310905071628,-9.45401845831559
"TMEM263",-10.4753992577814,-9.38204568689898,-11.0558620446911,-10.4387869121153,-10.3180386261421,-9.94636591693062,-10.3960658627617,-10.7000511469986
"TMEM273",-10.6770801597208,-21.5979999018655,-10.2064247737242,-23.1895259331819,-12.0278126141701,-10.5648322150544,-10.5428264615762,-24.0536046202727
"TMEM51",-22.6913686452772,-11.225102440579,-13.0950441295656,-23.2320228067591,-22.6192648078541,-12.315084690061,-11.0609767111381,-13.0529044751368
"TMEM63A",-9.31662279042,-11.4959941005447,-8.69783743928572,-10.9176293920602,-20.9693543637042,-21.1614238930918,-10.7330217428376,-22.6687234678458
"TMEM64",-11.309628768066,-11.2143855500883,-9.79195133039409,-10.8908635246039,-11.6509466852936,-21.3358111099947,-20.7399810259328,-11.2999761053786
"TMOD2",-20.0136194058169,-19.2557208510133,-9.19487484150224,-8.65572014468409,-9.1237013765335,-9.23520891117115,-13.2061049404111,-8.59109737264513
"TMSB10",-6.01510634969824,-7.3991208019459,-10.770717989319,-8.00326789839346,-7.51996848623119,-7.33681587516903,-6.44216558557622,-7.7561926649587
"TMSB4X",-5.52479803016804,-7.17927722375024,-6.09744215412972,-6.22372864280015,-5.82582536298661,-5.50010287335498,-4.97994688868819,-6.99187517140768
"TMTC1",-8.25415569780809,-9.539033966742,-17.3946355874845,-14.5438595920548,-10.8056542231013,-17.4714549515042,-11.5886284466211,-8.95422588065266
"TMTC2",-10.1812733206249,-9.28155930915934,-8.89396846297888,-22.7643611158643,-9.90152491904871,-18.9027119928075,-18.9139236938945,-11.9224318867495
"TMX4",-11.5713839185795,-7.496197170891,-10.5096650359983,-9.70301666566628,-10.1230024662063,-8.6999003991142,-11.5533539003975,-7.50129051874671
"TNC",-12.7328944941536,-10.8648187882348,-20.9353451128162,-9.98572949443896,-10.1311473016476,-11.6293343435054,-12.074802113739,-23.6718607629491
"TNFAIP1",-20.8693237585462,-8.93235075744155,-12.332863997903,-11.0283416928949,-10.839160715528,-12.090786227915,-11.4039387302799,-10.830201921519
"TNFAIP2",-19.7720443727481,-11.3248070786776,-21.4767008214298,-13.3102508349734,-22.7050587562196,-10.7358374623753,-9.8464158269131,-13.5694376443474
"TNFRSF14",-10.4469271474906,-10.226567455256,-21.0259088106365,-22.4098542352467,-11.3937239183403,-10.291911624367,-10.1807430587233,-23.7502667783927
"TNFRSF1A",-8.45679650389599,-18.9200501212212,-10.1360670881087,-11.2750148845756,-9.74280023890729,-9.25287757752452,-9.19457918524306,-20.3978142543398
"TNFRSF1B",-19.2284500405401,-11.3964513055957,-20.5886651145873,-21.7255451837298,-21.3909711169531,-9.78215868676732,-9.18771814816919,-13.8384760144418
"TNFRSF21",-17.5523454035672,-8.26935691281261,-10.4910885525983,-21.5184553770643,-10.8047602092557,-9.572829476804,-20.4935186978974,-9.33134033892511
"TNFSF10",-10.6218130312368,-11.4022675948958,-22.5243994462587,-14.8886771356309,-21.4211327331837,-20.7785401167775,-11.8153527562953,-20.6245333380178
"TNFSF13",-20.0331025722454,-9.49978981454949,-11.4502741006742,-11.0749619676028,-22.1157003372756,-10.1181926125467,-10.3220126843343,-23.3083844547302
"TNIP1",-9.66636783653642,-20.8537785693789,-10.5747308384129,-12.3618646155627,-12.073405134001,-10.6198090028162,-11.0765960062964,-10.4570006679419
"TNKS",-10.4557386237534,-9.06090478478609,-9.60524024014869,-9.80484401323665,-10.6130299390486,-10.3568241188511,-20.8108527019474,-9.82980080711245
"TNPO1",-16.9804109301791,-10.2114023141843,-8.66489552787513,-8.97115645570897,-10.1161600751053,-8.9044634328512,-8.99020960901945,-9.23780420452169
"TNRC6A",-19.1784574756721,-10.8339433614949,-8.88189125842317,-9.08471469845574,-8.72461314771204,-9.75077392411965,-10.9105535805578,-9.49424993084707
"TNRC6C",-8.97051543919768,-8.70494671571477,-8.69074854205781,-9.18341426800437,-9.02335014467808,-9.4794942363912,-18.2637764780652,-12.0007510045869
"TNS1",-8.15995582200892,-9.6591976824444,-8.75418614976292,-10.4765279256636,-18.7493022929483,-9.88691587261232,-10.1774517508615,-9.94628573730904
"TP53INP1",-21.643271985515,-10.5811632808323,-11.3121644020356,-22.0037997709863,-13.3359753262263,-10.9121920242225,-11.1342027324521,-13.2310558084354
"TP53INP2",-15.7019372732315,-8.25758671729226,-8.80672534844683,-9.07588093627709,-9.18321193743187,-18.1670413565587,-11.0153015982762,-21.8234264510732
"TPCN1",-11.0252877365865,-19.7553809213401,-20.6863164288701,-10.5723624879522,-10.1014035130362,-9.84571355985318,-9.21792133088491,-11.4930205346474
"TPD52",-18.8506475390892,-18.4856761767352,-8.77444184436278,-10.4601095305741,-9.5563912796508,-10.0411175851387,-19.8190634842399,-8.57772705065315
"TPD52L1",-8.74163486447678,-9.00298794095974,-10.7687395544289,-8.89088136520792,-9.22742991847597,-9.69660148224111,-19.8082671944643,-9.64204814596933
"TPM1",-8.39525188502772,-10.6420027607245,-22.212034236349,-9.86600868813136,-9.82553288666043,-10.4371393520027,-17.6692694123242,-10.3555481479774
"TPM2",-9.12956349647511,-9.87161732855057,-22.2181719877783,-15.2197526629742,-10.7518539820208,-10.5920587838637,-10.439426878903,-13.2095860338226
"TPM4",-10.0844206623854,-10.7602607563056,-9.22684581267552,-11.1661115618267,-9.3483054063472,-10.194595284594,-9.35402901568825,-11.6805163075778
"TPPP3",-10.0419114819668,-19.7263495297237,-10.3121741048331,-11.1498809829107,-17.425578959572,-19.5965040351622,-13.3407927779254,-9.13858781573792
"TPST1",-9.60927424875437,-19.9955539339425,-10.8418291601024,-16.1465134896952,-10.0163150970944,-10.0542541457105,-15.3543519903189,-10.0042135068036
"TPST2",-9.15154517803034,-17.0617955637541,-11.2100808313257,-10.990314179984,-20.8342908968626,-10.6015936433986,-10.3214971313889,-11.4798362425539
"TRAF3",-21.3666368691153,-10.6038854506684,-21.6125358829455,-10.561104010387,-10.3118724728151,-10.5444702845068,-18.9937220958812,-10.7603145120054
"TRDN",-20.789508949236,-10.5557465100645,-11.4959028349043,-10.3117282382393,-9.80682193188571,-11.8809986763217,-9.85465327091048,-22.9204494596929
"TRIB1",-10.8087120319363,-20.944433252398,-10.9667987447266,-12.3870650309544,-9.74024195242126,-10.503756643145,-10.2769436746336,-15.642104369596
"TRIB2",-9.76395459919256,-11.2403079526516,-21.2532796843927,-10.8605279658329,-9.63012990033409,-20.8821939526254,-12.4149292167859,-10.9554410067893
"TRIM22",-10.0487783913955,-10.0780696966055,-12.7421117642134,-10.9761828593822,-21.8821125669582,-10.3381645805479,-9.30878437838731,-12.9614992584728
"TRIM36",-19.3757022694843,-21.4934676073309,-22.5868542101318,-22.4611387793311,-10.1852302391538,-21.9927645774189,-11.097118785848,-9.29449464535176
"TRIOBP",-10.9627343146729,-11.4403790811872,-11.3851534981845,-11.8927819915463,-22.1236110288442,-19.8232265020162,-11.1989942203297,-13.1491795337879
"TRIP11",-19.988303640955,-8.98515752613688,-11.4441518928599,-9.7953234353844,-10.2402681834252,-20.0794493614166,-10.2637767410442,-10.5314682342303
"TRIQK",-9.60400886711666,-9.53198170379955,-10.637259649541,-19.0085300582419,-21.2556639810805,-9.51295558858597,-9.92454958902537,-10.1970953054756
"TRMT1",-19.3704734693709,-9.63327698968059,-12.7533774676734,-11.3814847025308,-10.786546973365,-10.3454155377217,-9.73602189426312,-11.7535620598304
"TRMT11",-11.8469763604826,-20.4490973298462,-10.9832323312003,-21.6526520525177,-9.73317713846686,-11.2077839794797,-10.7709103468968,-11.468532826686
"TRPM2",-11.0209565653647,-20.289738579651,-21.9270131937975,-20.1461491320175,-11.5635480375053,-11.0315078135389,-10.0351413436913,-10.1997587440217
"TRPM3",-18.6558275819886,-8.70315793018584,-20.6192735507223,-8.10087669202382,-8.28068607469907,-9.55698153254849,-9.81789067994203,-10.6002978525987
"TRPM7",-11.3797538337853,-21.3640153886181,-11.6145508953685,-10.0605039439625,-10.2925476184627,-11.9884992971045,-10.3442879626614,-23.3785379586259
"TRPS1",-9.13419264452829,-17.5097186072334,-9.90037976564763,-9.09625754295186,-9.50458208591373,-9.20012647719516,-20.5553962215972,-11.4072531287157
"TSC22D1",-6.11990473311265,-6.81225097749721,-10.013097279961,-7.60666905268194,-7.43038794044117,-8.1632677471665,-8.3924794980432,-8.3328948012414
"TSHZ2",-9.73804395935677,-19.2060062719652,-12.0435868955321,-9.80284115888472,-9.68577668741891,-10.3057997562967,-10.7691014008365,-13.6736803525815
"TSPAN13",-9.86455422523155,-20.6147268894215,-21.2591132435996,-22.3392674173857,-20.4234457761825,-11.0185581855215,-20.8085823168067,-8.54101919578157
"TSPAN19",-11.8910761898819,-10.5867398276946,-9.67726094552232,-12.2447094005845,-21.7948748982132,-20.9442576235599,-22.1643851147652,-23.4247529852848
"TSPAN7",-9.89524028837618,-7.5912984359562,-10.684035509327,-9.05448297200843,-9.21265068514744,-8.63594454457724,-10.4582532556929,-7.78117329153436
"TSPYL2",-11.1107941264441,-19.6027308179479,-21.896149783657,-9.93694880695339,-9.36172166865968,-11.0438068564366,-10.5049095368539,-9.53478891479671
"TSPYL4",-8.59023012271507,-10.0432942489626,-8.77964397642076,-10.165769849759,-9.28783393377199,-10.4443257582128,-17.8976030750495,-7.79870618179447
"TTC32",-9.97717422155853,-20.0308514662777,-12.3782345460838,-22.8044372556624,-11.4534227091495,-20.5860634315729,-12.862771876213,-11.508495246277
"TTC9B",-18.3009218384427,-8.59056251984026,-19.0350630233132,-16.3830168856238,-11.1483341363384,-19.5414152575585,-19.6745385665017,-9.49562533378761
"TTF1",-20.216154077428,-12.4292717250054,-20.8156666927881,-10.6039668856125,-11.1499597835756,-10.966493347716,-10.7769494874594,-12.0766160832992
"TTN",-19.8314506278867,-8.90128691037483,-10.3149318791063,-20.1476608735458,-12.1292038793967,-20.7409739240184,-9.88986229913802,-22.6925432080546
"TTTY14",-17.438897903341,-11.1079260141596,-11.9985293526291,-10.6303388772576,-10.3870833488933,-20.9893975424886,-11.4168845942364,-12.8467589316384
"TUBA4A",-20.6674874855819,-20.1288997623331,-11.9545537030385,-20.1446983612217,-20.4858023861508,-10.6782525694149,-21.1169824870049,-7.85958160356107
"TUBGCP2",-12.2308182713039,-18.4689754756955,-9.65280556206866,-19.5229216320258,-10.0961254063389,-10.8929802463754,-11.1197639162308,-10.0037491686274
"TUT4",-9.74992388320816,-10.002106690632,-10.2227054284191,-9.96846618929457,-10.1674122484314,-12.3941548934295,-9.93300116140375,-11.7044398050151
"TUT7",-11.5873098831171,-10.0398728096755,-11.0777814676218,-11.9065844824515,-20.1848669523152,-10.0731256930949,-10.3540801812437,-12.7448987676471
"TXNIP",-7.7035504631531,-19.1456172220295,-8.18871803398035,-9.9345321108629,-9.58419935743832,-7.98421567931761,-7.16751191871955,-10.4309115958286
"TYK2",-19.0759034788672,-10.2353562124199,-11.0752882067476,-12.988085772906,-10.8346031345027,-11.543281157452,-11.6602672039211,-13.7806078646827
"UBA6",-20.9282103114306,-19.321307195173,-10.2298779623674,-10.2672647054727,-11.9189377702847,-10.1542086244699,-10.9810896652726,-10.3184023857318
"UBALD2",-10.1059033840214,-9.61570309480338,-9.80066749180187,-10.5541986971291,-19.0996306218016,-17.2710334223168,-9.07008837505168,-10.4156183356404
"UBASH3B",-21.2297945361687,-19.4716206198116,-22.4823742086391,-22.7319096126331,-11.5958845895804,-21.8619595652826,-10.9289224305406,-9.61692603260084
"UBE2F",-20.8856690187091,-9.34463895029794,-20.6234780136136,-9.74835807467667,-20.32769643943,-8.92987296304747,-9.70122735748958,-9.79106496484581
"UBE2M",-11.2475412391747,-10.1228499008641,-10.3829328068143,-9.18635775404301,-9.38884065280569,-9.36267570276341,-10.4002767522371,-8.91009348716893
"UBE2Q2",-9.83485209232864,-9.25295943707418,-21.064236918159,-16.4595050438812,-9.39197109018434,-11.3004137915535,-10.1312590027653,-9.86170423120186
"UBQLN2",-18.4824170565916,-9.64515030209236,-8.51599947956827,-11.6999795874614,-9.66340189606415,-9.95423625345046,-10.1639878605363,-8.37156727765378
"UBR1",-11.5022150655203,-9.2978697182362,-10.5266870103712,-11.2979466282833,-21.2402169675996,-20.1438026761301,-20.7921292333406,-9.57753901934997
"UBR4",-21.0821618145608,-10.171795882265,-10.4684939521277,-11.8439016593158,-18.9342280317404,-22.083825684136,-11.2067571269693,-10.7027235514568
"UBXN2A",-9.49411597147816,-9.9949141023445,-10.1629229610983,-10.6168751679498,-21.2602967197018,-10.2511042532298,-11.3749980666096,-10.5724656520958
"UBXN2B",-10.0852534949207,-15.1802655282548,-9.90420957627415,-21.5008763275902,-15.66917291707,-9.60131519862369,-13.5493301426438,-10.3587132886577
"UGCG",-9.64581789257204,-9.63011945385892,-21.7396982184118,-21.6786612772813,-11.9665444873722,-9.24281970022539,-9.28256533937373,-9.18145486208503
"UHMK1",-10.540851822501,-8.66521106744216,-9.88332644280336,-8.98554118935521,-10.2008954047942,-9.8986671457889,-10.2759796583802,-7.99298707260545
"UHRF2",-10.5318801277809,-12.1928878906461,-11.0739114541873,-20.4193403207934,-21.7296692026138,-12.2221399164199,-10.7428990033436,-10.8446708451509
"ULK1",-9.72539973803818,-10.8848051383354,-11.793639048408,-11.3412819616627,-10.0800055590084,-10.0645264131819,-21.6408052476702,-10.0557219226916
"UNC13C",-9.20129446326309,-9.84082134101234,-22.3719525660382,-10.948415848318,-12.3938006269228,-10.8078158177099,-11.1379120007733,-9.67075773795066
"UNC93B1",-19.9725856512313,-21.6148698386812,-22.7271610888343,-12.9874062257272,-13.3804247889142,-10.4469577264025,-10.277109150219,-22.5847053349191
"UPK3BL1",-18.6657137055718,-11.1286492902858,-11.6817751529516,-18.467880688032,-12.1138307664131,-11.0145081921386,-9.97763558982274,-10.5541210132895
"USP11",-9.31431334589454,-9.35052249510288,-9.76575467632524,-11.5719551398255,-9.27050141091218,-8.93793335170033,-9.40600291343447,-8.14918050240367
"USP12",-10.188582307923,-9.74950822489647,-9.69345596242752,-11.3044546143201,-12.4599361239737,-21.8580467485284,-10.5070039442926,-9.75998938393252
"USP14",-11.2964166642931,-9.17254559857923,-9.07738774674699,-12.6753175078755,-9.72313611997125,-9.01544810280815,-10.0720328709853,-8.53037914149361
"USP36",-11.4452370385473,-20.1593952213547,-10.1268457432229,-10.8395550189133,-20.2377116305669,-12.8484434992782,-11.1412794466519,-11.496457031283
"USP4",-18.8744604993615,-9.83884178530915,-12.0220776382089,-10.3204811256806,-10.5530910156188,-19.4695723371996,-9.91817138853346,-10.471186692027
"USP53",-9.31608652848464,-8.55229556606355,-11.5294085341698,-9.99333860016684,-10.8931008986485,-10.050359138768,-11.0821535653993,-11.2645714049129
"USP8",-8.69597444375745,-8.30130708807248,-9.00085147075357,-9.90261936079556,-9.180329492936,-9.14154257683486,-19.2806231469477,-9.11820866826817
"USP9Y",-21.453929962602,-15.6071469291131,-21.8825298472906,-10.5308814563593,-10.05875383063,-9.87177437674027,-10.2308719441201,-10.3082949995902
"UTP23",-11.3733640777607,-21.2045424410735,-11.0131103474175,-11.8615959846108,-11.7743581430127,-15.6718903017295,-10.4287824064548,-11.705092547161
"UXS1",-20.6389007361501,-20.7133500730182,-21.3045065176263,-10.4152742908323,-10.5438184338919,-11.467780124176,-11.3844517987551,-9.9572351014603
"VASH1",-16.5976451097185,-10.8133313422061,-10.28205215738,-20.1149413817867,-10.4716329180684,-9.86744670069376,-9.76119743426978,-14.2717434502943
"VAV3",-21.4803855593808,-20.6649623522321,-23.1071106116008,-12.0537727245484,-10.407881254061,-10.2028105641765,-19.8264634227319,-9.74347760452973
"VCPIP1",-19.7152787992542,-9.48581249138707,-10.7683354385392,-11.5504317715904,-9.2870116209041,-10.0002130517275,-20.9817661985635,-9.35380002197865
"VEGFA",-20.5504472636104,-11.9305462542132,-21.1910614304035,-9.39340206060163,-9.150114804195,-10.1293941463597,-11.2886485364563,-9.97198114703098
"VGF",-11.449764050608,-13.3764121826203,-22.5902642339573,-23.6526722860267,-21.9883493685141,-12.121495958804,-16.4027399683881,-9.93754861730637
"VIM",-6.62432499984111,-10.9013757727282,-10.1412154772691,-9.43373801871047,-9.28476208277697,-9.24076379156453,-8.5866185987007,-21.7023792132482
"VLDLR",-10.3053923198188,-10.7768632749605,-10.273204007269,-11.5426728411431,-11.2534159603037,-10.3501869574317,-11.0524725601572,-10.0967600648921
"VMA21",-9.2515517693673,-17.4900885027032,-11.139145449801,-9.83395411045731,-8.98861409804253,-8.78615721517698,-9.48188968324789,-9.26623706061649
"VPS13A",-10.1089541261528,-9.57667180539926,-19.7516407158755,-13.8520111094157,-10.0952733245666,-10.2612834546468,-9.56146685918791,-10.4191514674542
"VPS51",-9.8998901515929,-10.6067066041137,-9.95457494606233,-11.5714974334407,-10.9518165884482,-11.2712196751162,-21.3616908452141,-9.73500466251705
"VPS54",-21.3728004771936,-20.685832220779,-10.7270757650143,-12.4508083987908,-20.6245257919917,-10.6179177204117,-10.4789581743483,-11.9768321484422
"VPS8",-21.1650417297509,-19.9754642805944,-10.4682208262584,-11.0877663714922,-20.3678163697569,-9.5655383336058,-10.4933317049567,-9.70341794866039
"VSIG4",-9.20144665674062,-10.2041467514537,-21.836817895957,-21.3720440938588,-21.6558695197123,-8.82854642158573,-8.78086207812368,-23.430053899985
"VSNL1",-19.312933876157,-10.1898082107957,-20.7334704966655,-21.7723153371585,-9.49772250778464,-9.45143786614451,-11.1566150043088,-7.3902601742128
"VSTM2B",-20.61027504318,-12.2856115389147,-10.7449236373229,-23.0185387152983,-21.277713533714,-12.4391226823552,-12.5112471276557,-11.5082448337489
"VWC2",-21.7776754950034,-10.1182727838468,-20.9989579227987,-23.0309629247869,-21.4126588438857,-11.4708711670514,-11.6710225761297,-10.5846398574439
"WAPL",-12.068191954657,-12.8615992650989,-10.1567610250186,-11.482105344822,-9.8189362146973,-9.56513896299345,-9.56302337048474,-11.4177026287843
"WASF3",-8.86124599185358,-10.1239241705182,-9.47192154420545,-8.5733789791571,-8.65123631615536,-10.3147740137084,-11.1470409544866,-8.49867647608586
"WDFY3",-8.76197023486429,-9.28858765147866,-8.23735817508174,-10.728537082387,-9.97302950976405,-9.43266854339826,-9.69547699459612,-9.75248895635258
"WDR74",-9.40162680189123,-11.2051822856582,-9.53825630044557,-10.1463422955471,-9.23800999792417,-9.93557276633238,-9.9933556648672,-10.3200039981487
"WHRN",-20.6812567360963,-19.4352216125865,-10.1037859748813,-11.5302700778041,-11.8741556754547,-11.2791049862436,-19.3486485637459,-9.88959515218404
"WIPF3",-9.60371709398397,-17.9224563896135,-19.2169411228834,-21.081426396159,-19.9872516067568,-19.5962191693872,-9.97027284148876,-9.6794331942411
"WLS",-11.6276345361136,-10.8568375381893,-21.5523135568213,-8.56140878047638,-8.69225769518933,-9.60614009663954,-10.4900389359585,-10.5070675566494
"WNT3",-10.0057762575827,-11.4555291825755,-13.7650613817432,-12.5057844313518,-20.855638023004,-20.5462214841324,-22.3797805493459,-10.8720407006499
"WNT5A",-21.0213430202821,-21.0429805517524,-21.4808433004206,-14.2587205357492,-11.4905205770755,-11.0899404554095,-10.7075040195186,-10.6372501036435
"WSB2",-18.0164541370272,-17.7081480623652,-8.81585281993568,-8.60557878548093,-8.32849634135832,-9.79476813496896,-9.74800391177086,-8.35753636106212
"WWC1",-10.0865875110037,-20.3253153390892,-11.214035415228,-10.0873470485798,-9.42459326123584,-11.7174755606759,-9.80845040311489,-10.9892971846795
"WWC3",-10.1073442043058,-10.4209584411598,-10.3433732484451,-10.5994208960539,-9.58065440897105,-20.8983312479644,-12.6787353489496,-13.306282806659
"WWOX",-21.5885346359897,-21.1577862923632,-11.1129082460811,-10.4742807989587,-11.1337107424707,-22.7466403419025,-13.5106936031309,-11.4589994904302
"XAF1",-9.124040743709,-20.7347601070643,-11.1710875885442,-22.1735057453976,-11.0268333556242,-12.7704828411252,-10.1273238995019,-24.0159800656258
"XBP1",-8.79768284855293,-9.62021927646222,-10.0658759322002,-10.9838806418639,-21.0083905304421,-12.3711878151158,-18.6950846146029,-9.79452311016617
"YAP1",-9.31615505432537,-10.4749785977646,-22.2865693810827,-9.57237526897967,-10.4526487626063,-20.6970043578758,-19.6231009254414,-10.9629019561345
"YBX3",-8.51621875551082,-20.7570417438671,-10.2915402750647,-11.4687861171869,-9.95833221341821,-9.02112109211016,-8.97359244970551,-12.7131293367151
"YES1",-9.28674122328489,-9.45155272547313,-10.3726787461839,-9.76794280763261,-10.7232703305551,-10.3015455623517,-9.73140439976398,-12.1662458227562
"YLPM1",-8.9688279992933,-8.57794630053213,-10.1458063049035,-10.5189556205874,-9.06974763365007,-10.4524199099727,-9.73866107822863,-10.1228109827543
"YWHAH",-7.88962259419697,-8.61500503782233,-19.4600495921779,-8.96932223623804,-9.67901105923823,-7.89116311769684,-8.51781599422559,-7.25638963423624
"ZBED11",-9.39058663701311,-19.3286272940261,-9.59988296500419,-8.83236555200013,-9.76018530136401,-8.957968678885,-10.1465571548149,-9.86628338809807
"ZBTB10",-19.4461061139859,-9.86308078302943,-10.7367697815028,-10.7268629242367,-9.81617443145312,-9.82172068600572,-10.8596866768994,-21.6177976792818
"ZBTB16",-8.60108874008973,-18.9591768349632,-8.24728679481125,-8.83279593793234,-8.73452842253099,-9.6166572653794,-10.507948415411,-10.8007773941421
"ZBTB18",-9.94848311708307,-20.363165022628,-20.5798386694635,-9.90634212989851,-9.64741282424176,-10.2910650183289,-20.1467011511844,-10.9877792904867
"ZBTB20",-8.54032265298413,-10.8389020170567,-8.48033527173371,-8.27753919145424,-8.28292163402969,-8.59670984134422,-8.56415076781,-12.6390142140588
"ZBTB21",-10.7528078939915,-20.8558822290384,-11.1051610124688,-10.9607331145024,-9.54414492623495,-19.6717505733885,-13.0234347459651,-12.0210927814165
"ZBTB25",-11.154053592071,-11.6035728265903,-11.5506817980618,-21.4604848520374,-11.3869685361112,-11.127342769049,-11.9701753929031,-10.6566879649934
"ZBTB34",-11.0179438689599,-20.8675517579214,-12.2200589018199,-10.2560688049058,-11.7759948060268,-20.6425376651326,-12.3810642411345,-12.1951227278605
"ZBTB37",-12.095811986605,-18.5073559802772,-11.9728757844636,-10.4990615401143,-11.145132252415,-9.91245738939558,-20.3839298310537,-12.9130686548896
"ZBTB38",-8.31053385655737,-18.0297304573706,-8.4702416059094,-9.38927977708522,-10.1393277963515,-10.2078397848991,-9.58441486568931,-9.35493689220941
"ZC3H12C",-10.2873023383893,-9.43360529099982,-10.6103376317045,-10.2166655229116,-10.1809795417793,-21.2490544711827,-13.4302219853316,-11.3131445534956
"ZC3H6",-9.25838455567337,-9.20120011900742,-10.2656876366976,-8.98376842835747,-8.75522834358546,-9.16085447569984,-11.0620730620141,-10.9601056538455
"ZCCHC2",-9.84341664694672,-20.961897280604,-9.97156597534692,-21.1120420514985,-10.2362631487083,-10.651862004623,-10.7645502071115,-10.9213992823804
"ZCCHC7",-20.1904019956046,-9.6463093428748,-11.6642145100503,-13.4443658465607,-22.2883953194044,-20.0545487150306,-10.8650401418745,-11.5898450677485
"ZDBF2",-21.4042307517267,-11.1141307485201,-22.0002247427349,-12.1956964544169,-20.7243857697612,-21.1250334196896,-10.2672367580122,-9.85429821147523
"ZDHHC2",-10.076758517245,-8.91737491403504,-9.39175818675128,-10.7304565844811,-9.8982273219392,-10.6083210875606,-9.72623330796417,-10.1446994708742
"ZEB1",-8.75239032695186,-12.6169719602663,-19.2982049692054,-9.31234843917493,-10.0202803025009,-9.10428226137685,-9.17576618409909,-9.38748195700251
"ZFAND2A",-10.2036438291351,-20.8887589150138,-10.2653972646049,-13.0705108568407,-10.4885155570328,-10.3515866081681,-10.5496117402398,-10.2269054323528
"ZFC3H1",-18.833720134649,-20.6298405434796,-10.183089217849,-9.80622239325042,-19.0302786814016,-9.47693372222527,-11.6122876774445,-11.6108470473413
"ZFHX3",-9.85659766666679,-20.7831248508614,-21.270435231258,-9.86370955819232,-11.1252920455079,-9.04675879862407,-8.67515440114469,-9.42508232378962
"ZFP36",-8.46849308803752,-21.1919376582282,-13.1393409416379,-12.0074346020745,-9.74125478111745,-9.32992054634837,-8.49401331396975,-12.6842948817162
"ZFP90",-10.0644521220109,-20.0501443693789,-10.5293742366245,-10.637552240077,-10.6175324150024,-9.8416917917904,-21.133970929419,-11.9146576790081
"ZFPM2",-21.2571049864525,-9.71771610064106,-12.1407231821012,-12.7445035551245,-10.8379650393516,-11.4266875295675,-12.1434619458034,-10.4488827398723
"ZFR",-8.34124746504666,-18.4167640876981,-8.08435406600967,-8.75972578613323,-9.09011289898533,-9.33093648873414,-10.6616174918689,-8.75089709868407
"ZFYVE16",-10.2585105394763,-9.39436676678431,-10.5276518169369,-10.2594935785158,-11.1379772758537,-10.345182733491,-10.1880955287454,-10.7273984159442
"ZFYVE9",-18.1558038911034,-19.7132450384244,-10.3164184899943,-11.7200282743218,-10.304007267985,-21.6321210338734,-21.9464465777525,-10.3874952034457
"ZHX2",-10.282395461111,-9.98683991982765,-11.6674795174308,-10.8273178747359,-21.4352195174407,-20.7433672493766,-10.0685027930538,-23.3573415119809
"ZIC1",-8.95565162499621,-10.2777261162633,-12.6409614112502,-11.3922451882131,-12.7066573320504,-22.3204924992374,-22.0836586711807,-13.5530663291732
"ZMAT3",-9.20635200468622,-7.81470298196174,-9.90926361297692,-8.50673581783176,-8.43581986246083,-8.63951613460315,-9.14328539967837,-8.54991544835791
"ZNF10",-20.296261779748,-10.4987489533867,-10.591429045509,-13.7548726609829,-10.5226459532646,-11.3283126964638,-20.764787766583,-12.3683214924962
"ZNF160",-11.3356889160436,-10.5730723273728,-10.668936029573,-11.1105019594846,-10.8555467669426,-10.3506142916851,-11.0820321330019,-12.9587691903378
"ZNF208",-19.1368774257441,-20.253388990894,-21.3850946293859,-11.5048217079536,-12.461661562535,-10.4458669027366,-10.2953780331949,-12.0081611308564
"ZNF281",-10.2927603777297,-10.9777788662953,-9.12085530441743,-9.79022086883228,-9.43104482279056,-10.8085602072933,-21.112013455964,-10.7714168690339
"ZNF292",-20.5277166082903,-8.30468330571143,-9.00925616414861,-9.82699310390298,-9.3694553697666,-8.73633479943532,-10.2359271044186,-10.411609664234
"ZNF316",-20.175909173396,-17.4642881063582,-12.1692081505967,-10.31187017371,-9.57705091525965,-10.7554422980511,-9.88584725011628,-12.0475181073749
"ZNF331",-18.7047401920413,-8.91349619773725,-10.8273998663057,-10.5272699349811,-20.9547832459786,-9.73234698470897,-10.6984396052697,-10.1806724456459
"ZNF358",-9.61217739164186,-8.51606209202315,-8.98148397083965,-10.0141105526735,-10.665087160055,-9.71603022823453,-10.6747443032622,-10.5110780711743
"ZNF365",-10.1218884428323,-17.5424389757705,-9.78118544630233,-12.0777957468625,-19.9916608394113,-9.65741569960582,-19.2471666548862,-10.1093285592536
"ZNF383",-19.3202472138632,-20.0486650996144,-10.9807993477028,-11.6570654646558,-12.4932549165459,-10.6499226776662,-10.5063733555381,-10.6552812456337
"ZNF384",-10.9814696489113,-8.74363741267737,-10.9278310722641,-11.9802622267991,-10.8593112698564,-11.6593558004627,-10.9192511279292,-11.0477757705976
"ZNF385D",-19.0711729117139,-9.85223227406933,-21.6376807992592,-11.4735405811639,-9.60679264790289,-9.9102590100355,-21.1621713895146,-8.00139453589953
"ZNF395",-10.3773035465003,-20.6488533819534,-9.90163775832724,-10.4522645958751,-10.7037723400762,-11.3851975406193,-10.9048710606018,-22.5592675170873
"ZNF429",-10.5366781005398,-20.8465860114282,-10.6642914878704,-14.3305752307606,-12.0368638955561,-20.2283956580873,-10.7494548370748,-11.1336073003678
"ZNF451",-9.95991573285985,-9.06120741704178,-9.3253342116431,-10.6562489968615,-9.66404229554637,-9.63199561825317,-16.4681010983129,-10.0661773597774
"ZNF483",-19.5509772339535,-7.52651488958185,-8.7996355895702,-11.2876981732603,-9.02326031549629,-9.17797922491102,-9.85549666974691,-7.96679045769111
"ZNF493",-10.5607307595466,-11.3200139563765,-13.5761116755416,-11.1891320881563,-10.2134562331683,-9.83086348671683,-10.9001020624321,-22.0460173846892
"ZNF506",-9.40881408417329,-20.4586218823011,-10.9031024542234,-11.3239254811426,-10.4877509954702,-19.5757398932533,-20.4589176426667,-10.7580258034439
"ZNF507",-20.4678491854685,-20.0297642866005,-10.3218946845803,-10.5500119451839,-10.8411520029305,-18.0497389273316,-12.7869296327723,-11.4329534114721
"ZNF516",-12.4128136256226,-10.386625000456,-21.8120849817133,-11.2386131205818,-11.6760618328564,-11.6802481642615,-11.3353776461998,-10.8629251069212
"ZNF529",-9.05399283333992,-20.4912946229522,-19.7340084416864,-10.2692474049291,-10.1328938454681,-21.3077825012615,-11.40176851758,-10.4378616273242
"ZNF540",-19.4137067902895,-11.6814853995079,-11.6008097710136,-11.7105190170582,-22.0988159396175,-14.1333070973055,-20.9616375550603,-10.9816157104603
"ZNF582-DT",-11.9670071515751,-9.93372985991319,-11.2432855366892,-19.2714903039879,-20.126989258577,-10.5052995640273,-11.4531154902573,-11.1915711696427
"ZNF618",-20.9882461915156,-21.1572586462555,-11.1879726277647,-22.2586757601947,-10.8827661154159,-10.6523906909249,-10.9698218118997,-11.4664768167841
"ZNF638",-9.5832304257896,-8.63404727206171,-9.00236936517104,-9.28738479569512,-11.3622573201277,-10.0106367473223,-9.15308390566176,-9.98177162894743
"ZNF675",-12.3876706607992,-16.4311018872135,-11.5861491062774,-13.6220265329086,-22.6590081855617,-21.0056597850292,-21.6078081271955,-12.797512400977
"ZNF708",-10.8397741250728,-9.24086074384861,-9.17344000483055,-22.2645674785242,-12.3101186486661,-10.1902441579664,-10.3975450487279,-22.0073090641996
"ZNF721",-9.26633372607285,-19.8521542300748,-10.0932645465867,-12.8072703485499,-19.6642166095434,-11.8195042220406,-10.3064507616535,-10.3574034022662
"ZNF727",-10.6849509550376,-21.5811950768442,-22.3980411656026,-10.5242742265462,-10.3191712559701,-21.346662261757,-21.7605449779723,-12.0445945877674
"ZNF766",-19.55492691352,-10.1265914548473,-10.4606223701168,-12.0385616001495,-10.8592850955314,-10.7835195988291,-13.6535084352353,-13.316015006064
"ZNF770",-8.94131044620607,-9.69814331487031,-10.9146628164048,-9.90324052595037,-9.48212101457947,-11.7219894577716,-10.3999824701539,-10.1755198868501
"ZNF821",-19.5465464159966,-19.8870535651273,-10.8397418661451,-21.1390939078285,-11.6319822166978,-11.0730534617166,-10.5406375064723,-11.2657583917197
"ZNF830",-21.6365712267538,-9.6525186737636,-10.0864559498506,-16.5098980814164,-22.1189831731166,-11.0668843220695,-11.2542461152803,-11.7813644581994
"ZNF91",-19.5342080560127,-16.0350150049499,-10.3779044478951,-9.62575187825105,-9.31291055501825,-10.3193412594473,-9.15399642305789,-9.57482903822283
"ZNRF2",-19.5567665886364,-20.6446693902992,-10.8640766320789,-11.6980862605317,-20.6971894776909,-11.0602004656883,-10.8384358747062,-11.4130206410491
"ZRANB2",-8.94513833667115,-9.74253790736365,-9.17543198085856,-10.4262224992448,-9.41003698292303,-9.4838113249481,-10.646101375347,-9.25864636464307
"ZSCAN16-AS1",-9.23335284108586,-9.47037939795346,-9.82769052096015,-9.14340191757068,-9.56470714198345,-10.1434244697551,-9.76324435788027,-13.7038443985246
"ZSCAN18",-8.815096274761,-10.6100709043372,-8.81043219272559,-10.4906415903489,-10.1104648856681,-8.9448178421796,-20.722627129753,-8.75210934795162
